// Validating benchmarks:
// ***** BenchmarkRunner: Start   *****
// ***** Found 99 benchmark(s) in total *****
// ***** Building 1 exe(s) in Parallel: Start   *****
// start dotnet  restore --nodeReuse:false /p:UseSharedCompilation=false /p:Deterministic=true /p:Optimize=true /p:ArtifactsPath="/home/paff/Projects/WinForward/benchmarks/WinForward.Benchmarks/bin/Release/net10.0/WinForward.Benchmarks-ShortRun-1/" /p:OutDir="/home/paff/Projects/WinForward/benchmarks/WinForward.Benchmarks/bin/Release/net10.0/WinForward.Benchmarks-ShortRun-1/bin/Release/net10.0/" /p:OutputPath="/home/paff/Projects/WinForward/benchmarks/WinForward.Benchmarks/bin/Release/net10.0/WinForward.Benchmarks-ShortRun-1/bin/Release/net10.0/" /p:PublishDir="/home/paff/Projects/WinForward/benchmarks/WinForward.Benchmarks/bin/Release/net10.0/WinForward.Benchmarks-ShortRun-1/publish/" in /home/paff/Projects/WinForward/benchmarks/WinForward.Benchmarks/bin/Release/net10.0/WinForward.Benchmarks-ShortRun-1
// command took 3.13 sec and exited with 0
// start dotnet  build -c Release --no-restore --nodeReuse:false /p:UseSharedCompilation=false /p:Deterministic=true /p:Optimize=true /p:ArtifactsPath="/home/paff/Projects/WinForward/benchmarks/WinForward.Benchmarks/bin/Release/net10.0/WinForward.Benchmarks-ShortRun-1/" /p:OutDir="/home/paff/Projects/WinForward/benchmarks/WinForward.Benchmarks/bin/Release/net10.0/WinForward.Benchmarks-ShortRun-1/bin/Release/net10.0/" /p:OutputPath="/home/paff/Projects/WinForward/benchmarks/WinForward.Benchmarks/bin/Release/net10.0/WinForward.Benchmarks-ShortRun-1/bin/Release/net10.0/" /p:PublishDir="/home/paff/Projects/WinForward/benchmarks/WinForward.Benchmarks/bin/Release/net10.0/WinForward.Benchmarks-ShortRun-1/publish/" --output "/home/paff/Projects/WinForward/benchmarks/WinForward.Benchmarks/bin/Release/net10.0/WinForward.Benchmarks-ShortRun-1/bin/Release/net10.0/" in /home/paff/Projects/WinForward/benchmarks/WinForward.Benchmarks/bin/Release/net10.0/WinForward.Benchmarks-ShortRun-1
// command took 35.59 sec and exited with 0
// ***** Done, took 00:00:38 (38.92 sec)   *****
// Found 99 benchmarks:
//   SessionSetupDecompositionBenchmarks.StageS0_CoordinatorOnly: ShortRun(InvocationCount=1, IterationCount=3, LaunchCount=1, UnrollFactor=1, WarmupCount=3) [Sessions=1]
//   SessionSetupDecompositionBenchmarks.StageS1_AdmissionOnlyAsync: ShortRun(InvocationCount=1, IterationCount=3, LaunchCount=1, UnrollFactor=1, WarmupCount=3) [Sessions=1]
//   SessionSetupDecompositionBenchmarks.StageS2_SetupStartedAsync: ShortRun(InvocationCount=1, IterationCount=3, LaunchCount=1, UnrollFactor=1, WarmupCount=3) [Sessions=1]
//   SessionSetupDecompositionBenchmarks.StageS3_PipelineNoPayloadAsync: ShortRun(InvocationCount=1, IterationCount=3, LaunchCount=1, UnrollFactor=1, WarmupCount=3) [Sessions=1]
//   SessionSetupDecompositionBenchmarks.StageS4_ReadinessTeardownOutsideAsync: ShortRun(InvocationCount=1, IterationCount=3, LaunchCount=1, UnrollFactor=1, WarmupCount=3) [Sessions=1]
//   SessionSetupDecompositionBenchmarks.StageS5_ReadinessTeardownInsideAsync: ShortRun(InvocationCount=1, IterationCount=3, LaunchCount=1, UnrollFactor=1, WarmupCount=3) [Sessions=1]
//   SessionSetupDecompositionBenchmarks.StageT1_SessionTeardownInsideAsync: ShortRun(InvocationCount=1, IterationCount=3, LaunchCount=1, UnrollFactor=1, WarmupCount=3) [Sessions=1]
//   SessionSetupDecompositionBenchmarks.StageT3_ExpiryRetireInsideAsync: ShortRun(InvocationCount=1, IterationCount=3, LaunchCount=1, UnrollFactor=1, WarmupCount=3) [Sessions=1]
//   SessionSetupDecompositionBenchmarks.StageT5_NonThrowingParkTeardownAsync: ShortRun(InvocationCount=1, IterationCount=3, LaunchCount=1, UnrollFactor=1, WarmupCount=3) [Sessions=1]
//   SessionSetupDecompositionBenchmarks.BaselineF_FakeTransportCreationAsync: ShortRun(InvocationCount=1, IterationCount=3, LaunchCount=1, UnrollFactor=1, WarmupCount=3) [Sessions=1]
//   SessionSetupDecompositionBenchmarks.BaselineH_FlowKeyConstruction: ShortRun(InvocationCount=1, IterationCount=3, LaunchCount=1, UnrollFactor=1, WarmupCount=3) [Sessions=1]
//   SessionSetupDecompositionBenchmarks.ComponentC1_AssociationClaimRelease: ShortRun(InvocationCount=1, IterationCount=3, LaunchCount=1, UnrollFactor=1, WarmupCount=3) [Sessions=1]
//   SessionSetupDecompositionBenchmarks.ComponentC2_SessionConstructStartAsync: ShortRun(InvocationCount=1, IterationCount=3, LaunchCount=1, UnrollFactor=1, WarmupCount=3) [Sessions=1]
//   SessionSetupDecompositionBenchmarks.ComponentC2a1_ContextRecordStaticLambda: ShortRun(InvocationCount=1, IterationCount=3, LaunchCount=1, UnrollFactor=1, WarmupCount=3) [Sessions=1]
//   SessionSetupDecompositionBenchmarks.ComponentC2a2_ContextRecordMethodGroup: ShortRun(InvocationCount=1, IterationCount=3, LaunchCount=1, UnrollFactor=1, WarmupCount=3) [Sessions=1]
//   SessionSetupDecompositionBenchmarks.ComponentC2b_SessionConstructOnly: ShortRun(InvocationCount=1, IterationCount=3, LaunchCount=1, UnrollFactor=1, WarmupCount=3) [Sessions=1]
//   SessionSetupDecompositionBenchmarks.ComponentC2c1_ScopeConstructLinked: ShortRun(InvocationCount=1, IterationCount=3, LaunchCount=1, UnrollFactor=1, WarmupCount=3) [Sessions=1]
//   SessionSetupDecompositionBenchmarks.ComponentC2c2_ScopeConstructUnlinked: ShortRun(InvocationCount=1, IterationCount=3, LaunchCount=1, UnrollFactor=1, WarmupCount=3) [Sessions=1]
//   SessionSetupDecompositionBenchmarks.ComponentC2e_LockConstruction: ShortRun(InvocationCount=1, IterationCount=3, LaunchCount=1, UnrollFactor=1, WarmupCount=3) [Sessions=1]
//   SessionSetupDecompositionBenchmarks.ComponentC2e_TaskCompletionSourceConstruction: ShortRun(InvocationCount=1, IterationCount=3, LaunchCount=1, UnrollFactor=1, WarmupCount=3) [Sessions=1]
//   SessionSetupDecompositionBenchmarks.ComponentC2e_LinkedTokenSourceConstruction: ShortRun(InvocationCount=1, IterationCount=3, LaunchCount=1, UnrollFactor=1, WarmupCount=3) [Sessions=1]
//   SessionSetupDecompositionBenchmarks.ComponentE1_CanceledDelayAwaitAsync: ShortRun(InvocationCount=1, IterationCount=3, LaunchCount=1, UnrollFactor=1, WarmupCount=3) [Sessions=1]
//   SessionSetupDecompositionBenchmarks.ComponentE2_SetupExecutorDisposeAsync: ShortRun(InvocationCount=1, IterationCount=3, LaunchCount=1, UnrollFactor=1, WarmupCount=3) [Sessions=1]
//   SessionSetupDecompositionBenchmarks.ComponentA1_AssociationTablePreSeed: ShortRun(InvocationCount=1, IterationCount=3, LaunchCount=1, UnrollFactor=1, WarmupCount=3) [Sessions=1]
//   SessionSetupDecompositionBenchmarks.ComponentA2_SessionDictionaryPreSeed: ShortRun(InvocationCount=1, IterationCount=3, LaunchCount=1, UnrollFactor=1, WarmupCount=3) [Sessions=1]
//   SessionSetupDecompositionBenchmarks.ComponentA3_CooldownTableConstruction: ShortRun(InvocationCount=1, IterationCount=3, LaunchCount=1, UnrollFactor=1, WarmupCount=3) [Sessions=1]
//   SessionSetupDecompositionBenchmarks.ComponentA4_SlotAndQueueObjects: ShortRun(InvocationCount=1, IterationCount=3, LaunchCount=1, UnrollFactor=1, WarmupCount=3) [Sessions=1]
//   SessionSetupDecompositionBenchmarks.ComponentA5_CompletionCell: ShortRun(InvocationCount=1, IterationCount=3, LaunchCount=1, UnrollFactor=1, WarmupCount=3) [Sessions=1]
//   SessionSetupDecompositionBenchmarks.ComponentA6_ColdRent: ShortRun(InvocationCount=1, IterationCount=3, LaunchCount=1, UnrollFactor=1, WarmupCount=3) [Sessions=1]
//   SessionSetupDecompositionBenchmarks.ComponentA7_EnqueueCycle: ShortRun(InvocationCount=1, IterationCount=3, LaunchCount=1, UnrollFactor=1, WarmupCount=3) [Sessions=1]
//   SessionSetupDecompositionBenchmarks.ComponentA8_WarmRentAdmissionAsync: ShortRun(InvocationCount=1, IterationCount=3, LaunchCount=1, UnrollFactor=1, WarmupCount=3) [Sessions=1]
//   SessionSetupDecompositionBenchmarks.ComponentA9a_DictionaryGrowthSpansResize: ShortRun(InvocationCount=1, IterationCount=3, LaunchCount=1, UnrollFactor=1, WarmupCount=3) [Sessions=1]
//   SessionSetupDecompositionBenchmarks.ComponentA9b_DictionaryGrowthNoResize: ShortRun(InvocationCount=1, IterationCount=3, LaunchCount=1, UnrollFactor=1, WarmupCount=3) [Sessions=1]
//   SessionSetupDecompositionBenchmarks.StageS0_CoordinatorOnly: ShortRun(InvocationCount=1, IterationCount=3, LaunchCount=1, UnrollFactor=1, WarmupCount=3) [Sessions=100]
//   SessionSetupDecompositionBenchmarks.StageS1_AdmissionOnlyAsync: ShortRun(InvocationCount=1, IterationCount=3, LaunchCount=1, UnrollFactor=1, WarmupCount=3) [Sessions=100]
//   SessionSetupDecompositionBenchmarks.StageS2_SetupStartedAsync: ShortRun(InvocationCount=1, IterationCount=3, LaunchCount=1, UnrollFactor=1, WarmupCount=3) [Sessions=100]
//   SessionSetupDecompositionBenchmarks.StageS3_PipelineNoPayloadAsync: ShortRun(InvocationCount=1, IterationCount=3, LaunchCount=1, UnrollFactor=1, WarmupCount=3) [Sessions=100]
//   SessionSetupDecompositionBenchmarks.StageS4_ReadinessTeardownOutsideAsync: ShortRun(InvocationCount=1, IterationCount=3, LaunchCount=1, UnrollFactor=1, WarmupCount=3) [Sessions=100]
//   SessionSetupDecompositionBenchmarks.StageS5_ReadinessTeardownInsideAsync: ShortRun(InvocationCount=1, IterationCount=3, LaunchCount=1, UnrollFactor=1, WarmupCount=3) [Sessions=100]
//   SessionSetupDecompositionBenchmarks.StageT1_SessionTeardownInsideAsync: ShortRun(InvocationCount=1, IterationCount=3, LaunchCount=1, UnrollFactor=1, WarmupCount=3) [Sessions=100]
//   SessionSetupDecompositionBenchmarks.StageT3_ExpiryRetireInsideAsync: ShortRun(InvocationCount=1, IterationCount=3, LaunchCount=1, UnrollFactor=1, WarmupCount=3) [Sessions=100]
//   SessionSetupDecompositionBenchmarks.StageT5_NonThrowingParkTeardownAsync: ShortRun(InvocationCount=1, IterationCount=3, LaunchCount=1, UnrollFactor=1, WarmupCount=3) [Sessions=100]
//   SessionSetupDecompositionBenchmarks.BaselineF_FakeTransportCreationAsync: ShortRun(InvocationCount=1, IterationCount=3, LaunchCount=1, UnrollFactor=1, WarmupCount=3) [Sessions=100]
//   SessionSetupDecompositionBenchmarks.BaselineH_FlowKeyConstruction: ShortRun(InvocationCount=1, IterationCount=3, LaunchCount=1, UnrollFactor=1, WarmupCount=3) [Sessions=100]
//   SessionSetupDecompositionBenchmarks.ComponentC1_AssociationClaimRelease: ShortRun(InvocationCount=1, IterationCount=3, LaunchCount=1, UnrollFactor=1, WarmupCount=3) [Sessions=100]
//   SessionSetupDecompositionBenchmarks.ComponentC2_SessionConstructStartAsync: ShortRun(InvocationCount=1, IterationCount=3, LaunchCount=1, UnrollFactor=1, WarmupCount=3) [Sessions=100]
//   SessionSetupDecompositionBenchmarks.ComponentC2a1_ContextRecordStaticLambda: ShortRun(InvocationCount=1, IterationCount=3, LaunchCount=1, UnrollFactor=1, WarmupCount=3) [Sessions=100]
//   SessionSetupDecompositionBenchmarks.ComponentC2a2_ContextRecordMethodGroup: ShortRun(InvocationCount=1, IterationCount=3, LaunchCount=1, UnrollFactor=1, WarmupCount=3) [Sessions=100]
//   SessionSetupDecompositionBenchmarks.ComponentC2b_SessionConstructOnly: ShortRun(InvocationCount=1, IterationCount=3, LaunchCount=1, UnrollFactor=1, WarmupCount=3) [Sessions=100]
//   SessionSetupDecompositionBenchmarks.ComponentC2c1_ScopeConstructLinked: ShortRun(InvocationCount=1, IterationCount=3, LaunchCount=1, UnrollFactor=1, WarmupCount=3) [Sessions=100]
//   SessionSetupDecompositionBenchmarks.ComponentC2c2_ScopeConstructUnlinked: ShortRun(InvocationCount=1, IterationCount=3, LaunchCount=1, UnrollFactor=1, WarmupCount=3) [Sessions=100]
//   SessionSetupDecompositionBenchmarks.ComponentC2e_LockConstruction: ShortRun(InvocationCount=1, IterationCount=3, LaunchCount=1, UnrollFactor=1, WarmupCount=3) [Sessions=100]
//   SessionSetupDecompositionBenchmarks.ComponentC2e_TaskCompletionSourceConstruction: ShortRun(InvocationCount=1, IterationCount=3, LaunchCount=1, UnrollFactor=1, WarmupCount=3) [Sessions=100]
//   SessionSetupDecompositionBenchmarks.ComponentC2e_LinkedTokenSourceConstruction: ShortRun(InvocationCount=1, IterationCount=3, LaunchCount=1, UnrollFactor=1, WarmupCount=3) [Sessions=100]
//   SessionSetupDecompositionBenchmarks.ComponentE1_CanceledDelayAwaitAsync: ShortRun(InvocationCount=1, IterationCount=3, LaunchCount=1, UnrollFactor=1, WarmupCount=3) [Sessions=100]
//   SessionSetupDecompositionBenchmarks.ComponentE2_SetupExecutorDisposeAsync: ShortRun(InvocationCount=1, IterationCount=3, LaunchCount=1, UnrollFactor=1, WarmupCount=3) [Sessions=100]
//   SessionSetupDecompositionBenchmarks.ComponentA1_AssociationTablePreSeed: ShortRun(InvocationCount=1, IterationCount=3, LaunchCount=1, UnrollFactor=1, WarmupCount=3) [Sessions=100]
//   SessionSetupDecompositionBenchmarks.ComponentA2_SessionDictionaryPreSeed: ShortRun(InvocationCount=1, IterationCount=3, LaunchCount=1, UnrollFactor=1, WarmupCount=3) [Sessions=100]
//   SessionSetupDecompositionBenchmarks.ComponentA3_CooldownTableConstruction: ShortRun(InvocationCount=1, IterationCount=3, LaunchCount=1, UnrollFactor=1, WarmupCount=3) [Sessions=100]
//   SessionSetupDecompositionBenchmarks.ComponentA4_SlotAndQueueObjects: ShortRun(InvocationCount=1, IterationCount=3, LaunchCount=1, UnrollFactor=1, WarmupCount=3) [Sessions=100]
//   SessionSetupDecompositionBenchmarks.ComponentA5_CompletionCell: ShortRun(InvocationCount=1, IterationCount=3, LaunchCount=1, UnrollFactor=1, WarmupCount=3) [Sessions=100]
//   SessionSetupDecompositionBenchmarks.ComponentA6_ColdRent: ShortRun(InvocationCount=1, IterationCount=3, LaunchCount=1, UnrollFactor=1, WarmupCount=3) [Sessions=100]
//   SessionSetupDecompositionBenchmarks.ComponentA7_EnqueueCycle: ShortRun(InvocationCount=1, IterationCount=3, LaunchCount=1, UnrollFactor=1, WarmupCount=3) [Sessions=100]
//   SessionSetupDecompositionBenchmarks.ComponentA8_WarmRentAdmissionAsync: ShortRun(InvocationCount=1, IterationCount=3, LaunchCount=1, UnrollFactor=1, WarmupCount=3) [Sessions=100]
//   SessionSetupDecompositionBenchmarks.ComponentA9a_DictionaryGrowthSpansResize: ShortRun(InvocationCount=1, IterationCount=3, LaunchCount=1, UnrollFactor=1, WarmupCount=3) [Sessions=100]
//   SessionSetupDecompositionBenchmarks.ComponentA9b_DictionaryGrowthNoResize: ShortRun(InvocationCount=1, IterationCount=3, LaunchCount=1, UnrollFactor=1, WarmupCount=3) [Sessions=100]
//   SessionSetupDecompositionBenchmarks.StageS0_CoordinatorOnly: ShortRun(InvocationCount=1, IterationCount=3, LaunchCount=1, UnrollFactor=1, WarmupCount=3) [Sessions=1000]
//   SessionSetupDecompositionBenchmarks.StageS1_AdmissionOnlyAsync: ShortRun(InvocationCount=1, IterationCount=3, LaunchCount=1, UnrollFactor=1, WarmupCount=3) [Sessions=1000]
//   SessionSetupDecompositionBenchmarks.StageS2_SetupStartedAsync: ShortRun(InvocationCount=1, IterationCount=3, LaunchCount=1, UnrollFactor=1, WarmupCount=3) [Sessions=1000]
//   SessionSetupDecompositionBenchmarks.StageS3_PipelineNoPayloadAsync: ShortRun(InvocationCount=1, IterationCount=3, LaunchCount=1, UnrollFactor=1, WarmupCount=3) [Sessions=1000]
//   SessionSetupDecompositionBenchmarks.StageS4_ReadinessTeardownOutsideAsync: ShortRun(InvocationCount=1, IterationCount=3, LaunchCount=1, UnrollFactor=1, WarmupCount=3) [Sessions=1000]
//   SessionSetupDecompositionBenchmarks.StageS5_ReadinessTeardownInsideAsync: ShortRun(InvocationCount=1, IterationCount=3, LaunchCount=1, UnrollFactor=1, WarmupCount=3) [Sessions=1000]
//   SessionSetupDecompositionBenchmarks.StageT1_SessionTeardownInsideAsync: ShortRun(InvocationCount=1, IterationCount=3, LaunchCount=1, UnrollFactor=1, WarmupCount=3) [Sessions=1000]
//   SessionSetupDecompositionBenchmarks.StageT3_ExpiryRetireInsideAsync: ShortRun(InvocationCount=1, IterationCount=3, LaunchCount=1, UnrollFactor=1, WarmupCount=3) [Sessions=1000]
//   SessionSetupDecompositionBenchmarks.StageT5_NonThrowingParkTeardownAsync: ShortRun(InvocationCount=1, IterationCount=3, LaunchCount=1, UnrollFactor=1, WarmupCount=3) [Sessions=1000]
//   SessionSetupDecompositionBenchmarks.BaselineF_FakeTransportCreationAsync: ShortRun(InvocationCount=1, IterationCount=3, LaunchCount=1, UnrollFactor=1, WarmupCount=3) [Sessions=1000]
//   SessionSetupDecompositionBenchmarks.BaselineH_FlowKeyConstruction: ShortRun(InvocationCount=1, IterationCount=3, LaunchCount=1, UnrollFactor=1, WarmupCount=3) [Sessions=1000]
//   SessionSetupDecompositionBenchmarks.ComponentC1_AssociationClaimRelease: ShortRun(InvocationCount=1, IterationCount=3, LaunchCount=1, UnrollFactor=1, WarmupCount=3) [Sessions=1000]
//   SessionSetupDecompositionBenchmarks.ComponentC2_SessionConstructStartAsync: ShortRun(InvocationCount=1, IterationCount=3, LaunchCount=1, UnrollFactor=1, WarmupCount=3) [Sessions=1000]
//   SessionSetupDecompositionBenchmarks.ComponentC2a1_ContextRecordStaticLambda: ShortRun(InvocationCount=1, IterationCount=3, LaunchCount=1, UnrollFactor=1, WarmupCount=3) [Sessions=1000]
//   SessionSetupDecompositionBenchmarks.ComponentC2a2_ContextRecordMethodGroup: ShortRun(InvocationCount=1, IterationCount=3, LaunchCount=1, UnrollFactor=1, WarmupCount=3) [Sessions=1000]
//   SessionSetupDecompositionBenchmarks.ComponentC2b_SessionConstructOnly: ShortRun(InvocationCount=1, IterationCount=3, LaunchCount=1, UnrollFactor=1, WarmupCount=3) [Sessions=1000]
//   SessionSetupDecompositionBenchmarks.ComponentC2c1_ScopeConstructLinked: ShortRun(InvocationCount=1, IterationCount=3, LaunchCount=1, UnrollFactor=1, WarmupCount=3) [Sessions=1000]
//   SessionSetupDecompositionBenchmarks.ComponentC2c2_ScopeConstructUnlinked: ShortRun(InvocationCount=1, IterationCount=3, LaunchCount=1, UnrollFactor=1, WarmupCount=3) [Sessions=1000]
//   SessionSetupDecompositionBenchmarks.ComponentC2e_LockConstruction: ShortRun(InvocationCount=1, IterationCount=3, LaunchCount=1, UnrollFactor=1, WarmupCount=3) [Sessions=1000]
//   SessionSetupDecompositionBenchmarks.ComponentC2e_TaskCompletionSourceConstruction: ShortRun(InvocationCount=1, IterationCount=3, LaunchCount=1, UnrollFactor=1, WarmupCount=3) [Sessions=1000]
//   SessionSetupDecompositionBenchmarks.ComponentC2e_LinkedTokenSourceConstruction: ShortRun(InvocationCount=1, IterationCount=3, LaunchCount=1, UnrollFactor=1, WarmupCount=3) [Sessions=1000]
//   SessionSetupDecompositionBenchmarks.ComponentE1_CanceledDelayAwaitAsync: ShortRun(InvocationCount=1, IterationCount=3, LaunchCount=1, UnrollFactor=1, WarmupCount=3) [Sessions=1000]
//   SessionSetupDecompositionBenchmarks.ComponentE2_SetupExecutorDisposeAsync: ShortRun(InvocationCount=1, IterationCount=3, LaunchCount=1, UnrollFactor=1, WarmupCount=3) [Sessions=1000]
//   SessionSetupDecompositionBenchmarks.ComponentA1_AssociationTablePreSeed: ShortRun(InvocationCount=1, IterationCount=3, LaunchCount=1, UnrollFactor=1, WarmupCount=3) [Sessions=1000]
//   SessionSetupDecompositionBenchmarks.ComponentA2_SessionDictionaryPreSeed: ShortRun(InvocationCount=1, IterationCount=3, LaunchCount=1, UnrollFactor=1, WarmupCount=3) [Sessions=1000]
//   SessionSetupDecompositionBenchmarks.ComponentA3_CooldownTableConstruction: ShortRun(InvocationCount=1, IterationCount=3, LaunchCount=1, UnrollFactor=1, WarmupCount=3) [Sessions=1000]
//   SessionSetupDecompositionBenchmarks.ComponentA4_SlotAndQueueObjects: ShortRun(InvocationCount=1, IterationCount=3, LaunchCount=1, UnrollFactor=1, WarmupCount=3) [Sessions=1000]
//   SessionSetupDecompositionBenchmarks.ComponentA5_CompletionCell: ShortRun(InvocationCount=1, IterationCount=3, LaunchCount=1, UnrollFactor=1, WarmupCount=3) [Sessions=1000]
//   SessionSetupDecompositionBenchmarks.ComponentA6_ColdRent: ShortRun(InvocationCount=1, IterationCount=3, LaunchCount=1, UnrollFactor=1, WarmupCount=3) [Sessions=1000]
//   SessionSetupDecompositionBenchmarks.ComponentA7_EnqueueCycle: ShortRun(InvocationCount=1, IterationCount=3, LaunchCount=1, UnrollFactor=1, WarmupCount=3) [Sessions=1000]
//   SessionSetupDecompositionBenchmarks.ComponentA8_WarmRentAdmissionAsync: ShortRun(InvocationCount=1, IterationCount=3, LaunchCount=1, UnrollFactor=1, WarmupCount=3) [Sessions=1000]
//   SessionSetupDecompositionBenchmarks.ComponentA9a_DictionaryGrowthSpansResize: ShortRun(InvocationCount=1, IterationCount=3, LaunchCount=1, UnrollFactor=1, WarmupCount=3) [Sessions=1000]
//   SessionSetupDecompositionBenchmarks.ComponentA9b_DictionaryGrowthNoResize: ShortRun(InvocationCount=1, IterationCount=3, LaunchCount=1, UnrollFactor=1, WarmupCount=3) [Sessions=1000]

// **************************
// Benchmark: SessionSetupDecompositionBenchmarks.StageS0_CoordinatorOnly: ShortRun(InvocationCount=1, IterationCount=3, LaunchCount=1, UnrollFactor=1, WarmupCount=3) [Sessions=1]
// *** Execute ***
// Launch: 1 / 1
// Execute: dotnet WinForward.Benchmarks-ShortRun-1.dll --anonymousPipes 123 125 --benchmarkName "WinForward.Benchmarks.Perf.SessionSetupDecompositionBenchmarks.StageS0_CoordinatorOnly(Sessions: 1)" --job ShortRun --benchmarkId 0 in /home/paff/Projects/WinForward/benchmarks/WinForward.Benchmarks/bin/Release/net10.0/WinForward.Benchmarks-ShortRun-1/bin/Release/net10.0
// Failed to set up high priority (Permission denied). In order to run benchmarks with high priority, make sure you have the right permissions.
// BeforeAnythingElse

// Benchmark Process Environment Information:
// BenchmarkDotNet v0.15.8
// Runtime=.NET 10.0.12 (10.0.12, 10.0.1226.42308), X64 RyuJIT x86-64-v4
// GC=Concurrent Workstation
// HardwareIntrinsics=AVX512 BITALG+VBMI2+VNNI+VPOPCNTDQ,AVX512 IFMA+VBMI,AVX512 F+BW+CD+DQ+VL,AVX2+BMI1+BMI2+F16C+FMA+LZCNT+MOVBE,AVX,SSE3+SSSE3+SSE4.1+SSE4.2+POPCNT,X86Base+SSE+SSE2,AES+PCLMUL,AvxVnni VectorSize=256
// Job: ShortRun(InvocationCount=1, IterationCount=3, LaunchCount=1, UnrollFactor=1, WarmupCount=3)

OverheadJitting  1: 1 op, 441626.00 ns, 441.6260 us/op
WorkloadJitting  1: 1 op, 6659489.00 ns, 6.6595 ms/op

OverheadWarmup   1: 1 op, 551.00 ns, 551.0000 ns/op
OverheadWarmup   2: 1 op, 581.00 ns, 581.0000 ns/op
OverheadWarmup   3: 1 op, 271.00 ns, 271.0000 ns/op
OverheadWarmup   4: 1 op, 451.00 ns, 451.0000 ns/op
OverheadWarmup   5: 1 op, 311.00 ns, 311.0000 ns/op

OverheadActual   1: 1 op, 481.00 ns, 481.0000 ns/op
OverheadActual   2: 1 op, 441.00 ns, 441.0000 ns/op
OverheadActual   3: 1 op, 481.00 ns, 481.0000 ns/op
OverheadActual   4: 1 op, 461.00 ns, 461.0000 ns/op
OverheadActual   5: 1 op, 481.00 ns, 481.0000 ns/op
OverheadActual   6: 1 op, 461.00 ns, 461.0000 ns/op
OverheadActual   7: 1 op, 471.00 ns, 471.0000 ns/op
OverheadActual   8: 1 op, 291.00 ns, 291.0000 ns/op
OverheadActual   9: 1 op, 260.00 ns, 260.0000 ns/op
OverheadActual  10: 1 op, 261.00 ns, 261.0000 ns/op
OverheadActual  11: 1 op, 441.00 ns, 441.0000 ns/op
OverheadActual  12: 1 op, 491.00 ns, 491.0000 ns/op
OverheadActual  13: 1 op, 260.00 ns, 260.0000 ns/op
OverheadActual  14: 1 op, 260.00 ns, 260.0000 ns/op
OverheadActual  15: 1 op, 261.00 ns, 261.0000 ns/op
OverheadActual  16: 1 op, 250.00 ns, 250.0000 ns/op
OverheadActual  17: 1 op, 261.00 ns, 261.0000 ns/op
OverheadActual  18: 1 op, 280.00 ns, 280.0000 ns/op
OverheadActual  19: 1 op, 501.00 ns, 501.0000 ns/op
OverheadActual  20: 1 op, 280.00 ns, 280.0000 ns/op

WorkloadWarmup   1: 1 op, 58588.00 ns, 58.5880 us/op
WorkloadWarmup   2: 1 op, 17772.00 ns, 17.7720 us/op
WorkloadWarmup   3: 1 op, 17743.00 ns, 17.7430 us/op

// BeforeActualRun
WorkloadActual   1: 1 op, 45263.00 ns, 45.2630 us/op
WorkloadActual   2: 1 op, 16150.00 ns, 16.1500 us/op
WorkloadActual   3: 1 op, 16621.00 ns, 16.6210 us/op

// AfterActualRun
WorkloadResult   1: 1 op, 44897.00 ns, 44.8970 us/op
WorkloadResult   2: 1 op, 15784.00 ns, 15.7840 us/op
WorkloadResult   3: 1 op, 16255.00 ns, 16.2550 us/op
// GC:  0 0 0 8424 1
// Threading:  0 0 1

// AfterAll
// Benchmark Process 1593247 has exited with code 0.

Mean = 25.645 us, StdErr = 9.627 us (37.54%), N = 3, StdDev = 16.674 us
Min = 15.784 us, Q1 = 16.020 us, Median = 16.255 us, Q3 = 30.576 us, Max = 44.897 us
IQR = 14.556 us, LowerFence = -5.815 us, UpperFence = 52.411 us
ConfidenceInterval = [-278.552 us; 329.843 us] (CI 99.9%), Margin = 304.198 us (1186.17% of Mean)
Skewness = 0.38, Kurtosis = 0.67, MValue = 2

// ** Remained 98 (99.0%) benchmark(s) to run. Estimated finish 2026-09-22 17:00 (0h 0m from now) **
// **************************
// Benchmark: SessionSetupDecompositionBenchmarks.StageS1_AdmissionOnlyAsync: ShortRun(InvocationCount=1, IterationCount=3, LaunchCount=1, UnrollFactor=1, WarmupCount=3) [Sessions=1]
// *** Execute ***
// Launch: 1 / 1
// Execute: dotnet WinForward.Benchmarks-ShortRun-1.dll --anonymousPipes 123 125 --benchmarkName "WinForward.Benchmarks.Perf.SessionSetupDecompositionBenchmarks.StageS1_AdmissionOnlyAsync(Sessions: 1)" --job ShortRun --benchmarkId 1 in /home/paff/Projects/WinForward/benchmarks/WinForward.Benchmarks/bin/Release/net10.0/WinForward.Benchmarks-ShortRun-1/bin/Release/net10.0
// Failed to set up high priority (Permission denied). In order to run benchmarks with high priority, make sure you have the right permissions.
// BeforeAnythingElse

// Benchmark Process Environment Information:
// BenchmarkDotNet v0.15.8
// Runtime=.NET 10.0.12 (10.0.12, 10.0.1226.42308), X64 RyuJIT x86-64-v4
// GC=Concurrent Workstation
// HardwareIntrinsics=AVX512 BITALG+VBMI2+VNNI+VPOPCNTDQ,AVX512 IFMA+VBMI,AVX512 F+BW+CD+DQ+VL,AVX2+BMI1+BMI2+F16C+FMA+LZCNT+MOVBE,AVX,SSE3+SSSE3+SSE4.1+SSE4.2+POPCNT,X86Base+SSE+SSE2,AES+PCLMUL,AvxVnni VectorSize=256
// Job: ShortRun(InvocationCount=1, IterationCount=3, LaunchCount=1, UnrollFactor=1, WarmupCount=3)

OverheadJitting  1: 1 op, 249671.00 ns, 249.6710 us/op
WorkloadJitting  1: 1 op, 25720659.00 ns, 25.7207 ms/op

OverheadWarmup   1: 1 op, 722.00 ns, 722.0000 ns/op
OverheadWarmup   2: 1 op, 571.00 ns, 571.0000 ns/op
OverheadWarmup   3: 1 op, 1383.00 ns, 1.3830 us/op
OverheadWarmup   4: 1 op, 642.00 ns, 642.0000 ns/op
OverheadWarmup   5: 1 op, 471.00 ns, 471.0000 ns/op
OverheadWarmup   6: 1 op, 481.00 ns, 481.0000 ns/op
OverheadWarmup   7: 1 op, 702.00 ns, 702.0000 ns/op
OverheadWarmup   8: 1 op, 962.00 ns, 962.0000 ns/op
OverheadWarmup   9: 1 op, 571.00 ns, 571.0000 ns/op

OverheadActual   1: 1 op, 541.00 ns, 541.0000 ns/op
OverheadActual   2: 1 op, 571.00 ns, 571.0000 ns/op
OverheadActual   3: 1 op, 531.00 ns, 531.0000 ns/op
OverheadActual   4: 1 op, 491.00 ns, 491.0000 ns/op
OverheadActual   5: 1 op, 501.00 ns, 501.0000 ns/op
OverheadActual   6: 1 op, 792.00 ns, 792.0000 ns/op
OverheadActual   7: 1 op, 501.00 ns, 501.0000 ns/op
OverheadActual   8: 1 op, 491.00 ns, 491.0000 ns/op
OverheadActual   9: 1 op, 581.00 ns, 581.0000 ns/op
OverheadActual  10: 1 op, 551.00 ns, 551.0000 ns/op
OverheadActual  11: 1 op, 431.00 ns, 431.0000 ns/op
OverheadActual  12: 1 op, 471.00 ns, 471.0000 ns/op
OverheadActual  13: 1 op, 541.00 ns, 541.0000 ns/op
OverheadActual  14: 1 op, 491.00 ns, 491.0000 ns/op
OverheadActual  15: 1 op, 481.00 ns, 481.0000 ns/op
OverheadActual  16: 1 op, 491.00 ns, 491.0000 ns/op
OverheadActual  17: 1 op, 732.00 ns, 732.0000 ns/op
OverheadActual  18: 1 op, 531.00 ns, 531.0000 ns/op
OverheadActual  19: 1 op, 511.00 ns, 511.0000 ns/op
OverheadActual  20: 1 op, 450.00 ns, 450.0000 ns/op

WorkloadWarmup   1: 1 op, 157020.00 ns, 157.0200 us/op
WorkloadWarmup   2: 1 op, 43721.00 ns, 43.7210 us/op
WorkloadWarmup   3: 1 op, 42538.00 ns, 42.5380 us/op

// BeforeActualRun
WorkloadActual   1: 1 op, 79737.00 ns, 79.7370 us/op
WorkloadActual   2: 1 op, 40294.00 ns, 40.2940 us/op
WorkloadActual   3: 1 op, 91118.00 ns, 91.1180 us/op

// AfterActualRun
WorkloadResult   1: 1 op, 79231.00 ns, 79.2310 us/op
WorkloadResult   2: 1 op, 39788.00 ns, 39.7880 us/op
WorkloadResult   3: 1 op, 90612.00 ns, 90.6120 us/op
// GC:  0 0 0 7320 1
// Threading:  0 0 1

// AfterAll
// Benchmark Process 1593261 has exited with code 0.

Mean = 69.877 us, StdErr = 15.399 us (22.04%), N = 3, StdDev = 26.672 us
Min = 39.788 us, Q1 = 59.510 us, Median = 79.231 us, Q3 = 84.921 us, Max = 90.612 us
IQR = 25.412 us, LowerFence = 21.392 us, UpperFence = 123.040 us
ConfidenceInterval = [-416.719 us; 556.473 us] (CI 99.9%), Margin = 486.596 us (696.36% of Mean)
Skewness = -0.31, Kurtosis = 0.67, MValue = 2

// ** Remained 97 (98.0%) benchmark(s) to run. Estimated finish 2026-09-22 17:00 (0h 0m from now) **
// **************************
// Benchmark: SessionSetupDecompositionBenchmarks.StageS2_SetupStartedAsync: ShortRun(InvocationCount=1, IterationCount=3, LaunchCount=1, UnrollFactor=1, WarmupCount=3) [Sessions=1]
// *** Execute ***
// Launch: 1 / 1
// Execute: dotnet WinForward.Benchmarks-ShortRun-1.dll --anonymousPipes 123 125 --benchmarkName "WinForward.Benchmarks.Perf.SessionSetupDecompositionBenchmarks.StageS2_SetupStartedAsync(Sessions: 1)" --job ShortRun --benchmarkId 2 in /home/paff/Projects/WinForward/benchmarks/WinForward.Benchmarks/bin/Release/net10.0/WinForward.Benchmarks-ShortRun-1/bin/Release/net10.0
// Failed to set up high priority (Permission denied). In order to run benchmarks with high priority, make sure you have the right permissions.
// BeforeAnythingElse

// Benchmark Process Environment Information:
// BenchmarkDotNet v0.15.8
// Runtime=.NET 10.0.12 (10.0.12, 10.0.1226.42308), X64 RyuJIT x86-64-v4
// GC=Concurrent Workstation
// HardwareIntrinsics=AVX512 BITALG+VBMI2+VNNI+VPOPCNTDQ,AVX512 IFMA+VBMI,AVX512 F+BW+CD+DQ+VL,AVX2+BMI1+BMI2+F16C+FMA+LZCNT+MOVBE,AVX,SSE3+SSSE3+SSE4.1+SSE4.2+POPCNT,X86Base+SSE+SSE2,AES+PCLMUL,AvxVnni VectorSize=256
// Job: ShortRun(InvocationCount=1, IterationCount=3, LaunchCount=1, UnrollFactor=1, WarmupCount=3)

OverheadJitting  1: 1 op, 263987.00 ns, 263.9870 us/op
WorkloadJitting  1: 1 op, 107758529.00 ns, 107.7585 ms/op

OverheadWarmup   1: 1 op, 621.00 ns, 621.0000 ns/op
OverheadWarmup   2: 1 op, 310.00 ns, 310.0000 ns/op
OverheadWarmup   3: 1 op, 471.00 ns, 471.0000 ns/op
OverheadWarmup   4: 1 op, 501.00 ns, 501.0000 ns/op
OverheadWarmup   5: 1 op, 461.00 ns, 461.0000 ns/op
OverheadWarmup   6: 1 op, 280.00 ns, 280.0000 ns/op
OverheadWarmup   7: 1 op, 260.00 ns, 260.0000 ns/op
OverheadWarmup   8: 1 op, 541.00 ns, 541.0000 ns/op
OverheadWarmup   9: 1 op, 461.00 ns, 461.0000 ns/op

OverheadActual   1: 1 op, 531.00 ns, 531.0000 ns/op
OverheadActual   2: 1 op, 480.00 ns, 480.0000 ns/op
OverheadActual   3: 1 op, 581.00 ns, 581.0000 ns/op
OverheadActual   4: 1 op, 451.00 ns, 451.0000 ns/op
OverheadActual   5: 1 op, 461.00 ns, 461.0000 ns/op
OverheadActual   6: 1 op, 481.00 ns, 481.0000 ns/op
OverheadActual   7: 1 op, 521.00 ns, 521.0000 ns/op
OverheadActual   8: 1 op, 361.00 ns, 361.0000 ns/op
OverheadActual   9: 1 op, 471.00 ns, 471.0000 ns/op
OverheadActual  10: 1 op, 451.00 ns, 451.0000 ns/op
OverheadActual  11: 1 op, 260.00 ns, 260.0000 ns/op
OverheadActual  12: 1 op, 490.00 ns, 490.0000 ns/op
OverheadActual  13: 1 op, 451.00 ns, 451.0000 ns/op
OverheadActual  14: 1 op, 341.00 ns, 341.0000 ns/op
OverheadActual  15: 1 op, 461.00 ns, 461.0000 ns/op
OverheadActual  16: 1 op, 461.00 ns, 461.0000 ns/op
OverheadActual  17: 1 op, 471.00 ns, 471.0000 ns/op
OverheadActual  18: 1 op, 491.00 ns, 491.0000 ns/op
OverheadActual  19: 1 op, 501.00 ns, 501.0000 ns/op
OverheadActual  20: 1 op, 281.00 ns, 281.0000 ns/op

WorkloadWarmup   1: 1 op, 72059412.00 ns, 72.0594 ms/op
WorkloadWarmup   2: 1 op, 72942774.00 ns, 72.9428 ms/op
WorkloadWarmup   3: 1 op, 72518742.00 ns, 72.5187 ms/op

// BeforeActualRun
WorkloadActual   1: 1 op, 72228313.00 ns, 72.2283 ms/op
WorkloadActual   2: 1 op, 71285762.00 ns, 71.2858 ms/op
WorkloadActual   3: 1 op, 72682620.00 ns, 72.6826 ms/op

// AfterActualRun
WorkloadResult   1: 1 op, 72227847.00 ns, 72.2278 ms/op
WorkloadResult   2: 1 op, 71285296.00 ns, 71.2853 ms/op
WorkloadResult   3: 1 op, 72682154.00 ns, 72.6822 ms/op
// GC:  0 0 0 34968 1
// Threading:  4 0 1

// AfterAll
// Benchmark Process 1593270 has exited with code 0.

Mean = 72.065 ms, StdErr = 0.411 ms (0.57%), N = 3, StdDev = 0.713 ms
Min = 71.285 ms, Q1 = 71.757 ms, Median = 72.228 ms, Q3 = 72.455 ms, Max = 72.682 ms
IQR = 0.698 ms, LowerFence = 70.709 ms, UpperFence = 73.503 ms
ConfidenceInterval = [59.066 ms; 85.064 ms] (CI 99.9%), Margin = 12.999 ms (18.04% of Mean)
Skewness = -0.22, Kurtosis = 0.67, MValue = 2

// ** Remained 96 (97.0%) benchmark(s) to run. Estimated finish 2026-09-22 17:01 (0h 0m from now) **
// **************************
// Benchmark: SessionSetupDecompositionBenchmarks.StageS3_PipelineNoPayloadAsync: ShortRun(InvocationCount=1, IterationCount=3, LaunchCount=1, UnrollFactor=1, WarmupCount=3) [Sessions=1]
// *** Execute ***
// Launch: 1 / 1
// Execute: dotnet WinForward.Benchmarks-ShortRun-1.dll --anonymousPipes 123 125 --benchmarkName "WinForward.Benchmarks.Perf.SessionSetupDecompositionBenchmarks.StageS3_PipelineNoPayloadAsync(Sessions: 1)" --job ShortRun --benchmarkId 3 in /home/paff/Projects/WinForward/benchmarks/WinForward.Benchmarks/bin/Release/net10.0/WinForward.Benchmarks-ShortRun-1/bin/Release/net10.0
// Failed to set up high priority (Permission denied). In order to run benchmarks with high priority, make sure you have the right permissions.
// BeforeAnythingElse

// Benchmark Process Environment Information:
// BenchmarkDotNet v0.15.8
// Runtime=.NET 10.0.12 (10.0.12, 10.0.1226.42308), X64 RyuJIT x86-64-v4
// GC=Concurrent Workstation
// HardwareIntrinsics=AVX512 BITALG+VBMI2+VNNI+VPOPCNTDQ,AVX512 IFMA+VBMI,AVX512 F+BW+CD+DQ+VL,AVX2+BMI1+BMI2+F16C+FMA+LZCNT+MOVBE,AVX,SSE3+SSSE3+SSE4.1+SSE4.2+POPCNT,X86Base+SSE+SSE2,AES+PCLMUL,AvxVnni VectorSize=256
// Job: ShortRun(InvocationCount=1, IterationCount=3, LaunchCount=1, UnrollFactor=1, WarmupCount=3)

OverheadJitting  1: 1 op, 481840.00 ns, 481.8400 us/op
WorkloadJitting  1: 1 op, 81597113.00 ns, 81.5971 ms/op

OverheadWarmup   1: 1 op, 541.00 ns, 541.0000 ns/op
OverheadWarmup   2: 1 op, 471.00 ns, 471.0000 ns/op
OverheadWarmup   3: 1 op, 451.00 ns, 451.0000 ns/op
OverheadWarmup   4: 1 op, 481.00 ns, 481.0000 ns/op
OverheadWarmup   5: 1 op, 1032.00 ns, 1.0320 us/op
OverheadWarmup   6: 1 op, 1102.00 ns, 1.1020 us/op
OverheadWarmup   7: 1 op, 441.00 ns, 441.0000 ns/op
OverheadWarmup   8: 1 op, 471.00 ns, 471.0000 ns/op
OverheadWarmup   9: 1 op, 371.00 ns, 371.0000 ns/op

OverheadActual   1: 1 op, 481.00 ns, 481.0000 ns/op
OverheadActual   2: 1 op, 471.00 ns, 471.0000 ns/op
OverheadActual   3: 1 op, 491.00 ns, 491.0000 ns/op
OverheadActual   4: 1 op, 480.00 ns, 480.0000 ns/op
OverheadActual   5: 1 op, 501.00 ns, 501.0000 ns/op
OverheadActual   6: 1 op, 461.00 ns, 461.0000 ns/op
OverheadActual   7: 1 op, 852.00 ns, 852.0000 ns/op
OverheadActual   8: 1 op, 501.00 ns, 501.0000 ns/op
OverheadActual   9: 1 op, 270.00 ns, 270.0000 ns/op
OverheadActual  10: 1 op, 451.00 ns, 451.0000 ns/op
OverheadActual  11: 1 op, 501.00 ns, 501.0000 ns/op
OverheadActual  12: 1 op, 360.00 ns, 360.0000 ns/op
OverheadActual  13: 1 op, 460.00 ns, 460.0000 ns/op
OverheadActual  14: 1 op, 491.00 ns, 491.0000 ns/op
OverheadActual  15: 1 op, 521.00 ns, 521.0000 ns/op
OverheadActual  16: 1 op, 441.00 ns, 441.0000 ns/op
OverheadActual  17: 1 op, 501.00 ns, 501.0000 ns/op
OverheadActual  18: 1 op, 902.00 ns, 902.0000 ns/op
OverheadActual  19: 1 op, 881.00 ns, 881.0000 ns/op
OverheadActual  20: 1 op, 471.00 ns, 471.0000 ns/op

WorkloadWarmup   1: 1 op, 31886855.00 ns, 31.8869 ms/op
WorkloadWarmup   2: 1 op, 31531166.00 ns, 31.5312 ms/op
WorkloadWarmup   3: 1 op, 32032918.00 ns, 32.0329 ms/op

// BeforeActualRun
WorkloadActual   1: 1 op, 32051128.00 ns, 32.0511 ms/op
WorkloadActual   2: 1 op, 30852234.00 ns, 30.8522 ms/op
WorkloadActual   3: 1 op, 30405689.00 ns, 30.4057 ms/op

// AfterActualRun
WorkloadResult   1: 1 op, 32050642.00 ns, 32.0506 ms/op
WorkloadResult   2: 1 op, 30851748.00 ns, 30.8517 ms/op
WorkloadResult   3: 1 op, 30405203.00 ns, 30.4052 ms/op
// GC:  0 0 0 38960 1
// Threading:  0 0 1

// AfterAll
// Benchmark Process 1593800 has exited with code 0.

Mean = 31.103 ms, StdErr = 0.491 ms (1.58%), N = 3, StdDev = 0.851 ms
Min = 30.405 ms, Q1 = 30.628 ms, Median = 30.852 ms, Q3 = 31.451 ms, Max = 32.051 ms
IQR = 0.823 ms, LowerFence = 29.394 ms, UpperFence = 32.685 ms
ConfidenceInterval = [15.579 ms; 46.626 ms] (CI 99.9%), Margin = 15.524 ms (49.91% of Mean)
Skewness = 0.27, Kurtosis = 0.67, MValue = 2

// ** Remained 95 (96.0%) benchmark(s) to run. Estimated finish 2026-09-22 17:01 (0h 1m from now) **
// **************************
// Benchmark: SessionSetupDecompositionBenchmarks.StageS4_ReadinessTeardownOutsideAsync: ShortRun(InvocationCount=1, IterationCount=3, LaunchCount=1, UnrollFactor=1, WarmupCount=3) [Sessions=1]
// *** Execute ***
// Launch: 1 / 1
// Execute: dotnet WinForward.Benchmarks-ShortRun-1.dll --anonymousPipes 123 125 --benchmarkName "WinForward.Benchmarks.Perf.SessionSetupDecompositionBenchmarks.StageS4_ReadinessTeardownOutsideAsync(Sessions: 1)" --job ShortRun --benchmarkId 4 in /home/paff/Projects/WinForward/benchmarks/WinForward.Benchmarks/bin/Release/net10.0/WinForward.Benchmarks-ShortRun-1/bin/Release/net10.0
// Failed to set up high priority (Permission denied). In order to run benchmarks with high priority, make sure you have the right permissions.
// BeforeAnythingElse

// Benchmark Process Environment Information:
// BenchmarkDotNet v0.15.8
// Runtime=.NET 10.0.12 (10.0.12, 10.0.1226.42308), X64 RyuJIT x86-64-v4
// GC=Concurrent Workstation
// HardwareIntrinsics=AVX512 BITALG+VBMI2+VNNI+VPOPCNTDQ,AVX512 IFMA+VBMI,AVX512 F+BW+CD+DQ+VL,AVX2+BMI1+BMI2+F16C+FMA+LZCNT+MOVBE,AVX,SSE3+SSSE3+SSE4.1+SSE4.2+POPCNT,X86Base+SSE+SSE2,AES+PCLMUL,AvxVnni VectorSize=256
// Job: ShortRun(InvocationCount=1, IterationCount=3, LaunchCount=1, UnrollFactor=1, WarmupCount=3)

OverheadJitting  1: 1 op, 297920.00 ns, 297.9200 us/op
WorkloadJitting  1: 1 op, 84393144.00 ns, 84.3931 ms/op

OverheadWarmup   1: 1 op, 882.00 ns, 882.0000 ns/op
OverheadWarmup   2: 1 op, 812.00 ns, 812.0000 ns/op
OverheadWarmup   3: 1 op, 481.00 ns, 481.0000 ns/op
OverheadWarmup   4: 1 op, 541.00 ns, 541.0000 ns/op
OverheadWarmup   5: 1 op, 501.00 ns, 501.0000 ns/op
OverheadWarmup   6: 1 op, 501.00 ns, 501.0000 ns/op
OverheadWarmup   7: 1 op, 691.00 ns, 691.0000 ns/op

OverheadActual   1: 1 op, 471.00 ns, 471.0000 ns/op
OverheadActual   2: 1 op, 501.00 ns, 501.0000 ns/op
OverheadActual   3: 1 op, 521.00 ns, 521.0000 ns/op
OverheadActual   4: 1 op, 521.00 ns, 521.0000 ns/op
OverheadActual   5: 1 op, 491.00 ns, 491.0000 ns/op
OverheadActual   6: 1 op, 511.00 ns, 511.0000 ns/op
OverheadActual   7: 1 op, 290.00 ns, 290.0000 ns/op
OverheadActual   8: 1 op, 531.00 ns, 531.0000 ns/op
OverheadActual   9: 1 op, 521.00 ns, 521.0000 ns/op
OverheadActual  10: 1 op, 400.00 ns, 400.0000 ns/op
OverheadActual  11: 1 op, 571.00 ns, 571.0000 ns/op
OverheadActual  12: 1 op, 511.00 ns, 511.0000 ns/op
OverheadActual  13: 1 op, 781.00 ns, 781.0000 ns/op
OverheadActual  14: 1 op, 541.00 ns, 541.0000 ns/op
OverheadActual  15: 1 op, 601.00 ns, 601.0000 ns/op
OverheadActual  16: 1 op, 491.00 ns, 491.0000 ns/op
OverheadActual  17: 1 op, 471.00 ns, 471.0000 ns/op
OverheadActual  18: 1 op, 551.00 ns, 551.0000 ns/op
OverheadActual  19: 1 op, 591.00 ns, 591.0000 ns/op
OverheadActual  20: 1 op, 551.00 ns, 551.0000 ns/op

WorkloadWarmup   1: 1 op, 33326762.00 ns, 33.3268 ms/op
WorkloadWarmup   2: 1 op, 32043435.00 ns, 32.0434 ms/op
WorkloadWarmup   3: 1 op, 31764655.00 ns, 31.7647 ms/op

// BeforeActualRun
WorkloadActual   1: 1 op, 31223313.00 ns, 31.2233 ms/op
WorkloadActual   2: 1 op, 31591417.00 ns, 31.5914 ms/op
WorkloadActual   3: 1 op, 30414034.00 ns, 30.4140 ms/op

// AfterActualRun
WorkloadResult   1: 1 op, 31222792.00 ns, 31.2228 ms/op
WorkloadResult   2: 1 op, 31590896.00 ns, 31.5909 ms/op
WorkloadResult   3: 1 op, 30413513.00 ns, 30.4135 ms/op
// GC:  0 0 0 34736 1
// Threading:  0 0 1

// AfterAll
// Benchmark Process 1594355 has exited with code 0.

Mean = 31.076 ms, StdErr = 0.348 ms (1.12%), N = 3, StdDev = 0.602 ms
Min = 30.414 ms, Q1 = 30.818 ms, Median = 31.223 ms, Q3 = 31.407 ms, Max = 31.591 ms
IQR = 0.589 ms, LowerFence = 29.935 ms, UpperFence = 32.290 ms
ConfidenceInterval = [20.087 ms; 42.064 ms] (CI 99.9%), Margin = 10.988 ms (35.36% of Mean)
Skewness = -0.23, Kurtosis = 0.67, MValue = 2

// ** Remained 94 (94.9%) benchmark(s) to run. Estimated finish 2026-09-22 17:01 (0h 1m from now) **
// **************************
// Benchmark: SessionSetupDecompositionBenchmarks.StageS5_ReadinessTeardownInsideAsync: ShortRun(InvocationCount=1, IterationCount=3, LaunchCount=1, UnrollFactor=1, WarmupCount=3) [Sessions=1]
// *** Execute ***
// Launch: 1 / 1
// Execute: dotnet WinForward.Benchmarks-ShortRun-1.dll --anonymousPipes 123 125 --benchmarkName "WinForward.Benchmarks.Perf.SessionSetupDecompositionBenchmarks.StageS5_ReadinessTeardownInsideAsync(Sessions: 1)" --job ShortRun --benchmarkId 5 in /home/paff/Projects/WinForward/benchmarks/WinForward.Benchmarks/bin/Release/net10.0/WinForward.Benchmarks-ShortRun-1/bin/Release/net10.0
// Failed to set up high priority (Permission denied). In order to run benchmarks with high priority, make sure you have the right permissions.
// BeforeAnythingElse

// Benchmark Process Environment Information:
// BenchmarkDotNet v0.15.8
// Runtime=.NET 10.0.12 (10.0.12, 10.0.1226.42308), X64 RyuJIT x86-64-v4
// GC=Concurrent Workstation
// HardwareIntrinsics=AVX512 BITALG+VBMI2+VNNI+VPOPCNTDQ,AVX512 IFMA+VBMI,AVX512 F+BW+CD+DQ+VL,AVX2+BMI1+BMI2+F16C+FMA+LZCNT+MOVBE,AVX,SSE3+SSSE3+SSE4.1+SSE4.2+POPCNT,X86Base+SSE+SSE2,AES+PCLMUL,AvxVnni VectorSize=256
// Job: ShortRun(InvocationCount=1, IterationCount=3, LaunchCount=1, UnrollFactor=1, WarmupCount=3)

OverheadJitting  1: 1 op, 300034.00 ns, 300.0340 us/op
WorkloadJitting  1: 1 op, 110515157.00 ns, 110.5152 ms/op

OverheadWarmup   1: 1 op, 450.00 ns, 450.0000 ns/op
OverheadWarmup   2: 1 op, 321.00 ns, 321.0000 ns/op
OverheadWarmup   3: 1 op, 521.00 ns, 521.0000 ns/op
OverheadWarmup   4: 1 op, 291.00 ns, 291.0000 ns/op
OverheadWarmup   5: 1 op, 381.00 ns, 381.0000 ns/op
OverheadWarmup   6: 1 op, 331.00 ns, 331.0000 ns/op

OverheadActual   1: 1 op, 511.00 ns, 511.0000 ns/op
OverheadActual   2: 1 op, 541.00 ns, 541.0000 ns/op
OverheadActual   3: 1 op, 551.00 ns, 551.0000 ns/op
OverheadActual   4: 1 op, 481.00 ns, 481.0000 ns/op
OverheadActual   5: 1 op, 562.00 ns, 562.0000 ns/op
OverheadActual   6: 1 op, 301.00 ns, 301.0000 ns/op
OverheadActual   7: 1 op, 300.00 ns, 300.0000 ns/op
OverheadActual   8: 1 op, 291.00 ns, 291.0000 ns/op
OverheadActual   9: 1 op, 571.00 ns, 571.0000 ns/op
OverheadActual  10: 1 op, 381.00 ns, 381.0000 ns/op
OverheadActual  11: 1 op, 361.00 ns, 361.0000 ns/op
OverheadActual  12: 1 op, 321.00 ns, 321.0000 ns/op
OverheadActual  13: 1 op, 582.00 ns, 582.0000 ns/op
OverheadActual  14: 1 op, 290.00 ns, 290.0000 ns/op
OverheadActual  15: 1 op, 311.00 ns, 311.0000 ns/op
OverheadActual  16: 1 op, 531.00 ns, 531.0000 ns/op
OverheadActual  17: 1 op, 571.00 ns, 571.0000 ns/op
OverheadActual  18: 1 op, 511.00 ns, 511.0000 ns/op
OverheadActual  19: 1 op, 321.00 ns, 321.0000 ns/op
OverheadActual  20: 1 op, 501.00 ns, 501.0000 ns/op

WorkloadWarmup   1: 1 op, 46473117.00 ns, 46.4731 ms/op
WorkloadWarmup   2: 1 op, 44711250.00 ns, 44.7113 ms/op
WorkloadWarmup   3: 1 op, 44189898.00 ns, 44.1899 ms/op

// BeforeActualRun
WorkloadActual   1: 1 op, 44934055.00 ns, 44.9341 ms/op
WorkloadActual   2: 1 op, 45200746.00 ns, 45.2007 ms/op
WorkloadActual   3: 1 op, 45041931.00 ns, 45.0419 ms/op

// AfterActualRun
WorkloadResult   1: 1 op, 44933564.00 ns, 44.9336 ms/op
WorkloadResult   2: 1 op, 45200255.00 ns, 45.2003 ms/op
WorkloadResult   3: 1 op, 45041440.00 ns, 45.0414 ms/op
// GC:  0 0 0 100080 1
// Threading:  1 64 1
// Exceptions:  130

// AfterAll
// Benchmark Process 1594882 has exited with code 0.

Mean = 45.058 ms, StdErr = 0.077 ms (0.17%), N = 3, StdDev = 0.134 ms
Min = 44.934 ms, Q1 = 44.988 ms, Median = 45.041 ms, Q3 = 45.121 ms, Max = 45.200 ms
IQR = 0.133 ms, LowerFence = 44.787 ms, UpperFence = 45.321 ms
ConfidenceInterval = [42.611 ms; 47.506 ms] (CI 99.9%), Margin = 2.447 ms (5.43% of Mean)
Skewness = 0.12, Kurtosis = 0.67, MValue = 2

// ** Remained 93 (93.9%) benchmark(s) to run. Estimated finish 2026-09-22 17:01 (0h 1m from now) **
// **************************
// Benchmark: SessionSetupDecompositionBenchmarks.StageT1_SessionTeardownInsideAsync: ShortRun(InvocationCount=1, IterationCount=3, LaunchCount=1, UnrollFactor=1, WarmupCount=3) [Sessions=1]
// *** Execute ***
// Launch: 1 / 1
// Execute: dotnet WinForward.Benchmarks-ShortRun-1.dll --anonymousPipes 123 125 --benchmarkName "WinForward.Benchmarks.Perf.SessionSetupDecompositionBenchmarks.StageT1_SessionTeardownInsideAsync(Sessions: 1)" --job ShortRun --benchmarkId 6 in /home/paff/Projects/WinForward/benchmarks/WinForward.Benchmarks/bin/Release/net10.0/WinForward.Benchmarks-ShortRun-1/bin/Release/net10.0
// Failed to set up high priority (Permission denied). In order to run benchmarks with high priority, make sure you have the right permissions.
// BeforeAnythingElse

// Benchmark Process Environment Information:
// BenchmarkDotNet v0.15.8
// Runtime=.NET 10.0.12 (10.0.12, 10.0.1226.42308), X64 RyuJIT x86-64-v4
// GC=Concurrent Workstation
// HardwareIntrinsics=AVX512 BITALG+VBMI2+VNNI+VPOPCNTDQ,AVX512 IFMA+VBMI,AVX512 F+BW+CD+DQ+VL,AVX2+BMI1+BMI2+F16C+FMA+LZCNT+MOVBE,AVX,SSE3+SSSE3+SSE4.1+SSE4.2+POPCNT,X86Base+SSE+SSE2,AES+PCLMUL,AvxVnni VectorSize=256
// Job: ShortRun(InvocationCount=1, IterationCount=3, LaunchCount=1, UnrollFactor=1, WarmupCount=3)

OverheadJitting  1: 1 op, 287671.00 ns, 287.6710 us/op
WorkloadJitting  1: 1 op, 42858222.00 ns, 42.8582 ms/op

OverheadWarmup   1: 1 op, 511.00 ns, 511.0000 ns/op
OverheadWarmup   2: 1 op, 270.00 ns, 270.0000 ns/op
OverheadWarmup   3: 1 op, 470.00 ns, 470.0000 ns/op
OverheadWarmup   4: 1 op, 291.00 ns, 291.0000 ns/op
OverheadWarmup   5: 1 op, 481.00 ns, 481.0000 ns/op
OverheadWarmup   6: 1 op, 260.00 ns, 260.0000 ns/op

OverheadActual   1: 1 op, 471.00 ns, 471.0000 ns/op
OverheadActual   2: 1 op, 411.00 ns, 411.0000 ns/op
OverheadActual   3: 1 op, 361.00 ns, 361.0000 ns/op
OverheadActual   4: 1 op, 401.00 ns, 401.0000 ns/op
OverheadActual   5: 1 op, 431.00 ns, 431.0000 ns/op
OverheadActual   6: 1 op, 260.00 ns, 260.0000 ns/op
OverheadActual   7: 1 op, 280.00 ns, 280.0000 ns/op
OverheadActual   8: 1 op, 270.00 ns, 270.0000 ns/op
OverheadActual   9: 1 op, 261.00 ns, 261.0000 ns/op
OverheadActual  10: 1 op, 261.00 ns, 261.0000 ns/op
OverheadActual  11: 1 op, 261.00 ns, 261.0000 ns/op
OverheadActual  12: 1 op, 261.00 ns, 261.0000 ns/op
OverheadActual  13: 1 op, 271.00 ns, 271.0000 ns/op
OverheadActual  14: 1 op, 471.00 ns, 471.0000 ns/op
OverheadActual  15: 1 op, 441.00 ns, 441.0000 ns/op
OverheadActual  16: 1 op, 521.00 ns, 521.0000 ns/op
OverheadActual  17: 1 op, 741.00 ns, 741.0000 ns/op
OverheadActual  18: 1 op, 510.00 ns, 510.0000 ns/op
OverheadActual  19: 1 op, 441.00 ns, 441.0000 ns/op
OverheadActual  20: 1 op, 481.00 ns, 481.0000 ns/op

WorkloadWarmup   1: 1 op, 689142.00 ns, 689.1420 us/op
WorkloadWarmup   2: 1 op, 309947.00 ns, 309.9470 us/op
WorkloadWarmup   3: 1 op, 260832.00 ns, 260.8320 us/op

// BeforeActualRun
WorkloadActual   1: 1 op, 347862.00 ns, 347.8620 us/op
WorkloadActual   2: 1 op, 333220.00 ns, 333.2200 us/op
WorkloadActual   3: 1 op, 474514.00 ns, 474.5140 us/op

// AfterActualRun
WorkloadResult   1: 1 op, 347456.00 ns, 347.4560 us/op
WorkloadResult   2: 1 op, 332814.00 ns, 332.8140 us/op
WorkloadResult   3: 1 op, 474108.00 ns, 474.1080 us/op
// GC:  0 0 0 7760 1
// Threading:  1 0 1
// Exceptions:  2

// AfterAll
// Benchmark Process 1595410 has exited with code 0.

Mean = 384.793 us, StdErr = 44.857 us (11.66%), N = 3, StdDev = 77.695 us
Min = 332.814 us, Q1 = 340.135 us, Median = 347.456 us, Q3 = 410.782 us, Max = 474.108 us
IQR = 70.647 us, LowerFence = 234.165 us, UpperFence = 516.753 us
ConfidenceInterval = [-1,032.654 us; 1,802.239 us] (CI 99.9%), Margin = 1,417.447 us (368.37% of Mean)
Skewness = 0.37, Kurtosis = 0.67, MValue = 2

// ** Remained 92 (92.9%) benchmark(s) to run. Estimated finish 2026-09-22 17:01 (0h 0m from now) **
// **************************
// Benchmark: SessionSetupDecompositionBenchmarks.StageT3_ExpiryRetireInsideAsync: ShortRun(InvocationCount=1, IterationCount=3, LaunchCount=1, UnrollFactor=1, WarmupCount=3) [Sessions=1]
// *** Execute ***
// Launch: 1 / 1
// Execute: dotnet WinForward.Benchmarks-ShortRun-1.dll --anonymousPipes 123 125 --benchmarkName "WinForward.Benchmarks.Perf.SessionSetupDecompositionBenchmarks.StageT3_ExpiryRetireInsideAsync(Sessions: 1)" --job ShortRun --benchmarkId 7 in /home/paff/Projects/WinForward/benchmarks/WinForward.Benchmarks/bin/Release/net10.0/WinForward.Benchmarks-ShortRun-1/bin/Release/net10.0
// Failed to set up high priority (Permission denied). In order to run benchmarks with high priority, make sure you have the right permissions.
// BeforeAnythingElse

// Benchmark Process Environment Information:
// BenchmarkDotNet v0.15.8
// Runtime=.NET 10.0.12 (10.0.12, 10.0.1226.42308), X64 RyuJIT x86-64-v4
// GC=Concurrent Workstation
// HardwareIntrinsics=AVX512 BITALG+VBMI2+VNNI+VPOPCNTDQ,AVX512 IFMA+VBMI,AVX512 F+BW+CD+DQ+VL,AVX2+BMI1+BMI2+F16C+FMA+LZCNT+MOVBE,AVX,SSE3+SSSE3+SSE4.1+SSE4.2+POPCNT,X86Base+SSE+SSE2,AES+PCLMUL,AvxVnni VectorSize=256
// Job: ShortRun(InvocationCount=1, IterationCount=3, LaunchCount=1, UnrollFactor=1, WarmupCount=3)

OverheadJitting  1: 1 op, 313809.00 ns, 313.8090 us/op
WorkloadJitting  1: 1 op, 98835541.00 ns, 98.8355 ms/op

OverheadWarmup   1: 1 op, 531.00 ns, 531.0000 ns/op
OverheadWarmup   2: 1 op, 350.00 ns, 350.0000 ns/op
OverheadWarmup   3: 1 op, 281.00 ns, 281.0000 ns/op
OverheadWarmup   4: 1 op, 451.00 ns, 451.0000 ns/op
OverheadWarmup   5: 1 op, 290.00 ns, 290.0000 ns/op
OverheadWarmup   6: 1 op, 291.00 ns, 291.0000 ns/op
OverheadWarmup   7: 1 op, 291.00 ns, 291.0000 ns/op

OverheadActual   1: 1 op, 450.00 ns, 450.0000 ns/op
OverheadActual   2: 1 op, 441.00 ns, 441.0000 ns/op
OverheadActual   3: 1 op, 451.00 ns, 451.0000 ns/op
OverheadActual   4: 1 op, 871.00 ns, 871.0000 ns/op
OverheadActual   5: 1 op, 370.00 ns, 370.0000 ns/op
OverheadActual   6: 1 op, 481.00 ns, 481.0000 ns/op
OverheadActual   7: 1 op, 421.00 ns, 421.0000 ns/op
OverheadActual   8: 1 op, 280.00 ns, 280.0000 ns/op
OverheadActual   9: 1 op, 421.00 ns, 421.0000 ns/op
OverheadActual  10: 1 op, 301.00 ns, 301.0000 ns/op
OverheadActual  11: 1 op, 300.00 ns, 300.0000 ns/op
OverheadActual  12: 1 op, 371.00 ns, 371.0000 ns/op
OverheadActual  13: 1 op, 922.00 ns, 922.0000 ns/op
OverheadActual  14: 1 op, 431.00 ns, 431.0000 ns/op
OverheadActual  15: 1 op, 301.00 ns, 301.0000 ns/op
OverheadActual  16: 1 op, 481.00 ns, 481.0000 ns/op
OverheadActual  17: 1 op, 251.00 ns, 251.0000 ns/op
OverheadActual  18: 1 op, 251.00 ns, 251.0000 ns/op
OverheadActual  19: 1 op, 280.00 ns, 280.0000 ns/op
OverheadActual  20: 1 op, 451.00 ns, 451.0000 ns/op

WorkloadWarmup   1: 1 op, 32051806.00 ns, 32.0518 ms/op
WorkloadWarmup   2: 1 op, 31215758.00 ns, 31.2158 ms/op
WorkloadWarmup   3: 1 op, 31495318.00 ns, 31.4953 ms/op

// BeforeActualRun
WorkloadActual   1: 1 op, 30457401.00 ns, 30.4574 ms/op
WorkloadActual   2: 1 op, 31969534.00 ns, 31.9695 ms/op
WorkloadActual   3: 1 op, 32819764.00 ns, 32.8198 ms/op

// AfterActualRun
WorkloadResult   1: 1 op, 30456980.00 ns, 30.4570 ms/op
WorkloadResult   2: 1 op, 31969113.00 ns, 31.9691 ms/op
WorkloadResult   3: 1 op, 32819343.00 ns, 32.8193 ms/op
// GC:  0 0 0 36064 1
// Threading:  1 0 1
// Exceptions:  2

// AfterAll
// Benchmark Process 1595422 has exited with code 0.

Mean = 31.748 ms, StdErr = 0.691 ms (2.18%), N = 3, StdDev = 1.197 ms
Min = 30.457 ms, Q1 = 31.213 ms, Median = 31.969 ms, Q3 = 32.394 ms, Max = 32.819 ms
IQR = 1.181 ms, LowerFence = 29.441 ms, UpperFence = 34.166 ms
ConfidenceInterval = [9.919 ms; 53.578 ms] (CI 99.9%), Margin = 21.829 ms (68.76% of Mean)
Skewness = -0.18, Kurtosis = 0.67, MValue = 2

// ** Remained 91 (91.9%) benchmark(s) to run. Estimated finish 2026-09-22 17:01 (0h 0m from now) **
// **************************
// Benchmark: SessionSetupDecompositionBenchmarks.StageT5_NonThrowingParkTeardownAsync: ShortRun(InvocationCount=1, IterationCount=3, LaunchCount=1, UnrollFactor=1, WarmupCount=3) [Sessions=1]
// *** Execute ***
// Launch: 1 / 1
// Execute: dotnet WinForward.Benchmarks-ShortRun-1.dll --anonymousPipes 123 125 --benchmarkName "WinForward.Benchmarks.Perf.SessionSetupDecompositionBenchmarks.StageT5_NonThrowingParkTeardownAsync(Sessions: 1)" --job ShortRun --benchmarkId 8 in /home/paff/Projects/WinForward/benchmarks/WinForward.Benchmarks/bin/Release/net10.0/WinForward.Benchmarks-ShortRun-1/bin/Release/net10.0
// Failed to set up high priority (Permission denied). In order to run benchmarks with high priority, make sure you have the right permissions.
// BeforeAnythingElse

// Benchmark Process Environment Information:
// BenchmarkDotNet v0.15.8
// Runtime=.NET 10.0.12 (10.0.12, 10.0.1226.42308), X64 RyuJIT x86-64-v4
// GC=Concurrent Workstation
// HardwareIntrinsics=AVX512 BITALG+VBMI2+VNNI+VPOPCNTDQ,AVX512 IFMA+VBMI,AVX512 F+BW+CD+DQ+VL,AVX2+BMI1+BMI2+F16C+FMA+LZCNT+MOVBE,AVX,SSE3+SSSE3+SSE4.1+SSE4.2+POPCNT,X86Base+SSE+SSE2,AES+PCLMUL,AvxVnni VectorSize=256
// Job: ShortRun(InvocationCount=1, IterationCount=3, LaunchCount=1, UnrollFactor=1, WarmupCount=3)

OverheadJitting  1: 1 op, 249852.00 ns, 249.8520 us/op
WorkloadJitting  1: 1 op, 40860890.00 ns, 40.8609 ms/op

OverheadWarmup   1: 1 op, 461.00 ns, 461.0000 ns/op
OverheadWarmup   2: 1 op, 401.00 ns, 401.0000 ns/op
OverheadWarmup   3: 1 op, 240.00 ns, 240.0000 ns/op
OverheadWarmup   4: 1 op, 270.00 ns, 270.0000 ns/op
OverheadWarmup   5: 1 op, 281.00 ns, 281.0000 ns/op
OverheadWarmup   6: 1 op, 291.00 ns, 291.0000 ns/op
OverheadWarmup   7: 1 op, 280.00 ns, 280.0000 ns/op
OverheadWarmup   8: 1 op, 290.00 ns, 290.0000 ns/op
OverheadWarmup   9: 1 op, 280.00 ns, 280.0000 ns/op

OverheadActual   1: 1 op, 521.00 ns, 521.0000 ns/op
OverheadActual   2: 1 op, 551.00 ns, 551.0000 ns/op
OverheadActual   3: 1 op, 471.00 ns, 471.0000 ns/op
OverheadActual   4: 1 op, 491.00 ns, 491.0000 ns/op
OverheadActual   5: 1 op, 390.00 ns, 390.0000 ns/op
OverheadActual   6: 1 op, 271.00 ns, 271.0000 ns/op
OverheadActual   7: 1 op, 271.00 ns, 271.0000 ns/op
OverheadActual   8: 1 op, 281.00 ns, 281.0000 ns/op
OverheadActual   9: 1 op, 260.00 ns, 260.0000 ns/op
OverheadActual  10: 1 op, 261.00 ns, 261.0000 ns/op
OverheadActual  11: 1 op, 461.00 ns, 461.0000 ns/op
OverheadActual  12: 1 op, 511.00 ns, 511.0000 ns/op
OverheadActual  13: 1 op, 431.00 ns, 431.0000 ns/op
OverheadActual  14: 1 op, 481.00 ns, 481.0000 ns/op
OverheadActual  15: 1 op, 471.00 ns, 471.0000 ns/op
OverheadActual  16: 1 op, 521.00 ns, 521.0000 ns/op
OverheadActual  17: 1 op, 421.00 ns, 421.0000 ns/op
OverheadActual  18: 1 op, 491.00 ns, 491.0000 ns/op
OverheadActual  19: 1 op, 501.00 ns, 501.0000 ns/op
OverheadActual  20: 1 op, 291.00 ns, 291.0000 ns/op

WorkloadWarmup   1: 1 op, 829642.00 ns, 829.6420 us/op
WorkloadWarmup   2: 1 op, 329122.00 ns, 329.1220 us/op
WorkloadWarmup   3: 1 op, 263968.00 ns, 263.9680 us/op

// BeforeActualRun
WorkloadActual   1: 1 op, 282051.00 ns, 282.0510 us/op
WorkloadActual   2: 1 op, 257871.00 ns, 257.8710 us/op
WorkloadActual   3: 1 op, 254841.00 ns, 254.8410 us/op

// AfterActualRun
WorkloadResult   1: 1 op, 281585.00 ns, 281.5850 us/op
WorkloadResult   2: 1 op, 257405.00 ns, 257.4050 us/op
WorkloadResult   3: 1 op, 254375.00 ns, 254.3750 us/op
// GC:  0 0 0 6464 1
// Threading:  1 0 1

// AfterAll
// Benchmark Process 1595948 has exited with code 0.

Mean = 264.455 us, StdErr = 8.610 us (3.26%), N = 3, StdDev = 14.912 us
Min = 254.375 us, Q1 = 255.890 us, Median = 257.405 us, Q3 = 269.495 us, Max = 281.585 us
IQR = 13.605 us, LowerFence = 235.482 us, UpperFence = 289.902 us
ConfidenceInterval = [-7.599 us; 536.509 us] (CI 99.9%), Margin = 272.054 us (102.87% of Mean)
Skewness = 0.37, Kurtosis = 0.67, MValue = 2

// ** Remained 90 (90.9%) benchmark(s) to run. Estimated finish 2026-09-22 17:01 (0h 0m from now) **
// **************************
// Benchmark: SessionSetupDecompositionBenchmarks.BaselineF_FakeTransportCreationAsync: ShortRun(InvocationCount=1, IterationCount=3, LaunchCount=1, UnrollFactor=1, WarmupCount=3) [Sessions=1]
// *** Execute ***
// Launch: 1 / 1
// Execute: dotnet WinForward.Benchmarks-ShortRun-1.dll --anonymousPipes 123 125 --benchmarkName "WinForward.Benchmarks.Perf.SessionSetupDecompositionBenchmarks.BaselineF_FakeTransportCreationAsync(Sessions: 1)" --job ShortRun --benchmarkId 9 in /home/paff/Projects/WinForward/benchmarks/WinForward.Benchmarks/bin/Release/net10.0/WinForward.Benchmarks-ShortRun-1/bin/Release/net10.0
// Failed to set up high priority (Permission denied). In order to run benchmarks with high priority, make sure you have the right permissions.
// BeforeAnythingElse

// Benchmark Process Environment Information:
// BenchmarkDotNet v0.15.8
// Runtime=.NET 10.0.12 (10.0.12, 10.0.1226.42308), X64 RyuJIT x86-64-v4
// GC=Concurrent Workstation
// HardwareIntrinsics=AVX512 BITALG+VBMI2+VNNI+VPOPCNTDQ,AVX512 IFMA+VBMI,AVX512 F+BW+CD+DQ+VL,AVX2+BMI1+BMI2+F16C+FMA+LZCNT+MOVBE,AVX,SSE3+SSSE3+SSE4.1+SSE4.2+POPCNT,X86Base+SSE+SSE2,AES+PCLMUL,AvxVnni VectorSize=256
// Job: ShortRun(InvocationCount=1, IterationCount=3, LaunchCount=1, UnrollFactor=1, WarmupCount=3)

OverheadJitting  1: 1 op, 347302.00 ns, 347.3020 us/op
WorkloadJitting  1: 1 op, 6005850.00 ns, 6.0059 ms/op

OverheadWarmup   1: 1 op, 722.00 ns, 722.0000 ns/op
OverheadWarmup   2: 1 op, 481.00 ns, 481.0000 ns/op
OverheadWarmup   3: 1 op, 621.00 ns, 621.0000 ns/op
OverheadWarmup   4: 1 op, 631.00 ns, 631.0000 ns/op
OverheadWarmup   5: 1 op, 491.00 ns, 491.0000 ns/op
OverheadWarmup   6: 1 op, 260.00 ns, 260.0000 ns/op
OverheadWarmup   7: 1 op, 531.00 ns, 531.0000 ns/op
OverheadWarmup   8: 1 op, 521.00 ns, 521.0000 ns/op

OverheadActual   1: 1 op, 440.00 ns, 440.0000 ns/op
OverheadActual   2: 1 op, 531.00 ns, 531.0000 ns/op
OverheadActual   3: 1 op, 461.00 ns, 461.0000 ns/op
OverheadActual   4: 1 op, 1012.00 ns, 1.0120 us/op
OverheadActual   5: 1 op, 471.00 ns, 471.0000 ns/op
OverheadActual   6: 1 op, 401.00 ns, 401.0000 ns/op
OverheadActual   7: 1 op, 571.00 ns, 571.0000 ns/op
OverheadActual   8: 1 op, 521.00 ns, 521.0000 ns/op
OverheadActual   9: 1 op, 371.00 ns, 371.0000 ns/op
OverheadActual  10: 1 op, 371.00 ns, 371.0000 ns/op
OverheadActual  11: 1 op, 551.00 ns, 551.0000 ns/op
OverheadActual  12: 1 op, 651.00 ns, 651.0000 ns/op
OverheadActual  13: 1 op, 902.00 ns, 902.0000 ns/op
OverheadActual  14: 1 op, 792.00 ns, 792.0000 ns/op
OverheadActual  15: 1 op, 521.00 ns, 521.0000 ns/op
OverheadActual  16: 1 op, 681.00 ns, 681.0000 ns/op
OverheadActual  17: 1 op, 652.00 ns, 652.0000 ns/op
OverheadActual  18: 1 op, 451.00 ns, 451.0000 ns/op
OverheadActual  19: 1 op, 370.00 ns, 370.0000 ns/op
OverheadActual  20: 1 op, 491.00 ns, 491.0000 ns/op

WorkloadWarmup   1: 1 op, 132064.00 ns, 132.0640 us/op
WorkloadWarmup   2: 1 op, 10169.00 ns, 10.1690 us/op
WorkloadWarmup   3: 1 op, 11030.00 ns, 11.0300 us/op

// BeforeActualRun
WorkloadActual   1: 1 op, 9147.00 ns, 9.1470 us/op
WorkloadActual   2: 1 op, 10780.00 ns, 10.7800 us/op
WorkloadActual   3: 1 op, 14066.00 ns, 14.0660 us/op

// AfterActualRun
WorkloadResult   1: 1 op, 8626.00 ns, 8.6260 us/op
WorkloadResult   2: 1 op, 10259.00 ns, 10.2590 us/op
WorkloadResult   3: 1 op, 13545.00 ns, 13.5450 us/op
// GC:  0 0 0 136 1
// Threading:  0 0 1

// AfterAll
// Benchmark Process 1595960 has exited with code 0.

Mean = 10.810 us, StdErr = 1.446 us (13.38%), N = 3, StdDev = 2.505 us
Min = 8.626 us, Q1 = 9.443 us, Median = 10.259 us, Q3 = 11.902 us, Max = 13.545 us
IQR = 2.459 us, LowerFence = 5.753 us, UpperFence = 15.591 us
ConfidenceInterval = [-34.897 us; 56.517 us] (CI 99.9%), Margin = 45.707 us (422.82% of Mean)
Skewness = 0.21, Kurtosis = 0.67, MValue = 2

// ** Remained 89 (89.9%) benchmark(s) to run. Estimated finish 2026-09-22 17:01 (0h 0m from now) **
// **************************
// Benchmark: SessionSetupDecompositionBenchmarks.BaselineH_FlowKeyConstruction: ShortRun(InvocationCount=1, IterationCount=3, LaunchCount=1, UnrollFactor=1, WarmupCount=3) [Sessions=1]
// *** Execute ***
// Launch: 1 / 1
// Execute: dotnet WinForward.Benchmarks-ShortRun-1.dll --anonymousPipes 123 125 --benchmarkName "WinForward.Benchmarks.Perf.SessionSetupDecompositionBenchmarks.BaselineH_FlowKeyConstruction(Sessions: 1)" --job ShortRun --benchmarkId 10 in /home/paff/Projects/WinForward/benchmarks/WinForward.Benchmarks/bin/Release/net10.0/WinForward.Benchmarks-ShortRun-1/bin/Release/net10.0
// Failed to set up high priority (Permission denied). In order to run benchmarks with high priority, make sure you have the right permissions.
// BeforeAnythingElse

// Benchmark Process Environment Information:
// BenchmarkDotNet v0.15.8
// Runtime=.NET 10.0.12 (10.0.12, 10.0.1226.42308), X64 RyuJIT x86-64-v4
// GC=Concurrent Workstation
// HardwareIntrinsics=AVX512 BITALG+VBMI2+VNNI+VPOPCNTDQ,AVX512 IFMA+VBMI,AVX512 F+BW+CD+DQ+VL,AVX2+BMI1+BMI2+F16C+FMA+LZCNT+MOVBE,AVX,SSE3+SSSE3+SSE4.1+SSE4.2+POPCNT,X86Base+SSE+SSE2,AES+PCLMUL,AvxVnni VectorSize=256
// Job: ShortRun(InvocationCount=1, IterationCount=3, LaunchCount=1, UnrollFactor=1, WarmupCount=3)

OverheadJitting  1: 1 op, 285167.00 ns, 285.1670 us/op
WorkloadJitting  1: 1 op, 7336456.00 ns, 7.3365 ms/op

OverheadWarmup   1: 1 op, 611.00 ns, 611.0000 ns/op
OverheadWarmup   2: 1 op, 411.00 ns, 411.0000 ns/op
OverheadWarmup   3: 1 op, 551.00 ns, 551.0000 ns/op
OverheadWarmup   4: 1 op, 451.00 ns, 451.0000 ns/op
OverheadWarmup   5: 1 op, 501.00 ns, 501.0000 ns/op
OverheadWarmup   6: 1 op, 581.00 ns, 581.0000 ns/op
OverheadWarmup   7: 1 op, 541.00 ns, 541.0000 ns/op

OverheadActual   1: 1 op, 470.00 ns, 470.0000 ns/op
OverheadActual   2: 1 op, 481.00 ns, 481.0000 ns/op
OverheadActual   3: 1 op, 501.00 ns, 501.0000 ns/op
OverheadActual   4: 1 op, 451.00 ns, 451.0000 ns/op
OverheadActual   5: 1 op, 25507.00 ns, 25.5070 us/op
OverheadActual   6: 1 op, 601.00 ns, 601.0000 ns/op
OverheadActual   7: 1 op, 772.00 ns, 772.0000 ns/op
OverheadActual   8: 1 op, 431.00 ns, 431.0000 ns/op
OverheadActual   9: 1 op, 481.00 ns, 481.0000 ns/op
OverheadActual  10: 1 op, 451.00 ns, 451.0000 ns/op
OverheadActual  11: 1 op, 471.00 ns, 471.0000 ns/op
OverheadActual  12: 1 op, 531.00 ns, 531.0000 ns/op
OverheadActual  13: 1 op, 301.00 ns, 301.0000 ns/op
OverheadActual  14: 1 op, 340.00 ns, 340.0000 ns/op
OverheadActual  15: 1 op, 480.00 ns, 480.0000 ns/op
OverheadActual  16: 1 op, 421.00 ns, 421.0000 ns/op
OverheadActual  17: 1 op, 461.00 ns, 461.0000 ns/op
OverheadActual  18: 1 op, 421.00 ns, 421.0000 ns/op
OverheadActual  19: 1 op, 441.00 ns, 441.0000 ns/op
OverheadActual  20: 1 op, 281.00 ns, 281.0000 ns/op

WorkloadWarmup   1: 1 op, 22712.00 ns, 22.7120 us/op
WorkloadWarmup   2: 1 op, 14967.00 ns, 14.9670 us/op
WorkloadWarmup   3: 1 op, 14086.00 ns, 14.0860 us/op

// BeforeActualRun
WorkloadActual   1: 1 op, 13745.00 ns, 13.7450 us/op
WorkloadActual   2: 1 op, 14297.00 ns, 14.2970 us/op
WorkloadActual   3: 1 op, 15950.00 ns, 15.9500 us/op

// AfterActualRun
WorkloadResult   1: 1 op, 13279.50 ns, 13.2795 us/op
WorkloadResult   2: 1 op, 13831.50 ns, 13.8315 us/op
WorkloadResult   3: 1 op, 15484.50 ns, 15.4845 us/op
// GC:  0 0 0 352 1
// Threading:  0 0 1

// AfterAll
// Benchmark Process 1595974 has exited with code 0.

Mean = 14.198 us, StdErr = 0.662 us (4.67%), N = 3, StdDev = 1.147 us
Min = 13.280 us, Q1 = 13.556 us, Median = 13.832 us, Q3 = 14.658 us, Max = 15.485 us
IQR = 1.103 us, LowerFence = 11.902 us, UpperFence = 16.312 us
ConfidenceInterval = [-6.734 us; 35.131 us] (CI 99.9%), Margin = 20.933 us (147.43% of Mean)
Skewness = 0.29, Kurtosis = 0.67, MValue = 2

// ** Remained 88 (88.9%) benchmark(s) to run. Estimated finish 2026-09-22 17:01 (0h 0m from now) **
// **************************
// Benchmark: SessionSetupDecompositionBenchmarks.ComponentC1_AssociationClaimRelease: ShortRun(InvocationCount=1, IterationCount=3, LaunchCount=1, UnrollFactor=1, WarmupCount=3) [Sessions=1]
// *** Execute ***
// Launch: 1 / 1
// Execute: dotnet WinForward.Benchmarks-ShortRun-1.dll --anonymousPipes 123 125 --benchmarkName "WinForward.Benchmarks.Perf.SessionSetupDecompositionBenchmarks.ComponentC1_AssociationClaimRelease(Sessions: 1)" --job ShortRun --benchmarkId 11 in /home/paff/Projects/WinForward/benchmarks/WinForward.Benchmarks/bin/Release/net10.0/WinForward.Benchmarks-ShortRun-1/bin/Release/net10.0
// Failed to set up high priority (Permission denied). In order to run benchmarks with high priority, make sure you have the right permissions.
// BeforeAnythingElse

// Benchmark Process Environment Information:
// BenchmarkDotNet v0.15.8
// Runtime=.NET 10.0.12 (10.0.12, 10.0.1226.42308), X64 RyuJIT x86-64-v4
// GC=Concurrent Workstation
// HardwareIntrinsics=AVX512 BITALG+VBMI2+VNNI+VPOPCNTDQ,AVX512 IFMA+VBMI,AVX512 F+BW+CD+DQ+VL,AVX2+BMI1+BMI2+F16C+FMA+LZCNT+MOVBE,AVX,SSE3+SSSE3+SSE4.1+SSE4.2+POPCNT,X86Base+SSE+SSE2,AES+PCLMUL,AvxVnni VectorSize=256
// Job: ShortRun(InvocationCount=1, IterationCount=3, LaunchCount=1, UnrollFactor=1, WarmupCount=3)

OverheadJitting  1: 1 op, 483402.00 ns, 483.4020 us/op
WorkloadJitting  1: 1 op, 20899149.00 ns, 20.8991 ms/op

OverheadWarmup   1: 1 op, 812.00 ns, 812.0000 ns/op
OverheadWarmup   2: 1 op, 701.00 ns, 701.0000 ns/op
OverheadWarmup   3: 1 op, 711.00 ns, 711.0000 ns/op
OverheadWarmup   4: 1 op, 872.00 ns, 872.0000 ns/op
OverheadWarmup   5: 1 op, 571.00 ns, 571.0000 ns/op
OverheadWarmup   6: 1 op, 571.00 ns, 571.0000 ns/op
OverheadWarmup   7: 1 op, 471.00 ns, 471.0000 ns/op

OverheadActual   1: 1 op, 391.00 ns, 391.0000 ns/op
OverheadActual   2: 1 op, 401.00 ns, 401.0000 ns/op
OverheadActual   3: 1 op, 431.00 ns, 431.0000 ns/op
OverheadActual   4: 1 op, 461.00 ns, 461.0000 ns/op
OverheadActual   5: 1 op, 561.00 ns, 561.0000 ns/op
OverheadActual   6: 1 op, 471.00 ns, 471.0000 ns/op
OverheadActual   7: 1 op, 461.00 ns, 461.0000 ns/op
OverheadActual   8: 1 op, 501.00 ns, 501.0000 ns/op
OverheadActual   9: 1 op, 341.00 ns, 341.0000 ns/op
OverheadActual  10: 1 op, 381.00 ns, 381.0000 ns/op
OverheadActual  11: 1 op, 381.00 ns, 381.0000 ns/op
OverheadActual  12: 1 op, 380.00 ns, 380.0000 ns/op
OverheadActual  13: 1 op, 391.00 ns, 391.0000 ns/op
OverheadActual  14: 1 op, 381.00 ns, 381.0000 ns/op
OverheadActual  15: 1 op, 391.00 ns, 391.0000 ns/op
OverheadActual  16: 1 op, 361.00 ns, 361.0000 ns/op
OverheadActual  17: 1 op, 370.00 ns, 370.0000 ns/op
OverheadActual  18: 1 op, 421.00 ns, 421.0000 ns/op
OverheadActual  19: 1 op, 451.00 ns, 451.0000 ns/op
OverheadActual  20: 1 op, 511.00 ns, 511.0000 ns/op

WorkloadWarmup   1: 1 op, 50754.00 ns, 50.7540 us/op
WorkloadWarmup   2: 1 op, 26219.00 ns, 26.2190 us/op
WorkloadWarmup   3: 1 op, 24886.00 ns, 24.8860 us/op

// BeforeActualRun
WorkloadActual   1: 1 op, 28602.00 ns, 28.6020 us/op
WorkloadActual   2: 1 op, 27882.00 ns, 27.8820 us/op
WorkloadActual   3: 1 op, 27321.00 ns, 27.3210 us/op

// AfterActualRun
WorkloadResult   1: 1 op, 28206.00 ns, 28.2060 us/op
WorkloadResult   2: 1 op, 27486.00 ns, 27.4860 us/op
WorkloadResult   3: 1 op, 26925.00 ns, 26.9250 us/op
// GC:  0 0 0 2120 1
// Threading:  0 0 1

// AfterAll
// Benchmark Process 1595983 has exited with code 0.

Mean = 27.539 us, StdErr = 0.371 us (1.35%), N = 3, StdDev = 0.642 us
Min = 26.925 us, Q1 = 27.206 us, Median = 27.486 us, Q3 = 27.846 us, Max = 28.206 us
IQR = 0.640 us, LowerFence = 26.245 us, UpperFence = 28.807 us
ConfidenceInterval = [15.824 us; 39.254 us] (CI 99.9%), Margin = 11.715 us (42.54% of Mean)
Skewness = 0.08, Kurtosis = 0.67, MValue = 2

// ** Remained 87 (87.9%) benchmark(s) to run. Estimated finish 2026-09-22 17:01 (0h 0m from now) **
// **************************
// Benchmark: SessionSetupDecompositionBenchmarks.ComponentC2_SessionConstructStartAsync: ShortRun(InvocationCount=1, IterationCount=3, LaunchCount=1, UnrollFactor=1, WarmupCount=3) [Sessions=1]
// *** Execute ***
// Launch: 1 / 1
// Execute: dotnet WinForward.Benchmarks-ShortRun-1.dll --anonymousPipes 123 125 --benchmarkName "WinForward.Benchmarks.Perf.SessionSetupDecompositionBenchmarks.ComponentC2_SessionConstructStartAsync(Sessions: 1)" --job ShortRun --benchmarkId 12 in /home/paff/Projects/WinForward/benchmarks/WinForward.Benchmarks/bin/Release/net10.0/WinForward.Benchmarks-ShortRun-1/bin/Release/net10.0
// Failed to set up high priority (Permission denied). In order to run benchmarks with high priority, make sure you have the right permissions.
// BeforeAnythingElse

// Benchmark Process Environment Information:
// BenchmarkDotNet v0.15.8
// Runtime=.NET 10.0.12 (10.0.12, 10.0.1226.42308), X64 RyuJIT x86-64-v4
// GC=Concurrent Workstation
// HardwareIntrinsics=AVX512 BITALG+VBMI2+VNNI+VPOPCNTDQ,AVX512 IFMA+VBMI,AVX512 F+BW+CD+DQ+VL,AVX2+BMI1+BMI2+F16C+FMA+LZCNT+MOVBE,AVX,SSE3+SSSE3+SSE4.1+SSE4.2+POPCNT,X86Base+SSE+SSE2,AES+PCLMUL,AvxVnni VectorSize=256
// Job: ShortRun(InvocationCount=1, IterationCount=3, LaunchCount=1, UnrollFactor=1, WarmupCount=3)

OverheadJitting  1: 1 op, 297800.00 ns, 297.8000 us/op
WorkloadJitting  1: 1 op, 29758559.00 ns, 29.7586 ms/op

OverheadWarmup   1: 1 op, 491.00 ns, 491.0000 ns/op
OverheadWarmup   2: 1 op, 260.00 ns, 260.0000 ns/op
OverheadWarmup   3: 1 op, 261.00 ns, 261.0000 ns/op
OverheadWarmup   4: 1 op, 431.00 ns, 431.0000 ns/op
OverheadWarmup   5: 1 op, 400.00 ns, 400.0000 ns/op
OverheadWarmup   6: 1 op, 361.00 ns, 361.0000 ns/op
OverheadWarmup   7: 1 op, 270.00 ns, 270.0000 ns/op
OverheadWarmup   8: 1 op, 261.00 ns, 261.0000 ns/op
OverheadWarmup   9: 1 op, 261.00 ns, 261.0000 ns/op
OverheadWarmup  10: 1 op, 260.00 ns, 260.0000 ns/op

OverheadActual   1: 1 op, 400.00 ns, 400.0000 ns/op
OverheadActual   2: 1 op, 421.00 ns, 421.0000 ns/op
OverheadActual   3: 1 op, 430.00 ns, 430.0000 ns/op
OverheadActual   4: 1 op, 441.00 ns, 441.0000 ns/op
OverheadActual   5: 1 op, 441.00 ns, 441.0000 ns/op
OverheadActual   6: 1 op, 280.00 ns, 280.0000 ns/op
OverheadActual   7: 1 op, 330.00 ns, 330.0000 ns/op
OverheadActual   8: 1 op, 440.00 ns, 440.0000 ns/op
OverheadActual   9: 1 op, 320.00 ns, 320.0000 ns/op
OverheadActual  10: 1 op, 480.00 ns, 480.0000 ns/op
OverheadActual  11: 1 op, 431.00 ns, 431.0000 ns/op
OverheadActual  12: 1 op, 501.00 ns, 501.0000 ns/op
OverheadActual  13: 1 op, 280.00 ns, 280.0000 ns/op
OverheadActual  14: 1 op, 340.00 ns, 340.0000 ns/op
OverheadActual  15: 1 op, 261.00 ns, 261.0000 ns/op
OverheadActual  16: 1 op, 411.00 ns, 411.0000 ns/op
OverheadActual  17: 1 op, 310.00 ns, 310.0000 ns/op
OverheadActual  18: 1 op, 451.00 ns, 451.0000 ns/op
OverheadActual  19: 1 op, 401.00 ns, 401.0000 ns/op
OverheadActual  20: 1 op, 261.00 ns, 261.0000 ns/op

WorkloadWarmup   1: 1 op, 156809.00 ns, 156.8090 us/op
WorkloadWarmup   2: 1 op, 45884.00 ns, 45.8840 us/op
WorkloadWarmup   3: 1 op, 43130.00 ns, 43.1300 us/op

// BeforeActualRun
WorkloadActual   1: 1 op, 73676.00 ns, 73.6760 us/op
WorkloadActual   2: 1 op, 43080.00 ns, 43.0800 us/op
WorkloadActual   3: 1 op, 102038.00 ns, 102.0380 us/op

// AfterActualRun
WorkloadResult   1: 1 op, 73270.00 ns, 73.2700 us/op
WorkloadResult   2: 1 op, 42674.00 ns, 42.6740 us/op
WorkloadResult   3: 1 op, 101632.00 ns, 101.6320 us/op
// GC:  0 0 0 5480 1
// Threading:  0 0 1

// AfterAll
// Benchmark Process 1595992 has exited with code 0.

Mean = 72.525 us, StdErr = 17.024 us (23.47%), N = 3, StdDev = 29.486 us
Min = 42.674 us, Q1 = 57.972 us, Median = 73.270 us, Q3 = 87.451 us, Max = 101.632 us
IQR = 29.479 us, LowerFence = 13.754 us, UpperFence = 131.669 us
ConfidenceInterval = [-465.410 us; 610.461 us] (CI 99.9%), Margin = 537.935 us (741.72% of Mean)
Skewness = -0.03, Kurtosis = 0.67, MValue = 2

// ** Remained 86 (86.9%) benchmark(s) to run. Estimated finish 2026-09-22 17:01 (0h 0m from now) **
// **************************
// Benchmark: SessionSetupDecompositionBenchmarks.ComponentC2a1_ContextRecordStaticLambda: ShortRun(InvocationCount=1, IterationCount=3, LaunchCount=1, UnrollFactor=1, WarmupCount=3) [Sessions=1]
// *** Execute ***
// Launch: 1 / 1
// Execute: dotnet WinForward.Benchmarks-ShortRun-1.dll --anonymousPipes 123 125 --benchmarkName "WinForward.Benchmarks.Perf.SessionSetupDecompositionBenchmarks.ComponentC2a1_ContextRecordStaticLambda(Sessions: 1)" --job ShortRun --benchmarkId 13 in /home/paff/Projects/WinForward/benchmarks/WinForward.Benchmarks/bin/Release/net10.0/WinForward.Benchmarks-ShortRun-1/bin/Release/net10.0
// Failed to set up high priority (Permission denied). In order to run benchmarks with high priority, make sure you have the right permissions.
// BeforeAnythingElse

// Benchmark Process Environment Information:
// BenchmarkDotNet v0.15.8
// Runtime=.NET 10.0.12 (10.0.12, 10.0.1226.42308), X64 RyuJIT x86-64-v4
// GC=Concurrent Workstation
// HardwareIntrinsics=AVX512 BITALG+VBMI2+VNNI+VPOPCNTDQ,AVX512 IFMA+VBMI,AVX512 F+BW+CD+DQ+VL,AVX2+BMI1+BMI2+F16C+FMA+LZCNT+MOVBE,AVX,SSE3+SSSE3+SSE4.1+SSE4.2+POPCNT,X86Base+SSE+SSE2,AES+PCLMUL,AvxVnni VectorSize=256
// Job: ShortRun(InvocationCount=1, IterationCount=3, LaunchCount=1, UnrollFactor=1, WarmupCount=3)

OverheadJitting  1: 1 op, 259349.00 ns, 259.3490 us/op
WorkloadJitting  1: 1 op, 18025594.00 ns, 18.0256 ms/op

OverheadWarmup   1: 1 op, 601.00 ns, 601.0000 ns/op
OverheadWarmup   2: 1 op, 411.00 ns, 411.0000 ns/op
OverheadWarmup   3: 1 op, 441.00 ns, 441.0000 ns/op
OverheadWarmup   4: 1 op, 1212.00 ns, 1.2120 us/op
OverheadWarmup   5: 1 op, 431.00 ns, 431.0000 ns/op
OverheadWarmup   6: 1 op, 410.00 ns, 410.0000 ns/op
OverheadWarmup   7: 1 op, 360.00 ns, 360.0000 ns/op
OverheadWarmup   8: 1 op, 271.00 ns, 271.0000 ns/op
OverheadWarmup   9: 1 op, 261.00 ns, 261.0000 ns/op
OverheadWarmup  10: 1 op, 260.00 ns, 260.0000 ns/op

OverheadActual   1: 1 op, 441.00 ns, 441.0000 ns/op
OverheadActual   2: 1 op, 451.00 ns, 451.0000 ns/op
OverheadActual   3: 1 op, 381.00 ns, 381.0000 ns/op
OverheadActual   4: 1 op, 431.00 ns, 431.0000 ns/op
OverheadActual   5: 1 op, 290.00 ns, 290.0000 ns/op
OverheadActual   6: 1 op, 421.00 ns, 421.0000 ns/op
OverheadActual   7: 1 op, 431.00 ns, 431.0000 ns/op
OverheadActual   8: 1 op, 220.00 ns, 220.0000 ns/op
OverheadActual   9: 1 op, 451.00 ns, 451.0000 ns/op
OverheadActual  10: 1 op, 270.00 ns, 270.0000 ns/op
OverheadActual  11: 1 op, 270.00 ns, 270.0000 ns/op
OverheadActual  12: 1 op, 271.00 ns, 271.0000 ns/op
OverheadActual  13: 1 op, 280.00 ns, 280.0000 ns/op
OverheadActual  14: 1 op, 431.00 ns, 431.0000 ns/op
OverheadActual  15: 1 op, 491.00 ns, 491.0000 ns/op
OverheadActual  16: 1 op, 290.00 ns, 290.0000 ns/op
OverheadActual  17: 1 op, 441.00 ns, 441.0000 ns/op
OverheadActual  18: 1 op, 271.00 ns, 271.0000 ns/op
OverheadActual  19: 1 op, 340.00 ns, 340.0000 ns/op
OverheadActual  20: 1 op, 440.00 ns, 440.0000 ns/op

WorkloadWarmup   1: 1 op, 47678.00 ns, 47.6780 us/op
WorkloadWarmup   2: 1 op, 24014.00 ns, 24.0140 us/op
WorkloadWarmup   3: 1 op, 21249.00 ns, 21.2490 us/op

// BeforeActualRun
WorkloadActual   1: 1 op, 24405.00 ns, 24.4050 us/op
WorkloadActual   2: 1 op, 20658.00 ns, 20.6580 us/op
WorkloadActual   3: 1 op, 24726.00 ns, 24.7260 us/op

// AfterActualRun
WorkloadResult   1: 1 op, 24004.00 ns, 24.0040 us/op
WorkloadResult   2: 1 op, 20257.00 ns, 20.2570 us/op
WorkloadResult   3: 1 op, 24325.00 ns, 24.3250 us/op
// GC:  0 0 0 3808 1
// Threading:  0 0 1

// AfterAll
// Benchmark Process 1596006 has exited with code 0.

Mean = 22.862 us, StdErr = 1.306 us (5.71%), N = 3, StdDev = 2.262 us
Min = 20.257 us, Q1 = 22.131 us, Median = 24.004 us, Q3 = 24.165 us, Max = 24.325 us
IQR = 2.034 us, LowerFence = 19.079 us, UpperFence = 27.215 us
ConfidenceInterval = [-18.400 us; 64.124 us] (CI 99.9%), Margin = 41.262 us (180.48% of Mean)
Skewness = -0.38, Kurtosis = 0.67, MValue = 2

// ** Remained 85 (85.9%) benchmark(s) to run. Estimated finish 2026-09-22 17:01 (0h 0m from now) **
// **************************
// Benchmark: SessionSetupDecompositionBenchmarks.ComponentC2a2_ContextRecordMethodGroup: ShortRun(InvocationCount=1, IterationCount=3, LaunchCount=1, UnrollFactor=1, WarmupCount=3) [Sessions=1]
// *** Execute ***
// Launch: 1 / 1
// Execute: dotnet WinForward.Benchmarks-ShortRun-1.dll --anonymousPipes 123 125 --benchmarkName "WinForward.Benchmarks.Perf.SessionSetupDecompositionBenchmarks.ComponentC2a2_ContextRecordMethodGroup(Sessions: 1)" --job ShortRun --benchmarkId 14 in /home/paff/Projects/WinForward/benchmarks/WinForward.Benchmarks/bin/Release/net10.0/WinForward.Benchmarks-ShortRun-1/bin/Release/net10.0
// Failed to set up high priority (Permission denied). In order to run benchmarks with high priority, make sure you have the right permissions.
// BeforeAnythingElse

// Benchmark Process Environment Information:
// BenchmarkDotNet v0.15.8
// Runtime=.NET 10.0.12 (10.0.12, 10.0.1226.42308), X64 RyuJIT x86-64-v4
// GC=Concurrent Workstation
// HardwareIntrinsics=AVX512 BITALG+VBMI2+VNNI+VPOPCNTDQ,AVX512 IFMA+VBMI,AVX512 F+BW+CD+DQ+VL,AVX2+BMI1+BMI2+F16C+FMA+LZCNT+MOVBE,AVX,SSE3+SSSE3+SSE4.1+SSE4.2+POPCNT,X86Base+SSE+SSE2,AES+PCLMUL,AvxVnni VectorSize=256
// Job: ShortRun(InvocationCount=1, IterationCount=3, LaunchCount=1, UnrollFactor=1, WarmupCount=3)

OverheadJitting  1: 1 op, 276270.00 ns, 276.2700 us/op
WorkloadJitting  1: 1 op, 18891303.00 ns, 18.8913 ms/op

OverheadWarmup   1: 1 op, 471.00 ns, 471.0000 ns/op
OverheadWarmup   2: 1 op, 300.00 ns, 300.0000 ns/op
OverheadWarmup   3: 1 op, 281.00 ns, 281.0000 ns/op
OverheadWarmup   4: 1 op, 290.00 ns, 290.0000 ns/op
OverheadWarmup   5: 1 op, 461.00 ns, 461.0000 ns/op
OverheadWarmup   6: 1 op, 310.00 ns, 310.0000 ns/op
OverheadWarmup   7: 1 op, 1413.00 ns, 1.4130 us/op
OverheadWarmup   8: 1 op, 541.00 ns, 541.0000 ns/op

OverheadActual   1: 1 op, 601.00 ns, 601.0000 ns/op
OverheadActual   2: 1 op, 470.00 ns, 470.0000 ns/op
OverheadActual   3: 1 op, 491.00 ns, 491.0000 ns/op
OverheadActual   4: 1 op, 471.00 ns, 471.0000 ns/op
OverheadActual   5: 1 op, 491.00 ns, 491.0000 ns/op
OverheadActual   6: 1 op, 591.00 ns, 591.0000 ns/op
OverheadActual   7: 1 op, 561.00 ns, 561.0000 ns/op
OverheadActual   8: 1 op, 521.00 ns, 521.0000 ns/op
OverheadActual   9: 1 op, 301.00 ns, 301.0000 ns/op
OverheadActual  10: 1 op, 290.00 ns, 290.0000 ns/op
OverheadActual  11: 1 op, 291.00 ns, 291.0000 ns/op
OverheadActual  12: 1 op, 281.00 ns, 281.0000 ns/op
OverheadActual  13: 1 op, 531.00 ns, 531.0000 ns/op
OverheadActual  14: 1 op, 401.00 ns, 401.0000 ns/op
OverheadActual  15: 1 op, 370.00 ns, 370.0000 ns/op
OverheadActual  16: 1 op, 672.00 ns, 672.0000 ns/op
OverheadActual  17: 1 op, 571.00 ns, 571.0000 ns/op
OverheadActual  18: 1 op, 551.00 ns, 551.0000 ns/op
OverheadActual  19: 1 op, 481.00 ns, 481.0000 ns/op
OverheadActual  20: 1 op, 511.00 ns, 511.0000 ns/op

WorkloadWarmup   1: 1 op, 48720.00 ns, 48.7200 us/op
WorkloadWarmup   2: 1 op, 32831.00 ns, 32.8310 us/op
WorkloadWarmup   3: 1 op, 29805.00 ns, 29.8050 us/op

// BeforeActualRun
WorkloadActual   1: 1 op, 29294.00 ns, 29.2940 us/op
WorkloadActual   2: 1 op, 26229.00 ns, 26.2290 us/op
WorkloadActual   3: 1 op, 22462.00 ns, 22.4620 us/op

// AfterActualRun
WorkloadResult   1: 1 op, 28803.00 ns, 28.8030 us/op
WorkloadResult   2: 1 op, 25738.00 ns, 25.7380 us/op
WorkloadResult   3: 1 op, 21971.00 ns, 21.9710 us/op
// GC:  0 0 0 3896 1
// Threading:  0 0 1

// AfterAll
// Benchmark Process 1596020 has exited with code 0.

Mean = 25.504 us, StdErr = 1.976 us (7.75%), N = 3, StdDev = 3.422 us
Min = 21.971 us, Q1 = 23.855 us, Median = 25.738 us, Q3 = 27.270 us, Max = 28.803 us
IQR = 3.416 us, LowerFence = 18.730 us, UpperFence = 32.395 us
ConfidenceInterval = [-36.926 us; 87.934 us] (CI 99.9%), Margin = 62.430 us (244.79% of Mean)
Skewness = -0.07, Kurtosis = 0.67, MValue = 2

// ** Remained 84 (84.8%) benchmark(s) to run. Estimated finish 2026-09-22 17:01 (0h 0m from now) **
// **************************
// Benchmark: SessionSetupDecompositionBenchmarks.ComponentC2b_SessionConstructOnly: ShortRun(InvocationCount=1, IterationCount=3, LaunchCount=1, UnrollFactor=1, WarmupCount=3) [Sessions=1]
// *** Execute ***
// Launch: 1 / 1
// Execute: dotnet WinForward.Benchmarks-ShortRun-1.dll --anonymousPipes 123 125 --benchmarkName "WinForward.Benchmarks.Perf.SessionSetupDecompositionBenchmarks.ComponentC2b_SessionConstructOnly(Sessions: 1)" --job ShortRun --benchmarkId 15 in /home/paff/Projects/WinForward/benchmarks/WinForward.Benchmarks/bin/Release/net10.0/WinForward.Benchmarks-ShortRun-1/bin/Release/net10.0
// Failed to set up high priority (Permission denied). In order to run benchmarks with high priority, make sure you have the right permissions.
// BeforeAnythingElse

// Benchmark Process Environment Information:
// BenchmarkDotNet v0.15.8
// Runtime=.NET 10.0.12 (10.0.12, 10.0.1226.42308), X64 RyuJIT x86-64-v4
// GC=Concurrent Workstation
// HardwareIntrinsics=AVX512 BITALG+VBMI2+VNNI+VPOPCNTDQ,AVX512 IFMA+VBMI,AVX512 F+BW+CD+DQ+VL,AVX2+BMI1+BMI2+F16C+FMA+LZCNT+MOVBE,AVX,SSE3+SSSE3+SSE4.1+SSE4.2+POPCNT,X86Base+SSE+SSE2,AES+PCLMUL,AvxVnni VectorSize=256
// Job: ShortRun(InvocationCount=1, IterationCount=3, LaunchCount=1, UnrollFactor=1, WarmupCount=3)

OverheadJitting  1: 1 op, 290326.00 ns, 290.3260 us/op
WorkloadJitting  1: 1 op, 17874514.00 ns, 17.8745 ms/op

OverheadWarmup   1: 1 op, 561.00 ns, 561.0000 ns/op
OverheadWarmup   2: 1 op, 561.00 ns, 561.0000 ns/op
OverheadWarmup   3: 1 op, 471.00 ns, 471.0000 ns/op
OverheadWarmup   4: 1 op, 481.00 ns, 481.0000 ns/op
OverheadWarmup   5: 1 op, 451.00 ns, 451.0000 ns/op

OverheadActual   1: 1 op, 460.00 ns, 460.0000 ns/op
OverheadActual   2: 1 op, 571.00 ns, 571.0000 ns/op
OverheadActual   3: 1 op, 491.00 ns, 491.0000 ns/op
OverheadActual   4: 1 op, 521.00 ns, 521.0000 ns/op
OverheadActual   5: 1 op, 642.00 ns, 642.0000 ns/op
OverheadActual   6: 1 op, 531.00 ns, 531.0000 ns/op
OverheadActual   7: 1 op, 371.00 ns, 371.0000 ns/op
OverheadActual   8: 1 op, 330.00 ns, 330.0000 ns/op
OverheadActual   9: 1 op, 441.00 ns, 441.0000 ns/op
OverheadActual  10: 1 op, 380.00 ns, 380.0000 ns/op
OverheadActual  11: 1 op, 641.00 ns, 641.0000 ns/op
OverheadActual  12: 1 op, 421.00 ns, 421.0000 ns/op
OverheadActual  13: 1 op, 421.00 ns, 421.0000 ns/op
OverheadActual  14: 1 op, 541.00 ns, 541.0000 ns/op
OverheadActual  15: 1 op, 281.00 ns, 281.0000 ns/op
OverheadActual  16: 1 op, 431.00 ns, 431.0000 ns/op
OverheadActual  17: 1 op, 561.00 ns, 561.0000 ns/op
OverheadActual  18: 1 op, 461.00 ns, 461.0000 ns/op
OverheadActual  19: 1 op, 511.00 ns, 511.0000 ns/op
OverheadActual  20: 1 op, 460.00 ns, 460.0000 ns/op

WorkloadWarmup   1: 1 op, 84306.00 ns, 84.3060 us/op
WorkloadWarmup   2: 1 op, 31489.00 ns, 31.4890 us/op
WorkloadWarmup   3: 1 op, 24615.00 ns, 24.6150 us/op

// BeforeActualRun
WorkloadActual   1: 1 op, 57726.00 ns, 57.7260 us/op
WorkloadActual   2: 1 op, 23543.00 ns, 23.5430 us/op
WorkloadActual   3: 1 op, 28202.00 ns, 28.2020 us/op

// AfterActualRun
WorkloadResult   1: 1 op, 57265.50 ns, 57.2655 us/op
WorkloadResult   2: 1 op, 23082.50 ns, 23.0825 us/op
WorkloadResult   3: 1 op, 27741.50 ns, 27.7415 us/op
// GC:  0 0 0 4528 1
// Threading:  0 0 1

// AfterAll
// Benchmark Process 1596030 has exited with code 0.

Mean = 36.030 us, StdErr = 10.703 us (29.71%), N = 3, StdDev = 18.538 us
Min = 23.082 us, Q1 = 25.412 us, Median = 27.741 us, Q3 = 42.504 us, Max = 57.266 us
IQR = 17.091 us, LowerFence = -0.225 us, UpperFence = 68.141 us
ConfidenceInterval = [-302.165 us; 374.224 us] (CI 99.9%), Margin = 338.194 us (938.65% of Mean)
Skewness = 0.36, Kurtosis = 0.67, MValue = 2

// ** Remained 83 (83.8%) benchmark(s) to run. Estimated finish 2026-09-22 17:01 (0h 0m from now) **
// **************************
// Benchmark: SessionSetupDecompositionBenchmarks.ComponentC2c1_ScopeConstructLinked: ShortRun(InvocationCount=1, IterationCount=3, LaunchCount=1, UnrollFactor=1, WarmupCount=3) [Sessions=1]
// *** Execute ***
// Launch: 1 / 1
// Execute: dotnet WinForward.Benchmarks-ShortRun-1.dll --anonymousPipes 123 125 --benchmarkName "WinForward.Benchmarks.Perf.SessionSetupDecompositionBenchmarks.ComponentC2c1_ScopeConstructLinked(Sessions: 1)" --job ShortRun --benchmarkId 16 in /home/paff/Projects/WinForward/benchmarks/WinForward.Benchmarks/bin/Release/net10.0/WinForward.Benchmarks-ShortRun-1/bin/Release/net10.0
// Failed to set up high priority (Permission denied). In order to run benchmarks with high priority, make sure you have the right permissions.
// BeforeAnythingElse

// Benchmark Process Environment Information:
// BenchmarkDotNet v0.15.8
// Runtime=.NET 10.0.12 (10.0.12, 10.0.1226.42308), X64 RyuJIT x86-64-v4
// GC=Concurrent Workstation
// HardwareIntrinsics=AVX512 BITALG+VBMI2+VNNI+VPOPCNTDQ,AVX512 IFMA+VBMI,AVX512 F+BW+CD+DQ+VL,AVX2+BMI1+BMI2+F16C+FMA+LZCNT+MOVBE,AVX,SSE3+SSSE3+SSE4.1+SSE4.2+POPCNT,X86Base+SSE+SSE2,AES+PCLMUL,AvxVnni VectorSize=256
// Job: ShortRun(InvocationCount=1, IterationCount=3, LaunchCount=1, UnrollFactor=1, WarmupCount=3)

OverheadJitting  1: 1 op, 257164.00 ns, 257.1640 us/op
WorkloadJitting  1: 1 op, 1380709.00 ns, 1.3807 ms/op

OverheadWarmup   1: 1 op, 430.00 ns, 430.0000 ns/op
OverheadWarmup   2: 1 op, 260.00 ns, 260.0000 ns/op
OverheadWarmup   3: 1 op, 260.00 ns, 260.0000 ns/op
OverheadWarmup   4: 1 op, 491.00 ns, 491.0000 ns/op
OverheadWarmup   5: 1 op, 260.00 ns, 260.0000 ns/op
OverheadWarmup   6: 1 op, 261.00 ns, 261.0000 ns/op

OverheadActual   1: 1 op, 501.00 ns, 501.0000 ns/op
OverheadActual   2: 1 op, 491.00 ns, 491.0000 ns/op
OverheadActual   3: 1 op, 552.00 ns, 552.0000 ns/op
OverheadActual   4: 1 op, 541.00 ns, 541.0000 ns/op
OverheadActual   5: 1 op, 511.00 ns, 511.0000 ns/op
OverheadActual   6: 1 op, 521.00 ns, 521.0000 ns/op
OverheadActual   7: 1 op, 521.00 ns, 521.0000 ns/op
OverheadActual   8: 1 op, 531.00 ns, 531.0000 ns/op
OverheadActual   9: 1 op, 451.00 ns, 451.0000 ns/op
OverheadActual  10: 1 op, 561.00 ns, 561.0000 ns/op
OverheadActual  11: 1 op, 371.00 ns, 371.0000 ns/op
OverheadActual  12: 1 op, 441.00 ns, 441.0000 ns/op
OverheadActual  13: 1 op, 591.00 ns, 591.0000 ns/op
OverheadActual  14: 1 op, 501.00 ns, 501.0000 ns/op
OverheadActual  15: 1 op, 281.00 ns, 281.0000 ns/op
OverheadActual  16: 1 op, 260.00 ns, 260.0000 ns/op
OverheadActual  17: 1 op, 470.00 ns, 470.0000 ns/op
OverheadActual  18: 1 op, 481.00 ns, 481.0000 ns/op
OverheadActual  19: 1 op, 261.00 ns, 261.0000 ns/op
OverheadActual  20: 1 op, 270.00 ns, 270.0000 ns/op

WorkloadWarmup   1: 1 op, 17231.00 ns, 17.2310 us/op
WorkloadWarmup   2: 1 op, 8646.00 ns, 8.6460 us/op
WorkloadWarmup   3: 1 op, 8416.00 ns, 8.4160 us/op

// BeforeActualRun
WorkloadActual   1: 1 op, 8216.00 ns, 8.2160 us/op
WorkloadActual   2: 1 op, 61654.00 ns, 61.6540 us/op
WorkloadActual   3: 1 op, 5690.00 ns, 5.6900 us/op

// AfterActualRun
WorkloadResult   1: 1 op, 7720.00 ns, 7.7200 us/op
WorkloadResult   2: 1 op, 61158.00 ns, 61.1580 us/op
WorkloadResult   3: 1 op, 5194.00 ns, 5.1940 us/op
// GC:  0 0 0 416 1
// Threading:  0 0 1

// AfterAll
// Benchmark Process 1596039 has exited with code 0.

Mean = 24.691 us, StdErr = 18.248 us (73.91%), N = 3, StdDev = 31.607 us
Min = 5.194 us, Q1 = 6.457 us, Median = 7.720 us, Q3 = 34.439 us, Max = 61.158 us
IQR = 27.982 us, LowerFence = -35.516 us, UpperFence = 76.412 us
ConfidenceInterval = [-551.937 us; 601.318 us] (CI 99.9%), Margin = 576.627 us (2335.41% of Mean)
Skewness = 0.38, Kurtosis = 0.67, MValue = 2

// ** Remained 82 (82.8%) benchmark(s) to run. Estimated finish 2026-09-22 17:01 (0h 0m from now) **
// **************************
// Benchmark: SessionSetupDecompositionBenchmarks.ComponentC2c2_ScopeConstructUnlinked: ShortRun(InvocationCount=1, IterationCount=3, LaunchCount=1, UnrollFactor=1, WarmupCount=3) [Sessions=1]
// *** Execute ***
// Launch: 1 / 1
// Execute: dotnet WinForward.Benchmarks-ShortRun-1.dll --anonymousPipes 123 125 --benchmarkName "WinForward.Benchmarks.Perf.SessionSetupDecompositionBenchmarks.ComponentC2c2_ScopeConstructUnlinked(Sessions: 1)" --job ShortRun --benchmarkId 17 in /home/paff/Projects/WinForward/benchmarks/WinForward.Benchmarks/bin/Release/net10.0/WinForward.Benchmarks-ShortRun-1/bin/Release/net10.0
// Failed to set up high priority (Permission denied). In order to run benchmarks with high priority, make sure you have the right permissions.
// BeforeAnythingElse

// Benchmark Process Environment Information:
// BenchmarkDotNet v0.15.8
// Runtime=.NET 10.0.12 (10.0.12, 10.0.1226.42308), X64 RyuJIT x86-64-v4
// GC=Concurrent Workstation
// HardwareIntrinsics=AVX512 BITALG+VBMI2+VNNI+VPOPCNTDQ,AVX512 IFMA+VBMI,AVX512 F+BW+CD+DQ+VL,AVX2+BMI1+BMI2+F16C+FMA+LZCNT+MOVBE,AVX,SSE3+SSSE3+SSE4.1+SSE4.2+POPCNT,X86Base+SSE+SSE2,AES+PCLMUL,AvxVnni VectorSize=256
// Job: ShortRun(InvocationCount=1, IterationCount=3, LaunchCount=1, UnrollFactor=1, WarmupCount=3)

OverheadJitting  1: 1 op, 337403.00 ns, 337.4030 us/op
WorkloadJitting  1: 1 op, 1165101.00 ns, 1.1651 ms/op

OverheadWarmup   1: 1 op, 441.00 ns, 441.0000 ns/op
OverheadWarmup   2: 1 op, 561.00 ns, 561.0000 ns/op
OverheadWarmup   3: 1 op, 531.00 ns, 531.0000 ns/op
OverheadWarmup   4: 1 op, 531.00 ns, 531.0000 ns/op
OverheadWarmup   5: 1 op, 481.00 ns, 481.0000 ns/op

OverheadActual   1: 1 op, 481.00 ns, 481.0000 ns/op
OverheadActual   2: 1 op, 461.00 ns, 461.0000 ns/op
OverheadActual   3: 1 op, 792.00 ns, 792.0000 ns/op
OverheadActual   4: 1 op, 481.00 ns, 481.0000 ns/op
OverheadActual   5: 1 op, 471.00 ns, 471.0000 ns/op
OverheadActual   6: 1 op, 481.00 ns, 481.0000 ns/op
OverheadActual   7: 1 op, 521.00 ns, 521.0000 ns/op
OverheadActual   8: 1 op, 360.00 ns, 360.0000 ns/op
OverheadActual   9: 1 op, 331.00 ns, 331.0000 ns/op
OverheadActual  10: 1 op, 340.00 ns, 340.0000 ns/op
OverheadActual  11: 1 op, 370.00 ns, 370.0000 ns/op
OverheadActual  12: 1 op, 541.00 ns, 541.0000 ns/op
OverheadActual  13: 1 op, 250.00 ns, 250.0000 ns/op
OverheadActual  14: 1 op, 511.00 ns, 511.0000 ns/op
OverheadActual  15: 1 op, 291.00 ns, 291.0000 ns/op
OverheadActual  16: 1 op, 271.00 ns, 271.0000 ns/op
OverheadActual  17: 1 op, 271.00 ns, 271.0000 ns/op
OverheadActual  18: 1 op, 391.00 ns, 391.0000 ns/op
OverheadActual  19: 1 op, 491.00 ns, 491.0000 ns/op
OverheadActual  20: 1 op, 370.00 ns, 370.0000 ns/op

WorkloadWarmup   1: 1 op, 8286.00 ns, 8.2860 us/op
WorkloadWarmup   2: 1 op, 6823.00 ns, 6.8230 us/op
WorkloadWarmup   3: 1 op, 7293.00 ns, 7.2930 us/op

// BeforeActualRun
WorkloadActual   1: 1 op, 6512.00 ns, 6.5120 us/op
WorkloadActual   2: 1 op, 6482.00 ns, 6.4820 us/op
WorkloadActual   3: 1 op, 6422.00 ns, 6.4220 us/op

// AfterActualRun
WorkloadResult   1: 1 op, 6086.00 ns, 6.0860 us/op
WorkloadResult   2: 1 op, 6056.00 ns, 6.0560 us/op
WorkloadResult   3: 1 op, 5996.00 ns, 5.9960 us/op
// GC:  0 0 0 208 1
// Threading:  0 0 1

// AfterAll
// Benchmark Process 1596063 has exited with code 0.

Mean = 6.046 us, StdErr = 0.026 us (0.44%), N = 3, StdDev = 0.046 us
Min = 5.996 us, Q1 = 6.026 us, Median = 6.056 us, Q3 = 6.071 us, Max = 6.086 us
IQR = 0.045 us, LowerFence = 5.958 us, UpperFence = 6.138 us
ConfidenceInterval = [5.210 us; 6.882 us] (CI 99.9%), Margin = 0.836 us (13.83% of Mean)
Skewness = -0.21, Kurtosis = 0.67, MValue = 2

// ** Remained 81 (81.8%) benchmark(s) to run. Estimated finish 2026-09-22 17:01 (0h 0m from now) **
// **************************
// Benchmark: SessionSetupDecompositionBenchmarks.ComponentC2e_LockConstruction: ShortRun(InvocationCount=1, IterationCount=3, LaunchCount=1, UnrollFactor=1, WarmupCount=3) [Sessions=1]
// *** Execute ***
// Launch: 1 / 1
// Execute: dotnet WinForward.Benchmarks-ShortRun-1.dll --anonymousPipes 123 125 --benchmarkName "WinForward.Benchmarks.Perf.SessionSetupDecompositionBenchmarks.ComponentC2e_LockConstruction(Sessions: 1)" --job ShortRun --benchmarkId 18 in /home/paff/Projects/WinForward/benchmarks/WinForward.Benchmarks/bin/Release/net10.0/WinForward.Benchmarks-ShortRun-1/bin/Release/net10.0
// Failed to set up high priority (Permission denied). In order to run benchmarks with high priority, make sure you have the right permissions.
// BeforeAnythingElse

// Benchmark Process Environment Information:
// BenchmarkDotNet v0.15.8
// Runtime=.NET 10.0.12 (10.0.12, 10.0.1226.42308), X64 RyuJIT x86-64-v4
// GC=Concurrent Workstation
// HardwareIntrinsics=AVX512 BITALG+VBMI2+VNNI+VPOPCNTDQ,AVX512 IFMA+VBMI,AVX512 F+BW+CD+DQ+VL,AVX2+BMI1+BMI2+F16C+FMA+LZCNT+MOVBE,AVX,SSE3+SSSE3+SSE4.1+SSE4.2+POPCNT,X86Base+SSE+SSE2,AES+PCLMUL,AvxVnni VectorSize=256
// Job: ShortRun(InvocationCount=1, IterationCount=3, LaunchCount=1, UnrollFactor=1, WarmupCount=3)

OverheadJitting  1: 1 op, 271431.00 ns, 271.4310 us/op
WorkloadJitting  1: 1 op, 1014413.00 ns, 1.0144 ms/op

OverheadWarmup   1: 1 op, 581.00 ns, 581.0000 ns/op
OverheadWarmup   2: 1 op, 391.00 ns, 391.0000 ns/op
OverheadWarmup   3: 1 op, 271.00 ns, 271.0000 ns/op
OverheadWarmup   4: 1 op, 461.00 ns, 461.0000 ns/op
OverheadWarmup   5: 1 op, 300.00 ns, 300.0000 ns/op
OverheadWarmup   6: 1 op, 451.00 ns, 451.0000 ns/op
OverheadWarmup   7: 1 op, 441.00 ns, 441.0000 ns/op

OverheadActual   1: 1 op, 430.00 ns, 430.0000 ns/op
OverheadActual   2: 1 op, 461.00 ns, 461.0000 ns/op
OverheadActual   3: 1 op, 531.00 ns, 531.0000 ns/op
OverheadActual   4: 1 op, 601.00 ns, 601.0000 ns/op
OverheadActual   5: 1 op, 501.00 ns, 501.0000 ns/op
OverheadActual   6: 1 op, 370.00 ns, 370.0000 ns/op
OverheadActual   7: 1 op, 261.00 ns, 261.0000 ns/op
OverheadActual   8: 1 op, 260.00 ns, 260.0000 ns/op
OverheadActual   9: 1 op, 270.00 ns, 270.0000 ns/op
OverheadActual  10: 1 op, 260.00 ns, 260.0000 ns/op
OverheadActual  11: 1 op, 471.00 ns, 471.0000 ns/op
OverheadActual  12: 1 op, 371.00 ns, 371.0000 ns/op
OverheadActual  13: 1 op, 261.00 ns, 261.0000 ns/op
OverheadActual  14: 1 op, 1132.00 ns, 1.1320 us/op
OverheadActual  15: 1 op, 441.00 ns, 441.0000 ns/op
OverheadActual  16: 1 op, 451.00 ns, 451.0000 ns/op
OverheadActual  17: 1 op, 271.00 ns, 271.0000 ns/op
OverheadActual  18: 1 op, 571.00 ns, 571.0000 ns/op
OverheadActual  19: 1 op, 551.00 ns, 551.0000 ns/op
OverheadActual  20: 1 op, 491.00 ns, 491.0000 ns/op

WorkloadWarmup   1: 1 op, 4358.00 ns, 4.3580 us/op
WorkloadWarmup   2: 1 op, 3767.00 ns, 3.7670 us/op
WorkloadWarmup   3: 1 op, 6612.00 ns, 6.6120 us/op

// BeforeActualRun
WorkloadActual   1: 1 op, 18294.00 ns, 18.2940 us/op
WorkloadActual   2: 1 op, 3316.00 ns, 3.3160 us/op
WorkloadActual   3: 1 op, 2745.00 ns, 2.7450 us/op

// AfterActualRun
WorkloadResult   1: 1 op, 17848.00 ns, 17.8480 us/op
WorkloadResult   2: 1 op, 2870.00 ns, 2.8700 us/op
WorkloadResult   3: 1 op, 2299.00 ns, 2.2990 us/op
// GC:  0 0 0 40 1
// Threading:  0 0 1

// AfterAll
// Benchmark Process 1596080 has exited with code 0.

Mean = 7.672 us, StdErr = 5.091 us (66.35%), N = 3, StdDev = 8.817 us
Min = 2.299 us, Q1 = 2.584 us, Median = 2.870 us, Q3 = 10.359 us, Max = 17.848 us
IQR = 7.774 us, LowerFence = -9.077 us, UpperFence = 22.021 us
ConfidenceInterval = [-153.183 us; 168.527 us] (CI 99.9%), Margin = 160.855 us (2096.56% of Mean)
Skewness = 0.38, Kurtosis = 0.67, MValue = 2

// ** Remained 80 (80.8%) benchmark(s) to run. Estimated finish 2026-09-22 17:01 (0h 0m from now) **
// **************************
// Benchmark: SessionSetupDecompositionBenchmarks.ComponentC2e_TaskCompletionSourceConstruction: ShortRun(InvocationCount=1, IterationCount=3, LaunchCount=1, UnrollFactor=1, WarmupCount=3) [Sessions=1]
// *** Execute ***
// Launch: 1 / 1
// Execute: dotnet WinForward.Benchmarks-ShortRun-1.dll --anonymousPipes 123 125 --benchmarkName "WinForward.Benchmarks.Perf.SessionSetupDecompositionBenchmarks.ComponentC2e_TaskCompletionSourceConstruction(Sessions: 1)" --job ShortRun --benchmarkId 19 in /home/paff/Projects/WinForward/benchmarks/WinForward.Benchmarks/bin/Release/net10.0/WinForward.Benchmarks-ShortRun-1/bin/Release/net10.0
// Failed to set up high priority (Permission denied). In order to run benchmarks with high priority, make sure you have the right permissions.
// BeforeAnythingElse

// Benchmark Process Environment Information:
// BenchmarkDotNet v0.15.8
// Runtime=.NET 10.0.12 (10.0.12, 10.0.1226.42308), X64 RyuJIT x86-64-v4
// GC=Concurrent Workstation
// HardwareIntrinsics=AVX512 BITALG+VBMI2+VNNI+VPOPCNTDQ,AVX512 IFMA+VBMI,AVX512 F+BW+CD+DQ+VL,AVX2+BMI1+BMI2+F16C+FMA+LZCNT+MOVBE,AVX,SSE3+SSSE3+SSE4.1+SSE4.2+POPCNT,X86Base+SSE+SSE2,AES+PCLMUL,AvxVnni VectorSize=256
// Job: ShortRun(InvocationCount=1, IterationCount=3, LaunchCount=1, UnrollFactor=1, WarmupCount=3)

OverheadJitting  1: 1 op, 292801.00 ns, 292.8010 us/op
WorkloadJitting  1: 1 op, 761105.00 ns, 761.1050 us/op

OverheadWarmup   1: 1 op, 451.00 ns, 451.0000 ns/op
OverheadWarmup   2: 1 op, 260.00 ns, 260.0000 ns/op
OverheadWarmup   3: 1 op, 261.00 ns, 261.0000 ns/op
OverheadWarmup   4: 1 op, 441.00 ns, 441.0000 ns/op
OverheadWarmup   5: 1 op, 1202.00 ns, 1.2020 us/op
OverheadWarmup   6: 1 op, 420.00 ns, 420.0000 ns/op
OverheadWarmup   7: 1 op, 441.00 ns, 441.0000 ns/op
OverheadWarmup   8: 1 op, 261.00 ns, 261.0000 ns/op

OverheadActual   1: 1 op, 441.00 ns, 441.0000 ns/op
OverheadActual   2: 1 op, 421.00 ns, 421.0000 ns/op
OverheadActual   3: 1 op, 461.00 ns, 461.0000 ns/op
OverheadActual   4: 1 op, 421.00 ns, 421.0000 ns/op
OverheadActual   5: 1 op, 431.00 ns, 431.0000 ns/op
OverheadActual   6: 1 op, 421.00 ns, 421.0000 ns/op
OverheadActual   7: 1 op, 271.00 ns, 271.0000 ns/op
OverheadActual   8: 1 op, 441.00 ns, 441.0000 ns/op
OverheadActual   9: 1 op, 450.00 ns, 450.0000 ns/op
OverheadActual  10: 1 op, 271.00 ns, 271.0000 ns/op
OverheadActual  11: 1 op, 471.00 ns, 471.0000 ns/op
OverheadActual  12: 1 op, 461.00 ns, 461.0000 ns/op
OverheadActual  13: 1 op, 281.00 ns, 281.0000 ns/op
OverheadActual  14: 1 op, 260.00 ns, 260.0000 ns/op
OverheadActual  15: 1 op, 260.00 ns, 260.0000 ns/op
OverheadActual  16: 1 op, 260.00 ns, 260.0000 ns/op
OverheadActual  17: 1 op, 281.00 ns, 281.0000 ns/op
OverheadActual  18: 1 op, 361.00 ns, 361.0000 ns/op
OverheadActual  19: 1 op, 391.00 ns, 391.0000 ns/op
OverheadActual  20: 1 op, 271.00 ns, 271.0000 ns/op

WorkloadWarmup   1: 1 op, 8906.00 ns, 8.9060 us/op
WorkloadWarmup   2: 1 op, 5119.00 ns, 5.1190 us/op
WorkloadWarmup   3: 1 op, 4388.00 ns, 4.3880 us/op

// BeforeActualRun
WorkloadActual   1: 1 op, 4498.00 ns, 4.4980 us/op
WorkloadActual   2: 1 op, 4187.00 ns, 4.1870 us/op
WorkloadActual   3: 1 op, 3206.00 ns, 3.2060 us/op

// AfterActualRun
WorkloadResult   1: 1 op, 4092.00 ns, 4.0920 us/op
WorkloadResult   2: 1 op, 3781.00 ns, 3.7810 us/op
WorkloadResult   3: 1 op, 2800.00 ns, 2.8000 us/op
// GC:  0 0 0 88 1
// Threading:  0 0 1

// AfterAll
// Benchmark Process 1596091 has exited with code 0.

Mean = 3.558 us, StdErr = 0.389 us (10.94%), N = 3, StdDev = 0.674 us
Min = 2.800 us, Q1 = 3.291 us, Median = 3.781 us, Q3 = 3.937 us, Max = 4.092 us
IQR = 0.646 us, LowerFence = 2.321 us, UpperFence = 4.905 us
ConfidenceInterval = [-8.745 us; 15.860 us] (CI 99.9%), Margin = 12.302 us (345.80% of Mean)
Skewness = -0.29, Kurtosis = 0.67, MValue = 2

// ** Remained 79 (79.8%) benchmark(s) to run. Estimated finish 2026-09-22 17:01 (0h 0m from now) **
// **************************
// Benchmark: SessionSetupDecompositionBenchmarks.ComponentC2e_LinkedTokenSourceConstruction: ShortRun(InvocationCount=1, IterationCount=3, LaunchCount=1, UnrollFactor=1, WarmupCount=3) [Sessions=1]
// *** Execute ***
// Launch: 1 / 1
// Execute: dotnet WinForward.Benchmarks-ShortRun-1.dll --anonymousPipes 123 125 --benchmarkName "WinForward.Benchmarks.Perf.SessionSetupDecompositionBenchmarks.ComponentC2e_LinkedTokenSourceConstruction(Sessions: 1)" --job ShortRun --benchmarkId 20 in /home/paff/Projects/WinForward/benchmarks/WinForward.Benchmarks/bin/Release/net10.0/WinForward.Benchmarks-ShortRun-1/bin/Release/net10.0
// Failed to set up high priority (Permission denied). In order to run benchmarks with high priority, make sure you have the right permissions.
// BeforeAnythingElse

// Benchmark Process Environment Information:
// BenchmarkDotNet v0.15.8
// Runtime=.NET 10.0.12 (10.0.12, 10.0.1226.42308), X64 RyuJIT x86-64-v4
// GC=Concurrent Workstation
// HardwareIntrinsics=AVX512 BITALG+VBMI2+VNNI+VPOPCNTDQ,AVX512 IFMA+VBMI,AVX512 F+BW+CD+DQ+VL,AVX2+BMI1+BMI2+F16C+FMA+LZCNT+MOVBE,AVX,SSE3+SSSE3+SSE4.1+SSE4.2+POPCNT,X86Base+SSE+SSE2,AES+PCLMUL,AvxVnni VectorSize=256
// Job: ShortRun(InvocationCount=1, IterationCount=3, LaunchCount=1, UnrollFactor=1, WarmupCount=3)

OverheadJitting  1: 1 op, 296237.00 ns, 296.2370 us/op
WorkloadJitting  1: 1 op, 1266909.00 ns, 1.2669 ms/op

OverheadWarmup   1: 1 op, 571.00 ns, 571.0000 ns/op
OverheadWarmup   2: 1 op, 531.00 ns, 531.0000 ns/op
OverheadWarmup   3: 1 op, 471.00 ns, 471.0000 ns/op
OverheadWarmup   4: 1 op, 291.00 ns, 291.0000 ns/op
OverheadWarmup   5: 1 op, 431.00 ns, 431.0000 ns/op
OverheadWarmup   6: 1 op, 491.00 ns, 491.0000 ns/op
OverheadWarmup   7: 1 op, 351.00 ns, 351.0000 ns/op
OverheadWarmup   8: 1 op, 822.00 ns, 822.0000 ns/op
OverheadWarmup   9: 1 op, 782.00 ns, 782.0000 ns/op

OverheadActual   1: 1 op, 521.00 ns, 521.0000 ns/op
OverheadActual   2: 1 op, 611.00 ns, 611.0000 ns/op
OverheadActual   3: 1 op, 851.00 ns, 851.0000 ns/op
OverheadActual   4: 1 op, 811.00 ns, 811.0000 ns/op
OverheadActual   5: 1 op, 421.00 ns, 421.0000 ns/op
OverheadActual   6: 1 op, 471.00 ns, 471.0000 ns/op
OverheadActual   7: 1 op, 471.00 ns, 471.0000 ns/op
OverheadActual   8: 1 op, 441.00 ns, 441.0000 ns/op
OverheadActual   9: 1 op, 932.00 ns, 932.0000 ns/op
OverheadActual  10: 1 op, 431.00 ns, 431.0000 ns/op
OverheadActual  11: 1 op, 571.00 ns, 571.0000 ns/op
OverheadActual  12: 1 op, 1233.00 ns, 1.2330 us/op
OverheadActual  13: 1 op, 541.00 ns, 541.0000 ns/op
OverheadActual  14: 1 op, 611.00 ns, 611.0000 ns/op
OverheadActual  15: 1 op, 271.00 ns, 271.0000 ns/op
OverheadActual  16: 1 op, 280.00 ns, 280.0000 ns/op
OverheadActual  17: 1 op, 470.00 ns, 470.0000 ns/op
OverheadActual  18: 1 op, 430.00 ns, 430.0000 ns/op
OverheadActual  19: 1 op, 360.00 ns, 360.0000 ns/op
OverheadActual  20: 1 op, 431.00 ns, 431.0000 ns/op

WorkloadWarmup   1: 1 op, 19536.00 ns, 19.5360 us/op
WorkloadWarmup   2: 1 op, 8997.00 ns, 8.9970 us/op
WorkloadWarmup   3: 1 op, 9457.00 ns, 9.4570 us/op

// BeforeActualRun
WorkloadActual   1: 1 op, 11641.00 ns, 11.6410 us/op
WorkloadActual   2: 1 op, 6653.00 ns, 6.6530 us/op
WorkloadActual   3: 1 op, 6252.00 ns, 6.2520 us/op

// AfterActualRun
WorkloadResult   1: 1 op, 11170.00 ns, 11.1700 us/op
WorkloadResult   2: 1 op, 6182.00 ns, 6.1820 us/op
WorkloadResult   3: 1 op, 5781.00 ns, 5.7810 us/op
// GC:  0 0 0 352 1
// Threading:  0 0 1

// AfterAll
// Benchmark Process 1596100 has exited with code 0.

Mean = 7.711 us, StdErr = 1.733 us (22.48%), N = 3, StdDev = 3.002 us
Min = 5.781 us, Q1 = 5.981 us, Median = 6.182 us, Q3 = 8.676 us, Max = 11.170 us
IQR = 2.695 us, LowerFence = 1.940 us, UpperFence = 12.718 us
ConfidenceInterval = [-47.062 us; 62.484 us] (CI 99.9%), Margin = 54.773 us (710.32% of Mean)
Skewness = 0.38, Kurtosis = 0.67, MValue = 2

// ** Remained 78 (78.8%) benchmark(s) to run. Estimated finish 2026-09-22 17:01 (0h 0m from now) **
// **************************
// Benchmark: SessionSetupDecompositionBenchmarks.ComponentE1_CanceledDelayAwaitAsync: ShortRun(InvocationCount=1, IterationCount=3, LaunchCount=1, UnrollFactor=1, WarmupCount=3) [Sessions=1]
// *** Execute ***
// Launch: 1 / 1
// Execute: dotnet WinForward.Benchmarks-ShortRun-1.dll --anonymousPipes 123 125 --benchmarkName "WinForward.Benchmarks.Perf.SessionSetupDecompositionBenchmarks.ComponentE1_CanceledDelayAwaitAsync(Sessions: 1)" --job ShortRun --benchmarkId 21 in /home/paff/Projects/WinForward/benchmarks/WinForward.Benchmarks/bin/Release/net10.0/WinForward.Benchmarks-ShortRun-1/bin/Release/net10.0
// Failed to set up high priority (Permission denied). In order to run benchmarks with high priority, make sure you have the right permissions.
// BeforeAnythingElse

// Benchmark Process Environment Information:
// BenchmarkDotNet v0.15.8
// Runtime=.NET 10.0.12 (10.0.12, 10.0.1226.42308), X64 RyuJIT x86-64-v4
// GC=Concurrent Workstation
// HardwareIntrinsics=AVX512 BITALG+VBMI2+VNNI+VPOPCNTDQ,AVX512 IFMA+VBMI,AVX512 F+BW+CD+DQ+VL,AVX2+BMI1+BMI2+F16C+FMA+LZCNT+MOVBE,AVX,SSE3+SSSE3+SSE4.1+SSE4.2+POPCNT,X86Base+SSE+SSE2,AES+PCLMUL,AvxVnni VectorSize=256
// Job: ShortRun(InvocationCount=1, IterationCount=3, LaunchCount=1, UnrollFactor=1, WarmupCount=3)

OverheadJitting  1: 1 op, 352471.00 ns, 352.4710 us/op
WorkloadJitting  1: 1 op, 4603760.00 ns, 4.6038 ms/op

OverheadWarmup   1: 1 op, 441.00 ns, 441.0000 ns/op
OverheadWarmup   2: 1 op, 381.00 ns, 381.0000 ns/op
OverheadWarmup   3: 1 op, 390.00 ns, 390.0000 ns/op
OverheadWarmup   4: 1 op, 531.00 ns, 531.0000 ns/op
OverheadWarmup   5: 1 op, 421.00 ns, 421.0000 ns/op
OverheadWarmup   6: 1 op, 411.00 ns, 411.0000 ns/op
OverheadWarmup   7: 1 op, 491.00 ns, 491.0000 ns/op
OverheadWarmup   8: 1 op, 1593.00 ns, 1.5930 us/op
OverheadWarmup   9: 1 op, 511.00 ns, 511.0000 ns/op

OverheadActual   1: 1 op, 511.00 ns, 511.0000 ns/op
OverheadActual   2: 1 op, 711.00 ns, 711.0000 ns/op
OverheadActual   3: 1 op, 671.00 ns, 671.0000 ns/op
OverheadActual   4: 1 op, 541.00 ns, 541.0000 ns/op
OverheadActual   5: 1 op, 1052.00 ns, 1.0520 us/op
OverheadActual   6: 1 op, 521.00 ns, 521.0000 ns/op
OverheadActual   7: 1 op, 511.00 ns, 511.0000 ns/op
OverheadActual   8: 1 op, 391.00 ns, 391.0000 ns/op
OverheadActual   9: 1 op, 381.00 ns, 381.0000 ns/op
OverheadActual  10: 1 op, 401.00 ns, 401.0000 ns/op
OverheadActual  11: 1 op, 511.00 ns, 511.0000 ns/op
OverheadActual  12: 1 op, 461.00 ns, 461.0000 ns/op
OverheadActual  13: 1 op, 501.00 ns, 501.0000 ns/op
OverheadActual  14: 1 op, 521.00 ns, 521.0000 ns/op
OverheadActual  15: 1 op, 481.00 ns, 481.0000 ns/op
OverheadActual  16: 1 op, 511.00 ns, 511.0000 ns/op
OverheadActual  17: 1 op, 501.00 ns, 501.0000 ns/op
OverheadActual  18: 1 op, 501.00 ns, 501.0000 ns/op
OverheadActual  19: 1 op, 370.00 ns, 370.0000 ns/op
OverheadActual  20: 1 op, 490.00 ns, 490.0000 ns/op

WorkloadWarmup   1: 1 op, 341924.00 ns, 341.9240 us/op
WorkloadWarmup   2: 1 op, 137617.00 ns, 137.6170 us/op
WorkloadWarmup   3: 1 op, 54651.00 ns, 54.6510 us/op

// BeforeActualRun
WorkloadActual   1: 1 op, 68898.00 ns, 68.8980 us/op
WorkloadActual   2: 1 op, 38852.00 ns, 38.8520 us/op
WorkloadActual   3: 1 op, 43460.00 ns, 43.4600 us/op

// AfterActualRun
WorkloadResult   1: 1 op, 68392.00 ns, 68.3920 us/op
WorkloadResult   2: 1 op, 38346.00 ns, 38.3460 us/op
WorkloadResult   3: 1 op, 42954.00 ns, 42.9540 us/op
// GC:  0 0 0 864 1
// Threading:  0 0 1
// Exceptions:  1

// AfterAll
// Benchmark Process 1596109 has exited with code 0.

Mean = 49.897 us, StdErr = 9.343 us (18.72%), N = 3, StdDev = 16.182 us
Min = 38.346 us, Q1 = 40.650 us, Median = 42.954 us, Q3 = 55.673 us, Max = 68.392 us
IQR = 15.023 us, LowerFence = 18.116 us, UpperFence = 78.207 us
ConfidenceInterval = [-245.317 us; 345.112 us] (CI 99.9%), Margin = 295.215 us (591.64% of Mean)
Skewness = 0.35, Kurtosis = 0.67, MValue = 2

// ** Remained 77 (77.8%) benchmark(s) to run. Estimated finish 2026-09-22 17:01 (0h 0m from now) **
// **************************
// Benchmark: SessionSetupDecompositionBenchmarks.ComponentE2_SetupExecutorDisposeAsync: ShortRun(InvocationCount=1, IterationCount=3, LaunchCount=1, UnrollFactor=1, WarmupCount=3) [Sessions=1]
// *** Execute ***
// Launch: 1 / 1
// Execute: dotnet WinForward.Benchmarks-ShortRun-1.dll --anonymousPipes 123 125 --benchmarkName "WinForward.Benchmarks.Perf.SessionSetupDecompositionBenchmarks.ComponentE2_SetupExecutorDisposeAsync(Sessions: 1)" --job ShortRun --benchmarkId 22 in /home/paff/Projects/WinForward/benchmarks/WinForward.Benchmarks/bin/Release/net10.0/WinForward.Benchmarks-ShortRun-1/bin/Release/net10.0
// Failed to set up high priority (Permission denied). In order to run benchmarks with high priority, make sure you have the right permissions.
// BeforeAnythingElse

// Benchmark Process Environment Information:
// BenchmarkDotNet v0.15.8
// Runtime=.NET 10.0.12 (10.0.12, 10.0.1226.42308), X64 RyuJIT x86-64-v4
// GC=Concurrent Workstation
// HardwareIntrinsics=AVX512 BITALG+VBMI2+VNNI+VPOPCNTDQ,AVX512 IFMA+VBMI,AVX512 F+BW+CD+DQ+VL,AVX2+BMI1+BMI2+F16C+FMA+LZCNT+MOVBE,AVX,SSE3+SSSE3+SSE4.1+SSE4.2+POPCNT,X86Base+SSE+SSE2,AES+PCLMUL,AvxVnni VectorSize=256
// Job: ShortRun(InvocationCount=1, IterationCount=3, LaunchCount=1, UnrollFactor=1, WarmupCount=3)

OverheadJitting  1: 1 op, 263968.00 ns, 263.9680 us/op
WorkloadJitting  1: 1 op, 114260089.00 ns, 114.2601 ms/op

OverheadWarmup   1: 1 op, 911.00 ns, 911.0000 ns/op
OverheadWarmup   2: 1 op, 381.00 ns, 381.0000 ns/op
OverheadWarmup   3: 1 op, 410.00 ns, 410.0000 ns/op
OverheadWarmup   4: 1 op, 411.00 ns, 411.0000 ns/op
OverheadWarmup   5: 1 op, 290.00 ns, 290.0000 ns/op
OverheadWarmup   6: 1 op, 461.00 ns, 461.0000 ns/op
OverheadWarmup   7: 1 op, 341.00 ns, 341.0000 ns/op

OverheadActual   1: 1 op, 1072.00 ns, 1.0720 us/op
OverheadActual   2: 1 op, 691.00 ns, 691.0000 ns/op
OverheadActual   3: 1 op, 541.00 ns, 541.0000 ns/op
OverheadActual   4: 1 op, 811.00 ns, 811.0000 ns/op
OverheadActual   5: 1 op, 1001.00 ns, 1.0010 us/op
OverheadActual   6: 1 op, 511.00 ns, 511.0000 ns/op
OverheadActual   7: 1 op, 460.00 ns, 460.0000 ns/op
OverheadActual   8: 1 op, 350.00 ns, 350.0000 ns/op
OverheadActual   9: 1 op, 441.00 ns, 441.0000 ns/op
OverheadActual  10: 1 op, 521.00 ns, 521.0000 ns/op
OverheadActual  11: 1 op, 250.00 ns, 250.0000 ns/op
OverheadActual  12: 1 op, 461.00 ns, 461.0000 ns/op
OverheadActual  13: 1 op, 421.00 ns, 421.0000 ns/op
OverheadActual  14: 1 op, 491.00 ns, 491.0000 ns/op
OverheadActual  15: 1 op, 441.00 ns, 441.0000 ns/op
OverheadActual  16: 1 op, 491.00 ns, 491.0000 ns/op
OverheadActual  17: 1 op, 320.00 ns, 320.0000 ns/op
OverheadActual  18: 1 op, 571.00 ns, 571.0000 ns/op
OverheadActual  19: 1 op, 320.00 ns, 320.0000 ns/op
OverheadActual  20: 1 op, 301.00 ns, 301.0000 ns/op

WorkloadWarmup   1: 1 op, 97819126.00 ns, 97.8191 ms/op
WorkloadWarmup   2: 1 op, 97997693.00 ns, 97.9977 ms/op
WorkloadWarmup   3: 1 op, 97799746.00 ns, 97.7997 ms/op

// BeforeActualRun
WorkloadActual   1: 1 op, 308463085.00 ns, 308.4631 ms/op
WorkloadActual   2: 1 op, 96617351.00 ns, 96.6174 ms/op
WorkloadActual   3: 1 op, 94239220.00 ns, 94.2392 ms/op

// AfterActualRun
WorkloadResult   1: 1 op, 308462609.00 ns, 308.4626 ms/op
WorkloadResult   2: 1 op, 96616875.00 ns, 96.6169 ms/op
WorkloadResult   3: 1 op, 94238744.00 ns, 94.2387 ms/op
// GC:  0 0 0 90424 1
// Threading:  2 64 1
// Exceptions:  128

// AfterAll
// Benchmark Process 1596123 has exited with code 0.

Mean = 166.439 ms, StdErr = 71.015 ms (42.67%), N = 3, StdDev = 123.001 ms
Min = 94.239 ms, Q1 = 95.428 ms, Median = 96.617 ms, Q3 = 202.540 ms, Max = 308.463 ms
IQR = 107.112 ms, LowerFence = -65.240 ms, UpperFence = 363.208 ms
ConfidenceInterval = [-2,077.565 ms; 2,410.444 ms] (CI 99.9%), Margin = 2,244.004 ms (1348.24% of Mean)
Skewness = 0.38, Kurtosis = 0.67, MValue = 2

// ** Remained 76 (76.8%) benchmark(s) to run. Estimated finish 2026-09-22 17:01 (0h 0m from now) **
// **************************
// Benchmark: SessionSetupDecompositionBenchmarks.ComponentA1_AssociationTablePreSeed: ShortRun(InvocationCount=1, IterationCount=3, LaunchCount=1, UnrollFactor=1, WarmupCount=3) [Sessions=1]
// *** Execute ***
// Launch: 1 / 1
// Execute: dotnet WinForward.Benchmarks-ShortRun-1.dll --anonymousPipes 123 125 --benchmarkName "WinForward.Benchmarks.Perf.SessionSetupDecompositionBenchmarks.ComponentA1_AssociationTablePreSeed(Sessions: 1)" --job ShortRun --benchmarkId 23 in /home/paff/Projects/WinForward/benchmarks/WinForward.Benchmarks/bin/Release/net10.0/WinForward.Benchmarks-ShortRun-1/bin/Release/net10.0
// Failed to set up high priority (Permission denied). In order to run benchmarks with high priority, make sure you have the right permissions.
// BeforeAnythingElse

// Benchmark Process Environment Information:
// BenchmarkDotNet v0.15.8
// Runtime=.NET 10.0.12 (10.0.12, 10.0.1226.42308), X64 RyuJIT x86-64-v4
// GC=Concurrent Workstation
// HardwareIntrinsics=AVX512 BITALG+VBMI2+VNNI+VPOPCNTDQ,AVX512 IFMA+VBMI,AVX512 F+BW+CD+DQ+VL,AVX2+BMI1+BMI2+F16C+FMA+LZCNT+MOVBE,AVX,SSE3+SSSE3+SSE4.1+SSE4.2+POPCNT,X86Base+SSE+SSE2,AES+PCLMUL,AvxVnni VectorSize=256
// Job: ShortRun(InvocationCount=1, IterationCount=3, LaunchCount=1, UnrollFactor=1, WarmupCount=3)

OverheadJitting  1: 1 op, 304192.00 ns, 304.1920 us/op
WorkloadJitting  1: 1 op, 2331114.00 ns, 2.3311 ms/op

OverheadWarmup   1: 1 op, 451.00 ns, 451.0000 ns/op
OverheadWarmup   2: 1 op, 501.00 ns, 501.0000 ns/op
OverheadWarmup   3: 1 op, 291.00 ns, 291.0000 ns/op
OverheadWarmup   4: 1 op, 311.00 ns, 311.0000 ns/op
OverheadWarmup   5: 1 op, 501.00 ns, 501.0000 ns/op
OverheadWarmup   6: 1 op, 972.00 ns, 972.0000 ns/op
OverheadWarmup   7: 1 op, 621.00 ns, 621.0000 ns/op

OverheadActual   1: 1 op, 591.00 ns, 591.0000 ns/op
OverheadActual   2: 1 op, 511.00 ns, 511.0000 ns/op
OverheadActual   3: 1 op, 471.00 ns, 471.0000 ns/op
OverheadActual   4: 1 op, 511.00 ns, 511.0000 ns/op
OverheadActual   5: 1 op, 481.00 ns, 481.0000 ns/op
OverheadActual   6: 1 op, 471.00 ns, 471.0000 ns/op
OverheadActual   7: 1 op, 300.00 ns, 300.0000 ns/op
OverheadActual   8: 1 op, 531.00 ns, 531.0000 ns/op
OverheadActual   9: 1 op, 521.00 ns, 521.0000 ns/op
OverheadActual  10: 1 op, 301.00 ns, 301.0000 ns/op
OverheadActual  11: 1 op, 611.00 ns, 611.0000 ns/op
OverheadActual  12: 1 op, 551.00 ns, 551.0000 ns/op
OverheadActual  13: 1 op, 511.00 ns, 511.0000 ns/op
OverheadActual  14: 1 op, 471.00 ns, 471.0000 ns/op
OverheadActual  15: 1 op, 501.00 ns, 501.0000 ns/op
OverheadActual  16: 1 op, 551.00 ns, 551.0000 ns/op
OverheadActual  17: 1 op, 511.00 ns, 511.0000 ns/op
OverheadActual  18: 1 op, 461.00 ns, 461.0000 ns/op
OverheadActual  19: 1 op, 551.00 ns, 551.0000 ns/op
OverheadActual  20: 1 op, 311.00 ns, 311.0000 ns/op

WorkloadWarmup   1: 1 op, 7734.00 ns, 7.7340 us/op
WorkloadWarmup   2: 1 op, 5070.00 ns, 5.0700 us/op
WorkloadWarmup   3: 1 op, 4688.00 ns, 4.6880 us/op

// BeforeActualRun
WorkloadActual   1: 1 op, 20437.00 ns, 20.4370 us/op
WorkloadActual   2: 1 op, 4609.00 ns, 4.6090 us/op
WorkloadActual   3: 1 op, 4238.00 ns, 4.2380 us/op

// AfterActualRun
WorkloadResult   1: 1 op, 19926.00 ns, 19.9260 us/op
WorkloadResult   2: 1 op, 4098.00 ns, 4.0980 us/op
WorkloadResult   3: 1 op, 3727.00 ns, 3.7270 us/op
// GC:  0 0 0 1408 1
// Threading:  0 0 1

// AfterAll
// Benchmark Process 1596651 has exited with code 0.

Mean = 9.250 us, StdErr = 5.339 us (57.72%), N = 3, StdDev = 9.247 us
Min = 3.727 us, Q1 = 3.913 us, Median = 4.098 us, Q3 = 12.012 us, Max = 19.926 us
IQR = 8.100 us, LowerFence = -8.237 us, UpperFence = 24.161 us
ConfidenceInterval = [-159.454 us; 177.955 us] (CI 99.9%), Margin = 168.704 us (1823.77% of Mean)
Skewness = 0.38, Kurtosis = 0.67, MValue = 2

// ** Remained 75 (75.8%) benchmark(s) to run. Estimated finish 2026-09-22 17:01 (0h 0m from now) **
// **************************
// Benchmark: SessionSetupDecompositionBenchmarks.ComponentA2_SessionDictionaryPreSeed: ShortRun(InvocationCount=1, IterationCount=3, LaunchCount=1, UnrollFactor=1, WarmupCount=3) [Sessions=1]
// *** Execute ***
// Launch: 1 / 1
// Execute: dotnet WinForward.Benchmarks-ShortRun-1.dll --anonymousPipes 123 125 --benchmarkName "WinForward.Benchmarks.Perf.SessionSetupDecompositionBenchmarks.ComponentA2_SessionDictionaryPreSeed(Sessions: 1)" --job ShortRun --benchmarkId 24 in /home/paff/Projects/WinForward/benchmarks/WinForward.Benchmarks/bin/Release/net10.0/WinForward.Benchmarks-ShortRun-1/bin/Release/net10.0
// Failed to set up high priority (Permission denied). In order to run benchmarks with high priority, make sure you have the right permissions.
// BeforeAnythingElse

// Benchmark Process Environment Information:
// BenchmarkDotNet v0.15.8
// Runtime=.NET 10.0.12 (10.0.12, 10.0.1226.42308), X64 RyuJIT x86-64-v4
// GC=Concurrent Workstation
// HardwareIntrinsics=AVX512 BITALG+VBMI2+VNNI+VPOPCNTDQ,AVX512 IFMA+VBMI,AVX512 F+BW+CD+DQ+VL,AVX2+BMI1+BMI2+F16C+FMA+LZCNT+MOVBE,AVX,SSE3+SSSE3+SSE4.1+SSE4.2+POPCNT,X86Base+SSE+SSE2,AES+PCLMUL,AvxVnni VectorSize=256
// Job: ShortRun(InvocationCount=1, IterationCount=3, LaunchCount=1, UnrollFactor=1, WarmupCount=3)

OverheadJitting  1: 1 op, 252466.00 ns, 252.4660 us/op
WorkloadJitting  1: 1 op, 1295732.00 ns, 1.2957 ms/op

OverheadWarmup   1: 1 op, 541.00 ns, 541.0000 ns/op
OverheadWarmup   2: 1 op, 270.00 ns, 270.0000 ns/op
OverheadWarmup   3: 1 op, 430.00 ns, 430.0000 ns/op
OverheadWarmup   4: 1 op, 451.00 ns, 451.0000 ns/op
OverheadWarmup   5: 1 op, 431.00 ns, 431.0000 ns/op
OverheadWarmup   6: 1 op, 902.00 ns, 902.0000 ns/op
OverheadWarmup   7: 1 op, 421.00 ns, 421.0000 ns/op

OverheadActual   1: 1 op, 451.00 ns, 451.0000 ns/op
OverheadActual   2: 1 op, 420.00 ns, 420.0000 ns/op
OverheadActual   3: 1 op, 420.00 ns, 420.0000 ns/op
OverheadActual   4: 1 op, 401.00 ns, 401.0000 ns/op
OverheadActual   5: 1 op, 501.00 ns, 501.0000 ns/op
OverheadActual   6: 1 op, 261.00 ns, 261.0000 ns/op
OverheadActual   7: 1 op, 250.00 ns, 250.0000 ns/op
OverheadActual   8: 1 op, 270.00 ns, 270.0000 ns/op
OverheadActual   9: 1 op, 461.00 ns, 461.0000 ns/op
OverheadActual  10: 1 op, 451.00 ns, 451.0000 ns/op
OverheadActual  11: 1 op, 261.00 ns, 261.0000 ns/op
OverheadActual  12: 1 op, 441.00 ns, 441.0000 ns/op
OverheadActual  13: 1 op, 261.00 ns, 261.0000 ns/op
OverheadActual  14: 1 op, 421.00 ns, 421.0000 ns/op
OverheadActual  15: 1 op, 260.00 ns, 260.0000 ns/op
OverheadActual  16: 1 op, 260.00 ns, 260.0000 ns/op
OverheadActual  17: 1 op, 280.00 ns, 280.0000 ns/op
OverheadActual  18: 1 op, 421.00 ns, 421.0000 ns/op
OverheadActual  19: 1 op, 802.00 ns, 802.0000 ns/op
OverheadActual  20: 1 op, 460.00 ns, 460.0000 ns/op

WorkloadWarmup   1: 1 op, 5030.00 ns, 5.0300 us/op
WorkloadWarmup   2: 1 op, 4287.00 ns, 4.2870 us/op
WorkloadWarmup   3: 1 op, 3286.00 ns, 3.2860 us/op

// BeforeActualRun
WorkloadActual   1: 1 op, 17863.00 ns, 17.8630 us/op
WorkloadActual   2: 1 op, 3977.00 ns, 3.9770 us/op
WorkloadActual   3: 1 op, 33442.00 ns, 33.4420 us/op

// AfterActualRun
WorkloadResult   1: 1 op, 17443.00 ns, 17.4430 us/op
WorkloadResult   2: 1 op, 3557.00 ns, 3.5570 us/op
WorkloadResult   3: 1 op, 33022.00 ns, 33.0220 us/op
// GC:  0 0 0 576 1
// Threading:  0 0 1

// AfterAll
// Benchmark Process 1596660 has exited with code 0.

Mean = 18.007 us, StdErr = 8.510 us (47.26%), N = 3, StdDev = 14.741 us
Min = 3.557 us, Q1 = 10.500 us, Median = 17.443 us, Q3 = 25.233 us, Max = 33.022 us
IQR = 14.732 us, LowerFence = -11.599 us, UpperFence = 47.331 us
ConfidenceInterval = [-250.916 us; 286.931 us] (CI 99.9%), Margin = 268.923 us (1493.41% of Mean)
Skewness = 0.04, Kurtosis = 0.67, MValue = 2

// ** Remained 74 (74.7%) benchmark(s) to run. Estimated finish 2026-09-22 17:01 (0h 0m from now) **
// **************************
// Benchmark: SessionSetupDecompositionBenchmarks.ComponentA3_CooldownTableConstruction: ShortRun(InvocationCount=1, IterationCount=3, LaunchCount=1, UnrollFactor=1, WarmupCount=3) [Sessions=1]
// *** Execute ***
// Launch: 1 / 1
// Execute: dotnet WinForward.Benchmarks-ShortRun-1.dll --anonymousPipes 123 125 --benchmarkName "WinForward.Benchmarks.Perf.SessionSetupDecompositionBenchmarks.ComponentA3_CooldownTableConstruction(Sessions: 1)" --job ShortRun --benchmarkId 25 in /home/paff/Projects/WinForward/benchmarks/WinForward.Benchmarks/bin/Release/net10.0/WinForward.Benchmarks-ShortRun-1/bin/Release/net10.0
// Failed to set up high priority (Permission denied). In order to run benchmarks with high priority, make sure you have the right permissions.
// BeforeAnythingElse

// Benchmark Process Environment Information:
// BenchmarkDotNet v0.15.8
// Runtime=.NET 10.0.12 (10.0.12, 10.0.1226.42308), X64 RyuJIT x86-64-v4
// GC=Concurrent Workstation
// HardwareIntrinsics=AVX512 BITALG+VBMI2+VNNI+VPOPCNTDQ,AVX512 IFMA+VBMI,AVX512 F+BW+CD+DQ+VL,AVX2+BMI1+BMI2+F16C+FMA+LZCNT+MOVBE,AVX,SSE3+SSSE3+SSE4.1+SSE4.2+POPCNT,X86Base+SSE+SSE2,AES+PCLMUL,AvxVnni VectorSize=256
// Job: ShortRun(InvocationCount=1, IterationCount=3, LaunchCount=1, UnrollFactor=1, WarmupCount=3)

OverheadJitting  1: 1 op, 398095.00 ns, 398.0950 us/op
WorkloadJitting  1: 1 op, 1692669.00 ns, 1.6927 ms/op

OverheadWarmup   1: 1 op, 421.00 ns, 421.0000 ns/op
OverheadWarmup   2: 1 op, 491.00 ns, 491.0000 ns/op
OverheadWarmup   3: 1 op, 501.00 ns, 501.0000 ns/op
OverheadWarmup   4: 1 op, 461.00 ns, 461.0000 ns/op
OverheadWarmup   5: 1 op, 451.00 ns, 451.0000 ns/op
OverheadWarmup   6: 1 op, 430.00 ns, 430.0000 ns/op
OverheadWarmup   7: 1 op, 441.00 ns, 441.0000 ns/op
OverheadWarmup   8: 1 op, 421.00 ns, 421.0000 ns/op

OverheadActual   1: 1 op, 401.00 ns, 401.0000 ns/op
OverheadActual   2: 1 op, 1102.00 ns, 1.1020 us/op
OverheadActual   3: 1 op, 441.00 ns, 441.0000 ns/op
OverheadActual   4: 1 op, 410.00 ns, 410.0000 ns/op
OverheadActual   5: 1 op, 471.00 ns, 471.0000 ns/op
OverheadActual   6: 1 op, 470.00 ns, 470.0000 ns/op
OverheadActual   7: 1 op, 471.00 ns, 471.0000 ns/op
OverheadActual   8: 1 op, 461.00 ns, 461.0000 ns/op
OverheadActual   9: 1 op, 381.00 ns, 381.0000 ns/op
OverheadActual  10: 1 op, 471.00 ns, 471.0000 ns/op
OverheadActual  11: 1 op, 460.00 ns, 460.0000 ns/op
OverheadActual  12: 1 op, 361.00 ns, 361.0000 ns/op
OverheadActual  13: 1 op, 370.00 ns, 370.0000 ns/op
OverheadActual  14: 1 op, 421.00 ns, 421.0000 ns/op
OverheadActual  15: 1 op, 441.00 ns, 441.0000 ns/op
OverheadActual  16: 1 op, 401.00 ns, 401.0000 ns/op
OverheadActual  17: 1 op, 361.00 ns, 361.0000 ns/op
OverheadActual  18: 1 op, 451.00 ns, 451.0000 ns/op
OverheadActual  19: 1 op, 331.00 ns, 331.0000 ns/op
OverheadActual  20: 1 op, 471.00 ns, 471.0000 ns/op

WorkloadWarmup   1: 1 op, 3918.00 ns, 3.9180 us/op
WorkloadWarmup   2: 1 op, 3256.00 ns, 3.2560 us/op
WorkloadWarmup   3: 1 op, 3747.00 ns, 3.7470 us/op

// BeforeActualRun
WorkloadActual   1: 1 op, 18324.00 ns, 18.3240 us/op
WorkloadActual   2: 1 op, 3346.00 ns, 3.3460 us/op
WorkloadActual   3: 1 op, 3156.00 ns, 3.1560 us/op

// AfterActualRun
WorkloadResult   1: 1 op, 17883.00 ns, 17.8830 us/op
WorkloadResult   2: 1 op, 2905.00 ns, 2.9050 us/op
WorkloadResult   3: 1 op, 2715.00 ns, 2.7150 us/op
// GC:  0 0 0 160 1
// Threading:  0 0 1

// AfterAll
// Benchmark Process 1596669 has exited with code 0.

Mean = 7.834 us, StdErr = 5.025 us (64.14%), N = 3, StdDev = 8.703 us
Min = 2.715 us, Q1 = 2.810 us, Median = 2.905 us, Q3 = 10.394 us, Max = 17.883 us
IQR = 7.584 us, LowerFence = -8.566 us, UpperFence = 21.770 us
ConfidenceInterval = [-150.939 us; 166.608 us] (CI 99.9%), Margin = 158.774 us (2026.64% of Mean)
Skewness = 0.38, Kurtosis = 0.67, MValue = 2

// ** Remained 73 (73.7%) benchmark(s) to run. Estimated finish 2026-09-22 17:01 (0h 0m from now) **
// **************************
// Benchmark: SessionSetupDecompositionBenchmarks.ComponentA4_SlotAndQueueObjects: ShortRun(InvocationCount=1, IterationCount=3, LaunchCount=1, UnrollFactor=1, WarmupCount=3) [Sessions=1]
// *** Execute ***
// Launch: 1 / 1
// Execute: dotnet WinForward.Benchmarks-ShortRun-1.dll --anonymousPipes 123 125 --benchmarkName "WinForward.Benchmarks.Perf.SessionSetupDecompositionBenchmarks.ComponentA4_SlotAndQueueObjects(Sessions: 1)" --job ShortRun --benchmarkId 26 in /home/paff/Projects/WinForward/benchmarks/WinForward.Benchmarks/bin/Release/net10.0/WinForward.Benchmarks-ShortRun-1/bin/Release/net10.0
// Failed to set up high priority (Permission denied). In order to run benchmarks with high priority, make sure you have the right permissions.
// BeforeAnythingElse

// Benchmark Process Environment Information:
// BenchmarkDotNet v0.15.8
// Runtime=.NET 10.0.12 (10.0.12, 10.0.1226.42308), X64 RyuJIT x86-64-v4
// GC=Concurrent Workstation
// HardwareIntrinsics=AVX512 BITALG+VBMI2+VNNI+VPOPCNTDQ,AVX512 IFMA+VBMI,AVX512 F+BW+CD+DQ+VL,AVX2+BMI1+BMI2+F16C+FMA+LZCNT+MOVBE,AVX,SSE3+SSSE3+SSE4.1+SSE4.2+POPCNT,X86Base+SSE+SSE2,AES+PCLMUL,AvxVnni VectorSize=256
// Job: ShortRun(InvocationCount=1, IterationCount=3, LaunchCount=1, UnrollFactor=1, WarmupCount=3)

OverheadJitting  1: 1 op, 256703.00 ns, 256.7030 us/op
WorkloadJitting  1: 1 op, 1190939.00 ns, 1.1909 ms/op

OverheadWarmup   1: 1 op, 421.00 ns, 421.0000 ns/op
OverheadWarmup   2: 1 op, 401.00 ns, 401.0000 ns/op
OverheadWarmup   3: 1 op, 401.00 ns, 401.0000 ns/op
OverheadWarmup   4: 1 op, 421.00 ns, 421.0000 ns/op
OverheadWarmup   5: 1 op, 401.00 ns, 401.0000 ns/op
OverheadWarmup   6: 1 op, 441.00 ns, 441.0000 ns/op

OverheadActual   1: 1 op, 471.00 ns, 471.0000 ns/op
OverheadActual   2: 1 op, 400.00 ns, 400.0000 ns/op
OverheadActual   3: 1 op, 401.00 ns, 401.0000 ns/op
OverheadActual   4: 1 op, 390.00 ns, 390.0000 ns/op
OverheadActual   5: 1 op, 371.00 ns, 371.0000 ns/op
OverheadActual   6: 1 op, 331.00 ns, 331.0000 ns/op
OverheadActual   7: 1 op, 391.00 ns, 391.0000 ns/op
OverheadActual   8: 1 op, 411.00 ns, 411.0000 ns/op
OverheadActual   9: 1 op, 430.00 ns, 430.0000 ns/op
OverheadActual  10: 1 op, 431.00 ns, 431.0000 ns/op
OverheadActual  11: 1 op, 391.00 ns, 391.0000 ns/op
OverheadActual  12: 1 op, 391.00 ns, 391.0000 ns/op
OverheadActual  13: 1 op, 431.00 ns, 431.0000 ns/op
OverheadActual  14: 1 op, 350.00 ns, 350.0000 ns/op
OverheadActual  15: 1 op, 441.00 ns, 441.0000 ns/op
OverheadActual  16: 1 op, 441.00 ns, 441.0000 ns/op
OverheadActual  17: 1 op, 451.00 ns, 451.0000 ns/op
OverheadActual  18: 1 op, 410.00 ns, 410.0000 ns/op
OverheadActual  19: 1 op, 350.00 ns, 350.0000 ns/op
OverheadActual  20: 1 op, 341.00 ns, 341.0000 ns/op

WorkloadWarmup   1: 1 op, 4729.00 ns, 4.7290 us/op
WorkloadWarmup   2: 1 op, 4498.00 ns, 4.4980 us/op
WorkloadWarmup   3: 1 op, 3477.00 ns, 3.4770 us/op

// BeforeActualRun
WorkloadActual   1: 1 op, 18084.00 ns, 18.0840 us/op
WorkloadActual   2: 1 op, 4338.00 ns, 4.3380 us/op
WorkloadActual   3: 1 op, 4258.00 ns, 4.2580 us/op

// AfterActualRun
WorkloadResult   1: 1 op, 17683.50 ns, 17.6835 us/op
WorkloadResult   2: 1 op, 3937.50 ns, 3.9375 us/op
WorkloadResult   3: 1 op, 3857.50 ns, 3.8575 us/op
// GC:  0 0 0 144 1
// Threading:  0 0 1

// AfterAll
// Benchmark Process 1596683 has exited with code 0.

Mean = 8.493 us, StdErr = 4.595 us (54.11%), N = 3, StdDev = 7.959 us
Min = 3.857 us, Q1 = 3.897 us, Median = 3.938 us, Q3 = 10.810 us, Max = 17.683 us
IQR = 6.913 us, LowerFence = -6.472 us, UpperFence = 21.180 us
ConfidenceInterval = [-136.717 us; 153.703 us] (CI 99.9%), Margin = 145.210 us (1709.79% of Mean)
Skewness = 0.38, Kurtosis = 0.67, MValue = 2

// ** Remained 72 (72.7%) benchmark(s) to run. Estimated finish 2026-09-22 17:01 (0h 0m from now) **
// **************************
// Benchmark: SessionSetupDecompositionBenchmarks.ComponentA5_CompletionCell: ShortRun(InvocationCount=1, IterationCount=3, LaunchCount=1, UnrollFactor=1, WarmupCount=3) [Sessions=1]
// *** Execute ***
// Launch: 1 / 1
// Execute: dotnet WinForward.Benchmarks-ShortRun-1.dll --anonymousPipes 123 125 --benchmarkName "WinForward.Benchmarks.Perf.SessionSetupDecompositionBenchmarks.ComponentA5_CompletionCell(Sessions: 1)" --job ShortRun --benchmarkId 27 in /home/paff/Projects/WinForward/benchmarks/WinForward.Benchmarks/bin/Release/net10.0/WinForward.Benchmarks-ShortRun-1/bin/Release/net10.0
// Failed to set up high priority (Permission denied). In order to run benchmarks with high priority, make sure you have the right permissions.
// BeforeAnythingElse

// Benchmark Process Environment Information:
// BenchmarkDotNet v0.15.8
// Runtime=.NET 10.0.12 (10.0.12, 10.0.1226.42308), X64 RyuJIT x86-64-v4
// GC=Concurrent Workstation
// HardwareIntrinsics=AVX512 BITALG+VBMI2+VNNI+VPOPCNTDQ,AVX512 IFMA+VBMI,AVX512 F+BW+CD+DQ+VL,AVX2+BMI1+BMI2+F16C+FMA+LZCNT+MOVBE,AVX,SSE3+SSSE3+SSE4.1+SSE4.2+POPCNT,X86Base+SSE+SSE2,AES+PCLMUL,AvxVnni VectorSize=256
// Job: ShortRun(InvocationCount=1, IterationCount=3, LaunchCount=1, UnrollFactor=1, WarmupCount=3)

OverheadJitting  1: 1 op, 257245.00 ns, 257.2450 us/op
WorkloadJitting  1: 1 op, 754743.00 ns, 754.7430 us/op

OverheadWarmup   1: 1 op, 441.00 ns, 441.0000 ns/op
OverheadWarmup   2: 1 op, 361.00 ns, 361.0000 ns/op
OverheadWarmup   3: 1 op, 461.00 ns, 461.0000 ns/op
OverheadWarmup   4: 1 op, 461.00 ns, 461.0000 ns/op
OverheadWarmup   5: 1 op, 411.00 ns, 411.0000 ns/op
OverheadWarmup   6: 1 op, 461.00 ns, 461.0000 ns/op

OverheadActual   1: 1 op, 461.00 ns, 461.0000 ns/op
OverheadActual   2: 1 op, 541.00 ns, 541.0000 ns/op
OverheadActual   3: 1 op, 420.00 ns, 420.0000 ns/op
OverheadActual   4: 1 op, 421.00 ns, 421.0000 ns/op
OverheadActual   5: 1 op, 451.00 ns, 451.0000 ns/op
OverheadActual   6: 1 op, 421.00 ns, 421.0000 ns/op
OverheadActual   7: 1 op, 400.00 ns, 400.0000 ns/op
OverheadActual   8: 1 op, 400.00 ns, 400.0000 ns/op
OverheadActual   9: 1 op, 451.00 ns, 451.0000 ns/op
OverheadActual  10: 1 op, 440.00 ns, 440.0000 ns/op
OverheadActual  11: 1 op, 431.00 ns, 431.0000 ns/op
OverheadActual  12: 1 op, 441.00 ns, 441.0000 ns/op
OverheadActual  13: 1 op, 501.00 ns, 501.0000 ns/op
OverheadActual  14: 1 op, 400.00 ns, 400.0000 ns/op
OverheadActual  15: 1 op, 370.00 ns, 370.0000 ns/op
OverheadActual  16: 1 op, 501.00 ns, 501.0000 ns/op
OverheadActual  17: 1 op, 451.00 ns, 451.0000 ns/op
OverheadActual  18: 1 op, 420.00 ns, 420.0000 ns/op
OverheadActual  19: 1 op, 490.00 ns, 490.0000 ns/op
OverheadActual  20: 1 op, 732.00 ns, 732.0000 ns/op

WorkloadWarmup   1: 1 op, 9307.00 ns, 9.3070 us/op
WorkloadWarmup   2: 1 op, 4849.00 ns, 4.8490 us/op
WorkloadWarmup   3: 1 op, 6041.00 ns, 6.0410 us/op

// BeforeActualRun
WorkloadActual   1: 1 op, 18804.00 ns, 18.8040 us/op
WorkloadActual   2: 1 op, 3616.00 ns, 3.6160 us/op
WorkloadActual   3: 1 op, 4579.00 ns, 4.5790 us/op

// AfterActualRun
WorkloadResult   1: 1 op, 18363.50 ns, 18.3635 us/op
WorkloadResult   2: 1 op, 3175.50 ns, 3.1755 us/op
WorkloadResult   3: 1 op, 4138.50 ns, 4.1385 us/op
// GC:  0 0 0 88 1
// Threading:  0 0 1

// AfterAll
// Benchmark Process 1596692 has exited with code 0.

Mean = 8.559 us, StdErr = 4.910 us (57.37%), N = 3, StdDev = 8.504 us
Min = 3.175 us, Q1 = 3.657 us, Median = 4.138 us, Q3 = 11.251 us, Max = 18.363 us
IQR = 7.594 us, LowerFence = -7.734 us, UpperFence = 22.642 us
ConfidenceInterval = [-146.594 us; 163.712 us] (CI 99.9%), Margin = 155.153 us (1812.71% of Mean)
Skewness = 0.38, Kurtosis = 0.67, MValue = 2

// ** Remained 71 (71.7%) benchmark(s) to run. Estimated finish 2026-09-22 17:01 (0h 0m from now) **
// **************************
// Benchmark: SessionSetupDecompositionBenchmarks.ComponentA6_ColdRent: ShortRun(InvocationCount=1, IterationCount=3, LaunchCount=1, UnrollFactor=1, WarmupCount=3) [Sessions=1]
// *** Execute ***
// Launch: 1 / 1
// Execute: dotnet WinForward.Benchmarks-ShortRun-1.dll --anonymousPipes 123 125 --benchmarkName "WinForward.Benchmarks.Perf.SessionSetupDecompositionBenchmarks.ComponentA6_ColdRent(Sessions: 1)" --job ShortRun --benchmarkId 28 in /home/paff/Projects/WinForward/benchmarks/WinForward.Benchmarks/bin/Release/net10.0/WinForward.Benchmarks-ShortRun-1/bin/Release/net10.0
// Failed to set up high priority (Permission denied). In order to run benchmarks with high priority, make sure you have the right permissions.
// BeforeAnythingElse

// Benchmark Process Environment Information:
// BenchmarkDotNet v0.15.8
// Runtime=.NET 10.0.12 (10.0.12, 10.0.1226.42308), X64 RyuJIT x86-64-v4
// GC=Concurrent Workstation
// HardwareIntrinsics=AVX512 BITALG+VBMI2+VNNI+VPOPCNTDQ,AVX512 IFMA+VBMI,AVX512 F+BW+CD+DQ+VL,AVX2+BMI1+BMI2+F16C+FMA+LZCNT+MOVBE,AVX,SSE3+SSSE3+SSE4.1+SSE4.2+POPCNT,X86Base+SSE+SSE2,AES+PCLMUL,AvxVnni VectorSize=256
// Job: ShortRun(InvocationCount=1, IterationCount=3, LaunchCount=1, UnrollFactor=1, WarmupCount=3)

OverheadJitting  1: 1 op, 374631.00 ns, 374.6310 us/op
WorkloadJitting  1: 1 op, 2588379.00 ns, 2.5884 ms/op

OverheadWarmup   1: 1 op, 461.00 ns, 461.0000 ns/op
OverheadWarmup   2: 1 op, 511.00 ns, 511.0000 ns/op
OverheadWarmup   3: 1 op, 271.00 ns, 271.0000 ns/op
OverheadWarmup   4: 1 op, 471.00 ns, 471.0000 ns/op
OverheadWarmup   5: 1 op, 270.00 ns, 270.0000 ns/op

OverheadActual   1: 1 op, 471.00 ns, 471.0000 ns/op
OverheadActual   2: 1 op, 461.00 ns, 461.0000 ns/op
OverheadActual   3: 1 op, 470.00 ns, 470.0000 ns/op
OverheadActual   4: 1 op, 451.00 ns, 451.0000 ns/op
OverheadActual   5: 1 op, 480.00 ns, 480.0000 ns/op
OverheadActual   6: 1 op, 261.00 ns, 261.0000 ns/op
OverheadActual   7: 1 op, 270.00 ns, 270.0000 ns/op
OverheadActual   8: 1 op, 461.00 ns, 461.0000 ns/op
OverheadActual   9: 1 op, 381.00 ns, 381.0000 ns/op
OverheadActual  10: 1 op, 271.00 ns, 271.0000 ns/op
OverheadActual  11: 1 op, 261.00 ns, 261.0000 ns/op
OverheadActual  12: 1 op, 561.00 ns, 561.0000 ns/op
OverheadActual  13: 1 op, 481.00 ns, 481.0000 ns/op
OverheadActual  14: 1 op, 260.00 ns, 260.0000 ns/op
OverheadActual  15: 1 op, 270.00 ns, 270.0000 ns/op
OverheadActual  16: 1 op, 491.00 ns, 491.0000 ns/op
OverheadActual  17: 1 op, 441.00 ns, 441.0000 ns/op
OverheadActual  18: 1 op, 592.00 ns, 592.0000 ns/op
OverheadActual  19: 1 op, 431.00 ns, 431.0000 ns/op
OverheadActual  20: 1 op, 431.00 ns, 431.0000 ns/op

WorkloadWarmup   1: 1 op, 16481.00 ns, 16.4810 us/op
WorkloadWarmup   2: 1 op, 9958.00 ns, 9.9580 us/op
WorkloadWarmup   3: 1 op, 9538.00 ns, 9.5380 us/op

// BeforeActualRun
WorkloadActual   1: 1 op, 9207.00 ns, 9.2070 us/op
WorkloadActual   2: 1 op, 9658.00 ns, 9.6580 us/op
WorkloadActual   3: 1 op, 9267.00 ns, 9.2670 us/op

// AfterActualRun
WorkloadResult   1: 1 op, 8761.00 ns, 8.7610 us/op
WorkloadResult   2: 1 op, 9212.00 ns, 9.2120 us/op
WorkloadResult   3: 1 op, 8821.00 ns, 8.8210 us/op
// GC:  0 0 0 2248 1
// Threading:  0 0 1

// AfterAll
// Benchmark Process 1596701 has exited with code 0.

Mean = 8.931 us, StdErr = 0.141 us (1.58%), N = 3, StdDev = 0.245 us
Min = 8.761 us, Q1 = 8.791 us, Median = 8.821 us, Q3 = 9.017 us, Max = 9.212 us
IQR = 0.226 us, LowerFence = 8.453 us, UpperFence = 9.355 us
ConfidenceInterval = [4.463 us; 13.399 us] (CI 99.9%), Margin = 4.468 us (50.03% of Mean)
Skewness = 0.36, Kurtosis = 0.67, MValue = 2

// ** Remained 70 (70.7%) benchmark(s) to run. Estimated finish 2026-09-22 17:01 (0h 0m from now) **
// **************************
// Benchmark: SessionSetupDecompositionBenchmarks.ComponentA7_EnqueueCycle: ShortRun(InvocationCount=1, IterationCount=3, LaunchCount=1, UnrollFactor=1, WarmupCount=3) [Sessions=1]
// *** Execute ***
// Launch: 1 / 1
// Execute: dotnet WinForward.Benchmarks-ShortRun-1.dll --anonymousPipes 123 125 --benchmarkName "WinForward.Benchmarks.Perf.SessionSetupDecompositionBenchmarks.ComponentA7_EnqueueCycle(Sessions: 1)" --job ShortRun --benchmarkId 29 in /home/paff/Projects/WinForward/benchmarks/WinForward.Benchmarks/bin/Release/net10.0/WinForward.Benchmarks-ShortRun-1/bin/Release/net10.0
// Failed to set up high priority (Permission denied). In order to run benchmarks with high priority, make sure you have the right permissions.
// BeforeAnythingElse

// Benchmark Process Environment Information:
// BenchmarkDotNet v0.15.8
// Runtime=.NET 10.0.12 (10.0.12, 10.0.1226.42308), X64 RyuJIT x86-64-v4
// GC=Concurrent Workstation
// HardwareIntrinsics=AVX512 BITALG+VBMI2+VNNI+VPOPCNTDQ,AVX512 IFMA+VBMI,AVX512 F+BW+CD+DQ+VL,AVX2+BMI1+BMI2+F16C+FMA+LZCNT+MOVBE,AVX,SSE3+SSSE3+SSE4.1+SSE4.2+POPCNT,X86Base+SSE+SSE2,AES+PCLMUL,AvxVnni VectorSize=256
// Job: ShortRun(InvocationCount=1, IterationCount=3, LaunchCount=1, UnrollFactor=1, WarmupCount=3)

OverheadJitting  1: 1 op, 308038.00 ns, 308.0380 us/op
WorkloadJitting  1: 1 op, 4881703.00 ns, 4.8817 ms/op

OverheadWarmup   1: 1 op, 451.00 ns, 451.0000 ns/op
OverheadWarmup   2: 1 op, 430.00 ns, 430.0000 ns/op
OverheadWarmup   3: 1 op, 280.00 ns, 280.0000 ns/op
OverheadWarmup   4: 1 op, 450.00 ns, 450.0000 ns/op
OverheadWarmup   5: 1 op, 451.00 ns, 451.0000 ns/op
OverheadWarmup   6: 1 op, 441.00 ns, 441.0000 ns/op
OverheadWarmup   7: 1 op, 270.00 ns, 270.0000 ns/op
OverheadWarmup   8: 1 op, 251.00 ns, 251.0000 ns/op
OverheadWarmup   9: 1 op, 450.00 ns, 450.0000 ns/op
OverheadWarmup  10: 1 op, 360.00 ns, 360.0000 ns/op

OverheadActual   1: 1 op, 391.00 ns, 391.0000 ns/op
OverheadActual   2: 1 op, 420.00 ns, 420.0000 ns/op
OverheadActual   3: 1 op, 420.00 ns, 420.0000 ns/op
OverheadActual   4: 1 op, 430.00 ns, 430.0000 ns/op
OverheadActual   5: 1 op, 501.00 ns, 501.0000 ns/op
OverheadActual   6: 1 op, 260.00 ns, 260.0000 ns/op
OverheadActual   7: 1 op, 261.00 ns, 261.0000 ns/op
OverheadActual   8: 1 op, 270.00 ns, 270.0000 ns/op
OverheadActual   9: 1 op, 261.00 ns, 261.0000 ns/op
OverheadActual  10: 1 op, 451.00 ns, 451.0000 ns/op
OverheadActual  11: 1 op, 451.00 ns, 451.0000 ns/op
OverheadActual  12: 1 op, 440.00 ns, 440.0000 ns/op
OverheadActual  13: 1 op, 261.00 ns, 261.0000 ns/op
OverheadActual  14: 1 op, 271.00 ns, 271.0000 ns/op
OverheadActual  15: 1 op, 271.00 ns, 271.0000 ns/op
OverheadActual  16: 1 op, 271.00 ns, 271.0000 ns/op
OverheadActual  17: 1 op, 481.00 ns, 481.0000 ns/op
OverheadActual  18: 1 op, 461.00 ns, 461.0000 ns/op
OverheadActual  19: 1 op, 260.00 ns, 260.0000 ns/op
OverheadActual  20: 1 op, 461.00 ns, 461.0000 ns/op

WorkloadWarmup   1: 1 op, 19216.00 ns, 19.2160 us/op
WorkloadWarmup   2: 1 op, 10179.00 ns, 10.1790 us/op
WorkloadWarmup   3: 1 op, 10420.00 ns, 10.4200 us/op

// BeforeActualRun
WorkloadActual   1: 1 op, 11772.00 ns, 11.7720 us/op
WorkloadActual   2: 1 op, 11662.00 ns, 11.6620 us/op
WorkloadActual   3: 1 op, 8866.00 ns, 8.8660 us/op

// AfterActualRun
WorkloadResult   1: 1 op, 11366.50 ns, 11.3665 us/op
WorkloadResult   2: 1 op, 11256.50 ns, 11.2565 us/op
WorkloadResult   3: 1 op, 8460.50 ns, 8.4605 us/op
// GC:  0 0 0 1912 1
// Threading:  0 0 1

// AfterAll
// Benchmark Process 1596710 has exited with code 0.

Mean = 10.361 us, StdErr = 0.951 us (9.18%), N = 3, StdDev = 1.647 us
Min = 8.460 us, Q1 = 9.858 us, Median = 11.257 us, Q3 = 11.312 us, Max = 11.367 us
IQR = 1.453 us, LowerFence = 7.679 us, UpperFence = 13.491 us
ConfidenceInterval = [-19.685 us; 40.408 us] (CI 99.9%), Margin = 30.046 us (289.99% of Mean)
Skewness = -0.38, Kurtosis = 0.67, MValue = 2

// ** Remained 69 (69.7%) benchmark(s) to run. Estimated finish 2026-09-22 17:00 (0h 0m from now) **
// **************************
// Benchmark: SessionSetupDecompositionBenchmarks.ComponentA8_WarmRentAdmissionAsync: ShortRun(InvocationCount=1, IterationCount=3, LaunchCount=1, UnrollFactor=1, WarmupCount=3) [Sessions=1]
// *** Execute ***
// Launch: 1 / 1
// Execute: dotnet WinForward.Benchmarks-ShortRun-1.dll --anonymousPipes 123 125 --benchmarkName "WinForward.Benchmarks.Perf.SessionSetupDecompositionBenchmarks.ComponentA8_WarmRentAdmissionAsync(Sessions: 1)" --job ShortRun --benchmarkId 30 in /home/paff/Projects/WinForward/benchmarks/WinForward.Benchmarks/bin/Release/net10.0/WinForward.Benchmarks-ShortRun-1/bin/Release/net10.0
// Failed to set up high priority (Permission denied). In order to run benchmarks with high priority, make sure you have the right permissions.
// BeforeAnythingElse

// Benchmark Process Environment Information:
// BenchmarkDotNet v0.15.8
// Runtime=.NET 10.0.12 (10.0.12, 10.0.1226.42308), X64 RyuJIT x86-64-v4
// GC=Concurrent Workstation
// HardwareIntrinsics=AVX512 BITALG+VBMI2+VNNI+VPOPCNTDQ,AVX512 IFMA+VBMI,AVX512 F+BW+CD+DQ+VL,AVX2+BMI1+BMI2+F16C+FMA+LZCNT+MOVBE,AVX,SSE3+SSSE3+SSE4.1+SSE4.2+POPCNT,X86Base+SSE+SSE2,AES+PCLMUL,AvxVnni VectorSize=256
// Job: ShortRun(InvocationCount=1, IterationCount=3, LaunchCount=1, UnrollFactor=1, WarmupCount=3)

OverheadJitting  1: 1 op, 383428.00 ns, 383.4280 us/op
WorkloadJitting  1: 1 op, 25980277.00 ns, 25.9803 ms/op

OverheadWarmup   1: 1 op, 781.00 ns, 781.0000 ns/op
OverheadWarmup   2: 1 op, 291.00 ns, 291.0000 ns/op
OverheadWarmup   3: 1 op, 451.00 ns, 451.0000 ns/op
OverheadWarmup   4: 1 op, 271.00 ns, 271.0000 ns/op
OverheadWarmup   5: 1 op, 481.00 ns, 481.0000 ns/op
OverheadWarmup   6: 1 op, 480.00 ns, 480.0000 ns/op

OverheadActual   1: 1 op, 561.00 ns, 561.0000 ns/op
OverheadActual   2: 1 op, 460.00 ns, 460.0000 ns/op
OverheadActual   3: 1 op, 531.00 ns, 531.0000 ns/op
OverheadActual   4: 1 op, 541.00 ns, 541.0000 ns/op
OverheadActual   5: 1 op, 551.00 ns, 551.0000 ns/op
OverheadActual   6: 1 op, 350.00 ns, 350.0000 ns/op
OverheadActual   7: 1 op, 340.00 ns, 340.0000 ns/op
OverheadActual   8: 1 op, 370.00 ns, 370.0000 ns/op
OverheadActual   9: 1 op, 381.00 ns, 381.0000 ns/op
OverheadActual  10: 1 op, 370.00 ns, 370.0000 ns/op
OverheadActual  11: 1 op, 381.00 ns, 381.0000 ns/op
OverheadActual  12: 1 op, 280.00 ns, 280.0000 ns/op
OverheadActual  13: 1 op, 511.00 ns, 511.0000 ns/op
OverheadActual  14: 1 op, 541.00 ns, 541.0000 ns/op
OverheadActual  15: 1 op, 872.00 ns, 872.0000 ns/op
OverheadActual  16: 1 op, 701.00 ns, 701.0000 ns/op
OverheadActual  17: 1 op, 511.00 ns, 511.0000 ns/op
OverheadActual  18: 1 op, 481.00 ns, 481.0000 ns/op
OverheadActual  19: 1 op, 260.00 ns, 260.0000 ns/op
OverheadActual  20: 1 op, 271.00 ns, 271.0000 ns/op

WorkloadWarmup   1: 1 op, 157661.00 ns, 157.6610 us/op
WorkloadWarmup   2: 1 op, 47668.00 ns, 47.6680 us/op
WorkloadWarmup   3: 1 op, 268425.00 ns, 268.4250 us/op

// BeforeActualRun
WorkloadActual   1: 1 op, 76511.00 ns, 76.5110 us/op
WorkloadActual   2: 1 op, 30396.00 ns, 30.3960 us/op
WorkloadActual   3: 1 op, 36147.00 ns, 36.1470 us/op

// AfterActualRun
WorkloadResult   1: 1 op, 76040.50 ns, 76.0405 us/op
WorkloadResult   2: 1 op, 29925.50 ns, 29.9255 us/op
WorkloadResult   3: 1 op, 35676.50 ns, 35.6765 us/op
// GC:  0 0 0 8160 1
// Threading:  0 0 1

// AfterAll
// Benchmark Process 1596719 has exited with code 0.

Mean = 47.214 us, StdErr = 14.508 us (30.73%), N = 3, StdDev = 25.129 us
Min = 29.925 us, Q1 = 32.801 us, Median = 35.676 us, Q3 = 55.858 us, Max = 76.040 us
IQR = 23.058 us, LowerFence = -1.785 us, UpperFence = 90.445 us
ConfidenceInterval = [-411.240 us; 505.668 us] (CI 99.9%), Margin = 458.454 us (971.01% of Mean)
Skewness = 0.36, Kurtosis = 0.67, MValue = 2

// ** Remained 68 (68.7%) benchmark(s) to run. Estimated finish 2026-09-22 17:00 (0h 0m from now) **
// **************************
// Benchmark: SessionSetupDecompositionBenchmarks.ComponentA9a_DictionaryGrowthSpansResize: ShortRun(InvocationCount=1, IterationCount=3, LaunchCount=1, UnrollFactor=1, WarmupCount=3) [Sessions=1]
// *** Execute ***
// Launch: 1 / 1
// Execute: dotnet WinForward.Benchmarks-ShortRun-1.dll --anonymousPipes 123 125 --benchmarkName "WinForward.Benchmarks.Perf.SessionSetupDecompositionBenchmarks.ComponentA9a_DictionaryGrowthSpansResize(Sessions: 1)" --job ShortRun --benchmarkId 31 in /home/paff/Projects/WinForward/benchmarks/WinForward.Benchmarks/bin/Release/net10.0/WinForward.Benchmarks-ShortRun-1/bin/Release/net10.0
// Failed to set up high priority (Permission denied). In order to run benchmarks with high priority, make sure you have the right permissions.
// BeforeAnythingElse

// Benchmark Process Environment Information:
// BenchmarkDotNet v0.15.8
// Runtime=.NET 10.0.12 (10.0.12, 10.0.1226.42308), X64 RyuJIT x86-64-v4
// GC=Concurrent Workstation
// HardwareIntrinsics=AVX512 BITALG+VBMI2+VNNI+VPOPCNTDQ,AVX512 IFMA+VBMI,AVX512 F+BW+CD+DQ+VL,AVX2+BMI1+BMI2+F16C+FMA+LZCNT+MOVBE,AVX,SSE3+SSSE3+SSE4.1+SSE4.2+POPCNT,X86Base+SSE+SSE2,AES+PCLMUL,AvxVnni VectorSize=256
// Job: ShortRun(InvocationCount=1, IterationCount=3, LaunchCount=1, UnrollFactor=1, WarmupCount=3)

OverheadJitting  1: 1 op, 251575.00 ns, 251.5750 us/op
WorkloadJitting  1: 1 op, 12579374.00 ns, 12.5794 ms/op

OverheadWarmup   1: 1 op, 471.00 ns, 471.0000 ns/op
OverheadWarmup   2: 1 op, 541.00 ns, 541.0000 ns/op
OverheadWarmup   3: 1 op, 421.00 ns, 421.0000 ns/op
OverheadWarmup   4: 1 op, 551.00 ns, 551.0000 ns/op
OverheadWarmup   5: 1 op, 641.00 ns, 641.0000 ns/op
OverheadWarmup   6: 1 op, 511.00 ns, 511.0000 ns/op

OverheadActual   1: 1 op, 501.00 ns, 501.0000 ns/op
OverheadActual   2: 1 op, 601.00 ns, 601.0000 ns/op
OverheadActual   3: 1 op, 531.00 ns, 531.0000 ns/op
OverheadActual   4: 1 op, 541.00 ns, 541.0000 ns/op
OverheadActual   5: 1 op, 290.00 ns, 290.0000 ns/op
OverheadActual   6: 1 op, 300.00 ns, 300.0000 ns/op
OverheadActual   7: 1 op, 300.00 ns, 300.0000 ns/op
OverheadActual   8: 1 op, 521.00 ns, 521.0000 ns/op
OverheadActual   9: 1 op, 561.00 ns, 561.0000 ns/op
OverheadActual  10: 1 op, 401.00 ns, 401.0000 ns/op
OverheadActual  11: 1 op, 521.00 ns, 521.0000 ns/op
OverheadActual  12: 1 op, 501.00 ns, 501.0000 ns/op
OverheadActual  13: 1 op, 471.00 ns, 471.0000 ns/op
OverheadActual  14: 1 op, 531.00 ns, 531.0000 ns/op
OverheadActual  15: 1 op, 932.00 ns, 932.0000 ns/op
OverheadActual  16: 1 op, 541.00 ns, 541.0000 ns/op
OverheadActual  17: 1 op, 501.00 ns, 501.0000 ns/op
OverheadActual  18: 1 op, 531.00 ns, 531.0000 ns/op
OverheadActual  19: 1 op, 451.00 ns, 451.0000 ns/op
OverheadActual  20: 1 op, 491.00 ns, 491.0000 ns/op

WorkloadWarmup   1: 1 op, 2663818.00 ns, 2.6638 ms/op
WorkloadWarmup   2: 1 op, 1954719.00 ns, 1.9547 ms/op
WorkloadWarmup   3: 1 op, 2066144.00 ns, 2.0661 ms/op

// BeforeActualRun
WorkloadActual   1: 1 op, 5953221.00 ns, 5.9532 ms/op
WorkloadActual   2: 1 op, 1866852.00 ns, 1.8669 ms/op
WorkloadActual   3: 1 op, 1956612.00 ns, 1.9566 ms/op

// AfterActualRun
WorkloadResult   1: 1 op, 5952710.00 ns, 5.9527 ms/op
WorkloadResult   2: 1 op, 1866341.00 ns, 1.8663 ms/op
WorkloadResult   3: 1 op, 1956101.00 ns, 1.9561 ms/op
// GC:  0 0 0 950584 1
// Threading:  0 0 1

// AfterAll
// Benchmark Process 1596763 has exited with code 0.

Mean = 3.258 ms, StdErr = 1.347 ms (41.35%), N = 3, StdDev = 2.334 ms
Min = 1.866 ms, Q1 = 1.911 ms, Median = 1.956 ms, Q3 = 3.954 ms, Max = 5.953 ms
IQR = 2.043 ms, LowerFence = -1.154 ms, UpperFence = 7.019 ms
ConfidenceInterval = [-39.319 ms; 45.835 ms] (CI 99.9%), Margin = 42.577 ms (1306.69% of Mean)
Skewness = 0.38, Kurtosis = 0.67, MValue = 2

// ** Remained 67 (67.7%) benchmark(s) to run. Estimated finish 2026-09-22 17:00 (0h 0m from now) **
// **************************
// Benchmark: SessionSetupDecompositionBenchmarks.ComponentA9b_DictionaryGrowthNoResize: ShortRun(InvocationCount=1, IterationCount=3, LaunchCount=1, UnrollFactor=1, WarmupCount=3) [Sessions=1]
// *** Execute ***
// Launch: 1 / 1
// Execute: dotnet WinForward.Benchmarks-ShortRun-1.dll --anonymousPipes 123 125 --benchmarkName "WinForward.Benchmarks.Perf.SessionSetupDecompositionBenchmarks.ComponentA9b_DictionaryGrowthNoResize(Sessions: 1)" --job ShortRun --benchmarkId 32 in /home/paff/Projects/WinForward/benchmarks/WinForward.Benchmarks/bin/Release/net10.0/WinForward.Benchmarks-ShortRun-1/bin/Release/net10.0
// Failed to set up high priority (Permission denied). In order to run benchmarks with high priority, make sure you have the right permissions.
// BeforeAnythingElse

// Benchmark Process Environment Information:
// BenchmarkDotNet v0.15.8
// Runtime=.NET 10.0.12 (10.0.12, 10.0.1226.42308), X64 RyuJIT x86-64-v4
// GC=Concurrent Workstation
// HardwareIntrinsics=AVX512 BITALG+VBMI2+VNNI+VPOPCNTDQ,AVX512 IFMA+VBMI,AVX512 F+BW+CD+DQ+VL,AVX2+BMI1+BMI2+F16C+FMA+LZCNT+MOVBE,AVX,SSE3+SSSE3+SSE4.1+SSE4.2+POPCNT,X86Base+SSE+SSE2,AES+PCLMUL,AvxVnni VectorSize=256
// Job: ShortRun(InvocationCount=1, IterationCount=3, LaunchCount=1, UnrollFactor=1, WarmupCount=3)

OverheadJitting  1: 1 op, 258578.00 ns, 258.5780 us/op
WorkloadJitting  1: 1 op, 11663244.00 ns, 11.6632 ms/op

OverheadWarmup   1: 1 op, 531.00 ns, 531.0000 ns/op
OverheadWarmup   2: 1 op, 1132.00 ns, 1.1320 us/op
OverheadWarmup   3: 1 op, 541.00 ns, 541.0000 ns/op
OverheadWarmup   4: 1 op, 471.00 ns, 471.0000 ns/op
OverheadWarmup   5: 1 op, 460.00 ns, 460.0000 ns/op
OverheadWarmup   6: 1 op, 551.00 ns, 551.0000 ns/op
OverheadWarmup   7: 1 op, 421.00 ns, 421.0000 ns/op

OverheadActual   1: 1 op, 431.00 ns, 431.0000 ns/op
OverheadActual   2: 1 op, 451.00 ns, 451.0000 ns/op
OverheadActual   3: 1 op, 451.00 ns, 451.0000 ns/op
OverheadActual   4: 1 op, 431.00 ns, 431.0000 ns/op
OverheadActual   5: 1 op, 451.00 ns, 451.0000 ns/op
OverheadActual   6: 1 op, 390.00 ns, 390.0000 ns/op
OverheadActual   7: 1 op, 451.00 ns, 451.0000 ns/op
OverheadActual   8: 1 op, 431.00 ns, 431.0000 ns/op
OverheadActual   9: 1 op, 301.00 ns, 301.0000 ns/op
OverheadActual  10: 1 op, 421.00 ns, 421.0000 ns/op
OverheadActual  11: 1 op, 281.00 ns, 281.0000 ns/op
OverheadActual  12: 1 op, 390.00 ns, 390.0000 ns/op
OverheadActual  13: 1 op, 281.00 ns, 281.0000 ns/op
OverheadActual  14: 1 op, 531.00 ns, 531.0000 ns/op
OverheadActual  15: 1 op, 441.00 ns, 441.0000 ns/op
OverheadActual  16: 1 op, 420.00 ns, 420.0000 ns/op
OverheadActual  17: 1 op, 501.00 ns, 501.0000 ns/op
OverheadActual  18: 1 op, 451.00 ns, 451.0000 ns/op
OverheadActual  19: 1 op, 280.00 ns, 280.0000 ns/op
OverheadActual  20: 1 op, 420.00 ns, 420.0000 ns/op

WorkloadWarmup   1: 1 op, 2349568.00 ns, 2.3496 ms/op
WorkloadWarmup   2: 1 op, 1818838.00 ns, 1.8188 ms/op
WorkloadWarmup   3: 1 op, 1838475.00 ns, 1.8385 ms/op

// BeforeActualRun
WorkloadActual   1: 1 op, 5603436.00 ns, 5.6034 ms/op
WorkloadActual   2: 1 op, 1734392.00 ns, 1.7344 ms/op
WorkloadActual   3: 1 op, 1882441.00 ns, 1.8824 ms/op

// AfterActualRun
WorkloadResult   1: 1 op, 5603005.00 ns, 5.6030 ms/op
WorkloadResult   2: 1 op, 1733961.00 ns, 1.7340 ms/op
WorkloadResult   3: 1 op, 1882010.00 ns, 1.8820 ms/op
// GC:  0 0 0 787288 1
// Threading:  0 0 1

// AfterAll
// Benchmark Process 1596777 has exited with code 0.

Mean = 3.073 ms, StdErr = 1.266 ms (41.19%), N = 3, StdDev = 2.192 ms
Min = 1.734 ms, Q1 = 1.808 ms, Median = 1.882 ms, Q3 = 3.743 ms, Max = 5.603 ms
IQR = 1.935 ms, LowerFence = -1.094 ms, UpperFence = 6.644 ms
ConfidenceInterval = [-36.923 ms; 43.069 ms] (CI 99.9%), Margin = 39.996 ms (1301.53% of Mean)
Skewness = 0.38, Kurtosis = 0.67, MValue = 2

// ** Remained 66 (66.7%) benchmark(s) to run. Estimated finish 2026-09-22 17:00 (0h 0m from now) **
// **************************
// Benchmark: SessionSetupDecompositionBenchmarks.StageS0_CoordinatorOnly: ShortRun(InvocationCount=1, IterationCount=3, LaunchCount=1, UnrollFactor=1, WarmupCount=3) [Sessions=100]
// *** Execute ***
// Launch: 1 / 1
// Execute: dotnet WinForward.Benchmarks-ShortRun-1.dll --anonymousPipes 123 125 --benchmarkName "WinForward.Benchmarks.Perf.SessionSetupDecompositionBenchmarks.StageS0_CoordinatorOnly(Sessions: 100)" --job ShortRun --benchmarkId 33 in /home/paff/Projects/WinForward/benchmarks/WinForward.Benchmarks/bin/Release/net10.0/WinForward.Benchmarks-ShortRun-1/bin/Release/net10.0
// Failed to set up high priority (Permission denied). In order to run benchmarks with high priority, make sure you have the right permissions.
// BeforeAnythingElse

// Benchmark Process Environment Information:
// BenchmarkDotNet v0.15.8
// Runtime=.NET 10.0.12 (10.0.12, 10.0.1226.42308), X64 RyuJIT x86-64-v4
// GC=Concurrent Workstation
// HardwareIntrinsics=AVX512 BITALG+VBMI2+VNNI+VPOPCNTDQ,AVX512 IFMA+VBMI,AVX512 F+BW+CD+DQ+VL,AVX2+BMI1+BMI2+F16C+FMA+LZCNT+MOVBE,AVX,SSE3+SSSE3+SSE4.1+SSE4.2+POPCNT,X86Base+SSE+SSE2,AES+PCLMUL,AvxVnni VectorSize=256
// Job: ShortRun(InvocationCount=1, IterationCount=3, LaunchCount=1, UnrollFactor=1, WarmupCount=3)

OverheadJitting  1: 1 op, 251505.00 ns, 251.5050 us/op
WorkloadJitting  1: 1 op, 6513586.00 ns, 6.5136 ms/op

OverheadWarmup   1: 1 op, 511.00 ns, 511.0000 ns/op
OverheadWarmup   2: 1 op, 531.00 ns, 531.0000 ns/op
OverheadWarmup   3: 1 op, 491.00 ns, 491.0000 ns/op
OverheadWarmup   4: 1 op, 471.00 ns, 471.0000 ns/op
OverheadWarmup   5: 1 op, 511.00 ns, 511.0000 ns/op
OverheadWarmup   6: 1 op, 280.00 ns, 280.0000 ns/op

OverheadActual   1: 1 op, 461.00 ns, 461.0000 ns/op
OverheadActual   2: 1 op, 501.00 ns, 501.0000 ns/op
OverheadActual   3: 1 op, 461.00 ns, 461.0000 ns/op
OverheadActual   4: 1 op, 451.00 ns, 451.0000 ns/op
OverheadActual   5: 1 op, 441.00 ns, 441.0000 ns/op
OverheadActual   6: 1 op, 271.00 ns, 271.0000 ns/op
OverheadActual   7: 1 op, 250.00 ns, 250.0000 ns/op
OverheadActual   8: 1 op, 260.00 ns, 260.0000 ns/op
OverheadActual   9: 1 op, 541.00 ns, 541.0000 ns/op
OverheadActual  10: 1 op, 270.00 ns, 270.0000 ns/op
OverheadActual  11: 1 op, 271.00 ns, 271.0000 ns/op
OverheadActual  12: 1 op, 260.00 ns, 260.0000 ns/op
OverheadActual  13: 1 op, 261.00 ns, 261.0000 ns/op
OverheadActual  14: 1 op, 290.00 ns, 290.0000 ns/op
OverheadActual  15: 1 op, 361.00 ns, 361.0000 ns/op
OverheadActual  16: 1 op, 270.00 ns, 270.0000 ns/op
OverheadActual  17: 1 op, 511.00 ns, 511.0000 ns/op
OverheadActual  18: 1 op, 431.00 ns, 431.0000 ns/op
OverheadActual  19: 1 op, 261.00 ns, 261.0000 ns/op
OverheadActual  20: 1 op, 531.00 ns, 531.0000 ns/op

WorkloadWarmup   1: 1 op, 89656.00 ns, 89.6560 us/op
WorkloadWarmup   2: 1 op, 15759.00 ns, 15.7590 us/op
WorkloadWarmup   3: 1 op, 13825.00 ns, 13.8250 us/op

// BeforeActualRun
WorkloadActual   1: 1 op, 79828.00 ns, 79.8280 us/op
WorkloadActual   2: 1 op, 13194.00 ns, 13.1940 us/op
WorkloadActual   3: 1 op, 13115.00 ns, 13.1150 us/op

// AfterActualRun
WorkloadResult   1: 1 op, 79502.50 ns, 79.5025 us/op
WorkloadResult   2: 1 op, 12868.50 ns, 12.8685 us/op
WorkloadResult   3: 1 op, 12789.50 ns, 12.7895 us/op
// GC:  0 0 0 54600 1
// Threading:  0 0 1

// AfterAll
// Benchmark Process 1596786 has exited with code 0.

Mean = 35.053 us, StdErr = 22.225 us (63.40%), N = 3, StdDev = 38.494 us
Min = 12.790 us, Q1 = 12.829 us, Median = 12.868 us, Q3 = 46.185 us, Max = 79.502 us
IQR = 33.356 us, LowerFence = -37.206 us, UpperFence = 96.220 us
ConfidenceInterval = [-667.220 us; 737.327 us] (CI 99.9%), Margin = 702.274 us (2003.43% of Mean)
Skewness = 0.38, Kurtosis = 0.67, MValue = 2

// ** Remained 65 (65.7%) benchmark(s) to run. Estimated finish 2026-09-22 17:00 (0h 0m from now) **
// **************************
// Benchmark: SessionSetupDecompositionBenchmarks.StageS1_AdmissionOnlyAsync: ShortRun(InvocationCount=1, IterationCount=3, LaunchCount=1, UnrollFactor=1, WarmupCount=3) [Sessions=100]
// *** Execute ***
// Launch: 1 / 1
// Execute: dotnet WinForward.Benchmarks-ShortRun-1.dll --anonymousPipes 123 125 --benchmarkName "WinForward.Benchmarks.Perf.SessionSetupDecompositionBenchmarks.StageS1_AdmissionOnlyAsync(Sessions: 100)" --job ShortRun --benchmarkId 34 in /home/paff/Projects/WinForward/benchmarks/WinForward.Benchmarks/bin/Release/net10.0/WinForward.Benchmarks-ShortRun-1/bin/Release/net10.0
// Failed to set up high priority (Permission denied). In order to run benchmarks with high priority, make sure you have the right permissions.
// BeforeAnythingElse

// Benchmark Process Environment Information:
// BenchmarkDotNet v0.15.8
// Runtime=.NET 10.0.12 (10.0.12, 10.0.1226.42308), X64 RyuJIT x86-64-v4
// GC=Concurrent Workstation
// HardwareIntrinsics=AVX512 BITALG+VBMI2+VNNI+VPOPCNTDQ,AVX512 IFMA+VBMI,AVX512 F+BW+CD+DQ+VL,AVX2+BMI1+BMI2+F16C+FMA+LZCNT+MOVBE,AVX,SSE3+SSSE3+SSE4.1+SSE4.2+POPCNT,X86Base+SSE+SSE2,AES+PCLMUL,AvxVnni VectorSize=256
// Job: ShortRun(InvocationCount=1, IterationCount=3, LaunchCount=1, UnrollFactor=1, WarmupCount=3)

OverheadJitting  1: 1 op, 257124.00 ns, 257.1240 us/op
WorkloadJitting  1: 1 op, 22093429.00 ns, 22.0934 ms/op

OverheadWarmup   1: 1 op, 421.00 ns, 421.0000 ns/op
OverheadWarmup   2: 1 op, 261.00 ns, 261.0000 ns/op
OverheadWarmup   3: 1 op, 441.00 ns, 441.0000 ns/op
OverheadWarmup   4: 1 op, 250.00 ns, 250.0000 ns/op
OverheadWarmup   5: 1 op, 551.00 ns, 551.0000 ns/op
OverheadWarmup   6: 1 op, 932.00 ns, 932.0000 ns/op
OverheadWarmup   7: 1 op, 421.00 ns, 421.0000 ns/op

OverheadActual   1: 1 op, 461.00 ns, 461.0000 ns/op
OverheadActual   2: 1 op, 561.00 ns, 561.0000 ns/op
OverheadActual   3: 1 op, 551.00 ns, 551.0000 ns/op
OverheadActual   4: 1 op, 541.00 ns, 541.0000 ns/op
OverheadActual   5: 1 op, 551.00 ns, 551.0000 ns/op
OverheadActual   6: 1 op, 471.00 ns, 471.0000 ns/op
OverheadActual   7: 1 op, 261.00 ns, 261.0000 ns/op
OverheadActual   8: 1 op, 270.00 ns, 270.0000 ns/op
OverheadActual   9: 1 op, 260.00 ns, 260.0000 ns/op
OverheadActual  10: 1 op, 370.00 ns, 370.0000 ns/op
OverheadActual  11: 1 op, 261.00 ns, 261.0000 ns/op
OverheadActual  12: 1 op, 261.00 ns, 261.0000 ns/op
OverheadActual  13: 1 op, 441.00 ns, 441.0000 ns/op
OverheadActual  14: 1 op, 261.00 ns, 261.0000 ns/op
OverheadActual  15: 1 op, 251.00 ns, 251.0000 ns/op
OverheadActual  16: 1 op, 511.00 ns, 511.0000 ns/op
OverheadActual  17: 1 op, 260.00 ns, 260.0000 ns/op
OverheadActual  18: 1 op, 401.00 ns, 401.0000 ns/op
OverheadActual  19: 1 op, 451.00 ns, 451.0000 ns/op
OverheadActual  20: 1 op, 451.00 ns, 451.0000 ns/op

WorkloadWarmup   1: 1 op, 386984.00 ns, 386.9840 us/op
WorkloadWarmup   2: 1 op, 223292.00 ns, 223.2920 us/op
WorkloadWarmup   3: 1 op, 213685.00 ns, 213.6850 us/op

// BeforeActualRun
WorkloadActual   1: 1 op, 262845.00 ns, 262.8450 us/op
WorkloadActual   2: 1 op, 214516.00 ns, 214.5160 us/op
WorkloadActual   3: 1 op, 216410.00 ns, 216.4100 us/op

// AfterActualRun
WorkloadResult   1: 1 op, 262424.00 ns, 262.4240 us/op
WorkloadResult   2: 1 op, 214095.00 ns, 214.0950 us/op
WorkloadResult   3: 1 op, 215989.00 ns, 215.9890 us/op
// GC:  0 0 0 135072 1
// Threading:  0 0 1

// AfterAll
// Benchmark Process 1596795 has exited with code 0.

Mean = 230.836 us, StdErr = 15.803 us (6.85%), N = 3, StdDev = 27.372 us
Min = 214.095 us, Q1 = 215.042 us, Median = 215.989 us, Q3 = 239.207 us, Max = 262.424 us
IQR = 24.165 us, LowerFence = 178.795 us, UpperFence = 275.453 us
ConfidenceInterval = [-268.538 us; 730.210 us] (CI 99.9%), Margin = 499.374 us (216.33% of Mean)
Skewness = 0.38, Kurtosis = 0.67, MValue = 2

// ** Remained 64 (64.6%) benchmark(s) to run. Estimated finish 2026-09-22 17:00 (0h 0m from now) **
// **************************
// Benchmark: SessionSetupDecompositionBenchmarks.StageS2_SetupStartedAsync: ShortRun(InvocationCount=1, IterationCount=3, LaunchCount=1, UnrollFactor=1, WarmupCount=3) [Sessions=100]
// *** Execute ***
// Launch: 1 / 1
// Execute: dotnet WinForward.Benchmarks-ShortRun-1.dll --anonymousPipes 123 125 --benchmarkName "WinForward.Benchmarks.Perf.SessionSetupDecompositionBenchmarks.StageS2_SetupStartedAsync(Sessions: 100)" --job ShortRun --benchmarkId 35 in /home/paff/Projects/WinForward/benchmarks/WinForward.Benchmarks/bin/Release/net10.0/WinForward.Benchmarks-ShortRun-1/bin/Release/net10.0
// Failed to set up high priority (Permission denied). In order to run benchmarks with high priority, make sure you have the right permissions.
// BeforeAnythingElse

// Benchmark Process Environment Information:
// BenchmarkDotNet v0.15.8
// Runtime=.NET 10.0.12 (10.0.12, 10.0.1226.42308), X64 RyuJIT x86-64-v4
// GC=Concurrent Workstation
// HardwareIntrinsics=AVX512 BITALG+VBMI2+VNNI+VPOPCNTDQ,AVX512 IFMA+VBMI,AVX512 F+BW+CD+DQ+VL,AVX2+BMI1+BMI2+F16C+FMA+LZCNT+MOVBE,AVX,SSE3+SSSE3+SSE4.1+SSE4.2+POPCNT,X86Base+SSE+SSE2,AES+PCLMUL,AvxVnni VectorSize=256
// Job: ShortRun(InvocationCount=1, IterationCount=3, LaunchCount=1, UnrollFactor=1, WarmupCount=3)

OverheadJitting  1: 1 op, 257104.00 ns, 257.1040 us/op
WorkloadJitting  1: 1 op, 115070666.00 ns, 115.0707 ms/op

OverheadWarmup   1: 1 op, 541.00 ns, 541.0000 ns/op
OverheadWarmup   2: 1 op, 401.00 ns, 401.0000 ns/op
OverheadWarmup   3: 1 op, 471.00 ns, 471.0000 ns/op
OverheadWarmup   4: 1 op, 381.00 ns, 381.0000 ns/op
OverheadWarmup   5: 1 op, 390.00 ns, 390.0000 ns/op
OverheadWarmup   6: 1 op, 381.00 ns, 381.0000 ns/op

OverheadActual   1: 1 op, 441.00 ns, 441.0000 ns/op
OverheadActual   2: 1 op, 471.00 ns, 471.0000 ns/op
OverheadActual   3: 1 op, 451.00 ns, 451.0000 ns/op
OverheadActual   4: 1 op, 461.00 ns, 461.0000 ns/op
OverheadActual   5: 1 op, 441.00 ns, 441.0000 ns/op
OverheadActual   6: 1 op, 471.00 ns, 471.0000 ns/op
OverheadActual   7: 1 op, 380.00 ns, 380.0000 ns/op
OverheadActual   8: 1 op, 411.00 ns, 411.0000 ns/op
OverheadActual   9: 1 op, 460.00 ns, 460.0000 ns/op
OverheadActual  10: 1 op, 461.00 ns, 461.0000 ns/op
OverheadActual  11: 1 op, 430.00 ns, 430.0000 ns/op
OverheadActual  12: 1 op, 350.00 ns, 350.0000 ns/op
OverheadActual  13: 1 op, 431.00 ns, 431.0000 ns/op
OverheadActual  14: 1 op, 431.00 ns, 431.0000 ns/op
OverheadActual  15: 1 op, 441.00 ns, 441.0000 ns/op
OverheadActual  16: 1 op, 441.00 ns, 441.0000 ns/op
OverheadActual  17: 1 op, 401.00 ns, 401.0000 ns/op
OverheadActual  18: 1 op, 381.00 ns, 381.0000 ns/op
OverheadActual  19: 1 op, 451.00 ns, 451.0000 ns/op
OverheadActual  20: 1 op, 370.00 ns, 370.0000 ns/op

WorkloadWarmup   1: 1 op, 77489011.00 ns, 77.4890 ms/op
WorkloadWarmup   2: 1 op, 88663462.00 ns, 88.6635 ms/op
WorkloadWarmup   3: 1 op, 78085418.00 ns, 78.0854 ms/op

// BeforeActualRun
WorkloadActual   1: 1 op, 79041347.00 ns, 79.0413 ms/op
WorkloadActual   2: 1 op, 79775607.00 ns, 79.7756 ms/op
WorkloadActual   3: 1 op, 78824786.00 ns, 78.8248 ms/op

// AfterActualRun
WorkloadResult   1: 1 op, 79040906.00 ns, 79.0409 ms/op
WorkloadResult   2: 1 op, 79775166.00 ns, 79.7752 ms/op
WorkloadResult   3: 1 op, 78824345.00 ns, 78.8243 ms/op
// GC:  0 0 0 221080 1
// Threading:  4 14 1

// AfterAll
// Benchmark Process 1596804 has exited with code 0.

Mean = 79.213 ms, StdErr = 0.288 ms (0.36%), N = 3, StdDev = 0.498 ms
Min = 78.824 ms, Q1 = 78.933 ms, Median = 79.041 ms, Q3 = 79.408 ms, Max = 79.775 ms
IQR = 0.475 ms, LowerFence = 78.220 ms, UpperFence = 80.121 ms
ConfidenceInterval = [70.122 ms; 88.305 ms] (CI 99.9%), Margin = 9.092 ms (11.48% of Mean)
Skewness = 0.3, Kurtosis = 0.67, MValue = 2

// ** Remained 63 (63.6%) benchmark(s) to run. Estimated finish 2026-09-22 17:01 (0h 0m from now) **
// **************************
// Benchmark: SessionSetupDecompositionBenchmarks.StageS3_PipelineNoPayloadAsync: ShortRun(InvocationCount=1, IterationCount=3, LaunchCount=1, UnrollFactor=1, WarmupCount=3) [Sessions=100]
// *** Execute ***
// Launch: 1 / 1
// Execute: dotnet WinForward.Benchmarks-ShortRun-1.dll --anonymousPipes 123 125 --benchmarkName "WinForward.Benchmarks.Perf.SessionSetupDecompositionBenchmarks.StageS3_PipelineNoPayloadAsync(Sessions: 100)" --job ShortRun --benchmarkId 36 in /home/paff/Projects/WinForward/benchmarks/WinForward.Benchmarks/bin/Release/net10.0/WinForward.Benchmarks-ShortRun-1/bin/Release/net10.0
// Failed to set up high priority (Permission denied). In order to run benchmarks with high priority, make sure you have the right permissions.
// BeforeAnythingElse

// Benchmark Process Environment Information:
// BenchmarkDotNet v0.15.8
// Runtime=.NET 10.0.12 (10.0.12, 10.0.1226.42308), X64 RyuJIT x86-64-v4
// GC=Concurrent Workstation
// HardwareIntrinsics=AVX512 BITALG+VBMI2+VNNI+VPOPCNTDQ,AVX512 IFMA+VBMI,AVX512 F+BW+CD+DQ+VL,AVX2+BMI1+BMI2+F16C+FMA+LZCNT+MOVBE,AVX,SSE3+SSSE3+SSE4.1+SSE4.2+POPCNT,X86Base+SSE+SSE2,AES+PCLMUL,AvxVnni VectorSize=256
// Job: ShortRun(InvocationCount=1, IterationCount=3, LaunchCount=1, UnrollFactor=1, WarmupCount=3)

OverheadJitting  1: 1 op, 269918.00 ns, 269.9180 us/op
WorkloadJitting  1: 1 op, 95523588.00 ns, 95.5236 ms/op

OverheadWarmup   1: 1 op, 762.00 ns, 762.0000 ns/op
OverheadWarmup   2: 1 op, 261.00 ns, 261.0000 ns/op
OverheadWarmup   3: 1 op, 461.00 ns, 461.0000 ns/op
OverheadWarmup   4: 1 op, 461.00 ns, 461.0000 ns/op
OverheadWarmup   5: 1 op, 441.00 ns, 441.0000 ns/op
OverheadWarmup   6: 1 op, 401.00 ns, 401.0000 ns/op
OverheadWarmup   7: 1 op, 290.00 ns, 290.0000 ns/op
OverheadWarmup   8: 1 op, 290.00 ns, 290.0000 ns/op

OverheadActual   1: 1 op, 441.00 ns, 441.0000 ns/op
OverheadActual   2: 1 op, 461.00 ns, 461.0000 ns/op
OverheadActual   3: 1 op, 491.00 ns, 491.0000 ns/op
OverheadActual   4: 1 op, 461.00 ns, 461.0000 ns/op
OverheadActual   5: 1 op, 521.00 ns, 521.0000 ns/op
OverheadActual   6: 1 op, 421.00 ns, 421.0000 ns/op
OverheadActual   7: 1 op, 301.00 ns, 301.0000 ns/op
OverheadActual   8: 1 op, 281.00 ns, 281.0000 ns/op
OverheadActual   9: 1 op, 261.00 ns, 261.0000 ns/op
OverheadActual  10: 1 op, 270.00 ns, 270.0000 ns/op
OverheadActual  11: 1 op, 471.00 ns, 471.0000 ns/op
OverheadActual  12: 1 op, 531.00 ns, 531.0000 ns/op
OverheadActual  13: 1 op, 421.00 ns, 421.0000 ns/op
OverheadActual  14: 1 op, 431.00 ns, 431.0000 ns/op
OverheadActual  15: 1 op, 351.00 ns, 351.0000 ns/op
OverheadActual  16: 1 op, 361.00 ns, 361.0000 ns/op
OverheadActual  17: 1 op, 351.00 ns, 351.0000 ns/op
OverheadActual  18: 1 op, 591.00 ns, 591.0000 ns/op
OverheadActual  19: 1 op, 401.00 ns, 401.0000 ns/op
OverheadActual  20: 1 op, 281.00 ns, 281.0000 ns/op

WorkloadWarmup   1: 1 op, 41007625.00 ns, 41.0076 ms/op
WorkloadWarmup   2: 1 op, 39181437.00 ns, 39.1814 ms/op
WorkloadWarmup   3: 1 op, 38523095.00 ns, 38.5231 ms/op

// BeforeActualRun
WorkloadActual   1: 1 op, 41458620.00 ns, 41.4586 ms/op
WorkloadActual   2: 1 op, 39223342.00 ns, 39.2233 ms/op
WorkloadActual   3: 1 op, 39796861.00 ns, 39.7969 ms/op

// AfterActualRun
WorkloadResult   1: 1 op, 41458199.00 ns, 41.4582 ms/op
WorkloadResult   2: 1 op, 39222921.00 ns, 39.2229 ms/op
WorkloadResult   3: 1 op, 39796440.00 ns, 39.7964 ms/op
// GC:  0 0 0 447560 1
// Threading:  92 59 1

// AfterAll
// Benchmark Process 1597352 has exited with code 0.

Mean = 40.159 ms, StdErr = 0.670 ms (1.67%), N = 3, StdDev = 1.161 ms
Min = 39.223 ms, Q1 = 39.510 ms, Median = 39.796 ms, Q3 = 40.627 ms, Max = 41.458 ms
IQR = 1.118 ms, LowerFence = 37.833 ms, UpperFence = 42.304 ms
ConfidenceInterval = [18.979 ms; 61.339 ms] (CI 99.9%), Margin = 21.180 ms (52.74% of Mean)
Skewness = 0.28, Kurtosis = 0.67, MValue = 2

// ** Remained 62 (62.6%) benchmark(s) to run. Estimated finish 2026-09-22 17:01 (0h 0m from now) **
// **************************
// Benchmark: SessionSetupDecompositionBenchmarks.StageS4_ReadinessTeardownOutsideAsync: ShortRun(InvocationCount=1, IterationCount=3, LaunchCount=1, UnrollFactor=1, WarmupCount=3) [Sessions=100]
// *** Execute ***
// Launch: 1 / 1
// Execute: dotnet WinForward.Benchmarks-ShortRun-1.dll --anonymousPipes 123 125 --benchmarkName "WinForward.Benchmarks.Perf.SessionSetupDecompositionBenchmarks.StageS4_ReadinessTeardownOutsideAsync(Sessions: 100)" --job ShortRun --benchmarkId 37 in /home/paff/Projects/WinForward/benchmarks/WinForward.Benchmarks/bin/Release/net10.0/WinForward.Benchmarks-ShortRun-1/bin/Release/net10.0
// Failed to set up high priority (Permission denied). In order to run benchmarks with high priority, make sure you have the right permissions.
// BeforeAnythingElse

// Benchmark Process Environment Information:
// BenchmarkDotNet v0.15.8
// Runtime=.NET 10.0.12 (10.0.12, 10.0.1226.42308), X64 RyuJIT x86-64-v4
// GC=Concurrent Workstation
// HardwareIntrinsics=AVX512 BITALG+VBMI2+VNNI+VPOPCNTDQ,AVX512 IFMA+VBMI,AVX512 F+BW+CD+DQ+VL,AVX2+BMI1+BMI2+F16C+FMA+LZCNT+MOVBE,AVX,SSE3+SSSE3+SSE4.1+SSE4.2+POPCNT,X86Base+SSE+SSE2,AES+PCLMUL,AvxVnni VectorSize=256
// Job: ShortRun(InvocationCount=1, IterationCount=3, LaunchCount=1, UnrollFactor=1, WarmupCount=3)

OverheadJitting  1: 1 op, 271391.00 ns, 271.3910 us/op
WorkloadJitting  1: 1 op, 96245124.00 ns, 96.2451 ms/op

OverheadWarmup   1: 1 op, 912.00 ns, 912.0000 ns/op
OverheadWarmup   2: 1 op, 612.00 ns, 612.0000 ns/op
OverheadWarmup   3: 1 op, 691.00 ns, 691.0000 ns/op
OverheadWarmup   4: 1 op, 561.00 ns, 561.0000 ns/op
OverheadWarmup   5: 1 op, 541.00 ns, 541.0000 ns/op
OverheadWarmup   6: 1 op, 321.00 ns, 321.0000 ns/op
OverheadWarmup   7: 1 op, 491.00 ns, 491.0000 ns/op
OverheadWarmup   8: 1 op, 541.00 ns, 541.0000 ns/op
OverheadWarmup   9: 1 op, 541.00 ns, 541.0000 ns/op

OverheadActual   1: 1 op, 451.00 ns, 451.0000 ns/op
OverheadActual   2: 1 op, 431.00 ns, 431.0000 ns/op
OverheadActual   3: 1 op, 461.00 ns, 461.0000 ns/op
OverheadActual   4: 1 op, 531.00 ns, 531.0000 ns/op
OverheadActual   5: 1 op, 430.00 ns, 430.0000 ns/op
OverheadActual   6: 1 op, 461.00 ns, 461.0000 ns/op
OverheadActual   7: 1 op, 310.00 ns, 310.0000 ns/op
OverheadActual   8: 1 op, 321.00 ns, 321.0000 ns/op
OverheadActual   9: 1 op, 450.00 ns, 450.0000 ns/op
OverheadActual  10: 1 op, 441.00 ns, 441.0000 ns/op
OverheadActual  11: 1 op, 371.00 ns, 371.0000 ns/op
OverheadActual  12: 1 op, 411.00 ns, 411.0000 ns/op
OverheadActual  13: 1 op, 261.00 ns, 261.0000 ns/op
OverheadActual  14: 1 op, 261.00 ns, 261.0000 ns/op
OverheadActual  15: 1 op, 271.00 ns, 271.0000 ns/op
OverheadActual  16: 1 op, 291.00 ns, 291.0000 ns/op
OverheadActual  17: 1 op, 271.00 ns, 271.0000 ns/op
OverheadActual  18: 1 op, 591.00 ns, 591.0000 ns/op
OverheadActual  19: 1 op, 450.00 ns, 450.0000 ns/op
OverheadActual  20: 1 op, 371.00 ns, 371.0000 ns/op

WorkloadWarmup   1: 1 op, 39786148.00 ns, 39.7861 ms/op
WorkloadWarmup   2: 1 op, 38575166.00 ns, 38.5752 ms/op
WorkloadWarmup   3: 1 op, 37461760.00 ns, 37.4618 ms/op

// BeforeActualRun
WorkloadActual   1: 1 op, 41520083.00 ns, 41.5201 ms/op
WorkloadActual   2: 1 op, 42900010.00 ns, 42.9000 ms/op
WorkloadActual   3: 1 op, 44034414.00 ns, 44.0344 ms/op

// AfterActualRun
WorkloadResult   1: 1 op, 41519662.50 ns, 41.5197 ms/op
WorkloadResult   2: 1 op, 42899589.50 ns, 42.8996 ms/op
WorkloadResult   3: 1 op, 44033993.50 ns, 44.0340 ms/op
// GC:  0 0 0 417048 1
// Threading:  92 76 1

// AfterAll
// Benchmark Process 1597904 has exited with code 0.

Mean = 42.818 ms, StdErr = 0.727 ms (1.70%), N = 3, StdDev = 1.259 ms
Min = 41.520 ms, Q1 = 42.210 ms, Median = 42.900 ms, Q3 = 43.467 ms, Max = 44.034 ms
IQR = 1.257 ms, LowerFence = 40.324 ms, UpperFence = 45.353 ms
ConfidenceInterval = [19.846 ms; 65.790 ms] (CI 99.9%), Margin = 22.972 ms (53.65% of Mean)
Skewness = -0.06, Kurtosis = 0.67, MValue = 2

// ** Remained 61 (61.6%) benchmark(s) to run. Estimated finish 2026-09-22 17:01 (0h 0m from now) **
// **************************
// Benchmark: SessionSetupDecompositionBenchmarks.StageS5_ReadinessTeardownInsideAsync: ShortRun(InvocationCount=1, IterationCount=3, LaunchCount=1, UnrollFactor=1, WarmupCount=3) [Sessions=100]
// *** Execute ***
// Launch: 1 / 1
// Execute: dotnet WinForward.Benchmarks-ShortRun-1.dll --anonymousPipes 123 125 --benchmarkName "WinForward.Benchmarks.Perf.SessionSetupDecompositionBenchmarks.StageS5_ReadinessTeardownInsideAsync(Sessions: 100)" --job ShortRun --benchmarkId 38 in /home/paff/Projects/WinForward/benchmarks/WinForward.Benchmarks/bin/Release/net10.0/WinForward.Benchmarks-ShortRun-1/bin/Release/net10.0
// Failed to set up high priority (Permission denied). In order to run benchmarks with high priority, make sure you have the right permissions.
// BeforeAnythingElse

// Benchmark Process Environment Information:
// BenchmarkDotNet v0.15.8
// Runtime=.NET 10.0.12 (10.0.12, 10.0.1226.42308), X64 RyuJIT x86-64-v4
// GC=Concurrent Workstation
// HardwareIntrinsics=AVX512 BITALG+VBMI2+VNNI+VPOPCNTDQ,AVX512 IFMA+VBMI,AVX512 F+BW+CD+DQ+VL,AVX2+BMI1+BMI2+F16C+FMA+LZCNT+MOVBE,AVX,SSE3+SSSE3+SSE4.1+SSE4.2+POPCNT,X86Base+SSE+SSE2,AES+PCLMUL,AvxVnni VectorSize=256
// Job: ShortRun(InvocationCount=1, IterationCount=3, LaunchCount=1, UnrollFactor=1, WarmupCount=3)

OverheadJitting  1: 1 op, 346439.00 ns, 346.4390 us/op
WorkloadJitting  1: 1 op, 124872590.00 ns, 124.8726 ms/op

OverheadWarmup   1: 1 op, 571.00 ns, 571.0000 ns/op
OverheadWarmup   2: 1 op, 611.00 ns, 611.0000 ns/op
OverheadWarmup   3: 1 op, 621.00 ns, 621.0000 ns/op
OverheadWarmup   4: 1 op, 701.00 ns, 701.0000 ns/op
OverheadWarmup   5: 1 op, 782.00 ns, 782.0000 ns/op
OverheadWarmup   6: 1 op, 591.00 ns, 591.0000 ns/op
OverheadWarmup   7: 1 op, 611.00 ns, 611.0000 ns/op
OverheadWarmup   8: 1 op, 491.00 ns, 491.0000 ns/op

OverheadActual   1: 1 op, 500.00 ns, 500.0000 ns/op
OverheadActual   2: 1 op, 441.00 ns, 441.0000 ns/op
OverheadActual   3: 1 op, 451.00 ns, 451.0000 ns/op
OverheadActual   4: 1 op, 461.00 ns, 461.0000 ns/op
OverheadActual   5: 1 op, 481.00 ns, 481.0000 ns/op
OverheadActual   6: 1 op, 300.00 ns, 300.0000 ns/op
OverheadActual   7: 1 op, 261.00 ns, 261.0000 ns/op
OverheadActual   8: 1 op, 280.00 ns, 280.0000 ns/op
OverheadActual   9: 1 op, 421.00 ns, 421.0000 ns/op
OverheadActual  10: 1 op, 44913.00 ns, 44.9130 us/op
OverheadActual  11: 1 op, 491.00 ns, 491.0000 ns/op
OverheadActual  12: 1 op, 531.00 ns, 531.0000 ns/op
OverheadActual  13: 1 op, 491.00 ns, 491.0000 ns/op
OverheadActual  14: 1 op, 511.00 ns, 511.0000 ns/op
OverheadActual  15: 1 op, 300.00 ns, 300.0000 ns/op
OverheadActual  16: 1 op, 521.00 ns, 521.0000 ns/op
OverheadActual  17: 1 op, 511.00 ns, 511.0000 ns/op
OverheadActual  18: 1 op, 521.00 ns, 521.0000 ns/op
OverheadActual  19: 1 op, 521.00 ns, 521.0000 ns/op
OverheadActual  20: 1 op, 521.00 ns, 521.0000 ns/op

WorkloadWarmup   1: 1 op, 55179157.00 ns, 55.1792 ms/op
WorkloadWarmup   2: 1 op, 56538467.00 ns, 56.5385 ms/op
WorkloadWarmup   3: 1 op, 57032830.00 ns, 57.0328 ms/op

// BeforeActualRun
WorkloadActual   1: 1 op, 55462050.00 ns, 55.4621 ms/op
WorkloadActual   2: 1 op, 54440584.00 ns, 54.4406 ms/op
WorkloadActual   3: 1 op, 61253992.00 ns, 61.2540 ms/op

// AfterActualRun
WorkloadResult   1: 1 op, 55461559.00 ns, 55.4616 ms/op
WorkloadResult   2: 1 op, 54440093.00 ns, 54.4401 ms/op
WorkloadResult   3: 1 op, 61253501.00 ns, 61.2535 ms/op
// GC:  0 0 0 677944 1
// Threading:  192 141 1
// Exceptions:  328

// AfterAll
// Benchmark Process 1598451 has exited with code 0.

Mean = 57.052 ms, StdErr = 2.121 ms (3.72%), N = 3, StdDev = 3.675 ms
Min = 54.440 ms, Q1 = 54.951 ms, Median = 55.462 ms, Q3 = 58.358 ms, Max = 61.254 ms
IQR = 3.407 ms, LowerFence = 49.841 ms, UpperFence = 63.468 ms
ConfidenceInterval = [-9.985 ms; 124.089 ms] (CI 99.9%), Margin = 67.037 ms (117.50% of Mean)
Skewness = 0.35, Kurtosis = 0.67, MValue = 2

// ** Remained 60 (60.6%) benchmark(s) to run. Estimated finish 2026-09-22 17:01 (0h 0m from now) **
// **************************
// Benchmark: SessionSetupDecompositionBenchmarks.StageT1_SessionTeardownInsideAsync: ShortRun(InvocationCount=1, IterationCount=3, LaunchCount=1, UnrollFactor=1, WarmupCount=3) [Sessions=100]
// *** Execute ***
// Launch: 1 / 1
// Execute: dotnet WinForward.Benchmarks-ShortRun-1.dll --anonymousPipes 123 125 --benchmarkName "WinForward.Benchmarks.Perf.SessionSetupDecompositionBenchmarks.StageT1_SessionTeardownInsideAsync(Sessions: 100)" --job ShortRun --benchmarkId 39 in /home/paff/Projects/WinForward/benchmarks/WinForward.Benchmarks/bin/Release/net10.0/WinForward.Benchmarks-ShortRun-1/bin/Release/net10.0
// Failed to set up high priority (Permission denied). In order to run benchmarks with high priority, make sure you have the right permissions.
// BeforeAnythingElse

// Benchmark Process Environment Information:
// BenchmarkDotNet v0.15.8
// Runtime=.NET 10.0.12 (10.0.12, 10.0.1226.42308), X64 RyuJIT x86-64-v4
// GC=Concurrent Workstation
// HardwareIntrinsics=AVX512 BITALG+VBMI2+VNNI+VPOPCNTDQ,AVX512 IFMA+VBMI,AVX512 F+BW+CD+DQ+VL,AVX2+BMI1+BMI2+F16C+FMA+LZCNT+MOVBE,AVX,SSE3+SSSE3+SSE4.1+SSE4.2+POPCNT,X86Base+SSE+SSE2,AES+PCLMUL,AvxVnni VectorSize=256
// Job: ShortRun(InvocationCount=1, IterationCount=3, LaunchCount=1, UnrollFactor=1, WarmupCount=3)

OverheadJitting  1: 1 op, 264018.00 ns, 264.0180 us/op
WorkloadJitting  1: 1 op, 58082616.00 ns, 58.0826 ms/op

OverheadWarmup   1: 1 op, 1072.00 ns, 1.0720 us/op
OverheadWarmup   2: 1 op, 351.00 ns, 351.0000 ns/op
OverheadWarmup   3: 1 op, 450.00 ns, 450.0000 ns/op
OverheadWarmup   4: 1 op, 682.00 ns, 682.0000 ns/op
OverheadWarmup   5: 1 op, 471.00 ns, 471.0000 ns/op
OverheadWarmup   6: 1 op, 481.00 ns, 481.0000 ns/op
OverheadWarmup   7: 1 op, 471.00 ns, 471.0000 ns/op

OverheadActual   1: 1 op, 471.00 ns, 471.0000 ns/op
OverheadActual   2: 1 op, 601.00 ns, 601.0000 ns/op
OverheadActual   3: 1 op, 491.00 ns, 491.0000 ns/op
OverheadActual   4: 1 op, 461.00 ns, 461.0000 ns/op
OverheadActual   5: 1 op, 481.00 ns, 481.0000 ns/op
OverheadActual   6: 1 op, 430.00 ns, 430.0000 ns/op
OverheadActual   7: 1 op, 410.00 ns, 410.0000 ns/op
OverheadActual   8: 1 op, 401.00 ns, 401.0000 ns/op
OverheadActual   9: 1 op, 410.00 ns, 410.0000 ns/op
OverheadActual  10: 1 op, 431.00 ns, 431.0000 ns/op
OverheadActual  11: 1 op, 401.00 ns, 401.0000 ns/op
OverheadActual  12: 1 op, 370.00 ns, 370.0000 ns/op
OverheadActual  13: 1 op, 401.00 ns, 401.0000 ns/op
OverheadActual  14: 1 op, 562.00 ns, 562.0000 ns/op
OverheadActual  15: 1 op, 581.00 ns, 581.0000 ns/op
OverheadActual  16: 1 op, 451.00 ns, 451.0000 ns/op
OverheadActual  17: 1 op, 481.00 ns, 481.0000 ns/op
OverheadActual  18: 1 op, 471.00 ns, 471.0000 ns/op
OverheadActual  19: 1 op, 421.00 ns, 421.0000 ns/op
OverheadActual  20: 1 op, 411.00 ns, 411.0000 ns/op

WorkloadWarmup   1: 1 op, 6988412.00 ns, 6.9884 ms/op
WorkloadWarmup   2: 1 op, 3119288.00 ns, 3.1193 ms/op
WorkloadWarmup   3: 1 op, 5045800.00 ns, 5.0458 ms/op

// BeforeActualRun
WorkloadActual   1: 1 op, 8922236.00 ns, 8.9222 ms/op
WorkloadActual   2: 1 op, 7684683.00 ns, 7.6847 ms/op
WorkloadActual   3: 1 op, 8632406.00 ns, 8.6324 ms/op

// AfterActualRun
WorkloadResult   1: 1 op, 8921795.00 ns, 8.9218 ms/op
WorkloadResult   2: 1 op, 7684242.00 ns, 7.6842 ms/op
WorkloadResult   3: 1 op, 8631965.00 ns, 8.6320 ms/op
// GC:  0 0 0 448280 1
// Threading:  100 0 1
// Exceptions:  200

// AfterAll
// Benchmark Process 1599008 has exited with code 0.

Mean = 8.413 ms, StdErr = 0.374 ms (4.44%), N = 3, StdDev = 0.647 ms
Min = 7.684 ms, Q1 = 8.158 ms, Median = 8.632 ms, Q3 = 8.777 ms, Max = 8.922 ms
IQR = 0.619 ms, LowerFence = 7.230 ms, UpperFence = 9.705 ms
ConfidenceInterval = [-3.396 ms; 20.221 ms] (CI 99.9%), Margin = 11.809 ms (140.37% of Mean)
Skewness = -0.3, Kurtosis = 0.67, MValue = 2

// ** Remained 59 (59.6%) benchmark(s) to run. Estimated finish 2026-09-22 17:01 (0h 0m from now) **
// **************************
// Benchmark: SessionSetupDecompositionBenchmarks.StageT3_ExpiryRetireInsideAsync: ShortRun(InvocationCount=1, IterationCount=3, LaunchCount=1, UnrollFactor=1, WarmupCount=3) [Sessions=100]
// *** Execute ***
// Launch: 1 / 1
// Execute: dotnet WinForward.Benchmarks-ShortRun-1.dll --anonymousPipes 123 125 --benchmarkName "WinForward.Benchmarks.Perf.SessionSetupDecompositionBenchmarks.StageT3_ExpiryRetireInsideAsync(Sessions: 100)" --job ShortRun --benchmarkId 40 in /home/paff/Projects/WinForward/benchmarks/WinForward.Benchmarks/bin/Release/net10.0/WinForward.Benchmarks-ShortRun-1/bin/Release/net10.0
// Failed to set up high priority (Permission denied). In order to run benchmarks with high priority, make sure you have the right permissions.
// BeforeAnythingElse

// Benchmark Process Environment Information:
// BenchmarkDotNet v0.15.8
// Runtime=.NET 10.0.12 (10.0.12, 10.0.1226.42308), X64 RyuJIT x86-64-v4
// GC=Concurrent Workstation
// HardwareIntrinsics=AVX512 BITALG+VBMI2+VNNI+VPOPCNTDQ,AVX512 IFMA+VBMI,AVX512 F+BW+CD+DQ+VL,AVX2+BMI1+BMI2+F16C+FMA+LZCNT+MOVBE,AVX,SSE3+SSSE3+SSE4.1+SSE4.2+POPCNT,X86Base+SSE+SSE2,AES+PCLMUL,AvxVnni VectorSize=256
// Job: ShortRun(InvocationCount=1, IterationCount=3, LaunchCount=1, UnrollFactor=1, WarmupCount=3)

OverheadJitting  1: 1 op, 403104.00 ns, 403.1040 us/op
WorkloadJitting  1: 1 op, 130724118.00 ns, 130.7241 ms/op

OverheadWarmup   1: 1 op, 672.00 ns, 672.0000 ns/op
OverheadWarmup   2: 1 op, 1152.00 ns, 1.1520 us/op
OverheadWarmup   3: 1 op, 470.00 ns, 470.0000 ns/op
OverheadWarmup   4: 1 op, 461.00 ns, 461.0000 ns/op
OverheadWarmup   5: 1 op, 261.00 ns, 261.0000 ns/op
OverheadWarmup   6: 1 op, 441.00 ns, 441.0000 ns/op
OverheadWarmup   7: 1 op, 280.00 ns, 280.0000 ns/op

OverheadActual   1: 1 op, 441.00 ns, 441.0000 ns/op
OverheadActual   2: 1 op, 481.00 ns, 481.0000 ns/op
OverheadActual   3: 1 op, 441.00 ns, 441.0000 ns/op
OverheadActual   4: 1 op, 420.00 ns, 420.0000 ns/op
OverheadActual   5: 1 op, 270.00 ns, 270.0000 ns/op
OverheadActual   6: 1 op, 301.00 ns, 301.0000 ns/op
OverheadActual   7: 1 op, 271.00 ns, 271.0000 ns/op
OverheadActual   8: 1 op, 451.00 ns, 451.0000 ns/op
OverheadActual   9: 1 op, 461.00 ns, 461.0000 ns/op
OverheadActual  10: 1 op, 360.00 ns, 360.0000 ns/op
OverheadActual  11: 1 op, 411.00 ns, 411.0000 ns/op
OverheadActual  12: 1 op, 411.00 ns, 411.0000 ns/op
OverheadActual  13: 1 op, 461.00 ns, 461.0000 ns/op
OverheadActual  14: 1 op, 441.00 ns, 441.0000 ns/op
OverheadActual  15: 1 op, 331.00 ns, 331.0000 ns/op
OverheadActual  16: 1 op, 421.00 ns, 421.0000 ns/op
OverheadActual  17: 1 op, 360.00 ns, 360.0000 ns/op
OverheadActual  18: 1 op, 491.00 ns, 491.0000 ns/op
OverheadActual  19: 1 op, 270.00 ns, 270.0000 ns/op
OverheadActual  20: 1 op, 281.00 ns, 281.0000 ns/op

WorkloadWarmup   1: 1 op, 49903336.00 ns, 49.9033 ms/op
WorkloadWarmup   2: 1 op, 49117656.00 ns, 49.1177 ms/op
WorkloadWarmup   3: 1 op, 49057369.00 ns, 49.0574 ms/op

// BeforeActualRun
WorkloadActual   1: 1 op, 49582023.00 ns, 49.5820 ms/op
WorkloadActual   2: 1 op, 50605035.00 ns, 50.6050 ms/op
WorkloadActual   3: 1 op, 47370438.00 ns, 47.3704 ms/op

// AfterActualRun
WorkloadResult   1: 1 op, 49581607.50 ns, 49.5816 ms/op
WorkloadResult   2: 1 op, 50604619.50 ns, 50.6046 ms/op
WorkloadResult   3: 1 op, 47370022.50 ns, 47.3700 ms/op
// GC:  0 0 0 663592 1
// Threading:  193 83 1
// Exceptions:  200

// AfterAll
// Benchmark Process 1599022 has exited with code 0.

Mean = 49.185 ms, StdErr = 0.955 ms (1.94%), N = 3, StdDev = 1.653 ms
Min = 47.370 ms, Q1 = 48.476 ms, Median = 49.582 ms, Q3 = 50.093 ms, Max = 50.605 ms
IQR = 1.617 ms, LowerFence = 46.050 ms, UpperFence = 52.519 ms
ConfidenceInterval = [19.023 ms; 79.348 ms] (CI 99.9%), Margin = 30.162 ms (61.32% of Mean)
Skewness = -0.23, Kurtosis = 0.67, MValue = 2

// ** Remained 58 (58.6%) benchmark(s) to run. Estimated finish 2026-09-22 17:01 (0h 0m from now) **
// **************************
// Benchmark: SessionSetupDecompositionBenchmarks.StageT5_NonThrowingParkTeardownAsync: ShortRun(InvocationCount=1, IterationCount=3, LaunchCount=1, UnrollFactor=1, WarmupCount=3) [Sessions=100]
// *** Execute ***
// Launch: 1 / 1
// Execute: dotnet WinForward.Benchmarks-ShortRun-1.dll --anonymousPipes 123 125 --benchmarkName "WinForward.Benchmarks.Perf.SessionSetupDecompositionBenchmarks.StageT5_NonThrowingParkTeardownAsync(Sessions: 100)" --job ShortRun --benchmarkId 41 in /home/paff/Projects/WinForward/benchmarks/WinForward.Benchmarks/bin/Release/net10.0/WinForward.Benchmarks-ShortRun-1/bin/Release/net10.0
// Failed to set up high priority (Permission denied). In order to run benchmarks with high priority, make sure you have the right permissions.
// BeforeAnythingElse

// Benchmark Process Environment Information:
// BenchmarkDotNet v0.15.8
// Runtime=.NET 10.0.12 (10.0.12, 10.0.1226.42308), X64 RyuJIT x86-64-v4
// GC=Concurrent Workstation
// HardwareIntrinsics=AVX512 BITALG+VBMI2+VNNI+VPOPCNTDQ,AVX512 IFMA+VBMI,AVX512 F+BW+CD+DQ+VL,AVX2+BMI1+BMI2+F16C+FMA+LZCNT+MOVBE,AVX,SSE3+SSSE3+SSE4.1+SSE4.2+POPCNT,X86Base+SSE+SSE2,AES+PCLMUL,AvxVnni VectorSize=256
// Job: ShortRun(InvocationCount=1, IterationCount=3, LaunchCount=1, UnrollFactor=1, WarmupCount=3)

OverheadJitting  1: 1 op, 372177.00 ns, 372.1770 us/op
WorkloadJitting  1: 1 op, 46166255.00 ns, 46.1663 ms/op

OverheadWarmup   1: 1 op, 881.00 ns, 881.0000 ns/op
OverheadWarmup   2: 1 op, 280.00 ns, 280.0000 ns/op
OverheadWarmup   3: 1 op, 531.00 ns, 531.0000 ns/op
OverheadWarmup   4: 1 op, 270.00 ns, 270.0000 ns/op
OverheadWarmup   5: 1 op, 381.00 ns, 381.0000 ns/op
OverheadWarmup   6: 1 op, 431.00 ns, 431.0000 ns/op
OverheadWarmup   7: 1 op, 511.00 ns, 511.0000 ns/op
OverheadWarmup   8: 1 op, 501.00 ns, 501.0000 ns/op

OverheadActual   1: 1 op, 461.00 ns, 461.0000 ns/op
OverheadActual   2: 1 op, 490.00 ns, 490.0000 ns/op
OverheadActual   3: 1 op, 441.00 ns, 441.0000 ns/op
OverheadActual   4: 1 op, 460.00 ns, 460.0000 ns/op
OverheadActual   5: 1 op, 501.00 ns, 501.0000 ns/op
OverheadActual   6: 1 op, 360.00 ns, 360.0000 ns/op
OverheadActual   7: 1 op, 25407.00 ns, 25.4070 us/op
OverheadActual   8: 1 op, 340.00 ns, 340.0000 ns/op
OverheadActual   9: 1 op, 271.00 ns, 271.0000 ns/op
OverheadActual  10: 1 op, 260.00 ns, 260.0000 ns/op
OverheadActual  11: 1 op, 261.00 ns, 261.0000 ns/op
OverheadActual  12: 1 op, 561.00 ns, 561.0000 ns/op
OverheadActual  13: 1 op, 340.00 ns, 340.0000 ns/op
OverheadActual  14: 1 op, 551.00 ns, 551.0000 ns/op
OverheadActual  15: 1 op, 500.00 ns, 500.0000 ns/op
OverheadActual  16: 1 op, 321.00 ns, 321.0000 ns/op
OverheadActual  17: 1 op, 451.00 ns, 451.0000 ns/op
OverheadActual  18: 1 op, 361.00 ns, 361.0000 ns/op
OverheadActual  19: 1 op, 291.00 ns, 291.0000 ns/op
OverheadActual  20: 1 op, 291.00 ns, 291.0000 ns/op

WorkloadWarmup   1: 1 op, 3440952.00 ns, 3.4410 ms/op
WorkloadWarmup   2: 1 op, 1740211.00 ns, 1.7402 ms/op
WorkloadWarmup   3: 1 op, 1317301.00 ns, 1.3173 ms/op

// BeforeActualRun
WorkloadActual   1: 1 op, 1879820.00 ns, 1.8798 ms/op
WorkloadActual   2: 1 op, 1209503.00 ns, 1.2095 ms/op
WorkloadActual   3: 1 op, 1320618.00 ns, 1.3206 ms/op

// AfterActualRun
WorkloadResult   1: 1 op, 1879419.00 ns, 1.8794 ms/op
WorkloadResult   2: 1 op, 1209102.00 ns, 1.2091 ms/op
WorkloadResult   3: 1 op, 1320217.00 ns, 1.3202 ms/op
// GC:  0 0 0 318800 1
// Threading:  353 0 1

// AfterAll
// Benchmark Process 1599566 has exited with code 0.

Mean = 1.470 ms, StdErr = 0.207 ms (14.11%), N = 3, StdDev = 0.359 ms
Min = 1.209 ms, Q1 = 1.265 ms, Median = 1.320 ms, Q3 = 1.600 ms, Max = 1.879 ms
IQR = 0.335 ms, LowerFence = 0.762 ms, UpperFence = 2.103 ms
ConfidenceInterval = [-5.085 ms; 8.024 ms] (CI 99.9%), Margin = 6.554 ms (445.99% of Mean)
Skewness = 0.34, Kurtosis = 0.67, MValue = 2

// ** Remained 57 (57.6%) benchmark(s) to run. Estimated finish 2026-09-22 17:01 (0h 0m from now) **
// **************************
// Benchmark: SessionSetupDecompositionBenchmarks.BaselineF_FakeTransportCreationAsync: ShortRun(InvocationCount=1, IterationCount=3, LaunchCount=1, UnrollFactor=1, WarmupCount=3) [Sessions=100]
// *** Execute ***
// Launch: 1 / 1
// Execute: dotnet WinForward.Benchmarks-ShortRun-1.dll --anonymousPipes 123 125 --benchmarkName "WinForward.Benchmarks.Perf.SessionSetupDecompositionBenchmarks.BaselineF_FakeTransportCreationAsync(Sessions: 100)" --job ShortRun --benchmarkId 42 in /home/paff/Projects/WinForward/benchmarks/WinForward.Benchmarks/bin/Release/net10.0/WinForward.Benchmarks-ShortRun-1/bin/Release/net10.0
// Failed to set up high priority (Permission denied). In order to run benchmarks with high priority, make sure you have the right permissions.
// BeforeAnythingElse

// Benchmark Process Environment Information:
// BenchmarkDotNet v0.15.8
// Runtime=.NET 10.0.12 (10.0.12, 10.0.1226.42308), X64 RyuJIT x86-64-v4
// GC=Concurrent Workstation
// HardwareIntrinsics=AVX512 BITALG+VBMI2+VNNI+VPOPCNTDQ,AVX512 IFMA+VBMI,AVX512 F+BW+CD+DQ+VL,AVX2+BMI1+BMI2+F16C+FMA+LZCNT+MOVBE,AVX,SSE3+SSSE3+SSE4.1+SSE4.2+POPCNT,X86Base+SSE+SSE2,AES+PCLMUL,AvxVnni VectorSize=256
// Job: ShortRun(InvocationCount=1, IterationCount=3, LaunchCount=1, UnrollFactor=1, WarmupCount=3)

OverheadJitting  1: 1 op, 367509.00 ns, 367.5090 us/op
WorkloadJitting  1: 1 op, 6177634.00 ns, 6.1776 ms/op

OverheadWarmup   1: 1 op, 591.00 ns, 591.0000 ns/op
OverheadWarmup   2: 1 op, 481.00 ns, 481.0000 ns/op
OverheadWarmup   3: 1 op, 500.00 ns, 500.0000 ns/op
OverheadWarmup   4: 1 op, 541.00 ns, 541.0000 ns/op
OverheadWarmup   5: 1 op, 531.00 ns, 531.0000 ns/op
OverheadWarmup   6: 1 op, 501.00 ns, 501.0000 ns/op
OverheadWarmup   7: 1 op, 371.00 ns, 371.0000 ns/op
OverheadWarmup   8: 1 op, 391.00 ns, 391.0000 ns/op
OverheadWarmup   9: 1 op, 481.00 ns, 481.0000 ns/op
OverheadWarmup  10: 1 op, 471.00 ns, 471.0000 ns/op

OverheadActual   1: 1 op, 461.00 ns, 461.0000 ns/op
OverheadActual   2: 1 op, 481.00 ns, 481.0000 ns/op
OverheadActual   3: 1 op, 511.00 ns, 511.0000 ns/op
OverheadActual   4: 1 op, 511.00 ns, 511.0000 ns/op
OverheadActual   5: 1 op, 471.00 ns, 471.0000 ns/op
OverheadActual   6: 1 op, 441.00 ns, 441.0000 ns/op
OverheadActual   7: 1 op, 450.00 ns, 450.0000 ns/op
OverheadActual   8: 1 op, 521.00 ns, 521.0000 ns/op
OverheadActual   9: 1 op, 481.00 ns, 481.0000 ns/op
OverheadActual  10: 1 op, 331.00 ns, 331.0000 ns/op
OverheadActual  11: 1 op, 551.00 ns, 551.0000 ns/op
OverheadActual  12: 1 op, 471.00 ns, 471.0000 ns/op
OverheadActual  13: 1 op, 381.00 ns, 381.0000 ns/op
OverheadActual  14: 1 op, 421.00 ns, 421.0000 ns/op
OverheadActual  15: 1 op, 451.00 ns, 451.0000 ns/op
OverheadActual  16: 1 op, 491.00 ns, 491.0000 ns/op
OverheadActual  17: 1 op, 471.00 ns, 471.0000 ns/op
OverheadActual  18: 1 op, 450.00 ns, 450.0000 ns/op
OverheadActual  19: 1 op, 451.00 ns, 451.0000 ns/op
OverheadActual  20: 1 op, 461.00 ns, 461.0000 ns/op

WorkloadWarmup   1: 1 op, 59911.00 ns, 59.9110 us/op
WorkloadWarmup   2: 1 op, 20629.00 ns, 20.6290 us/op
WorkloadWarmup   3: 1 op, 20077.00 ns, 20.0770 us/op

// BeforeActualRun
WorkloadActual   1: 1 op, 58067.00 ns, 58.0670 us/op
WorkloadActual   2: 1 op, 19927.00 ns, 19.9270 us/op
WorkloadActual   3: 1 op, 19957.00 ns, 19.9570 us/op

// AfterActualRun
WorkloadResult   1: 1 op, 57601.00 ns, 57.6010 us/op
WorkloadResult   2: 1 op, 19461.00 ns, 19.4610 us/op
WorkloadResult   3: 1 op, 19491.00 ns, 19.4910 us/op
// GC:  0 0 0 10432 1
// Threading:  0 0 1

// AfterAll
// Benchmark Process 1599582 has exited with code 0.

Mean = 32.184 us, StdErr = 12.708 us (39.49%), N = 3, StdDev = 22.011 us
Min = 19.461 us, Q1 = 19.476 us, Median = 19.491 us, Q3 = 38.546 us, Max = 57.601 us
IQR = 19.070 us, LowerFence = -9.129 us, UpperFence = 67.151 us
ConfidenceInterval = [-369.387 us; 433.756 us] (CI 99.9%), Margin = 401.571 us (1247.72% of Mean)
Skewness = 0.38, Kurtosis = 0.67, MValue = 2

// ** Remained 56 (56.6%) benchmark(s) to run. Estimated finish 2026-09-22 17:01 (0h 0m from now) **
// **************************
// Benchmark: SessionSetupDecompositionBenchmarks.BaselineH_FlowKeyConstruction: ShortRun(InvocationCount=1, IterationCount=3, LaunchCount=1, UnrollFactor=1, WarmupCount=3) [Sessions=100]
// *** Execute ***
// Launch: 1 / 1
// Execute: dotnet WinForward.Benchmarks-ShortRun-1.dll --anonymousPipes 123 125 --benchmarkName "WinForward.Benchmarks.Perf.SessionSetupDecompositionBenchmarks.BaselineH_FlowKeyConstruction(Sessions: 100)" --job ShortRun --benchmarkId 43 in /home/paff/Projects/WinForward/benchmarks/WinForward.Benchmarks/bin/Release/net10.0/WinForward.Benchmarks-ShortRun-1/bin/Release/net10.0
// Failed to set up high priority (Permission denied). In order to run benchmarks with high priority, make sure you have the right permissions.
// BeforeAnythingElse

// Benchmark Process Environment Information:
// BenchmarkDotNet v0.15.8
// Runtime=.NET 10.0.12 (10.0.12, 10.0.1226.42308), X64 RyuJIT x86-64-v4
// GC=Concurrent Workstation
// HardwareIntrinsics=AVX512 BITALG+VBMI2+VNNI+VPOPCNTDQ,AVX512 IFMA+VBMI,AVX512 F+BW+CD+DQ+VL,AVX2+BMI1+BMI2+F16C+FMA+LZCNT+MOVBE,AVX,SSE3+SSSE3+SSE4.1+SSE4.2+POPCNT,X86Base+SSE+SSE2,AES+PCLMUL,AvxVnni VectorSize=256
// Job: ShortRun(InvocationCount=1, IterationCount=3, LaunchCount=1, UnrollFactor=1, WarmupCount=3)

OverheadJitting  1: 1 op, 262895.00 ns, 262.8950 us/op
WorkloadJitting  1: 1 op, 6372023.00 ns, 6.3720 ms/op

OverheadWarmup   1: 1 op, 1042.00 ns, 1.0420 us/op
OverheadWarmup   2: 1 op, 561.00 ns, 561.0000 ns/op
OverheadWarmup   3: 1 op, 581.00 ns, 581.0000 ns/op
OverheadWarmup   4: 1 op, 420.00 ns, 420.0000 ns/op
OverheadWarmup   5: 1 op, 361.00 ns, 361.0000 ns/op
OverheadWarmup   6: 1 op, 381.00 ns, 381.0000 ns/op
OverheadWarmup   7: 1 op, 281.00 ns, 281.0000 ns/op

OverheadActual   1: 1 op, 440.00 ns, 440.0000 ns/op
OverheadActual   2: 1 op, 441.00 ns, 441.0000 ns/op
OverheadActual   3: 1 op, 431.00 ns, 431.0000 ns/op
OverheadActual   4: 1 op, 420.00 ns, 420.0000 ns/op
OverheadActual   5: 1 op, 411.00 ns, 411.0000 ns/op
OverheadActual   6: 1 op, 381.00 ns, 381.0000 ns/op
OverheadActual   7: 1 op, 571.00 ns, 571.0000 ns/op
OverheadActual   8: 1 op, 291.00 ns, 291.0000 ns/op
OverheadActual   9: 1 op, 491.00 ns, 491.0000 ns/op
OverheadActual  10: 1 op, 521.00 ns, 521.0000 ns/op
OverheadActual  11: 1 op, 541.00 ns, 541.0000 ns/op
OverheadActual  12: 1 op, 361.00 ns, 361.0000 ns/op
OverheadActual  13: 1 op, 601.00 ns, 601.0000 ns/op
OverheadActual  14: 1 op, 441.00 ns, 441.0000 ns/op
OverheadActual  15: 1 op, 611.00 ns, 611.0000 ns/op
OverheadActual  16: 1 op, 411.00 ns, 411.0000 ns/op
OverheadActual  17: 1 op, 410.00 ns, 410.0000 ns/op
OverheadActual  18: 1 op, 360.00 ns, 360.0000 ns/op
OverheadActual  19: 1 op, 471.00 ns, 471.0000 ns/op
OverheadActual  20: 1 op, 491.00 ns, 491.0000 ns/op

WorkloadWarmup   1: 1 op, 122516.00 ns, 122.5160 us/op
WorkloadWarmup   2: 1 op, 85047.00 ns, 85.0470 us/op
WorkloadWarmup   3: 1 op, 73275.00 ns, 73.2750 us/op

// BeforeActualRun
WorkloadActual   1: 1 op, 118078.00 ns, 118.0780 us/op
WorkloadActual   2: 1 op, 135630.00 ns, 135.6300 us/op
WorkloadActual   3: 1 op, 73185.00 ns, 73.1850 us/op

// AfterActualRun
WorkloadResult   1: 1 op, 117637.50 ns, 117.6375 us/op
WorkloadResult   2: 1 op, 135189.50 ns, 135.1895 us/op
WorkloadResult   3: 1 op, 72744.50 ns, 72.7445 us/op
// GC:  0 0 0 35200 1
// Threading:  0 0 1

// AfterAll
// Benchmark Process 1599591 has exited with code 0.

Mean = 108.524 us, StdErr = 18.593 us (17.13%), N = 3, StdDev = 32.205 us
Min = 72.745 us, Q1 = 95.191 us, Median = 117.638 us, Q3 = 126.413 us, Max = 135.190 us
IQR = 31.223 us, LowerFence = 48.357 us, UpperFence = 173.247 us
ConfidenceInterval = [-479.009 us; 696.056 us] (CI 99.9%), Margin = 587.532 us (541.39% of Mean)
Skewness = -0.26, Kurtosis = 0.67, MValue = 2

// ** Remained 55 (55.6%) benchmark(s) to run. Estimated finish 2026-09-22 17:01 (0h 0m from now) **
// **************************
// Benchmark: SessionSetupDecompositionBenchmarks.ComponentC1_AssociationClaimRelease: ShortRun(InvocationCount=1, IterationCount=3, LaunchCount=1, UnrollFactor=1, WarmupCount=3) [Sessions=100]
// *** Execute ***
// Launch: 1 / 1
// Execute: dotnet WinForward.Benchmarks-ShortRun-1.dll --anonymousPipes 123 125 --benchmarkName "WinForward.Benchmarks.Perf.SessionSetupDecompositionBenchmarks.ComponentC1_AssociationClaimRelease(Sessions: 100)" --job ShortRun --benchmarkId 44 in /home/paff/Projects/WinForward/benchmarks/WinForward.Benchmarks/bin/Release/net10.0/WinForward.Benchmarks-ShortRun-1/bin/Release/net10.0
// Failed to set up high priority (Permission denied). In order to run benchmarks with high priority, make sure you have the right permissions.
// BeforeAnythingElse

// Benchmark Process Environment Information:
// BenchmarkDotNet v0.15.8
// Runtime=.NET 10.0.12 (10.0.12, 10.0.1226.42308), X64 RyuJIT x86-64-v4
// GC=Concurrent Workstation
// HardwareIntrinsics=AVX512 BITALG+VBMI2+VNNI+VPOPCNTDQ,AVX512 IFMA+VBMI,AVX512 F+BW+CD+DQ+VL,AVX2+BMI1+BMI2+F16C+FMA+LZCNT+MOVBE,AVX,SSE3+SSSE3+SSE4.1+SSE4.2+POPCNT,X86Base+SSE+SSE2,AES+PCLMUL,AvxVnni VectorSize=256
// Job: ShortRun(InvocationCount=1, IterationCount=3, LaunchCount=1, UnrollFactor=1, WarmupCount=3)

OverheadJitting  1: 1 op, 369593.00 ns, 369.5930 us/op
WorkloadJitting  1: 1 op, 20312337.00 ns, 20.3123 ms/op

OverheadWarmup   1: 1 op, 501.00 ns, 501.0000 ns/op
OverheadWarmup   2: 1 op, 311.00 ns, 311.0000 ns/op
OverheadWarmup   3: 1 op, 280.00 ns, 280.0000 ns/op
OverheadWarmup   4: 1 op, 300.00 ns, 300.0000 ns/op
OverheadWarmup   5: 1 op, 271.00 ns, 271.0000 ns/op
OverheadWarmup   6: 1 op, 461.00 ns, 461.0000 ns/op
OverheadWarmup   7: 1 op, 260.00 ns, 260.0000 ns/op

OverheadActual   1: 1 op, 501.00 ns, 501.0000 ns/op
OverheadActual   2: 1 op, 411.00 ns, 411.0000 ns/op
OverheadActual   3: 1 op, 431.00 ns, 431.0000 ns/op
OverheadActual   4: 1 op, 491.00 ns, 491.0000 ns/op
OverheadActual   5: 1 op, 551.00 ns, 551.0000 ns/op
OverheadActual   6: 1 op, 340.00 ns, 340.0000 ns/op
OverheadActual   7: 1 op, 351.00 ns, 351.0000 ns/op
OverheadActual   8: 1 op, 491.00 ns, 491.0000 ns/op
OverheadActual   9: 1 op, 300.00 ns, 300.0000 ns/op
OverheadActual  10: 1 op, 481.00 ns, 481.0000 ns/op
OverheadActual  11: 1 op, 280.00 ns, 280.0000 ns/op
OverheadActual  12: 1 op, 261.00 ns, 261.0000 ns/op
OverheadActual  13: 1 op, 261.00 ns, 261.0000 ns/op
OverheadActual  14: 1 op, 250.00 ns, 250.0000 ns/op
OverheadActual  15: 1 op, 571.00 ns, 571.0000 ns/op
OverheadActual  16: 1 op, 541.00 ns, 541.0000 ns/op
OverheadActual  17: 1 op, 501.00 ns, 501.0000 ns/op
OverheadActual  18: 1 op, 441.00 ns, 441.0000 ns/op
OverheadActual  19: 1 op, 501.00 ns, 501.0000 ns/op
OverheadActual  20: 1 op, 331.00 ns, 331.0000 ns/op

WorkloadWarmup   1: 1 op, 450271.00 ns, 450.2710 us/op
WorkloadWarmup   2: 1 op, 399327.00 ns, 399.3270 us/op
WorkloadWarmup   3: 1 op, 333887.00 ns, 333.8870 us/op

// BeforeActualRun
WorkloadActual   1: 1 op, 425425.00 ns, 425.4250 us/op
WorkloadActual   2: 1 op, 458416.00 ns, 458.4160 us/op
WorkloadActual   3: 1 op, 332293.00 ns, 332.2930 us/op

// AfterActualRun
WorkloadResult   1: 1 op, 424989.00 ns, 424.9890 us/op
WorkloadResult   2: 1 op, 457980.00 ns, 457.9800 us/op
WorkloadResult   3: 1 op, 331857.00 ns, 331.8570 us/op
// GC:  0 0 0 82800 1
// Threading:  0 0 1

// AfterAll
// Benchmark Process 1599600 has exited with code 0.

Mean = 404.942 us, StdErr = 37.763 us (9.33%), N = 3, StdDev = 65.408 us
Min = 331.857 us, Q1 = 378.423 us, Median = 424.989 us, Q3 = 441.485 us, Max = 457.980 us
IQR = 63.062 us, LowerFence = 283.831 us, UpperFence = 536.077 us
ConfidenceInterval = [-788.338 us; 1,598.222 us] (CI 99.9%), Margin = 1,193.280 us (294.68% of Mean)
Skewness = -0.28, Kurtosis = 0.67, MValue = 2

// ** Remained 54 (54.5%) benchmark(s) to run. Estimated finish 2026-09-22 17:01 (0h 0m from now) **
// **************************
// Benchmark: SessionSetupDecompositionBenchmarks.ComponentC2_SessionConstructStartAsync: ShortRun(InvocationCount=1, IterationCount=3, LaunchCount=1, UnrollFactor=1, WarmupCount=3) [Sessions=100]
// *** Execute ***
// Launch: 1 / 1
// Execute: dotnet WinForward.Benchmarks-ShortRun-1.dll --anonymousPipes 123 125 --benchmarkName "WinForward.Benchmarks.Perf.SessionSetupDecompositionBenchmarks.ComponentC2_SessionConstructStartAsync(Sessions: 100)" --job ShortRun --benchmarkId 45 in /home/paff/Projects/WinForward/benchmarks/WinForward.Benchmarks/bin/Release/net10.0/WinForward.Benchmarks-ShortRun-1/bin/Release/net10.0
// Failed to set up high priority (Permission denied). In order to run benchmarks with high priority, make sure you have the right permissions.
// BeforeAnythingElse

// Benchmark Process Environment Information:
// BenchmarkDotNet v0.15.8
// Runtime=.NET 10.0.12 (10.0.12, 10.0.1226.42308), X64 RyuJIT x86-64-v4
// GC=Concurrent Workstation
// HardwareIntrinsics=AVX512 BITALG+VBMI2+VNNI+VPOPCNTDQ,AVX512 IFMA+VBMI,AVX512 F+BW+CD+DQ+VL,AVX2+BMI1+BMI2+F16C+FMA+LZCNT+MOVBE,AVX,SSE3+SSSE3+SSE4.1+SSE4.2+POPCNT,X86Base+SSE+SSE2,AES+PCLMUL,AvxVnni VectorSize=256
// Job: ShortRun(InvocationCount=1, IterationCount=3, LaunchCount=1, UnrollFactor=1, WarmupCount=3)

OverheadJitting  1: 1 op, 426527.00 ns, 426.5270 us/op
WorkloadJitting  1: 1 op, 29032555.00 ns, 29.0326 ms/op

OverheadWarmup   1: 1 op, 401.00 ns, 401.0000 ns/op
OverheadWarmup   2: 1 op, 261.00 ns, 261.0000 ns/op
OverheadWarmup   3: 1 op, 260.00 ns, 260.0000 ns/op
OverheadWarmup   4: 1 op, 461.00 ns, 461.0000 ns/op
OverheadWarmup   5: 1 op, 431.00 ns, 431.0000 ns/op
OverheadWarmup   6: 1 op, 440.00 ns, 440.0000 ns/op
OverheadWarmup   7: 1 op, 261.00 ns, 261.0000 ns/op

OverheadActual   1: 1 op, 421.00 ns, 421.0000 ns/op
OverheadActual   2: 1 op, 430.00 ns, 430.0000 ns/op
OverheadActual   3: 1 op, 441.00 ns, 441.0000 ns/op
OverheadActual   4: 1 op, 441.00 ns, 441.0000 ns/op
OverheadActual   5: 1 op, 451.00 ns, 451.0000 ns/op
OverheadActual   6: 1 op, 250.00 ns, 250.0000 ns/op
OverheadActual   7: 1 op, 270.00 ns, 270.0000 ns/op
OverheadActual   8: 1 op, 270.00 ns, 270.0000 ns/op
OverheadActual   9: 1 op, 270.00 ns, 270.0000 ns/op
OverheadActual  10: 1 op, 271.00 ns, 271.0000 ns/op
OverheadActual  11: 1 op, 511.00 ns, 511.0000 ns/op
OverheadActual  12: 1 op, 842.00 ns, 842.0000 ns/op
OverheadActual  13: 1 op, 271.00 ns, 271.0000 ns/op
OverheadActual  14: 1 op, 270.00 ns, 270.0000 ns/op
OverheadActual  15: 1 op, 271.00 ns, 271.0000 ns/op
OverheadActual  16: 1 op, 270.00 ns, 270.0000 ns/op
OverheadActual  17: 1 op, 271.00 ns, 271.0000 ns/op
OverheadActual  18: 1 op, 281.00 ns, 281.0000 ns/op
OverheadActual  19: 1 op, 261.00 ns, 261.0000 ns/op
OverheadActual  20: 1 op, 291.00 ns, 291.0000 ns/op

WorkloadWarmup   1: 1 op, 655380.00 ns, 655.3800 us/op
WorkloadWarmup   2: 1 op, 342712.00 ns, 342.7120 us/op
WorkloadWarmup   3: 1 op, 413323.00 ns, 413.3230 us/op

// BeforeActualRun
WorkloadActual   1: 1 op, 489534.00 ns, 489.5340 us/op
WorkloadActual   2: 1 op, 763019.00 ns, 763.0190 us/op
WorkloadActual   3: 1 op, 401491.00 ns, 401.4910 us/op

// AfterActualRun
WorkloadResult   1: 1 op, 489263.00 ns, 489.2630 us/op
WorkloadResult   2: 1 op, 762748.00 ns, 762.7480 us/op
WorkloadResult   3: 1 op, 401220.00 ns, 401.2200 us/op
// GC:  0 0 0 235848 1
// Threading:  0 0 1

// AfterAll
// Benchmark Process 1599614 has exited with code 0.

Mean = 551.077 us, StdErr = 108.844 us (19.75%), N = 3, StdDev = 188.524 us
Min = 401.220 us, Q1 = 445.241 us, Median = 489.263 us, Q3 = 626.005 us, Max = 762.748 us
IQR = 180.764 us, LowerFence = 174.095 us, UpperFence = 897.152 us
ConfidenceInterval = [-2,888.305 us; 3,990.459 us] (CI 99.9%), Margin = 3,439.382 us (624.12% of Mean)
Skewness = 0.29, Kurtosis = 0.67, MValue = 2

// ** Remained 53 (53.5%) benchmark(s) to run. Estimated finish 2026-09-22 17:01 (0h 0m from now) **
// **************************
// Benchmark: SessionSetupDecompositionBenchmarks.ComponentC2a1_ContextRecordStaticLambda: ShortRun(InvocationCount=1, IterationCount=3, LaunchCount=1, UnrollFactor=1, WarmupCount=3) [Sessions=100]
// *** Execute ***
// Launch: 1 / 1
// Execute: dotnet WinForward.Benchmarks-ShortRun-1.dll --anonymousPipes 123 125 --benchmarkName "WinForward.Benchmarks.Perf.SessionSetupDecompositionBenchmarks.ComponentC2a1_ContextRecordStaticLambda(Sessions: 100)" --job ShortRun --benchmarkId 46 in /home/paff/Projects/WinForward/benchmarks/WinForward.Benchmarks/bin/Release/net10.0/WinForward.Benchmarks-ShortRun-1/bin/Release/net10.0
// Failed to set up high priority (Permission denied). In order to run benchmarks with high priority, make sure you have the right permissions.
// BeforeAnythingElse

// Benchmark Process Environment Information:
// BenchmarkDotNet v0.15.8
// Runtime=.NET 10.0.12 (10.0.12, 10.0.1226.42308), X64 RyuJIT x86-64-v4
// GC=Concurrent Workstation
// HardwareIntrinsics=AVX512 BITALG+VBMI2+VNNI+VPOPCNTDQ,AVX512 IFMA+VBMI,AVX512 F+BW+CD+DQ+VL,AVX2+BMI1+BMI2+F16C+FMA+LZCNT+MOVBE,AVX,SSE3+SSSE3+SSE4.1+SSE4.2+POPCNT,X86Base+SSE+SSE2,AES+PCLMUL,AvxVnni VectorSize=256
// Job: ShortRun(InvocationCount=1, IterationCount=3, LaunchCount=1, UnrollFactor=1, WarmupCount=3)

OverheadJitting  1: 1 op, 269157.00 ns, 269.1570 us/op
WorkloadJitting  1: 1 op, 17038563.00 ns, 17.0386 ms/op

OverheadWarmup   1: 1 op, 632.00 ns, 632.0000 ns/op
OverheadWarmup   2: 1 op, 471.00 ns, 471.0000 ns/op
OverheadWarmup   3: 1 op, 711.00 ns, 711.0000 ns/op
OverheadWarmup   4: 1 op, 270.00 ns, 270.0000 ns/op
OverheadWarmup   5: 1 op, 461.00 ns, 461.0000 ns/op
OverheadWarmup   6: 1 op, 451.00 ns, 451.0000 ns/op

OverheadActual   1: 1 op, 491.00 ns, 491.0000 ns/op
OverheadActual   2: 1 op, 461.00 ns, 461.0000 ns/op
OverheadActual   3: 1 op, 1032.00 ns, 1.0320 us/op
OverheadActual   4: 1 op, 852.00 ns, 852.0000 ns/op
OverheadActual   5: 1 op, 851.00 ns, 851.0000 ns/op
OverheadActual   6: 1 op, 701.00 ns, 701.0000 ns/op
OverheadActual   7: 1 op, 571.00 ns, 571.0000 ns/op
OverheadActual   8: 1 op, 631.00 ns, 631.0000 ns/op
OverheadActual   9: 1 op, 611.00 ns, 611.0000 ns/op
OverheadActual  10: 1 op, 581.00 ns, 581.0000 ns/op
OverheadActual  11: 1 op, 741.00 ns, 741.0000 ns/op
OverheadActual  12: 1 op, 761.00 ns, 761.0000 ns/op
OverheadActual  13: 1 op, 591.00 ns, 591.0000 ns/op
OverheadActual  14: 1 op, 651.00 ns, 651.0000 ns/op
OverheadActual  15: 1 op, 460.00 ns, 460.0000 ns/op
OverheadActual  16: 1 op, 441.00 ns, 441.0000 ns/op
OverheadActual  17: 1 op, 360.00 ns, 360.0000 ns/op
OverheadActual  18: 1 op, 722.00 ns, 722.0000 ns/op
OverheadActual  19: 1 op, 561.00 ns, 561.0000 ns/op
OverheadActual  20: 1 op, 591.00 ns, 591.0000 ns/op

WorkloadWarmup   1: 1 op, 64439.00 ns, 64.4390 us/op
WorkloadWarmup   2: 1 op, 37198.00 ns, 37.1980 us/op
WorkloadWarmup   3: 1 op, 51756.00 ns, 51.7560 us/op

// BeforeActualRun
WorkloadActual   1: 1 op, 35706.00 ns, 35.7060 us/op
WorkloadActual   2: 1 op, 36989.00 ns, 36.9890 us/op
WorkloadActual   3: 1 op, 31528.00 ns, 31.5280 us/op

// AfterActualRun
WorkloadResult   1: 1 op, 35105.00 ns, 35.1050 us/op
WorkloadResult   2: 1 op, 36388.00 ns, 36.3880 us/op
WorkloadResult   3: 1 op, 30927.00 ns, 30.9270 us/op
// GC:  0 0 0 3808 1
// Threading:  0 0 1

// AfterAll
// Benchmark Process 1599629 has exited with code 0.

Mean = 34.140 us, StdErr = 1.649 us (4.83%), N = 3, StdDev = 2.856 us
Min = 30.927 us, Q1 = 33.016 us, Median = 35.105 us, Q3 = 35.746 us, Max = 36.388 us
IQR = 2.731 us, LowerFence = 28.920 us, UpperFence = 39.842 us
ConfidenceInterval = [-17.955 us; 86.235 us] (CI 99.9%), Margin = 52.095 us (152.59% of Mean)
Skewness = -0.3, Kurtosis = 0.67, MValue = 2

// ** Remained 52 (52.5%) benchmark(s) to run. Estimated finish 2026-09-22 17:01 (0h 0m from now) **
// **************************
// Benchmark: SessionSetupDecompositionBenchmarks.ComponentC2a2_ContextRecordMethodGroup: ShortRun(InvocationCount=1, IterationCount=3, LaunchCount=1, UnrollFactor=1, WarmupCount=3) [Sessions=100]
// *** Execute ***
// Launch: 1 / 1
// Execute: dotnet WinForward.Benchmarks-ShortRun-1.dll --anonymousPipes 123 125 --benchmarkName "WinForward.Benchmarks.Perf.SessionSetupDecompositionBenchmarks.ComponentC2a2_ContextRecordMethodGroup(Sessions: 100)" --job ShortRun --benchmarkId 47 in /home/paff/Projects/WinForward/benchmarks/WinForward.Benchmarks/bin/Release/net10.0/WinForward.Benchmarks-ShortRun-1/bin/Release/net10.0
// Failed to set up high priority (Permission denied). In order to run benchmarks with high priority, make sure you have the right permissions.
// BeforeAnythingElse

// Benchmark Process Environment Information:
// BenchmarkDotNet v0.15.8
// Runtime=.NET 10.0.12 (10.0.12, 10.0.1226.42308), X64 RyuJIT x86-64-v4
// GC=Concurrent Workstation
// HardwareIntrinsics=AVX512 BITALG+VBMI2+VNNI+VPOPCNTDQ,AVX512 IFMA+VBMI,AVX512 F+BW+CD+DQ+VL,AVX2+BMI1+BMI2+F16C+FMA+LZCNT+MOVBE,AVX,SSE3+SSSE3+SSE4.1+SSE4.2+POPCNT,X86Base+SSE+SSE2,AES+PCLMUL,AvxVnni VectorSize=256
// Job: ShortRun(InvocationCount=1, IterationCount=3, LaunchCount=1, UnrollFactor=1, WarmupCount=3)

OverheadJitting  1: 1 op, 320682.00 ns, 320.6820 us/op
WorkloadJitting  1: 1 op, 17212614.00 ns, 17.2126 ms/op

OverheadWarmup   1: 1 op, 481.00 ns, 481.0000 ns/op
OverheadWarmup   2: 1 op, 451.00 ns, 451.0000 ns/op
OverheadWarmup   3: 1 op, 380.00 ns, 380.0000 ns/op
OverheadWarmup   4: 1 op, 621.00 ns, 621.0000 ns/op
OverheadWarmup   5: 1 op, 450.00 ns, 450.0000 ns/op
OverheadWarmup   6: 1 op, 290.00 ns, 290.0000 ns/op
OverheadWarmup   7: 1 op, 281.00 ns, 281.0000 ns/op
OverheadWarmup   8: 1 op, 380.00 ns, 380.0000 ns/op
OverheadWarmup   9: 1 op, 301.00 ns, 301.0000 ns/op

OverheadActual   1: 1 op, 450.00 ns, 450.0000 ns/op
OverheadActual   2: 1 op, 491.00 ns, 491.0000 ns/op
OverheadActual   3: 1 op, 431.00 ns, 431.0000 ns/op
OverheadActual   4: 1 op, 832.00 ns, 832.0000 ns/op
OverheadActual   5: 1 op, 471.00 ns, 471.0000 ns/op
OverheadActual   6: 1 op, 421.00 ns, 421.0000 ns/op
OverheadActual   7: 1 op, 401.00 ns, 401.0000 ns/op
OverheadActual   8: 1 op, 400.00 ns, 400.0000 ns/op
OverheadActual   9: 1 op, 390.00 ns, 390.0000 ns/op
OverheadActual  10: 1 op, 381.00 ns, 381.0000 ns/op
OverheadActual  11: 1 op, 491.00 ns, 491.0000 ns/op
OverheadActual  12: 1 op, 451.00 ns, 451.0000 ns/op
OverheadActual  13: 1 op, 511.00 ns, 511.0000 ns/op
OverheadActual  14: 1 op, 340.00 ns, 340.0000 ns/op
OverheadActual  15: 1 op, 451.00 ns, 451.0000 ns/op
OverheadActual  16: 1 op, 441.00 ns, 441.0000 ns/op
OverheadActual  17: 1 op, 491.00 ns, 491.0000 ns/op
OverheadActual  18: 1 op, 441.00 ns, 441.0000 ns/op
OverheadActual  19: 1 op, 260.00 ns, 260.0000 ns/op
OverheadActual  20: 1 op, 260.00 ns, 260.0000 ns/op

WorkloadWarmup   1: 1 op, 68777.00 ns, 68.7770 us/op
WorkloadWarmup   2: 1 op, 45244.00 ns, 45.2440 us/op
WorkloadWarmup   3: 1 op, 38631.00 ns, 38.6310 us/op

// BeforeActualRun
WorkloadActual   1: 1 op, 60943.00 ns, 60.9430 us/op
WorkloadActual   2: 1 op, 33993.00 ns, 33.9930 us/op
WorkloadActual   3: 1 op, 33411.00 ns, 33.4110 us/op

// AfterActualRun
WorkloadResult   1: 1 op, 60502.00 ns, 60.5020 us/op
WorkloadResult   2: 1 op, 33552.00 ns, 33.5520 us/op
WorkloadResult   3: 1 op, 32970.00 ns, 32.9700 us/op
// GC:  0 0 0 10232 1
// Threading:  0 0 1

// AfterAll
// Benchmark Process 1599638 has exited with code 0.

Mean = 42.341 us, StdErr = 9.082 us (21.45%), N = 3, StdDev = 15.730 us
Min = 32.970 us, Q1 = 33.261 us, Median = 33.552 us, Q3 = 47.027 us, Max = 60.502 us
IQR = 13.766 us, LowerFence = 12.612 us, UpperFence = 67.676 us
ConfidenceInterval = [-244.638 us; 329.320 us] (CI 99.9%), Margin = 286.979 us (677.78% of Mean)
Skewness = 0.38, Kurtosis = 0.67, MValue = 2

// ** Remained 51 (51.5%) benchmark(s) to run. Estimated finish 2026-09-22 17:01 (0h 0m from now) **
// **************************
// Benchmark: SessionSetupDecompositionBenchmarks.ComponentC2b_SessionConstructOnly: ShortRun(InvocationCount=1, IterationCount=3, LaunchCount=1, UnrollFactor=1, WarmupCount=3) [Sessions=100]
// *** Execute ***
// Launch: 1 / 1
// Execute: dotnet WinForward.Benchmarks-ShortRun-1.dll --anonymousPipes 123 125 --benchmarkName "WinForward.Benchmarks.Perf.SessionSetupDecompositionBenchmarks.ComponentC2b_SessionConstructOnly(Sessions: 100)" --job ShortRun --benchmarkId 48 in /home/paff/Projects/WinForward/benchmarks/WinForward.Benchmarks/bin/Release/net10.0/WinForward.Benchmarks-ShortRun-1/bin/Release/net10.0
// Failed to set up high priority (Permission denied). In order to run benchmarks with high priority, make sure you have the right permissions.
// BeforeAnythingElse

// Benchmark Process Environment Information:
// BenchmarkDotNet v0.15.8
// Runtime=.NET 10.0.12 (10.0.12, 10.0.1226.42308), X64 RyuJIT x86-64-v4
// GC=Concurrent Workstation
// HardwareIntrinsics=AVX512 BITALG+VBMI2+VNNI+VPOPCNTDQ,AVX512 IFMA+VBMI,AVX512 F+BW+CD+DQ+VL,AVX2+BMI1+BMI2+F16C+FMA+LZCNT+MOVBE,AVX,SSE3+SSSE3+SSE4.1+SSE4.2+POPCNT,X86Base+SSE+SSE2,AES+PCLMUL,AvxVnni VectorSize=256
// Job: ShortRun(InvocationCount=1, IterationCount=3, LaunchCount=1, UnrollFactor=1, WarmupCount=3)

OverheadJitting  1: 1 op, 345037.00 ns, 345.0370 us/op
WorkloadJitting  1: 1 op, 18225273.00 ns, 18.2253 ms/op

OverheadWarmup   1: 1 op, 461.00 ns, 461.0000 ns/op
OverheadWarmup   2: 1 op, 271.00 ns, 271.0000 ns/op
OverheadWarmup   3: 1 op, 471.00 ns, 471.0000 ns/op
OverheadWarmup   4: 1 op, 651.00 ns, 651.0000 ns/op
OverheadWarmup   5: 1 op, 501.00 ns, 501.0000 ns/op
OverheadWarmup   6: 1 op, 391.00 ns, 391.0000 ns/op
OverheadWarmup   7: 1 op, 411.00 ns, 411.0000 ns/op
OverheadWarmup   8: 1 op, 260.00 ns, 260.0000 ns/op

OverheadActual   1: 1 op, 451.00 ns, 451.0000 ns/op
OverheadActual   2: 1 op, 431.00 ns, 431.0000 ns/op
OverheadActual   3: 1 op, 421.00 ns, 421.0000 ns/op
OverheadActual   4: 1 op, 431.00 ns, 431.0000 ns/op
OverheadActual   5: 1 op, 571.00 ns, 571.0000 ns/op
OverheadActual   6: 1 op, 261.00 ns, 261.0000 ns/op
OverheadActual   7: 1 op, 371.00 ns, 371.0000 ns/op
OverheadActual   8: 1 op, 261.00 ns, 261.0000 ns/op
OverheadActual   9: 1 op, 250.00 ns, 250.0000 ns/op
OverheadActual  10: 1 op, 461.00 ns, 461.0000 ns/op
OverheadActual  11: 1 op, 451.00 ns, 451.0000 ns/op
OverheadActual  12: 1 op, 361.00 ns, 361.0000 ns/op
OverheadActual  13: 1 op, 290.00 ns, 290.0000 ns/op
OverheadActual  14: 1 op, 461.00 ns, 461.0000 ns/op
OverheadActual  15: 1 op, 601.00 ns, 601.0000 ns/op
OverheadActual  16: 1 op, 531.00 ns, 531.0000 ns/op
OverheadActual  17: 1 op, 261.00 ns, 261.0000 ns/op
OverheadActual  18: 1 op, 411.00 ns, 411.0000 ns/op
OverheadActual  19: 1 op, 321.00 ns, 321.0000 ns/op
OverheadActual  20: 1 op, 441.00 ns, 441.0000 ns/op

WorkloadWarmup   1: 1 op, 400699.00 ns, 400.6990 us/op
WorkloadWarmup   2: 1 op, 271371.00 ns, 271.3710 us/op
WorkloadWarmup   3: 1 op, 233931.00 ns, 233.9310 us/op

// BeforeActualRun
WorkloadActual   1: 1 op, 435995.00 ns, 435.9950 us/op
WorkloadActual   2: 1 op, 232469.00 ns, 232.4690 us/op
WorkloadActual   3: 1 op, 228161.00 ns, 228.1610 us/op

// AfterActualRun
WorkloadResult   1: 1 op, 435569.00 ns, 435.5690 us/op
WorkloadResult   2: 1 op, 232043.00 ns, 232.0430 us/op
WorkloadResult   3: 1 op, 227735.00 ns, 227.7350 us/op
// GC:  0 0 0 154112 1
// Threading:  0 0 1

// AfterAll
// Benchmark Process 1599652 has exited with code 0.

Mean = 298.449 us, StdErr = 68.571 us (22.98%), N = 3, StdDev = 118.769 us
Min = 227.735 us, Q1 = 229.889 us, Median = 232.043 us, Q3 = 333.806 us, Max = 435.569 us
IQR = 103.917 us, LowerFence = 74.013 us, UpperFence = 489.682 us
ConfidenceInterval = [-1,868.339 us; 2,465.237 us] (CI 99.9%), Margin = 2,166.788 us (726.02% of Mean)
Skewness = 0.38, Kurtosis = 0.67, MValue = 2

// ** Remained 50 (50.5%) benchmark(s) to run. Estimated finish 2026-09-22 17:01 (0h 0m from now) **
// **************************
// Benchmark: SessionSetupDecompositionBenchmarks.ComponentC2c1_ScopeConstructLinked: ShortRun(InvocationCount=1, IterationCount=3, LaunchCount=1, UnrollFactor=1, WarmupCount=3) [Sessions=100]
// *** Execute ***
// Launch: 1 / 1
// Execute: dotnet WinForward.Benchmarks-ShortRun-1.dll --anonymousPipes 123 125 --benchmarkName "WinForward.Benchmarks.Perf.SessionSetupDecompositionBenchmarks.ComponentC2c1_ScopeConstructLinked(Sessions: 100)" --job ShortRun --benchmarkId 49 in /home/paff/Projects/WinForward/benchmarks/WinForward.Benchmarks/bin/Release/net10.0/WinForward.Benchmarks-ShortRun-1/bin/Release/net10.0
// Failed to set up high priority (Permission denied). In order to run benchmarks with high priority, make sure you have the right permissions.
// BeforeAnythingElse

// Benchmark Process Environment Information:
// BenchmarkDotNet v0.15.8
// Runtime=.NET 10.0.12 (10.0.12, 10.0.1226.42308), X64 RyuJIT x86-64-v4
// GC=Concurrent Workstation
// HardwareIntrinsics=AVX512 BITALG+VBMI2+VNNI+VPOPCNTDQ,AVX512 IFMA+VBMI,AVX512 F+BW+CD+DQ+VL,AVX2+BMI1+BMI2+F16C+FMA+LZCNT+MOVBE,AVX,SSE3+SSSE3+SSE4.1+SSE4.2+POPCNT,X86Base+SSE+SSE2,AES+PCLMUL,AvxVnni VectorSize=256
// Job: ShortRun(InvocationCount=1, IterationCount=3, LaunchCount=1, UnrollFactor=1, WarmupCount=3)

OverheadJitting  1: 1 op, 408965.00 ns, 408.9650 us/op
WorkloadJitting  1: 1 op, 1957436.00 ns, 1.9574 ms/op

OverheadWarmup   1: 1 op, 411.00 ns, 411.0000 ns/op
OverheadWarmup   2: 1 op, 320.00 ns, 320.0000 ns/op
OverheadWarmup   3: 1 op, 561.00 ns, 561.0000 ns/op
OverheadWarmup   4: 1 op, 290.00 ns, 290.0000 ns/op
OverheadWarmup   5: 1 op, 371.00 ns, 371.0000 ns/op
OverheadWarmup   6: 1 op, 260.00 ns, 260.0000 ns/op

OverheadActual   1: 1 op, 421.00 ns, 421.0000 ns/op
OverheadActual   2: 1 op, 471.00 ns, 471.0000 ns/op
OverheadActual   3: 1 op, 451.00 ns, 451.0000 ns/op
OverheadActual   4: 1 op, 511.00 ns, 511.0000 ns/op
OverheadActual   5: 1 op, 421.00 ns, 421.0000 ns/op
OverheadActual   6: 1 op, 471.00 ns, 471.0000 ns/op
OverheadActual   7: 1 op, 321.00 ns, 321.0000 ns/op
OverheadActual   8: 1 op, 281.00 ns, 281.0000 ns/op
OverheadActual   9: 1 op, 251.00 ns, 251.0000 ns/op
OverheadActual  10: 1 op, 500.00 ns, 500.0000 ns/op
OverheadActual  11: 1 op, 260.00 ns, 260.0000 ns/op
OverheadActual  12: 1 op, 261.00 ns, 261.0000 ns/op
OverheadActual  13: 1 op, 281.00 ns, 281.0000 ns/op
OverheadActual  14: 1 op, 280.00 ns, 280.0000 ns/op
OverheadActual  15: 1 op, 812.00 ns, 812.0000 ns/op
OverheadActual  16: 1 op, 340.00 ns, 340.0000 ns/op
OverheadActual  17: 1 op, 261.00 ns, 261.0000 ns/op
OverheadActual  18: 1 op, 541.00 ns, 541.0000 ns/op
OverheadActual  19: 1 op, 270.00 ns, 270.0000 ns/op
OverheadActual  20: 1 op, 270.00 ns, 270.0000 ns/op

WorkloadWarmup   1: 1 op, 61704.00 ns, 61.7040 us/op
WorkloadWarmup   2: 1 op, 13064.00 ns, 13.0640 us/op
WorkloadWarmup   3: 1 op, 12322.00 ns, 12.3220 us/op

// BeforeActualRun
WorkloadActual   1: 1 op, 62946.00 ns, 62.9460 us/op
WorkloadActual   2: 1 op, 13084.00 ns, 13.0840 us/op
WorkloadActual   3: 1 op, 13044.00 ns, 13.0440 us/op

// AfterActualRun
WorkloadResult   1: 1 op, 62615.50 ns, 62.6155 us/op
WorkloadResult   2: 1 op, 12753.50 ns, 12.7535 us/op
WorkloadResult   3: 1 op, 12713.50 ns, 12.7135 us/op
// GC:  0 0 0 21800 1
// Threading:  0 0 1

// AfterAll
// Benchmark Process 1599663 has exited with code 0.

Mean = 29.361 us, StdErr = 16.627 us (56.63%), N = 3, StdDev = 28.799 us
Min = 12.713 us, Q1 = 12.733 us, Median = 12.754 us, Q3 = 37.684 us, Max = 62.615 us
IQR = 24.951 us, LowerFence = -24.693 us, UpperFence = 75.111 us
ConfidenceInterval = [-496.047 us; 554.769 us] (CI 99.9%), Margin = 525.408 us (1789.49% of Mean)
Skewness = 0.38, Kurtosis = 0.67, MValue = 2

// ** Remained 49 (49.5%) benchmark(s) to run. Estimated finish 2026-09-22 17:01 (0h 0m from now) **
// **************************
// Benchmark: SessionSetupDecompositionBenchmarks.ComponentC2c2_ScopeConstructUnlinked: ShortRun(InvocationCount=1, IterationCount=3, LaunchCount=1, UnrollFactor=1, WarmupCount=3) [Sessions=100]
// *** Execute ***
// Launch: 1 / 1
// Execute: dotnet WinForward.Benchmarks-ShortRun-1.dll --anonymousPipes 123 125 --benchmarkName "WinForward.Benchmarks.Perf.SessionSetupDecompositionBenchmarks.ComponentC2c2_ScopeConstructUnlinked(Sessions: 100)" --job ShortRun --benchmarkId 50 in /home/paff/Projects/WinForward/benchmarks/WinForward.Benchmarks/bin/Release/net10.0/WinForward.Benchmarks-ShortRun-1/bin/Release/net10.0
// Failed to set up high priority (Permission denied). In order to run benchmarks with high priority, make sure you have the right permissions.
// BeforeAnythingElse

// Benchmark Process Environment Information:
// BenchmarkDotNet v0.15.8
// Runtime=.NET 10.0.12 (10.0.12, 10.0.1226.42308), X64 RyuJIT x86-64-v4
// GC=Concurrent Workstation
// HardwareIntrinsics=AVX512 BITALG+VBMI2+VNNI+VPOPCNTDQ,AVX512 IFMA+VBMI,AVX512 F+BW+CD+DQ+VL,AVX2+BMI1+BMI2+F16C+FMA+LZCNT+MOVBE,AVX,SSE3+SSSE3+SSE4.1+SSE4.2+POPCNT,X86Base+SSE+SSE2,AES+PCLMUL,AvxVnni VectorSize=256
// Job: ShortRun(InvocationCount=1, IterationCount=3, LaunchCount=1, UnrollFactor=1, WarmupCount=3)

OverheadJitting  1: 1 op, 256394.00 ns, 256.3940 us/op
WorkloadJitting  1: 1 op, 990158.00 ns, 990.1580 us/op

OverheadWarmup   1: 1 op, 491.00 ns, 491.0000 ns/op
OverheadWarmup   2: 1 op, 471.00 ns, 471.0000 ns/op
OverheadWarmup   3: 1 op, 711.00 ns, 711.0000 ns/op
OverheadWarmup   4: 1 op, 501.00 ns, 501.0000 ns/op
OverheadWarmup   5: 1 op, 421.00 ns, 421.0000 ns/op
OverheadWarmup   6: 1 op, 451.00 ns, 451.0000 ns/op
OverheadWarmup   7: 1 op, 632.00 ns, 632.0000 ns/op
OverheadWarmup   8: 1 op, 411.00 ns, 411.0000 ns/op

OverheadActual   1: 1 op, 441.00 ns, 441.0000 ns/op
OverheadActual   2: 1 op, 461.00 ns, 461.0000 ns/op
OverheadActual   3: 1 op, 531.00 ns, 531.0000 ns/op
OverheadActual   4: 1 op, 591.00 ns, 591.0000 ns/op
OverheadActual   5: 1 op, 601.00 ns, 601.0000 ns/op
OverheadActual   6: 1 op, 500.00 ns, 500.0000 ns/op
OverheadActual   7: 1 op, 470.00 ns, 470.0000 ns/op
OverheadActual   8: 1 op, 501.00 ns, 501.0000 ns/op
OverheadActual   9: 1 op, 321.00 ns, 321.0000 ns/op
OverheadActual  10: 1 op, 240.00 ns, 240.0000 ns/op
OverheadActual  11: 1 op, 481.00 ns, 481.0000 ns/op
OverheadActual  12: 1 op, 531.00 ns, 531.0000 ns/op
OverheadActual  13: 1 op, 591.00 ns, 591.0000 ns/op
OverheadActual  14: 1 op, 461.00 ns, 461.0000 ns/op
OverheadActual  15: 1 op, 351.00 ns, 351.0000 ns/op
OverheadActual  16: 1 op, 361.00 ns, 361.0000 ns/op
OverheadActual  17: 1 op, 361.00 ns, 361.0000 ns/op
OverheadActual  18: 1 op, 491.00 ns, 491.0000 ns/op
OverheadActual  19: 1 op, 491.00 ns, 491.0000 ns/op
OverheadActual  20: 1 op, 702.00 ns, 702.0000 ns/op

WorkloadWarmup   1: 1 op, 37860.00 ns, 37.8600 us/op
WorkloadWarmup   2: 1 op, 10299.00 ns, 10.2990 us/op
WorkloadWarmup   3: 1 op, 9557.00 ns, 9.5570 us/op

// BeforeActualRun
WorkloadActual   1: 1 op, 60993.00 ns, 60.9930 us/op
WorkloadActual   2: 1 op, 9467.00 ns, 9.4670 us/op
WorkloadActual   3: 1 op, 9748.00 ns, 9.7480 us/op

// AfterActualRun
WorkloadResult   1: 1 op, 60507.00 ns, 60.5070 us/op
WorkloadResult   2: 1 op, 8981.00 ns, 8.9810 us/op
WorkloadResult   3: 1 op, 9262.00 ns, 9.2620 us/op
// GC:  0 0 0 12088 1
// Threading:  0 0 1

// AfterAll
// Benchmark Process 1599672 has exited with code 0.

Mean = 26.250 us, StdErr = 17.129 us (65.25%), N = 3, StdDev = 29.668 us
Min = 8.981 us, Q1 = 9.121 us, Median = 9.262 us, Q3 = 34.885 us, Max = 60.507 us
IQR = 25.763 us, LowerFence = -29.523 us, UpperFence = 73.529 us
ConfidenceInterval = [-515.000 us; 567.500 us] (CI 99.9%), Margin = 541.250 us (2061.91% of Mean)
Skewness = 0.38, Kurtosis = 0.67, MValue = 2

// ** Remained 48 (48.5%) benchmark(s) to run. Estimated finish 2026-09-22 17:01 (0h 0m from now) **
// **************************
// Benchmark: SessionSetupDecompositionBenchmarks.ComponentC2e_LockConstruction: ShortRun(InvocationCount=1, IterationCount=3, LaunchCount=1, UnrollFactor=1, WarmupCount=3) [Sessions=100]
// *** Execute ***
// Launch: 1 / 1
// Execute: dotnet WinForward.Benchmarks-ShortRun-1.dll --anonymousPipes 123 125 --benchmarkName "WinForward.Benchmarks.Perf.SessionSetupDecompositionBenchmarks.ComponentC2e_LockConstruction(Sessions: 100)" --job ShortRun --benchmarkId 51 in /home/paff/Projects/WinForward/benchmarks/WinForward.Benchmarks/bin/Release/net10.0/WinForward.Benchmarks-ShortRun-1/bin/Release/net10.0
// Failed to set up high priority (Permission denied). In order to run benchmarks with high priority, make sure you have the right permissions.
// BeforeAnythingElse

// Benchmark Process Environment Information:
// BenchmarkDotNet v0.15.8
// Runtime=.NET 10.0.12 (10.0.12, 10.0.1226.42308), X64 RyuJIT x86-64-v4
// GC=Concurrent Workstation
// HardwareIntrinsics=AVX512 BITALG+VBMI2+VNNI+VPOPCNTDQ,AVX512 IFMA+VBMI,AVX512 F+BW+CD+DQ+VL,AVX2+BMI1+BMI2+F16C+FMA+LZCNT+MOVBE,AVX,SSE3+SSSE3+SSE4.1+SSE4.2+POPCNT,X86Base+SSE+SSE2,AES+PCLMUL,AvxVnni VectorSize=256
// Job: ShortRun(InvocationCount=1, IterationCount=3, LaunchCount=1, UnrollFactor=1, WarmupCount=3)

OverheadJitting  1: 1 op, 327305.00 ns, 327.3050 us/op
WorkloadJitting  1: 1 op, 885905.00 ns, 885.9050 us/op

OverheadWarmup   1: 1 op, 441.00 ns, 441.0000 ns/op
OverheadWarmup   2: 1 op, 301.00 ns, 301.0000 ns/op
OverheadWarmup   3: 1 op, 531.00 ns, 531.0000 ns/op
OverheadWarmup   4: 1 op, 270.00 ns, 270.0000 ns/op
OverheadWarmup   5: 1 op, 261.00 ns, 261.0000 ns/op
OverheadWarmup   6: 1 op, 311.00 ns, 311.0000 ns/op
OverheadWarmup   7: 1 op, 260.00 ns, 260.0000 ns/op

OverheadActual   1: 1 op, 461.00 ns, 461.0000 ns/op
OverheadActual   2: 1 op, 491.00 ns, 491.0000 ns/op
OverheadActual   3: 1 op, 491.00 ns, 491.0000 ns/op
OverheadActual   4: 1 op, 431.00 ns, 431.0000 ns/op
OverheadActual   5: 1 op, 461.00 ns, 461.0000 ns/op
OverheadActual   6: 1 op, 431.00 ns, 431.0000 ns/op
OverheadActual   7: 1 op, 471.00 ns, 471.0000 ns/op
OverheadActual   8: 1 op, 291.00 ns, 291.0000 ns/op
OverheadActual   9: 1 op, 872.00 ns, 872.0000 ns/op
OverheadActual  10: 1 op, 481.00 ns, 481.0000 ns/op
OverheadActual  11: 1 op, 461.00 ns, 461.0000 ns/op
OverheadActual  12: 1 op, 491.00 ns, 491.0000 ns/op
OverheadActual  13: 1 op, 471.00 ns, 471.0000 ns/op
OverheadActual  14: 1 op, 481.00 ns, 481.0000 ns/op
OverheadActual  15: 1 op, 331.00 ns, 331.0000 ns/op
OverheadActual  16: 1 op, 361.00 ns, 361.0000 ns/op
OverheadActual  17: 1 op, 341.00 ns, 341.0000 ns/op
OverheadActual  18: 1 op, 471.00 ns, 471.0000 ns/op
OverheadActual  19: 1 op, 621.00 ns, 621.0000 ns/op
OverheadActual  20: 1 op, 651.00 ns, 651.0000 ns/op

WorkloadWarmup   1: 1 op, 6733.00 ns, 6.7330 us/op
WorkloadWarmup   2: 1 op, 6482.00 ns, 6.4820 us/op
WorkloadWarmup   3: 1 op, 5550.00 ns, 5.5500 us/op

// BeforeActualRun
WorkloadActual   1: 1 op, 21049.00 ns, 21.0490 us/op
WorkloadActual   2: 1 op, 5460.00 ns, 5.4600 us/op
WorkloadActual   3: 1 op, 5690.00 ns, 5.6900 us/op

// AfterActualRun
WorkloadResult   1: 1 op, 20578.00 ns, 20.5780 us/op
WorkloadResult   2: 1 op, 4989.00 ns, 4.9890 us/op
WorkloadResult   3: 1 op, 5219.00 ns, 5.2190 us/op
// GC:  0 0 0 4000 1
// Threading:  0 0 1

// AfterAll
// Benchmark Process 1599683 has exited with code 0.

Mean = 10.262 us, StdErr = 5.158 us (50.27%), N = 3, StdDev = 8.935 us
Min = 4.989 us, Q1 = 5.104 us, Median = 5.219 us, Q3 = 12.899 us, Max = 20.578 us
IQR = 7.795 us, LowerFence = -6.588 us, UpperFence = 24.590 us
ConfidenceInterval = [-152.739 us; 173.263 us] (CI 99.9%), Margin = 163.001 us (1588.40% of Mean)
Skewness = 0.38, Kurtosis = 0.67, MValue = 2

// ** Remained 47 (47.5%) benchmark(s) to run. Estimated finish 2026-09-22 17:01 (0h 0m from now) **
// **************************
// Benchmark: SessionSetupDecompositionBenchmarks.ComponentC2e_TaskCompletionSourceConstruction: ShortRun(InvocationCount=1, IterationCount=3, LaunchCount=1, UnrollFactor=1, WarmupCount=3) [Sessions=100]
// *** Execute ***
// Launch: 1 / 1
// Execute: dotnet WinForward.Benchmarks-ShortRun-1.dll --anonymousPipes 123 125 --benchmarkName "WinForward.Benchmarks.Perf.SessionSetupDecompositionBenchmarks.ComponentC2e_TaskCompletionSourceConstruction(Sessions: 100)" --job ShortRun --benchmarkId 52 in /home/paff/Projects/WinForward/benchmarks/WinForward.Benchmarks/bin/Release/net10.0/WinForward.Benchmarks-ShortRun-1/bin/Release/net10.0
// Failed to set up high priority (Permission denied). In order to run benchmarks with high priority, make sure you have the right permissions.
// BeforeAnythingElse

// Benchmark Process Environment Information:
// BenchmarkDotNet v0.15.8
// Runtime=.NET 10.0.12 (10.0.12, 10.0.1226.42308), X64 RyuJIT x86-64-v4
// GC=Concurrent Workstation
// HardwareIntrinsics=AVX512 BITALG+VBMI2+VNNI+VPOPCNTDQ,AVX512 IFMA+VBMI,AVX512 F+BW+CD+DQ+VL,AVX2+BMI1+BMI2+F16C+FMA+LZCNT+MOVBE,AVX,SSE3+SSSE3+SSE4.1+SSE4.2+POPCNT,X86Base+SSE+SSE2,AES+PCLMUL,AvxVnni VectorSize=256
// Job: ShortRun(InvocationCount=1, IterationCount=3, LaunchCount=1, UnrollFactor=1, WarmupCount=3)

OverheadJitting  1: 1 op, 259789.00 ns, 259.7890 us/op
WorkloadJitting  1: 1 op, 701174.00 ns, 701.1740 us/op

OverheadWarmup   1: 1 op, 371.00 ns, 371.0000 ns/op
OverheadWarmup   2: 1 op, 511.00 ns, 511.0000 ns/op
OverheadWarmup   3: 1 op, 471.00 ns, 471.0000 ns/op
OverheadWarmup   4: 1 op, 451.00 ns, 451.0000 ns/op
OverheadWarmup   5: 1 op, 270.00 ns, 270.0000 ns/op
OverheadWarmup   6: 1 op, 521.00 ns, 521.0000 ns/op
OverheadWarmup   7: 1 op, 521.00 ns, 521.0000 ns/op

OverheadActual   1: 1 op, 461.00 ns, 461.0000 ns/op
OverheadActual   2: 1 op, 460.00 ns, 460.0000 ns/op
OverheadActual   3: 1 op, 431.00 ns, 431.0000 ns/op
OverheadActual   4: 1 op, 461.00 ns, 461.0000 ns/op
OverheadActual   5: 1 op, 491.00 ns, 491.0000 ns/op
OverheadActual   6: 1 op, 271.00 ns, 271.0000 ns/op
OverheadActual   7: 1 op, 281.00 ns, 281.0000 ns/op
OverheadActual   8: 1 op, 270.00 ns, 270.0000 ns/op
OverheadActual   9: 1 op, 471.00 ns, 471.0000 ns/op
OverheadActual  10: 1 op, 501.00 ns, 501.0000 ns/op
OverheadActual  11: 1 op, 271.00 ns, 271.0000 ns/op
OverheadActual  12: 1 op, 280.00 ns, 280.0000 ns/op
OverheadActual  13: 1 op, 481.00 ns, 481.0000 ns/op
OverheadActual  14: 1 op, 491.00 ns, 491.0000 ns/op
OverheadActual  15: 1 op, 771.00 ns, 771.0000 ns/op
OverheadActual  16: 1 op, 271.00 ns, 271.0000 ns/op
OverheadActual  17: 1 op, 260.00 ns, 260.0000 ns/op
OverheadActual  18: 1 op, 261.00 ns, 261.0000 ns/op
OverheadActual  19: 1 op, 260.00 ns, 260.0000 ns/op
OverheadActual  20: 1 op, 261.00 ns, 261.0000 ns/op

WorkloadWarmup   1: 1 op, 46015.00 ns, 46.0150 us/op
WorkloadWarmup   2: 1 op, 10450.00 ns, 10.4500 us/op
WorkloadWarmup   3: 1 op, 7754.00 ns, 7.7540 us/op

// BeforeActualRun
WorkloadActual   1: 1 op, 34864.00 ns, 34.8640 us/op
WorkloadActual   2: 1 op, 6653.00 ns, 6.6530 us/op
WorkloadActual   3: 1 op, 7734.00 ns, 7.7340 us/op

// AfterActualRun
WorkloadResult   1: 1 op, 34508.00 ns, 34.5080 us/op
WorkloadResult   2: 1 op, 6297.00 ns, 6.2970 us/op
WorkloadResult   3: 1 op, 7378.00 ns, 7.3780 us/op
// GC:  0 0 0 8800 1
// Threading:  0 0 1

// AfterAll
// Benchmark Process 1599692 has exited with code 0.

Mean = 16.061 us, StdErr = 9.229 us (57.46%), N = 3, StdDev = 15.985 us
Min = 6.297 us, Q1 = 6.838 us, Median = 7.378 us, Q3 = 20.943 us, Max = 34.508 us
IQR = 14.105 us, LowerFence = -14.321 us, UpperFence = 42.101 us
ConfidenceInterval = [-275.560 us; 307.682 us] (CI 99.9%), Margin = 291.621 us (1815.71% of Mean)
Skewness = 0.38, Kurtosis = 0.67, MValue = 2

// ** Remained 46 (46.5%) benchmark(s) to run. Estimated finish 2026-09-22 17:01 (0h 0m from now) **
// **************************
// Benchmark: SessionSetupDecompositionBenchmarks.ComponentC2e_LinkedTokenSourceConstruction: ShortRun(InvocationCount=1, IterationCount=3, LaunchCount=1, UnrollFactor=1, WarmupCount=3) [Sessions=100]
// *** Execute ***
// Launch: 1 / 1
// Execute: dotnet WinForward.Benchmarks-ShortRun-1.dll --anonymousPipes 123 125 --benchmarkName "WinForward.Benchmarks.Perf.SessionSetupDecompositionBenchmarks.ComponentC2e_LinkedTokenSourceConstruction(Sessions: 100)" --job ShortRun --benchmarkId 53 in /home/paff/Projects/WinForward/benchmarks/WinForward.Benchmarks/bin/Release/net10.0/WinForward.Benchmarks-ShortRun-1/bin/Release/net10.0
// Failed to set up high priority (Permission denied). In order to run benchmarks with high priority, make sure you have the right permissions.
// BeforeAnythingElse

// Benchmark Process Environment Information:
// BenchmarkDotNet v0.15.8
// Runtime=.NET 10.0.12 (10.0.12, 10.0.1226.42308), X64 RyuJIT x86-64-v4
// GC=Concurrent Workstation
// HardwareIntrinsics=AVX512 BITALG+VBMI2+VNNI+VPOPCNTDQ,AVX512 IFMA+VBMI,AVX512 F+BW+CD+DQ+VL,AVX2+BMI1+BMI2+F16C+FMA+LZCNT+MOVBE,AVX,SSE3+SSSE3+SSE4.1+SSE4.2+POPCNT,X86Base+SSE+SSE2,AES+PCLMUL,AvxVnni VectorSize=256
// Job: ShortRun(InvocationCount=1, IterationCount=3, LaunchCount=1, UnrollFactor=1, WarmupCount=3)

OverheadJitting  1: 1 op, 258928.00 ns, 258.9280 us/op
WorkloadJitting  1: 1 op, 1110600.00 ns, 1.1106 ms/op

OverheadWarmup   1: 1 op, 471.00 ns, 471.0000 ns/op
OverheadWarmup   2: 1 op, 451.00 ns, 451.0000 ns/op
OverheadWarmup   3: 1 op, 310.00 ns, 310.0000 ns/op
OverheadWarmup   4: 1 op, 411.00 ns, 411.0000 ns/op
OverheadWarmup   5: 1 op, 451.00 ns, 451.0000 ns/op
OverheadWarmup   6: 1 op, 451.00 ns, 451.0000 ns/op
OverheadWarmup   7: 1 op, 441.00 ns, 441.0000 ns/op
OverheadWarmup   8: 1 op, 351.00 ns, 351.0000 ns/op
OverheadWarmup   9: 1 op, 451.00 ns, 451.0000 ns/op

OverheadActual   1: 1 op, 421.00 ns, 421.0000 ns/op
OverheadActual   2: 1 op, 431.00 ns, 431.0000 ns/op
OverheadActual   3: 1 op, 431.00 ns, 431.0000 ns/op
OverheadActual   4: 1 op, 450.00 ns, 450.0000 ns/op
OverheadActual   5: 1 op, 451.00 ns, 451.0000 ns/op
OverheadActual   6: 1 op, 421.00 ns, 421.0000 ns/op
OverheadActual   7: 1 op, 471.00 ns, 471.0000 ns/op
OverheadActual   8: 1 op, 340.00 ns, 340.0000 ns/op
OverheadActual   9: 1 op, 421.00 ns, 421.0000 ns/op
OverheadActual  10: 1 op, 441.00 ns, 441.0000 ns/op
OverheadActual  11: 1 op, 561.00 ns, 561.0000 ns/op
OverheadActual  12: 1 op, 380.00 ns, 380.0000 ns/op
OverheadActual  13: 1 op, 440.00 ns, 440.0000 ns/op
OverheadActual  14: 1 op, 431.00 ns, 431.0000 ns/op
OverheadActual  15: 1 op, 481.00 ns, 481.0000 ns/op
OverheadActual  16: 1 op, 611.00 ns, 611.0000 ns/op
OverheadActual  17: 1 op, 491.00 ns, 491.0000 ns/op
OverheadActual  18: 1 op, 490.00 ns, 490.0000 ns/op
OverheadActual  19: 1 op, 441.00 ns, 441.0000 ns/op
OverheadActual  20: 1 op, 470.00 ns, 470.0000 ns/op

WorkloadWarmup   1: 1 op, 85938.00 ns, 85.9380 us/op
WorkloadWarmup   2: 1 op, 14818.00 ns, 14.8180 us/op
WorkloadWarmup   3: 1 op, 23233.00 ns, 23.2330 us/op

// BeforeActualRun
WorkloadActual   1: 1 op, 74327.00 ns, 74.3270 us/op
WorkloadActual   2: 1 op, 14487.00 ns, 14.4870 us/op
WorkloadActual   3: 1 op, 12873.00 ns, 12.8730 us/op

// AfterActualRun
WorkloadResult   1: 1 op, 73886.00 ns, 73.8860 us/op
WorkloadResult   2: 1 op, 14046.00 ns, 14.0460 us/op
WorkloadResult   3: 1 op, 12432.00 ns, 12.4320 us/op
// GC:  0 0 0 15400 1
// Threading:  0 0 1

// AfterAll
// Benchmark Process 1599701 has exited with code 0.

Mean = 33.455 us, StdErr = 20.221 us (60.44%), N = 3, StdDev = 35.024 us
Min = 12.432 us, Q1 = 13.239 us, Median = 14.046 us, Q3 = 43.966 us, Max = 73.886 us
IQR = 30.727 us, LowerFence = -32.852 us, UpperFence = 90.056 us
ConfidenceInterval = [-605.511 us; 672.420 us] (CI 99.9%), Margin = 638.966 us (1909.94% of Mean)
Skewness = 0.38, Kurtosis = 0.67, MValue = 2

// ** Remained 45 (45.5%) benchmark(s) to run. Estimated finish 2026-09-22 17:01 (0h 0m from now) **
// **************************
// Benchmark: SessionSetupDecompositionBenchmarks.ComponentE1_CanceledDelayAwaitAsync: ShortRun(InvocationCount=1, IterationCount=3, LaunchCount=1, UnrollFactor=1, WarmupCount=3) [Sessions=100]
// *** Execute ***
// Launch: 1 / 1
// Execute: dotnet WinForward.Benchmarks-ShortRun-1.dll --anonymousPipes 123 125 --benchmarkName "WinForward.Benchmarks.Perf.SessionSetupDecompositionBenchmarks.ComponentE1_CanceledDelayAwaitAsync(Sessions: 100)" --job ShortRun --benchmarkId 54 in /home/paff/Projects/WinForward/benchmarks/WinForward.Benchmarks/bin/Release/net10.0/WinForward.Benchmarks-ShortRun-1/bin/Release/net10.0
// Failed to set up high priority (Permission denied). In order to run benchmarks with high priority, make sure you have the right permissions.
// BeforeAnythingElse

// Benchmark Process Environment Information:
// BenchmarkDotNet v0.15.8
// Runtime=.NET 10.0.12 (10.0.12, 10.0.1226.42308), X64 RyuJIT x86-64-v4
// GC=Concurrent Workstation
// HardwareIntrinsics=AVX512 BITALG+VBMI2+VNNI+VPOPCNTDQ,AVX512 IFMA+VBMI,AVX512 F+BW+CD+DQ+VL,AVX2+BMI1+BMI2+F16C+FMA+LZCNT+MOVBE,AVX,SSE3+SSSE3+SSE4.1+SSE4.2+POPCNT,X86Base+SSE+SSE2,AES+PCLMUL,AvxVnni VectorSize=256
// Job: ShortRun(InvocationCount=1, IterationCount=3, LaunchCount=1, UnrollFactor=1, WarmupCount=3)

OverheadJitting  1: 1 op, 365605.00 ns, 365.6050 us/op
WorkloadJitting  1: 1 op, 4922947.00 ns, 4.9229 ms/op

OverheadWarmup   1: 1 op, 491.00 ns, 491.0000 ns/op
OverheadWarmup   2: 1 op, 371.00 ns, 371.0000 ns/op
OverheadWarmup   3: 1 op, 320.00 ns, 320.0000 ns/op
OverheadWarmup   4: 1 op, 311.00 ns, 311.0000 ns/op
OverheadWarmup   5: 1 op, 491.00 ns, 491.0000 ns/op
OverheadWarmup   6: 1 op, 481.00 ns, 481.0000 ns/op
OverheadWarmup   7: 1 op, 581.00 ns, 581.0000 ns/op
OverheadWarmup   8: 1 op, 340.00 ns, 340.0000 ns/op

OverheadActual   1: 1 op, 431.00 ns, 431.0000 ns/op
OverheadActual   2: 1 op, 431.00 ns, 431.0000 ns/op
OverheadActual   3: 1 op, 441.00 ns, 441.0000 ns/op
OverheadActual   4: 1 op, 411.00 ns, 411.0000 ns/op
OverheadActual   5: 1 op, 441.00 ns, 441.0000 ns/op
OverheadActual   6: 1 op, 521.00 ns, 521.0000 ns/op
OverheadActual   7: 1 op, 501.00 ns, 501.0000 ns/op
OverheadActual   8: 1 op, 511.00 ns, 511.0000 ns/op
OverheadActual   9: 1 op, 391.00 ns, 391.0000 ns/op
OverheadActual  10: 1 op, 511.00 ns, 511.0000 ns/op
OverheadActual  11: 1 op, 380.00 ns, 380.0000 ns/op
OverheadActual  12: 1 op, 481.00 ns, 481.0000 ns/op
OverheadActual  13: 1 op, 421.00 ns, 421.0000 ns/op
OverheadActual  14: 1 op, 561.00 ns, 561.0000 ns/op
OverheadActual  15: 1 op, 380.00 ns, 380.0000 ns/op
OverheadActual  16: 1 op, 391.00 ns, 391.0000 ns/op
OverheadActual  17: 1 op, 390.00 ns, 390.0000 ns/op
OverheadActual  18: 1 op, 361.00 ns, 361.0000 ns/op
OverheadActual  19: 1 op, 481.00 ns, 481.0000 ns/op
OverheadActual  20: 1 op, 521.00 ns, 521.0000 ns/op

WorkloadWarmup   1: 1 op, 619153.00 ns, 619.1530 us/op
WorkloadWarmup   2: 1 op, 460961.00 ns, 460.9610 us/op
WorkloadWarmup   3: 1 op, 450612.00 ns, 450.6120 us/op

// BeforeActualRun
WorkloadActual   1: 1 op, 509230.00 ns, 509.2300 us/op
WorkloadActual   2: 1 op, 427038.00 ns, 427.0380 us/op
WorkloadActual   3: 1 op, 451082.00 ns, 451.0820 us/op

// AfterActualRun
WorkloadResult   1: 1 op, 508794.00 ns, 508.7940 us/op
WorkloadResult   2: 1 op, 426602.00 ns, 426.6020 us/op
WorkloadResult   3: 1 op, 450646.00 ns, 450.6460 us/op
// GC:  0 0 0 86400 1
// Threading:  0 0 1
// Exceptions:  100

// AfterAll
// Benchmark Process 1599710 has exited with code 0.

Mean = 462.014 us, StdErr = 24.398 us (5.28%), N = 3, StdDev = 42.259 us
Min = 426.602 us, Q1 = 438.624 us, Median = 450.646 us, Q3 = 479.720 us, Max = 508.794 us
IQR = 41.096 us, LowerFence = 376.980 us, UpperFence = 541.364 us
ConfidenceInterval = [-308.944 us; 1,232.972 us] (CI 99.9%), Margin = 770.958 us (166.87% of Mean)
Skewness = 0.25, Kurtosis = 0.67, MValue = 2

// ** Remained 44 (44.4%) benchmark(s) to run. Estimated finish 2026-09-22 17:00 (0h 0m from now) **
// **************************
// Benchmark: SessionSetupDecompositionBenchmarks.ComponentE2_SetupExecutorDisposeAsync: ShortRun(InvocationCount=1, IterationCount=3, LaunchCount=1, UnrollFactor=1, WarmupCount=3) [Sessions=100]
// *** Execute ***
// Launch: 1 / 1
// Execute: dotnet WinForward.Benchmarks-ShortRun-1.dll --anonymousPipes 123 125 --benchmarkName "WinForward.Benchmarks.Perf.SessionSetupDecompositionBenchmarks.ComponentE2_SetupExecutorDisposeAsync(Sessions: 100)" --job ShortRun --benchmarkId 55 in /home/paff/Projects/WinForward/benchmarks/WinForward.Benchmarks/bin/Release/net10.0/WinForward.Benchmarks-ShortRun-1/bin/Release/net10.0
// Failed to set up high priority (Permission denied). In order to run benchmarks with high priority, make sure you have the right permissions.
// BeforeAnythingElse

// Benchmark Process Environment Information:
// BenchmarkDotNet v0.15.8
// Runtime=.NET 10.0.12 (10.0.12, 10.0.1226.42308), X64 RyuJIT x86-64-v4
// GC=Concurrent Workstation
// HardwareIntrinsics=AVX512 BITALG+VBMI2+VNNI+VPOPCNTDQ,AVX512 IFMA+VBMI,AVX512 F+BW+CD+DQ+VL,AVX2+BMI1+BMI2+F16C+FMA+LZCNT+MOVBE,AVX,SSE3+SSSE3+SSE4.1+SSE4.2+POPCNT,X86Base+SSE+SSE2,AES+PCLMUL,AvxVnni VectorSize=256
// Job: ShortRun(InvocationCount=1, IterationCount=3, LaunchCount=1, UnrollFactor=1, WarmupCount=3)

OverheadJitting  1: 1 op, 371044.00 ns, 371.0440 us/op
WorkloadJitting  1: 1 op, 121526909.00 ns, 121.5269 ms/op

OverheadWarmup   1: 1 op, 621.00 ns, 621.0000 ns/op
OverheadWarmup   2: 1 op, 471.00 ns, 471.0000 ns/op
OverheadWarmup   3: 1 op, 481.00 ns, 481.0000 ns/op
OverheadWarmup   4: 1 op, 701.00 ns, 701.0000 ns/op
OverheadWarmup   5: 1 op, 430.00 ns, 430.0000 ns/op
OverheadWarmup   6: 1 op, 491.00 ns, 491.0000 ns/op
OverheadWarmup   7: 1 op, 942.00 ns, 942.0000 ns/op
OverheadWarmup   8: 1 op, 491.00 ns, 491.0000 ns/op

OverheadActual   1: 1 op, 450.00 ns, 450.0000 ns/op
OverheadActual   2: 1 op, 471.00 ns, 471.0000 ns/op
OverheadActual   3: 1 op, 481.00 ns, 481.0000 ns/op
OverheadActual   4: 1 op, 852.00 ns, 852.0000 ns/op
OverheadActual   5: 1 op, 451.00 ns, 451.0000 ns/op
OverheadActual   6: 1 op, 511.00 ns, 511.0000 ns/op
OverheadActual   7: 1 op, 270.00 ns, 270.0000 ns/op
OverheadActual   8: 1 op, 270.00 ns, 270.0000 ns/op
OverheadActual   9: 1 op, 541.00 ns, 541.0000 ns/op
OverheadActual  10: 1 op, 511.00 ns, 511.0000 ns/op
OverheadActual  11: 1 op, 341.00 ns, 341.0000 ns/op
OverheadActual  12: 1 op, 491.00 ns, 491.0000 ns/op
OverheadActual  13: 1 op, 481.00 ns, 481.0000 ns/op
OverheadActual  14: 1 op, 380.00 ns, 380.0000 ns/op
OverheadActual  15: 1 op, 411.00 ns, 411.0000 ns/op
OverheadActual  16: 1 op, 401.00 ns, 401.0000 ns/op
OverheadActual  17: 1 op, 501.00 ns, 501.0000 ns/op
OverheadActual  18: 1 op, 360.00 ns, 360.0000 ns/op
OverheadActual  19: 1 op, 481.00 ns, 481.0000 ns/op
OverheadActual  20: 1 op, 481.00 ns, 481.0000 ns/op

WorkloadWarmup   1: 1 op, 96829688.00 ns, 96.8297 ms/op
WorkloadWarmup   2: 1 op, 97226329.00 ns, 97.2263 ms/op
WorkloadWarmup   3: 1 op, 98695942.00 ns, 98.6959 ms/op

// BeforeActualRun
WorkloadActual   1: 1 op, 94693214.00 ns, 94.6932 ms/op
WorkloadActual   2: 1 op, 93836031.00 ns, 93.8360 ms/op
WorkloadActual   3: 1 op, 94577690.00 ns, 94.5777 ms/op

// AfterActualRun
WorkloadResult   1: 1 op, 94692738.00 ns, 94.6927 ms/op
WorkloadResult   2: 1 op, 93835555.00 ns, 93.8356 ms/op
WorkloadResult   3: 1 op, 94577214.00 ns, 94.5772 ms/op
// GC:  0 0 0 90424 1
// Threading:  2 64 1
// Exceptions:  128

// AfterAll
// Benchmark Process 1599719 has exited with code 0.

Mean = 94.369 ms, StdErr = 0.269 ms (0.28%), N = 3, StdDev = 0.465 ms
Min = 93.836 ms, Q1 = 94.206 ms, Median = 94.577 ms, Q3 = 94.635 ms, Max = 94.693 ms
IQR = 0.429 ms, LowerFence = 93.563 ms, UpperFence = 95.278 ms
ConfidenceInterval = [85.883 ms; 102.855 ms] (CI 99.9%), Margin = 8.486 ms (8.99% of Mean)
Skewness = -0.36, Kurtosis = 0.67, MValue = 2

// ** Remained 43 (43.4%) benchmark(s) to run. Estimated finish 2026-09-22 17:01 (0h 0m from now) **
// **************************
// Benchmark: SessionSetupDecompositionBenchmarks.ComponentA1_AssociationTablePreSeed: ShortRun(InvocationCount=1, IterationCount=3, LaunchCount=1, UnrollFactor=1, WarmupCount=3) [Sessions=100]
// *** Execute ***
// Launch: 1 / 1
// Execute: dotnet WinForward.Benchmarks-ShortRun-1.dll --anonymousPipes 123 125 --benchmarkName "WinForward.Benchmarks.Perf.SessionSetupDecompositionBenchmarks.ComponentA1_AssociationTablePreSeed(Sessions: 100)" --job ShortRun --benchmarkId 56 in /home/paff/Projects/WinForward/benchmarks/WinForward.Benchmarks/bin/Release/net10.0/WinForward.Benchmarks-ShortRun-1/bin/Release/net10.0
// Failed to set up high priority (Permission denied). In order to run benchmarks with high priority, make sure you have the right permissions.
// BeforeAnythingElse

// Benchmark Process Environment Information:
// BenchmarkDotNet v0.15.8
// Runtime=.NET 10.0.12 (10.0.12, 10.0.1226.42308), X64 RyuJIT x86-64-v4
// GC=Concurrent Workstation
// HardwareIntrinsics=AVX512 BITALG+VBMI2+VNNI+VPOPCNTDQ,AVX512 IFMA+VBMI,AVX512 F+BW+CD+DQ+VL,AVX2+BMI1+BMI2+F16C+FMA+LZCNT+MOVBE,AVX,SSE3+SSSE3+SSE4.1+SSE4.2+POPCNT,X86Base+SSE+SSE2,AES+PCLMUL,AvxVnni VectorSize=256
// Job: ShortRun(InvocationCount=1, IterationCount=3, LaunchCount=1, UnrollFactor=1, WarmupCount=3)

OverheadJitting  1: 1 op, 322555.00 ns, 322.5550 us/op
WorkloadJitting  1: 1 op, 2176728.00 ns, 2.1767 ms/op

OverheadWarmup   1: 1 op, 491.00 ns, 491.0000 ns/op
OverheadWarmup   2: 1 op, 481.00 ns, 481.0000 ns/op
OverheadWarmup   3: 1 op, 270.00 ns, 270.0000 ns/op
OverheadWarmup   4: 1 op, 461.00 ns, 461.0000 ns/op
OverheadWarmup   5: 1 op, 291.00 ns, 291.0000 ns/op
OverheadWarmup   6: 1 op, 471.00 ns, 471.0000 ns/op
OverheadWarmup   7: 1 op, 441.00 ns, 441.0000 ns/op

OverheadActual   1: 1 op, 410.00 ns, 410.0000 ns/op
OverheadActual   2: 1 op, 421.00 ns, 421.0000 ns/op
OverheadActual   3: 1 op, 401.00 ns, 401.0000 ns/op
OverheadActual   4: 1 op, 451.00 ns, 451.0000 ns/op
OverheadActual   5: 1 op, 421.00 ns, 421.0000 ns/op
OverheadActual   6: 1 op, 461.00 ns, 461.0000 ns/op
OverheadActual   7: 1 op, 481.00 ns, 481.0000 ns/op
OverheadActual   8: 1 op, 271.00 ns, 271.0000 ns/op
OverheadActual   9: 1 op, 260.00 ns, 260.0000 ns/op
OverheadActual  10: 1 op, 260.00 ns, 260.0000 ns/op
OverheadActual  11: 1 op, 271.00 ns, 271.0000 ns/op
OverheadActual  12: 1 op, 571.00 ns, 571.0000 ns/op
OverheadActual  13: 1 op, 271.00 ns, 271.0000 ns/op
OverheadActual  14: 1 op, 461.00 ns, 461.0000 ns/op
OverheadActual  15: 1 op, 431.00 ns, 431.0000 ns/op
OverheadActual  16: 1 op, 431.00 ns, 431.0000 ns/op
OverheadActual  17: 1 op, 942.00 ns, 942.0000 ns/op
OverheadActual  18: 1 op, 451.00 ns, 451.0000 ns/op
OverheadActual  19: 1 op, 531.00 ns, 531.0000 ns/op
OverheadActual  20: 1 op, 451.00 ns, 451.0000 ns/op

WorkloadWarmup   1: 1 op, 87331.00 ns, 87.3310 us/op
WorkloadWarmup   2: 1 op, 8515.00 ns, 8.5150 us/op
WorkloadWarmup   3: 1 op, 5791.00 ns, 5.7910 us/op

// BeforeActualRun
WorkloadActual   1: 1 op, 76241.00 ns, 76.2410 us/op
WorkloadActual   2: 1 op, 6071.00 ns, 6.0710 us/op
WorkloadActual   3: 1 op, 5780.00 ns, 5.7800 us/op

// AfterActualRun
WorkloadResult   1: 1 op, 75810.00 ns, 75.8100 us/op
WorkloadResult   2: 1 op, 5640.00 ns, 5.6400 us/op
WorkloadResult   3: 1 op, 5349.00 ns, 5.3490 us/op
// GC:  0 0 0 32192 1
// Threading:  0 0 1

// AfterAll
// Benchmark Process 1600272 has exited with code 0.

Mean = 28.933 us, StdErr = 23.439 us (81.01%), N = 3, StdDev = 40.597 us
Min = 5.349 us, Q1 = 5.495 us, Median = 5.640 us, Q3 = 40.725 us, Max = 75.810 us
IQR = 35.230 us, LowerFence = -47.351 us, UpperFence = 93.571 us
ConfidenceInterval = [-711.706 us; 769.572 us] (CI 99.9%), Margin = 740.639 us (2559.84% of Mean)
Skewness = 0.38, Kurtosis = 0.67, MValue = 2

// ** Remained 42 (42.4%) benchmark(s) to run. Estimated finish 2026-09-22 17:01 (0h 0m from now) **
// **************************
// Benchmark: SessionSetupDecompositionBenchmarks.ComponentA2_SessionDictionaryPreSeed: ShortRun(InvocationCount=1, IterationCount=3, LaunchCount=1, UnrollFactor=1, WarmupCount=3) [Sessions=100]
// *** Execute ***
// Launch: 1 / 1
// Execute: dotnet WinForward.Benchmarks-ShortRun-1.dll --anonymousPipes 123 125 --benchmarkName "WinForward.Benchmarks.Perf.SessionSetupDecompositionBenchmarks.ComponentA2_SessionDictionaryPreSeed(Sessions: 100)" --job ShortRun --benchmarkId 57 in /home/paff/Projects/WinForward/benchmarks/WinForward.Benchmarks/bin/Release/net10.0/WinForward.Benchmarks-ShortRun-1/bin/Release/net10.0
// Failed to set up high priority (Permission denied). In order to run benchmarks with high priority, make sure you have the right permissions.
// BeforeAnythingElse

// Benchmark Process Environment Information:
// BenchmarkDotNet v0.15.8
// Runtime=.NET 10.0.12 (10.0.12, 10.0.1226.42308), X64 RyuJIT x86-64-v4
// GC=Concurrent Workstation
// HardwareIntrinsics=AVX512 BITALG+VBMI2+VNNI+VPOPCNTDQ,AVX512 IFMA+VBMI,AVX512 F+BW+CD+DQ+VL,AVX2+BMI1+BMI2+F16C+FMA+LZCNT+MOVBE,AVX,SSE3+SSSE3+SSE4.1+SSE4.2+POPCNT,X86Base+SSE+SSE2,AES+PCLMUL,AvxVnni VectorSize=256
// Job: ShortRun(InvocationCount=1, IterationCount=3, LaunchCount=1, UnrollFactor=1, WarmupCount=3)

OverheadJitting  1: 1 op, 325540.00 ns, 325.5400 us/op
WorkloadJitting  1: 1 op, 1327320.00 ns, 1.3273 ms/op

OverheadWarmup   1: 1 op, 541.00 ns, 541.0000 ns/op
OverheadWarmup   2: 1 op, 401.00 ns, 401.0000 ns/op
OverheadWarmup   3: 1 op, 451.00 ns, 451.0000 ns/op
OverheadWarmup   4: 1 op, 460.00 ns, 460.0000 ns/op
OverheadWarmup   5: 1 op, 451.00 ns, 451.0000 ns/op
OverheadWarmup   6: 1 op, 511.00 ns, 511.0000 ns/op
OverheadWarmup   7: 1 op, 471.00 ns, 471.0000 ns/op

OverheadActual   1: 1 op, 511.00 ns, 511.0000 ns/op
OverheadActual   2: 1 op, 781.00 ns, 781.0000 ns/op
OverheadActual   3: 1 op, 491.00 ns, 491.0000 ns/op
OverheadActual   4: 1 op, 531.00 ns, 531.0000 ns/op
OverheadActual   5: 1 op, 451.00 ns, 451.0000 ns/op
OverheadActual   6: 1 op, 601.00 ns, 601.0000 ns/op
OverheadActual   7: 1 op, 551.00 ns, 551.0000 ns/op
OverheadActual   8: 1 op, 480.00 ns, 480.0000 ns/op
OverheadActual   9: 1 op, 371.00 ns, 371.0000 ns/op
OverheadActual  10: 1 op, 400.00 ns, 400.0000 ns/op
OverheadActual  11: 1 op, 411.00 ns, 411.0000 ns/op
OverheadActual  12: 1 op, 491.00 ns, 491.0000 ns/op
OverheadActual  13: 1 op, 461.00 ns, 461.0000 ns/op
OverheadActual  14: 1 op, 331.00 ns, 331.0000 ns/op
OverheadActual  15: 1 op, 461.00 ns, 461.0000 ns/op
OverheadActual  16: 1 op, 461.00 ns, 461.0000 ns/op
OverheadActual  17: 1 op, 541.00 ns, 541.0000 ns/op
OverheadActual  18: 1 op, 511.00 ns, 511.0000 ns/op
OverheadActual  19: 1 op, 501.00 ns, 501.0000 ns/op
OverheadActual  20: 1 op, 471.00 ns, 471.0000 ns/op

WorkloadWarmup   1: 1 op, 39493.00 ns, 39.4930 us/op
WorkloadWarmup   2: 1 op, 4719.00 ns, 4.7190 us/op
WorkloadWarmup   3: 1 op, 5210.00 ns, 5.2100 us/op

// BeforeActualRun
WorkloadActual   1: 1 op, 44842.00 ns, 44.8420 us/op
WorkloadActual   2: 1 op, 4969.00 ns, 4.9690 us/op
WorkloadActual   3: 1 op, 7934.00 ns, 7.9340 us/op

// AfterActualRun
WorkloadResult   1: 1 op, 44356.50 ns, 44.3565 us/op
WorkloadResult   2: 1 op, 4483.50 ns, 4.4835 us/op
WorkloadResult   3: 1 op, 7448.50 ns, 7.4485 us/op
// GC:  0 0 0 15968 1
// Threading:  0 0 1

// AfterAll
// Benchmark Process 1600286 has exited with code 0.

Mean = 18.763 us, StdErr = 12.825 us (68.36%), N = 3, StdDev = 22.214 us
Min = 4.484 us, Q1 = 5.966 us, Median = 7.449 us, Q3 = 25.902 us, Max = 44.356 us
IQR = 19.936 us, LowerFence = -23.939 us, UpperFence = 55.807 us
ConfidenceInterval = [-386.508 us; 424.034 us] (CI 99.9%), Margin = 405.271 us (2159.97% of Mean)
Skewness = 0.38, Kurtosis = 0.67, MValue = 2

// ** Remained 41 (41.4%) benchmark(s) to run. Estimated finish 2026-09-22 17:01 (0h 0m from now) **
// **************************
// Benchmark: SessionSetupDecompositionBenchmarks.ComponentA3_CooldownTableConstruction: ShortRun(InvocationCount=1, IterationCount=3, LaunchCount=1, UnrollFactor=1, WarmupCount=3) [Sessions=100]
// *** Execute ***
// Launch: 1 / 1
// Execute: dotnet WinForward.Benchmarks-ShortRun-1.dll --anonymousPipes 123 125 --benchmarkName "WinForward.Benchmarks.Perf.SessionSetupDecompositionBenchmarks.ComponentA3_CooldownTableConstruction(Sessions: 100)" --job ShortRun --benchmarkId 58 in /home/paff/Projects/WinForward/benchmarks/WinForward.Benchmarks/bin/Release/net10.0/WinForward.Benchmarks-ShortRun-1/bin/Release/net10.0
// Failed to set up high priority (Permission denied). In order to run benchmarks with high priority, make sure you have the right permissions.
// BeforeAnythingElse

// Benchmark Process Environment Information:
// BenchmarkDotNet v0.15.8
// Runtime=.NET 10.0.12 (10.0.12, 10.0.1226.42308), X64 RyuJIT x86-64-v4
// GC=Concurrent Workstation
// HardwareIntrinsics=AVX512 BITALG+VBMI2+VNNI+VPOPCNTDQ,AVX512 IFMA+VBMI,AVX512 F+BW+CD+DQ+VL,AVX2+BMI1+BMI2+F16C+FMA+LZCNT+MOVBE,AVX,SSE3+SSSE3+SSE4.1+SSE4.2+POPCNT,X86Base+SSE+SSE2,AES+PCLMUL,AvxVnni VectorSize=256
// Job: ShortRun(InvocationCount=1, IterationCount=3, LaunchCount=1, UnrollFactor=1, WarmupCount=3)

OverheadJitting  1: 1 op, 383398.00 ns, 383.3980 us/op
WorkloadJitting  1: 1 op, 1898524.00 ns, 1.8985 ms/op

OverheadWarmup   1: 1 op, 471.00 ns, 471.0000 ns/op
OverheadWarmup   2: 1 op, 490.00 ns, 490.0000 ns/op
OverheadWarmup   3: 1 op, 521.00 ns, 521.0000 ns/op
OverheadWarmup   4: 1 op, 471.00 ns, 471.0000 ns/op
OverheadWarmup   5: 1 op, 501.00 ns, 501.0000 ns/op
OverheadWarmup   6: 1 op, 471.00 ns, 471.0000 ns/op

OverheadActual   1: 1 op, 481.00 ns, 481.0000 ns/op
OverheadActual   2: 1 op, 461.00 ns, 461.0000 ns/op
OverheadActual   3: 1 op, 451.00 ns, 451.0000 ns/op
OverheadActual   4: 1 op, 470.00 ns, 470.0000 ns/op
OverheadActual   5: 1 op, 591.00 ns, 591.0000 ns/op
OverheadActual   6: 1 op, 491.00 ns, 491.0000 ns/op
OverheadActual   7: 1 op, 511.00 ns, 511.0000 ns/op
OverheadActual   8: 1 op, 290.00 ns, 290.0000 ns/op
OverheadActual   9: 1 op, 471.00 ns, 471.0000 ns/op
OverheadActual  10: 1 op, 742.00 ns, 742.0000 ns/op
OverheadActual  11: 1 op, 591.00 ns, 591.0000 ns/op
OverheadActual  12: 1 op, 541.00 ns, 541.0000 ns/op
OverheadActual  13: 1 op, 582.00 ns, 582.0000 ns/op
OverheadActual  14: 1 op, 381.00 ns, 381.0000 ns/op
OverheadActual  15: 1 op, 341.00 ns, 341.0000 ns/op
OverheadActual  16: 1 op, 30586.00 ns, 30.5860 us/op
OverheadActual  17: 1 op, 521.00 ns, 521.0000 ns/op
OverheadActual  18: 1 op, 501.00 ns, 501.0000 ns/op
OverheadActual  19: 1 op, 321.00 ns, 321.0000 ns/op
OverheadActual  20: 1 op, 290.00 ns, 290.0000 ns/op

WorkloadWarmup   1: 1 op, 4679.00 ns, 4.6790 us/op
WorkloadWarmup   2: 1 op, 4268.00 ns, 4.2680 us/op
WorkloadWarmup   3: 1 op, 3988.00 ns, 3.9880 us/op

// BeforeActualRun
WorkloadActual   1: 1 op, 58278.00 ns, 58.2780 us/op
WorkloadActual   2: 1 op, 3116.00 ns, 3.1160 us/op
WorkloadActual   3: 1 op, 4188.00 ns, 4.1880 us/op

// AfterActualRun
WorkloadResult   1: 1 op, 57792.00 ns, 57.7920 us/op
WorkloadResult   2: 1 op, 2630.00 ns, 2.6300 us/op
WorkloadResult   3: 1 op, 3702.00 ns, 3.7020 us/op
// GC:  0 0 0 160 1
// Threading:  0 0 1

// AfterAll
// Benchmark Process 1600295 has exited with code 0.

Mean = 21.375 us, StdErr = 18.211 us (85.20%), N = 3, StdDev = 31.543 us
Min = 2.630 us, Q1 = 3.166 us, Median = 3.702 us, Q3 = 30.747 us, Max = 57.792 us
IQR = 27.581 us, LowerFence = -38.206 us, UpperFence = 72.118 us
ConfidenceInterval = [-554.085 us; 596.834 us] (CI 99.9%), Margin = 575.460 us (2692.25% of Mean)
Skewness = 0.38, Kurtosis = 0.67, MValue = 2

// ** Remained 40 (40.4%) benchmark(s) to run. Estimated finish 2026-09-22 17:01 (0h 0m from now) **
// **************************
// Benchmark: SessionSetupDecompositionBenchmarks.ComponentA4_SlotAndQueueObjects: ShortRun(InvocationCount=1, IterationCount=3, LaunchCount=1, UnrollFactor=1, WarmupCount=3) [Sessions=100]
// *** Execute ***
// Launch: 1 / 1
// Execute: dotnet WinForward.Benchmarks-ShortRun-1.dll --anonymousPipes 123 125 --benchmarkName "WinForward.Benchmarks.Perf.SessionSetupDecompositionBenchmarks.ComponentA4_SlotAndQueueObjects(Sessions: 100)" --job ShortRun --benchmarkId 59 in /home/paff/Projects/WinForward/benchmarks/WinForward.Benchmarks/bin/Release/net10.0/WinForward.Benchmarks-ShortRun-1/bin/Release/net10.0
// Failed to set up high priority (Permission denied). In order to run benchmarks with high priority, make sure you have the right permissions.
// BeforeAnythingElse

// Benchmark Process Environment Information:
// BenchmarkDotNet v0.15.8
// Runtime=.NET 10.0.12 (10.0.12, 10.0.1226.42308), X64 RyuJIT x86-64-v4
// GC=Concurrent Workstation
// HardwareIntrinsics=AVX512 BITALG+VBMI2+VNNI+VPOPCNTDQ,AVX512 IFMA+VBMI,AVX512 F+BW+CD+DQ+VL,AVX2+BMI1+BMI2+F16C+FMA+LZCNT+MOVBE,AVX,SSE3+SSSE3+SSE4.1+SSE4.2+POPCNT,X86Base+SSE+SSE2,AES+PCLMUL,AvxVnni VectorSize=256
// Job: ShortRun(InvocationCount=1, IterationCount=3, LaunchCount=1, UnrollFactor=1, WarmupCount=3)

OverheadJitting  1: 1 op, 295015.00 ns, 295.0150 us/op
WorkloadJitting  1: 1 op, 958078.00 ns, 958.0780 us/op

OverheadWarmup   1: 1 op, 471.00 ns, 471.0000 ns/op
OverheadWarmup   2: 1 op, 280.00 ns, 280.0000 ns/op
OverheadWarmup   3: 1 op, 291.00 ns, 291.0000 ns/op
OverheadWarmup   4: 1 op, 271.00 ns, 271.0000 ns/op
OverheadWarmup   5: 1 op, 381.00 ns, 381.0000 ns/op
OverheadWarmup   6: 1 op, 261.00 ns, 261.0000 ns/op

OverheadActual   1: 1 op, 641.00 ns, 641.0000 ns/op
OverheadActual   2: 1 op, 441.00 ns, 441.0000 ns/op
OverheadActual   3: 1 op, 491.00 ns, 491.0000 ns/op
OverheadActual   4: 1 op, 421.00 ns, 421.0000 ns/op
OverheadActual   5: 1 op, 450.00 ns, 450.0000 ns/op
OverheadActual   6: 1 op, 401.00 ns, 401.0000 ns/op
OverheadActual   7: 1 op, 511.00 ns, 511.0000 ns/op
OverheadActual   8: 1 op, 591.00 ns, 591.0000 ns/op
OverheadActual   9: 1 op, 491.00 ns, 491.0000 ns/op
OverheadActual  10: 1 op, 331.00 ns, 331.0000 ns/op
OverheadActual  11: 1 op, 321.00 ns, 321.0000 ns/op
OverheadActual  12: 1 op, 340.00 ns, 340.0000 ns/op
OverheadActual  13: 1 op, 351.00 ns, 351.0000 ns/op
OverheadActual  14: 1 op, 330.00 ns, 330.0000 ns/op
OverheadActual  15: 1 op, 490.00 ns, 490.0000 ns/op
OverheadActual  16: 1 op, 281.00 ns, 281.0000 ns/op
OverheadActual  17: 1 op, 261.00 ns, 261.0000 ns/op
OverheadActual  18: 1 op, 1122.00 ns, 1.1220 us/op
OverheadActual  19: 1 op, 431.00 ns, 431.0000 ns/op
OverheadActual  20: 1 op, 280.00 ns, 280.0000 ns/op

WorkloadWarmup   1: 1 op, 44482.00 ns, 44.4820 us/op
WorkloadWarmup   2: 1 op, 6883.00 ns, 6.8830 us/op
WorkloadWarmup   3: 1 op, 6933.00 ns, 6.9330 us/op

// BeforeActualRun
WorkloadActual   1: 1 op, 63457.00 ns, 63.4570 us/op
WorkloadActual   2: 1 op, 6973.00 ns, 6.9730 us/op
WorkloadActual   3: 1 op, 6883.00 ns, 6.8830 us/op

// AfterActualRun
WorkloadResult   1: 1 op, 63031.00 ns, 63.0310 us/op
WorkloadResult   2: 1 op, 6547.00 ns, 6.5470 us/op
WorkloadResult   3: 1 op, 6457.00 ns, 6.4570 us/op
// GC:  0 0 0 14400 1
// Threading:  0 0 1

// AfterAll
// Benchmark Process 1600309 has exited with code 0.

Mean = 25.345 us, StdErr = 18.843 us (74.35%), N = 3, StdDev = 32.637 us
Min = 6.457 us, Q1 = 6.502 us, Median = 6.547 us, Q3 = 34.789 us, Max = 63.031 us
IQR = 28.287 us, LowerFence = -35.928 us, UpperFence = 77.219 us
ConfidenceInterval = [-570.077 us; 620.767 us] (CI 99.9%), Margin = 595.422 us (2349.27% of Mean)
Skewness = 0.38, Kurtosis = 0.67, MValue = 2

// ** Remained 39 (39.4%) benchmark(s) to run. Estimated finish 2026-09-22 17:01 (0h 0m from now) **
// **************************
// Benchmark: SessionSetupDecompositionBenchmarks.ComponentA5_CompletionCell: ShortRun(InvocationCount=1, IterationCount=3, LaunchCount=1, UnrollFactor=1, WarmupCount=3) [Sessions=100]
// *** Execute ***
// Launch: 1 / 1
// Execute: dotnet WinForward.Benchmarks-ShortRun-1.dll --anonymousPipes 123 125 --benchmarkName "WinForward.Benchmarks.Perf.SessionSetupDecompositionBenchmarks.ComponentA5_CompletionCell(Sessions: 100)" --job ShortRun --benchmarkId 60 in /home/paff/Projects/WinForward/benchmarks/WinForward.Benchmarks/bin/Release/net10.0/WinForward.Benchmarks-ShortRun-1/bin/Release/net10.0
// Failed to set up high priority (Permission denied). In order to run benchmarks with high priority, make sure you have the right permissions.
// BeforeAnythingElse

// Benchmark Process Environment Information:
// BenchmarkDotNet v0.15.8
// Runtime=.NET 10.0.12 (10.0.12, 10.0.1226.42308), X64 RyuJIT x86-64-v4
// GC=Concurrent Workstation
// HardwareIntrinsics=AVX512 BITALG+VBMI2+VNNI+VPOPCNTDQ,AVX512 IFMA+VBMI,AVX512 F+BW+CD+DQ+VL,AVX2+BMI1+BMI2+F16C+FMA+LZCNT+MOVBE,AVX,SSE3+SSSE3+SSE4.1+SSE4.2+POPCNT,X86Base+SSE+SSE2,AES+PCLMUL,AvxVnni VectorSize=256
// Job: ShortRun(InvocationCount=1, IterationCount=3, LaunchCount=1, UnrollFactor=1, WarmupCount=3)

OverheadJitting  1: 1 op, 247477.00 ns, 247.4770 us/op
WorkloadJitting  1: 1 op, 738202.00 ns, 738.2020 us/op

OverheadWarmup   1: 1 op, 471.00 ns, 471.0000 ns/op
OverheadWarmup   2: 1 op, 300.00 ns, 300.0000 ns/op
OverheadWarmup   3: 1 op, 471.00 ns, 471.0000 ns/op
OverheadWarmup   4: 1 op, 501.00 ns, 501.0000 ns/op
OverheadWarmup   5: 1 op, 511.00 ns, 511.0000 ns/op
OverheadWarmup   6: 1 op, 592.00 ns, 592.0000 ns/op
OverheadWarmup   7: 1 op, 631.00 ns, 631.0000 ns/op
OverheadWarmup   8: 1 op, 661.00 ns, 661.0000 ns/op
OverheadWarmup   9: 1 op, 471.00 ns, 471.0000 ns/op
OverheadWarmup  10: 1 op, 591.00 ns, 591.0000 ns/op

OverheadActual   1: 1 op, 481.00 ns, 481.0000 ns/op
OverheadActual   2: 1 op, 481.00 ns, 481.0000 ns/op
OverheadActual   3: 1 op, 441.00 ns, 441.0000 ns/op
OverheadActual   4: 1 op, 420.00 ns, 420.0000 ns/op
OverheadActual   5: 1 op, 441.00 ns, 441.0000 ns/op
OverheadActual   6: 1 op, 481.00 ns, 481.0000 ns/op
OverheadActual   7: 1 op, 451.00 ns, 451.0000 ns/op
OverheadActual   8: 1 op, 501.00 ns, 501.0000 ns/op
OverheadActual   9: 1 op, 301.00 ns, 301.0000 ns/op
OverheadActual  10: 1 op, 290.00 ns, 290.0000 ns/op
OverheadActual  11: 1 op, 541.00 ns, 541.0000 ns/op
OverheadActual  12: 1 op, 521.00 ns, 521.0000 ns/op
OverheadActual  13: 1 op, 431.00 ns, 431.0000 ns/op
OverheadActual  14: 1 op, 501.00 ns, 501.0000 ns/op
OverheadActual  15: 1 op, 421.00 ns, 421.0000 ns/op
OverheadActual  16: 1 op, 521.00 ns, 521.0000 ns/op
OverheadActual  17: 1 op, 280.00 ns, 280.0000 ns/op
OverheadActual  18: 1 op, 481.00 ns, 481.0000 ns/op
OverheadActual  19: 1 op, 371.00 ns, 371.0000 ns/op
OverheadActual  20: 1 op, 370.00 ns, 370.0000 ns/op

WorkloadWarmup   1: 1 op, 42789.00 ns, 42.7890 us/op
WorkloadWarmup   2: 1 op, 8656.00 ns, 8.6560 us/op
WorkloadWarmup   3: 1 op, 7884.00 ns, 7.8840 us/op

// BeforeActualRun
WorkloadActual   1: 1 op, 49571.00 ns, 49.5710 us/op
WorkloadActual   2: 1 op, 8867.00 ns, 8.8670 us/op
WorkloadActual   3: 1 op, 8196.00 ns, 8.1960 us/op

// AfterActualRun
WorkloadResult   1: 1 op, 49125.00 ns, 49.1250 us/op
WorkloadResult   2: 1 op, 8421.00 ns, 8.4210 us/op
WorkloadResult   3: 1 op, 7750.00 ns, 7.7500 us/op
// GC:  0 0 0 8800 1
// Threading:  0 0 1

// AfterAll
// Benchmark Process 1600318 has exited with code 0.

Mean = 21.765 us, StdErr = 13.681 us (62.86%), N = 3, StdDev = 23.697 us
Min = 7.750 us, Q1 = 8.085 us, Median = 8.421 us, Q3 = 28.773 us, Max = 49.125 us
IQR = 20.688 us, LowerFence = -22.946 us, UpperFence = 59.804 us
ConfidenceInterval = [-410.548 us; 454.078 us] (CI 99.9%), Margin = 432.313 us (1986.25% of Mean)
Skewness = 0.38, Kurtosis = 0.67, MValue = 2

// ** Remained 38 (38.4%) benchmark(s) to run. Estimated finish 2026-09-22 17:00 (0h 0m from now) **
// **************************
// Benchmark: SessionSetupDecompositionBenchmarks.ComponentA6_ColdRent: ShortRun(InvocationCount=1, IterationCount=3, LaunchCount=1, UnrollFactor=1, WarmupCount=3) [Sessions=100]
// *** Execute ***
// Launch: 1 / 1
// Execute: dotnet WinForward.Benchmarks-ShortRun-1.dll --anonymousPipes 123 125 --benchmarkName "WinForward.Benchmarks.Perf.SessionSetupDecompositionBenchmarks.ComponentA6_ColdRent(Sessions: 100)" --job ShortRun --benchmarkId 61 in /home/paff/Projects/WinForward/benchmarks/WinForward.Benchmarks/bin/Release/net10.0/WinForward.Benchmarks-ShortRun-1/bin/Release/net10.0
// Failed to set up high priority (Permission denied). In order to run benchmarks with high priority, make sure you have the right permissions.
// BeforeAnythingElse

// Benchmark Process Environment Information:
// BenchmarkDotNet v0.15.8
// Runtime=.NET 10.0.12 (10.0.12, 10.0.1226.42308), X64 RyuJIT x86-64-v4
// GC=Concurrent Workstation
// HardwareIntrinsics=AVX512 BITALG+VBMI2+VNNI+VPOPCNTDQ,AVX512 IFMA+VBMI,AVX512 F+BW+CD+DQ+VL,AVX2+BMI1+BMI2+F16C+FMA+LZCNT+MOVBE,AVX,SSE3+SSSE3+SSE4.1+SSE4.2+POPCNT,X86Base+SSE+SSE2,AES+PCLMUL,AvxVnni VectorSize=256
// Job: ShortRun(InvocationCount=1, IterationCount=3, LaunchCount=1, UnrollFactor=1, WarmupCount=3)

OverheadJitting  1: 1 op, 257074.00 ns, 257.0740 us/op
WorkloadJitting  1: 1 op, 2997763.00 ns, 2.9978 ms/op

OverheadWarmup   1: 1 op, 581.00 ns, 581.0000 ns/op
OverheadWarmup   2: 1 op, 381.00 ns, 381.0000 ns/op
OverheadWarmup   3: 1 op, 431.00 ns, 431.0000 ns/op
OverheadWarmup   4: 1 op, 491.00 ns, 491.0000 ns/op
OverheadWarmup   5: 1 op, 370.00 ns, 370.0000 ns/op
OverheadWarmup   6: 1 op, 431.00 ns, 431.0000 ns/op
OverheadWarmup   7: 1 op, 501.00 ns, 501.0000 ns/op
OverheadWarmup   8: 1 op, 380.00 ns, 380.0000 ns/op

OverheadActual   1: 1 op, 411.00 ns, 411.0000 ns/op
OverheadActual   2: 1 op, 631.00 ns, 631.0000 ns/op
OverheadActual   3: 1 op, 531.00 ns, 531.0000 ns/op
OverheadActual   4: 1 op, 521.00 ns, 521.0000 ns/op
OverheadActual   5: 1 op, 370.00 ns, 370.0000 ns/op
OverheadActual   6: 1 op, 381.00 ns, 381.0000 ns/op
OverheadActual   7: 1 op, 390.00 ns, 390.0000 ns/op
OverheadActual   8: 1 op, 391.00 ns, 391.0000 ns/op
OverheadActual   9: 1 op, 451.00 ns, 451.0000 ns/op
OverheadActual  10: 1 op, 561.00 ns, 561.0000 ns/op
OverheadActual  11: 1 op, 571.00 ns, 571.0000 ns/op
OverheadActual  12: 1 op, 491.00 ns, 491.0000 ns/op
OverheadActual  13: 1 op, 441.00 ns, 441.0000 ns/op
OverheadActual  14: 1 op, 480.00 ns, 480.0000 ns/op
OverheadActual  15: 1 op, 430.00 ns, 430.0000 ns/op
OverheadActual  16: 1 op, 541.00 ns, 541.0000 ns/op
OverheadActual  17: 1 op, 471.00 ns, 471.0000 ns/op
OverheadActual  18: 1 op, 751.00 ns, 751.0000 ns/op
OverheadActual  19: 1 op, 451.00 ns, 451.0000 ns/op
OverheadActual  20: 1 op, 301.00 ns, 301.0000 ns/op

WorkloadWarmup   1: 1 op, 82332.00 ns, 82.3320 us/op
WorkloadWarmup   2: 1 op, 124099.00 ns, 124.0990 us/op
WorkloadWarmup   3: 1 op, 17542.00 ns, 17.5420 us/op

// BeforeActualRun
WorkloadActual   1: 1 op, 61644.00 ns, 61.6440 us/op
WorkloadActual   2: 1 op, 12183.00 ns, 12.1830 us/op
WorkloadActual   3: 1 op, 12243.00 ns, 12.2430 us/op

// AfterActualRun
WorkloadResult   1: 1 op, 61183.00 ns, 61.1830 us/op
WorkloadResult   2: 1 op, 11722.00 ns, 11.7220 us/op
WorkloadResult   3: 1 op, 11782.00 ns, 11.7820 us/op
// GC:  0 0 0 29176 1
// Threading:  0 0 1

// AfterAll
// Benchmark Process 1600327 has exited with code 0.

Mean = 28.229 us, StdErr = 16.477 us (58.37%), N = 3, StdDev = 28.539 us
Min = 11.722 us, Q1 = 11.752 us, Median = 11.782 us, Q3 = 36.483 us, Max = 61.183 us
IQR = 24.730 us, LowerFence = -25.344 us, UpperFence = 73.578 us
ConfidenceInterval = [-492.429 us; 548.887 us] (CI 99.9%), Margin = 520.658 us (1844.41% of Mean)
Skewness = 0.38, Kurtosis = 0.67, MValue = 2

// ** Remained 37 (37.4%) benchmark(s) to run. Estimated finish 2026-09-22 17:00 (0h 0m from now) **
// **************************
// Benchmark: SessionSetupDecompositionBenchmarks.ComponentA7_EnqueueCycle: ShortRun(InvocationCount=1, IterationCount=3, LaunchCount=1, UnrollFactor=1, WarmupCount=3) [Sessions=100]
// *** Execute ***
// Launch: 1 / 1
// Execute: dotnet WinForward.Benchmarks-ShortRun-1.dll --anonymousPipes 123 125 --benchmarkName "WinForward.Benchmarks.Perf.SessionSetupDecompositionBenchmarks.ComponentA7_EnqueueCycle(Sessions: 100)" --job ShortRun --benchmarkId 62 in /home/paff/Projects/WinForward/benchmarks/WinForward.Benchmarks/bin/Release/net10.0/WinForward.Benchmarks-ShortRun-1/bin/Release/net10.0
// Failed to set up high priority (Permission denied). In order to run benchmarks with high priority, make sure you have the right permissions.
// BeforeAnythingElse

// Benchmark Process Environment Information:
// BenchmarkDotNet v0.15.8
// Runtime=.NET 10.0.12 (10.0.12, 10.0.1226.42308), X64 RyuJIT x86-64-v4
// GC=Concurrent Workstation
// HardwareIntrinsics=AVX512 BITALG+VBMI2+VNNI+VPOPCNTDQ,AVX512 IFMA+VBMI,AVX512 F+BW+CD+DQ+VL,AVX2+BMI1+BMI2+F16C+FMA+LZCNT+MOVBE,AVX,SSE3+SSSE3+SSE4.1+SSE4.2+POPCNT,X86Base+SSE+SSE2,AES+PCLMUL,AvxVnni VectorSize=256
// Job: ShortRun(InvocationCount=1, IterationCount=3, LaunchCount=1, UnrollFactor=1, WarmupCount=3)

OverheadJitting  1: 1 op, 258657.00 ns, 258.6570 us/op
WorkloadJitting  1: 1 op, 4943525.00 ns, 4.9435 ms/op

OverheadWarmup   1: 1 op, 491.00 ns, 491.0000 ns/op
OverheadWarmup   2: 1 op, 481.00 ns, 481.0000 ns/op
OverheadWarmup   3: 1 op, 271.00 ns, 271.0000 ns/op
OverheadWarmup   4: 1 op, 541.00 ns, 541.0000 ns/op
OverheadWarmup   5: 1 op, 431.00 ns, 431.0000 ns/op
OverheadWarmup   6: 1 op, 471.00 ns, 471.0000 ns/op
OverheadWarmup   7: 1 op, 490.00 ns, 490.0000 ns/op
OverheadWarmup   8: 1 op, 300.00 ns, 300.0000 ns/op

OverheadActual   1: 1 op, 501.00 ns, 501.0000 ns/op
OverheadActual   2: 1 op, 501.00 ns, 501.0000 ns/op
OverheadActual   3: 1 op, 461.00 ns, 461.0000 ns/op
OverheadActual   4: 1 op, 411.00 ns, 411.0000 ns/op
OverheadActual   5: 1 op, 1273.00 ns, 1.2730 us/op
OverheadActual   6: 1 op, 291.00 ns, 291.0000 ns/op
OverheadActual   7: 1 op, 270.00 ns, 270.0000 ns/op
OverheadActual   8: 1 op, 391.00 ns, 391.0000 ns/op
OverheadActual   9: 1 op, 390.00 ns, 390.0000 ns/op
OverheadActual  10: 1 op, 271.00 ns, 271.0000 ns/op
OverheadActual  11: 1 op, 431.00 ns, 431.0000 ns/op
OverheadActual  12: 1 op, 501.00 ns, 501.0000 ns/op
OverheadActual  13: 1 op, 261.00 ns, 261.0000 ns/op
OverheadActual  14: 1 op, 230.00 ns, 230.0000 ns/op
OverheadActual  15: 1 op, 490.00 ns, 490.0000 ns/op
OverheadActual  16: 1 op, 501.00 ns, 501.0000 ns/op
OverheadActual  17: 1 op, 351.00 ns, 351.0000 ns/op
OverheadActual  18: 1 op, 421.00 ns, 421.0000 ns/op
OverheadActual  19: 1 op, 260.00 ns, 260.0000 ns/op
OverheadActual  20: 1 op, 271.00 ns, 271.0000 ns/op

WorkloadWarmup   1: 1 op, 50494.00 ns, 50.4940 us/op
WorkloadWarmup   2: 1 op, 38341.00 ns, 38.3410 us/op
WorkloadWarmup   3: 1 op, 36797.00 ns, 36.7970 us/op

// BeforeActualRun
WorkloadActual   1: 1 op, 103150.00 ns, 103.1500 us/op
WorkloadActual   2: 1 op, 38381.00 ns, 38.3810 us/op
WorkloadActual   3: 1 op, 39803.00 ns, 39.8030 us/op

// AfterActualRun
WorkloadResult   1: 1 op, 102749.00 ns, 102.7490 us/op
WorkloadResult   2: 1 op, 37980.00 ns, 37.9800 us/op
WorkloadResult   3: 1 op, 39402.00 ns, 39.4020 us/op
// GC:  0 0 0 1912 1
// Threading:  0 0 1

// AfterAll
// Benchmark Process 1600340 has exited with code 0.

Mean = 60.044 us, StdErr = 21.357 us (35.57%), N = 3, StdDev = 36.991 us
Min = 37.980 us, Q1 = 38.691 us, Median = 39.402 us, Q3 = 71.076 us, Max = 102.749 us
IQR = 32.385 us, LowerFence = -9.886 us, UpperFence = 119.652 us
ConfidenceInterval = [-614.805 us; 734.892 us] (CI 99.9%), Margin = 674.849 us (1123.93% of Mean)
Skewness = 0.38, Kurtosis = 0.67, MValue = 2

// ** Remained 36 (36.4%) benchmark(s) to run. Estimated finish 2026-09-22 17:00 (0h 0m from now) **
// **************************
// Benchmark: SessionSetupDecompositionBenchmarks.ComponentA8_WarmRentAdmissionAsync: ShortRun(InvocationCount=1, IterationCount=3, LaunchCount=1, UnrollFactor=1, WarmupCount=3) [Sessions=100]
// *** Execute ***
// Launch: 1 / 1
// Execute: dotnet WinForward.Benchmarks-ShortRun-1.dll --anonymousPipes 123 125 --benchmarkName "WinForward.Benchmarks.Perf.SessionSetupDecompositionBenchmarks.ComponentA8_WarmRentAdmissionAsync(Sessions: 100)" --job ShortRun --benchmarkId 63 in /home/paff/Projects/WinForward/benchmarks/WinForward.Benchmarks/bin/Release/net10.0/WinForward.Benchmarks-ShortRun-1/bin/Release/net10.0
// Failed to set up high priority (Permission denied). In order to run benchmarks with high priority, make sure you have the right permissions.
// BeforeAnythingElse

// Benchmark Process Environment Information:
// BenchmarkDotNet v0.15.8
// Runtime=.NET 10.0.12 (10.0.12, 10.0.1226.42308), X64 RyuJIT x86-64-v4
// GC=Concurrent Workstation
// HardwareIntrinsics=AVX512 BITALG+VBMI2+VNNI+VPOPCNTDQ,AVX512 IFMA+VBMI,AVX512 F+BW+CD+DQ+VL,AVX2+BMI1+BMI2+F16C+FMA+LZCNT+MOVBE,AVX,SSE3+SSSE3+SSE4.1+SSE4.2+POPCNT,X86Base+SSE+SSE2,AES+PCLMUL,AvxVnni VectorSize=256
// Job: ShortRun(InvocationCount=1, IterationCount=3, LaunchCount=1, UnrollFactor=1, WarmupCount=3)

OverheadJitting  1: 1 op, 257065.00 ns, 257.0650 us/op
WorkloadJitting  1: 1 op, 23691331.00 ns, 23.6913 ms/op

OverheadWarmup   1: 1 op, 541.00 ns, 541.0000 ns/op
OverheadWarmup   2: 1 op, 430.00 ns, 430.0000 ns/op
OverheadWarmup   3: 1 op, 461.00 ns, 461.0000 ns/op
OverheadWarmup   4: 1 op, 431.00 ns, 431.0000 ns/op
OverheadWarmup   5: 1 op, 511.00 ns, 511.0000 ns/op
OverheadWarmup   6: 1 op, 551.00 ns, 551.0000 ns/op
OverheadWarmup   7: 1 op, 921.00 ns, 921.0000 ns/op
OverheadWarmup   8: 1 op, 461.00 ns, 461.0000 ns/op

OverheadActual   1: 1 op, 441.00 ns, 441.0000 ns/op
OverheadActual   2: 1 op, 390.00 ns, 390.0000 ns/op
OverheadActual   3: 1 op, 431.00 ns, 431.0000 ns/op
OverheadActual   4: 1 op, 711.00 ns, 711.0000 ns/op
OverheadActual   5: 1 op, 431.00 ns, 431.0000 ns/op
OverheadActual   6: 1 op, 421.00 ns, 421.0000 ns/op
OverheadActual   7: 1 op, 431.00 ns, 431.0000 ns/op
OverheadActual   8: 1 op, 440.00 ns, 440.0000 ns/op
OverheadActual   9: 1 op, 430.00 ns, 430.0000 ns/op
OverheadActual  10: 1 op, 400.00 ns, 400.0000 ns/op
OverheadActual  11: 1 op, 391.00 ns, 391.0000 ns/op
OverheadActual  12: 1 op, 421.00 ns, 421.0000 ns/op
OverheadActual  13: 1 op, 331.00 ns, 331.0000 ns/op
OverheadActual  14: 1 op, 390.00 ns, 390.0000 ns/op
OverheadActual  15: 1 op, 461.00 ns, 461.0000 ns/op
OverheadActual  16: 1 op, 1002.00 ns, 1.0020 us/op
OverheadActual  17: 1 op, 370.00 ns, 370.0000 ns/op
OverheadActual  18: 1 op, 471.00 ns, 471.0000 ns/op
OverheadActual  19: 1 op, 451.00 ns, 451.0000 ns/op
OverheadActual  20: 1 op, 481.00 ns, 481.0000 ns/op

WorkloadWarmup   1: 1 op, 459428.00 ns, 459.4280 us/op
WorkloadWarmup   2: 1 op, 257846.00 ns, 257.8460 us/op
WorkloadWarmup   3: 1 op, 221850.00 ns, 221.8500 us/op

// BeforeActualRun
WorkloadActual   1: 1 op, 311054.00 ns, 311.0540 us/op
WorkloadActual   2: 1 op, 217802.00 ns, 217.8020 us/op
WorkloadActual   3: 1 op, 218673.00 ns, 218.6730 us/op

// AfterActualRun
WorkloadResult   1: 1 op, 310623.00 ns, 310.6230 us/op
WorkloadResult   2: 1 op, 217371.00 ns, 217.3710 us/op
WorkloadResult   3: 1 op, 218242.00 ns, 218.2420 us/op
// GC:  0 0 0 108984 1
// Threading:  0 0 1

// AfterAll
// Benchmark Process 1600349 has exited with code 0.

Mean = 248.745 us, StdErr = 30.940 us (12.44%), N = 3, StdDev = 53.589 us
Min = 217.371 us, Q1 = 217.806 us, Median = 218.242 us, Q3 = 264.433 us, Max = 310.623 us
IQR = 46.626 us, LowerFence = 147.868 us, UpperFence = 334.372 us
ConfidenceInterval = [-728.925 us; 1,226.415 us] (CI 99.9%), Margin = 977.670 us (393.04% of Mean)
Skewness = 0.38, Kurtosis = 0.67, MValue = 2

// ** Remained 35 (35.4%) benchmark(s) to run. Estimated finish 2026-09-22 17:00 (0h 0m from now) **
// **************************
// Benchmark: SessionSetupDecompositionBenchmarks.ComponentA9a_DictionaryGrowthSpansResize: ShortRun(InvocationCount=1, IterationCount=3, LaunchCount=1, UnrollFactor=1, WarmupCount=3) [Sessions=100]
// *** Execute ***
// Launch: 1 / 1
// Execute: dotnet WinForward.Benchmarks-ShortRun-1.dll --anonymousPipes 123 125 --benchmarkName "WinForward.Benchmarks.Perf.SessionSetupDecompositionBenchmarks.ComponentA9a_DictionaryGrowthSpansResize(Sessions: 100)" --job ShortRun --benchmarkId 64 in /home/paff/Projects/WinForward/benchmarks/WinForward.Benchmarks/bin/Release/net10.0/WinForward.Benchmarks-ShortRun-1/bin/Release/net10.0
// Failed to set up high priority (Permission denied). In order to run benchmarks with high priority, make sure you have the right permissions.
// BeforeAnythingElse

// Benchmark Process Environment Information:
// BenchmarkDotNet v0.15.8
// Runtime=.NET 10.0.12 (10.0.12, 10.0.1226.42308), X64 RyuJIT x86-64-v4
// GC=Concurrent Workstation
// HardwareIntrinsics=AVX512 BITALG+VBMI2+VNNI+VPOPCNTDQ,AVX512 IFMA+VBMI,AVX512 F+BW+CD+DQ+VL,AVX2+BMI1+BMI2+F16C+FMA+LZCNT+MOVBE,AVX,SSE3+SSSE3+SSE4.1+SSE4.2+POPCNT,X86Base+SSE+SSE2,AES+PCLMUL,AvxVnni VectorSize=256
// Job: ShortRun(InvocationCount=1, IterationCount=3, LaunchCount=1, UnrollFactor=1, WarmupCount=3)

OverheadJitting  1: 1 op, 300415.00 ns, 300.4150 us/op
WorkloadJitting  1: 1 op, 14012494.00 ns, 14.0125 ms/op

OverheadWarmup   1: 1 op, 451.00 ns, 451.0000 ns/op
OverheadWarmup   2: 1 op, 451.00 ns, 451.0000 ns/op
OverheadWarmup   3: 1 op, 261.00 ns, 261.0000 ns/op
OverheadWarmup   4: 1 op, 371.00 ns, 371.0000 ns/op
OverheadWarmup   5: 1 op, 1042.00 ns, 1.0420 us/op
OverheadWarmup   6: 1 op, 571.00 ns, 571.0000 ns/op

OverheadActual   1: 1 op, 490.00 ns, 490.0000 ns/op
OverheadActual   2: 1 op, 411.00 ns, 411.0000 ns/op
OverheadActual   3: 1 op, 410.00 ns, 410.0000 ns/op
OverheadActual   4: 1 op, 451.00 ns, 451.0000 ns/op
OverheadActual   5: 1 op, 481.00 ns, 481.0000 ns/op
OverheadActual   6: 1 op, 281.00 ns, 281.0000 ns/op
OverheadActual   7: 1 op, 261.00 ns, 261.0000 ns/op
OverheadActual   8: 1 op, 261.00 ns, 261.0000 ns/op
OverheadActual   9: 1 op, 260.00 ns, 260.0000 ns/op
OverheadActual  10: 1 op, 270.00 ns, 270.0000 ns/op
OverheadActual  11: 1 op, 261.00 ns, 261.0000 ns/op
OverheadActual  12: 1 op, 461.00 ns, 461.0000 ns/op
OverheadActual  13: 1 op, 551.00 ns, 551.0000 ns/op
OverheadActual  14: 1 op, 531.00 ns, 531.0000 ns/op
OverheadActual  15: 1 op, 341.00 ns, 341.0000 ns/op
OverheadActual  16: 1 op, 270.00 ns, 270.0000 ns/op
OverheadActual  17: 1 op, 481.00 ns, 481.0000 ns/op
OverheadActual  18: 1 op, 380.00 ns, 380.0000 ns/op
OverheadActual  19: 1 op, 270.00 ns, 270.0000 ns/op
OverheadActual  20: 1 op, 260.00 ns, 260.0000 ns/op

WorkloadWarmup   1: 1 op, 2456814.00 ns, 2.4568 ms/op
WorkloadWarmup   2: 1 op, 1908823.00 ns, 1.9088 ms/op
WorkloadWarmup   3: 1 op, 1797127.00 ns, 1.7971 ms/op

// BeforeActualRun
WorkloadActual   1: 1 op, 5755564.00 ns, 5.7556 ms/op
WorkloadActual   2: 1 op, 1676965.00 ns, 1.6770 ms/op
WorkloadActual   3: 1 op, 1670433.00 ns, 1.6704 ms/op

// AfterActualRun
WorkloadResult   1: 1 op, 5755203.50 ns, 5.7552 ms/op
WorkloadResult   2: 1 op, 1676604.50 ns, 1.6766 ms/op
WorkloadResult   3: 1 op, 1670072.50 ns, 1.6701 ms/op
// GC:  0 0 0 950584 1
// Threading:  0 0 1

// AfterAll
// Benchmark Process 1600358 has exited with code 0.

Mean = 3.034 ms, StdErr = 1.361 ms (44.85%), N = 3, StdDev = 2.357 ms
Min = 1.670 ms, Q1 = 1.673 ms, Median = 1.677 ms, Q3 = 3.716 ms, Max = 5.755 ms
IQR = 2.043 ms, LowerFence = -1.391 ms, UpperFence = 6.780 ms
ConfidenceInterval = [-39.960 ms; 46.028 ms] (CI 99.9%), Margin = 42.994 ms (1417.10% of Mean)
Skewness = 0.38, Kurtosis = 0.67, MValue = 2

// ** Remained 34 (34.3%) benchmark(s) to run. Estimated finish 2026-09-22 17:00 (0h 0m from now) **
// **************************
// Benchmark: SessionSetupDecompositionBenchmarks.ComponentA9b_DictionaryGrowthNoResize: ShortRun(InvocationCount=1, IterationCount=3, LaunchCount=1, UnrollFactor=1, WarmupCount=3) [Sessions=100]
// *** Execute ***
// Launch: 1 / 1
// Execute: dotnet WinForward.Benchmarks-ShortRun-1.dll --anonymousPipes 123 125 --benchmarkName "WinForward.Benchmarks.Perf.SessionSetupDecompositionBenchmarks.ComponentA9b_DictionaryGrowthNoResize(Sessions: 100)" --job ShortRun --benchmarkId 65 in /home/paff/Projects/WinForward/benchmarks/WinForward.Benchmarks/bin/Release/net10.0/WinForward.Benchmarks-ShortRun-1/bin/Release/net10.0
// Failed to set up high priority (Permission denied). In order to run benchmarks with high priority, make sure you have the right permissions.
// BeforeAnythingElse

// Benchmark Process Environment Information:
// BenchmarkDotNet v0.15.8
// Runtime=.NET 10.0.12 (10.0.12, 10.0.1226.42308), X64 RyuJIT x86-64-v4
// GC=Concurrent Workstation
// HardwareIntrinsics=AVX512 BITALG+VBMI2+VNNI+VPOPCNTDQ,AVX512 IFMA+VBMI,AVX512 F+BW+CD+DQ+VL,AVX2+BMI1+BMI2+F16C+FMA+LZCNT+MOVBE,AVX,SSE3+SSSE3+SSE4.1+SSE4.2+POPCNT,X86Base+SSE+SSE2,AES+PCLMUL,AvxVnni VectorSize=256
// Job: ShortRun(InvocationCount=1, IterationCount=3, LaunchCount=1, UnrollFactor=1, WarmupCount=3)

OverheadJitting  1: 1 op, 268585.00 ns, 268.5850 us/op
WorkloadJitting  1: 1 op, 11836668.00 ns, 11.8367 ms/op

OverheadWarmup   1: 1 op, 450.00 ns, 450.0000 ns/op
OverheadWarmup   2: 1 op, 341.00 ns, 341.0000 ns/op
OverheadWarmup   3: 1 op, 451.00 ns, 451.0000 ns/op
OverheadWarmup   4: 1 op, 661.00 ns, 661.0000 ns/op
OverheadWarmup   5: 1 op, 572.00 ns, 572.0000 ns/op
OverheadWarmup   6: 1 op, 361.00 ns, 361.0000 ns/op
OverheadWarmup   7: 1 op, 281.00 ns, 281.0000 ns/op
OverheadWarmup   8: 1 op, 481.00 ns, 481.0000 ns/op
OverheadWarmup   9: 1 op, 381.00 ns, 381.0000 ns/op

OverheadActual   1: 1 op, 491.00 ns, 491.0000 ns/op
OverheadActual   2: 1 op, 431.00 ns, 431.0000 ns/op
OverheadActual   3: 1 op, 651.00 ns, 651.0000 ns/op
OverheadActual   4: 1 op, 441.00 ns, 441.0000 ns/op
OverheadActual   5: 1 op, 421.00 ns, 421.0000 ns/op
OverheadActual   6: 1 op, 391.00 ns, 391.0000 ns/op
OverheadActual   7: 1 op, 571.00 ns, 571.0000 ns/op
OverheadActual   8: 1 op, 481.00 ns, 481.0000 ns/op
OverheadActual   9: 1 op, 461.00 ns, 461.0000 ns/op
OverheadActual  10: 1 op, 461.00 ns, 461.0000 ns/op
OverheadActual  11: 1 op, 270.00 ns, 270.0000 ns/op
OverheadActual  12: 1 op, 360.00 ns, 360.0000 ns/op
OverheadActual  13: 1 op, 461.00 ns, 461.0000 ns/op
OverheadActual  14: 1 op, 551.00 ns, 551.0000 ns/op
OverheadActual  15: 1 op, 330.00 ns, 330.0000 ns/op
OverheadActual  16: 1 op, 671.00 ns, 671.0000 ns/op
OverheadActual  17: 1 op, 331.00 ns, 331.0000 ns/op
OverheadActual  18: 1 op, 481.00 ns, 481.0000 ns/op
OverheadActual  19: 1 op, 551.00 ns, 551.0000 ns/op
OverheadActual  20: 1 op, 270.00 ns, 270.0000 ns/op

WorkloadWarmup   1: 1 op, 2361770.00 ns, 2.3618 ms/op
WorkloadWarmup   2: 1 op, 1767372.00 ns, 1.7674 ms/op
WorkloadWarmup   3: 1 op, 2032884.00 ns, 2.0329 ms/op

// BeforeActualRun
WorkloadActual   1: 1 op, 6321410.00 ns, 6.3214 ms/op
WorkloadActual   2: 1 op, 1717451.00 ns, 1.7175 ms/op
WorkloadActual   3: 1 op, 1667588.00 ns, 1.6676 ms/op

// AfterActualRun
WorkloadResult   1: 1 op, 6320949.00 ns, 6.3209 ms/op
WorkloadResult   2: 1 op, 1716990.00 ns, 1.7170 ms/op
WorkloadResult   3: 1 op, 1667127.00 ns, 1.6671 ms/op
// GC:  0 0 0 787288 1
// Threading:  0 0 1

// AfterAll
// Benchmark Process 1600367 has exited with code 0.

Mean = 3.235 ms, StdErr = 1.543 ms (47.70%), N = 3, StdDev = 2.673 ms
Min = 1.667 ms, Q1 = 1.692 ms, Median = 1.717 ms, Q3 = 4.019 ms, Max = 6.321 ms
IQR = 2.327 ms, LowerFence = -1.798 ms, UpperFence = 7.509 ms
ConfidenceInterval = [-45.523 ms; 51.993 ms] (CI 99.9%), Margin = 48.758 ms (1507.20% of Mean)
Skewness = 0.38, Kurtosis = 0.67, MValue = 2

// ** Remained 33 (33.3%) benchmark(s) to run. Estimated finish 2026-09-22 17:00 (0h 0m from now) **
// **************************
// Benchmark: SessionSetupDecompositionBenchmarks.StageS0_CoordinatorOnly: ShortRun(InvocationCount=1, IterationCount=3, LaunchCount=1, UnrollFactor=1, WarmupCount=3) [Sessions=1000]
// *** Execute ***
// Launch: 1 / 1
// Execute: dotnet WinForward.Benchmarks-ShortRun-1.dll --anonymousPipes 123 125 --benchmarkName "WinForward.Benchmarks.Perf.SessionSetupDecompositionBenchmarks.StageS0_CoordinatorOnly(Sessions: 1000)" --job ShortRun --benchmarkId 66 in /home/paff/Projects/WinForward/benchmarks/WinForward.Benchmarks/bin/Release/net10.0/WinForward.Benchmarks-ShortRun-1/bin/Release/net10.0
// Failed to set up high priority (Permission denied). In order to run benchmarks with high priority, make sure you have the right permissions.
// BeforeAnythingElse

// Benchmark Process Environment Information:
// BenchmarkDotNet v0.15.8
// Runtime=.NET 10.0.12 (10.0.12, 10.0.1226.42308), X64 RyuJIT x86-64-v4
// GC=Concurrent Workstation
// HardwareIntrinsics=AVX512 BITALG+VBMI2+VNNI+VPOPCNTDQ,AVX512 IFMA+VBMI,AVX512 F+BW+CD+DQ+VL,AVX2+BMI1+BMI2+F16C+FMA+LZCNT+MOVBE,AVX,SSE3+SSSE3+SSE4.1+SSE4.2+POPCNT,X86Base+SSE+SSE2,AES+PCLMUL,AvxVnni VectorSize=256
// Job: ShortRun(InvocationCount=1, IterationCount=3, LaunchCount=1, UnrollFactor=1, WarmupCount=3)

OverheadJitting  1: 1 op, 428341.00 ns, 428.3410 us/op
WorkloadJitting  1: 1 op, 6870211.00 ns, 6.8702 ms/op

OverheadWarmup   1: 1 op, 420.00 ns, 420.0000 ns/op
OverheadWarmup   2: 1 op, 270.00 ns, 270.0000 ns/op
OverheadWarmup   3: 1 op, 280.00 ns, 280.0000 ns/op
OverheadWarmup   4: 1 op, 601.00 ns, 601.0000 ns/op
OverheadWarmup   5: 1 op, 451.00 ns, 451.0000 ns/op
OverheadWarmup   6: 1 op, 280.00 ns, 280.0000 ns/op
OverheadWarmup   7: 1 op, 381.00 ns, 381.0000 ns/op
OverheadWarmup   8: 1 op, 260.00 ns, 260.0000 ns/op

OverheadActual   1: 1 op, 561.00 ns, 561.0000 ns/op
OverheadActual   2: 1 op, 561.00 ns, 561.0000 ns/op
OverheadActual   3: 1 op, 531.00 ns, 531.0000 ns/op
OverheadActual   4: 1 op, 411.00 ns, 411.0000 ns/op
OverheadActual   5: 1 op, 440.00 ns, 440.0000 ns/op
OverheadActual   6: 1 op, 441.00 ns, 441.0000 ns/op
OverheadActual   7: 1 op, 440.00 ns, 440.0000 ns/op
OverheadActual   8: 1 op, 811.00 ns, 811.0000 ns/op
OverheadActual   9: 1 op, 401.00 ns, 401.0000 ns/op
OverheadActual  10: 1 op, 260.00 ns, 260.0000 ns/op
OverheadActual  11: 1 op, 531.00 ns, 531.0000 ns/op
OverheadActual  12: 1 op, 300.00 ns, 300.0000 ns/op
OverheadActual  13: 1 op, 431.00 ns, 431.0000 ns/op
OverheadActual  14: 1 op, 270.00 ns, 270.0000 ns/op
OverheadActual  15: 1 op, 270.00 ns, 270.0000 ns/op
OverheadActual  16: 1 op, 481.00 ns, 481.0000 ns/op
OverheadActual  17: 1 op, 270.00 ns, 270.0000 ns/op
OverheadActual  18: 1 op, 421.00 ns, 421.0000 ns/op
OverheadActual  19: 1 op, 260.00 ns, 260.0000 ns/op
OverheadActual  20: 1 op, 330.00 ns, 330.0000 ns/op

WorkloadWarmup   1: 1 op, 179481.00 ns, 179.4810 us/op
WorkloadWarmup   2: 1 op, 84716.00 ns, 84.7160 us/op
WorkloadWarmup   3: 1 op, 75670.00 ns, 75.6700 us/op

// BeforeActualRun
WorkloadActual   1: 1 op, 184300.00 ns, 184.3000 us/op
WorkloadActual   2: 1 op, 67885.00 ns, 67.8850 us/op
WorkloadActual   3: 1 op, 67505.00 ns, 67.5050 us/op

// AfterActualRun
WorkloadResult   1: 1 op, 183874.00 ns, 183.8740 us/op
WorkloadResult   2: 1 op, 67459.00 ns, 67.4590 us/op
WorkloadResult   3: 1 op, 67079.00 ns, 67.0790 us/op
// GC:  0 0 0 496824 1
// Threading:  0 0 1

// AfterAll
// Benchmark Process 1600376 has exited with code 0.

Mean = 106.137 us, StdErr = 38.868 us (36.62%), N = 3, StdDev = 67.322 us
Min = 67.079 us, Q1 = 67.269 us, Median = 67.459 us, Q3 = 125.666 us, Max = 183.874 us
IQR = 58.398 us, LowerFence = -20.327 us, UpperFence = 213.263 us
ConfidenceInterval = [-1,122.070 us; 1,334.345 us] (CI 99.9%), Margin = 1,228.207 us (1157.19% of Mean)
Skewness = 0.38, Kurtosis = 0.67, MValue = 2

// ** Remained 32 (32.3%) benchmark(s) to run. Estimated finish 2026-09-22 17:00 (0h 0m from now) **
// **************************
// Benchmark: SessionSetupDecompositionBenchmarks.StageS1_AdmissionOnlyAsync: ShortRun(InvocationCount=1, IterationCount=3, LaunchCount=1, UnrollFactor=1, WarmupCount=3) [Sessions=1000]
// *** Execute ***
// Launch: 1 / 1
// Execute: dotnet WinForward.Benchmarks-ShortRun-1.dll --anonymousPipes 123 125 --benchmarkName "WinForward.Benchmarks.Perf.SessionSetupDecompositionBenchmarks.StageS1_AdmissionOnlyAsync(Sessions: 1000)" --job ShortRun --benchmarkId 67 in /home/paff/Projects/WinForward/benchmarks/WinForward.Benchmarks/bin/Release/net10.0/WinForward.Benchmarks-ShortRun-1/bin/Release/net10.0
// Failed to set up high priority (Permission denied). In order to run benchmarks with high priority, make sure you have the right permissions.
// BeforeAnythingElse

// Benchmark Process Environment Information:
// BenchmarkDotNet v0.15.8
// Runtime=.NET 10.0.12 (10.0.12, 10.0.1226.42308), X64 RyuJIT x86-64-v4
// GC=Concurrent Workstation
// HardwareIntrinsics=AVX512 BITALG+VBMI2+VNNI+VPOPCNTDQ,AVX512 IFMA+VBMI,AVX512 F+BW+CD+DQ+VL,AVX2+BMI1+BMI2+F16C+FMA+LZCNT+MOVBE,AVX,SSE3+SSSE3+SSE4.1+SSE4.2+POPCNT,X86Base+SSE+SSE2,AES+PCLMUL,AvxVnni VectorSize=256
// Job: ShortRun(InvocationCount=1, IterationCount=3, LaunchCount=1, UnrollFactor=1, WarmupCount=3)

OverheadJitting  1: 1 op, 331432.00 ns, 331.4320 us/op
WorkloadJitting  1: 1 op, 26465329.00 ns, 26.4653 ms/op

OverheadWarmup   1: 1 op, 471.00 ns, 471.0000 ns/op
OverheadWarmup   2: 1 op, 440.00 ns, 440.0000 ns/op
OverheadWarmup   3: 1 op, 360.00 ns, 360.0000 ns/op
OverheadWarmup   4: 1 op, 381.00 ns, 381.0000 ns/op
OverheadWarmup   5: 1 op, 471.00 ns, 471.0000 ns/op
OverheadWarmup   6: 1 op, 330.00 ns, 330.0000 ns/op
OverheadWarmup   7: 1 op, 311.00 ns, 311.0000 ns/op
OverheadWarmup   8: 1 op, 260.00 ns, 260.0000 ns/op
OverheadWarmup   9: 1 op, 321.00 ns, 321.0000 ns/op
OverheadWarmup  10: 1 op, 431.00 ns, 431.0000 ns/op

OverheadActual   1: 1 op, 531.00 ns, 531.0000 ns/op
OverheadActual   2: 1 op, 501.00 ns, 501.0000 ns/op
OverheadActual   3: 1 op, 500.00 ns, 500.0000 ns/op
OverheadActual   4: 1 op, 430.00 ns, 430.0000 ns/op
OverheadActual   5: 1 op, 441.00 ns, 441.0000 ns/op
OverheadActual   6: 1 op, 450.00 ns, 450.0000 ns/op
OverheadActual   7: 1 op, 350.00 ns, 350.0000 ns/op
OverheadActual   8: 1 op, 401.00 ns, 401.0000 ns/op
OverheadActual   9: 1 op, 401.00 ns, 401.0000 ns/op
OverheadActual  10: 1 op, 401.00 ns, 401.0000 ns/op
OverheadActual  11: 1 op, 311.00 ns, 311.0000 ns/op
OverheadActual  12: 1 op, 270.00 ns, 270.0000 ns/op
OverheadActual  13: 1 op, 371.00 ns, 371.0000 ns/op
OverheadActual  14: 1 op, 421.00 ns, 421.0000 ns/op
OverheadActual  15: 1 op, 430.00 ns, 430.0000 ns/op
OverheadActual  16: 1 op, 431.00 ns, 431.0000 ns/op
OverheadActual  17: 1 op, 490.00 ns, 490.0000 ns/op
OverheadActual  18: 1 op, 511.00 ns, 511.0000 ns/op
OverheadActual  19: 1 op, 461.00 ns, 461.0000 ns/op
OverheadActual  20: 1 op, 331.00 ns, 331.0000 ns/op

WorkloadWarmup   1: 1 op, 3185180.00 ns, 3.1852 ms/op
WorkloadWarmup   2: 1 op, 2363793.00 ns, 2.3638 ms/op
WorkloadWarmup   3: 1 op, 2406462.00 ns, 2.4065 ms/op

// BeforeActualRun
WorkloadActual   1: 1 op, 3167627.00 ns, 3.1676 ms/op
WorkloadActual   2: 1 op, 3037527.00 ns, 3.0375 ms/op
WorkloadActual   3: 1 op, 2239614.00 ns, 2.2396 ms/op

// AfterActualRun
WorkloadResult   1: 1 op, 3167197.00 ns, 3.1672 ms/op
WorkloadResult   2: 1 op, 3037097.00 ns, 3.0371 ms/op
WorkloadResult   3: 1 op, 2239184.00 ns, 2.2392 ms/op
// GC:  0 0 0 1323696 1
// Threading:  0 0 1

// AfterAll
// Benchmark Process 1600385 has exited with code 0.

Mean = 2.814 ms, StdErr = 0.290 ms (10.31%), N = 3, StdDev = 0.502 ms
Min = 2.239 ms, Q1 = 2.638 ms, Median = 3.037 ms, Q3 = 3.102 ms, Max = 3.167 ms
IQR = 0.464 ms, LowerFence = 1.942 ms, UpperFence = 3.798 ms
ConfidenceInterval = [-6.352 ms; 11.981 ms] (CI 99.9%), Margin = 9.167 ms (325.70% of Mean)
Skewness = -0.36, Kurtosis = 0.67, MValue = 2

// ** Remained 31 (31.3%) benchmark(s) to run. Estimated finish 2026-09-22 17:00 (0h 0m from now) **
// **************************
// Benchmark: SessionSetupDecompositionBenchmarks.StageS2_SetupStartedAsync: ShortRun(InvocationCount=1, IterationCount=3, LaunchCount=1, UnrollFactor=1, WarmupCount=3) [Sessions=1000]
// *** Execute ***
// Launch: 1 / 1
// Execute: dotnet WinForward.Benchmarks-ShortRun-1.dll --anonymousPipes 123 125 --benchmarkName "WinForward.Benchmarks.Perf.SessionSetupDecompositionBenchmarks.StageS2_SetupStartedAsync(Sessions: 1000)" --job ShortRun --benchmarkId 68 in /home/paff/Projects/WinForward/benchmarks/WinForward.Benchmarks/bin/Release/net10.0/WinForward.Benchmarks-ShortRun-1/bin/Release/net10.0
// Failed to set up high priority (Permission denied). In order to run benchmarks with high priority, make sure you have the right permissions.
// BeforeAnythingElse

// Benchmark Process Environment Information:
// BenchmarkDotNet v0.15.8
// Runtime=.NET 10.0.12 (10.0.12, 10.0.1226.42308), X64 RyuJIT x86-64-v4
// GC=Concurrent Workstation
// HardwareIntrinsics=AVX512 BITALG+VBMI2+VNNI+VPOPCNTDQ,AVX512 IFMA+VBMI,AVX512 F+BW+CD+DQ+VL,AVX2+BMI1+BMI2+F16C+FMA+LZCNT+MOVBE,AVX,SSE3+SSSE3+SSE4.1+SSE4.2+POPCNT,X86Base+SSE+SSE2,AES+PCLMUL,AvxVnni VectorSize=256
// Job: ShortRun(InvocationCount=1, IterationCount=3, LaunchCount=1, UnrollFactor=1, WarmupCount=3)

OverheadJitting  1: 1 op, 295816.00 ns, 295.8160 us/op
WorkloadJitting  1: 1 op, 121892925.00 ns, 121.8929 ms/op

OverheadWarmup   1: 1 op, 961.00 ns, 961.0000 ns/op
OverheadWarmup   2: 1 op, 511.00 ns, 511.0000 ns/op
OverheadWarmup   3: 1 op, 401.00 ns, 401.0000 ns/op
OverheadWarmup   4: 1 op, 430.00 ns, 430.0000 ns/op
OverheadWarmup   5: 1 op, 491.00 ns, 491.0000 ns/op
OverheadWarmup   6: 1 op, 541.00 ns, 541.0000 ns/op
OverheadWarmup   7: 1 op, 491.00 ns, 491.0000 ns/op
OverheadWarmup   8: 1 op, 340.00 ns, 340.0000 ns/op
OverheadWarmup   9: 1 op, 440.00 ns, 440.0000 ns/op
OverheadWarmup  10: 1 op, 261.00 ns, 261.0000 ns/op

OverheadActual   1: 1 op, 411.00 ns, 411.0000 ns/op
OverheadActual   2: 1 op, 401.00 ns, 401.0000 ns/op
OverheadActual   3: 1 op, 411.00 ns, 411.0000 ns/op
OverheadActual   4: 1 op, 400.00 ns, 400.0000 ns/op
OverheadActual   5: 1 op, 411.00 ns, 411.0000 ns/op
OverheadActual   6: 1 op, 341.00 ns, 341.0000 ns/op
OverheadActual   7: 1 op, 491.00 ns, 491.0000 ns/op
OverheadActual   8: 1 op, 381.00 ns, 381.0000 ns/op
OverheadActual   9: 1 op, 281.00 ns, 281.0000 ns/op
OverheadActual  10: 1 op, 230.00 ns, 230.0000 ns/op
OverheadActual  11: 1 op, 270.00 ns, 270.0000 ns/op
OverheadActual  12: 1 op, 451.00 ns, 451.0000 ns/op
OverheadActual  13: 1 op, 271.00 ns, 271.0000 ns/op
OverheadActual  14: 1 op, 261.00 ns, 261.0000 ns/op
OverheadActual  15: 1 op, 280.00 ns, 280.0000 ns/op
OverheadActual  16: 1 op, 370.00 ns, 370.0000 ns/op
OverheadActual  17: 1 op, 361.00 ns, 361.0000 ns/op
OverheadActual  18: 1 op, 370.00 ns, 370.0000 ns/op
OverheadActual  19: 1 op, 350.00 ns, 350.0000 ns/op
OverheadActual  20: 1 op, 280.00 ns, 280.0000 ns/op

WorkloadWarmup   1: 1 op, 83339585.00 ns, 83.3396 ms/op
WorkloadWarmup   2: 1 op, 80987259.00 ns, 80.9873 ms/op
WorkloadWarmup   3: 1 op, 81490484.00 ns, 81.4905 ms/op

// BeforeActualRun
WorkloadActual   1: 1 op, 84950827.00 ns, 84.9508 ms/op
WorkloadActual   2: 1 op, 80774568.00 ns, 80.7746 ms/op
WorkloadActual   3: 1 op, 81629946.00 ns, 81.6299 ms/op

// AfterActualRun
WorkloadResult   1: 1 op, 84950461.50 ns, 84.9505 ms/op
WorkloadResult   2: 1 op, 80774202.50 ns, 80.7742 ms/op
WorkloadResult   3: 1 op, 81629580.50 ns, 81.6296 ms/op
// GC:  0 0 0 1522344 1
// Threading:  4 15 1

// AfterAll
// Benchmark Process 1600396 has exited with code 0.

Mean = 82.451 ms, StdErr = 1.274 ms (1.54%), N = 3, StdDev = 2.206 ms
Min = 80.774 ms, Q1 = 81.202 ms, Median = 81.630 ms, Q3 = 83.290 ms, Max = 84.950 ms
IQR = 2.088 ms, LowerFence = 78.070 ms, UpperFence = 86.422 ms
ConfidenceInterval = [42.204 ms; 122.699 ms] (CI 99.9%), Margin = 40.247 ms (48.81% of Mean)
Skewness = 0.32, Kurtosis = 0.67, MValue = 2

// ** Remained 30 (30.3%) benchmark(s) to run. Estimated finish 2026-09-22 17:00 (0h 0m from now) **
// **************************
// Benchmark: SessionSetupDecompositionBenchmarks.StageS3_PipelineNoPayloadAsync: ShortRun(InvocationCount=1, IterationCount=3, LaunchCount=1, UnrollFactor=1, WarmupCount=3) [Sessions=1000]
// *** Execute ***
// Launch: 1 / 1
// Execute: dotnet WinForward.Benchmarks-ShortRun-1.dll --anonymousPipes 123 125 --benchmarkName "WinForward.Benchmarks.Perf.SessionSetupDecompositionBenchmarks.StageS3_PipelineNoPayloadAsync(Sessions: 1000)" --job ShortRun --benchmarkId 69 in /home/paff/Projects/WinForward/benchmarks/WinForward.Benchmarks/bin/Release/net10.0/WinForward.Benchmarks-ShortRun-1/bin/Release/net10.0
// Failed to set up high priority (Permission denied). In order to run benchmarks with high priority, make sure you have the right permissions.
// BeforeAnythingElse

// Benchmark Process Environment Information:
// BenchmarkDotNet v0.15.8
// Runtime=.NET 10.0.12 (10.0.12, 10.0.1226.42308), X64 RyuJIT x86-64-v4
// GC=Concurrent Workstation
// HardwareIntrinsics=AVX512 BITALG+VBMI2+VNNI+VPOPCNTDQ,AVX512 IFMA+VBMI,AVX512 F+BW+CD+DQ+VL,AVX2+BMI1+BMI2+F16C+FMA+LZCNT+MOVBE,AVX,SSE3+SSSE3+SSE4.1+SSE4.2+POPCNT,X86Base+SSE+SSE2,AES+PCLMUL,AvxVnni VectorSize=256
// Job: ShortRun(InvocationCount=1, IterationCount=3, LaunchCount=1, UnrollFactor=1, WarmupCount=3)

OverheadJitting  1: 1 op, 287040.00 ns, 287.0400 us/op
WorkloadJitting  1: 1 op, 118553706.00 ns, 118.5537 ms/op

OverheadWarmup   1: 1 op, 782.00 ns, 782.0000 ns/op
OverheadWarmup   2: 1 op, 591.00 ns, 591.0000 ns/op
OverheadWarmup   3: 1 op, 271.00 ns, 271.0000 ns/op
OverheadWarmup   4: 1 op, 290.00 ns, 290.0000 ns/op
OverheadWarmup   5: 1 op, 511.00 ns, 511.0000 ns/op
OverheadWarmup   6: 1 op, 531.00 ns, 531.0000 ns/op
OverheadWarmup   7: 1 op, 510.00 ns, 510.0000 ns/op
OverheadWarmup   8: 1 op, 701.00 ns, 701.0000 ns/op
OverheadWarmup   9: 1 op, 661.00 ns, 661.0000 ns/op

OverheadActual   1: 1 op, 501.00 ns, 501.0000 ns/op
OverheadActual   2: 1 op, 541.00 ns, 541.0000 ns/op
OverheadActual   3: 1 op, 461.00 ns, 461.0000 ns/op
OverheadActual   4: 1 op, 591.00 ns, 591.0000 ns/op
OverheadActual   5: 1 op, 521.00 ns, 521.0000 ns/op
OverheadActual   6: 1 op, 371.00 ns, 371.0000 ns/op
OverheadActual   7: 1 op, 401.00 ns, 401.0000 ns/op
OverheadActual   8: 1 op, 471.00 ns, 471.0000 ns/op
OverheadActual   9: 1 op, 551.00 ns, 551.0000 ns/op
OverheadActual  10: 1 op, 511.00 ns, 511.0000 ns/op
OverheadActual  11: 1 op, 281.00 ns, 281.0000 ns/op
OverheadActual  12: 1 op, 301.00 ns, 301.0000 ns/op
OverheadActual  13: 1 op, 270.00 ns, 270.0000 ns/op
OverheadActual  14: 1 op, 270.00 ns, 270.0000 ns/op
OverheadActual  15: 1 op, 381.00 ns, 381.0000 ns/op
OverheadActual  16: 1 op, 511.00 ns, 511.0000 ns/op
OverheadActual  17: 1 op, 281.00 ns, 281.0000 ns/op
OverheadActual  18: 1 op, 500.00 ns, 500.0000 ns/op
OverheadActual  19: 1 op, 461.00 ns, 461.0000 ns/op
OverheadActual  20: 1 op, 571.00 ns, 571.0000 ns/op

WorkloadWarmup   1: 1 op, 72548199.00 ns, 72.5482 ms/op
WorkloadWarmup   2: 1 op, 60355628.00 ns, 60.3556 ms/op
WorkloadWarmup   3: 1 op, 66349949.00 ns, 66.3499 ms/op

// BeforeActualRun
WorkloadActual   1: 1 op, 64361732.00 ns, 64.3617 ms/op
WorkloadActual   2: 1 op, 67506867.00 ns, 67.5069 ms/op
WorkloadActual   3: 1 op, 67549546.00 ns, 67.5495 ms/op

// AfterActualRun
WorkloadResult   1: 1 op, 64361266.00 ns, 64.3613 ms/op
WorkloadResult   2: 1 op, 67506401.00 ns, 67.5064 ms/op
WorkloadResult   3: 1 op, 67549080.00 ns, 67.5491 ms/op
// GC:  0 0 0 4305128 1
// Threading:  991 405 1

// AfterAll
// Benchmark Process 1600957 has exited with code 0.

Mean = 66.472 ms, StdErr = 1.056 ms (1.59%), N = 3, StdDev = 1.828 ms
Min = 64.361 ms, Q1 = 65.934 ms, Median = 67.506 ms, Q3 = 67.528 ms, Max = 67.549 ms
IQR = 1.594 ms, LowerFence = 63.543 ms, UpperFence = 69.919 ms
ConfidenceInterval = [33.117 ms; 99.827 ms] (CI 99.9%), Margin = 33.355 ms (50.18% of Mean)
Skewness = -0.38, Kurtosis = 0.67, MValue = 2

// ** Remained 29 (29.3%) benchmark(s) to run. Estimated finish 2026-09-22 17:01 (0h 0m from now) **
// **************************
// Benchmark: SessionSetupDecompositionBenchmarks.StageS4_ReadinessTeardownOutsideAsync: ShortRun(InvocationCount=1, IterationCount=3, LaunchCount=1, UnrollFactor=1, WarmupCount=3) [Sessions=1000]
// *** Execute ***
// Launch: 1 / 1
// Execute: dotnet WinForward.Benchmarks-ShortRun-1.dll --anonymousPipes 123 125 --benchmarkName "WinForward.Benchmarks.Perf.SessionSetupDecompositionBenchmarks.StageS4_ReadinessTeardownOutsideAsync(Sessions: 1000)" --job ShortRun --benchmarkId 70 in /home/paff/Projects/WinForward/benchmarks/WinForward.Benchmarks/bin/Release/net10.0/WinForward.Benchmarks-ShortRun-1/bin/Release/net10.0
// Failed to set up high priority (Permission denied). In order to run benchmarks with high priority, make sure you have the right permissions.
// BeforeAnythingElse

// Benchmark Process Environment Information:
// BenchmarkDotNet v0.15.8
// Runtime=.NET 10.0.12 (10.0.12, 10.0.1226.42308), X64 RyuJIT x86-64-v4
// GC=Concurrent Workstation
// HardwareIntrinsics=AVX512 BITALG+VBMI2+VNNI+VPOPCNTDQ,AVX512 IFMA+VBMI,AVX512 F+BW+CD+DQ+VL,AVX2+BMI1+BMI2+F16C+FMA+LZCNT+MOVBE,AVX,SSE3+SSSE3+SSE4.1+SSE4.2+POPCNT,X86Base+SSE+SSE2,AES+PCLMUL,AvxVnni VectorSize=256
// Job: ShortRun(InvocationCount=1, IterationCount=3, LaunchCount=1, UnrollFactor=1, WarmupCount=3)

OverheadJitting  1: 1 op, 286139.00 ns, 286.1390 us/op
WorkloadJitting  1: 1 op, 124877332.00 ns, 124.8773 ms/op

OverheadWarmup   1: 1 op, 712.00 ns, 712.0000 ns/op
OverheadWarmup   2: 1 op, 621.00 ns, 621.0000 ns/op
OverheadWarmup   3: 1 op, 561.00 ns, 561.0000 ns/op
OverheadWarmup   4: 1 op, 541.00 ns, 541.0000 ns/op
OverheadWarmup   5: 1 op, 572.00 ns, 572.0000 ns/op
OverheadWarmup   6: 1 op, 521.00 ns, 521.0000 ns/op
OverheadWarmup   7: 1 op, 581.00 ns, 581.0000 ns/op
OverheadWarmup   8: 1 op, 541.00 ns, 541.0000 ns/op

OverheadActual   1: 1 op, 611.00 ns, 611.0000 ns/op
OverheadActual   2: 1 op, 551.00 ns, 551.0000 ns/op
OverheadActual   3: 1 op, 491.00 ns, 491.0000 ns/op
OverheadActual   4: 1 op, 601.00 ns, 601.0000 ns/op
OverheadActual   5: 1 op, 521.00 ns, 521.0000 ns/op
OverheadActual   6: 1 op, 390.00 ns, 390.0000 ns/op
OverheadActual   7: 1 op, 371.00 ns, 371.0000 ns/op
OverheadActual   8: 1 op, 260.00 ns, 260.0000 ns/op
OverheadActual   9: 1 op, 541.00 ns, 541.0000 ns/op
OverheadActual  10: 1 op, 361.00 ns, 361.0000 ns/op
OverheadActual  11: 1 op, 371.00 ns, 371.0000 ns/op
OverheadActual  12: 1 op, 421.00 ns, 421.0000 ns/op
OverheadActual  13: 1 op, 481.00 ns, 481.0000 ns/op
OverheadActual  14: 1 op, 481.00 ns, 481.0000 ns/op
OverheadActual  15: 1 op, 541.00 ns, 541.0000 ns/op
OverheadActual  16: 1 op, 601.00 ns, 601.0000 ns/op
OverheadActual  17: 1 op, 581.00 ns, 581.0000 ns/op
OverheadActual  18: 1 op, 521.00 ns, 521.0000 ns/op
OverheadActual  19: 1 op, 261.00 ns, 261.0000 ns/op
OverheadActual  20: 1 op, 521.00 ns, 521.0000 ns/op

WorkloadWarmup   1: 1 op, 66626580.00 ns, 66.6266 ms/op
WorkloadWarmup   2: 1 op, 62370425.00 ns, 62.3704 ms/op
WorkloadWarmup   3: 1 op, 60983986.00 ns, 60.9840 ms/op

// BeforeActualRun
WorkloadActual   1: 1 op, 65374910.00 ns, 65.3749 ms/op
WorkloadActual   2: 1 op, 62316565.00 ns, 62.3166 ms/op
WorkloadActual   3: 1 op, 59732016.00 ns, 59.7320 ms/op

// AfterActualRun
WorkloadResult   1: 1 op, 65374404.00 ns, 65.3744 ms/op
WorkloadResult   2: 1 op, 62316059.00 ns, 62.3161 ms/op
WorkloadResult   3: 1 op, 59731510.00 ns, 59.7315 ms/op
// GC:  0 0 0 3771232 1
// Threading:  1000 480 1

// AfterAll
// Benchmark Process 1601515 has exited with code 0.

Mean = 62.474 ms, StdErr = 1.631 ms (2.61%), N = 3, StdDev = 2.825 ms
Min = 59.732 ms, Q1 = 61.024 ms, Median = 62.316 ms, Q3 = 63.845 ms, Max = 65.374 ms
IQR = 2.821 ms, LowerFence = 56.792 ms, UpperFence = 68.077 ms
ConfidenceInterval = [10.940 ms; 114.008 ms] (CI 99.9%), Margin = 51.534 ms (82.49% of Mean)
Skewness = 0.06, Kurtosis = 0.67, MValue = 2

// ** Remained 28 (28.3%) benchmark(s) to run. Estimated finish 2026-09-22 17:01 (0h 0m from now) **
// **************************
// Benchmark: SessionSetupDecompositionBenchmarks.StageS5_ReadinessTeardownInsideAsync: ShortRun(InvocationCount=1, IterationCount=3, LaunchCount=1, UnrollFactor=1, WarmupCount=3) [Sessions=1000]
// *** Execute ***
// Launch: 1 / 1
// Execute: dotnet WinForward.Benchmarks-ShortRun-1.dll --anonymousPipes 123 125 --benchmarkName "WinForward.Benchmarks.Perf.SessionSetupDecompositionBenchmarks.StageS5_ReadinessTeardownInsideAsync(Sessions: 1000)" --job ShortRun --benchmarkId 71 in /home/paff/Projects/WinForward/benchmarks/WinForward.Benchmarks/bin/Release/net10.0/WinForward.Benchmarks-ShortRun-1/bin/Release/net10.0
// Failed to set up high priority (Permission denied). In order to run benchmarks with high priority, make sure you have the right permissions.
// BeforeAnythingElse

// Benchmark Process Environment Information:
// BenchmarkDotNet v0.15.8
// Runtime=.NET 10.0.12 (10.0.12, 10.0.1226.42308), X64 RyuJIT x86-64-v4
// GC=Concurrent Workstation
// HardwareIntrinsics=AVX512 BITALG+VBMI2+VNNI+VPOPCNTDQ,AVX512 IFMA+VBMI,AVX512 F+BW+CD+DQ+VL,AVX2+BMI1+BMI2+F16C+FMA+LZCNT+MOVBE,AVX,SSE3+SSSE3+SSE4.1+SSE4.2+POPCNT,X86Base+SSE+SSE2,AES+PCLMUL,AvxVnni VectorSize=256
// Job: ShortRun(InvocationCount=1, IterationCount=3, LaunchCount=1, UnrollFactor=1, WarmupCount=3)

OverheadJitting  1: 1 op, 264849.00 ns, 264.8490 us/op
WorkloadJitting  1: 1 op, 155674370.00 ns, 155.6744 ms/op

OverheadWarmup   1: 1 op, 771.00 ns, 771.0000 ns/op
OverheadWarmup   2: 1 op, 751.00 ns, 751.0000 ns/op
OverheadWarmup   3: 1 op, 561.00 ns, 561.0000 ns/op
OverheadWarmup   4: 1 op, 712.00 ns, 712.0000 ns/op
OverheadWarmup   5: 1 op, 441.00 ns, 441.0000 ns/op
OverheadWarmup   6: 1 op, 992.00 ns, 992.0000 ns/op
OverheadWarmup   7: 1 op, 621.00 ns, 621.0000 ns/op

OverheadActual   1: 1 op, 671.00 ns, 671.0000 ns/op
OverheadActual   2: 1 op, 461.00 ns, 461.0000 ns/op
OverheadActual   3: 1 op, 601.00 ns, 601.0000 ns/op
OverheadActual   4: 1 op, 622.00 ns, 622.0000 ns/op
OverheadActual   5: 1 op, 681.00 ns, 681.0000 ns/op
OverheadActual   6: 1 op, 742.00 ns, 742.0000 ns/op
OverheadActual   7: 1 op, 430.00 ns, 430.0000 ns/op
OverheadActual   8: 1 op, 471.00 ns, 471.0000 ns/op
OverheadActual   9: 1 op, 461.00 ns, 461.0000 ns/op
OverheadActual  10: 1 op, 561.00 ns, 561.0000 ns/op
OverheadActual  11: 1 op, 431.00 ns, 431.0000 ns/op
OverheadActual  12: 1 op, 451.00 ns, 451.0000 ns/op
OverheadActual  13: 1 op, 360.00 ns, 360.0000 ns/op
OverheadActual  14: 1 op, 551.00 ns, 551.0000 ns/op
OverheadActual  15: 1 op, 360.00 ns, 360.0000 ns/op
OverheadActual  16: 1 op, 370.00 ns, 370.0000 ns/op
OverheadActual  17: 1 op, 361.00 ns, 361.0000 ns/op
OverheadActual  18: 1 op, 361.00 ns, 361.0000 ns/op
OverheadActual  19: 1 op, 471.00 ns, 471.0000 ns/op
OverheadActual  20: 1 op, 461.00 ns, 461.0000 ns/op

WorkloadWarmup   1: 1 op, 86479269.00 ns, 86.4793 ms/op
WorkloadWarmup   2: 1 op, 83406047.00 ns, 83.4060 ms/op
WorkloadWarmup   3: 1 op, 92872575.00 ns, 92.8726 ms/op

// BeforeActualRun
WorkloadActual   1: 1 op, 100705936.00 ns, 100.7059 ms/op
WorkloadActual   2: 1 op, 83924243.00 ns, 83.9242 ms/op
WorkloadActual   3: 1 op, 89482783.00 ns, 89.4828 ms/op

// AfterActualRun
WorkloadResult   1: 1 op, 100705475.00 ns, 100.7055 ms/op
WorkloadResult   2: 1 op, 83923782.00 ns, 83.9238 ms/op
WorkloadResult   3: 1 op, 89482322.00 ns, 89.4823 ms/op
// GC:  0 0 0 5869712 1
// Threading:  1995 529 1
// Exceptions:  2128

// AfterAll
// Benchmark Process 1602073 has exited with code 0.

Mean = 91.371 ms, StdErr = 4.936 ms (5.40%), N = 3, StdDev = 8.549 ms
Min = 83.924 ms, Q1 = 86.703 ms, Median = 89.482 ms, Q3 = 95.094 ms, Max = 100.705 ms
IQR = 8.391 ms, LowerFence = 74.117 ms, UpperFence = 107.680 ms
ConfidenceInterval = [-64.590 ms; 247.331 ms] (CI 99.9%), Margin = 155.960 ms (170.69% of Mean)
Skewness = 0.21, Kurtosis = 0.67, MValue = 2

// ** Remained 27 (27.3%) benchmark(s) to run. Estimated finish 2026-09-22 17:01 (0h 0m from now) **
// **************************
// Benchmark: SessionSetupDecompositionBenchmarks.StageT1_SessionTeardownInsideAsync: ShortRun(InvocationCount=1, IterationCount=3, LaunchCount=1, UnrollFactor=1, WarmupCount=3) [Sessions=1000]
// *** Execute ***
// Launch: 1 / 1
// Execute: dotnet WinForward.Benchmarks-ShortRun-1.dll --anonymousPipes 123 125 --benchmarkName "WinForward.Benchmarks.Perf.SessionSetupDecompositionBenchmarks.StageT1_SessionTeardownInsideAsync(Sessions: 1000)" --job ShortRun --benchmarkId 72 in /home/paff/Projects/WinForward/benchmarks/WinForward.Benchmarks/bin/Release/net10.0/WinForward.Benchmarks-ShortRun-1/bin/Release/net10.0
// Failed to set up high priority (Permission denied). In order to run benchmarks with high priority, make sure you have the right permissions.
// BeforeAnythingElse

// Benchmark Process Environment Information:
// BenchmarkDotNet v0.15.8
// Runtime=.NET 10.0.12 (10.0.12, 10.0.1226.42308), X64 RyuJIT x86-64-v4
// GC=Concurrent Workstation
// HardwareIntrinsics=AVX512 BITALG+VBMI2+VNNI+VPOPCNTDQ,AVX512 IFMA+VBMI,AVX512 F+BW+CD+DQ+VL,AVX2+BMI1+BMI2+F16C+FMA+LZCNT+MOVBE,AVX,SSE3+SSSE3+SSE4.1+SSE4.2+POPCNT,X86Base+SSE+SSE2,AES+PCLMUL,AvxVnni VectorSize=256
// Job: ShortRun(InvocationCount=1, IterationCount=3, LaunchCount=1, UnrollFactor=1, WarmupCount=3)

OverheadJitting  1: 1 op, 375353.00 ns, 375.3530 us/op
WorkloadJitting  1: 1 op, 106374529.00 ns, 106.3745 ms/op

OverheadWarmup   1: 1 op, 661.00 ns, 661.0000 ns/op
OverheadWarmup   2: 1 op, 591.00 ns, 591.0000 ns/op
OverheadWarmup   3: 1 op, 581.00 ns, 581.0000 ns/op
OverheadWarmup   4: 1 op, 431.00 ns, 431.0000 ns/op
OverheadWarmup   5: 1 op, 271.00 ns, 271.0000 ns/op
OverheadWarmup   6: 1 op, 260.00 ns, 260.0000 ns/op
OverheadWarmup   7: 1 op, 261.00 ns, 261.0000 ns/op
OverheadWarmup   8: 1 op, 521.00 ns, 521.0000 ns/op
OverheadWarmup   9: 1 op, 571.00 ns, 571.0000 ns/op
OverheadWarmup  10: 1 op, 260.00 ns, 260.0000 ns/op

OverheadActual   1: 1 op, 491.00 ns, 491.0000 ns/op
OverheadActual   2: 1 op, 461.00 ns, 461.0000 ns/op
OverheadActual   3: 1 op, 551.00 ns, 551.0000 ns/op
OverheadActual   4: 1 op, 521.00 ns, 521.0000 ns/op
OverheadActual   5: 1 op, 521.00 ns, 521.0000 ns/op
OverheadActual   6: 1 op, 311.00 ns, 311.0000 ns/op
OverheadActual   7: 1 op, 551.00 ns, 551.0000 ns/op
OverheadActual   8: 1 op, 421.00 ns, 421.0000 ns/op
OverheadActual   9: 1 op, 451.00 ns, 451.0000 ns/op
OverheadActual  10: 1 op, 491.00 ns, 491.0000 ns/op
OverheadActual  11: 1 op, 260.00 ns, 260.0000 ns/op
OverheadActual  12: 1 op, 260.00 ns, 260.0000 ns/op
OverheadActual  13: 1 op, 501.00 ns, 501.0000 ns/op
OverheadActual  14: 1 op, 360.00 ns, 360.0000 ns/op
OverheadActual  15: 1 op, 471.00 ns, 471.0000 ns/op
OverheadActual  16: 1 op, 261.00 ns, 261.0000 ns/op
OverheadActual  17: 1 op, 531.00 ns, 531.0000 ns/op
OverheadActual  18: 1 op, 481.00 ns, 481.0000 ns/op
OverheadActual  19: 1 op, 571.00 ns, 571.0000 ns/op
OverheadActual  20: 1 op, 421.00 ns, 421.0000 ns/op

WorkloadWarmup   1: 1 op, 70452127.00 ns, 70.4521 ms/op
WorkloadWarmup   2: 1 op, 48732551.00 ns, 48.7326 ms/op
WorkloadWarmup   3: 1 op, 46446461.00 ns, 46.4465 ms/op

// BeforeActualRun
WorkloadActual   1: 1 op, 84363171.00 ns, 84.3632 ms/op
WorkloadActual   2: 1 op, 50532493.00 ns, 50.5325 ms/op
WorkloadActual   3: 1 op, 39378147.00 ns, 39.3781 ms/op

// AfterActualRun
WorkloadResult   1: 1 op, 84362695.00 ns, 84.3627 ms/op
WorkloadResult   2: 1 op, 50532017.00 ns, 50.5320 ms/op
WorkloadResult   3: 1 op, 39377671.00 ns, 39.3777 ms/op
// GC:  0 0 0 4408792 1
// Threading:  1001 0 1
// Exceptions:  2000

// AfterAll
// Benchmark Process 1602629 has exited with code 0.

Mean = 58.091 ms, StdErr = 13.525 ms (23.28%), N = 3, StdDev = 23.426 ms
Min = 39.378 ms, Q1 = 44.955 ms, Median = 50.532 ms, Q3 = 67.447 ms, Max = 84.363 ms
IQR = 22.493 ms, LowerFence = 11.216 ms, UpperFence = 101.186 ms
ConfidenceInterval = [-369.282 ms; 485.463 ms] (CI 99.9%), Margin = 427.372 ms (735.70% of Mean)
Skewness = 0.29, Kurtosis = 0.67, MValue = 2

// ** Remained 26 (26.3%) benchmark(s) to run. Estimated finish 2026-09-22 17:01 (0h 0m from now) **
// **************************
// Benchmark: SessionSetupDecompositionBenchmarks.StageT3_ExpiryRetireInsideAsync: ShortRun(InvocationCount=1, IterationCount=3, LaunchCount=1, UnrollFactor=1, WarmupCount=3) [Sessions=1000]
// *** Execute ***
// Launch: 1 / 1
// Execute: dotnet WinForward.Benchmarks-ShortRun-1.dll --anonymousPipes 123 125 --benchmarkName "WinForward.Benchmarks.Perf.SessionSetupDecompositionBenchmarks.StageT3_ExpiryRetireInsideAsync(Sessions: 1000)" --job ShortRun --benchmarkId 73 in /home/paff/Projects/WinForward/benchmarks/WinForward.Benchmarks/bin/Release/net10.0/WinForward.Benchmarks-ShortRun-1/bin/Release/net10.0
// Failed to set up high priority (Permission denied). In order to run benchmarks with high priority, make sure you have the right permissions.
// BeforeAnythingElse

// Benchmark Process Environment Information:
// BenchmarkDotNet v0.15.8
// Runtime=.NET 10.0.12 (10.0.12, 10.0.1226.42308), X64 RyuJIT x86-64-v4
// GC=Concurrent Workstation
// HardwareIntrinsics=AVX512 BITALG+VBMI2+VNNI+VPOPCNTDQ,AVX512 IFMA+VBMI,AVX512 F+BW+CD+DQ+VL,AVX2+BMI1+BMI2+F16C+FMA+LZCNT+MOVBE,AVX,SSE3+SSSE3+SSE4.1+SSE4.2+POPCNT,X86Base+SSE+SSE2,AES+PCLMUL,AvxVnni VectorSize=256
// Job: ShortRun(InvocationCount=1, IterationCount=3, LaunchCount=1, UnrollFactor=1, WarmupCount=3)

OverheadJitting  1: 1 op, 259799.00 ns, 259.7990 us/op
WorkloadJitting  1: 1 op, 237619805.00 ns, 237.6198 ms/op

OverheadWarmup   1: 1 op, 721.00 ns, 721.0000 ns/op
OverheadWarmup   2: 1 op, 511.00 ns, 511.0000 ns/op
OverheadWarmup   3: 1 op, 1092.00 ns, 1.0920 us/op
OverheadWarmup   4: 1 op, 531.00 ns, 531.0000 ns/op
OverheadWarmup   5: 1 op, 431.00 ns, 431.0000 ns/op
OverheadWarmup   6: 1 op, 681.00 ns, 681.0000 ns/op
OverheadWarmup   7: 1 op, 531.00 ns, 531.0000 ns/op

OverheadActual   1: 1 op, 521.00 ns, 521.0000 ns/op
OverheadActual   2: 1 op, 481.00 ns, 481.0000 ns/op
OverheadActual   3: 1 op, 531.00 ns, 531.0000 ns/op
OverheadActual   4: 1 op, 471.00 ns, 471.0000 ns/op
OverheadActual   5: 1 op, 541.00 ns, 541.0000 ns/op
OverheadActual   6: 1 op, 250.00 ns, 250.0000 ns/op
OverheadActual   7: 1 op, 261.00 ns, 261.0000 ns/op
OverheadActual   8: 1 op, 261.00 ns, 261.0000 ns/op
OverheadActual   9: 1 op, 291.00 ns, 291.0000 ns/op
OverheadActual  10: 1 op, 290.00 ns, 290.0000 ns/op
OverheadActual  11: 1 op, 491.00 ns, 491.0000 ns/op
OverheadActual  12: 1 op, 491.00 ns, 491.0000 ns/op
OverheadActual  13: 1 op, 511.00 ns, 511.0000 ns/op
OverheadActual  14: 1 op, 261.00 ns, 261.0000 ns/op
OverheadActual  15: 1 op, 541.00 ns, 541.0000 ns/op
OverheadActual  16: 1 op, 621.00 ns, 621.0000 ns/op
OverheadActual  17: 1 op, 441.00 ns, 441.0000 ns/op
OverheadActual  18: 1 op, 701.00 ns, 701.0000 ns/op
OverheadActual  19: 1 op, 271.00 ns, 271.0000 ns/op
OverheadActual  20: 1 op, 261.00 ns, 261.0000 ns/op

WorkloadWarmup   1: 1 op, 169191020.00 ns, 169.1910 ms/op
WorkloadWarmup   2: 1 op, 151731602.00 ns, 151.7316 ms/op
WorkloadWarmup   3: 1 op, 154857260.00 ns, 154.8573 ms/op

// BeforeActualRun
WorkloadActual   1: 1 op, 130925267.00 ns, 130.9253 ms/op
WorkloadActual   2: 1 op, 140350873.00 ns, 140.3509 ms/op
WorkloadActual   3: 1 op, 135148452.00 ns, 135.1485 ms/op

// AfterActualRun
WorkloadResult   1: 1 op, 130924791.00 ns, 130.9248 ms/op
WorkloadResult   2: 1 op, 140350397.00 ns, 140.3504 ms/op
WorkloadResult   3: 1 op, 135147976.00 ns, 135.1480 ms/op
// GC:  0 0 0 6231624 1
// Threading:  2009 326 1
// Exceptions:  2000

// AfterAll
// Benchmark Process 1602653 has exited with code 0.

Mean = 135.474 ms, StdErr = 2.726 ms (2.01%), N = 3, StdDev = 4.721 ms
Min = 130.925 ms, Q1 = 133.036 ms, Median = 135.148 ms, Q3 = 137.749 ms, Max = 140.350 ms
IQR = 4.713 ms, LowerFence = 125.967 ms, UpperFence = 144.818 ms
ConfidenceInterval = [49.341 ms; 221.608 ms] (CI 99.9%), Margin = 86.134 ms (63.58% of Mean)
Skewness = 0.07, Kurtosis = 0.67, MValue = 2

// ** Remained 25 (25.3%) benchmark(s) to run. Estimated finish 2026-09-22 17:01 (0h 0m from now) **
// **************************
// Benchmark: SessionSetupDecompositionBenchmarks.StageT5_NonThrowingParkTeardownAsync: ShortRun(InvocationCount=1, IterationCount=3, LaunchCount=1, UnrollFactor=1, WarmupCount=3) [Sessions=1000]
// *** Execute ***
// Launch: 1 / 1
// Execute: dotnet WinForward.Benchmarks-ShortRun-1.dll --anonymousPipes 123 125 --benchmarkName "WinForward.Benchmarks.Perf.SessionSetupDecompositionBenchmarks.StageT5_NonThrowingParkTeardownAsync(Sessions: 1000)" --job ShortRun --benchmarkId 74 in /home/paff/Projects/WinForward/benchmarks/WinForward.Benchmarks/bin/Release/net10.0/WinForward.Benchmarks-ShortRun-1/bin/Release/net10.0
// Failed to set up high priority (Permission denied). In order to run benchmarks with high priority, make sure you have the right permissions.
// BeforeAnythingElse

// Benchmark Process Environment Information:
// BenchmarkDotNet v0.15.8
// Runtime=.NET 10.0.12 (10.0.12, 10.0.1226.42308), X64 RyuJIT x86-64-v4
// GC=Concurrent Workstation
// HardwareIntrinsics=AVX512 BITALG+VBMI2+VNNI+VPOPCNTDQ,AVX512 IFMA+VBMI,AVX512 F+BW+CD+DQ+VL,AVX2+BMI1+BMI2+F16C+FMA+LZCNT+MOVBE,AVX,SSE3+SSSE3+SSE4.1+SSE4.2+POPCNT,X86Base+SSE+SSE2,AES+PCLMUL,AvxVnni VectorSize=256
// Job: ShortRun(InvocationCount=1, IterationCount=3, LaunchCount=1, UnrollFactor=1, WarmupCount=3)

OverheadJitting  1: 1 op, 265220.00 ns, 265.2200 us/op
WorkloadJitting  1: 1 op, 58493543.00 ns, 58.4935 ms/op

OverheadWarmup   1: 1 op, 491.00 ns, 491.0000 ns/op
OverheadWarmup   2: 1 op, 521.00 ns, 521.0000 ns/op
OverheadWarmup   3: 1 op, 390.00 ns, 390.0000 ns/op
OverheadWarmup   4: 1 op, 371.00 ns, 371.0000 ns/op
OverheadWarmup   5: 1 op, 361.00 ns, 361.0000 ns/op
OverheadWarmup   6: 1 op, 371.00 ns, 371.0000 ns/op
OverheadWarmup   7: 1 op, 480.00 ns, 480.0000 ns/op
OverheadWarmup   8: 1 op, 520.00 ns, 520.0000 ns/op
OverheadWarmup   9: 1 op, 471.00 ns, 471.0000 ns/op

OverheadActual   1: 1 op, 481.00 ns, 481.0000 ns/op
OverheadActual   2: 1 op, 471.00 ns, 471.0000 ns/op
OverheadActual   3: 1 op, 471.00 ns, 471.0000 ns/op
OverheadActual   4: 1 op, 501.00 ns, 501.0000 ns/op
OverheadActual   5: 1 op, 461.00 ns, 461.0000 ns/op
OverheadActual   6: 1 op, 301.00 ns, 301.0000 ns/op
OverheadActual   7: 1 op, 480.00 ns, 480.0000 ns/op
OverheadActual   8: 1 op, 451.00 ns, 451.0000 ns/op
OverheadActual   9: 1 op, 461.00 ns, 461.0000 ns/op
OverheadActual  10: 1 op, 370.00 ns, 370.0000 ns/op
OverheadActual  11: 1 op, 361.00 ns, 361.0000 ns/op
OverheadActual  12: 1 op, 471.00 ns, 471.0000 ns/op
OverheadActual  13: 1 op, 411.00 ns, 411.0000 ns/op
OverheadActual  14: 1 op, 411.00 ns, 411.0000 ns/op
OverheadActual  15: 1 op, 491.00 ns, 491.0000 ns/op
OverheadActual  16: 1 op, 411.00 ns, 411.0000 ns/op
OverheadActual  17: 1 op, 401.00 ns, 401.0000 ns/op
OverheadActual  18: 1 op, 511.00 ns, 511.0000 ns/op
OverheadActual  19: 1 op, 360.00 ns, 360.0000 ns/op
OverheadActual  20: 1 op, 400.00 ns, 400.0000 ns/op

WorkloadWarmup   1: 1 op, 10524501.00 ns, 10.5245 ms/op
WorkloadWarmup   2: 1 op, 7512647.00 ns, 7.5126 ms/op
WorkloadWarmup   3: 1 op, 7657869.00 ns, 7.6579 ms/op

// BeforeActualRun
WorkloadActual   1: 1 op, 9863394.00 ns, 9.8634 ms/op
WorkloadActual   2: 1 op, 7191832.00 ns, 7.1918 ms/op
WorkloadActual   3: 1 op, 6996562.00 ns, 6.9966 ms/op

// AfterActualRun
WorkloadResult   1: 1 op, 9862938.00 ns, 9.8629 ms/op
WorkloadResult   2: 1 op, 7191376.00 ns, 7.1914 ms/op
WorkloadResult   3: 1 op, 6996106.00 ns, 6.9961 ms/op
// GC:  0 0 0 3112792 1
// Threading:  1022 0 1

// AfterAll
// Benchmark Process 1603228 has exited with code 0.

Mean = 8.017 ms, StdErr = 0.925 ms (11.54%), N = 3, StdDev = 1.602 ms
Min = 6.996 ms, Q1 = 7.094 ms, Median = 7.191 ms, Q3 = 8.527 ms, Max = 9.863 ms
IQR = 1.433 ms, LowerFence = 4.944 ms, UpperFence = 10.677 ms
ConfidenceInterval = [-21.206 ms; 37.239 ms] (CI 99.9%), Margin = 29.222 ms (364.51% of Mean)
Skewness = 0.38, Kurtosis = 0.67, MValue = 2

// ** Remained 24 (24.2%) benchmark(s) to run. Estimated finish 2026-09-22 17:01 (0h 0m from now) **
// **************************
// Benchmark: SessionSetupDecompositionBenchmarks.BaselineF_FakeTransportCreationAsync: ShortRun(InvocationCount=1, IterationCount=3, LaunchCount=1, UnrollFactor=1, WarmupCount=3) [Sessions=1000]
// *** Execute ***
// Launch: 1 / 1
// Execute: dotnet WinForward.Benchmarks-ShortRun-1.dll --anonymousPipes 123 125 --benchmarkName "WinForward.Benchmarks.Perf.SessionSetupDecompositionBenchmarks.BaselineF_FakeTransportCreationAsync(Sessions: 1000)" --job ShortRun --benchmarkId 75 in /home/paff/Projects/WinForward/benchmarks/WinForward.Benchmarks/bin/Release/net10.0/WinForward.Benchmarks-ShortRun-1/bin/Release/net10.0
// Failed to set up high priority (Permission denied). In order to run benchmarks with high priority, make sure you have the right permissions.
// BeforeAnythingElse

// Benchmark Process Environment Information:
// BenchmarkDotNet v0.15.8
// Runtime=.NET 10.0.12 (10.0.12, 10.0.1226.42308), X64 RyuJIT x86-64-v4
// GC=Concurrent Workstation
// HardwareIntrinsics=AVX512 BITALG+VBMI2+VNNI+VPOPCNTDQ,AVX512 IFMA+VBMI,AVX512 F+BW+CD+DQ+VL,AVX2+BMI1+BMI2+F16C+FMA+LZCNT+MOVBE,AVX,SSE3+SSSE3+SSE4.1+SSE4.2+POPCNT,X86Base+SSE+SSE2,AES+PCLMUL,AvxVnni VectorSize=256
// Job: ShortRun(InvocationCount=1, IterationCount=3, LaunchCount=1, UnrollFactor=1, WarmupCount=3)

OverheadJitting  1: 1 op, 312997.00 ns, 312.9970 us/op
WorkloadJitting  1: 1 op, 5748669.00 ns, 5.7487 ms/op

OverheadWarmup   1: 1 op, 461.00 ns, 461.0000 ns/op
OverheadWarmup   2: 1 op, 261.00 ns, 261.0000 ns/op
OverheadWarmup   3: 1 op, 270.00 ns, 270.0000 ns/op
OverheadWarmup   4: 1 op, 451.00 ns, 451.0000 ns/op
OverheadWarmup   5: 1 op, 461.00 ns, 461.0000 ns/op
OverheadWarmup   6: 1 op, 281.00 ns, 281.0000 ns/op
OverheadWarmup   7: 1 op, 281.00 ns, 281.0000 ns/op
OverheadWarmup   8: 1 op, 261.00 ns, 261.0000 ns/op

OverheadActual   1: 1 op, 431.00 ns, 431.0000 ns/op
OverheadActual   2: 1 op, 451.00 ns, 451.0000 ns/op
OverheadActual   3: 1 op, 460.00 ns, 460.0000 ns/op
OverheadActual   4: 1 op, 461.00 ns, 461.0000 ns/op
OverheadActual   5: 1 op, 440.00 ns, 440.0000 ns/op
OverheadActual   6: 1 op, 280.00 ns, 280.0000 ns/op
OverheadActual   7: 1 op, 281.00 ns, 281.0000 ns/op
OverheadActual   8: 1 op, 290.00 ns, 290.0000 ns/op
OverheadActual   9: 1 op, 551.00 ns, 551.0000 ns/op
OverheadActual  10: 1 op, 451.00 ns, 451.0000 ns/op
OverheadActual  11: 1 op, 290.00 ns, 290.0000 ns/op
OverheadActual  12: 1 op, 541.00 ns, 541.0000 ns/op
OverheadActual  13: 1 op, 501.00 ns, 501.0000 ns/op
OverheadActual  14: 1 op, 431.00 ns, 431.0000 ns/op
OverheadActual  15: 1 op, 441.00 ns, 441.0000 ns/op
OverheadActual  16: 1 op, 831.00 ns, 831.0000 ns/op
OverheadActual  17: 1 op, 531.00 ns, 531.0000 ns/op
OverheadActual  18: 1 op, 451.00 ns, 451.0000 ns/op
OverheadActual  19: 1 op, 461.00 ns, 461.0000 ns/op
OverheadActual  20: 1 op, 461.00 ns, 461.0000 ns/op

WorkloadWarmup   1: 1 op, 232750.00 ns, 232.7500 us/op
WorkloadWarmup   2: 1 op, 134769.00 ns, 134.7690 us/op
WorkloadWarmup   3: 1 op, 174688.00 ns, 174.6880 us/op

// BeforeActualRun
WorkloadActual   1: 1 op, 304392.00 ns, 304.3920 us/op
WorkloadActual   2: 1 op, 120191.00 ns, 120.1910 us/op
WorkloadActual   3: 1 op, 170485.00 ns, 170.4850 us/op

// AfterActualRun
WorkloadResult   1: 1 op, 303941.00 ns, 303.9410 us/op
WorkloadResult   2: 1 op, 119740.00 ns, 119.7400 us/op
WorkloadResult   3: 1 op, 170034.00 ns, 170.0340 us/op
// GC:  0 0 0 104032 1
// Threading:  0 0 1

// AfterAll
// Benchmark Process 1603245 has exited with code 0.

Mean = 197.905 us, StdErr = 54.970 us (27.78%), N = 3, StdDev = 95.211 us
Min = 119.740 us, Q1 = 144.887 us, Median = 170.034 us, Q3 = 236.988 us, Max = 303.941 us
IQR = 92.100 us, LowerFence = 6.736 us, UpperFence = 375.138 us
ConfidenceInterval = [-1,539.094 us; 1,934.904 us] (CI 99.9%), Margin = 1,736.999 us (877.69% of Mean)
Skewness = 0.27, Kurtosis = 0.67, MValue = 2

// ** Remained 23 (23.2%) benchmark(s) to run. Estimated finish 2026-09-22 17:01 (0h 0m from now) **
// **************************
// Benchmark: SessionSetupDecompositionBenchmarks.BaselineH_FlowKeyConstruction: ShortRun(InvocationCount=1, IterationCount=3, LaunchCount=1, UnrollFactor=1, WarmupCount=3) [Sessions=1000]
// *** Execute ***
// Launch: 1 / 1
// Execute: dotnet WinForward.Benchmarks-ShortRun-1.dll --anonymousPipes 123 125 --benchmarkName "WinForward.Benchmarks.Perf.SessionSetupDecompositionBenchmarks.BaselineH_FlowKeyConstruction(Sessions: 1000)" --job ShortRun --benchmarkId 76 in /home/paff/Projects/WinForward/benchmarks/WinForward.Benchmarks/bin/Release/net10.0/WinForward.Benchmarks-ShortRun-1/bin/Release/net10.0
// Failed to set up high priority (Permission denied). In order to run benchmarks with high priority, make sure you have the right permissions.
// BeforeAnythingElse

// Benchmark Process Environment Information:
// BenchmarkDotNet v0.15.8
// Runtime=.NET 10.0.12 (10.0.12, 10.0.1226.42308), X64 RyuJIT x86-64-v4
// GC=Concurrent Workstation
// HardwareIntrinsics=AVX512 BITALG+VBMI2+VNNI+VPOPCNTDQ,AVX512 IFMA+VBMI,AVX512 F+BW+CD+DQ+VL,AVX2+BMI1+BMI2+F16C+FMA+LZCNT+MOVBE,AVX,SSE3+SSSE3+SSE4.1+SSE4.2+POPCNT,X86Base+SSE+SSE2,AES+PCLMUL,AvxVnni VectorSize=256
// Job: ShortRun(InvocationCount=1, IterationCount=3, LaunchCount=1, UnrollFactor=1, WarmupCount=3)

OverheadJitting  1: 1 op, 289444.00 ns, 289.4440 us/op
WorkloadJitting  1: 1 op, 9750796.00 ns, 9.7508 ms/op

OverheadWarmup   1: 1 op, 471.00 ns, 471.0000 ns/op
OverheadWarmup   2: 1 op, 431.00 ns, 431.0000 ns/op
OverheadWarmup   3: 1 op, 451.00 ns, 451.0000 ns/op
OverheadWarmup   4: 1 op, 261.00 ns, 261.0000 ns/op
OverheadWarmup   5: 1 op, 470.00 ns, 470.0000 ns/op
OverheadWarmup   6: 1 op, 261.00 ns, 261.0000 ns/op

OverheadActual   1: 1 op, 431.00 ns, 431.0000 ns/op
OverheadActual   2: 1 op, 441.00 ns, 441.0000 ns/op
OverheadActual   3: 1 op, 551.00 ns, 551.0000 ns/op
OverheadActual   4: 1 op, 461.00 ns, 461.0000 ns/op
OverheadActual   5: 1 op, 471.00 ns, 471.0000 ns/op
OverheadActual   6: 1 op, 251.00 ns, 251.0000 ns/op
OverheadActual   7: 1 op, 270.00 ns, 270.0000 ns/op
OverheadActual   8: 1 op, 260.00 ns, 260.0000 ns/op
OverheadActual   9: 1 op, 411.00 ns, 411.0000 ns/op
OverheadActual  10: 1 op, 431.00 ns, 431.0000 ns/op
OverheadActual  11: 1 op, 261.00 ns, 261.0000 ns/op
OverheadActual  12: 1 op, 431.00 ns, 431.0000 ns/op
OverheadActual  13: 1 op, 461.00 ns, 461.0000 ns/op
OverheadActual  14: 1 op, 270.00 ns, 270.0000 ns/op
OverheadActual  15: 1 op, 260.00 ns, 260.0000 ns/op
OverheadActual  16: 1 op, 441.00 ns, 441.0000 ns/op
OverheadActual  17: 1 op, 430.00 ns, 430.0000 ns/op
OverheadActual  18: 1 op, 271.00 ns, 271.0000 ns/op
OverheadActual  19: 1 op, 441.00 ns, 441.0000 ns/op
OverheadActual  20: 1 op, 971.00 ns, 971.0000 ns/op

WorkloadWarmup   1: 1 op, 1124446.00 ns, 1.1244 ms/op
WorkloadWarmup   2: 1 op, 667091.00 ns, 667.0910 us/op
WorkloadWarmup   3: 1 op, 726120.00 ns, 726.1200 us/op

// BeforeActualRun
WorkloadActual   1: 1 op, 704631.00 ns, 704.6310 us/op
WorkloadActual   2: 1 op, 660840.00 ns, 660.8400 us/op
WorkloadActual   3: 1 op, 695163.00 ns, 695.1630 us/op

// AfterActualRun
WorkloadResult   1: 1 op, 704200.00 ns, 704.2000 us/op
WorkloadResult   2: 1 op, 660409.00 ns, 660.4090 us/op
WorkloadResult   3: 1 op, 694732.00 ns, 694.7320 us/op
// GC:  0 0 0 356800 1
// Threading:  0 0 1

// AfterAll
// Benchmark Process 1603254 has exited with code 0.

Mean = 686.447 us, StdErr = 13.303 us (1.94%), N = 3, StdDev = 23.041 us
Min = 660.409 us, Q1 = 677.571 us, Median = 694.732 us, Q3 = 699.466 us, Max = 704.200 us
IQR = 21.895 us, LowerFence = 644.727 us, UpperFence = 732.309 us
ConfidenceInterval = [266.091 us; 1,106.803 us] (CI 99.9%), Margin = 420.356 us (61.24% of Mean)
Skewness = -0.31, Kurtosis = 0.67, MValue = 2

// ** Remained 22 (22.2%) benchmark(s) to run. Estimated finish 2026-09-22 17:01 (0h 0m from now) **
// **************************
// Benchmark: SessionSetupDecompositionBenchmarks.ComponentC1_AssociationClaimRelease: ShortRun(InvocationCount=1, IterationCount=3, LaunchCount=1, UnrollFactor=1, WarmupCount=3) [Sessions=1000]
// *** Execute ***
// Launch: 1 / 1
// Execute: dotnet WinForward.Benchmarks-ShortRun-1.dll --anonymousPipes 123 125 --benchmarkName "WinForward.Benchmarks.Perf.SessionSetupDecompositionBenchmarks.ComponentC1_AssociationClaimRelease(Sessions: 1000)" --job ShortRun --benchmarkId 77 in /home/paff/Projects/WinForward/benchmarks/WinForward.Benchmarks/bin/Release/net10.0/WinForward.Benchmarks-ShortRun-1/bin/Release/net10.0
// Failed to set up high priority (Permission denied). In order to run benchmarks with high priority, make sure you have the right permissions.
// BeforeAnythingElse

// Benchmark Process Environment Information:
// BenchmarkDotNet v0.15.8
// Runtime=.NET 10.0.12 (10.0.12, 10.0.1226.42308), X64 RyuJIT x86-64-v4
// GC=Concurrent Workstation
// HardwareIntrinsics=AVX512 BITALG+VBMI2+VNNI+VPOPCNTDQ,AVX512 IFMA+VBMI,AVX512 F+BW+CD+DQ+VL,AVX2+BMI1+BMI2+F16C+FMA+LZCNT+MOVBE,AVX,SSE3+SSSE3+SSE4.1+SSE4.2+POPCNT,X86Base+SSE+SSE2,AES+PCLMUL,AvxVnni VectorSize=256
// Job: ShortRun(InvocationCount=1, IterationCount=3, LaunchCount=1, UnrollFactor=1, WarmupCount=3)

OverheadJitting  1: 1 op, 437297.00 ns, 437.2970 us/op
WorkloadJitting  1: 1 op, 21242363.00 ns, 21.2424 ms/op

OverheadWarmup   1: 1 op, 471.00 ns, 471.0000 ns/op
OverheadWarmup   2: 1 op, 271.00 ns, 271.0000 ns/op
OverheadWarmup   3: 1 op, 271.00 ns, 271.0000 ns/op
OverheadWarmup   4: 1 op, 270.00 ns, 270.0000 ns/op
OverheadWarmup   5: 1 op, 270.00 ns, 270.0000 ns/op
OverheadWarmup   6: 1 op, 270.00 ns, 270.0000 ns/op

OverheadActual   1: 1 op, 491.00 ns, 491.0000 ns/op
OverheadActual   2: 1 op, 420.00 ns, 420.0000 ns/op
OverheadActual   3: 1 op, 431.00 ns, 431.0000 ns/op
OverheadActual   4: 1 op, 531.00 ns, 531.0000 ns/op
OverheadActual   5: 1 op, 511.00 ns, 511.0000 ns/op
OverheadActual   6: 1 op, 261.00 ns, 261.0000 ns/op
OverheadActual   7: 1 op, 491.00 ns, 491.0000 ns/op
OverheadActual   8: 1 op, 391.00 ns, 391.0000 ns/op
OverheadActual   9: 1 op, 521.00 ns, 521.0000 ns/op
OverheadActual  10: 1 op, 280.00 ns, 280.0000 ns/op
OverheadActual  11: 1 op, 260.00 ns, 260.0000 ns/op
OverheadActual  12: 1 op, 260.00 ns, 260.0000 ns/op
OverheadActual  13: 1 op, 611.00 ns, 611.0000 ns/op
OverheadActual  14: 1 op, 521.00 ns, 521.0000 ns/op
OverheadActual  15: 1 op, 481.00 ns, 481.0000 ns/op
OverheadActual  16: 1 op, 351.00 ns, 351.0000 ns/op
OverheadActual  17: 1 op, 491.00 ns, 491.0000 ns/op
OverheadActual  18: 1 op, 471.00 ns, 471.0000 ns/op
OverheadActual  19: 1 op, 461.00 ns, 461.0000 ns/op
OverheadActual  20: 1 op, 521.00 ns, 521.0000 ns/op

WorkloadWarmup   1: 1 op, 4212787.00 ns, 4.2128 ms/op
WorkloadWarmup   2: 1 op, 3191390.00 ns, 3.1914 ms/op
WorkloadWarmup   3: 1 op, 3238066.00 ns, 3.2381 ms/op

// BeforeActualRun
WorkloadActual   1: 1 op, 3676335.00 ns, 3.6763 ms/op
WorkloadActual   2: 1 op, 3155854.00 ns, 3.1559 ms/op
WorkloadActual   3: 1 op, 3116020.00 ns, 3.1160 ms/op

// AfterActualRun
WorkloadResult   1: 1 op, 3675859.00 ns, 3.6759 ms/op
WorkloadResult   2: 1 op, 3155378.00 ns, 3.1554 ms/op
WorkloadResult   3: 1 op, 3115544.00 ns, 3.1155 ms/op
// GC:  0 0 0 836016 1
// Threading:  0 0 1

// AfterAll
// Benchmark Process 1603263 has exited with code 0.

Mean = 3.316 ms, StdErr = 0.180 ms (5.44%), N = 3, StdDev = 0.313 ms
Min = 3.116 ms, Q1 = 3.135 ms, Median = 3.155 ms, Q3 = 3.416 ms, Max = 3.676 ms
IQR = 0.280 ms, LowerFence = 2.715 ms, UpperFence = 3.836 ms
ConfidenceInterval = [-2.388 ms; 9.019 ms] (CI 99.9%), Margin = 5.704 ms (172.02% of Mean)
Skewness = 0.38, Kurtosis = 0.67, MValue = 2

// ** Remained 21 (21.2%) benchmark(s) to run. Estimated finish 2026-09-22 17:01 (0h 0m from now) **
// **************************
// Benchmark: SessionSetupDecompositionBenchmarks.ComponentC2_SessionConstructStartAsync: ShortRun(InvocationCount=1, IterationCount=3, LaunchCount=1, UnrollFactor=1, WarmupCount=3) [Sessions=1000]
// *** Execute ***
// Launch: 1 / 1
// Execute: dotnet WinForward.Benchmarks-ShortRun-1.dll --anonymousPipes 123 125 --benchmarkName "WinForward.Benchmarks.Perf.SessionSetupDecompositionBenchmarks.ComponentC2_SessionConstructStartAsync(Sessions: 1000)" --job ShortRun --benchmarkId 78 in /home/paff/Projects/WinForward/benchmarks/WinForward.Benchmarks/bin/Release/net10.0/WinForward.Benchmarks-ShortRun-1/bin/Release/net10.0
// Failed to set up high priority (Permission denied). In order to run benchmarks with high priority, make sure you have the right permissions.
// BeforeAnythingElse

// Benchmark Process Environment Information:
// BenchmarkDotNet v0.15.8
// Runtime=.NET 10.0.12 (10.0.12, 10.0.1226.42308), X64 RyuJIT x86-64-v4
// GC=Concurrent Workstation
// HardwareIntrinsics=AVX512 BITALG+VBMI2+VNNI+VPOPCNTDQ,AVX512 IFMA+VBMI,AVX512 F+BW+CD+DQ+VL,AVX2+BMI1+BMI2+F16C+FMA+LZCNT+MOVBE,AVX,SSE3+SSSE3+SSE4.1+SSE4.2+POPCNT,X86Base+SSE+SSE2,AES+PCLMUL,AvxVnni VectorSize=256
// Job: ShortRun(InvocationCount=1, IterationCount=3, LaunchCount=1, UnrollFactor=1, WarmupCount=3)

OverheadJitting  1: 1 op, 388266.00 ns, 388.2660 us/op
WorkloadJitting  1: 1 op, 36450639.00 ns, 36.4506 ms/op

OverheadWarmup   1: 1 op, 551.00 ns, 551.0000 ns/op
OverheadWarmup   2: 1 op, 450.00 ns, 450.0000 ns/op
OverheadWarmup   3: 1 op, 280.00 ns, 280.0000 ns/op
OverheadWarmup   4: 1 op, 260.00 ns, 260.0000 ns/op
OverheadWarmup   5: 1 op, 320.00 ns, 320.0000 ns/op
OverheadWarmup   6: 1 op, 280.00 ns, 280.0000 ns/op
OverheadWarmup   7: 1 op, 251.00 ns, 251.0000 ns/op
OverheadWarmup   8: 1 op, 270.00 ns, 270.0000 ns/op
OverheadWarmup   9: 1 op, 261.00 ns, 261.0000 ns/op

OverheadActual   1: 1 op, 471.00 ns, 471.0000 ns/op
OverheadActual   2: 1 op, 461.00 ns, 461.0000 ns/op
OverheadActual   3: 1 op, 441.00 ns, 441.0000 ns/op
OverheadActual   4: 1 op, 481.00 ns, 481.0000 ns/op
OverheadActual   5: 1 op, 471.00 ns, 471.0000 ns/op
OverheadActual   6: 1 op, 270.00 ns, 270.0000 ns/op
OverheadActual   7: 1 op, 261.00 ns, 261.0000 ns/op
OverheadActual   8: 1 op, 591.00 ns, 591.0000 ns/op
OverheadActual   9: 1 op, 280.00 ns, 280.0000 ns/op
OverheadActual  10: 1 op, 271.00 ns, 271.0000 ns/op
OverheadActual  11: 1 op, 260.00 ns, 260.0000 ns/op
OverheadActual  12: 1 op, 260.00 ns, 260.0000 ns/op
OverheadActual  13: 1 op, 521.00 ns, 521.0000 ns/op
OverheadActual  14: 1 op, 251.00 ns, 251.0000 ns/op
OverheadActual  15: 1 op, 461.00 ns, 461.0000 ns/op
OverheadActual  16: 1 op, 300.00 ns, 300.0000 ns/op
OverheadActual  17: 1 op, 271.00 ns, 271.0000 ns/op
OverheadActual  18: 1 op, 291.00 ns, 291.0000 ns/op
OverheadActual  19: 1 op, 271.00 ns, 271.0000 ns/op
OverheadActual  20: 1 op, 260.00 ns, 260.0000 ns/op

WorkloadWarmup   1: 1 op, 5052875.00 ns, 5.0529 ms/op
WorkloadWarmup   2: 1 op, 3458112.00 ns, 3.4581 ms/op
WorkloadWarmup   3: 1 op, 3266679.00 ns, 3.2667 ms/op

// BeforeActualRun
WorkloadActual   1: 1 op, 4995790.00 ns, 4.9958 ms/op
WorkloadActual   2: 1 op, 3353138.00 ns, 3.3531 ms/op
WorkloadActual   3: 1 op, 3149483.00 ns, 3.1495 ms/op

// AfterActualRun
WorkloadResult   1: 1 op, 4995504.50 ns, 4.9955 ms/op
WorkloadResult   2: 1 op, 3352852.50 ns, 3.3529 ms/op
WorkloadResult   3: 1 op, 3149197.50 ns, 3.1492 ms/op
// GC:  0 0 0 2349864 1
// Threading:  0 0 1

// AfterAll
// Benchmark Process 1603272 has exited with code 0.

Mean = 3.833 ms, StdErr = 0.584 ms (15.25%), N = 3, StdDev = 1.012 ms
Min = 3.149 ms, Q1 = 3.251 ms, Median = 3.353 ms, Q3 = 4.174 ms, Max = 4.996 ms
IQR = 0.923 ms, LowerFence = 1.866 ms, UpperFence = 5.559 ms
ConfidenceInterval = [-14.636 ms; 22.301 ms] (CI 99.9%), Margin = 18.468 ms (481.88% of Mean)
Skewness = 0.37, Kurtosis = 0.67, MValue = 2

// ** Remained 20 (20.2%) benchmark(s) to run. Estimated finish 2026-09-22 17:01 (0h 0m from now) **
// **************************
// Benchmark: SessionSetupDecompositionBenchmarks.ComponentC2a1_ContextRecordStaticLambda: ShortRun(InvocationCount=1, IterationCount=3, LaunchCount=1, UnrollFactor=1, WarmupCount=3) [Sessions=1000]
// *** Execute ***
// Launch: 1 / 1
// Execute: dotnet WinForward.Benchmarks-ShortRun-1.dll --anonymousPipes 123 125 --benchmarkName "WinForward.Benchmarks.Perf.SessionSetupDecompositionBenchmarks.ComponentC2a1_ContextRecordStaticLambda(Sessions: 1000)" --job ShortRun --benchmarkId 79 in /home/paff/Projects/WinForward/benchmarks/WinForward.Benchmarks/bin/Release/net10.0/WinForward.Benchmarks-ShortRun-1/bin/Release/net10.0
// Failed to set up high priority (Permission denied). In order to run benchmarks with high priority, make sure you have the right permissions.
// BeforeAnythingElse

// Benchmark Process Environment Information:
// BenchmarkDotNet v0.15.8
// Runtime=.NET 10.0.12 (10.0.12, 10.0.1226.42308), X64 RyuJIT x86-64-v4
// GC=Concurrent Workstation
// HardwareIntrinsics=AVX512 BITALG+VBMI2+VNNI+VPOPCNTDQ,AVX512 IFMA+VBMI,AVX512 F+BW+CD+DQ+VL,AVX2+BMI1+BMI2+F16C+FMA+LZCNT+MOVBE,AVX,SSE3+SSSE3+SSE4.1+SSE4.2+POPCNT,X86Base+SSE+SSE2,AES+PCLMUL,AvxVnni VectorSize=256
// Job: ShortRun(InvocationCount=1, IterationCount=3, LaunchCount=1, UnrollFactor=1, WarmupCount=3)

OverheadJitting  1: 1 op, 282521.00 ns, 282.5210 us/op
WorkloadJitting  1: 1 op, 16650478.00 ns, 16.6505 ms/op

OverheadWarmup   1: 1 op, 471.00 ns, 471.0000 ns/op
OverheadWarmup   2: 1 op, 461.00 ns, 461.0000 ns/op
OverheadWarmup   3: 1 op, 250.00 ns, 250.0000 ns/op
OverheadWarmup   4: 1 op, 261.00 ns, 261.0000 ns/op
OverheadWarmup   5: 1 op, 441.00 ns, 441.0000 ns/op
OverheadWarmup   6: 1 op, 521.00 ns, 521.0000 ns/op
OverheadWarmup   7: 1 op, 261.00 ns, 261.0000 ns/op
OverheadWarmup   8: 1 op, 260.00 ns, 260.0000 ns/op
OverheadWarmup   9: 1 op, 261.00 ns, 261.0000 ns/op
OverheadWarmup  10: 1 op, 260.00 ns, 260.0000 ns/op

OverheadActual   1: 1 op, 461.00 ns, 461.0000 ns/op
OverheadActual   2: 1 op, 451.00 ns, 451.0000 ns/op
OverheadActual   3: 1 op, 491.00 ns, 491.0000 ns/op
OverheadActual   4: 1 op, 431.00 ns, 431.0000 ns/op
OverheadActual   5: 1 op, 421.00 ns, 421.0000 ns/op
OverheadActual   6: 1 op, 561.00 ns, 561.0000 ns/op
OverheadActual   7: 1 op, 260.00 ns, 260.0000 ns/op
OverheadActual   8: 1 op, 270.00 ns, 270.0000 ns/op
OverheadActual   9: 1 op, 271.00 ns, 271.0000 ns/op
OverheadActual  10: 1 op, 261.00 ns, 261.0000 ns/op
OverheadActual  11: 1 op, 461.00 ns, 461.0000 ns/op
OverheadActual  12: 1 op, 511.00 ns, 511.0000 ns/op
OverheadActual  13: 1 op, 481.00 ns, 481.0000 ns/op
OverheadActual  14: 1 op, 260.00 ns, 260.0000 ns/op
OverheadActual  15: 1 op, 270.00 ns, 270.0000 ns/op
OverheadActual  16: 1 op, 271.00 ns, 271.0000 ns/op
OverheadActual  17: 1 op, 260.00 ns, 260.0000 ns/op
OverheadActual  18: 1 op, 270.00 ns, 270.0000 ns/op
OverheadActual  19: 1 op, 260.00 ns, 260.0000 ns/op
OverheadActual  20: 1 op, 260.00 ns, 260.0000 ns/op

WorkloadWarmup   1: 1 op, 141962.00 ns, 141.9620 us/op
WorkloadWarmup   2: 1 op, 99123.00 ns, 99.1230 us/op
WorkloadWarmup   3: 1 op, 196162.00 ns, 196.1620 us/op

// BeforeActualRun
WorkloadActual   1: 1 op, 97380.00 ns, 97.3800 us/op
WorkloadActual   2: 1 op, 96938.00 ns, 96.9380 us/op
WorkloadActual   3: 1 op, 95616.00 ns, 95.6160 us/op

// AfterActualRun
WorkloadResult   1: 1 op, 97109.00 ns, 97.1090 us/op
WorkloadResult   2: 1 op, 96667.00 ns, 96.6670 us/op
WorkloadResult   3: 1 op, 95345.00 ns, 95.3450 us/op
// GC:  0 0 0 3808 1
// Threading:  0 0 1

// AfterAll
// Benchmark Process 1603292 has exited with code 0.

Mean = 96.374 us, StdErr = 0.530 us (0.55%), N = 3, StdDev = 0.918 us
Min = 95.345 us, Q1 = 96.006 us, Median = 96.667 us, Q3 = 96.888 us, Max = 97.109 us
IQR = 0.882 us, LowerFence = 94.683 us, UpperFence = 98.211 us
ConfidenceInterval = [79.629 us; 113.119 us] (CI 99.9%), Margin = 16.745 us (17.38% of Mean)
Skewness = -0.29, Kurtosis = 0.67, MValue = 2

// ** Remained 19 (19.2%) benchmark(s) to run. Estimated finish 2026-09-22 17:01 (0h 0m from now) **
// **************************
// Benchmark: SessionSetupDecompositionBenchmarks.ComponentC2a2_ContextRecordMethodGroup: ShortRun(InvocationCount=1, IterationCount=3, LaunchCount=1, UnrollFactor=1, WarmupCount=3) [Sessions=1000]
// *** Execute ***
// Launch: 1 / 1
// Execute: dotnet WinForward.Benchmarks-ShortRun-1.dll --anonymousPipes 123 125 --benchmarkName "WinForward.Benchmarks.Perf.SessionSetupDecompositionBenchmarks.ComponentC2a2_ContextRecordMethodGroup(Sessions: 1000)" --job ShortRun --benchmarkId 80 in /home/paff/Projects/WinForward/benchmarks/WinForward.Benchmarks/bin/Release/net10.0/WinForward.Benchmarks-ShortRun-1/bin/Release/net10.0
// Failed to set up high priority (Permission denied). In order to run benchmarks with high priority, make sure you have the right permissions.
// BeforeAnythingElse

// Benchmark Process Environment Information:
// BenchmarkDotNet v0.15.8
// Runtime=.NET 10.0.12 (10.0.12, 10.0.1226.42308), X64 RyuJIT x86-64-v4
// GC=Concurrent Workstation
// HardwareIntrinsics=AVX512 BITALG+VBMI2+VNNI+VPOPCNTDQ,AVX512 IFMA+VBMI,AVX512 F+BW+CD+DQ+VL,AVX2+BMI1+BMI2+F16C+FMA+LZCNT+MOVBE,AVX,SSE3+SSSE3+SSE4.1+SSE4.2+POPCNT,X86Base+SSE+SSE2,AES+PCLMUL,AvxVnni VectorSize=256
// Job: ShortRun(InvocationCount=1, IterationCount=3, LaunchCount=1, UnrollFactor=1, WarmupCount=3)

OverheadJitting  1: 1 op, 284596.00 ns, 284.5960 us/op
WorkloadJitting  1: 1 op, 16835059.00 ns, 16.8351 ms/op

OverheadWarmup   1: 1 op, 430.00 ns, 430.0000 ns/op
OverheadWarmup   2: 1 op, 270.00 ns, 270.0000 ns/op
OverheadWarmup   3: 1 op, 280.00 ns, 280.0000 ns/op
OverheadWarmup   4: 1 op, 290.00 ns, 290.0000 ns/op
OverheadWarmup   5: 1 op, 391.00 ns, 391.0000 ns/op
OverheadWarmup   6: 1 op, 601.00 ns, 601.0000 ns/op
OverheadWarmup   7: 1 op, 461.00 ns, 461.0000 ns/op
OverheadWarmup   8: 1 op, 481.00 ns, 481.0000 ns/op
OverheadWarmup   9: 1 op, 311.00 ns, 311.0000 ns/op

OverheadActual   1: 1 op, 431.00 ns, 431.0000 ns/op
OverheadActual   2: 1 op, 551.00 ns, 551.0000 ns/op
OverheadActual   3: 1 op, 421.00 ns, 421.0000 ns/op
OverheadActual   4: 1 op, 441.00 ns, 441.0000 ns/op
OverheadActual   5: 1 op, 1243.00 ns, 1.2430 us/op
OverheadActual   6: 1 op, 461.00 ns, 461.0000 ns/op
OverheadActual   7: 1 op, 511.00 ns, 511.0000 ns/op
OverheadActual   8: 1 op, 421.00 ns, 421.0000 ns/op
OverheadActual   9: 1 op, 371.00 ns, 371.0000 ns/op
OverheadActual  10: 1 op, 300.00 ns, 300.0000 ns/op
OverheadActual  11: 1 op, 441.00 ns, 441.0000 ns/op
OverheadActual  12: 1 op, 481.00 ns, 481.0000 ns/op
OverheadActual  13: 1 op, 371.00 ns, 371.0000 ns/op
OverheadActual  14: 1 op, 1052.00 ns, 1.0520 us/op
OverheadActual  15: 1 op, 471.00 ns, 471.0000 ns/op
OverheadActual  16: 1 op, 491.00 ns, 491.0000 ns/op
OverheadActual  17: 1 op, 311.00 ns, 311.0000 ns/op
OverheadActual  18: 1 op, 340.00 ns, 340.0000 ns/op
OverheadActual  19: 1 op, 291.00 ns, 291.0000 ns/op
OverheadActual  20: 1 op, 451.00 ns, 451.0000 ns/op

WorkloadWarmup   1: 1 op, 203415.00 ns, 203.4150 us/op
WorkloadWarmup   2: 1 op, 170314.00 ns, 170.3140 us/op
WorkloadWarmup   3: 1 op, 158392.00 ns, 158.3920 us/op

// BeforeActualRun
WorkloadActual   1: 1 op, 168952.00 ns, 168.9520 us/op
WorkloadActual   2: 1 op, 105405.00 ns, 105.4050 us/op
WorkloadActual   3: 1 op, 127125.00 ns, 127.1250 us/op

// AfterActualRun
WorkloadResult   1: 1 op, 168511.00 ns, 168.5110 us/op
WorkloadResult   2: 1 op, 104964.00 ns, 104.9640 us/op
WorkloadResult   3: 1 op, 126684.00 ns, 126.6840 us/op
// GC:  0 0 0 67832 1
// Threading:  0 0 1

// AfterAll
// Benchmark Process 1603301 has exited with code 0.

Mean = 133.386 us, StdErr = 18.648 us (13.98%), N = 3, StdDev = 32.299 us
Min = 104.964 us, Q1 = 115.824 us, Median = 126.684 us, Q3 = 147.597 us, Max = 168.511 us
IQR = 31.773 us, LowerFence = 68.164 us, UpperFence = 195.258 us
ConfidenceInterval = [-455.874 us; 722.646 us] (CI 99.9%), Margin = 589.260 us (441.77% of Mean)
Skewness = 0.2, Kurtosis = 0.67, MValue = 2

// ** Remained 18 (18.2%) benchmark(s) to run. Estimated finish 2026-09-22 17:01 (0h 0m from now) **
// **************************
// Benchmark: SessionSetupDecompositionBenchmarks.ComponentC2b_SessionConstructOnly: ShortRun(InvocationCount=1, IterationCount=3, LaunchCount=1, UnrollFactor=1, WarmupCount=3) [Sessions=1000]
// *** Execute ***
// Launch: 1 / 1
// Execute: dotnet WinForward.Benchmarks-ShortRun-1.dll --anonymousPipes 123 125 --benchmarkName "WinForward.Benchmarks.Perf.SessionSetupDecompositionBenchmarks.ComponentC2b_SessionConstructOnly(Sessions: 1000)" --job ShortRun --benchmarkId 81 in /home/paff/Projects/WinForward/benchmarks/WinForward.Benchmarks/bin/Release/net10.0/WinForward.Benchmarks-ShortRun-1/bin/Release/net10.0
// Failed to set up high priority (Permission denied). In order to run benchmarks with high priority, make sure you have the right permissions.
// BeforeAnythingElse

// Benchmark Process Environment Information:
// BenchmarkDotNet v0.15.8
// Runtime=.NET 10.0.12 (10.0.12, 10.0.1226.42308), X64 RyuJIT x86-64-v4
// GC=Concurrent Workstation
// HardwareIntrinsics=AVX512 BITALG+VBMI2+VNNI+VPOPCNTDQ,AVX512 IFMA+VBMI,AVX512 F+BW+CD+DQ+VL,AVX2+BMI1+BMI2+F16C+FMA+LZCNT+MOVBE,AVX,SSE3+SSSE3+SSE4.1+SSE4.2+POPCNT,X86Base+SSE+SSE2,AES+PCLMUL,AvxVnni VectorSize=256
// Job: ShortRun(InvocationCount=1, IterationCount=3, LaunchCount=1, UnrollFactor=1, WarmupCount=3)

OverheadJitting  1: 1 op, 263316.00 ns, 263.3160 us/op
WorkloadJitting  1: 1 op, 22923604.00 ns, 22.9236 ms/op

OverheadWarmup   1: 1 op, 1172.00 ns, 1.1720 us/op
OverheadWarmup   2: 1 op, 1153.00 ns, 1.1530 us/op
OverheadWarmup   3: 1 op, 371.00 ns, 371.0000 ns/op
OverheadWarmup   4: 1 op, 450.00 ns, 450.0000 ns/op
OverheadWarmup   5: 1 op, 290.00 ns, 290.0000 ns/op
OverheadWarmup   6: 1 op, 291.00 ns, 291.0000 ns/op
OverheadWarmup   7: 1 op, 290.00 ns, 290.0000 ns/op

OverheadActual   1: 1 op, 451.00 ns, 451.0000 ns/op
OverheadActual   2: 1 op, 421.00 ns, 421.0000 ns/op
OverheadActual   3: 1 op, 411.00 ns, 411.0000 ns/op
OverheadActual   4: 1 op, 471.00 ns, 471.0000 ns/op
OverheadActual   5: 1 op, 461.00 ns, 461.0000 ns/op
OverheadActual   6: 1 op, 301.00 ns, 301.0000 ns/op
OverheadActual   7: 1 op, 281.00 ns, 281.0000 ns/op
OverheadActual   8: 1 op, 290.00 ns, 290.0000 ns/op
OverheadActual   9: 1 op, 521.00 ns, 521.0000 ns/op
OverheadActual  10: 1 op, 471.00 ns, 471.0000 ns/op
OverheadActual  11: 1 op, 461.00 ns, 461.0000 ns/op
OverheadActual  12: 1 op, 280.00 ns, 280.0000 ns/op
OverheadActual  13: 1 op, 281.00 ns, 281.0000 ns/op
OverheadActual  14: 1 op, 261.00 ns, 261.0000 ns/op
OverheadActual  15: 1 op, 280.00 ns, 280.0000 ns/op
OverheadActual  16: 1 op, 280.00 ns, 280.0000 ns/op
OverheadActual  17: 1 op, 291.00 ns, 291.0000 ns/op
OverheadActual  18: 1 op, 271.00 ns, 271.0000 ns/op
OverheadActual  19: 1 op, 281.00 ns, 281.0000 ns/op
OverheadActual  20: 1 op, 270.00 ns, 270.0000 ns/op

WorkloadWarmup   1: 1 op, 3588252.00 ns, 3.5883 ms/op
WorkloadWarmup   2: 1 op, 2334268.00 ns, 2.3343 ms/op
WorkloadWarmup   3: 1 op, 2412372.00 ns, 2.4124 ms/op

// BeforeActualRun
WorkloadActual   1: 1 op, 3018611.00 ns, 3.0186 ms/op
WorkloadActual   2: 1 op, 2180995.00 ns, 2.1810 ms/op
WorkloadActual   3: 1 op, 2287602.00 ns, 2.2876 ms/op

// AfterActualRun
WorkloadResult   1: 1 op, 3018320.50 ns, 3.0183 ms/op
WorkloadResult   2: 1 op, 2180704.50 ns, 2.1807 ms/op
WorkloadResult   3: 1 op, 2287311.50 ns, 2.2873 ms/op
// GC:  0 0 0 1533728 1
// Threading:  0 0 1

// AfterAll
// Benchmark Process 1603310 has exited with code 0.

Mean = 2.495 ms, StdErr = 0.263 ms (10.55%), N = 3, StdDev = 0.456 ms
Min = 2.181 ms, Q1 = 2.234 ms, Median = 2.287 ms, Q3 = 2.653 ms, Max = 3.018 ms
IQR = 0.419 ms, LowerFence = 1.606 ms, UpperFence = 3.281 ms
ConfidenceInterval = [-5.823 ms; 10.814 ms] (CI 99.9%), Margin = 8.318 ms (333.34% of Mean)
Skewness = 0.36, Kurtosis = 0.67, MValue = 2

// ** Remained 17 (17.2%) benchmark(s) to run. Estimated finish 2026-09-22 17:01 (0h 0m from now) **
// **************************
// Benchmark: SessionSetupDecompositionBenchmarks.ComponentC2c1_ScopeConstructLinked: ShortRun(InvocationCount=1, IterationCount=3, LaunchCount=1, UnrollFactor=1, WarmupCount=3) [Sessions=1000]
// *** Execute ***
// Launch: 1 / 1
// Execute: dotnet WinForward.Benchmarks-ShortRun-1.dll --anonymousPipes 123 125 --benchmarkName "WinForward.Benchmarks.Perf.SessionSetupDecompositionBenchmarks.ComponentC2c1_ScopeConstructLinked(Sessions: 1000)" --job ShortRun --benchmarkId 82 in /home/paff/Projects/WinForward/benchmarks/WinForward.Benchmarks/bin/Release/net10.0/WinForward.Benchmarks-ShortRun-1/bin/Release/net10.0
// Failed to set up high priority (Permission denied). In order to run benchmarks with high priority, make sure you have the right permissions.
// BeforeAnythingElse

// Benchmark Process Environment Information:
// BenchmarkDotNet v0.15.8
// Runtime=.NET 10.0.12 (10.0.12, 10.0.1226.42308), X64 RyuJIT x86-64-v4
// GC=Concurrent Workstation
// HardwareIntrinsics=AVX512 BITALG+VBMI2+VNNI+VPOPCNTDQ,AVX512 IFMA+VBMI,AVX512 F+BW+CD+DQ+VL,AVX2+BMI1+BMI2+F16C+FMA+LZCNT+MOVBE,AVX,SSE3+SSSE3+SSE4.1+SSE4.2+POPCNT,X86Base+SSE+SSE2,AES+PCLMUL,AvxVnni VectorSize=256
// Job: ShortRun(InvocationCount=1, IterationCount=3, LaunchCount=1, UnrollFactor=1, WarmupCount=3)

OverheadJitting  1: 1 op, 305533.00 ns, 305.5330 us/op
WorkloadJitting  1: 1 op, 1652629.00 ns, 1.6526 ms/op

OverheadWarmup   1: 1 op, 792.00 ns, 792.0000 ns/op
OverheadWarmup   2: 1 op, 581.00 ns, 581.0000 ns/op
OverheadWarmup   3: 1 op, 271.00 ns, 271.0000 ns/op
OverheadWarmup   4: 1 op, 501.00 ns, 501.0000 ns/op
OverheadWarmup   5: 1 op, 711.00 ns, 711.0000 ns/op
OverheadWarmup   6: 1 op, 671.00 ns, 671.0000 ns/op
OverheadWarmup   7: 1 op, 631.00 ns, 631.0000 ns/op
OverheadWarmup   8: 1 op, 1373.00 ns, 1.3730 us/op
OverheadWarmup   9: 1 op, 621.00 ns, 621.0000 ns/op

OverheadActual   1: 1 op, 501.00 ns, 501.0000 ns/op
OverheadActual   2: 1 op, 571.00 ns, 571.0000 ns/op
OverheadActual   3: 1 op, 692.00 ns, 692.0000 ns/op
OverheadActual   4: 1 op, 431.00 ns, 431.0000 ns/op
OverheadActual   5: 1 op, 461.00 ns, 461.0000 ns/op
OverheadActual   6: 1 op, 541.00 ns, 541.0000 ns/op
OverheadActual   7: 1 op, 531.00 ns, 531.0000 ns/op
OverheadActual   8: 1 op, 481.00 ns, 481.0000 ns/op
OverheadActual   9: 1 op, 271.00 ns, 271.0000 ns/op
OverheadActual  10: 1 op, 260.00 ns, 260.0000 ns/op
OverheadActual  11: 1 op, 390.00 ns, 390.0000 ns/op
OverheadActual  12: 1 op, 551.00 ns, 551.0000 ns/op
OverheadActual  13: 1 op, 481.00 ns, 481.0000 ns/op
OverheadActual  14: 1 op, 431.00 ns, 431.0000 ns/op
OverheadActual  15: 1 op, 381.00 ns, 381.0000 ns/op
OverheadActual  16: 1 op, 371.00 ns, 371.0000 ns/op
OverheadActual  17: 1 op, 261.00 ns, 261.0000 ns/op
OverheadActual  18: 1 op, 380.00 ns, 380.0000 ns/op
OverheadActual  19: 1 op, 290.00 ns, 290.0000 ns/op
OverheadActual  20: 1 op, 480.00 ns, 480.0000 ns/op

WorkloadWarmup   1: 1 op, 336982.00 ns, 336.9820 us/op
WorkloadWarmup   2: 1 op, 191874.00 ns, 191.8740 us/op
WorkloadWarmup   3: 1 op, 69228.00 ns, 69.2280 us/op

// BeforeActualRun
WorkloadActual   1: 1 op, 72093.00 ns, 72.0930 us/op
WorkloadActual   2: 1 op, 84776.00 ns, 84.7760 us/op
WorkloadActual   3: 1 op, 70641.00 ns, 70.6410 us/op

// AfterActualRun
WorkloadResult   1: 1 op, 71647.00 ns, 71.6470 us/op
WorkloadResult   2: 1 op, 84330.00 ns, 84.3300 us/op
WorkloadResult   3: 1 op, 70195.00 ns, 70.1950 us/op
// GC:  0 0 0 216200 1
// Threading:  0 0 1

// AfterAll
// Benchmark Process 1603327 has exited with code 0.

Mean = 75.391 us, StdErr = 4.489 us (5.95%), N = 3, StdDev = 7.776 us
Min = 70.195 us, Q1 = 70.921 us, Median = 71.647 us, Q3 = 77.989 us, Max = 84.330 us
IQR = 7.067 us, LowerFence = 60.320 us, UpperFence = 88.590 us
ConfidenceInterval = [-66.466 us; 217.248 us] (CI 99.9%), Margin = 141.857 us (188.16% of Mean)
Skewness = 0.37, Kurtosis = 0.67, MValue = 2

// ** Remained 16 (16.2%) benchmark(s) to run. Estimated finish 2026-09-22 17:01 (0h 0m from now) **
// **************************
// Benchmark: SessionSetupDecompositionBenchmarks.ComponentC2c2_ScopeConstructUnlinked: ShortRun(InvocationCount=1, IterationCount=3, LaunchCount=1, UnrollFactor=1, WarmupCount=3) [Sessions=1000]
// *** Execute ***
// Launch: 1 / 1
// Execute: dotnet WinForward.Benchmarks-ShortRun-1.dll --anonymousPipes 123 125 --benchmarkName "WinForward.Benchmarks.Perf.SessionSetupDecompositionBenchmarks.ComponentC2c2_ScopeConstructUnlinked(Sessions: 1000)" --job ShortRun --benchmarkId 83 in /home/paff/Projects/WinForward/benchmarks/WinForward.Benchmarks/bin/Release/net10.0/WinForward.Benchmarks-ShortRun-1/bin/Release/net10.0
// Failed to set up high priority (Permission denied). In order to run benchmarks with high priority, make sure you have the right permissions.
// BeforeAnythingElse

// Benchmark Process Environment Information:
// BenchmarkDotNet v0.15.8
// Runtime=.NET 10.0.12 (10.0.12, 10.0.1226.42308), X64 RyuJIT x86-64-v4
// GC=Concurrent Workstation
// HardwareIntrinsics=AVX512 BITALG+VBMI2+VNNI+VPOPCNTDQ,AVX512 IFMA+VBMI,AVX512 F+BW+CD+DQ+VL,AVX2+BMI1+BMI2+F16C+FMA+LZCNT+MOVBE,AVX,SSE3+SSSE3+SSE4.1+SSE4.2+POPCNT,X86Base+SSE+SSE2,AES+PCLMUL,AvxVnni VectorSize=256
// Job: ShortRun(InvocationCount=1, IterationCount=3, LaunchCount=1, UnrollFactor=1, WarmupCount=3)

OverheadJitting  1: 1 op, 376003.00 ns, 376.0030 us/op
WorkloadJitting  1: 1 op, 1156544.00 ns, 1.1565 ms/op

OverheadWarmup   1: 1 op, 491.00 ns, 491.0000 ns/op
OverheadWarmup   2: 1 op, 391.00 ns, 391.0000 ns/op
OverheadWarmup   3: 1 op, 410.00 ns, 410.0000 ns/op
OverheadWarmup   4: 1 op, 391.00 ns, 391.0000 ns/op
OverheadWarmup   5: 1 op, 531.00 ns, 531.0000 ns/op
OverheadWarmup   6: 1 op, 260.00 ns, 260.0000 ns/op

OverheadActual   1: 1 op, 511.00 ns, 511.0000 ns/op
OverheadActual   2: 1 op, 461.00 ns, 461.0000 ns/op
OverheadActual   3: 1 op, 1172.00 ns, 1.1720 us/op
OverheadActual   4: 1 op, 460.00 ns, 460.0000 ns/op
OverheadActual   5: 1 op, 450.00 ns, 450.0000 ns/op
OverheadActual   6: 1 op, 290.00 ns, 290.0000 ns/op
OverheadActual   7: 1 op, 340.00 ns, 340.0000 ns/op
OverheadActual   8: 1 op, 490.00 ns, 490.0000 ns/op
OverheadActual   9: 1 op, 271.00 ns, 271.0000 ns/op
OverheadActual  10: 1 op, 471.00 ns, 471.0000 ns/op
OverheadActual  11: 1 op, 401.00 ns, 401.0000 ns/op
OverheadActual  12: 1 op, 361.00 ns, 361.0000 ns/op
OverheadActual  13: 1 op, 501.00 ns, 501.0000 ns/op
OverheadActual  14: 1 op, 521.00 ns, 521.0000 ns/op
OverheadActual  15: 1 op, 270.00 ns, 270.0000 ns/op
OverheadActual  16: 1 op, 291.00 ns, 291.0000 ns/op
OverheadActual  17: 1 op, 350.00 ns, 350.0000 ns/op
OverheadActual  18: 1 op, 521.00 ns, 521.0000 ns/op
OverheadActual  19: 1 op, 370.00 ns, 370.0000 ns/op
OverheadActual  20: 1 op, 501.00 ns, 501.0000 ns/op

WorkloadWarmup   1: 1 op, 149375.00 ns, 149.3750 us/op
WorkloadWarmup   2: 1 op, 41357.00 ns, 41.3570 us/op
WorkloadWarmup   3: 1 op, 36727.00 ns, 36.7270 us/op

// BeforeActualRun
WorkloadActual   1: 1 op, 37710.00 ns, 37.7100 us/op
WorkloadActual   2: 1 op, 36227.00 ns, 36.2270 us/op
WorkloadActual   3: 1 op, 35105.00 ns, 35.1050 us/op

// AfterActualRun
WorkloadResult   1: 1 op, 37255.00 ns, 37.2550 us/op
WorkloadResult   2: 1 op, 35772.00 ns, 35.7720 us/op
WorkloadResult   3: 1 op, 34650.00 ns, 34.6500 us/op
// GC:  0 0 0 120088 1
// Threading:  0 0 1

// AfterAll
// Benchmark Process 1603359 has exited with code 0.

Mean = 35.892 us, StdErr = 0.754 us (2.10%), N = 3, StdDev = 1.307 us
Min = 34.650 us, Q1 = 35.211 us, Median = 35.772 us, Q3 = 36.514 us, Max = 37.255 us
IQR = 1.302 us, LowerFence = 33.257 us, UpperFence = 38.467 us
ConfidenceInterval = [12.054 us; 59.731 us] (CI 99.9%), Margin = 23.838 us (66.42% of Mean)
Skewness = 0.09, Kurtosis = 0.67, MValue = 2

// ** Remained 15 (15.2%) benchmark(s) to run. Estimated finish 2026-09-22 17:01 (0h 0m from now) **
// **************************
// Benchmark: SessionSetupDecompositionBenchmarks.ComponentC2e_LockConstruction: ShortRun(InvocationCount=1, IterationCount=3, LaunchCount=1, UnrollFactor=1, WarmupCount=3) [Sessions=1000]
// *** Execute ***
// Launch: 1 / 1
// Execute: dotnet WinForward.Benchmarks-ShortRun-1.dll --anonymousPipes 123 125 --benchmarkName "WinForward.Benchmarks.Perf.SessionSetupDecompositionBenchmarks.ComponentC2e_LockConstruction(Sessions: 1000)" --job ShortRun --benchmarkId 84 in /home/paff/Projects/WinForward/benchmarks/WinForward.Benchmarks/bin/Release/net10.0/WinForward.Benchmarks-ShortRun-1/bin/Release/net10.0
// Failed to set up high priority (Permission denied). In order to run benchmarks with high priority, make sure you have the right permissions.
// BeforeAnythingElse

// Benchmark Process Environment Information:
// BenchmarkDotNet v0.15.8
// Runtime=.NET 10.0.12 (10.0.12, 10.0.1226.42308), X64 RyuJIT x86-64-v4
// GC=Concurrent Workstation
// HardwareIntrinsics=AVX512 BITALG+VBMI2+VNNI+VPOPCNTDQ,AVX512 IFMA+VBMI,AVX512 F+BW+CD+DQ+VL,AVX2+BMI1+BMI2+F16C+FMA+LZCNT+MOVBE,AVX,SSE3+SSSE3+SSE4.1+SSE4.2+POPCNT,X86Base+SSE+SSE2,AES+PCLMUL,AvxVnni VectorSize=256
// Job: ShortRun(InvocationCount=1, IterationCount=3, LaunchCount=1, UnrollFactor=1, WarmupCount=3)

OverheadJitting  1: 1 op, 280077.00 ns, 280.0770 us/op
WorkloadJitting  1: 1 op, 737932.00 ns, 737.9320 us/op

OverheadWarmup   1: 1 op, 652.00 ns, 652.0000 ns/op
OverheadWarmup   2: 1 op, 561.00 ns, 561.0000 ns/op
OverheadWarmup   3: 1 op, 261.00 ns, 261.0000 ns/op
OverheadWarmup   4: 1 op, 281.00 ns, 281.0000 ns/op
OverheadWarmup   5: 1 op, 280.00 ns, 280.0000 ns/op
OverheadWarmup   6: 1 op, 471.00 ns, 471.0000 ns/op
OverheadWarmup   7: 1 op, 531.00 ns, 531.0000 ns/op
OverheadWarmup   8: 1 op, 501.00 ns, 501.0000 ns/op

OverheadActual   1: 1 op, 591.00 ns, 591.0000 ns/op
OverheadActual   2: 1 op, 812.00 ns, 812.0000 ns/op
OverheadActual   3: 1 op, 1102.00 ns, 1.1020 us/op
OverheadActual   4: 1 op, 501.00 ns, 501.0000 ns/op
OverheadActual   5: 1 op, 401.00 ns, 401.0000 ns/op
OverheadActual   6: 1 op, 261.00 ns, 261.0000 ns/op
OverheadActual   7: 1 op, 280.00 ns, 280.0000 ns/op
OverheadActual   8: 1 op, 451.00 ns, 451.0000 ns/op
OverheadActual   9: 1 op, 500.00 ns, 500.0000 ns/op
OverheadActual  10: 1 op, 271.00 ns, 271.0000 ns/op
OverheadActual  11: 1 op, 231.00 ns, 231.0000 ns/op
OverheadActual  12: 1 op, 311.00 ns, 311.0000 ns/op
OverheadActual  13: 1 op, 441.00 ns, 441.0000 ns/op
OverheadActual  14: 1 op, 250.00 ns, 250.0000 ns/op
OverheadActual  15: 1 op, 250.00 ns, 250.0000 ns/op
OverheadActual  16: 1 op, 291.00 ns, 291.0000 ns/op
OverheadActual  17: 1 op, 270.00 ns, 270.0000 ns/op
OverheadActual  18: 1 op, 271.00 ns, 271.0000 ns/op
OverheadActual  19: 1 op, 280.00 ns, 280.0000 ns/op
OverheadActual  20: 1 op, 280.00 ns, 280.0000 ns/op

WorkloadWarmup   1: 1 op, 76061.00 ns, 76.0610 us/op
WorkloadWarmup   2: 1 op, 20498.00 ns, 20.4980 us/op
WorkloadWarmup   3: 1 op, 20417.00 ns, 20.4170 us/op

// BeforeActualRun
WorkloadActual   1: 1 op, 115203.00 ns, 115.2030 us/op
WorkloadActual   2: 1 op, 20237.00 ns, 20.2370 us/op
WorkloadActual   3: 1 op, 29574.00 ns, 29.5740 us/op

// AfterActualRun
WorkloadResult   1: 1 op, 114917.50 ns, 114.9175 us/op
WorkloadResult   2: 1 op, 19951.50 ns, 19.9515 us/op
WorkloadResult   3: 1 op, 29288.50 ns, 29.2885 us/op
// GC:  0 0 0 40000 1
// Threading:  0 0 1

// AfterAll
// Benchmark Process 1603368 has exited with code 0.

Mean = 54.719 us, StdErr = 30.220 us (55.23%), N = 3, StdDev = 52.342 us
Min = 19.951 us, Q1 = 24.620 us, Median = 29.288 us, Q3 = 72.103 us, Max = 114.918 us
IQR = 47.483 us, LowerFence = -46.605 us, UpperFence = 143.327 us
ConfidenceInterval = [-900.192 us; 1,009.630 us] (CI 99.9%), Margin = 954.911 us (1745.11% of Mean)
Skewness = 0.37, Kurtosis = 0.67, MValue = 2

// ** Remained 14 (14.1%) benchmark(s) to run. Estimated finish 2026-09-22 17:01 (0h 0m from now) **
// **************************
// Benchmark: SessionSetupDecompositionBenchmarks.ComponentC2e_TaskCompletionSourceConstruction: ShortRun(InvocationCount=1, IterationCount=3, LaunchCount=1, UnrollFactor=1, WarmupCount=3) [Sessions=1000]
// *** Execute ***
// Launch: 1 / 1
// Execute: dotnet WinForward.Benchmarks-ShortRun-1.dll --anonymousPipes 123 125 --benchmarkName "WinForward.Benchmarks.Perf.SessionSetupDecompositionBenchmarks.ComponentC2e_TaskCompletionSourceConstruction(Sessions: 1000)" --job ShortRun --benchmarkId 85 in /home/paff/Projects/WinForward/benchmarks/WinForward.Benchmarks/bin/Release/net10.0/WinForward.Benchmarks-ShortRun-1/bin/Release/net10.0
// Failed to set up high priority (Permission denied). In order to run benchmarks with high priority, make sure you have the right permissions.
// BeforeAnythingElse

// Benchmark Process Environment Information:
// BenchmarkDotNet v0.15.8
// Runtime=.NET 10.0.12 (10.0.12, 10.0.1226.42308), X64 RyuJIT x86-64-v4
// GC=Concurrent Workstation
// HardwareIntrinsics=AVX512 BITALG+VBMI2+VNNI+VPOPCNTDQ,AVX512 IFMA+VBMI,AVX512 F+BW+CD+DQ+VL,AVX2+BMI1+BMI2+F16C+FMA+LZCNT+MOVBE,AVX,SSE3+SSSE3+SSE4.1+SSE4.2+POPCNT,X86Base+SSE+SSE2,AES+PCLMUL,AvxVnni VectorSize=256
// Job: ShortRun(InvocationCount=1, IterationCount=3, LaunchCount=1, UnrollFactor=1, WarmupCount=3)

OverheadJitting  1: 1 op, 423020.00 ns, 423.0200 us/op
WorkloadJitting  1: 1 op, 1005465.00 ns, 1.0055 ms/op

OverheadWarmup   1: 1 op, 431.00 ns, 431.0000 ns/op
OverheadWarmup   2: 1 op, 521.00 ns, 521.0000 ns/op
OverheadWarmup   3: 1 op, 331.00 ns, 331.0000 ns/op
OverheadWarmup   4: 1 op, 491.00 ns, 491.0000 ns/op
OverheadWarmup   5: 1 op, 421.00 ns, 421.0000 ns/op

OverheadActual   1: 1 op, 441.00 ns, 441.0000 ns/op
OverheadActual   2: 1 op, 561.00 ns, 561.0000 ns/op
OverheadActual   3: 1 op, 521.00 ns, 521.0000 ns/op
OverheadActual   4: 1 op, 431.00 ns, 431.0000 ns/op
OverheadActual   5: 1 op, 411.00 ns, 411.0000 ns/op
OverheadActual   6: 1 op, 411.00 ns, 411.0000 ns/op
OverheadActual   7: 1 op, 350.00 ns, 350.0000 ns/op
OverheadActual   8: 1 op, 360.00 ns, 360.0000 ns/op
OverheadActual   9: 1 op, 531.00 ns, 531.0000 ns/op
OverheadActual  10: 1 op, 401.00 ns, 401.0000 ns/op
OverheadActual  11: 1 op, 331.00 ns, 331.0000 ns/op
OverheadActual  12: 1 op, 481.00 ns, 481.0000 ns/op
OverheadActual  13: 1 op, 271.00 ns, 271.0000 ns/op
OverheadActual  14: 1 op, 601.00 ns, 601.0000 ns/op
OverheadActual  15: 1 op, 341.00 ns, 341.0000 ns/op
OverheadActual  16: 1 op, 471.00 ns, 471.0000 ns/op
OverheadActual  17: 1 op, 320.00 ns, 320.0000 ns/op
OverheadActual  18: 1 op, 471.00 ns, 471.0000 ns/op
OverheadActual  19: 1 op, 431.00 ns, 431.0000 ns/op
OverheadActual  20: 1 op, 481.00 ns, 481.0000 ns/op

WorkloadWarmup   1: 1 op, 167970.00 ns, 167.9700 us/op
WorkloadWarmup   2: 1 op, 36667.00 ns, 36.6670 us/op
WorkloadWarmup   3: 1 op, 35325.00 ns, 35.3250 us/op

// BeforeActualRun
WorkloadActual   1: 1 op, 130681.00 ns, 130.6810 us/op
WorkloadActual   2: 1 op, 36167.00 ns, 36.1670 us/op
WorkloadActual   3: 1 op, 35726.00 ns, 35.7260 us/op

// AfterActualRun
WorkloadResult   1: 1 op, 130250.00 ns, 130.2500 us/op
WorkloadResult   2: 1 op, 35736.00 ns, 35.7360 us/op
WorkloadResult   3: 1 op, 35295.00 ns, 35.2950 us/op
// GC:  0 0 0 88000 1
// Threading:  0 0 1

// AfterAll
// Benchmark Process 1603380 has exited with code 0.

Mean = 67.094 us, StdErr = 31.578 us (47.07%), N = 3, StdDev = 54.695 us
Min = 35.295 us, Q1 = 35.516 us, Median = 35.736 us, Q3 = 82.993 us, Max = 130.250 us
IQR = 47.477 us, LowerFence = -35.701 us, UpperFence = 154.209 us
ConfidenceInterval = [-930.755 us; 1,064.942 us] (CI 99.9%), Margin = 997.848 us (1487.25% of Mean)
Skewness = 0.38, Kurtosis = 0.67, MValue = 2

// ** Remained 13 (13.1%) benchmark(s) to run. Estimated finish 2026-09-22 17:01 (0h 0m from now) **
// **************************
// Benchmark: SessionSetupDecompositionBenchmarks.ComponentC2e_LinkedTokenSourceConstruction: ShortRun(InvocationCount=1, IterationCount=3, LaunchCount=1, UnrollFactor=1, WarmupCount=3) [Sessions=1000]
// *** Execute ***
// Launch: 1 / 1
// Execute: dotnet WinForward.Benchmarks-ShortRun-1.dll --anonymousPipes 123 125 --benchmarkName "WinForward.Benchmarks.Perf.SessionSetupDecompositionBenchmarks.ComponentC2e_LinkedTokenSourceConstruction(Sessions: 1000)" --job ShortRun --benchmarkId 86 in /home/paff/Projects/WinForward/benchmarks/WinForward.Benchmarks/bin/Release/net10.0/WinForward.Benchmarks-ShortRun-1/bin/Release/net10.0
// Failed to set up high priority (Permission denied). In order to run benchmarks with high priority, make sure you have the right permissions.
// BeforeAnythingElse

// Benchmark Process Environment Information:
// BenchmarkDotNet v0.15.8
// Runtime=.NET 10.0.12 (10.0.12, 10.0.1226.42308), X64 RyuJIT x86-64-v4
// GC=Concurrent Workstation
// HardwareIntrinsics=AVX512 BITALG+VBMI2+VNNI+VPOPCNTDQ,AVX512 IFMA+VBMI,AVX512 F+BW+CD+DQ+VL,AVX2+BMI1+BMI2+F16C+FMA+LZCNT+MOVBE,AVX,SSE3+SSSE3+SSE4.1+SSE4.2+POPCNT,X86Base+SSE+SSE2,AES+PCLMUL,AvxVnni VectorSize=256
// Job: ShortRun(InvocationCount=1, IterationCount=3, LaunchCount=1, UnrollFactor=1, WarmupCount=3)

OverheadJitting  1: 1 op, 282722.00 ns, 282.7220 us/op
WorkloadJitting  1: 1 op, 1434016.00 ns, 1.4340 ms/op

OverheadWarmup   1: 1 op, 491.00 ns, 491.0000 ns/op
OverheadWarmup   2: 1 op, 271.00 ns, 271.0000 ns/op
OverheadWarmup   3: 1 op, 480.00 ns, 480.0000 ns/op
OverheadWarmup   4: 1 op, 240.00 ns, 240.0000 ns/op
OverheadWarmup   5: 1 op, 290.00 ns, 290.0000 ns/op
OverheadWarmup   6: 1 op, 470.00 ns, 470.0000 ns/op
OverheadWarmup   7: 1 op, 371.00 ns, 371.0000 ns/op

OverheadActual   1: 1 op, 420.00 ns, 420.0000 ns/op
OverheadActual   2: 1 op, 471.00 ns, 471.0000 ns/op
OverheadActual   3: 1 op, 421.00 ns, 421.0000 ns/op
OverheadActual   4: 1 op, 431.00 ns, 431.0000 ns/op
OverheadActual   5: 1 op, 501.00 ns, 501.0000 ns/op
OverheadActual   6: 1 op, 360.00 ns, 360.0000 ns/op
OverheadActual   7: 1 op, 380.00 ns, 380.0000 ns/op
OverheadActual   8: 1 op, 381.00 ns, 381.0000 ns/op
OverheadActual   9: 1 op, 441.00 ns, 441.0000 ns/op
OverheadActual  10: 1 op, 380.00 ns, 380.0000 ns/op
OverheadActual  11: 1 op, 511.00 ns, 511.0000 ns/op
OverheadActual  12: 1 op, 381.00 ns, 381.0000 ns/op
OverheadActual  13: 1 op, 311.00 ns, 311.0000 ns/op
OverheadActual  14: 1 op, 371.00 ns, 371.0000 ns/op
OverheadActual  15: 1 op, 461.00 ns, 461.0000 ns/op
OverheadActual  16: 1 op, 421.00 ns, 421.0000 ns/op
OverheadActual  17: 1 op, 511.00 ns, 511.0000 ns/op
OverheadActual  18: 1 op, 331.00 ns, 331.0000 ns/op
OverheadActual  19: 1 op, 471.00 ns, 471.0000 ns/op
OverheadActual  20: 1 op, 451.00 ns, 451.0000 ns/op

WorkloadWarmup   1: 1 op, 231387.00 ns, 231.3870 us/op
WorkloadWarmup   2: 1 op, 67244.00 ns, 67.2440 us/op
WorkloadWarmup   3: 1 op, 64148.00 ns, 64.1480 us/op

// BeforeActualRun
WorkloadActual   1: 1 op, 195421.00 ns, 195.4210 us/op
WorkloadActual   2: 1 op, 65822.00 ns, 65.8220 us/op
WorkloadActual   3: 1 op, 91799.00 ns, 91.7990 us/op

// AfterActualRun
WorkloadResult   1: 1 op, 195000.00 ns, 195.0000 us/op
WorkloadResult   2: 1 op, 65401.00 ns, 65.4010 us/op
WorkloadResult   3: 1 op, 91378.00 ns, 91.3780 us/op
// GC:  0 0 0 152200 1
// Threading:  0 0 1

// AfterAll
// Benchmark Process 1603390 has exited with code 0.

Mean = 117.260 us, StdErr = 39.587 us (33.76%), N = 3, StdDev = 68.567 us
Min = 65.401 us, Q1 = 78.389 us, Median = 91.378 us, Q3 = 143.189 us, Max = 195.000 us
IQR = 64.799 us, LowerFence = -18.810 us, UpperFence = 240.388 us
ConfidenceInterval = [-1,133.649 us; 1,368.169 us] (CI 99.9%), Margin = 1,250.909 us (1066.79% of Mean)
Skewness = 0.32, Kurtosis = 0.67, MValue = 2

// ** Remained 12 (12.1%) benchmark(s) to run. Estimated finish 2026-09-22 17:01 (0h 0m from now) **
// **************************
// Benchmark: SessionSetupDecompositionBenchmarks.ComponentE1_CanceledDelayAwaitAsync: ShortRun(InvocationCount=1, IterationCount=3, LaunchCount=1, UnrollFactor=1, WarmupCount=3) [Sessions=1000]
// *** Execute ***
// Launch: 1 / 1
// Execute: dotnet WinForward.Benchmarks-ShortRun-1.dll --anonymousPipes 123 125 --benchmarkName "WinForward.Benchmarks.Perf.SessionSetupDecompositionBenchmarks.ComponentE1_CanceledDelayAwaitAsync(Sessions: 1000)" --job ShortRun --benchmarkId 87 in /home/paff/Projects/WinForward/benchmarks/WinForward.Benchmarks/bin/Release/net10.0/WinForward.Benchmarks-ShortRun-1/bin/Release/net10.0
// Failed to set up high priority (Permission denied). In order to run benchmarks with high priority, make sure you have the right permissions.
// BeforeAnythingElse

// Benchmark Process Environment Information:
// BenchmarkDotNet v0.15.8
// Runtime=.NET 10.0.12 (10.0.12, 10.0.1226.42308), X64 RyuJIT x86-64-v4
// GC=Concurrent Workstation
// HardwareIntrinsics=AVX512 BITALG+VBMI2+VNNI+VPOPCNTDQ,AVX512 IFMA+VBMI,AVX512 F+BW+CD+DQ+VL,AVX2+BMI1+BMI2+F16C+FMA+LZCNT+MOVBE,AVX,SSE3+SSSE3+SSE4.1+SSE4.2+POPCNT,X86Base+SSE+SSE2,AES+PCLMUL,AvxVnni VectorSize=256
// Job: ShortRun(InvocationCount=1, IterationCount=3, LaunchCount=1, UnrollFactor=1, WarmupCount=3)

OverheadJitting  1: 1 op, 335769.00 ns, 335.7690 us/op
WorkloadJitting  1: 1 op, 9230759.00 ns, 9.2308 ms/op

OverheadWarmup   1: 1 op, 521.00 ns, 521.0000 ns/op
OverheadWarmup   2: 1 op, 661.00 ns, 661.0000 ns/op
OverheadWarmup   3: 1 op, 631.00 ns, 631.0000 ns/op
OverheadWarmup   4: 1 op, 260.00 ns, 260.0000 ns/op
OverheadWarmup   5: 1 op, 511.00 ns, 511.0000 ns/op
OverheadWarmup   6: 1 op, 531.00 ns, 531.0000 ns/op
OverheadWarmup   7: 1 op, 270.00 ns, 270.0000 ns/op

OverheadActual   1: 1 op, 461.00 ns, 461.0000 ns/op
OverheadActual   2: 1 op, 1202.00 ns, 1.2020 us/op
OverheadActual   3: 1 op, 431.00 ns, 431.0000 ns/op
OverheadActual   4: 1 op, 460.00 ns, 460.0000 ns/op
OverheadActual   5: 1 op, 391.00 ns, 391.0000 ns/op
OverheadActual   6: 1 op, 510.00 ns, 510.0000 ns/op
OverheadActual   7: 1 op, 511.00 ns, 511.0000 ns/op
OverheadActual   8: 1 op, 370.00 ns, 370.0000 ns/op
OverheadActual   9: 1 op, 601.00 ns, 601.0000 ns/op
OverheadActual  10: 1 op, 591.00 ns, 591.0000 ns/op
OverheadActual  11: 1 op, 521.00 ns, 521.0000 ns/op
OverheadActual  12: 1 op, 381.00 ns, 381.0000 ns/op
OverheadActual  13: 1 op, 571.00 ns, 571.0000 ns/op
OverheadActual  14: 1 op, 611.00 ns, 611.0000 ns/op
OverheadActual  15: 1 op, 400.00 ns, 400.0000 ns/op
OverheadActual  16: 1 op, 511.00 ns, 511.0000 ns/op
OverheadActual  17: 1 op, 531.00 ns, 531.0000 ns/op
OverheadActual  18: 1 op, 280.00 ns, 280.0000 ns/op
OverheadActual  19: 1 op, 491.00 ns, 491.0000 ns/op
OverheadActual  20: 1 op, 56214.00 ns, 56.2140 us/op

WorkloadWarmup   1: 1 op, 5298618.00 ns, 5.2986 ms/op
WorkloadWarmup   2: 1 op, 4303201.00 ns, 4.3032 ms/op
WorkloadWarmup   3: 1 op, 4011433.00 ns, 4.0114 ms/op

// BeforeActualRun
WorkloadActual   1: 1 op, 4965728.00 ns, 4.9657 ms/op
WorkloadActual   2: 1 op, 4081231.00 ns, 4.0812 ms/op
WorkloadActual   3: 1 op, 4240135.00 ns, 4.2401 ms/op

// AfterActualRun
WorkloadResult   1: 1 op, 4965217.50 ns, 4.9652 ms/op
WorkloadResult   2: 1 op, 4080720.50 ns, 4.0807 ms/op
WorkloadResult   3: 1 op, 4239624.50 ns, 4.2396 ms/op
// GC:  0 0 0 864000 1
// Threading:  0 0 1
// Exceptions:  1000

// AfterAll
// Benchmark Process 1603401 has exited with code 0.

Mean = 4.429 ms, StdErr = 0.272 ms (6.15%), N = 3, StdDev = 0.472 ms
Min = 4.081 ms, Q1 = 4.160 ms, Median = 4.240 ms, Q3 = 4.602 ms, Max = 4.965 ms
IQR = 0.442 ms, LowerFence = 3.497 ms, UpperFence = 5.266 ms
ConfidenceInterval = [-4.174 ms; 13.031 ms] (CI 99.9%), Margin = 8.603 ms (194.25% of Mean)
Skewness = 0.34, Kurtosis = 0.67, MValue = 2

// ** Remained 11 (11.1%) benchmark(s) to run. Estimated finish 2026-09-22 17:01 (0h 0m from now) **
// **************************
// Benchmark: SessionSetupDecompositionBenchmarks.ComponentE2_SetupExecutorDisposeAsync: ShortRun(InvocationCount=1, IterationCount=3, LaunchCount=1, UnrollFactor=1, WarmupCount=3) [Sessions=1000]
// *** Execute ***
// Launch: 1 / 1
// Execute: dotnet WinForward.Benchmarks-ShortRun-1.dll --anonymousPipes 123 125 --benchmarkName "WinForward.Benchmarks.Perf.SessionSetupDecompositionBenchmarks.ComponentE2_SetupExecutorDisposeAsync(Sessions: 1000)" --job ShortRun --benchmarkId 88 in /home/paff/Projects/WinForward/benchmarks/WinForward.Benchmarks/bin/Release/net10.0/WinForward.Benchmarks-ShortRun-1/bin/Release/net10.0
// Failed to set up high priority (Permission denied). In order to run benchmarks with high priority, make sure you have the right permissions.
// BeforeAnythingElse

// Benchmark Process Environment Information:
// BenchmarkDotNet v0.15.8
// Runtime=.NET 10.0.12 (10.0.12, 10.0.1226.42308), X64 RyuJIT x86-64-v4
// GC=Concurrent Workstation
// HardwareIntrinsics=AVX512 BITALG+VBMI2+VNNI+VPOPCNTDQ,AVX512 IFMA+VBMI,AVX512 F+BW+CD+DQ+VL,AVX2+BMI1+BMI2+F16C+FMA+LZCNT+MOVBE,AVX,SSE3+SSSE3+SSE4.1+SSE4.2+POPCNT,X86Base+SSE+SSE2,AES+PCLMUL,AvxVnni VectorSize=256
// Job: ShortRun(InvocationCount=1, IterationCount=3, LaunchCount=1, UnrollFactor=1, WarmupCount=3)

OverheadJitting  1: 1 op, 322685.00 ns, 322.6850 us/op
WorkloadJitting  1: 1 op, 113786918.00 ns, 113.7869 ms/op

OverheadWarmup   1: 1 op, 491.00 ns, 491.0000 ns/op
OverheadWarmup   2: 1 op, 521.00 ns, 521.0000 ns/op
OverheadWarmup   3: 1 op, 571.00 ns, 571.0000 ns/op
OverheadWarmup   4: 1 op, 410.00 ns, 410.0000 ns/op
OverheadWarmup   5: 1 op, 391.00 ns, 391.0000 ns/op
OverheadWarmup   6: 1 op, 410.00 ns, 410.0000 ns/op
OverheadWarmup   7: 1 op, 541.00 ns, 541.0000 ns/op
OverheadWarmup   8: 1 op, 511.00 ns, 511.0000 ns/op

OverheadActual   1: 1 op, 411.00 ns, 411.0000 ns/op
OverheadActual   2: 1 op, 410.00 ns, 410.0000 ns/op
OverheadActual   3: 1 op, 480.00 ns, 480.0000 ns/op
OverheadActual   4: 1 op, 481.00 ns, 481.0000 ns/op
OverheadActual   5: 1 op, 451.00 ns, 451.0000 ns/op
OverheadActual   6: 1 op, 321.00 ns, 321.0000 ns/op
OverheadActual   7: 1 op, 491.00 ns, 491.0000 ns/op
OverheadActual   8: 1 op, 431.00 ns, 431.0000 ns/op
OverheadActual   9: 1 op, 471.00 ns, 471.0000 ns/op
OverheadActual  10: 1 op, 411.00 ns, 411.0000 ns/op
OverheadActual  11: 1 op, 361.00 ns, 361.0000 ns/op
OverheadActual  12: 1 op, 331.00 ns, 331.0000 ns/op
OverheadActual  13: 1 op, 350.00 ns, 350.0000 ns/op
OverheadActual  14: 1 op, 420.00 ns, 420.0000 ns/op
OverheadActual  15: 1 op, 371.00 ns, 371.0000 ns/op
OverheadActual  16: 1 op, 361.00 ns, 361.0000 ns/op
OverheadActual  17: 1 op, 371.00 ns, 371.0000 ns/op
OverheadActual  18: 1 op, 350.00 ns, 350.0000 ns/op
OverheadActual  19: 1 op, 411.00 ns, 411.0000 ns/op
OverheadActual  20: 1 op, 411.00 ns, 411.0000 ns/op

WorkloadWarmup   1: 1 op, 97210871.00 ns, 97.2109 ms/op
WorkloadWarmup   2: 1 op, 94846984.00 ns, 94.8470 ms/op
WorkloadWarmup   3: 1 op, 93271369.00 ns, 93.2714 ms/op

// BeforeActualRun
WorkloadActual   1: 1 op, 95000150.00 ns, 95.0002 ms/op
WorkloadActual   2: 1 op, 94660983.00 ns, 94.6610 ms/op
WorkloadActual   3: 1 op, 94714797.00 ns, 94.7148 ms/op

// AfterActualRun
WorkloadResult   1: 1 op, 94999739.00 ns, 94.9997 ms/op
WorkloadResult   2: 1 op, 94660572.00 ns, 94.6606 ms/op
WorkloadResult   3: 1 op, 94714386.00 ns, 94.7144 ms/op
// GC:  0 0 0 90424 1
// Threading:  2 64 1
// Exceptions:  128

// AfterAll
// Benchmark Process 1603410 has exited with code 0.

Mean = 94.792 ms, StdErr = 0.105 ms (0.11%), N = 3, StdDev = 0.182 ms
Min = 94.661 ms, Q1 = 94.687 ms, Median = 94.714 ms, Q3 = 94.857 ms, Max = 95.000 ms
IQR = 0.170 ms, LowerFence = 94.433 ms, UpperFence = 95.111 ms
ConfidenceInterval = [91.466 ms; 98.117 ms] (CI 99.9%), Margin = 3.325 ms (3.51% of Mean)
Skewness = 0.35, Kurtosis = 0.67, MValue = 2

// ** Remained 10 (10.1%) benchmark(s) to run. Estimated finish 2026-09-22 17:01 (0h 0m from now) **
// **************************
// Benchmark: SessionSetupDecompositionBenchmarks.ComponentA1_AssociationTablePreSeed: ShortRun(InvocationCount=1, IterationCount=3, LaunchCount=1, UnrollFactor=1, WarmupCount=3) [Sessions=1000]
// *** Execute ***
// Launch: 1 / 1
// Execute: dotnet WinForward.Benchmarks-ShortRun-1.dll --anonymousPipes 123 125 --benchmarkName "WinForward.Benchmarks.Perf.SessionSetupDecompositionBenchmarks.ComponentA1_AssociationTablePreSeed(Sessions: 1000)" --job ShortRun --benchmarkId 89 in /home/paff/Projects/WinForward/benchmarks/WinForward.Benchmarks/bin/Release/net10.0/WinForward.Benchmarks-ShortRun-1/bin/Release/net10.0
// Failed to set up high priority (Permission denied). In order to run benchmarks with high priority, make sure you have the right permissions.
// BeforeAnythingElse

// Benchmark Process Environment Information:
// BenchmarkDotNet v0.15.8
// Runtime=.NET 10.0.12 (10.0.12, 10.0.1226.42308), X64 RyuJIT x86-64-v4
// GC=Concurrent Workstation
// HardwareIntrinsics=AVX512 BITALG+VBMI2+VNNI+VPOPCNTDQ,AVX512 IFMA+VBMI,AVX512 F+BW+CD+DQ+VL,AVX2+BMI1+BMI2+F16C+FMA+LZCNT+MOVBE,AVX,SSE3+SSSE3+SSE4.1+SSE4.2+POPCNT,X86Base+SSE+SSE2,AES+PCLMUL,AvxVnni VectorSize=256
// Job: ShortRun(InvocationCount=1, IterationCount=3, LaunchCount=1, UnrollFactor=1, WarmupCount=3)

OverheadJitting  1: 1 op, 437757.00 ns, 437.7570 us/op
WorkloadJitting  1: 1 op, 2456533.00 ns, 2.4565 ms/op

OverheadWarmup   1: 1 op, 461.00 ns, 461.0000 ns/op
OverheadWarmup   2: 1 op, 361.00 ns, 361.0000 ns/op
OverheadWarmup   3: 1 op, 271.00 ns, 271.0000 ns/op
OverheadWarmup   4: 1 op, 291.00 ns, 291.0000 ns/op
OverheadWarmup   5: 1 op, 301.00 ns, 301.0000 ns/op
OverheadWarmup   6: 1 op, 271.00 ns, 271.0000 ns/op
OverheadWarmup   7: 1 op, 280.00 ns, 280.0000 ns/op
OverheadWarmup   8: 1 op, 351.00 ns, 351.0000 ns/op
OverheadWarmup   9: 1 op, 521.00 ns, 521.0000 ns/op
OverheadWarmup  10: 1 op, 481.00 ns, 481.0000 ns/op

OverheadActual   1: 1 op, 451.00 ns, 451.0000 ns/op
OverheadActual   2: 1 op, 531.00 ns, 531.0000 ns/op
OverheadActual   3: 1 op, 461.00 ns, 461.0000 ns/op
OverheadActual   4: 1 op, 491.00 ns, 491.0000 ns/op
OverheadActual   5: 1 op, 461.00 ns, 461.0000 ns/op
OverheadActual   6: 1 op, 441.00 ns, 441.0000 ns/op
OverheadActual   7: 1 op, 431.00 ns, 431.0000 ns/op
OverheadActual   8: 1 op, 551.00 ns, 551.0000 ns/op
OverheadActual   9: 1 op, 531.00 ns, 531.0000 ns/op
OverheadActual  10: 1 op, 231.00 ns, 231.0000 ns/op
OverheadActual  11: 1 op, 350.00 ns, 350.0000 ns/op
OverheadActual  12: 1 op, 401.00 ns, 401.0000 ns/op
OverheadActual  13: 1 op, 351.00 ns, 351.0000 ns/op
OverheadActual  14: 1 op, 280.00 ns, 280.0000 ns/op
OverheadActual  15: 1 op, 460.00 ns, 460.0000 ns/op
OverheadActual  16: 1 op, 240.00 ns, 240.0000 ns/op
OverheadActual  17: 1 op, 411.00 ns, 411.0000 ns/op
OverheadActual  18: 1 op, 440.00 ns, 440.0000 ns/op
OverheadActual  19: 1 op, 431.00 ns, 431.0000 ns/op
OverheadActual  20: 1 op, 281.00 ns, 281.0000 ns/op

WorkloadWarmup   1: 1 op, 68286.00 ns, 68.2860 us/op
WorkloadWarmup   2: 1 op, 448598.00 ns, 448.5980 us/op
WorkloadWarmup   3: 1 op, 486368.00 ns, 486.3680 us/op

// BeforeActualRun
WorkloadActual   1: 1 op, 61524.00 ns, 61.5240 us/op
WorkloadActual   2: 1 op, 14086.00 ns, 14.0860 us/op
WorkloadActual   3: 1 op, 13495.00 ns, 13.4950 us/op

// AfterActualRun
WorkloadResult   1: 1 op, 61088.50 ns, 61.0885 us/op
WorkloadResult   2: 1 op, 13650.50 ns, 13.6505 us/op
WorkloadResult   3: 1 op, 13059.50 ns, 13.0595 us/op
// GC:  0 0 0 327008 1
// Threading:  0 0 1

// AfterAll
// Benchmark Process 1603940 has exited with code 0.

Mean = 29.266 us, StdErr = 15.912 us (54.37%), N = 3, StdDev = 27.561 us
Min = 13.059 us, Q1 = 13.355 us, Median = 13.650 us, Q3 = 37.370 us, Max = 61.089 us
IQR = 24.015 us, LowerFence = -22.667 us, UpperFence = 73.391 us
ConfidenceInterval = [-473.541 us; 532.073 us] (CI 99.9%), Margin = 502.807 us (1718.05% of Mean)
Skewness = 0.38, Kurtosis = 0.67, MValue = 2

// ** Remained 9 (9.1%) benchmark(s) to run. Estimated finish 2026-09-22 17:01 (0h 0m from now) **
// **************************
// Benchmark: SessionSetupDecompositionBenchmarks.ComponentA2_SessionDictionaryPreSeed: ShortRun(InvocationCount=1, IterationCount=3, LaunchCount=1, UnrollFactor=1, WarmupCount=3) [Sessions=1000]
// *** Execute ***
// Launch: 1 / 1
// Execute: dotnet WinForward.Benchmarks-ShortRun-1.dll --anonymousPipes 123 125 --benchmarkName "WinForward.Benchmarks.Perf.SessionSetupDecompositionBenchmarks.ComponentA2_SessionDictionaryPreSeed(Sessions: 1000)" --job ShortRun --benchmarkId 90 in /home/paff/Projects/WinForward/benchmarks/WinForward.Benchmarks/bin/Release/net10.0/WinForward.Benchmarks-ShortRun-1/bin/Release/net10.0
// Failed to set up high priority (Permission denied). In order to run benchmarks with high priority, make sure you have the right permissions.
// BeforeAnythingElse

// Benchmark Process Environment Information:
// BenchmarkDotNet v0.15.8
// Runtime=.NET 10.0.12 (10.0.12, 10.0.1226.42308), X64 RyuJIT x86-64-v4
// GC=Concurrent Workstation
// HardwareIntrinsics=AVX512 BITALG+VBMI2+VNNI+VPOPCNTDQ,AVX512 IFMA+VBMI,AVX512 F+BW+CD+DQ+VL,AVX2+BMI1+BMI2+F16C+FMA+LZCNT+MOVBE,AVX,SSE3+SSSE3+SSE4.1+SSE4.2+POPCNT,X86Base+SSE+SSE2,AES+PCLMUL,AvxVnni VectorSize=256
// Job: ShortRun(InvocationCount=1, IterationCount=3, LaunchCount=1, UnrollFactor=1, WarmupCount=3)

OverheadJitting  1: 1 op, 263626.00 ns, 263.6260 us/op
WorkloadJitting  1: 1 op, 1525535.00 ns, 1.5255 ms/op

OverheadWarmup   1: 1 op, 461.00 ns, 461.0000 ns/op
OverheadWarmup   2: 1 op, 420.00 ns, 420.0000 ns/op
OverheadWarmup   3: 1 op, 431.00 ns, 431.0000 ns/op
OverheadWarmup   4: 1 op, 431.00 ns, 431.0000 ns/op
OverheadWarmup   5: 1 op, 310.00 ns, 310.0000 ns/op
OverheadWarmup   6: 1 op, 301.00 ns, 301.0000 ns/op
OverheadWarmup   7: 1 op, 411.00 ns, 411.0000 ns/op

OverheadActual   1: 1 op, 471.00 ns, 471.0000 ns/op
OverheadActual   2: 1 op, 531.00 ns, 531.0000 ns/op
OverheadActual   3: 1 op, 481.00 ns, 481.0000 ns/op
OverheadActual   4: 1 op, 441.00 ns, 441.0000 ns/op
OverheadActual   5: 1 op, 371.00 ns, 371.0000 ns/op
OverheadActual   6: 1 op, 310.00 ns, 310.0000 ns/op
OverheadActual   7: 1 op, 431.00 ns, 431.0000 ns/op
OverheadActual   8: 1 op, 752.00 ns, 752.0000 ns/op
OverheadActual   9: 1 op, 501.00 ns, 501.0000 ns/op
OverheadActual  10: 1 op, 431.00 ns, 431.0000 ns/op
OverheadActual  11: 1 op, 421.00 ns, 421.0000 ns/op
OverheadActual  12: 1 op, 291.00 ns, 291.0000 ns/op
OverheadActual  13: 1 op, 501.00 ns, 501.0000 ns/op
OverheadActual  14: 1 op, 381.00 ns, 381.0000 ns/op
OverheadActual  15: 1 op, 401.00 ns, 401.0000 ns/op
OverheadActual  16: 1 op, 411.00 ns, 411.0000 ns/op
OverheadActual  17: 1 op, 421.00 ns, 421.0000 ns/op
OverheadActual  18: 1 op, 501.00 ns, 501.0000 ns/op
OverheadActual  19: 1 op, 391.00 ns, 391.0000 ns/op
OverheadActual  20: 1 op, 381.00 ns, 381.0000 ns/op

WorkloadWarmup   1: 1 op, 60111.00 ns, 60.1110 us/op
WorkloadWarmup   2: 1 op, 250752.00 ns, 250.7520 us/op
WorkloadWarmup   3: 1 op, 235535.00 ns, 235.5350 us/op

// BeforeActualRun
WorkloadActual   1: 1 op, 41727.00 ns, 41.7270 us/op
WorkloadActual   2: 1 op, 9868.00 ns, 9.8680 us/op
WorkloadActual   3: 1 op, 8686.00 ns, 8.6860 us/op

// AfterActualRun
WorkloadResult   1: 1 op, 41301.00 ns, 41.3010 us/op
WorkloadResult   2: 1 op, 9442.00 ns, 9.4420 us/op
WorkloadResult   3: 1 op, 8260.00 ns, 8.2600 us/op
// GC:  0 0 0 163376 1
// Threading:  0 0 1

// AfterAll
// Benchmark Process 1603949 has exited with code 0.

Mean = 19.668 us, StdErr = 10.822 us (55.02%), N = 3, StdDev = 18.744 us
Min = 8.260 us, Q1 = 8.851 us, Median = 9.442 us, Q3 = 25.372 us, Max = 41.301 us
IQR = 16.520 us, LowerFence = -15.930 us, UpperFence = 50.152 us
ConfidenceInterval = [-322.299 us; 361.634 us] (CI 99.9%), Margin = 341.966 us (1738.72% of Mean)
Skewness = 0.38, Kurtosis = 0.67, MValue = 2

// ** Remained 8 (8.1%) benchmark(s) to run. Estimated finish 2026-09-22 17:01 (0h 0m from now) **
// **************************
// Benchmark: SessionSetupDecompositionBenchmarks.ComponentA3_CooldownTableConstruction: ShortRun(InvocationCount=1, IterationCount=3, LaunchCount=1, UnrollFactor=1, WarmupCount=3) [Sessions=1000]
// *** Execute ***
// Launch: 1 / 1
// Execute: dotnet WinForward.Benchmarks-ShortRun-1.dll --anonymousPipes 123 125 --benchmarkName "WinForward.Benchmarks.Perf.SessionSetupDecompositionBenchmarks.ComponentA3_CooldownTableConstruction(Sessions: 1000)" --job ShortRun --benchmarkId 91 in /home/paff/Projects/WinForward/benchmarks/WinForward.Benchmarks/bin/Release/net10.0/WinForward.Benchmarks-ShortRun-1/bin/Release/net10.0
// Failed to set up high priority (Permission denied). In order to run benchmarks with high priority, make sure you have the right permissions.
// BeforeAnythingElse

// Benchmark Process Environment Information:
// BenchmarkDotNet v0.15.8
// Runtime=.NET 10.0.12 (10.0.12, 10.0.1226.42308), X64 RyuJIT x86-64-v4
// GC=Concurrent Workstation
// HardwareIntrinsics=AVX512 BITALG+VBMI2+VNNI+VPOPCNTDQ,AVX512 IFMA+VBMI,AVX512 F+BW+CD+DQ+VL,AVX2+BMI1+BMI2+F16C+FMA+LZCNT+MOVBE,AVX,SSE3+SSSE3+SSE4.1+SSE4.2+POPCNT,X86Base+SSE+SSE2,AES+PCLMUL,AvxVnni VectorSize=256
// Job: ShortRun(InvocationCount=1, IterationCount=3, LaunchCount=1, UnrollFactor=1, WarmupCount=3)

OverheadJitting  1: 1 op, 298741.00 ns, 298.7410 us/op
WorkloadJitting  1: 1 op, 1519294.00 ns, 1.5193 ms/op

OverheadWarmup   1: 1 op, 511.00 ns, 511.0000 ns/op
OverheadWarmup   2: 1 op, 540.00 ns, 540.0000 ns/op
OverheadWarmup   3: 1 op, 501.00 ns, 501.0000 ns/op
OverheadWarmup   4: 1 op, 391.00 ns, 391.0000 ns/op
OverheadWarmup   5: 1 op, 491.00 ns, 491.0000 ns/op
OverheadWarmup   6: 1 op, 330.00 ns, 330.0000 ns/op

OverheadActual   1: 1 op, 471.00 ns, 471.0000 ns/op
OverheadActual   2: 1 op, 471.00 ns, 471.0000 ns/op
OverheadActual   3: 1 op, 511.00 ns, 511.0000 ns/op
OverheadActual   4: 1 op, 481.00 ns, 481.0000 ns/op
OverheadActual   5: 1 op, 471.00 ns, 471.0000 ns/op
OverheadActual   6: 1 op, 421.00 ns, 421.0000 ns/op
OverheadActual   7: 1 op, 461.00 ns, 461.0000 ns/op
OverheadActual   8: 1 op, 842.00 ns, 842.0000 ns/op
OverheadActual   9: 1 op, 380.00 ns, 380.0000 ns/op
OverheadActual  10: 1 op, 350.00 ns, 350.0000 ns/op
OverheadActual  11: 1 op, 491.00 ns, 491.0000 ns/op
OverheadActual  12: 1 op, 381.00 ns, 381.0000 ns/op
OverheadActual  13: 1 op, 260.00 ns, 260.0000 ns/op
OverheadActual  14: 1 op, 341.00 ns, 341.0000 ns/op
OverheadActual  15: 1 op, 471.00 ns, 471.0000 ns/op
OverheadActual  16: 1 op, 581.00 ns, 581.0000 ns/op
OverheadActual  17: 1 op, 461.00 ns, 461.0000 ns/op
OverheadActual  18: 1 op, 501.00 ns, 501.0000 ns/op
OverheadActual  19: 1 op, 491.00 ns, 491.0000 ns/op
OverheadActual  20: 1 op, 471.00 ns, 471.0000 ns/op

WorkloadWarmup   1: 1 op, 4008.00 ns, 4.0080 us/op
WorkloadWarmup   2: 1 op, 4438.00 ns, 4.4380 us/op
WorkloadWarmup   3: 1 op, 4007.00 ns, 4.0070 us/op

// BeforeActualRun
WorkloadActual   1: 1 op, 23093.00 ns, 23.0930 us/op
WorkloadActual   2: 1 op, 4138.00 ns, 4.1380 us/op
WorkloadActual   3: 1 op, 4017.00 ns, 4.0170 us/op

// AfterActualRun
WorkloadResult   1: 1 op, 22622.00 ns, 22.6220 us/op
WorkloadResult   2: 1 op, 3667.00 ns, 3.6670 us/op
WorkloadResult   3: 1 op, 3546.00 ns, 3.5460 us/op
// GC:  0 0 0 160 1
// Threading:  0 0 1

// AfterAll
// Benchmark Process 1603958 has exited with code 0.

Mean = 9.945 us, StdErr = 6.339 us (63.74%), N = 3, StdDev = 10.979 us
Min = 3.546 us, Q1 = 3.607 us, Median = 3.667 us, Q3 = 13.145 us, Max = 22.622 us
IQR = 9.538 us, LowerFence = -10.700 us, UpperFence = 27.451 us
ConfidenceInterval = [-190.349 us; 210.239 us] (CI 99.9%), Margin = 200.294 us (2014.01% of Mean)
Skewness = 0.38, Kurtosis = 0.67, MValue = 2

// ** Remained 7 (7.1%) benchmark(s) to run. Estimated finish 2026-09-22 17:01 (0h 0m from now) **
// **************************
// Benchmark: SessionSetupDecompositionBenchmarks.ComponentA4_SlotAndQueueObjects: ShortRun(InvocationCount=1, IterationCount=3, LaunchCount=1, UnrollFactor=1, WarmupCount=3) [Sessions=1000]
// *** Execute ***
// Launch: 1 / 1
// Execute: dotnet WinForward.Benchmarks-ShortRun-1.dll --anonymousPipes 123 125 --benchmarkName "WinForward.Benchmarks.Perf.SessionSetupDecompositionBenchmarks.ComponentA4_SlotAndQueueObjects(Sessions: 1000)" --job ShortRun --benchmarkId 92 in /home/paff/Projects/WinForward/benchmarks/WinForward.Benchmarks/bin/Release/net10.0/WinForward.Benchmarks-ShortRun-1/bin/Release/net10.0
// Failed to set up high priority (Permission denied). In order to run benchmarks with high priority, make sure you have the right permissions.
// BeforeAnythingElse

// Benchmark Process Environment Information:
// BenchmarkDotNet v0.15.8
// Runtime=.NET 10.0.12 (10.0.12, 10.0.1226.42308), X64 RyuJIT x86-64-v4
// GC=Concurrent Workstation
// HardwareIntrinsics=AVX512 BITALG+VBMI2+VNNI+VPOPCNTDQ,AVX512 IFMA+VBMI,AVX512 F+BW+CD+DQ+VL,AVX2+BMI1+BMI2+F16C+FMA+LZCNT+MOVBE,AVX,SSE3+SSSE3+SSE4.1+SSE4.2+POPCNT,X86Base+SSE+SSE2,AES+PCLMUL,AvxVnni VectorSize=256
// Job: ShortRun(InvocationCount=1, IterationCount=3, LaunchCount=1, UnrollFactor=1, WarmupCount=3)

OverheadJitting  1: 1 op, 256984.00 ns, 256.9840 us/op
WorkloadJitting  1: 1 op, 1189996.00 ns, 1.1900 ms/op

OverheadWarmup   1: 1 op, 471.00 ns, 471.0000 ns/op
OverheadWarmup   2: 1 op, 290.00 ns, 290.0000 ns/op
OverheadWarmup   3: 1 op, 511.00 ns, 511.0000 ns/op
OverheadWarmup   4: 1 op, 270.00 ns, 270.0000 ns/op
OverheadWarmup   5: 1 op, 281.00 ns, 281.0000 ns/op
OverheadWarmup   6: 1 op, 280.00 ns, 280.0000 ns/op

OverheadActual   1: 1 op, 551.00 ns, 551.0000 ns/op
OverheadActual   2: 1 op, 971.00 ns, 971.0000 ns/op
OverheadActual   3: 1 op, 521.00 ns, 521.0000 ns/op
OverheadActual   4: 1 op, 411.00 ns, 411.0000 ns/op
OverheadActual   5: 1 op, 431.00 ns, 431.0000 ns/op
OverheadActual   6: 1 op, 490.00 ns, 490.0000 ns/op
OverheadActual   7: 1 op, 541.00 ns, 541.0000 ns/op
OverheadActual   8: 1 op, 561.00 ns, 561.0000 ns/op
OverheadActual   9: 1 op, 391.00 ns, 391.0000 ns/op
OverheadActual  10: 1 op, 431.00 ns, 431.0000 ns/op
OverheadActual  11: 1 op, 491.00 ns, 491.0000 ns/op
OverheadActual  12: 1 op, 471.00 ns, 471.0000 ns/op
OverheadActual  13: 1 op, 451.00 ns, 451.0000 ns/op
OverheadActual  14: 1 op, 531.00 ns, 531.0000 ns/op
OverheadActual  15: 1 op, 581.00 ns, 581.0000 ns/op
OverheadActual  16: 1 op, 441.00 ns, 441.0000 ns/op
OverheadActual  17: 1 op, 441.00 ns, 441.0000 ns/op
OverheadActual  18: 1 op, 451.00 ns, 451.0000 ns/op
OverheadActual  19: 1 op, 481.00 ns, 481.0000 ns/op
OverheadActual  20: 1 op, 421.00 ns, 421.0000 ns/op

WorkloadWarmup   1: 1 op, 42799.00 ns, 42.7990 us/op
WorkloadWarmup   2: 1 op, 162821.00 ns, 162.8210 us/op
WorkloadWarmup   3: 1 op, 39112.00 ns, 39.1120 us/op

// BeforeActualRun
WorkloadActual   1: 1 op, 161177.00 ns, 161.1770 us/op
WorkloadActual   2: 1 op, 39052.00 ns, 39.0520 us/op
WorkloadActual   3: 1 op, 38752.00 ns, 38.7520 us/op

// AfterActualRun
WorkloadResult   1: 1 op, 160701.00 ns, 160.7010 us/op
WorkloadResult   2: 1 op, 38576.00 ns, 38.5760 us/op
WorkloadResult   3: 1 op, 38276.00 ns, 38.2760 us/op
// GC:  0 0 0 144000 1
// Threading:  0 0 1

// AfterAll
// Benchmark Process 1603969 has exited with code 0.

Mean = 79.184 us, StdErr = 40.758 us (51.47%), N = 3, StdDev = 70.596 us
Min = 38.276 us, Q1 = 38.426 us, Median = 38.576 us, Q3 = 99.638 us, Max = 160.701 us
IQR = 61.212 us, LowerFence = -53.393 us, UpperFence = 191.457 us
ConfidenceInterval = [-1,208.743 us; 1,367.112 us] (CI 99.9%), Margin = 1,287.928 us (1626.49% of Mean)
Skewness = 0.38, Kurtosis = 0.67, MValue = 2

// ** Remained 6 (6.1%) benchmark(s) to run. Estimated finish 2026-09-22 17:01 (0h 0m from now) **
// **************************
// Benchmark: SessionSetupDecompositionBenchmarks.ComponentA5_CompletionCell: ShortRun(InvocationCount=1, IterationCount=3, LaunchCount=1, UnrollFactor=1, WarmupCount=3) [Sessions=1000]
// *** Execute ***
// Launch: 1 / 1
// Execute: dotnet WinForward.Benchmarks-ShortRun-1.dll --anonymousPipes 123 125 --benchmarkName "WinForward.Benchmarks.Perf.SessionSetupDecompositionBenchmarks.ComponentA5_CompletionCell(Sessions: 1000)" --job ShortRun --benchmarkId 93 in /home/paff/Projects/WinForward/benchmarks/WinForward.Benchmarks/bin/Release/net10.0/WinForward.Benchmarks-ShortRun-1/bin/Release/net10.0
// Failed to set up high priority (Permission denied). In order to run benchmarks with high priority, make sure you have the right permissions.
// BeforeAnythingElse

// Benchmark Process Environment Information:
// BenchmarkDotNet v0.15.8
// Runtime=.NET 10.0.12 (10.0.12, 10.0.1226.42308), X64 RyuJIT x86-64-v4
// GC=Concurrent Workstation
// HardwareIntrinsics=AVX512 BITALG+VBMI2+VNNI+VPOPCNTDQ,AVX512 IFMA+VBMI,AVX512 F+BW+CD+DQ+VL,AVX2+BMI1+BMI2+F16C+FMA+LZCNT+MOVBE,AVX,SSE3+SSSE3+SSE4.1+SSE4.2+POPCNT,X86Base+SSE+SSE2,AES+PCLMUL,AvxVnni VectorSize=256
// Job: ShortRun(InvocationCount=1, IterationCount=3, LaunchCount=1, UnrollFactor=1, WarmupCount=3)

OverheadJitting  1: 1 op, 427949.00 ns, 427.9490 us/op
WorkloadJitting  1: 1 op, 1176972.00 ns, 1.1770 ms/op

OverheadWarmup   1: 1 op, 431.00 ns, 431.0000 ns/op
OverheadWarmup   2: 1 op, 260.00 ns, 260.0000 ns/op
OverheadWarmup   3: 1 op, 451.00 ns, 451.0000 ns/op
OverheadWarmup   4: 1 op, 461.00 ns, 461.0000 ns/op
OverheadWarmup   5: 1 op, 370.00 ns, 370.0000 ns/op
OverheadWarmup   6: 1 op, 420.00 ns, 420.0000 ns/op
OverheadWarmup   7: 1 op, 551.00 ns, 551.0000 ns/op
OverheadWarmup   8: 1 op, 501.00 ns, 501.0000 ns/op

OverheadActual   1: 1 op, 421.00 ns, 421.0000 ns/op
OverheadActual   2: 1 op, 460.00 ns, 460.0000 ns/op
OverheadActual   3: 1 op, 561.00 ns, 561.0000 ns/op
OverheadActual   4: 1 op, 761.00 ns, 761.0000 ns/op
OverheadActual   5: 1 op, 541.00 ns, 541.0000 ns/op
OverheadActual   6: 1 op, 270.00 ns, 270.0000 ns/op
OverheadActual   7: 1 op, 771.00 ns, 771.0000 ns/op
OverheadActual   8: 1 op, 451.00 ns, 451.0000 ns/op
OverheadActual   9: 1 op, 431.00 ns, 431.0000 ns/op
OverheadActual  10: 1 op, 441.00 ns, 441.0000 ns/op
OverheadActual  11: 1 op, 491.00 ns, 491.0000 ns/op
OverheadActual  12: 1 op, 261.00 ns, 261.0000 ns/op
OverheadActual  13: 1 op, 271.00 ns, 271.0000 ns/op
OverheadActual  14: 1 op, 271.00 ns, 271.0000 ns/op
OverheadActual  15: 1 op, 461.00 ns, 461.0000 ns/op
OverheadActual  16: 1 op, 260.00 ns, 260.0000 ns/op
OverheadActual  17: 1 op, 470.00 ns, 470.0000 ns/op
OverheadActual  18: 1 op, 461.00 ns, 461.0000 ns/op
OverheadActual  19: 1 op, 260.00 ns, 260.0000 ns/op
OverheadActual  20: 1 op, 491.00 ns, 491.0000 ns/op

WorkloadWarmup   1: 1 op, 141471.00 ns, 141.4710 us/op
WorkloadWarmup   2: 1 op, 95927.00 ns, 95.9270 us/op
WorkloadWarmup   3: 1 op, 96538.00 ns, 96.5380 us/op

// BeforeActualRun
WorkloadActual   1: 1 op, 123638.00 ns, 123.6380 us/op
WorkloadActual   2: 1 op, 38521.00 ns, 38.5210 us/op
WorkloadActual   3: 1 op, 39573.00 ns, 39.5730 us/op

// AfterActualRun
WorkloadResult   1: 1 op, 123182.50 ns, 123.1825 us/op
WorkloadResult   2: 1 op, 38065.50 ns, 38.0655 us/op
WorkloadResult   3: 1 op, 39117.50 ns, 39.1175 us/op
// GC:  0 0 0 88000 1
// Threading:  0 0 1

// AfterAll
// Benchmark Process 1603985 has exited with code 0.

Mean = 66.788 us, StdErr = 28.199 us (42.22%), N = 3, StdDev = 48.841 us
Min = 38.066 us, Q1 = 38.592 us, Median = 39.117 us, Q3 = 81.150 us, Max = 123.183 us
IQR = 42.559 us, LowerFence = -25.246 us, UpperFence = 144.988 us
ConfidenceInterval = [-824.262 us; 957.839 us] (CI 99.9%), Margin = 891.050 us (1334.14% of Mean)
Skewness = 0.38, Kurtosis = 0.67, MValue = 2

// ** Remained 5 (5.1%) benchmark(s) to run. Estimated finish 2026-09-22 17:01 (0h 0m from now) **
// **************************
// Benchmark: SessionSetupDecompositionBenchmarks.ComponentA6_ColdRent: ShortRun(InvocationCount=1, IterationCount=3, LaunchCount=1, UnrollFactor=1, WarmupCount=3) [Sessions=1000]
// *** Execute ***
// Launch: 1 / 1
// Execute: dotnet WinForward.Benchmarks-ShortRun-1.dll --anonymousPipes 123 125 --benchmarkName "WinForward.Benchmarks.Perf.SessionSetupDecompositionBenchmarks.ComponentA6_ColdRent(Sessions: 1000)" --job ShortRun --benchmarkId 94 in /home/paff/Projects/WinForward/benchmarks/WinForward.Benchmarks/bin/Release/net10.0/WinForward.Benchmarks-ShortRun-1/bin/Release/net10.0
// Failed to set up high priority (Permission denied). In order to run benchmarks with high priority, make sure you have the right permissions.
// BeforeAnythingElse

// Benchmark Process Environment Information:
// BenchmarkDotNet v0.15.8
// Runtime=.NET 10.0.12 (10.0.12, 10.0.1226.42308), X64 RyuJIT x86-64-v4
// GC=Concurrent Workstation
// HardwareIntrinsics=AVX512 BITALG+VBMI2+VNNI+VPOPCNTDQ,AVX512 IFMA+VBMI,AVX512 F+BW+CD+DQ+VL,AVX2+BMI1+BMI2+F16C+FMA+LZCNT+MOVBE,AVX,SSE3+SSSE3+SSE4.1+SSE4.2+POPCNT,X86Base+SSE+SSE2,AES+PCLMUL,AvxVnni VectorSize=256
// Job: ShortRun(InvocationCount=1, IterationCount=3, LaunchCount=1, UnrollFactor=1, WarmupCount=3)

OverheadJitting  1: 1 op, 317606.00 ns, 317.6060 us/op
WorkloadJitting  1: 1 op, 2284145.00 ns, 2.2841 ms/op

OverheadWarmup   1: 1 op, 461.00 ns, 461.0000 ns/op
OverheadWarmup   2: 1 op, 521.00 ns, 521.0000 ns/op
OverheadWarmup   3: 1 op, 481.00 ns, 481.0000 ns/op
OverheadWarmup   4: 1 op, 291.00 ns, 291.0000 ns/op
OverheadWarmup   5: 1 op, 361.00 ns, 361.0000 ns/op
OverheadWarmup   6: 1 op, 270.00 ns, 270.0000 ns/op

OverheadActual   1: 1 op, 421.00 ns, 421.0000 ns/op
OverheadActual   2: 1 op, 411.00 ns, 411.0000 ns/op
OverheadActual   3: 1 op, 451.00 ns, 451.0000 ns/op
OverheadActual   4: 1 op, 481.00 ns, 481.0000 ns/op
OverheadActual   5: 1 op, 441.00 ns, 441.0000 ns/op
OverheadActual   6: 1 op, 260.00 ns, 260.0000 ns/op
OverheadActual   7: 1 op, 260.00 ns, 260.0000 ns/op
OverheadActual   8: 1 op, 261.00 ns, 261.0000 ns/op
OverheadActual   9: 1 op, 270.00 ns, 270.0000 ns/op
OverheadActual  10: 1 op, 270.00 ns, 270.0000 ns/op
OverheadActual  11: 1 op, 431.00 ns, 431.0000 ns/op
OverheadActual  12: 1 op, 521.00 ns, 521.0000 ns/op
OverheadActual  13: 1 op, 361.00 ns, 361.0000 ns/op
OverheadActual  14: 1 op, 371.00 ns, 371.0000 ns/op
OverheadActual  15: 1 op, 461.00 ns, 461.0000 ns/op
OverheadActual  16: 1 op, 491.00 ns, 491.0000 ns/op
OverheadActual  17: 1 op, 581.00 ns, 581.0000 ns/op
OverheadActual  18: 1 op, 351.00 ns, 351.0000 ns/op
OverheadActual  19: 1 op, 380.00 ns, 380.0000 ns/op
OverheadActual  20: 1 op, 471.00 ns, 471.0000 ns/op

WorkloadWarmup   1: 1 op, 339917.00 ns, 339.9170 us/op
WorkloadWarmup   2: 1 op, 478953.00 ns, 478.9530 us/op
WorkloadWarmup   3: 1 op, 62455.00 ns, 62.4550 us/op

// BeforeActualRun
WorkloadActual   1: 1 op, 370453.00 ns, 370.4530 us/op
WorkloadActual   2: 1 op, 63907.00 ns, 63.9070 us/op
WorkloadActual   3: 1 op, 60492.00 ns, 60.4920 us/op

// AfterActualRun
WorkloadResult   1: 1 op, 370037.00 ns, 370.0370 us/op
WorkloadResult   2: 1 op, 63491.00 ns, 63.4910 us/op
WorkloadResult   3: 1 op, 60076.00 ns, 60.0760 us/op
// GC:  0 0 0 273976 1
// Threading:  0 0 1

// AfterAll
// Benchmark Process 1603999 has exited with code 0.

Mean = 164.535 us, StdErr = 102.756 us (62.45%), N = 3, StdDev = 177.978 us
Min = 60.076 us, Q1 = 61.783 us, Median = 63.491 us, Q3 = 216.764 us, Max = 370.037 us
IQR = 154.981 us, LowerFence = -170.687 us, UpperFence = 449.235 us
ConfidenceInterval = [-3,082.454 us; 3,411.524 us] (CI 99.9%), Margin = 3,246.989 us (1973.44% of Mean)
Skewness = 0.38, Kurtosis = 0.67, MValue = 2

// ** Remained 4 (4.0%) benchmark(s) to run. Estimated finish 2026-09-22 17:01 (0h 0m from now) **
// **************************
// Benchmark: SessionSetupDecompositionBenchmarks.ComponentA7_EnqueueCycle: ShortRun(InvocationCount=1, IterationCount=3, LaunchCount=1, UnrollFactor=1, WarmupCount=3) [Sessions=1000]
// *** Execute ***
// Launch: 1 / 1
// Execute: dotnet WinForward.Benchmarks-ShortRun-1.dll --anonymousPipes 123 125 --benchmarkName "WinForward.Benchmarks.Perf.SessionSetupDecompositionBenchmarks.ComponentA7_EnqueueCycle(Sessions: 1000)" --job ShortRun --benchmarkId 95 in /home/paff/Projects/WinForward/benchmarks/WinForward.Benchmarks/bin/Release/net10.0/WinForward.Benchmarks-ShortRun-1/bin/Release/net10.0
// Failed to set up high priority (Permission denied). In order to run benchmarks with high priority, make sure you have the right permissions.
// BeforeAnythingElse

// Benchmark Process Environment Information:
// BenchmarkDotNet v0.15.8
// Runtime=.NET 10.0.12 (10.0.12, 10.0.1226.42308), X64 RyuJIT x86-64-v4
// GC=Concurrent Workstation
// HardwareIntrinsics=AVX512 BITALG+VBMI2+VNNI+VPOPCNTDQ,AVX512 IFMA+VBMI,AVX512 F+BW+CD+DQ+VL,AVX2+BMI1+BMI2+F16C+FMA+LZCNT+MOVBE,AVX,SSE3+SSSE3+SSE4.1+SSE4.2+POPCNT,X86Base+SSE+SSE2,AES+PCLMUL,AvxVnni VectorSize=256
// Job: ShortRun(InvocationCount=1, IterationCount=3, LaunchCount=1, UnrollFactor=1, WarmupCount=3)

OverheadJitting  1: 1 op, 255702.00 ns, 255.7020 us/op
WorkloadJitting  1: 1 op, 5328513.00 ns, 5.3285 ms/op

OverheadWarmup   1: 1 op, 501.00 ns, 501.0000 ns/op
OverheadWarmup   2: 1 op, 491.00 ns, 491.0000 ns/op
OverheadWarmup   3: 1 op, 842.00 ns, 842.0000 ns/op
OverheadWarmup   4: 1 op, 400.00 ns, 400.0000 ns/op
OverheadWarmup   5: 1 op, 500.00 ns, 500.0000 ns/op
OverheadWarmup   6: 1 op, 521.00 ns, 521.0000 ns/op
OverheadWarmup   7: 1 op, 471.00 ns, 471.0000 ns/op

OverheadActual   1: 1 op, 431.00 ns, 431.0000 ns/op
OverheadActual   2: 1 op, 471.00 ns, 471.0000 ns/op
OverheadActual   3: 1 op, 430.00 ns, 430.0000 ns/op
OverheadActual   4: 1 op, 451.00 ns, 451.0000 ns/op
OverheadActual   5: 1 op, 391.00 ns, 391.0000 ns/op
OverheadActual   6: 1 op, 381.00 ns, 381.0000 ns/op
OverheadActual   7: 1 op, 401.00 ns, 401.0000 ns/op
OverheadActual   8: 1 op, 471.00 ns, 471.0000 ns/op
OverheadActual   9: 1 op, 461.00 ns, 461.0000 ns/op
OverheadActual  10: 1 op, 421.00 ns, 421.0000 ns/op
OverheadActual  11: 1 op, 341.00 ns, 341.0000 ns/op
OverheadActual  12: 1 op, 461.00 ns, 461.0000 ns/op
OverheadActual  13: 1 op, 491.00 ns, 491.0000 ns/op
OverheadActual  14: 1 op, 471.00 ns, 471.0000 ns/op
OverheadActual  15: 1 op, 571.00 ns, 571.0000 ns/op
OverheadActual  16: 1 op, 461.00 ns, 461.0000 ns/op
OverheadActual  17: 1 op, 381.00 ns, 381.0000 ns/op
OverheadActual  18: 1 op, 561.00 ns, 561.0000 ns/op
OverheadActual  19: 1 op, 561.00 ns, 561.0000 ns/op
OverheadActual  20: 1 op, 601.00 ns, 601.0000 ns/op

WorkloadWarmup   1: 1 op, 299443.00 ns, 299.4430 us/op
WorkloadWarmup   2: 1 op, 261963.00 ns, 261.9630 us/op
WorkloadWarmup   3: 1 op, 288342.00 ns, 288.3420 us/op

// BeforeActualRun
WorkloadActual   1: 1 op, 263035.00 ns, 263.0350 us/op
WorkloadActual   2: 1 op, 266822.00 ns, 266.8220 us/op
WorkloadActual   3: 1 op, 283002.00 ns, 283.0020 us/op

// AfterActualRun
WorkloadResult   1: 1 op, 262574.00 ns, 262.5740 us/op
WorkloadResult   2: 1 op, 266361.00 ns, 266.3610 us/op
WorkloadResult   3: 1 op, 282541.00 ns, 282.5410 us/op
// GC:  0 0 0 1912 1
// Threading:  0 0 1

// AfterAll
// Benchmark Process 1604008 has exited with code 0.

Mean = 270.492 us, StdErr = 6.123 us (2.26%), N = 3, StdDev = 10.605 us
Min = 262.574 us, Q1 = 264.467 us, Median = 266.361 us, Q3 = 274.451 us, Max = 282.541 us
IQR = 9.983 us, LowerFence = 249.492 us, UpperFence = 289.426 us
ConfidenceInterval = [77.015 us; 463.969 us] (CI 99.9%), Margin = 193.477 us (71.53% of Mean)
Skewness = 0.33, Kurtosis = 0.67, MValue = 2

// ** Remained 3 (3.0%) benchmark(s) to run. Estimated finish 2026-09-22 17:01 (0h 0m from now) **
// **************************
// Benchmark: SessionSetupDecompositionBenchmarks.ComponentA8_WarmRentAdmissionAsync: ShortRun(InvocationCount=1, IterationCount=3, LaunchCount=1, UnrollFactor=1, WarmupCount=3) [Sessions=1000]
// *** Execute ***
// Launch: 1 / 1
// Execute: dotnet WinForward.Benchmarks-ShortRun-1.dll --anonymousPipes 123 125 --benchmarkName "WinForward.Benchmarks.Perf.SessionSetupDecompositionBenchmarks.ComponentA8_WarmRentAdmissionAsync(Sessions: 1000)" --job ShortRun --benchmarkId 96 in /home/paff/Projects/WinForward/benchmarks/WinForward.Benchmarks/bin/Release/net10.0/WinForward.Benchmarks-ShortRun-1/bin/Release/net10.0
// Failed to set up high priority (Permission denied). In order to run benchmarks with high priority, make sure you have the right permissions.
// BeforeAnythingElse

// Benchmark Process Environment Information:
// BenchmarkDotNet v0.15.8
// Runtime=.NET 10.0.12 (10.0.12, 10.0.1226.42308), X64 RyuJIT x86-64-v4
// GC=Concurrent Workstation
// HardwareIntrinsics=AVX512 BITALG+VBMI2+VNNI+VPOPCNTDQ,AVX512 IFMA+VBMI,AVX512 F+BW+CD+DQ+VL,AVX2+BMI1+BMI2+F16C+FMA+LZCNT+MOVBE,AVX,SSE3+SSSE3+SSE4.1+SSE4.2+POPCNT,X86Base+SSE+SSE2,AES+PCLMUL,AvxVnni VectorSize=256
// Job: ShortRun(InvocationCount=1, IterationCount=3, LaunchCount=1, UnrollFactor=1, WarmupCount=3)

OverheadJitting  1: 1 op, 262254.00 ns, 262.2540 us/op
WorkloadJitting  1: 1 op, 26813709.00 ns, 26.8137 ms/op

OverheadWarmup   1: 1 op, 811.00 ns, 811.0000 ns/op
OverheadWarmup   2: 1 op, 541.00 ns, 541.0000 ns/op
OverheadWarmup   3: 1 op, 591.00 ns, 591.0000 ns/op
OverheadWarmup   4: 1 op, 361.00 ns, 361.0000 ns/op
OverheadWarmup   5: 1 op, 460.00 ns, 460.0000 ns/op
OverheadWarmup   6: 1 op, 561.00 ns, 561.0000 ns/op
OverheadWarmup   7: 1 op, 450.00 ns, 450.0000 ns/op

OverheadActual   1: 1 op, 391.00 ns, 391.0000 ns/op
OverheadActual   2: 1 op, 521.00 ns, 521.0000 ns/op
OverheadActual   3: 1 op, 441.00 ns, 441.0000 ns/op
OverheadActual   4: 1 op, 400.00 ns, 400.0000 ns/op
OverheadActual   5: 1 op, 451.00 ns, 451.0000 ns/op
OverheadActual   6: 1 op, 440.00 ns, 440.0000 ns/op
OverheadActual   7: 1 op, 390.00 ns, 390.0000 ns/op
OverheadActual   8: 1 op, 551.00 ns, 551.0000 ns/op
OverheadActual   9: 1 op, 501.00 ns, 501.0000 ns/op
OverheadActual  10: 1 op, 360.00 ns, 360.0000 ns/op
OverheadActual  11: 1 op, 390.00 ns, 390.0000 ns/op
OverheadActual  12: 1 op, 391.00 ns, 391.0000 ns/op
OverheadActual  13: 1 op, 400.00 ns, 400.0000 ns/op
OverheadActual  14: 1 op, 350.00 ns, 350.0000 ns/op
OverheadActual  15: 1 op, 331.00 ns, 331.0000 ns/op
OverheadActual  16: 1 op, 410.00 ns, 410.0000 ns/op
OverheadActual  17: 1 op, 350.00 ns, 350.0000 ns/op
OverheadActual  18: 1 op, 411.00 ns, 411.0000 ns/op
OverheadActual  19: 1 op, 370.00 ns, 370.0000 ns/op
OverheadActual  20: 1 op, 491.00 ns, 491.0000 ns/op

WorkloadWarmup   1: 1 op, 3074513.00 ns, 3.0745 ms/op
WorkloadWarmup   2: 1 op, 2229104.00 ns, 2.2291 ms/op
WorkloadWarmup   3: 1 op, 2200180.00 ns, 2.2002 ms/op

// BeforeActualRun
WorkloadActual   1: 1 op, 2669727.00 ns, 2.6697 ms/op
WorkloadActual   2: 1 op, 2994626.00 ns, 2.9946 ms/op
WorkloadActual   3: 1 op, 2265650.00 ns, 2.2657 ms/op

// AfterActualRun
WorkloadResult   1: 1 op, 2669327.00 ns, 2.6693 ms/op
WorkloadResult   2: 1 op, 2994226.00 ns, 2.9942 ms/op
WorkloadResult   3: 1 op, 2265250.00 ns, 2.2653 ms/op
// GC:  0 0 0 1052808 1
// Threading:  0 0 1

// AfterAll
// Benchmark Process 1604017 has exited with code 0.

Mean = 2.643 ms, StdErr = 0.211 ms (7.98%), N = 3, StdDev = 0.365 ms
Min = 2.265 ms, Q1 = 2.467 ms, Median = 2.669 ms, Q3 = 2.832 ms, Max = 2.994 ms
IQR = 0.364 ms, LowerFence = 1.921 ms, UpperFence = 3.379 ms
ConfidenceInterval = [-4.020 ms; 9.306 ms] (CI 99.9%), Margin = 6.663 ms (252.09% of Mean)
Skewness = -0.07, Kurtosis = 0.67, MValue = 2

// ** Remained 2 (2.0%) benchmark(s) to run. Estimated finish 2026-09-22 17:01 (0h 0m from now) **
// **************************
// Benchmark: SessionSetupDecompositionBenchmarks.ComponentA9a_DictionaryGrowthSpansResize: ShortRun(InvocationCount=1, IterationCount=3, LaunchCount=1, UnrollFactor=1, WarmupCount=3) [Sessions=1000]
// *** Execute ***
// Launch: 1 / 1
// Execute: dotnet WinForward.Benchmarks-ShortRun-1.dll --anonymousPipes 123 125 --benchmarkName "WinForward.Benchmarks.Perf.SessionSetupDecompositionBenchmarks.ComponentA9a_DictionaryGrowthSpansResize(Sessions: 1000)" --job ShortRun --benchmarkId 97 in /home/paff/Projects/WinForward/benchmarks/WinForward.Benchmarks/bin/Release/net10.0/WinForward.Benchmarks-ShortRun-1/bin/Release/net10.0
// Failed to set up high priority (Permission denied). In order to run benchmarks with high priority, make sure you have the right permissions.
// BeforeAnythingElse

// Benchmark Process Environment Information:
// BenchmarkDotNet v0.15.8
// Runtime=.NET 10.0.12 (10.0.12, 10.0.1226.42308), X64 RyuJIT x86-64-v4
// GC=Concurrent Workstation
// HardwareIntrinsics=AVX512 BITALG+VBMI2+VNNI+VPOPCNTDQ,AVX512 IFMA+VBMI,AVX512 F+BW+CD+DQ+VL,AVX2+BMI1+BMI2+F16C+FMA+LZCNT+MOVBE,AVX,SSE3+SSSE3+SSE4.1+SSE4.2+POPCNT,X86Base+SSE+SSE2,AES+PCLMUL,AvxVnni VectorSize=256
// Job: ShortRun(InvocationCount=1, IterationCount=3, LaunchCount=1, UnrollFactor=1, WarmupCount=3)

OverheadJitting  1: 1 op, 288743.00 ns, 288.7430 us/op
WorkloadJitting  1: 1 op, 12634134.00 ns, 12.6341 ms/op

OverheadWarmup   1: 1 op, 551.00 ns, 551.0000 ns/op
OverheadWarmup   2: 1 op, 572.00 ns, 572.0000 ns/op
OverheadWarmup   3: 1 op, 431.00 ns, 431.0000 ns/op
OverheadWarmup   4: 1 op, 591.00 ns, 591.0000 ns/op
OverheadWarmup   5: 1 op, 400.00 ns, 400.0000 ns/op

OverheadActual   1: 1 op, 521.00 ns, 521.0000 ns/op
OverheadActual   2: 1 op, 511.00 ns, 511.0000 ns/op
OverheadActual   3: 1 op, 511.00 ns, 511.0000 ns/op
OverheadActual   4: 1 op, 581.00 ns, 581.0000 ns/op
OverheadActual   5: 1 op, 701.00 ns, 701.0000 ns/op
OverheadActual   6: 1 op, 461.00 ns, 461.0000 ns/op
OverheadActual   7: 1 op, 1342.00 ns, 1.3420 us/op
OverheadActual   8: 1 op, 541.00 ns, 541.0000 ns/op
OverheadActual   9: 1 op, 480.00 ns, 480.0000 ns/op
OverheadActual  10: 1 op, 491.00 ns, 491.0000 ns/op
OverheadActual  11: 1 op, 531.00 ns, 531.0000 ns/op
OverheadActual  12: 1 op, 511.00 ns, 511.0000 ns/op
OverheadActual  13: 1 op, 491.00 ns, 491.0000 ns/op
OverheadActual  14: 1 op, 501.00 ns, 501.0000 ns/op
OverheadActual  15: 1 op, 541.00 ns, 541.0000 ns/op
OverheadActual  16: 1 op, 551.00 ns, 551.0000 ns/op
OverheadActual  17: 1 op, 511.00 ns, 511.0000 ns/op
OverheadActual  18: 1 op, 551.00 ns, 551.0000 ns/op
OverheadActual  19: 1 op, 430.00 ns, 430.0000 ns/op
OverheadActual  20: 1 op, 491.00 ns, 491.0000 ns/op

WorkloadWarmup   1: 1 op, 2448818.00 ns, 2.4488 ms/op
WorkloadWarmup   2: 1 op, 1893144.00 ns, 1.8931 ms/op
WorkloadWarmup   3: 1 op, 1784122.00 ns, 1.7841 ms/op

// BeforeActualRun
WorkloadActual   1: 1 op, 5882935.00 ns, 5.8829 ms/op
WorkloadActual   2: 1 op, 1716147.00 ns, 1.7161 ms/op
WorkloadActual   3: 1 op, 1942645.00 ns, 1.9426 ms/op

// AfterActualRun
WorkloadResult   1: 1 op, 5882424.00 ns, 5.8824 ms/op
WorkloadResult   2: 1 op, 1715636.00 ns, 1.7156 ms/op
WorkloadResult   3: 1 op, 1942134.00 ns, 1.9421 ms/op
// GC:  0 0 0 950584 1
// Threading:  0 0 1

// AfterAll
// Benchmark Process 1604026 has exited with code 0.

Mean = 3.180 ms, StdErr = 1.353 ms (42.54%), N = 3, StdDev = 2.343 ms
Min = 1.716 ms, Q1 = 1.829 ms, Median = 1.942 ms, Q3 = 3.912 ms, Max = 5.882 ms
IQR = 2.083 ms, LowerFence = -1.296 ms, UpperFence = 7.037 ms
ConfidenceInterval = [-39.566 ms; 45.926 ms] (CI 99.9%), Margin = 42.746 ms (1344.19% of Mean)
Skewness = 0.38, Kurtosis = 0.67, MValue = 2

// ** Remained 1 (1.0%) benchmark(s) to run. Estimated finish 2026-09-22 17:01 (0h 0m from now) **
// **************************
// Benchmark: SessionSetupDecompositionBenchmarks.ComponentA9b_DictionaryGrowthNoResize: ShortRun(InvocationCount=1, IterationCount=3, LaunchCount=1, UnrollFactor=1, WarmupCount=3) [Sessions=1000]
// *** Execute ***
// Launch: 1 / 1
// Execute: dotnet WinForward.Benchmarks-ShortRun-1.dll --anonymousPipes 123 125 --benchmarkName "WinForward.Benchmarks.Perf.SessionSetupDecompositionBenchmarks.ComponentA9b_DictionaryGrowthNoResize(Sessions: 1000)" --job ShortRun --benchmarkId 98 in /home/paff/Projects/WinForward/benchmarks/WinForward.Benchmarks/bin/Release/net10.0/WinForward.Benchmarks-ShortRun-1/bin/Release/net10.0
// Failed to set up high priority (Permission denied). In order to run benchmarks with high priority, make sure you have the right permissions.
// BeforeAnythingElse

// Benchmark Process Environment Information:
// BenchmarkDotNet v0.15.8
// Runtime=.NET 10.0.12 (10.0.12, 10.0.1226.42308), X64 RyuJIT x86-64-v4
// GC=Concurrent Workstation
// HardwareIntrinsics=AVX512 BITALG+VBMI2+VNNI+VPOPCNTDQ,AVX512 IFMA+VBMI,AVX512 F+BW+CD+DQ+VL,AVX2+BMI1+BMI2+F16C+FMA+LZCNT+MOVBE,AVX,SSE3+SSSE3+SSE4.1+SSE4.2+POPCNT,X86Base+SSE+SSE2,AES+PCLMUL,AvxVnni VectorSize=256
// Job: ShortRun(InvocationCount=1, IterationCount=3, LaunchCount=1, UnrollFactor=1, WarmupCount=3)

OverheadJitting  1: 1 op, 260751.00 ns, 260.7510 us/op
WorkloadJitting  1: 1 op, 12755317.00 ns, 12.7553 ms/op

OverheadWarmup   1: 1 op, 671.00 ns, 671.0000 ns/op
OverheadWarmup   2: 1 op, 270.00 ns, 270.0000 ns/op
OverheadWarmup   3: 1 op, 260.00 ns, 260.0000 ns/op
OverheadWarmup   4: 1 op, 581.00 ns, 581.0000 ns/op
OverheadWarmup   5: 1 op, 601.00 ns, 601.0000 ns/op
OverheadWarmup   6: 1 op, 631.00 ns, 631.0000 ns/op
OverheadWarmup   7: 1 op, 551.00 ns, 551.0000 ns/op
OverheadWarmup   8: 1 op, 621.00 ns, 621.0000 ns/op
OverheadWarmup   9: 1 op, 260.00 ns, 260.0000 ns/op

OverheadActual   1: 1 op, 420.00 ns, 420.0000 ns/op
OverheadActual   2: 1 op, 571.00 ns, 571.0000 ns/op
OverheadActual   3: 1 op, 571.00 ns, 571.0000 ns/op
OverheadActual   4: 1 op, 571.00 ns, 571.0000 ns/op
OverheadActual   5: 1 op, 521.00 ns, 521.0000 ns/op
OverheadActual   6: 1 op, 271.00 ns, 271.0000 ns/op
OverheadActual   7: 1 op, 471.00 ns, 471.0000 ns/op
OverheadActual   8: 1 op, 471.00 ns, 471.0000 ns/op
OverheadActual   9: 1 op, 561.00 ns, 561.0000 ns/op
OverheadActual  10: 1 op, 601.00 ns, 601.0000 ns/op
OverheadActual  11: 1 op, 701.00 ns, 701.0000 ns/op
OverheadActual  12: 1 op, 511.00 ns, 511.0000 ns/op
OverheadActual  13: 1 op, 350.00 ns, 350.0000 ns/op
OverheadActual  14: 1 op, 361.00 ns, 361.0000 ns/op
OverheadActual  15: 1 op, 361.00 ns, 361.0000 ns/op
OverheadActual  16: 1 op, 481.00 ns, 481.0000 ns/op
OverheadActual  17: 1 op, 450.00 ns, 450.0000 ns/op
OverheadActual  18: 1 op, 461.00 ns, 461.0000 ns/op
OverheadActual  19: 1 op, 370.00 ns, 370.0000 ns/op
OverheadActual  20: 1 op, 471.00 ns, 471.0000 ns/op

WorkloadWarmup   1: 1 op, 2440824.00 ns, 2.4408 ms/op
WorkloadWarmup   2: 1 op, 1811612.00 ns, 1.8116 ms/op
WorkloadWarmup   3: 1 op, 1750631.00 ns, 1.7506 ms/op

// BeforeActualRun
WorkloadActual   1: 1 op, 5659162.00 ns, 5.6592 ms/op
WorkloadActual   2: 1 op, 1597317.00 ns, 1.5973 ms/op
WorkloadActual   3: 1 op, 1633183.00 ns, 1.6332 ms/op

// AfterActualRun
WorkloadResult   1: 1 op, 5658691.00 ns, 5.6587 ms/op
WorkloadResult   2: 1 op, 1596846.00 ns, 1.5968 ms/op
WorkloadResult   3: 1 op, 1632712.00 ns, 1.6327 ms/op
// GC:  0 0 0 787288 1
// Threading:  0 0 1

// AfterAll
// Benchmark Process 1604035 has exited with code 0.

Mean = 2.963 ms, StdErr = 1.348 ms (45.50%), N = 3, StdDev = 2.335 ms
Min = 1.597 ms, Q1 = 1.615 ms, Median = 1.633 ms, Q3 = 3.646 ms, Max = 5.659 ms
IQR = 2.031 ms, LowerFence = -1.432 ms, UpperFence = 6.692 ms
ConfidenceInterval = [-39.633 ms; 45.559 ms] (CI 99.9%), Margin = 42.596 ms (1437.71% of Mean)
Skewness = 0.38, Kurtosis = 0.67, MValue = 2

// ** Remained 0 (0.0%) benchmark(s) to run. Estimated finish 2026-09-22 17:01 (0h 0m from now) **
// ***** BenchmarkRunner: Finish  *****

// * Export *
  BenchmarkDotNet.Artifacts/results/WinForward.Benchmarks.Perf.SessionSetupDecompositionBenchmarks-report.csv
  BenchmarkDotNet.Artifacts/results/WinForward.Benchmarks.Perf.SessionSetupDecompositionBenchmarks-report-github.md
  BenchmarkDotNet.Artifacts/results/WinForward.Benchmarks.Perf.SessionSetupDecompositionBenchmarks-report.html

// * Detailed results *
SessionSetupDecompositionBenchmarks.StageS0_CoordinatorOnly: ShortRun(InvocationCount=1, IterationCount=3, LaunchCount=1, UnrollFactor=1, WarmupCount=3) [Sessions=1]
Runtime = .NET 10.0.12 (10.0.12, 10.0.1226.42308), X64 RyuJIT x86-64-v4; GC = Concurrent Workstation
Mean = 25.645 us, StdErr = 9.627 us (37.54%), N = 3, StdDev = 16.674 us
Min = 15.784 us, Q1 = 16.020 us, Median = 16.255 us, Q3 = 30.576 us, Max = 44.897 us
IQR = 14.556 us, LowerFence = -5.815 us, UpperFence = 52.411 us
ConfidenceInterval = [-278.552 us; 329.843 us] (CI 99.9%), Margin = 304.198 us (1186.17% of Mean)
Skewness = 0.38, Kurtosis = 0.67, MValue = 2
-------------------- Histogram --------------------
[15.166 us ; 45.515 us) | @@@
---------------------------------------------------

SessionSetupDecompositionBenchmarks.StageS1_AdmissionOnlyAsync: ShortRun(InvocationCount=1, IterationCount=3, LaunchCount=1, UnrollFactor=1, WarmupCount=3) [Sessions=1]
Runtime = .NET 10.0.12 (10.0.12, 10.0.1226.42308), X64 RyuJIT x86-64-v4; GC = Concurrent Workstation
Mean = 69.877 us, StdErr = 15.399 us (22.04%), N = 3, StdDev = 26.672 us
Min = 39.788 us, Q1 = 59.510 us, Median = 79.231 us, Q3 = 84.921 us, Max = 90.612 us
IQR = 25.412 us, LowerFence = 21.392 us, UpperFence = 123.040 us
ConfidenceInterval = [-416.719 us; 556.473 us] (CI 99.9%), Margin = 486.596 us (696.36% of Mean)
Skewness = -0.31, Kurtosis = 0.67, MValue = 2
-------------------- Histogram --------------------
[15.516 us ;  60.649 us) | @
[60.649 us ; 114.884 us) | @@
---------------------------------------------------

SessionSetupDecompositionBenchmarks.StageS2_SetupStartedAsync: ShortRun(InvocationCount=1, IterationCount=3, LaunchCount=1, UnrollFactor=1, WarmupCount=3) [Sessions=1]
Runtime = .NET 10.0.12 (10.0.12, 10.0.1226.42308), X64 RyuJIT x86-64-v4; GC = Concurrent Workstation
Mean = 72.065 ms, StdErr = 0.411 ms (0.57%), N = 3, StdDev = 0.713 ms
Min = 71.285 ms, Q1 = 71.757 ms, Median = 72.228 ms, Q3 = 72.455 ms, Max = 72.682 ms
IQR = 0.698 ms, LowerFence = 70.709 ms, UpperFence = 73.503 ms
ConfidenceInterval = [59.066 ms; 85.064 ms] (CI 99.9%), Margin = 12.999 ms (18.04% of Mean)
Skewness = -0.22, Kurtosis = 0.67, MValue = 2
-------------------- Histogram --------------------
[70.637 ms ; 73.180 ms) | @@@
---------------------------------------------------

SessionSetupDecompositionBenchmarks.StageS3_PipelineNoPayloadAsync: ShortRun(InvocationCount=1, IterationCount=3, LaunchCount=1, UnrollFactor=1, WarmupCount=3) [Sessions=1]
Runtime = .NET 10.0.12 (10.0.12, 10.0.1226.42308), X64 RyuJIT x86-64-v4; GC = Concurrent Workstation
Mean = 31.103 ms, StdErr = 0.491 ms (1.58%), N = 3, StdDev = 0.851 ms
Min = 30.405 ms, Q1 = 30.628 ms, Median = 30.852 ms, Q3 = 31.451 ms, Max = 32.051 ms
IQR = 0.823 ms, LowerFence = 29.394 ms, UpperFence = 32.685 ms
ConfidenceInterval = [15.579 ms; 46.626 ms] (CI 99.9%), Margin = 15.524 ms (49.91% of Mean)
Skewness = 0.27, Kurtosis = 0.67, MValue = 2
-------------------- Histogram --------------------
[29.854 ms ; 31.403 ms) | @@
[31.403 ms ; 32.825 ms) | @
---------------------------------------------------

SessionSetupDecompositionBenchmarks.StageS4_ReadinessTeardownOutsideAsync: ShortRun(InvocationCount=1, IterationCount=3, LaunchCount=1, UnrollFactor=1, WarmupCount=3) [Sessions=1]
Runtime = .NET 10.0.12 (10.0.12, 10.0.1226.42308), X64 RyuJIT x86-64-v4; GC = Concurrent Workstation
Mean = 31.076 ms, StdErr = 0.348 ms (1.12%), N = 3, StdDev = 0.602 ms
Min = 30.414 ms, Q1 = 30.818 ms, Median = 31.223 ms, Q3 = 31.407 ms, Max = 31.591 ms
IQR = 0.589 ms, LowerFence = 29.935 ms, UpperFence = 32.290 ms
ConfidenceInterval = [20.087 ms; 42.064 ms] (CI 99.9%), Margin = 10.988 ms (35.36% of Mean)
Skewness = -0.23, Kurtosis = 0.67, MValue = 2
-------------------- Histogram --------------------
[29.865 ms ; 30.859 ms) | @
[30.859 ms ; 32.139 ms) | @@
---------------------------------------------------

SessionSetupDecompositionBenchmarks.StageS5_ReadinessTeardownInsideAsync: ShortRun(InvocationCount=1, IterationCount=3, LaunchCount=1, UnrollFactor=1, WarmupCount=3) [Sessions=1]
Runtime = .NET 10.0.12 (10.0.12, 10.0.1226.42308), X64 RyuJIT x86-64-v4; GC = Concurrent Workstation
Mean = 45.058 ms, StdErr = 0.077 ms (0.17%), N = 3, StdDev = 0.134 ms
Min = 44.934 ms, Q1 = 44.988 ms, Median = 45.041 ms, Q3 = 45.121 ms, Max = 45.200 ms
IQR = 0.133 ms, LowerFence = 44.787 ms, UpperFence = 45.321 ms
ConfidenceInterval = [42.611 ms; 47.506 ms] (CI 99.9%), Margin = 2.447 ms (5.43% of Mean)
Skewness = 0.12, Kurtosis = 0.67, MValue = 2
-------------------- Histogram --------------------
[44.811 ms ; 45.322 ms) | @@@
---------------------------------------------------

SessionSetupDecompositionBenchmarks.StageT1_SessionTeardownInsideAsync: ShortRun(InvocationCount=1, IterationCount=3, LaunchCount=1, UnrollFactor=1, WarmupCount=3) [Sessions=1]
Runtime = .NET 10.0.12 (10.0.12, 10.0.1226.42308), X64 RyuJIT x86-64-v4; GC = Concurrent Workstation
Mean = 384.793 us, StdErr = 44.857 us (11.66%), N = 3, StdDev = 77.695 us
Min = 332.814 us, Q1 = 340.135 us, Median = 347.456 us, Q3 = 410.782 us, Max = 474.108 us
IQR = 70.647 us, LowerFence = 234.165 us, UpperFence = 516.753 us
ConfidenceInterval = [-1,032.654 us; 1,802.239 us] (CI 99.9%), Margin = 1,417.447 us (368.37% of Mean)
Skewness = 0.37, Kurtosis = 0.67, MValue = 2
-------------------- Histogram --------------------
[332.756 us ; 474.166 us) | @@@
---------------------------------------------------

SessionSetupDecompositionBenchmarks.StageT3_ExpiryRetireInsideAsync: ShortRun(InvocationCount=1, IterationCount=3, LaunchCount=1, UnrollFactor=1, WarmupCount=3) [Sessions=1]
Runtime = .NET 10.0.12 (10.0.12, 10.0.1226.42308), X64 RyuJIT x86-64-v4; GC = Concurrent Workstation
Mean = 31.748 ms, StdErr = 0.691 ms (2.18%), N = 3, StdDev = 1.197 ms
Min = 30.457 ms, Q1 = 31.213 ms, Median = 31.969 ms, Q3 = 32.394 ms, Max = 32.819 ms
IQR = 1.181 ms, LowerFence = 29.441 ms, UpperFence = 34.166 ms
ConfidenceInterval = [9.919 ms; 53.578 ms] (CI 99.9%), Margin = 21.829 ms (68.76% of Mean)
Skewness = -0.18, Kurtosis = 0.67, MValue = 2
-------------------- Histogram --------------------
[29.368 ms ; 31.305 ms) | @
[31.305 ms ; 33.908 ms) | @@
---------------------------------------------------

SessionSetupDecompositionBenchmarks.StageT5_NonThrowingParkTeardownAsync: ShortRun(InvocationCount=1, IterationCount=3, LaunchCount=1, UnrollFactor=1, WarmupCount=3) [Sessions=1]
Runtime = .NET 10.0.12 (10.0.12, 10.0.1226.42308), X64 RyuJIT x86-64-v4; GC = Concurrent Workstation
Mean = 264.455 us, StdErr = 8.610 us (3.26%), N = 3, StdDev = 14.912 us
Min = 254.375 us, Q1 = 255.890 us, Median = 257.405 us, Q3 = 269.495 us, Max = 281.585 us
IQR = 13.605 us, LowerFence = 235.482 us, UpperFence = 289.902 us
ConfidenceInterval = [-7.599 us; 536.509 us] (CI 99.9%), Margin = 272.054 us (102.87% of Mean)
Skewness = 0.37, Kurtosis = 0.67, MValue = 2
-------------------- Histogram --------------------
[240.804 us ; 269.461 us) | @@
[269.461 us ; 295.156 us) | @
---------------------------------------------------

SessionSetupDecompositionBenchmarks.BaselineF_FakeTransportCreationAsync: ShortRun(InvocationCount=1, IterationCount=3, LaunchCount=1, UnrollFactor=1, WarmupCount=3) [Sessions=1]
Runtime = .NET 10.0.12 (10.0.12, 10.0.1226.42308), X64 RyuJIT x86-64-v4; GC = Concurrent Workstation
Mean = 10.810 us, StdErr = 1.446 us (13.38%), N = 3, StdDev = 2.505 us
Min = 8.626 us, Q1 = 9.443 us, Median = 10.259 us, Q3 = 11.902 us, Max = 13.545 us
IQR = 2.459 us, LowerFence = 5.753 us, UpperFence = 15.591 us
ConfidenceInterval = [-34.897 us; 56.517 us] (CI 99.9%), Margin = 45.707 us (422.82% of Mean)
Skewness = 0.21, Kurtosis = 0.67, MValue = 2
-------------------- Histogram --------------------
[ 7.163 us ; 11.722 us) | @@
[11.722 us ; 15.825 us) | @
---------------------------------------------------

SessionSetupDecompositionBenchmarks.BaselineH_FlowKeyConstruction: ShortRun(InvocationCount=1, IterationCount=3, LaunchCount=1, UnrollFactor=1, WarmupCount=3) [Sessions=1]
Runtime = .NET 10.0.12 (10.0.12, 10.0.1226.42308), X64 RyuJIT x86-64-v4; GC = Concurrent Workstation
Mean = 14.198 us, StdErr = 0.662 us (4.67%), N = 3, StdDev = 1.147 us
Min = 13.280 us, Q1 = 13.556 us, Median = 13.832 us, Q3 = 14.658 us, Max = 15.485 us
IQR = 1.103 us, LowerFence = 11.902 us, UpperFence = 16.312 us
ConfidenceInterval = [-6.734 us; 35.131 us] (CI 99.9%), Margin = 20.933 us (147.43% of Mean)
Skewness = 0.29, Kurtosis = 0.67, MValue = 2
-------------------- Histogram --------------------
[12.511 us ; 14.600 us) | @@
[14.600 us ; 16.529 us) | @
---------------------------------------------------

SessionSetupDecompositionBenchmarks.ComponentC1_AssociationClaimRelease: ShortRun(InvocationCount=1, IterationCount=3, LaunchCount=1, UnrollFactor=1, WarmupCount=3) [Sessions=1]
Runtime = .NET 10.0.12 (10.0.12, 10.0.1226.42308), X64 RyuJIT x86-64-v4; GC = Concurrent Workstation
Mean = 27.539 us, StdErr = 0.371 us (1.35%), N = 3, StdDev = 0.642 us
Min = 26.925 us, Q1 = 27.206 us, Median = 27.486 us, Q3 = 27.846 us, Max = 28.206 us
IQR = 0.640 us, LowerFence = 26.245 us, UpperFence = 28.807 us
ConfidenceInterval = [15.824 us; 39.254 us] (CI 99.9%), Margin = 11.715 us (42.54% of Mean)
Skewness = 0.08, Kurtosis = 0.67, MValue = 2
-------------------- Histogram --------------------
[26.621 us ; 27.790 us) | @@
[27.790 us ; 28.790 us) | @
---------------------------------------------------

SessionSetupDecompositionBenchmarks.ComponentC2_SessionConstructStartAsync: ShortRun(InvocationCount=1, IterationCount=3, LaunchCount=1, UnrollFactor=1, WarmupCount=3) [Sessions=1]
Runtime = .NET 10.0.12 (10.0.12, 10.0.1226.42308), X64 RyuJIT x86-64-v4; GC = Concurrent Workstation
Mean = 72.525 us, StdErr = 17.024 us (23.47%), N = 3, StdDev = 29.486 us
Min = 42.674 us, Q1 = 57.972 us, Median = 73.270 us, Q3 = 87.451 us, Max = 101.632 us
IQR = 29.479 us, LowerFence = 13.754 us, UpperFence = 131.669 us
ConfidenceInterval = [-465.410 us; 610.461 us] (CI 99.9%), Margin = 537.935 us (741.72% of Mean)
Skewness = -0.03, Kurtosis = 0.67, MValue = 2
-------------------- Histogram --------------------
[15.841 us ;  60.618 us) | @
[60.618 us ; 114.284 us) | @@
---------------------------------------------------

SessionSetupDecompositionBenchmarks.ComponentC2a1_ContextRecordStaticLambda: ShortRun(InvocationCount=1, IterationCount=3, LaunchCount=1, UnrollFactor=1, WarmupCount=3) [Sessions=1]
Runtime = .NET 10.0.12 (10.0.12, 10.0.1226.42308), X64 RyuJIT x86-64-v4; GC = Concurrent Workstation
Mean = 22.862 us, StdErr = 1.306 us (5.71%), N = 3, StdDev = 2.262 us
Min = 20.257 us, Q1 = 22.131 us, Median = 24.004 us, Q3 = 24.165 us, Max = 24.325 us
IQR = 2.034 us, LowerFence = 19.079 us, UpperFence = 27.215 us
ConfidenceInterval = [-18.400 us; 64.124 us] (CI 99.9%), Margin = 41.262 us (180.48% of Mean)
Skewness = -0.38, Kurtosis = 0.67, MValue = 2
-------------------- Histogram --------------------
[20.233 us ; 24.349 us) | @@@
---------------------------------------------------

SessionSetupDecompositionBenchmarks.ComponentC2a2_ContextRecordMethodGroup: ShortRun(InvocationCount=1, IterationCount=3, LaunchCount=1, UnrollFactor=1, WarmupCount=3) [Sessions=1]
Runtime = .NET 10.0.12 (10.0.12, 10.0.1226.42308), X64 RyuJIT x86-64-v4; GC = Concurrent Workstation
Mean = 25.504 us, StdErr = 1.976 us (7.75%), N = 3, StdDev = 3.422 us
Min = 21.971 us, Q1 = 23.855 us, Median = 25.738 us, Q3 = 27.270 us, Max = 28.803 us
IQR = 3.416 us, LowerFence = 18.730 us, UpperFence = 32.395 us
ConfidenceInterval = [-36.926 us; 87.934 us] (CI 99.9%), Margin = 62.430 us (244.79% of Mean)
Skewness = -0.07, Kurtosis = 0.67, MValue = 2
-------------------- Histogram --------------------
[18.857 us ; 24.156 us) | @
[24.156 us ; 30.385 us) | @@
---------------------------------------------------

SessionSetupDecompositionBenchmarks.ComponentC2b_SessionConstructOnly: ShortRun(InvocationCount=1, IterationCount=3, LaunchCount=1, UnrollFactor=1, WarmupCount=3) [Sessions=1]
Runtime = .NET 10.0.12 (10.0.12, 10.0.1226.42308), X64 RyuJIT x86-64-v4; GC = Concurrent Workstation
Mean = 36.030 us, StdErr = 10.703 us (29.71%), N = 3, StdDev = 18.538 us
Min = 23.082 us, Q1 = 25.412 us, Median = 27.741 us, Q3 = 42.504 us, Max = 57.266 us
IQR = 17.091 us, LowerFence = -0.225 us, UpperFence = 68.141 us
ConfidenceInterval = [-302.165 us; 374.224 us] (CI 99.9%), Margin = 338.194 us (938.65% of Mean)
Skewness = 0.36, Kurtosis = 0.67, MValue = 2
-------------------- Histogram --------------------
[ 6.213 us ; 42.282 us) | @@
[42.282 us ; 74.135 us) | @
---------------------------------------------------

SessionSetupDecompositionBenchmarks.ComponentC2c1_ScopeConstructLinked: ShortRun(InvocationCount=1, IterationCount=3, LaunchCount=1, UnrollFactor=1, WarmupCount=3) [Sessions=1]
Runtime = .NET 10.0.12 (10.0.12, 10.0.1226.42308), X64 RyuJIT x86-64-v4; GC = Concurrent Workstation
Mean = 24.691 us, StdErr = 18.248 us (73.91%), N = 3, StdDev = 31.607 us
Min = 5.194 us, Q1 = 6.457 us, Median = 7.720 us, Q3 = 34.439 us, Max = 61.158 us
IQR = 27.982 us, LowerFence = -35.516 us, UpperFence = 76.412 us
ConfidenceInterval = [-551.937 us; 601.318 us] (CI 99.9%), Margin = 576.627 us (2335.41% of Mean)
Skewness = 0.38, Kurtosis = 0.67, MValue = 2
-------------------- Histogram --------------------
[4.413 us ; 61.939 us) | @@@
---------------------------------------------------

SessionSetupDecompositionBenchmarks.ComponentC2c2_ScopeConstructUnlinked: ShortRun(InvocationCount=1, IterationCount=3, LaunchCount=1, UnrollFactor=1, WarmupCount=3) [Sessions=1]
Runtime = .NET 10.0.12 (10.0.12, 10.0.1226.42308), X64 RyuJIT x86-64-v4; GC = Concurrent Workstation
Mean = 6.046 us, StdErr = 0.026 us (0.44%), N = 3, StdDev = 0.046 us
Min = 5.996 us, Q1 = 6.026 us, Median = 6.056 us, Q3 = 6.071 us, Max = 6.086 us
IQR = 0.045 us, LowerFence = 5.958 us, UpperFence = 6.138 us
ConfidenceInterval = [5.210 us; 6.882 us] (CI 99.9%), Margin = 0.836 us (13.83% of Mean)
Skewness = -0.21, Kurtosis = 0.67, MValue = 2
-------------------- Histogram --------------------
[5.954 us ; 6.128 us) | @@@
---------------------------------------------------

SessionSetupDecompositionBenchmarks.ComponentC2e_LockConstruction: ShortRun(InvocationCount=1, IterationCount=3, LaunchCount=1, UnrollFactor=1, WarmupCount=3) [Sessions=1]
Runtime = .NET 10.0.12 (10.0.12, 10.0.1226.42308), X64 RyuJIT x86-64-v4; GC = Concurrent Workstation
Mean = 7.672 us, StdErr = 5.091 us (66.35%), N = 3, StdDev = 8.817 us
Min = 2.299 us, Q1 = 2.584 us, Median = 2.870 us, Q3 = 10.359 us, Max = 17.848 us
IQR = 7.774 us, LowerFence = -9.077 us, UpperFence = 22.021 us
ConfidenceInterval = [-153.183 us; 168.527 us] (CI 99.9%), Margin = 160.855 us (2096.56% of Mean)
Skewness = 0.38, Kurtosis = 0.67, MValue = 2
-------------------- Histogram --------------------
[2.050 us ; 18.097 us) | @@@
---------------------------------------------------

SessionSetupDecompositionBenchmarks.ComponentC2e_TaskCompletionSourceConstruction: ShortRun(InvocationCount=1, IterationCount=3, LaunchCount=1, UnrollFactor=1, WarmupCount=3) [Sessions=1]
Runtime = .NET 10.0.12 (10.0.12, 10.0.1226.42308), X64 RyuJIT x86-64-v4; GC = Concurrent Workstation
Mean = 3.558 us, StdErr = 0.389 us (10.94%), N = 3, StdDev = 0.674 us
Min = 2.800 us, Q1 = 3.291 us, Median = 3.781 us, Q3 = 3.937 us, Max = 4.092 us
IQR = 0.646 us, LowerFence = 2.321 us, UpperFence = 4.905 us
ConfidenceInterval = [-8.745 us; 15.860 us] (CI 99.9%), Margin = 12.302 us (345.80% of Mean)
Skewness = -0.29, Kurtosis = 0.67, MValue = 2
-------------------- Histogram --------------------
[2.186 us ; 3.323 us) | @
[3.323 us ; 4.706 us) | @@
---------------------------------------------------

SessionSetupDecompositionBenchmarks.ComponentC2e_LinkedTokenSourceConstruction: ShortRun(InvocationCount=1, IterationCount=3, LaunchCount=1, UnrollFactor=1, WarmupCount=3) [Sessions=1]
Runtime = .NET 10.0.12 (10.0.12, 10.0.1226.42308), X64 RyuJIT x86-64-v4; GC = Concurrent Workstation
Mean = 7.711 us, StdErr = 1.733 us (22.48%), N = 3, StdDev = 3.002 us
Min = 5.781 us, Q1 = 5.981 us, Median = 6.182 us, Q3 = 8.676 us, Max = 11.170 us
IQR = 2.695 us, LowerFence = 1.940 us, UpperFence = 12.718 us
ConfidenceInterval = [-47.062 us; 62.484 us] (CI 99.9%), Margin = 54.773 us (710.32% of Mean)
Skewness = 0.38, Kurtosis = 0.67, MValue = 2
-------------------- Histogram --------------------
[5.743 us ; 11.208 us) | @@@
---------------------------------------------------

SessionSetupDecompositionBenchmarks.ComponentE1_CanceledDelayAwaitAsync: ShortRun(InvocationCount=1, IterationCount=3, LaunchCount=1, UnrollFactor=1, WarmupCount=3) [Sessions=1]
Runtime = .NET 10.0.12 (10.0.12, 10.0.1226.42308), X64 RyuJIT x86-64-v4; GC = Concurrent Workstation
Mean = 49.897 us, StdErr = 9.343 us (18.72%), N = 3, StdDev = 16.182 us
Min = 38.346 us, Q1 = 40.650 us, Median = 42.954 us, Q3 = 55.673 us, Max = 68.392 us
IQR = 15.023 us, LowerFence = 18.116 us, UpperFence = 78.207 us
ConfidenceInterval = [-245.317 us; 345.112 us] (CI 99.9%), Margin = 295.215 us (591.64% of Mean)
Skewness = 0.35, Kurtosis = 0.67, MValue = 2
-------------------- Histogram --------------------
[23.620 us ; 55.376 us) | @@
[55.376 us ; 83.118 us) | @
---------------------------------------------------

SessionSetupDecompositionBenchmarks.ComponentE2_SetupExecutorDisposeAsync: ShortRun(InvocationCount=1, IterationCount=3, LaunchCount=1, UnrollFactor=1, WarmupCount=3) [Sessions=1]
Runtime = .NET 10.0.12 (10.0.12, 10.0.1226.42308), X64 RyuJIT x86-64-v4; GC = Concurrent Workstation
Mean = 166.439 ms, StdErr = 71.015 ms (42.67%), N = 3, StdDev = 123.001 ms
Min = 94.239 ms, Q1 = 95.428 ms, Median = 96.617 ms, Q3 = 202.540 ms, Max = 308.463 ms
IQR = 107.112 ms, LowerFence = -65.240 ms, UpperFence = 363.208 ms
ConfidenceInterval = [-2,077.565 ms; 2,410.444 ms] (CI 99.9%), Margin = 2,244.004 ms (1348.24% of Mean)
Skewness = 0.38, Kurtosis = 0.67, MValue = 2
-------------------- Histogram --------------------
[89.415 ms ; 313.287 ms) | @@@
---------------------------------------------------

SessionSetupDecompositionBenchmarks.ComponentA1_AssociationTablePreSeed: ShortRun(InvocationCount=1, IterationCount=3, LaunchCount=1, UnrollFactor=1, WarmupCount=3) [Sessions=1]
Runtime = .NET 10.0.12 (10.0.12, 10.0.1226.42308), X64 RyuJIT x86-64-v4; GC = Concurrent Workstation
Mean = 9.250 us, StdErr = 5.339 us (57.72%), N = 3, StdDev = 9.247 us
Min = 3.727 us, Q1 = 3.913 us, Median = 4.098 us, Q3 = 12.012 us, Max = 19.926 us
IQR = 8.100 us, LowerFence = -8.237 us, UpperFence = 24.161 us
ConfidenceInterval = [-159.454 us; 177.955 us] (CI 99.9%), Margin = 168.704 us (1823.77% of Mean)
Skewness = 0.38, Kurtosis = 0.67, MValue = 2
-------------------- Histogram --------------------
[3.411 us ; 20.242 us) | @@@
---------------------------------------------------

SessionSetupDecompositionBenchmarks.ComponentA2_SessionDictionaryPreSeed: ShortRun(InvocationCount=1, IterationCount=3, LaunchCount=1, UnrollFactor=1, WarmupCount=3) [Sessions=1]
Runtime = .NET 10.0.12 (10.0.12, 10.0.1226.42308), X64 RyuJIT x86-64-v4; GC = Concurrent Workstation
Mean = 18.007 us, StdErr = 8.510 us (47.26%), N = 3, StdDev = 14.741 us
Min = 3.557 us, Q1 = 10.500 us, Median = 17.443 us, Q3 = 25.233 us, Max = 33.022 us
IQR = 14.732 us, LowerFence = -11.599 us, UpperFence = 47.331 us
ConfidenceInterval = [-250.916 us; 286.931 us] (CI 99.9%), Margin = 268.923 us (1493.41% of Mean)
Skewness = 0.04, Kurtosis = 0.67, MValue = 2
-------------------- Histogram --------------------
[ 3.557 us ; 23.914 us) | @@
[23.914 us ; 46.436 us) | @
---------------------------------------------------

SessionSetupDecompositionBenchmarks.ComponentA3_CooldownTableConstruction: ShortRun(InvocationCount=1, IterationCount=3, LaunchCount=1, UnrollFactor=1, WarmupCount=3) [Sessions=1]
Runtime = .NET 10.0.12 (10.0.12, 10.0.1226.42308), X64 RyuJIT x86-64-v4; GC = Concurrent Workstation
Mean = 7.834 us, StdErr = 5.025 us (64.14%), N = 3, StdDev = 8.703 us
Min = 2.715 us, Q1 = 2.810 us, Median = 2.905 us, Q3 = 10.394 us, Max = 17.883 us
IQR = 7.584 us, LowerFence = -8.566 us, UpperFence = 21.770 us
ConfidenceInterval = [-150.939 us; 166.608 us] (CI 99.9%), Margin = 158.774 us (2026.64% of Mean)
Skewness = 0.38, Kurtosis = 0.67, MValue = 2
-------------------- Histogram --------------------
[2.379 us ; 18.219 us) | @@@
---------------------------------------------------

SessionSetupDecompositionBenchmarks.ComponentA4_SlotAndQueueObjects: ShortRun(InvocationCount=1, IterationCount=3, LaunchCount=1, UnrollFactor=1, WarmupCount=3) [Sessions=1]
Runtime = .NET 10.0.12 (10.0.12, 10.0.1226.42308), X64 RyuJIT x86-64-v4; GC = Concurrent Workstation
Mean = 8.493 us, StdErr = 4.595 us (54.11%), N = 3, StdDev = 7.959 us
Min = 3.857 us, Q1 = 3.897 us, Median = 3.938 us, Q3 = 10.810 us, Max = 17.683 us
IQR = 6.913 us, LowerFence = -6.472 us, UpperFence = 21.180 us
ConfidenceInterval = [-136.717 us; 153.703 us] (CI 99.9%), Margin = 145.210 us (1709.79% of Mean)
Skewness = 0.38, Kurtosis = 0.67, MValue = 2
-------------------- Histogram --------------------
[3.527 us ; 18.014 us) | @@@
---------------------------------------------------

SessionSetupDecompositionBenchmarks.ComponentA5_CompletionCell: ShortRun(InvocationCount=1, IterationCount=3, LaunchCount=1, UnrollFactor=1, WarmupCount=3) [Sessions=1]
Runtime = .NET 10.0.12 (10.0.12, 10.0.1226.42308), X64 RyuJIT x86-64-v4; GC = Concurrent Workstation
Mean = 8.559 us, StdErr = 4.910 us (57.37%), N = 3, StdDev = 8.504 us
Min = 3.175 us, Q1 = 3.657 us, Median = 4.138 us, Q3 = 11.251 us, Max = 18.363 us
IQR = 7.594 us, LowerFence = -7.734 us, UpperFence = 22.642 us
ConfidenceInterval = [-146.594 us; 163.712 us] (CI 99.9%), Margin = 155.153 us (1812.71% of Mean)
Skewness = 0.38, Kurtosis = 0.67, MValue = 2
-------------------- Histogram --------------------
[3.030 us ; 18.509 us) | @@@
---------------------------------------------------

SessionSetupDecompositionBenchmarks.ComponentA6_ColdRent: ShortRun(InvocationCount=1, IterationCount=3, LaunchCount=1, UnrollFactor=1, WarmupCount=3) [Sessions=1]
Runtime = .NET 10.0.12 (10.0.12, 10.0.1226.42308), X64 RyuJIT x86-64-v4; GC = Concurrent Workstation
Mean = 8.931 us, StdErr = 0.141 us (1.58%), N = 3, StdDev = 0.245 us
Min = 8.761 us, Q1 = 8.791 us, Median = 8.821 us, Q3 = 9.017 us, Max = 9.212 us
IQR = 0.226 us, LowerFence = 8.453 us, UpperFence = 9.355 us
ConfidenceInterval = [4.463 us; 13.399 us] (CI 99.9%), Margin = 4.468 us (50.03% of Mean)
Skewness = 0.36, Kurtosis = 0.67, MValue = 2
-------------------- Histogram --------------------
[8.538 us ; 9.014 us) | @@
[9.014 us ; 9.435 us) | @
---------------------------------------------------

SessionSetupDecompositionBenchmarks.ComponentA7_EnqueueCycle: ShortRun(InvocationCount=1, IterationCount=3, LaunchCount=1, UnrollFactor=1, WarmupCount=3) [Sessions=1]
Runtime = .NET 10.0.12 (10.0.12, 10.0.1226.42308), X64 RyuJIT x86-64-v4; GC = Concurrent Workstation
Mean = 10.361 us, StdErr = 0.951 us (9.18%), N = 3, StdDev = 1.647 us
Min = 8.460 us, Q1 = 9.858 us, Median = 11.257 us, Q3 = 11.312 us, Max = 11.367 us
IQR = 1.453 us, LowerFence = 7.679 us, UpperFence = 13.491 us
ConfidenceInterval = [-19.685 us; 40.408 us] (CI 99.9%), Margin = 30.046 us (289.99% of Mean)
Skewness = -0.38, Kurtosis = 0.67, MValue = 2
-------------------- Histogram --------------------
[8.415 us ; 11.412 us) | @@@
---------------------------------------------------

SessionSetupDecompositionBenchmarks.ComponentA8_WarmRentAdmissionAsync: ShortRun(InvocationCount=1, IterationCount=3, LaunchCount=1, UnrollFactor=1, WarmupCount=3) [Sessions=1]
Runtime = .NET 10.0.12 (10.0.12, 10.0.1226.42308), X64 RyuJIT x86-64-v4; GC = Concurrent Workstation
Mean = 47.214 us, StdErr = 14.508 us (30.73%), N = 3, StdDev = 25.129 us
Min = 29.925 us, Q1 = 32.801 us, Median = 35.676 us, Q3 = 55.858 us, Max = 76.040 us
IQR = 23.058 us, LowerFence = -1.785 us, UpperFence = 90.445 us
ConfidenceInterval = [-411.240 us; 505.668 us] (CI 99.9%), Margin = 458.454 us (971.01% of Mean)
Skewness = 0.36, Kurtosis = 0.67, MValue = 2
-------------------- Histogram --------------------
[ 7.057 us ; 55.670 us) | @@
[55.670 us ; 98.909 us) | @
---------------------------------------------------

SessionSetupDecompositionBenchmarks.ComponentA9a_DictionaryGrowthSpansResize: ShortRun(InvocationCount=1, IterationCount=3, LaunchCount=1, UnrollFactor=1, WarmupCount=3) [Sessions=1]
Runtime = .NET 10.0.12 (10.0.12, 10.0.1226.42308), X64 RyuJIT x86-64-v4; GC = Concurrent Workstation
Mean = 3.258 ms, StdErr = 1.347 ms (41.35%), N = 3, StdDev = 2.334 ms
Min = 1.866 ms, Q1 = 1.911 ms, Median = 1.956 ms, Q3 = 3.954 ms, Max = 5.953 ms
IQR = 2.043 ms, LowerFence = -1.154 ms, UpperFence = 7.019 ms
ConfidenceInterval = [-39.319 ms; 45.835 ms] (CI 99.9%), Margin = 42.577 ms (1306.69% of Mean)
Skewness = 0.38, Kurtosis = 0.67, MValue = 2
-------------------- Histogram --------------------
[1.786 ms ; 6.033 ms) | @@@
---------------------------------------------------

SessionSetupDecompositionBenchmarks.ComponentA9b_DictionaryGrowthNoResize: ShortRun(InvocationCount=1, IterationCount=3, LaunchCount=1, UnrollFactor=1, WarmupCount=3) [Sessions=1]
Runtime = .NET 10.0.12 (10.0.12, 10.0.1226.42308), X64 RyuJIT x86-64-v4; GC = Concurrent Workstation
Mean = 3.073 ms, StdErr = 1.266 ms (41.19%), N = 3, StdDev = 2.192 ms
Min = 1.734 ms, Q1 = 1.808 ms, Median = 1.882 ms, Q3 = 3.743 ms, Max = 5.603 ms
IQR = 1.935 ms, LowerFence = -1.094 ms, UpperFence = 6.644 ms
ConfidenceInterval = [-36.923 ms; 43.069 ms] (CI 99.9%), Margin = 39.996 ms (1301.53% of Mean)
Skewness = 0.38, Kurtosis = 0.67, MValue = 2
-------------------- Histogram --------------------
[1.673 ms ; 5.664 ms) | @@@
---------------------------------------------------

SessionSetupDecompositionBenchmarks.StageS0_CoordinatorOnly: ShortRun(InvocationCount=1, IterationCount=3, LaunchCount=1, UnrollFactor=1, WarmupCount=3) [Sessions=100]
Runtime = .NET 10.0.12 (10.0.12, 10.0.1226.42308), X64 RyuJIT x86-64-v4; GC = Concurrent Workstation
Mean = 35.053 us, StdErr = 22.225 us (63.40%), N = 3, StdDev = 38.494 us
Min = 12.790 us, Q1 = 12.829 us, Median = 12.868 us, Q3 = 46.185 us, Max = 79.502 us
IQR = 33.356 us, LowerFence = -37.206 us, UpperFence = 96.220 us
ConfidenceInterval = [-667.220 us; 737.327 us] (CI 99.9%), Margin = 702.274 us (2003.43% of Mean)
Skewness = 0.38, Kurtosis = 0.67, MValue = 2
-------------------- Histogram --------------------
[11.115 us ; 81.177 us) | @@@
---------------------------------------------------

SessionSetupDecompositionBenchmarks.StageS1_AdmissionOnlyAsync: ShortRun(InvocationCount=1, IterationCount=3, LaunchCount=1, UnrollFactor=1, WarmupCount=3) [Sessions=100]
Runtime = .NET 10.0.12 (10.0.12, 10.0.1226.42308), X64 RyuJIT x86-64-v4; GC = Concurrent Workstation
Mean = 230.836 us, StdErr = 15.803 us (6.85%), N = 3, StdDev = 27.372 us
Min = 214.095 us, Q1 = 215.042 us, Median = 215.989 us, Q3 = 239.207 us, Max = 262.424 us
IQR = 24.165 us, LowerFence = 178.795 us, UpperFence = 275.453 us
ConfidenceInterval = [-268.538 us; 730.210 us] (CI 99.9%), Margin = 499.374 us (216.33% of Mean)
Skewness = 0.38, Kurtosis = 0.67, MValue = 2
-------------------- Histogram --------------------
[213.350 us ; 263.169 us) | @@@
---------------------------------------------------

SessionSetupDecompositionBenchmarks.StageS2_SetupStartedAsync: ShortRun(InvocationCount=1, IterationCount=3, LaunchCount=1, UnrollFactor=1, WarmupCount=3) [Sessions=100]
Runtime = .NET 10.0.12 (10.0.12, 10.0.1226.42308), X64 RyuJIT x86-64-v4; GC = Concurrent Workstation
Mean = 79.213 ms, StdErr = 0.288 ms (0.36%), N = 3, StdDev = 0.498 ms
Min = 78.824 ms, Q1 = 78.933 ms, Median = 79.041 ms, Q3 = 79.408 ms, Max = 79.775 ms
IQR = 0.475 ms, LowerFence = 78.220 ms, UpperFence = 80.121 ms
ConfidenceInterval = [70.122 ms; 88.305 ms] (CI 99.9%), Margin = 9.092 ms (11.48% of Mean)
Skewness = 0.3, Kurtosis = 0.67, MValue = 2
-------------------- Histogram --------------------
[78.371 ms ; 80.229 ms) | @@@
---------------------------------------------------

SessionSetupDecompositionBenchmarks.StageS3_PipelineNoPayloadAsync: ShortRun(InvocationCount=1, IterationCount=3, LaunchCount=1, UnrollFactor=1, WarmupCount=3) [Sessions=100]
Runtime = .NET 10.0.12 (10.0.12, 10.0.1226.42308), X64 RyuJIT x86-64-v4; GC = Concurrent Workstation
Mean = 40.159 ms, StdErr = 0.670 ms (1.67%), N = 3, StdDev = 1.161 ms
Min = 39.223 ms, Q1 = 39.510 ms, Median = 39.796 ms, Q3 = 40.627 ms, Max = 41.458 ms
IQR = 1.118 ms, LowerFence = 37.833 ms, UpperFence = 42.304 ms
ConfidenceInterval = [18.979 ms; 61.339 ms] (CI 99.9%), Margin = 21.180 ms (52.74% of Mean)
Skewness = 0.28, Kurtosis = 0.67, MValue = 2
-------------------- Histogram --------------------
[38.453 ms ; 40.566 ms) | @@
[40.566 ms ; 42.515 ms) | @
---------------------------------------------------

SessionSetupDecompositionBenchmarks.StageS4_ReadinessTeardownOutsideAsync: ShortRun(InvocationCount=1, IterationCount=3, LaunchCount=1, UnrollFactor=1, WarmupCount=3) [Sessions=100]
Runtime = .NET 10.0.12 (10.0.12, 10.0.1226.42308), X64 RyuJIT x86-64-v4; GC = Concurrent Workstation
Mean = 42.818 ms, StdErr = 0.727 ms (1.70%), N = 3, StdDev = 1.259 ms
Min = 41.520 ms, Q1 = 42.210 ms, Median = 42.900 ms, Q3 = 43.467 ms, Max = 44.034 ms
IQR = 1.257 ms, LowerFence = 40.324 ms, UpperFence = 45.353 ms
ConfidenceInterval = [19.846 ms; 65.790 ms] (CI 99.9%), Margin = 22.972 ms (53.65% of Mean)
Skewness = -0.06, Kurtosis = 0.67, MValue = 2
-------------------- Histogram --------------------
[40.374 ms ; 42.321 ms) | @
[42.321 ms ; 44.613 ms) | @@
---------------------------------------------------

SessionSetupDecompositionBenchmarks.StageS5_ReadinessTeardownInsideAsync: ShortRun(InvocationCount=1, IterationCount=3, LaunchCount=1, UnrollFactor=1, WarmupCount=3) [Sessions=100]
Runtime = .NET 10.0.12 (10.0.12, 10.0.1226.42308), X64 RyuJIT x86-64-v4; GC = Concurrent Workstation
Mean = 57.052 ms, StdErr = 2.121 ms (3.72%), N = 3, StdDev = 3.675 ms
Min = 54.440 ms, Q1 = 54.951 ms, Median = 55.462 ms, Q3 = 58.358 ms, Max = 61.254 ms
IQR = 3.407 ms, LowerFence = 49.841 ms, UpperFence = 63.468 ms
ConfidenceInterval = [-9.985 ms; 124.089 ms] (CI 99.9%), Margin = 67.037 ms (117.50% of Mean)
Skewness = 0.35, Kurtosis = 0.67, MValue = 2
-------------------- Histogram --------------------
[51.096 ms ; 58.295 ms) | @@
[58.295 ms ; 64.597 ms) | @
---------------------------------------------------

SessionSetupDecompositionBenchmarks.StageT1_SessionTeardownInsideAsync: ShortRun(InvocationCount=1, IterationCount=3, LaunchCount=1, UnrollFactor=1, WarmupCount=3) [Sessions=100]
Runtime = .NET 10.0.12 (10.0.12, 10.0.1226.42308), X64 RyuJIT x86-64-v4; GC = Concurrent Workstation
Mean = 8.413 ms, StdErr = 0.374 ms (4.44%), N = 3, StdDev = 0.647 ms
Min = 7.684 ms, Q1 = 8.158 ms, Median = 8.632 ms, Q3 = 8.777 ms, Max = 8.922 ms
IQR = 0.619 ms, LowerFence = 7.230 ms, UpperFence = 9.705 ms
ConfidenceInterval = [-3.396 ms; 20.221 ms] (CI 99.9%), Margin = 11.809 ms (140.37% of Mean)
Skewness = -0.3, Kurtosis = 0.67, MValue = 2
-------------------- Histogram --------------------
[7.095 ms ; 8.188 ms) | @
[8.188 ms ; 9.511 ms) | @@
---------------------------------------------------

SessionSetupDecompositionBenchmarks.StageT3_ExpiryRetireInsideAsync: ShortRun(InvocationCount=1, IterationCount=3, LaunchCount=1, UnrollFactor=1, WarmupCount=3) [Sessions=100]
Runtime = .NET 10.0.12 (10.0.12, 10.0.1226.42308), X64 RyuJIT x86-64-v4; GC = Concurrent Workstation
Mean = 49.185 ms, StdErr = 0.955 ms (1.94%), N = 3, StdDev = 1.653 ms
Min = 47.370 ms, Q1 = 48.476 ms, Median = 49.582 ms, Q3 = 50.093 ms, Max = 50.605 ms
IQR = 1.617 ms, LowerFence = 46.050 ms, UpperFence = 52.519 ms
ConfidenceInterval = [19.023 ms; 79.348 ms] (CI 99.9%), Margin = 30.162 ms (61.32% of Mean)
Skewness = -0.23, Kurtosis = 0.67, MValue = 2
-------------------- Histogram --------------------
[45.865 ms ; 48.589 ms) | @
[48.589 ms ; 52.109 ms) | @@
---------------------------------------------------

SessionSetupDecompositionBenchmarks.StageT5_NonThrowingParkTeardownAsync: ShortRun(InvocationCount=1, IterationCount=3, LaunchCount=1, UnrollFactor=1, WarmupCount=3) [Sessions=100]
Runtime = .NET 10.0.12 (10.0.12, 10.0.1226.42308), X64 RyuJIT x86-64-v4; GC = Concurrent Workstation
Mean = 1.470 ms, StdErr = 0.207 ms (14.11%), N = 3, StdDev = 0.359 ms
Min = 1.209 ms, Q1 = 1.265 ms, Median = 1.320 ms, Q3 = 1.600 ms, Max = 1.879 ms
IQR = 0.335 ms, LowerFence = 0.762 ms, UpperFence = 2.103 ms
ConfidenceInterval = [-5.085 ms; 8.024 ms] (CI 99.9%), Margin = 6.554 ms (445.99% of Mean)
Skewness = 0.34, Kurtosis = 0.67, MValue = 2
-------------------- Histogram --------------------
[0.882 ms ; 1.592 ms) | @@
[1.592 ms ; 2.206 ms) | @
---------------------------------------------------

SessionSetupDecompositionBenchmarks.BaselineF_FakeTransportCreationAsync: ShortRun(InvocationCount=1, IterationCount=3, LaunchCount=1, UnrollFactor=1, WarmupCount=3) [Sessions=100]
Runtime = .NET 10.0.12 (10.0.12, 10.0.1226.42308), X64 RyuJIT x86-64-v4; GC = Concurrent Workstation
Mean = 32.184 us, StdErr = 12.708 us (39.49%), N = 3, StdDev = 22.011 us
Min = 19.461 us, Q1 = 19.476 us, Median = 19.491 us, Q3 = 38.546 us, Max = 57.601 us
IQR = 19.070 us, LowerFence = -9.129 us, UpperFence = 67.151 us
ConfidenceInterval = [-369.387 us; 433.756 us] (CI 99.9%), Margin = 401.571 us (1247.72% of Mean)
Skewness = 0.38, Kurtosis = 0.67, MValue = 2
-------------------- Histogram --------------------
[18.500 us ; 58.562 us) | @@@
---------------------------------------------------

SessionSetupDecompositionBenchmarks.BaselineH_FlowKeyConstruction: ShortRun(InvocationCount=1, IterationCount=3, LaunchCount=1, UnrollFactor=1, WarmupCount=3) [Sessions=100]
Runtime = .NET 10.0.12 (10.0.12, 10.0.1226.42308), X64 RyuJIT x86-64-v4; GC = Concurrent Workstation
Mean = 108.524 us, StdErr = 18.593 us (17.13%), N = 3, StdDev = 32.205 us
Min = 72.745 us, Q1 = 95.191 us, Median = 117.638 us, Q3 = 126.413 us, Max = 135.190 us
IQR = 31.223 us, LowerFence = 48.357 us, UpperFence = 173.247 us
ConfidenceInterval = [-479.009 us; 696.056 us] (CI 99.9%), Margin = 587.532 us (541.39% of Mean)
Skewness = -0.26, Kurtosis = 0.67, MValue = 2
-------------------- Histogram --------------------
[43.437 us ;  97.106 us) | @
[97.106 us ; 164.497 us) | @@
---------------------------------------------------

SessionSetupDecompositionBenchmarks.ComponentC1_AssociationClaimRelease: ShortRun(InvocationCount=1, IterationCount=3, LaunchCount=1, UnrollFactor=1, WarmupCount=3) [Sessions=100]
Runtime = .NET 10.0.12 (10.0.12, 10.0.1226.42308), X64 RyuJIT x86-64-v4; GC = Concurrent Workstation
Mean = 404.942 us, StdErr = 37.763 us (9.33%), N = 3, StdDev = 65.408 us
Min = 331.857 us, Q1 = 378.423 us, Median = 424.989 us, Q3 = 441.485 us, Max = 457.980 us
IQR = 63.062 us, LowerFence = 283.831 us, UpperFence = 536.077 us
ConfidenceInterval = [-788.338 us; 1,598.222 us] (CI 99.9%), Margin = 1,193.280 us (294.68% of Mean)
Skewness = -0.28, Kurtosis = 0.67, MValue = 2
-------------------- Histogram --------------------
[272.334 us ; 381.961 us) | @
[381.961 us ; 517.503 us) | @@
---------------------------------------------------

SessionSetupDecompositionBenchmarks.ComponentC2_SessionConstructStartAsync: ShortRun(InvocationCount=1, IterationCount=3, LaunchCount=1, UnrollFactor=1, WarmupCount=3) [Sessions=100]
Runtime = .NET 10.0.12 (10.0.12, 10.0.1226.42308), X64 RyuJIT x86-64-v4; GC = Concurrent Workstation
Mean = 551.077 us, StdErr = 108.844 us (19.75%), N = 3, StdDev = 188.524 us
Min = 401.220 us, Q1 = 445.241 us, Median = 489.263 us, Q3 = 626.005 us, Max = 762.748 us
IQR = 180.764 us, LowerFence = 174.095 us, UpperFence = 897.152 us
ConfidenceInterval = [-2,888.305 us; 3,990.459 us] (CI 99.9%), Margin = 3,439.382 us (624.12% of Mean)
Skewness = 0.29, Kurtosis = 0.67, MValue = 2
-------------------- Histogram --------------------
[273.678 us ; 616.805 us) | @@
[616.805 us ; 934.312 us) | @
---------------------------------------------------

SessionSetupDecompositionBenchmarks.ComponentC2a1_ContextRecordStaticLambda: ShortRun(InvocationCount=1, IterationCount=3, LaunchCount=1, UnrollFactor=1, WarmupCount=3) [Sessions=100]
Runtime = .NET 10.0.12 (10.0.12, 10.0.1226.42308), X64 RyuJIT x86-64-v4; GC = Concurrent Workstation
Mean = 34.140 us, StdErr = 1.649 us (4.83%), N = 3, StdDev = 2.856 us
Min = 30.927 us, Q1 = 33.016 us, Median = 35.105 us, Q3 = 35.746 us, Max = 36.388 us
IQR = 2.731 us, LowerFence = 28.920 us, UpperFence = 39.842 us
ConfidenceInterval = [-17.955 us; 86.235 us] (CI 99.9%), Margin = 52.095 us (152.59% of Mean)
Skewness = -0.3, Kurtosis = 0.67, MValue = 2
-------------------- Histogram --------------------
[28.328 us ; 33.148 us) | @
[33.148 us ; 38.987 us) | @@
---------------------------------------------------

SessionSetupDecompositionBenchmarks.ComponentC2a2_ContextRecordMethodGroup: ShortRun(InvocationCount=1, IterationCount=3, LaunchCount=1, UnrollFactor=1, WarmupCount=3) [Sessions=100]
Runtime = .NET 10.0.12 (10.0.12, 10.0.1226.42308), X64 RyuJIT x86-64-v4; GC = Concurrent Workstation
Mean = 42.341 us, StdErr = 9.082 us (21.45%), N = 3, StdDev = 15.730 us
Min = 32.970 us, Q1 = 33.261 us, Median = 33.552 us, Q3 = 47.027 us, Max = 60.502 us
IQR = 13.766 us, LowerFence = 12.612 us, UpperFence = 67.676 us
ConfidenceInterval = [-244.638 us; 329.320 us] (CI 99.9%), Margin = 286.979 us (677.78% of Mean)
Skewness = 0.38, Kurtosis = 0.67, MValue = 2
-------------------- Histogram --------------------
[32.421 us ; 61.051 us) | @@@
---------------------------------------------------

SessionSetupDecompositionBenchmarks.ComponentC2b_SessionConstructOnly: ShortRun(InvocationCount=1, IterationCount=3, LaunchCount=1, UnrollFactor=1, WarmupCount=3) [Sessions=100]
Runtime = .NET 10.0.12 (10.0.12, 10.0.1226.42308), X64 RyuJIT x86-64-v4; GC = Concurrent Workstation
Mean = 298.449 us, StdErr = 68.571 us (22.98%), N = 3, StdDev = 118.769 us
Min = 227.735 us, Q1 = 229.889 us, Median = 232.043 us, Q3 = 333.806 us, Max = 435.569 us
IQR = 103.917 us, LowerFence = 74.013 us, UpperFence = 489.682 us
ConfidenceInterval = [-1,868.339 us; 2,465.237 us] (CI 99.9%), Margin = 2,166.788 us (726.02% of Mean)
Skewness = 0.38, Kurtosis = 0.67, MValue = 2
-------------------- Histogram --------------------
[223.568 us ; 439.736 us) | @@@
---------------------------------------------------

SessionSetupDecompositionBenchmarks.ComponentC2c1_ScopeConstructLinked: ShortRun(InvocationCount=1, IterationCount=3, LaunchCount=1, UnrollFactor=1, WarmupCount=3) [Sessions=100]
Runtime = .NET 10.0.12 (10.0.12, 10.0.1226.42308), X64 RyuJIT x86-64-v4; GC = Concurrent Workstation
Mean = 29.361 us, StdErr = 16.627 us (56.63%), N = 3, StdDev = 28.799 us
Min = 12.713 us, Q1 = 12.733 us, Median = 12.754 us, Q3 = 37.684 us, Max = 62.615 us
IQR = 24.951 us, LowerFence = -24.693 us, UpperFence = 75.111 us
ConfidenceInterval = [-496.047 us; 554.769 us] (CI 99.9%), Margin = 525.408 us (1789.49% of Mean)
Skewness = 0.38, Kurtosis = 0.67, MValue = 2
-------------------- Histogram --------------------
[11.456 us ; 63.873 us) | @@@
---------------------------------------------------

SessionSetupDecompositionBenchmarks.ComponentC2c2_ScopeConstructUnlinked: ShortRun(InvocationCount=1, IterationCount=3, LaunchCount=1, UnrollFactor=1, WarmupCount=3) [Sessions=100]
Runtime = .NET 10.0.12 (10.0.12, 10.0.1226.42308), X64 RyuJIT x86-64-v4; GC = Concurrent Workstation
Mean = 26.250 us, StdErr = 17.129 us (65.25%), N = 3, StdDev = 29.668 us
Min = 8.981 us, Q1 = 9.121 us, Median = 9.262 us, Q3 = 34.885 us, Max = 60.507 us
IQR = 25.763 us, LowerFence = -29.523 us, UpperFence = 73.529 us
ConfidenceInterval = [-515.000 us; 567.500 us] (CI 99.9%), Margin = 541.250 us (2061.91% of Mean)
Skewness = 0.38, Kurtosis = 0.67, MValue = 2
-------------------- Histogram --------------------
[7.745 us ; 61.743 us) | @@@
---------------------------------------------------

SessionSetupDecompositionBenchmarks.ComponentC2e_LockConstruction: ShortRun(InvocationCount=1, IterationCount=3, LaunchCount=1, UnrollFactor=1, WarmupCount=3) [Sessions=100]
Runtime = .NET 10.0.12 (10.0.12, 10.0.1226.42308), X64 RyuJIT x86-64-v4; GC = Concurrent Workstation
Mean = 10.262 us, StdErr = 5.158 us (50.27%), N = 3, StdDev = 8.935 us
Min = 4.989 us, Q1 = 5.104 us, Median = 5.219 us, Q3 = 12.899 us, Max = 20.578 us
IQR = 7.795 us, LowerFence = -6.588 us, UpperFence = 24.590 us
ConfidenceInterval = [-152.739 us; 173.263 us] (CI 99.9%), Margin = 163.001 us (1588.40% of Mean)
Skewness = 0.38, Kurtosis = 0.67, MValue = 2
-------------------- Histogram --------------------
[4.653 us ; 20.914 us) | @@@
---------------------------------------------------

SessionSetupDecompositionBenchmarks.ComponentC2e_TaskCompletionSourceConstruction: ShortRun(InvocationCount=1, IterationCount=3, LaunchCount=1, UnrollFactor=1, WarmupCount=3) [Sessions=100]
Runtime = .NET 10.0.12 (10.0.12, 10.0.1226.42308), X64 RyuJIT x86-64-v4; GC = Concurrent Workstation
Mean = 16.061 us, StdErr = 9.229 us (57.46%), N = 3, StdDev = 15.985 us
Min = 6.297 us, Q1 = 6.838 us, Median = 7.378 us, Q3 = 20.943 us, Max = 34.508 us
IQR = 14.105 us, LowerFence = -14.321 us, UpperFence = 42.101 us
ConfidenceInterval = [-275.560 us; 307.682 us] (CI 99.9%), Margin = 291.621 us (1815.71% of Mean)
Skewness = 0.38, Kurtosis = 0.67, MValue = 2
-------------------- Histogram --------------------
[5.856 us ; 34.949 us) | @@@
---------------------------------------------------

SessionSetupDecompositionBenchmarks.ComponentC2e_LinkedTokenSourceConstruction: ShortRun(InvocationCount=1, IterationCount=3, LaunchCount=1, UnrollFactor=1, WarmupCount=3) [Sessions=100]
Runtime = .NET 10.0.12 (10.0.12, 10.0.1226.42308), X64 RyuJIT x86-64-v4; GC = Concurrent Workstation
Mean = 33.455 us, StdErr = 20.221 us (60.44%), N = 3, StdDev = 35.024 us
Min = 12.432 us, Q1 = 13.239 us, Median = 14.046 us, Q3 = 43.966 us, Max = 73.886 us
IQR = 30.727 us, LowerFence = -32.852 us, UpperFence = 90.056 us
ConfidenceInterval = [-605.511 us; 672.420 us] (CI 99.9%), Margin = 638.966 us (1909.94% of Mean)
Skewness = 0.38, Kurtosis = 0.67, MValue = 2
-------------------- Histogram --------------------
[11.286 us ; 75.032 us) | @@@
---------------------------------------------------

SessionSetupDecompositionBenchmarks.ComponentE1_CanceledDelayAwaitAsync: ShortRun(InvocationCount=1, IterationCount=3, LaunchCount=1, UnrollFactor=1, WarmupCount=3) [Sessions=100]
Runtime = .NET 10.0.12 (10.0.12, 10.0.1226.42308), X64 RyuJIT x86-64-v4; GC = Concurrent Workstation
Mean = 462.014 us, StdErr = 24.398 us (5.28%), N = 3, StdDev = 42.259 us
Min = 426.602 us, Q1 = 438.624 us, Median = 450.646 us, Q3 = 479.720 us, Max = 508.794 us
IQR = 41.096 us, LowerFence = 376.980 us, UpperFence = 541.364 us
ConfidenceInterval = [-308.944 us; 1,232.972 us] (CI 99.9%), Margin = 770.958 us (166.87% of Mean)
Skewness = 0.25, Kurtosis = 0.67, MValue = 2
-------------------- Histogram --------------------
[400.167 us ; 477.081 us) | @@
[477.081 us ; 547.251 us) | @
---------------------------------------------------

SessionSetupDecompositionBenchmarks.ComponentE2_SetupExecutorDisposeAsync: ShortRun(InvocationCount=1, IterationCount=3, LaunchCount=1, UnrollFactor=1, WarmupCount=3) [Sessions=100]
Runtime = .NET 10.0.12 (10.0.12, 10.0.1226.42308), X64 RyuJIT x86-64-v4; GC = Concurrent Workstation
Mean = 94.369 ms, StdErr = 0.269 ms (0.28%), N = 3, StdDev = 0.465 ms
Min = 93.836 ms, Q1 = 94.206 ms, Median = 94.577 ms, Q3 = 94.635 ms, Max = 94.693 ms
IQR = 0.429 ms, LowerFence = 93.563 ms, UpperFence = 95.278 ms
ConfidenceInterval = [85.883 ms; 102.855 ms] (CI 99.9%), Margin = 8.486 ms (8.99% of Mean)
Skewness = -0.36, Kurtosis = 0.67, MValue = 2
-------------------- Histogram --------------------
[93.412 ms ; 95.116 ms) | @@@
---------------------------------------------------

SessionSetupDecompositionBenchmarks.ComponentA1_AssociationTablePreSeed: ShortRun(InvocationCount=1, IterationCount=3, LaunchCount=1, UnrollFactor=1, WarmupCount=3) [Sessions=100]
Runtime = .NET 10.0.12 (10.0.12, 10.0.1226.42308), X64 RyuJIT x86-64-v4; GC = Concurrent Workstation
Mean = 28.933 us, StdErr = 23.439 us (81.01%), N = 3, StdDev = 40.597 us
Min = 5.349 us, Q1 = 5.495 us, Median = 5.640 us, Q3 = 40.725 us, Max = 75.810 us
IQR = 35.230 us, LowerFence = -47.351 us, UpperFence = 93.571 us
ConfidenceInterval = [-711.706 us; 769.572 us] (CI 99.9%), Margin = 740.639 us (2559.84% of Mean)
Skewness = 0.38, Kurtosis = 0.67, MValue = 2
-------------------- Histogram --------------------
[3.635 us ; 77.524 us) | @@@
---------------------------------------------------

SessionSetupDecompositionBenchmarks.ComponentA2_SessionDictionaryPreSeed: ShortRun(InvocationCount=1, IterationCount=3, LaunchCount=1, UnrollFactor=1, WarmupCount=3) [Sessions=100]
Runtime = .NET 10.0.12 (10.0.12, 10.0.1226.42308), X64 RyuJIT x86-64-v4; GC = Concurrent Workstation
Mean = 18.763 us, StdErr = 12.825 us (68.36%), N = 3, StdDev = 22.214 us
Min = 4.484 us, Q1 = 5.966 us, Median = 7.449 us, Q3 = 25.902 us, Max = 44.356 us
IQR = 19.936 us, LowerFence = -23.939 us, UpperFence = 55.807 us
ConfidenceInterval = [-386.508 us; 424.034 us] (CI 99.9%), Margin = 405.271 us (2159.97% of Mean)
Skewness = 0.38, Kurtosis = 0.67, MValue = 2
-------------------- Histogram --------------------
[4.204 us ; 44.636 us) | @@@
---------------------------------------------------

SessionSetupDecompositionBenchmarks.ComponentA3_CooldownTableConstruction: ShortRun(InvocationCount=1, IterationCount=3, LaunchCount=1, UnrollFactor=1, WarmupCount=3) [Sessions=100]
Runtime = .NET 10.0.12 (10.0.12, 10.0.1226.42308), X64 RyuJIT x86-64-v4; GC = Concurrent Workstation
Mean = 21.375 us, StdErr = 18.211 us (85.20%), N = 3, StdDev = 31.543 us
Min = 2.630 us, Q1 = 3.166 us, Median = 3.702 us, Q3 = 30.747 us, Max = 57.792 us
IQR = 27.581 us, LowerFence = -38.206 us, UpperFence = 72.118 us
ConfidenceInterval = [-554.085 us; 596.834 us] (CI 99.9%), Margin = 575.460 us (2692.25% of Mean)
Skewness = 0.38, Kurtosis = 0.67, MValue = 2
-------------------- Histogram --------------------
[1.506 us ; 58.916 us) | @@@
---------------------------------------------------

SessionSetupDecompositionBenchmarks.ComponentA4_SlotAndQueueObjects: ShortRun(InvocationCount=1, IterationCount=3, LaunchCount=1, UnrollFactor=1, WarmupCount=3) [Sessions=100]
Runtime = .NET 10.0.12 (10.0.12, 10.0.1226.42308), X64 RyuJIT x86-64-v4; GC = Concurrent Workstation
Mean = 25.345 us, StdErr = 18.843 us (74.35%), N = 3, StdDev = 32.637 us
Min = 6.457 us, Q1 = 6.502 us, Median = 6.547 us, Q3 = 34.789 us, Max = 63.031 us
IQR = 28.287 us, LowerFence = -35.928 us, UpperFence = 77.219 us
ConfidenceInterval = [-570.077 us; 620.767 us] (CI 99.9%), Margin = 595.422 us (2349.27% of Mean)
Skewness = 0.38, Kurtosis = 0.67, MValue = 2
-------------------- Histogram --------------------
[5.043 us ; 64.445 us) | @@@
---------------------------------------------------

SessionSetupDecompositionBenchmarks.ComponentA5_CompletionCell: ShortRun(InvocationCount=1, IterationCount=3, LaunchCount=1, UnrollFactor=1, WarmupCount=3) [Sessions=100]
Runtime = .NET 10.0.12 (10.0.12, 10.0.1226.42308), X64 RyuJIT x86-64-v4; GC = Concurrent Workstation
Mean = 21.765 us, StdErr = 13.681 us (62.86%), N = 3, StdDev = 23.697 us
Min = 7.750 us, Q1 = 8.085 us, Median = 8.421 us, Q3 = 28.773 us, Max = 49.125 us
IQR = 20.688 us, LowerFence = -22.946 us, UpperFence = 59.804 us
ConfidenceInterval = [-410.548 us; 454.078 us] (CI 99.9%), Margin = 432.313 us (1986.25% of Mean)
Skewness = 0.38, Kurtosis = 0.67, MValue = 2
-------------------- Histogram --------------------
[6.873 us ; 50.002 us) | @@@
---------------------------------------------------

SessionSetupDecompositionBenchmarks.ComponentA6_ColdRent: ShortRun(InvocationCount=1, IterationCount=3, LaunchCount=1, UnrollFactor=1, WarmupCount=3) [Sessions=100]
Runtime = .NET 10.0.12 (10.0.12, 10.0.1226.42308), X64 RyuJIT x86-64-v4; GC = Concurrent Workstation
Mean = 28.229 us, StdErr = 16.477 us (58.37%), N = 3, StdDev = 28.539 us
Min = 11.722 us, Q1 = 11.752 us, Median = 11.782 us, Q3 = 36.483 us, Max = 61.183 us
IQR = 24.730 us, LowerFence = -25.344 us, UpperFence = 73.578 us
ConfidenceInterval = [-492.429 us; 548.887 us] (CI 99.9%), Margin = 520.658 us (1844.41% of Mean)
Skewness = 0.38, Kurtosis = 0.67, MValue = 2
-------------------- Histogram --------------------
[10.481 us ; 62.424 us) | @@@
---------------------------------------------------

SessionSetupDecompositionBenchmarks.ComponentA7_EnqueueCycle: ShortRun(InvocationCount=1, IterationCount=3, LaunchCount=1, UnrollFactor=1, WarmupCount=3) [Sessions=100]
Runtime = .NET 10.0.12 (10.0.12, 10.0.1226.42308), X64 RyuJIT x86-64-v4; GC = Concurrent Workstation
Mean = 60.044 us, StdErr = 21.357 us (35.57%), N = 3, StdDev = 36.991 us
Min = 37.980 us, Q1 = 38.691 us, Median = 39.402 us, Q3 = 71.076 us, Max = 102.749 us
IQR = 32.385 us, LowerFence = -9.886 us, UpperFence = 119.652 us
ConfidenceInterval = [-614.805 us; 734.892 us] (CI 99.9%), Margin = 674.849 us (1123.93% of Mean)
Skewness = 0.38, Kurtosis = 0.67, MValue = 2
-------------------- Histogram --------------------
[36.702 us ; 104.027 us) | @@@
---------------------------------------------------

SessionSetupDecompositionBenchmarks.ComponentA8_WarmRentAdmissionAsync: ShortRun(InvocationCount=1, IterationCount=3, LaunchCount=1, UnrollFactor=1, WarmupCount=3) [Sessions=100]
Runtime = .NET 10.0.12 (10.0.12, 10.0.1226.42308), X64 RyuJIT x86-64-v4; GC = Concurrent Workstation
Mean = 248.745 us, StdErr = 30.940 us (12.44%), N = 3, StdDev = 53.589 us
Min = 217.371 us, Q1 = 217.806 us, Median = 218.242 us, Q3 = 264.433 us, Max = 310.623 us
IQR = 46.626 us, LowerFence = 147.868 us, UpperFence = 334.372 us
ConfidenceInterval = [-728.925 us; 1,226.415 us] (CI 99.9%), Margin = 977.670 us (393.04% of Mean)
Skewness = 0.38, Kurtosis = 0.67, MValue = 2
-------------------- Histogram --------------------
[215.229 us ; 312.765 us) | @@@
---------------------------------------------------

SessionSetupDecompositionBenchmarks.ComponentA9a_DictionaryGrowthSpansResize: ShortRun(InvocationCount=1, IterationCount=3, LaunchCount=1, UnrollFactor=1, WarmupCount=3) [Sessions=100]
Runtime = .NET 10.0.12 (10.0.12, 10.0.1226.42308), X64 RyuJIT x86-64-v4; GC = Concurrent Workstation
Mean = 3.034 ms, StdErr = 1.361 ms (44.85%), N = 3, StdDev = 2.357 ms
Min = 1.670 ms, Q1 = 1.673 ms, Median = 1.677 ms, Q3 = 3.716 ms, Max = 5.755 ms
IQR = 2.043 ms, LowerFence = -1.391 ms, UpperFence = 6.780 ms
ConfidenceInterval = [-39.960 ms; 46.028 ms] (CI 99.9%), Margin = 42.994 ms (1417.10% of Mean)
Skewness = 0.38, Kurtosis = 0.67, MValue = 2
-------------------- Histogram --------------------
[1.568 ms ; 5.857 ms) | @@@
---------------------------------------------------

SessionSetupDecompositionBenchmarks.ComponentA9b_DictionaryGrowthNoResize: ShortRun(InvocationCount=1, IterationCount=3, LaunchCount=1, UnrollFactor=1, WarmupCount=3) [Sessions=100]
Runtime = .NET 10.0.12 (10.0.12, 10.0.1226.42308), X64 RyuJIT x86-64-v4; GC = Concurrent Workstation
Mean = 3.235 ms, StdErr = 1.543 ms (47.70%), N = 3, StdDev = 2.673 ms
Min = 1.667 ms, Q1 = 1.692 ms, Median = 1.717 ms, Q3 = 4.019 ms, Max = 6.321 ms
IQR = 2.327 ms, LowerFence = -1.798 ms, UpperFence = 7.509 ms
ConfidenceInterval = [-45.523 ms; 51.993 ms] (CI 99.9%), Margin = 48.758 ms (1507.20% of Mean)
Skewness = 0.38, Kurtosis = 0.67, MValue = 2
-------------------- Histogram --------------------
[1.562 ms ; 6.426 ms) | @@@
---------------------------------------------------

SessionSetupDecompositionBenchmarks.StageS0_CoordinatorOnly: ShortRun(InvocationCount=1, IterationCount=3, LaunchCount=1, UnrollFactor=1, WarmupCount=3) [Sessions=1000]
Runtime = .NET 10.0.12 (10.0.12, 10.0.1226.42308), X64 RyuJIT x86-64-v4; GC = Concurrent Workstation
Mean = 106.137 us, StdErr = 38.868 us (36.62%), N = 3, StdDev = 67.322 us
Min = 67.079 us, Q1 = 67.269 us, Median = 67.459 us, Q3 = 125.666 us, Max = 183.874 us
IQR = 58.398 us, LowerFence = -20.327 us, UpperFence = 213.263 us
ConfidenceInterval = [-1,122.070 us; 1,334.345 us] (CI 99.9%), Margin = 1,228.207 us (1157.19% of Mean)
Skewness = 0.38, Kurtosis = 0.67, MValue = 2
-------------------- Histogram --------------------
[64.211 us ; 186.742 us) | @@@
---------------------------------------------------

SessionSetupDecompositionBenchmarks.StageS1_AdmissionOnlyAsync: ShortRun(InvocationCount=1, IterationCount=3, LaunchCount=1, UnrollFactor=1, WarmupCount=3) [Sessions=1000]
Runtime = .NET 10.0.12 (10.0.12, 10.0.1226.42308), X64 RyuJIT x86-64-v4; GC = Concurrent Workstation
Mean = 2.814 ms, StdErr = 0.290 ms (10.31%), N = 3, StdDev = 0.502 ms
Min = 2.239 ms, Q1 = 2.638 ms, Median = 3.037 ms, Q3 = 3.102 ms, Max = 3.167 ms
IQR = 0.464 ms, LowerFence = 1.942 ms, UpperFence = 3.798 ms
ConfidenceInterval = [-6.352 ms; 11.981 ms] (CI 99.9%), Margin = 9.167 ms (325.70% of Mean)
Skewness = -0.36, Kurtosis = 0.67, MValue = 2
-------------------- Histogram --------------------
[1.782 ms ; 2.645 ms) | @
[2.645 ms ; 3.624 ms) | @@
---------------------------------------------------

SessionSetupDecompositionBenchmarks.StageS2_SetupStartedAsync: ShortRun(InvocationCount=1, IterationCount=3, LaunchCount=1, UnrollFactor=1, WarmupCount=3) [Sessions=1000]
Runtime = .NET 10.0.12 (10.0.12, 10.0.1226.42308), X64 RyuJIT x86-64-v4; GC = Concurrent Workstation
Mean = 82.451 ms, StdErr = 1.274 ms (1.54%), N = 3, StdDev = 2.206 ms
Min = 80.774 ms, Q1 = 81.202 ms, Median = 81.630 ms, Q3 = 83.290 ms, Max = 84.950 ms
IQR = 2.088 ms, LowerFence = 78.070 ms, UpperFence = 86.422 ms
ConfidenceInterval = [42.204 ms; 122.699 ms] (CI 99.9%), Margin = 40.247 ms (48.81% of Mean)
Skewness = 0.32, Kurtosis = 0.67, MValue = 2
-------------------- Histogram --------------------
[79.194 ms ; 83.210 ms) | @@
[83.210 ms ; 86.958 ms) | @
---------------------------------------------------

SessionSetupDecompositionBenchmarks.StageS3_PipelineNoPayloadAsync: ShortRun(InvocationCount=1, IterationCount=3, LaunchCount=1, UnrollFactor=1, WarmupCount=3) [Sessions=1000]
Runtime = .NET 10.0.12 (10.0.12, 10.0.1226.42308), X64 RyuJIT x86-64-v4; GC = Concurrent Workstation
Mean = 66.472 ms, StdErr = 1.056 ms (1.59%), N = 3, StdDev = 1.828 ms
Min = 64.361 ms, Q1 = 65.934 ms, Median = 67.506 ms, Q3 = 67.528 ms, Max = 67.549 ms
IQR = 1.594 ms, LowerFence = 63.543 ms, UpperFence = 69.919 ms
ConfidenceInterval = [33.117 ms; 99.827 ms] (CI 99.9%), Margin = 33.355 ms (50.18% of Mean)
Skewness = -0.38, Kurtosis = 0.67, MValue = 2
-------------------- Histogram --------------------
[64.291 ms ; 67.619 ms) | @@@
---------------------------------------------------

SessionSetupDecompositionBenchmarks.StageS4_ReadinessTeardownOutsideAsync: ShortRun(InvocationCount=1, IterationCount=3, LaunchCount=1, UnrollFactor=1, WarmupCount=3) [Sessions=1000]
Runtime = .NET 10.0.12 (10.0.12, 10.0.1226.42308), X64 RyuJIT x86-64-v4; GC = Concurrent Workstation
Mean = 62.474 ms, StdErr = 1.631 ms (2.61%), N = 3, StdDev = 2.825 ms
Min = 59.732 ms, Q1 = 61.024 ms, Median = 62.316 ms, Q3 = 63.845 ms, Max = 65.374 ms
IQR = 2.821 ms, LowerFence = 56.792 ms, UpperFence = 68.077 ms
ConfidenceInterval = [10.940 ms; 114.008 ms] (CI 99.9%), Margin = 51.534 ms (82.49% of Mean)
Skewness = 0.06, Kurtosis = 0.67, MValue = 2
-------------------- Histogram --------------------
[58.453 ms ; 63.594 ms) | @@
[63.594 ms ; 67.945 ms) | @
---------------------------------------------------

SessionSetupDecompositionBenchmarks.StageS5_ReadinessTeardownInsideAsync: ShortRun(InvocationCount=1, IterationCount=3, LaunchCount=1, UnrollFactor=1, WarmupCount=3) [Sessions=1000]
Runtime = .NET 10.0.12 (10.0.12, 10.0.1226.42308), X64 RyuJIT x86-64-v4; GC = Concurrent Workstation
Mean = 91.371 ms, StdErr = 4.936 ms (5.40%), N = 3, StdDev = 8.549 ms
Min = 83.924 ms, Q1 = 86.703 ms, Median = 89.482 ms, Q3 = 95.094 ms, Max = 100.705 ms
IQR = 8.391 ms, LowerFence = 74.117 ms, UpperFence = 107.680 ms
ConfidenceInterval = [-64.590 ms; 247.331 ms] (CI 99.9%), Margin = 155.960 ms (170.69% of Mean)
Skewness = 0.21, Kurtosis = 0.67, MValue = 2
-------------------- Histogram --------------------
[78.923 ms ;  94.483 ms) | @@
[94.483 ms ; 108.485 ms) | @
---------------------------------------------------

SessionSetupDecompositionBenchmarks.StageT1_SessionTeardownInsideAsync: ShortRun(InvocationCount=1, IterationCount=3, LaunchCount=1, UnrollFactor=1, WarmupCount=3) [Sessions=1000]
Runtime = .NET 10.0.12 (10.0.12, 10.0.1226.42308), X64 RyuJIT x86-64-v4; GC = Concurrent Workstation
Mean = 58.091 ms, StdErr = 13.525 ms (23.28%), N = 3, StdDev = 23.426 ms
Min = 39.378 ms, Q1 = 44.955 ms, Median = 50.532 ms, Q3 = 67.447 ms, Max = 84.363 ms
IQR = 22.493 ms, LowerFence = 11.216 ms, UpperFence = 101.186 ms
ConfidenceInterval = [-369.282 ms; 485.463 ms] (CI 99.9%), Margin = 427.372 ms (735.70% of Mean)
Skewness = 0.29, Kurtosis = 0.67, MValue = 2
-------------------- Histogram --------------------
[23.637 ms ;  66.273 ms) | @@
[66.273 ms ; 105.681 ms) | @
---------------------------------------------------

SessionSetupDecompositionBenchmarks.StageT3_ExpiryRetireInsideAsync: ShortRun(InvocationCount=1, IterationCount=3, LaunchCount=1, UnrollFactor=1, WarmupCount=3) [Sessions=1000]
Runtime = .NET 10.0.12 (10.0.12, 10.0.1226.42308), X64 RyuJIT x86-64-v4; GC = Concurrent Workstation
Mean = 135.474 ms, StdErr = 2.726 ms (2.01%), N = 3, StdDev = 4.721 ms
Min = 130.925 ms, Q1 = 133.036 ms, Median = 135.148 ms, Q3 = 137.749 ms, Max = 140.350 ms
IQR = 4.713 ms, LowerFence = 125.967 ms, UpperFence = 144.818 ms
ConfidenceInterval = [49.341 ms; 221.608 ms] (CI 99.9%), Margin = 86.134 ms (63.58% of Mean)
Skewness = 0.07, Kurtosis = 0.67, MValue = 2
-------------------- Histogram --------------------
[128.740 ms ; 137.333 ms) | @@
[137.333 ms ; 144.647 ms) | @
---------------------------------------------------

SessionSetupDecompositionBenchmarks.StageT5_NonThrowingParkTeardownAsync: ShortRun(InvocationCount=1, IterationCount=3, LaunchCount=1, UnrollFactor=1, WarmupCount=3) [Sessions=1000]
Runtime = .NET 10.0.12 (10.0.12, 10.0.1226.42308), X64 RyuJIT x86-64-v4; GC = Concurrent Workstation
Mean = 8.017 ms, StdErr = 0.925 ms (11.54%), N = 3, StdDev = 1.602 ms
Min = 6.996 ms, Q1 = 7.094 ms, Median = 7.191 ms, Q3 = 8.527 ms, Max = 9.863 ms
IQR = 1.433 ms, LowerFence = 4.944 ms, UpperFence = 10.677 ms
ConfidenceInterval = [-21.206 ms; 37.239 ms] (CI 99.9%), Margin = 29.222 ms (364.51% of Mean)
Skewness = 0.38, Kurtosis = 0.67, MValue = 2
-------------------- Histogram --------------------
[6.972 ms ; 9.887 ms) | @@@
---------------------------------------------------

SessionSetupDecompositionBenchmarks.BaselineF_FakeTransportCreationAsync: ShortRun(InvocationCount=1, IterationCount=3, LaunchCount=1, UnrollFactor=1, WarmupCount=3) [Sessions=1000]
Runtime = .NET 10.0.12 (10.0.12, 10.0.1226.42308), X64 RyuJIT x86-64-v4; GC = Concurrent Workstation
Mean = 197.905 us, StdErr = 54.970 us (27.78%), N = 3, StdDev = 95.211 us
Min = 119.740 us, Q1 = 144.887 us, Median = 170.034 us, Q3 = 236.988 us, Max = 303.941 us
IQR = 92.100 us, LowerFence = 6.736 us, UpperFence = 375.138 us
ConfidenceInterval = [-1,539.094 us; 1,934.904 us] (CI 99.9%), Margin = 1,736.999 us (877.69% of Mean)
Skewness = 0.27, Kurtosis = 0.67, MValue = 2
-------------------- Histogram --------------------
[ 58.242 us ; 231.532 us) | @@
[231.532 us ; 390.586 us) | @
---------------------------------------------------

SessionSetupDecompositionBenchmarks.BaselineH_FlowKeyConstruction: ShortRun(InvocationCount=1, IterationCount=3, LaunchCount=1, UnrollFactor=1, WarmupCount=3) [Sessions=1000]
Runtime = .NET 10.0.12 (10.0.12, 10.0.1226.42308), X64 RyuJIT x86-64-v4; GC = Concurrent Workstation
Mean = 686.447 us, StdErr = 13.303 us (1.94%), N = 3, StdDev = 23.041 us
Min = 660.409 us, Q1 = 677.571 us, Median = 694.732 us, Q3 = 699.466 us, Max = 704.200 us
IQR = 21.895 us, LowerFence = 644.727 us, UpperFence = 732.309 us
ConfidenceInterval = [266.091 us; 1,106.803 us] (CI 99.9%), Margin = 420.356 us (61.24% of Mean)
Skewness = -0.31, Kurtosis = 0.67, MValue = 2
-------------------- Histogram --------------------
[639.441 us ; 678.498 us) | @
[678.498 us ; 725.168 us) | @@
---------------------------------------------------

SessionSetupDecompositionBenchmarks.ComponentC1_AssociationClaimRelease: ShortRun(InvocationCount=1, IterationCount=3, LaunchCount=1, UnrollFactor=1, WarmupCount=3) [Sessions=1000]
Runtime = .NET 10.0.12 (10.0.12, 10.0.1226.42308), X64 RyuJIT x86-64-v4; GC = Concurrent Workstation
Mean = 3.316 ms, StdErr = 0.180 ms (5.44%), N = 3, StdDev = 0.313 ms
Min = 3.116 ms, Q1 = 3.135 ms, Median = 3.155 ms, Q3 = 3.416 ms, Max = 3.676 ms
IQR = 0.280 ms, LowerFence = 2.715 ms, UpperFence = 3.836 ms
ConfidenceInterval = [-2.388 ms; 9.019 ms] (CI 99.9%), Margin = 5.704 ms (172.02% of Mean)
Skewness = 0.38, Kurtosis = 0.67, MValue = 2
-------------------- Histogram --------------------
[3.111 ms ; 3.680 ms) | @@@
---------------------------------------------------

SessionSetupDecompositionBenchmarks.ComponentC2_SessionConstructStartAsync: ShortRun(InvocationCount=1, IterationCount=3, LaunchCount=1, UnrollFactor=1, WarmupCount=3) [Sessions=1000]
Runtime = .NET 10.0.12 (10.0.12, 10.0.1226.42308), X64 RyuJIT x86-64-v4; GC = Concurrent Workstation
Mean = 3.833 ms, StdErr = 0.584 ms (15.25%), N = 3, StdDev = 1.012 ms
Min = 3.149 ms, Q1 = 3.251 ms, Median = 3.353 ms, Q3 = 4.174 ms, Max = 4.996 ms
IQR = 0.923 ms, LowerFence = 1.866 ms, UpperFence = 5.559 ms
ConfidenceInterval = [-14.636 ms; 22.301 ms] (CI 99.9%), Margin = 18.468 ms (481.88% of Mean)
Skewness = 0.37, Kurtosis = 0.67, MValue = 2
-------------------- Histogram --------------------
[2.228 ms ; 4.172 ms) | @@
[4.172 ms ; 5.917 ms) | @
---------------------------------------------------

SessionSetupDecompositionBenchmarks.ComponentC2a1_ContextRecordStaticLambda: ShortRun(InvocationCount=1, IterationCount=3, LaunchCount=1, UnrollFactor=1, WarmupCount=3) [Sessions=1000]
Runtime = .NET 10.0.12 (10.0.12, 10.0.1226.42308), X64 RyuJIT x86-64-v4; GC = Concurrent Workstation
Mean = 96.374 us, StdErr = 0.530 us (0.55%), N = 3, StdDev = 0.918 us
Min = 95.345 us, Q1 = 96.006 us, Median = 96.667 us, Q3 = 96.888 us, Max = 97.109 us
IQR = 0.882 us, LowerFence = 94.683 us, UpperFence = 98.211 us
ConfidenceInterval = [79.629 us; 113.119 us] (CI 99.9%), Margin = 16.745 us (17.38% of Mean)
Skewness = -0.29, Kurtosis = 0.67, MValue = 2
-------------------- Histogram --------------------
[94.510 us ; 97.944 us) | @@@
---------------------------------------------------

SessionSetupDecompositionBenchmarks.ComponentC2a2_ContextRecordMethodGroup: ShortRun(InvocationCount=1, IterationCount=3, LaunchCount=1, UnrollFactor=1, WarmupCount=3) [Sessions=1000]
Runtime = .NET 10.0.12 (10.0.12, 10.0.1226.42308), X64 RyuJIT x86-64-v4; GC = Concurrent Workstation
Mean = 133.386 us, StdErr = 18.648 us (13.98%), N = 3, StdDev = 32.299 us
Min = 104.964 us, Q1 = 115.824 us, Median = 126.684 us, Q3 = 147.597 us, Max = 168.511 us
IQR = 31.773 us, LowerFence = 68.164 us, UpperFence = 195.258 us
ConfidenceInterval = [-455.874 us; 722.646 us] (CI 99.9%), Margin = 589.260 us (441.77% of Mean)
Skewness = 0.2, Kurtosis = 0.67, MValue = 2
-------------------- Histogram --------------------
[ 86.430 us ; 145.218 us) | @@
[145.218 us ; 197.905 us) | @
---------------------------------------------------

SessionSetupDecompositionBenchmarks.ComponentC2b_SessionConstructOnly: ShortRun(InvocationCount=1, IterationCount=3, LaunchCount=1, UnrollFactor=1, WarmupCount=3) [Sessions=1000]
Runtime = .NET 10.0.12 (10.0.12, 10.0.1226.42308), X64 RyuJIT x86-64-v4; GC = Concurrent Workstation
Mean = 2.495 ms, StdErr = 0.263 ms (10.55%), N = 3, StdDev = 0.456 ms
Min = 2.181 ms, Q1 = 2.234 ms, Median = 2.287 ms, Q3 = 2.653 ms, Max = 3.018 ms
IQR = 0.419 ms, LowerFence = 1.606 ms, UpperFence = 3.281 ms
ConfidenceInterval = [-5.823 ms; 10.814 ms] (CI 99.9%), Margin = 8.318 ms (333.34% of Mean)
Skewness = 0.36, Kurtosis = 0.67, MValue = 2
-------------------- Histogram --------------------
[1.766 ms ; 2.649 ms) | @@
[2.649 ms ; 3.433 ms) | @
---------------------------------------------------

SessionSetupDecompositionBenchmarks.ComponentC2c1_ScopeConstructLinked: ShortRun(InvocationCount=1, IterationCount=3, LaunchCount=1, UnrollFactor=1, WarmupCount=3) [Sessions=1000]
Runtime = .NET 10.0.12 (10.0.12, 10.0.1226.42308), X64 RyuJIT x86-64-v4; GC = Concurrent Workstation
Mean = 75.391 us, StdErr = 4.489 us (5.95%), N = 3, StdDev = 7.776 us
Min = 70.195 us, Q1 = 70.921 us, Median = 71.647 us, Q3 = 77.989 us, Max = 84.330 us
IQR = 7.067 us, LowerFence = 60.320 us, UpperFence = 88.590 us
ConfidenceInterval = [-66.466 us; 217.248 us] (CI 99.9%), Margin = 141.857 us (188.16% of Mean)
Skewness = 0.37, Kurtosis = 0.67, MValue = 2
-------------------- Histogram --------------------
[70.186 us ; 84.339 us) | @@@
---------------------------------------------------

SessionSetupDecompositionBenchmarks.ComponentC2c2_ScopeConstructUnlinked: ShortRun(InvocationCount=1, IterationCount=3, LaunchCount=1, UnrollFactor=1, WarmupCount=3) [Sessions=1000]
Runtime = .NET 10.0.12 (10.0.12, 10.0.1226.42308), X64 RyuJIT x86-64-v4; GC = Concurrent Workstation
Mean = 35.892 us, StdErr = 0.754 us (2.10%), N = 3, StdDev = 1.307 us
Min = 34.650 us, Q1 = 35.211 us, Median = 35.772 us, Q3 = 36.514 us, Max = 37.255 us
IQR = 1.302 us, LowerFence = 33.257 us, UpperFence = 38.467 us
ConfidenceInterval = [12.054 us; 59.731 us] (CI 99.9%), Margin = 23.838 us (66.42% of Mean)
Skewness = 0.09, Kurtosis = 0.67, MValue = 2
-------------------- Histogram --------------------
[34.022 us ; 36.400 us) | @@
[36.400 us ; 38.444 us) | @
---------------------------------------------------

SessionSetupDecompositionBenchmarks.ComponentC2e_LockConstruction: ShortRun(InvocationCount=1, IterationCount=3, LaunchCount=1, UnrollFactor=1, WarmupCount=3) [Sessions=1000]
Runtime = .NET 10.0.12 (10.0.12, 10.0.1226.42308), X64 RyuJIT x86-64-v4; GC = Concurrent Workstation
Mean = 54.719 us, StdErr = 30.220 us (55.23%), N = 3, StdDev = 52.342 us
Min = 19.951 us, Q1 = 24.620 us, Median = 29.288 us, Q3 = 72.103 us, Max = 114.918 us
IQR = 47.483 us, LowerFence = -46.605 us, UpperFence = 143.327 us
ConfidenceInterval = [-900.192 us; 1,009.630 us] (CI 99.9%), Margin = 954.911 us (1745.11% of Mean)
Skewness = 0.37, Kurtosis = 0.67, MValue = 2
-------------------- Histogram --------------------
[19.801 us ; 115.068 us) | @@@
---------------------------------------------------

SessionSetupDecompositionBenchmarks.ComponentC2e_TaskCompletionSourceConstruction: ShortRun(InvocationCount=1, IterationCount=3, LaunchCount=1, UnrollFactor=1, WarmupCount=3) [Sessions=1000]
Runtime = .NET 10.0.12 (10.0.12, 10.0.1226.42308), X64 RyuJIT x86-64-v4; GC = Concurrent Workstation
Mean = 67.094 us, StdErr = 31.578 us (47.07%), N = 3, StdDev = 54.695 us
Min = 35.295 us, Q1 = 35.516 us, Median = 35.736 us, Q3 = 82.993 us, Max = 130.250 us
IQR = 47.477 us, LowerFence = -35.701 us, UpperFence = 154.209 us
ConfidenceInterval = [-930.755 us; 1,064.942 us] (CI 99.9%), Margin = 997.848 us (1487.25% of Mean)
Skewness = 0.38, Kurtosis = 0.67, MValue = 2
-------------------- Histogram --------------------
[32.998 us ; 132.547 us) | @@@
---------------------------------------------------

SessionSetupDecompositionBenchmarks.ComponentC2e_LinkedTokenSourceConstruction: ShortRun(InvocationCount=1, IterationCount=3, LaunchCount=1, UnrollFactor=1, WarmupCount=3) [Sessions=1000]
Runtime = .NET 10.0.12 (10.0.12, 10.0.1226.42308), X64 RyuJIT x86-64-v4; GC = Concurrent Workstation
Mean = 117.260 us, StdErr = 39.587 us (33.76%), N = 3, StdDev = 68.567 us
Min = 65.401 us, Q1 = 78.389 us, Median = 91.378 us, Q3 = 143.189 us, Max = 195.000 us
IQR = 64.799 us, LowerFence = -18.810 us, UpperFence = 240.388 us
ConfidenceInterval = [-1,133.649 us; 1,368.169 us] (CI 99.9%), Margin = 1,250.909 us (1066.79% of Mean)
Skewness = 0.32, Kurtosis = 0.67, MValue = 2
-------------------- Histogram --------------------
[ 15.991 us ; 140.788 us) | @@
[140.788 us ; 257.398 us) | @
---------------------------------------------------

SessionSetupDecompositionBenchmarks.ComponentE1_CanceledDelayAwaitAsync: ShortRun(InvocationCount=1, IterationCount=3, LaunchCount=1, UnrollFactor=1, WarmupCount=3) [Sessions=1000]
Runtime = .NET 10.0.12 (10.0.12, 10.0.1226.42308), X64 RyuJIT x86-64-v4; GC = Concurrent Workstation
Mean = 4.429 ms, StdErr = 0.272 ms (6.15%), N = 3, StdDev = 0.472 ms
Min = 4.081 ms, Q1 = 4.160 ms, Median = 4.240 ms, Q3 = 4.602 ms, Max = 4.965 ms
IQR = 0.442 ms, LowerFence = 3.497 ms, UpperFence = 5.266 ms
ConfidenceInterval = [-4.174 ms; 13.031 ms] (CI 99.9%), Margin = 8.603 ms (194.25% of Mean)
Skewness = 0.34, Kurtosis = 0.67, MValue = 2
-------------------- Histogram --------------------
[3.652 ms ; 4.589 ms) | @@
[4.589 ms ; 5.394 ms) | @
---------------------------------------------------

SessionSetupDecompositionBenchmarks.ComponentE2_SetupExecutorDisposeAsync: ShortRun(InvocationCount=1, IterationCount=3, LaunchCount=1, UnrollFactor=1, WarmupCount=3) [Sessions=1000]
Runtime = .NET 10.0.12 (10.0.12, 10.0.1226.42308), X64 RyuJIT x86-64-v4; GC = Concurrent Workstation
Mean = 94.792 ms, StdErr = 0.105 ms (0.11%), N = 3, StdDev = 0.182 ms
Min = 94.661 ms, Q1 = 94.687 ms, Median = 94.714 ms, Q3 = 94.857 ms, Max = 95.000 ms
IQR = 0.170 ms, LowerFence = 94.433 ms, UpperFence = 95.111 ms
ConfidenceInterval = [91.466 ms; 98.117 ms] (CI 99.9%), Margin = 3.325 ms (3.51% of Mean)
Skewness = 0.35, Kurtosis = 0.67, MValue = 2
-------------------- Histogram --------------------
[94.495 ms ; 95.166 ms) | @@@
---------------------------------------------------

SessionSetupDecompositionBenchmarks.ComponentA1_AssociationTablePreSeed: ShortRun(InvocationCount=1, IterationCount=3, LaunchCount=1, UnrollFactor=1, WarmupCount=3) [Sessions=1000]
Runtime = .NET 10.0.12 (10.0.12, 10.0.1226.42308), X64 RyuJIT x86-64-v4; GC = Concurrent Workstation
Mean = 29.266 us, StdErr = 15.912 us (54.37%), N = 3, StdDev = 27.561 us
Min = 13.059 us, Q1 = 13.355 us, Median = 13.650 us, Q3 = 37.370 us, Max = 61.089 us
IQR = 24.015 us, LowerFence = -22.667 us, UpperFence = 73.391 us
ConfidenceInterval = [-473.541 us; 532.073 us] (CI 99.9%), Margin = 502.807 us (1718.05% of Mean)
Skewness = 0.38, Kurtosis = 0.67, MValue = 2
-------------------- Histogram --------------------
[11.993 us ; 62.155 us) | @@@
---------------------------------------------------

SessionSetupDecompositionBenchmarks.ComponentA2_SessionDictionaryPreSeed: ShortRun(InvocationCount=1, IterationCount=3, LaunchCount=1, UnrollFactor=1, WarmupCount=3) [Sessions=1000]
Runtime = .NET 10.0.12 (10.0.12, 10.0.1226.42308), X64 RyuJIT x86-64-v4; GC = Concurrent Workstation
Mean = 19.668 us, StdErr = 10.822 us (55.02%), N = 3, StdDev = 18.744 us
Min = 8.260 us, Q1 = 8.851 us, Median = 9.442 us, Q3 = 25.372 us, Max = 41.301 us
IQR = 16.520 us, LowerFence = -15.930 us, UpperFence = 50.152 us
ConfidenceInterval = [-322.299 us; 361.634 us] (CI 99.9%), Margin = 341.966 us (1738.72% of Mean)
Skewness = 0.38, Kurtosis = 0.67, MValue = 2
-------------------- Histogram --------------------
[7.722 us ; 41.839 us) | @@@
---------------------------------------------------

SessionSetupDecompositionBenchmarks.ComponentA3_CooldownTableConstruction: ShortRun(InvocationCount=1, IterationCount=3, LaunchCount=1, UnrollFactor=1, WarmupCount=3) [Sessions=1000]
Runtime = .NET 10.0.12 (10.0.12, 10.0.1226.42308), X64 RyuJIT x86-64-v4; GC = Concurrent Workstation
Mean = 9.945 us, StdErr = 6.339 us (63.74%), N = 3, StdDev = 10.979 us
Min = 3.546 us, Q1 = 3.607 us, Median = 3.667 us, Q3 = 13.145 us, Max = 22.622 us
IQR = 9.538 us, LowerFence = -10.700 us, UpperFence = 27.451 us
ConfidenceInterval = [-190.349 us; 210.239 us] (CI 99.9%), Margin = 200.294 us (2014.01% of Mean)
Skewness = 0.38, Kurtosis = 0.67, MValue = 2
-------------------- Histogram --------------------
[3.093 us ; 23.075 us) | @@@
---------------------------------------------------

SessionSetupDecompositionBenchmarks.ComponentA4_SlotAndQueueObjects: ShortRun(InvocationCount=1, IterationCount=3, LaunchCount=1, UnrollFactor=1, WarmupCount=3) [Sessions=1000]
Runtime = .NET 10.0.12 (10.0.12, 10.0.1226.42308), X64 RyuJIT x86-64-v4; GC = Concurrent Workstation
Mean = 79.184 us, StdErr = 40.758 us (51.47%), N = 3, StdDev = 70.596 us
Min = 38.276 us, Q1 = 38.426 us, Median = 38.576 us, Q3 = 99.638 us, Max = 160.701 us
IQR = 61.212 us, LowerFence = -53.393 us, UpperFence = 191.457 us
ConfidenceInterval = [-1,208.743 us; 1,367.112 us] (CI 99.9%), Margin = 1,287.928 us (1626.49% of Mean)
Skewness = 0.38, Kurtosis = 0.67, MValue = 2
-------------------- Histogram --------------------
[35.244 us ; 163.733 us) | @@@
---------------------------------------------------

SessionSetupDecompositionBenchmarks.ComponentA5_CompletionCell: ShortRun(InvocationCount=1, IterationCount=3, LaunchCount=1, UnrollFactor=1, WarmupCount=3) [Sessions=1000]
Runtime = .NET 10.0.12 (10.0.12, 10.0.1226.42308), X64 RyuJIT x86-64-v4; GC = Concurrent Workstation
Mean = 66.788 us, StdErr = 28.199 us (42.22%), N = 3, StdDev = 48.841 us
Min = 38.066 us, Q1 = 38.592 us, Median = 39.117 us, Q3 = 81.150 us, Max = 123.183 us
IQR = 42.559 us, LowerFence = -25.246 us, UpperFence = 144.988 us
ConfidenceInterval = [-824.262 us; 957.839 us] (CI 99.9%), Margin = 891.050 us (1334.14% of Mean)
Skewness = 0.38, Kurtosis = 0.67, MValue = 2
-------------------- Histogram --------------------
[36.176 us ; 125.072 us) | @@@
---------------------------------------------------

SessionSetupDecompositionBenchmarks.ComponentA6_ColdRent: ShortRun(InvocationCount=1, IterationCount=3, LaunchCount=1, UnrollFactor=1, WarmupCount=3) [Sessions=1000]
Runtime = .NET 10.0.12 (10.0.12, 10.0.1226.42308), X64 RyuJIT x86-64-v4; GC = Concurrent Workstation
Mean = 164.535 us, StdErr = 102.756 us (62.45%), N = 3, StdDev = 177.978 us
Min = 60.076 us, Q1 = 61.783 us, Median = 63.491 us, Q3 = 216.764 us, Max = 370.037 us
IQR = 154.981 us, LowerFence = -170.687 us, UpperFence = 449.235 us
ConfidenceInterval = [-3,082.454 us; 3,411.524 us] (CI 99.9%), Margin = 3,246.989 us (1973.44% of Mean)
Skewness = 0.38, Kurtosis = 0.67, MValue = 2
-------------------- Histogram --------------------
[53.090 us ; 377.023 us) | @@@
---------------------------------------------------

SessionSetupDecompositionBenchmarks.ComponentA7_EnqueueCycle: ShortRun(InvocationCount=1, IterationCount=3, LaunchCount=1, UnrollFactor=1, WarmupCount=3) [Sessions=1000]
Runtime = .NET 10.0.12 (10.0.12, 10.0.1226.42308), X64 RyuJIT x86-64-v4; GC = Concurrent Workstation
Mean = 270.492 us, StdErr = 6.123 us (2.26%), N = 3, StdDev = 10.605 us
Min = 262.574 us, Q1 = 264.467 us, Median = 266.361 us, Q3 = 274.451 us, Max = 282.541 us
IQR = 9.983 us, LowerFence = 249.492 us, UpperFence = 289.426 us
ConfidenceInterval = [77.015 us; 463.969 us] (CI 99.9%), Margin = 193.477 us (71.53% of Mean)
Skewness = 0.33, Kurtosis = 0.67, MValue = 2
-------------------- Histogram --------------------
[252.923 us ; 274.119 us) | @@
[274.119 us ; 292.192 us) | @
---------------------------------------------------

SessionSetupDecompositionBenchmarks.ComponentA8_WarmRentAdmissionAsync: ShortRun(InvocationCount=1, IterationCount=3, LaunchCount=1, UnrollFactor=1, WarmupCount=3) [Sessions=1000]
Runtime = .NET 10.0.12 (10.0.12, 10.0.1226.42308), X64 RyuJIT x86-64-v4; GC = Concurrent Workstation
Mean = 2.643 ms, StdErr = 0.211 ms (7.98%), N = 3, StdDev = 0.365 ms
Min = 2.265 ms, Q1 = 2.467 ms, Median = 2.669 ms, Q3 = 2.832 ms, Max = 2.994 ms
IQR = 0.364 ms, LowerFence = 1.921 ms, UpperFence = 3.379 ms
ConfidenceInterval = [-4.020 ms; 9.306 ms] (CI 99.9%), Margin = 6.663 ms (252.09% of Mean)
Skewness = -0.07, Kurtosis = 0.67, MValue = 2
-------------------- Histogram --------------------
[1.933 ms ; 2.499 ms) | @
[2.499 ms ; 3.164 ms) | @@
---------------------------------------------------

SessionSetupDecompositionBenchmarks.ComponentA9a_DictionaryGrowthSpansResize: ShortRun(InvocationCount=1, IterationCount=3, LaunchCount=1, UnrollFactor=1, WarmupCount=3) [Sessions=1000]
Runtime = .NET 10.0.12 (10.0.12, 10.0.1226.42308), X64 RyuJIT x86-64-v4; GC = Concurrent Workstation
Mean = 3.180 ms, StdErr = 1.353 ms (42.54%), N = 3, StdDev = 2.343 ms
Min = 1.716 ms, Q1 = 1.829 ms, Median = 1.942 ms, Q3 = 3.912 ms, Max = 5.882 ms
IQR = 2.083 ms, LowerFence = -1.296 ms, UpperFence = 7.037 ms
ConfidenceInterval = [-39.566 ms; 45.926 ms] (CI 99.9%), Margin = 42.746 ms (1344.19% of Mean)
Skewness = 0.38, Kurtosis = 0.67, MValue = 2
-------------------- Histogram --------------------
[1.667 ms ; 5.931 ms) | @@@
---------------------------------------------------

SessionSetupDecompositionBenchmarks.ComponentA9b_DictionaryGrowthNoResize: ShortRun(InvocationCount=1, IterationCount=3, LaunchCount=1, UnrollFactor=1, WarmupCount=3) [Sessions=1000]
Runtime = .NET 10.0.12 (10.0.12, 10.0.1226.42308), X64 RyuJIT x86-64-v4; GC = Concurrent Workstation
Mean = 2.963 ms, StdErr = 1.348 ms (45.50%), N = 3, StdDev = 2.335 ms
Min = 1.597 ms, Q1 = 1.615 ms, Median = 1.633 ms, Q3 = 3.646 ms, Max = 5.659 ms
IQR = 2.031 ms, LowerFence = -1.432 ms, UpperFence = 6.692 ms
ConfidenceInterval = [-39.633 ms; 45.559 ms] (CI 99.9%), Margin = 42.596 ms (1437.71% of Mean)
Skewness = 0.38, Kurtosis = 0.67, MValue = 2
-------------------- Histogram --------------------
[1.503 ms ; 5.753 ms) | @@@
---------------------------------------------------

// * Summary *

BenchmarkDotNet v0.15.8, Linux NixOS 26.11 (Zokor)
AMD Ryzen 9 9955HX 2.49GHz, 1 CPU, 32 logical and 16 physical cores
.NET SDK 10.0.401
  [Host]   : .NET 10.0.12 (10.0.12, 10.0.1226.42308), X64 RyuJIT x86-64-v4
  ShortRun : .NET 10.0.12 (10.0.12, 10.0.1226.42308), X64 RyuJIT x86-64-v4

Job=ShortRun  InvocationCount=1  IterationCount=3  
LaunchCount=1  UnrollFactor=1  WarmupCount=3  

| Method                                        | Sessions | Mean           | Error             | StdDev          | Median         | Allocated |
|---------------------------------------------- |--------- |---------------:|------------------:|----------------:|---------------:|----------:|
| StageS0_CoordinatorOnly                       | 1        |      25.645 us |       304.1976 us |      16.6741 us |      16.255 us |    8424 B |
| StageS1_AdmissionOnlyAsync                    | 1        |      69.877 us |       486.5956 us |      26.6719 us |      79.231 us |    7320 B |
| StageS2_SetupStartedAsync                     | 1        |  72,065.099 us |    12,998.8060 us |     712.5084 us |  72,227.847 us |   34968 B |
| StageS3_PipelineNoPayloadAsync                | 1        |  31,102.531 us |    15,523.6441 us |     850.9033 us |  30,851.748 us |   38960 B |
| StageS4_ReadinessTeardownOutsideAsync         | 1        |  31,075.734 us |    10,988.3760 us |     602.3100 us |  31,222.792 us |   34736 B |
| StageS5_ReadinessTeardownInsideAsync          | 1        |  45,058.420 us |     2,447.4655 us |     134.1538 us |  45,041.440 us |  100080 B |
| StageT1_SessionTeardownInsideAsync            | 1        |     384.793 us |     1,417.4467 us |      77.6950 us |     347.456 us |    7760 B |
| StageT3_ExpiryRetireInsideAsync               | 1        |  31,748.479 us |    21,829.2782 us |   1,196.5364 us |  31,969.113 us |   36064 B |
| StageT5_NonThrowingParkTeardownAsync          | 1        |     264.455 us |       272.0535 us |      14.9122 us |     257.405 us |    6464 B |
| BaselineF_FakeTransportCreationAsync          | 1        |      10.810 us |        45.7071 us |       2.5054 us |      10.259 us |     136 B |
| BaselineH_FlowKeyConstruction                 | 1        |      14.198 us |        20.9328 us |       1.1474 us |      13.832 us |     352 B |
| ComponentC1_AssociationClaimRelease           | 1        |      27.539 us |        11.7151 us |       0.6421 us |      27.486 us |    2120 B |
| ComponentC2_SessionConstructStartAsync        | 1        |      72.525 us |       537.9354 us |      29.4861 us |      73.270 us |    5480 B |
| ComponentC2a1_ContextRecordStaticLambda       | 1        |      22.862 us |        41.2618 us |       2.2617 us |      24.004 us |    3808 B |
| ComponentC2a2_ContextRecordMethodGroup        | 1        |      25.504 us |        62.4301 us |       3.4220 us |      25.738 us |    3896 B |
| ComponentC2b_SessionConstructOnly             | 1        |      36.030 us |       338.1944 us |      18.5376 us |      27.741 us |    4528 B |
| ComponentC2c1_ScopeConstructLinked            | 1        |      24.691 us |       576.6272 us |      31.6069 us |       7.720 us |     416 B |
| ComponentC2c2_ScopeConstructUnlinked          | 1        |       6.046 us |         0.8360 us |       0.0458 us |       6.056 us |     208 B |
| ComponentC2e_LockConstruction                 | 1        |       7.672 us |       160.8551 us |       8.8170 us |       2.870 us |      40 B |
| ComponentC2e_TaskCompletionSourceConstruction | 1        |       3.558 us |        12.3023 us |       0.6743 us |       3.781 us |      88 B |
| ComponentC2e_LinkedTokenSourceConstruction    | 1        |       7.711 us |        54.7728 us |       3.0023 us |       6.182 us |     352 B |
| ComponentE1_CanceledDelayAwaitAsync           | 1        |      49.897 us |       295.2147 us |      16.1817 us |      42.954 us |     864 B |
| ComponentE2_SetupExecutorDisposeAsync         | 1        | 166,439.409 us | 2,244,004.2660 us | 123,001.4464 us |  96,616.875 us |   90424 B |
| ComponentA1_AssociationTablePreSeed           | 1        |       9.250 us |       168.7044 us |       9.2473 us |       4.098 us |    1408 B |
| ComponentA2_SessionDictionaryPreSeed          | 1        |      18.007 us |       268.9235 us |      14.7406 us |      17.443 us |     576 B |
| ComponentA3_CooldownTableConstruction         | 1        |       7.834 us |       158.7736 us |       8.7029 us |       2.905 us |     160 B |
| ComponentA4_SlotAndQueueObjects               | 1        |       8.493 us |       145.2100 us |       7.9595 us |       3.938 us |     144 B |
| ComponentA5_CompletionCell                    | 1        |       8.559 us |       155.1527 us |       8.5044 us |       4.138 us |      88 B |
| ComponentA6_ColdRent                          | 1        |       8.931 us |         4.4680 us |       0.2449 us |       8.821 us |    2248 B |
| ComponentA7_EnqueueCycle                      | 1        |      10.361 us |        30.0464 us |       1.6469 us |      11.257 us |    1912 B |
| ComponentA8_WarmRentAdmissionAsync            | 1        |      47.214 us |       458.4538 us |      25.1294 us |      35.676 us |    8160 B |
| ComponentA9a_DictionaryGrowthSpansResize      | 1        |   3,258.384 us |    42,576.9505 us |   2,333.7863 us |   1,956.101 us |  950584 B |
| ComponentA9b_DictionaryGrowthNoResize         | 1        |   3,072.992 us |    39,995.8157 us |   2,192.3056 us |   1,882.010 us |  787288 B |
| StageS0_CoordinatorOnly                       | 100      |      35.053 us |       702.2736 us |      38.4940 us |      12.868 us |   54600 B |
| StageS1_AdmissionOnlyAsync                    | 100      |     230.836 us |       499.3744 us |      27.3724 us |     215.989 us |  135072 B |
| StageS2_SetupStartedAsync                     | 100      |  79,213.472 us |     9,091.7001 us |     498.3468 us |  79,040.906 us |  221080 B |
| StageS3_PipelineNoPayloadAsync                | 100      |  40,159.187 us |    21,180.0567 us |   1,160.9504 us |  39,796.440 us |  447560 B |
| StageS4_ReadinessTeardownOutsideAsync         | 100      |  42,817.749 us |    22,971.7994 us |   1,259.1618 us |  42,899.590 us |  417048 B |
| StageS5_ReadinessTeardownInsideAsync          | 100      |  57,051.718 us |    67,036.8946 us |   3,674.5184 us |  55,461.559 us |  677944 B |
| StageT1_SessionTeardownInsideAsync            | 100      |   8,412.667 us |    11,808.5369 us |     647.2658 us |   8,631.965 us |  448280 B |
| StageT3_ExpiryRetireInsideAsync               | 100      |  49,185.416 us |    30,162.2309 us |   1,653.2937 us |  49,581.607 us |  663592 B |
| StageT5_NonThrowingParkTeardownAsync          | 100      |   1,469.579 us |     6,554.1205 us |     359.2535 us |   1,320.217 us |  318800 B |
| BaselineF_FakeTransportCreationAsync          | 100      |      32.184 us |       401.5714 us |      22.0115 us |      19.491 us |   10432 B |
| BaselineH_FlowKeyConstruction                 | 100      |     108.524 us |       587.5325 us |      32.2046 us |     117.638 us |   35200 B |
| ComponentC1_AssociationClaimRelease           | 100      |     404.942 us |     1,193.2795 us |      65.4077 us |     424.989 us |   82800 B |
| ComponentC2_SessionConstructStartAsync        | 100      |     551.077 us |     3,439.3821 us |     188.5241 us |     489.263 us |  235848 B |
| ComponentC2a1_ContextRecordStaticLambda       | 100      |      34.140 us |        52.0955 us |       2.8555 us |      35.105 us |    3808 B |
| ComponentC2a2_ContextRecordMethodGroup        | 100      |      42.341 us |       286.9791 us |      15.7303 us |      33.552 us |   10232 B |
| ComponentC2b_SessionConstructOnly             | 100      |     298.449 us |     2,166.7875 us |     118.7689 us |     232.043 us |  154112 B |
| ComponentC2c1_ScopeConstructLinked            | 100      |      29.361 us |       525.4081 us |      28.7994 us |      12.754 us |   21800 B |
| ComponentC2c2_ScopeConstructUnlinked          | 100      |      26.250 us |       541.2505 us |      29.6678 us |       9.262 us |   12088 B |
| ComponentC2e_LockConstruction                 | 100      |      10.262 us |       163.0014 us |       8.9347 us |       5.219 us |    4000 B |
| ComponentC2e_TaskCompletionSourceConstruction | 100      |      16.061 us |       291.6206 us |      15.9847 us |       7.378 us |    8800 B |
| ComponentC2e_LinkedTokenSourceConstruction    | 100      |      33.455 us |       638.9656 us |      35.0239 us |      14.046 us |   15400 B |
| ComponentE1_CanceledDelayAwaitAsync           | 100      |     462.014 us |       770.9575 us |      42.2588 us |     450.646 us |   86400 B |
| ComponentE2_SetupExecutorDisposeAsync         | 100      |  94,368.502 us |     8,486.0003 us |     465.1463 us |  94,577.214 us |   90424 B |
| ComponentA1_AssociationTablePreSeed           | 100      |      28.933 us |       740.6392 us |      40.5969 us |       5.640 us |   32192 B |
| ComponentA2_SessionDictionaryPreSeed          | 100      |      18.763 us |       405.2713 us |      22.2143 us |       7.449 us |   15968 B |
| ComponentA3_CooldownTableConstruction         | 100      |      21.375 us |       575.4597 us |      31.5429 us |       3.702 us |     160 B |
| ComponentA4_SlotAndQueueObjects               | 100      |      25.345 us |       595.4215 us |      32.6371 us |       6.547 us |   14400 B |
| ComponentA5_CompletionCell                    | 100      |      21.765 us |       432.3131 us |      23.6965 us |       8.421 us |    8800 B |
| ComponentA6_ColdRent                          | 100      |      28.229 us |       520.6579 us |      28.5390 us |      11.782 us |   29176 B |
| ComponentA7_EnqueueCycle                      | 100      |      60.044 us |       674.8487 us |      36.9907 us |      39.402 us |    1912 B |
| ComponentA8_WarmRentAdmissionAsync            | 100      |     248.745 us |       977.6702 us |      53.5894 us |     218.242 us |  108984 B |
| ComponentA9a_DictionaryGrowthSpansResize      | 100      |   3,033.960 us |    42,994.3994 us |   2,356.6681 us |   1,676.604 us |  950584 B |
| ComponentA9b_DictionaryGrowthNoResize         | 100      |   3,235.022 us |    48,758.3092 us |   2,672.6075 us |   1,716.990 us |  787288 B |
| StageS0_CoordinatorOnly                       | 1000     |     106.137 us |     1,228.2075 us |      67.3222 us |      67.459 us |  496824 B |
| StageS1_AdmissionOnlyAsync                    | 1000     |   2,814.493 us |     9,166.7499 us |     502.4605 us |   3,037.097 us | 1323696 B |
| StageS2_SetupStartedAsync                     | 1000     |  82,451.415 us |    40,247.3373 us |   2,206.0924 us |  81,629.580 us | 1522344 B |
| StageS3_PipelineNoPayloadAsync                | 1000     |  66,472.249 us |    33,354.8054 us |   1,828.2894 us |  67,506.401 us | 4305128 B |
| StageS4_ReadinessTeardownOutsideAsync         | 1000     |  62,473.991 us |    51,534.1411 us |   2,824.7602 us |  62,316.059 us | 3771232 B |
| StageS5_ReadinessTeardownInsideAsync          | 1000     |  91,370.526 us |   155,960.1327 us |   8,548.7012 us |  89,482.322 us | 5869712 B |
| StageT1_SessionTeardownInsideAsync            | 1000     |  58,090.794 us |   427,372.3663 us |  23,425.7216 us |  50,532.017 us | 4408792 B |
| StageT3_ExpiryRetireInsideAsync               | 1000     | 135,474.388 us |    86,133.5987 us |   4,721.2732 us | 135,147.976 us | 6231624 B |
| StageT5_NonThrowingParkTeardownAsync          | 1000     |   8,016.807 us |    29,222.3394 us |   1,601.7750 us |   7,191.376 us | 3112792 B |
| BaselineF_FakeTransportCreationAsync          | 1000     |     197.905 us |     1,736.9994 us |      95.2108 us |     170.034 us |  104032 B |
| BaselineH_FlowKeyConstruction                 | 1000     |     686.447 us |       420.3561 us |      23.0411 us |     694.732 us |  356800 B |
| ComponentC1_AssociationClaimRelease           | 1000     |   3,315.594 us |     5,703.6080 us |     312.6340 us |   3,155.378 us |  836016 B |
| ComponentC2_SessionConstructStartAsync        | 1000     |   3,832.518 us |    18,468.3047 us |   1,012.3101 us |   3,352.852 us | 2349864 B |
| ComponentC2a1_ContextRecordStaticLambda       | 1000     |      96.374 us |        16.7451 us |       0.9179 us |      96.667 us |    3808 B |
| ComponentC2a2_ContextRecordMethodGroup        | 1000     |     133.386 us |       589.2599 us |      32.2993 us |     126.684 us |   67832 B |
| ComponentC2b_SessionConstructOnly             | 1000     |   2,495.445 us |     8,318.2165 us |     455.9495 us |   2,287.311 us | 1533728 B |
| ComponentC2c1_ScopeConstructLinked            | 1000     |      75.391 us |       141.8569 us |       7.7757 us |      71.647 us |  216200 B |
| ComponentC2c2_ScopeConstructUnlinked          | 1000     |      35.892 us |        23.8384 us |       1.3067 us |      35.772 us |  120088 B |
| ComponentC2e_LockConstruction                 | 1000     |      54.719 us |       954.9111 us |      52.3419 us |      29.288 us |   40000 B |
| ComponentC2e_TaskCompletionSourceConstruction | 1000     |      67.094 us |       997.8483 us |      54.6954 us |      35.736 us |   88000 B |
| ComponentC2e_LinkedTokenSourceConstruction    | 1000     |     117.260 us |     1,250.9090 us |      68.5665 us |      91.378 us |  152200 B |
| ComponentE1_CanceledDelayAwaitAsync           | 1000     |   4,428.521 us |     8,602.5508 us |     471.5348 us |   4,239.624 us |  864000 B |
| ComponentE2_SetupExecutorDisposeAsync         | 1000     |  94,791.566 us |     3,325.4703 us |     182.2802 us |  94,714.386 us |   90424 B |
| ComponentA1_AssociationTablePreSeed           | 1000     |      29.266 us |       502.8067 us |      27.5605 us |      13.650 us |  327008 B |
| ComponentA2_SessionDictionaryPreSeed          | 1000     |      19.668 us |       341.9665 us |      18.7443 us |       9.442 us |  163376 B |
| ComponentA3_CooldownTableConstruction         | 1000     |       9.945 us |       200.2936 us |      10.9788 us |       3.667 us |     160 B |
| ComponentA4_SlotAndQueueObjects               | 1000     |      79.184 us |     1,287.9277 us |      70.5957 us |      38.576 us |  144000 B |
| ComponentA5_CompletionCell                    | 1000     |      66.788 us |       891.0502 us |      48.8415 us |      39.117 us |   88000 B |
| ComponentA6_ColdRent                          | 1000     |     164.535 us |     3,246.9891 us |     177.9784 us |      63.491 us |  273976 B |
| ComponentA7_EnqueueCycle                      | 1000     |     270.492 us |       193.4774 us |      10.6051 us |     266.361 us |    1912 B |
| ComponentA8_WarmRentAdmissionAsync            | 1000     |   2,642.934 us |     6,662.6797 us |     365.2040 us |   2,669.327 us | 1052808 B |
| ComponentA9a_DictionaryGrowthSpansResize      | 1000     |   3,180.065 us |    42,745.9601 us |   2,343.0503 us |   1,942.134 us |  950584 B |
| ComponentA9b_DictionaryGrowthNoResize         | 1000     |   2,962.750 us |    42,595.8549 us |   2,334.8226 us |   1,632.712 us |  787288 B |

// * Warnings *
MinIterationTime
  SessionSetupDecompositionBenchmarks.StageS0_CoordinatorOnly: ShortRun                       -> The minimum observed iteration time is 16.15us which is very small. It's recommended to increase it to at least 100ms using more operations.
  SessionSetupDecompositionBenchmarks.StageS1_AdmissionOnlyAsync: ShortRun                    -> The minimum observed iteration time is 40.294us which is very small. It's recommended to increase it to at least 100ms using more operations.
  SessionSetupDecompositionBenchmarks.StageS2_SetupStartedAsync: ShortRun                     -> The minimum observed iteration time is 71.286ms which is very small. It's recommended to increase it to at least 100ms using more operations.
  SessionSetupDecompositionBenchmarks.StageS3_PipelineNoPayloadAsync: ShortRun                -> The minimum observed iteration time is 30.406ms which is very small. It's recommended to increase it to at least 100ms using more operations.
  SessionSetupDecompositionBenchmarks.StageS4_ReadinessTeardownOutsideAsync: ShortRun         -> The minimum observed iteration time is 30.414ms which is very small. It's recommended to increase it to at least 100ms using more operations.
  SessionSetupDecompositionBenchmarks.StageS5_ReadinessTeardownInsideAsync: ShortRun          -> The minimum observed iteration time is 44.934ms which is very small. It's recommended to increase it to at least 100ms using more operations.
  SessionSetupDecompositionBenchmarks.StageT1_SessionTeardownInsideAsync: ShortRun            -> The minimum observed iteration time is 333.22us which is very small. It's recommended to increase it to at least 100ms using more operations.
  SessionSetupDecompositionBenchmarks.StageT3_ExpiryRetireInsideAsync: ShortRun               -> The minimum observed iteration time is 30.457ms which is very small. It's recommended to increase it to at least 100ms using more operations.
  SessionSetupDecompositionBenchmarks.StageT5_NonThrowingParkTeardownAsync: ShortRun          -> The minimum observed iteration time is 254.841us which is very small. It's recommended to increase it to at least 100ms using more operations.
  SessionSetupDecompositionBenchmarks.BaselineF_FakeTransportCreationAsync: ShortRun          -> The minimum observed iteration time is 9.147us which is very small. It's recommended to increase it to at least 100ms using more operations.
  SessionSetupDecompositionBenchmarks.BaselineH_FlowKeyConstruction: ShortRun                 -> The minimum observed iteration time is 13.745us which is very small. It's recommended to increase it to at least 100ms using more operations.
  SessionSetupDecompositionBenchmarks.ComponentC1_AssociationClaimRelease: ShortRun           -> The minimum observed iteration time is 27.321us which is very small. It's recommended to increase it to at least 100ms using more operations.
  SessionSetupDecompositionBenchmarks.ComponentC2_SessionConstructStartAsync: ShortRun        -> The minimum observed iteration time is 43.08us which is very small. It's recommended to increase it to at least 100ms using more operations.
  SessionSetupDecompositionBenchmarks.ComponentC2a1_ContextRecordStaticLambda: ShortRun       -> The minimum observed iteration time is 20.658us which is very small. It's recommended to increase it to at least 100ms using more operations.
  SessionSetupDecompositionBenchmarks.ComponentC2a2_ContextRecordMethodGroup: ShortRun        -> The minimum observed iteration time is 22.462us which is very small. It's recommended to increase it to at least 100ms using more operations.
  SessionSetupDecompositionBenchmarks.ComponentC2b_SessionConstructOnly: ShortRun             -> The minimum observed iteration time is 23.543us which is very small. It's recommended to increase it to at least 100ms using more operations.
  SessionSetupDecompositionBenchmarks.ComponentC2c1_ScopeConstructLinked: ShortRun            -> The minimum observed iteration time is 5.69us which is very small. It's recommended to increase it to at least 100ms using more operations.
  SessionSetupDecompositionBenchmarks.ComponentC2c2_ScopeConstructUnlinked: ShortRun          -> The minimum observed iteration time is 6.422us which is very small. It's recommended to increase it to at least 100ms using more operations.
  SessionSetupDecompositionBenchmarks.ComponentC2e_LockConstruction: ShortRun                 -> The minimum observed iteration time is 2.745us which is very small. It's recommended to increase it to at least 100ms using more operations.
  SessionSetupDecompositionBenchmarks.ComponentC2e_TaskCompletionSourceConstruction: ShortRun -> The minimum observed iteration time is 3.206us which is very small. It's recommended to increase it to at least 100ms using more operations.
  SessionSetupDecompositionBenchmarks.ComponentC2e_LinkedTokenSourceConstruction: ShortRun    -> The minimum observed iteration time is 6.252us which is very small. It's recommended to increase it to at least 100ms using more operations.
  SessionSetupDecompositionBenchmarks.ComponentE1_CanceledDelayAwaitAsync: ShortRun           -> The minimum observed iteration time is 38.852us which is very small. It's recommended to increase it to at least 100ms using more operations.
  SessionSetupDecompositionBenchmarks.ComponentE2_SetupExecutorDisposeAsync: ShortRun         -> The minimum observed iteration time is 94.239ms which is very small. It's recommended to increase it to at least 100ms using more operations.
  SessionSetupDecompositionBenchmarks.ComponentA1_AssociationTablePreSeed: ShortRun           -> The minimum observed iteration time is 4.238us which is very small. It's recommended to increase it to at least 100ms using more operations.
  SessionSetupDecompositionBenchmarks.ComponentA2_SessionDictionaryPreSeed: ShortRun          -> The minimum observed iteration time is 3.977us which is very small. It's recommended to increase it to at least 100ms using more operations.
  SessionSetupDecompositionBenchmarks.ComponentA3_CooldownTableConstruction: ShortRun         -> The minimum observed iteration time is 3.156us which is very small. It's recommended to increase it to at least 100ms using more operations.
  SessionSetupDecompositionBenchmarks.ComponentA4_SlotAndQueueObjects: ShortRun               -> The minimum observed iteration time is 4.258us which is very small. It's recommended to increase it to at least 100ms using more operations.
  SessionSetupDecompositionBenchmarks.ComponentA5_CompletionCell: ShortRun                    -> The minimum observed iteration time is 3.616us which is very small. It's recommended to increase it to at least 100ms using more operations.
  SessionSetupDecompositionBenchmarks.ComponentA6_ColdRent: ShortRun                          -> The minimum observed iteration time is 9.207us which is very small. It's recommended to increase it to at least 100ms using more operations.
  SessionSetupDecompositionBenchmarks.ComponentA7_EnqueueCycle: ShortRun                      -> The minimum observed iteration time is 8.866us which is very small. It's recommended to increase it to at least 100ms using more operations.
  SessionSetupDecompositionBenchmarks.ComponentA8_WarmRentAdmissionAsync: ShortRun            -> The minimum observed iteration time is 30.396us which is very small. It's recommended to increase it to at least 100ms using more operations.
  SessionSetupDecompositionBenchmarks.ComponentA9a_DictionaryGrowthSpansResize: ShortRun      -> The minimum observed iteration time is 1.867ms which is very small. It's recommended to increase it to at least 100ms using more operations.
  SessionSetupDecompositionBenchmarks.ComponentA9b_DictionaryGrowthNoResize: ShortRun         -> The minimum observed iteration time is 1.734ms which is very small. It's recommended to increase it to at least 100ms using more operations.
  SessionSetupDecompositionBenchmarks.StageS0_CoordinatorOnly: ShortRun                       -> The minimum observed iteration time is 13.115us which is very small. It's recommended to increase it to at least 100ms using more operations.
  SessionSetupDecompositionBenchmarks.StageS1_AdmissionOnlyAsync: ShortRun                    -> The minimum observed iteration time is 214.516us which is very small. It's recommended to increase it to at least 100ms using more operations.
  SessionSetupDecompositionBenchmarks.StageS2_SetupStartedAsync: ShortRun                     -> The minimum observed iteration time is 78.825ms which is very small. It's recommended to increase it to at least 100ms using more operations.
  SessionSetupDecompositionBenchmarks.StageS3_PipelineNoPayloadAsync: ShortRun                -> The minimum observed iteration time is 39.223ms which is very small. It's recommended to increase it to at least 100ms using more operations.
  SessionSetupDecompositionBenchmarks.StageS4_ReadinessTeardownOutsideAsync: ShortRun         -> The minimum observed iteration time is 41.52ms which is very small. It's recommended to increase it to at least 100ms using more operations.
  SessionSetupDecompositionBenchmarks.StageS5_ReadinessTeardownInsideAsync: ShortRun          -> The minimum observed iteration time is 54.441ms which is very small. It's recommended to increase it to at least 100ms using more operations.
  SessionSetupDecompositionBenchmarks.StageT1_SessionTeardownInsideAsync: ShortRun            -> The minimum observed iteration time is 7.685ms which is very small. It's recommended to increase it to at least 100ms using more operations.
  SessionSetupDecompositionBenchmarks.StageT3_ExpiryRetireInsideAsync: ShortRun               -> The minimum observed iteration time is 47.37ms which is very small. It's recommended to increase it to at least 100ms using more operations.
  SessionSetupDecompositionBenchmarks.StageT5_NonThrowingParkTeardownAsync: ShortRun          -> The minimum observed iteration time is 1.21ms which is very small. It's recommended to increase it to at least 100ms using more operations.
  SessionSetupDecompositionBenchmarks.BaselineF_FakeTransportCreationAsync: ShortRun          -> The minimum observed iteration time is 19.927us which is very small. It's recommended to increase it to at least 100ms using more operations.
  SessionSetupDecompositionBenchmarks.BaselineH_FlowKeyConstruction: ShortRun                 -> The minimum observed iteration time is 73.185us which is very small. It's recommended to increase it to at least 100ms using more operations.
  SessionSetupDecompositionBenchmarks.ComponentC1_AssociationClaimRelease: ShortRun           -> The minimum observed iteration time is 332.293us which is very small. It's recommended to increase it to at least 100ms using more operations.
  SessionSetupDecompositionBenchmarks.ComponentC2_SessionConstructStartAsync: ShortRun        -> The minimum observed iteration time is 401.491us which is very small. It's recommended to increase it to at least 100ms using more operations.
  SessionSetupDecompositionBenchmarks.ComponentC2a1_ContextRecordStaticLambda: ShortRun       -> The minimum observed iteration time is 31.528us which is very small. It's recommended to increase it to at least 100ms using more operations.
  SessionSetupDecompositionBenchmarks.ComponentC2a2_ContextRecordMethodGroup: ShortRun        -> The minimum observed iteration time is 33.411us which is very small. It's recommended to increase it to at least 100ms using more operations.
  SessionSetupDecompositionBenchmarks.ComponentC2b_SessionConstructOnly: ShortRun             -> The minimum observed iteration time is 228.161us which is very small. It's recommended to increase it to at least 100ms using more operations.
  SessionSetupDecompositionBenchmarks.ComponentC2c1_ScopeConstructLinked: ShortRun            -> The minimum observed iteration time is 13.044us which is very small. It's recommended to increase it to at least 100ms using more operations.
  SessionSetupDecompositionBenchmarks.ComponentC2c2_ScopeConstructUnlinked: ShortRun          -> The minimum observed iteration time is 9.467us which is very small. It's recommended to increase it to at least 100ms using more operations.
  SessionSetupDecompositionBenchmarks.ComponentC2e_LockConstruction: ShortRun                 -> The minimum observed iteration time is 5.46us which is very small. It's recommended to increase it to at least 100ms using more operations.
  SessionSetupDecompositionBenchmarks.ComponentC2e_TaskCompletionSourceConstruction: ShortRun -> The minimum observed iteration time is 6.653us which is very small. It's recommended to increase it to at least 100ms using more operations.
  SessionSetupDecompositionBenchmarks.ComponentC2e_LinkedTokenSourceConstruction: ShortRun    -> The minimum observed iteration time is 12.873us which is very small. It's recommended to increase it to at least 100ms using more operations.
  SessionSetupDecompositionBenchmarks.ComponentE1_CanceledDelayAwaitAsync: ShortRun           -> The minimum observed iteration time is 427.038us which is very small. It's recommended to increase it to at least 100ms using more operations.
  SessionSetupDecompositionBenchmarks.ComponentE2_SetupExecutorDisposeAsync: ShortRun         -> The minimum observed iteration time is 93.836ms which is very small. It's recommended to increase it to at least 100ms using more operations.
  SessionSetupDecompositionBenchmarks.ComponentA1_AssociationTablePreSeed: ShortRun           -> The minimum observed iteration time is 5.78us which is very small. It's recommended to increase it to at least 100ms using more operations.
  SessionSetupDecompositionBenchmarks.ComponentA2_SessionDictionaryPreSeed: ShortRun          -> The minimum observed iteration time is 4.969us which is very small. It's recommended to increase it to at least 100ms using more operations.
  SessionSetupDecompositionBenchmarks.ComponentA3_CooldownTableConstruction: ShortRun         -> The minimum observed iteration time is 3.116us which is very small. It's recommended to increase it to at least 100ms using more operations.
  SessionSetupDecompositionBenchmarks.ComponentA4_SlotAndQueueObjects: ShortRun               -> The minimum observed iteration time is 6.883us which is very small. It's recommended to increase it to at least 100ms using more operations.
  SessionSetupDecompositionBenchmarks.ComponentA5_CompletionCell: ShortRun                    -> The minimum observed iteration time is 8.196us which is very small. It's recommended to increase it to at least 100ms using more operations.
  SessionSetupDecompositionBenchmarks.ComponentA6_ColdRent: ShortRun                          -> The minimum observed iteration time is 12.183us which is very small. It's recommended to increase it to at least 100ms using more operations.
  SessionSetupDecompositionBenchmarks.ComponentA7_EnqueueCycle: ShortRun                      -> The minimum observed iteration time is 38.381us which is very small. It's recommended to increase it to at least 100ms using more operations.
  SessionSetupDecompositionBenchmarks.ComponentA8_WarmRentAdmissionAsync: ShortRun            -> The minimum observed iteration time is 217.802us which is very small. It's recommended to increase it to at least 100ms using more operations.
  SessionSetupDecompositionBenchmarks.ComponentA9a_DictionaryGrowthSpansResize: ShortRun      -> The minimum observed iteration time is 1.67ms which is very small. It's recommended to increase it to at least 100ms using more operations.
  SessionSetupDecompositionBenchmarks.ComponentA9b_DictionaryGrowthNoResize: ShortRun         -> The minimum observed iteration time is 1.668ms which is very small. It's recommended to increase it to at least 100ms using more operations.
  SessionSetupDecompositionBenchmarks.StageS0_CoordinatorOnly: ShortRun                       -> The minimum observed iteration time is 67.505us which is very small. It's recommended to increase it to at least 100ms using more operations.
  SessionSetupDecompositionBenchmarks.StageS1_AdmissionOnlyAsync: ShortRun                    -> The minimum observed iteration time is 2.24ms which is very small. It's recommended to increase it to at least 100ms using more operations.
  SessionSetupDecompositionBenchmarks.StageS2_SetupStartedAsync: ShortRun                     -> The minimum observed iteration time is 80.775ms which is very small. It's recommended to increase it to at least 100ms using more operations.
  SessionSetupDecompositionBenchmarks.StageS3_PipelineNoPayloadAsync: ShortRun                -> The minimum observed iteration time is 64.362ms which is very small. It's recommended to increase it to at least 100ms using more operations.
  SessionSetupDecompositionBenchmarks.StageS4_ReadinessTeardownOutsideAsync: ShortRun         -> The minimum observed iteration time is 59.732ms which is very small. It's recommended to increase it to at least 100ms using more operations.
  SessionSetupDecompositionBenchmarks.StageS5_ReadinessTeardownInsideAsync: ShortRun          -> The minimum observed iteration time is 83.924ms which is very small. It's recommended to increase it to at least 100ms using more operations.
  SessionSetupDecompositionBenchmarks.StageT1_SessionTeardownInsideAsync: ShortRun            -> The minimum observed iteration time is 39.378ms which is very small. It's recommended to increase it to at least 100ms using more operations.
  SessionSetupDecompositionBenchmarks.StageT5_NonThrowingParkTeardownAsync: ShortRun          -> The minimum observed iteration time is 6.997ms which is very small. It's recommended to increase it to at least 100ms using more operations.
  SessionSetupDecompositionBenchmarks.BaselineF_FakeTransportCreationAsync: ShortRun          -> The minimum observed iteration time is 120.191us which is very small. It's recommended to increase it to at least 100ms using more operations.
  SessionSetupDecompositionBenchmarks.BaselineH_FlowKeyConstruction: ShortRun                 -> The minimum observed iteration time is 660.84us which is very small. It's recommended to increase it to at least 100ms using more operations.
  SessionSetupDecompositionBenchmarks.ComponentC1_AssociationClaimRelease: ShortRun           -> The minimum observed iteration time is 3.116ms which is very small. It's recommended to increase it to at least 100ms using more operations.
  SessionSetupDecompositionBenchmarks.ComponentC2_SessionConstructStartAsync: ShortRun        -> The minimum observed iteration time is 3.149ms which is very small. It's recommended to increase it to at least 100ms using more operations.
  SessionSetupDecompositionBenchmarks.ComponentC2a1_ContextRecordStaticLambda: ShortRun       -> The minimum observed iteration time is 95.616us which is very small. It's recommended to increase it to at least 100ms using more operations.
  SessionSetupDecompositionBenchmarks.ComponentC2a2_ContextRecordMethodGroup: ShortRun        -> The minimum observed iteration time is 105.405us which is very small. It's recommended to increase it to at least 100ms using more operations.
  SessionSetupDecompositionBenchmarks.ComponentC2b_SessionConstructOnly: ShortRun             -> The minimum observed iteration time is 2.181ms which is very small. It's recommended to increase it to at least 100ms using more operations.
  SessionSetupDecompositionBenchmarks.ComponentC2c1_ScopeConstructLinked: ShortRun            -> The minimum observed iteration time is 70.641us which is very small. It's recommended to increase it to at least 100ms using more operations.
  SessionSetupDecompositionBenchmarks.ComponentC2c2_ScopeConstructUnlinked: ShortRun          -> The minimum observed iteration time is 35.105us which is very small. It's recommended to increase it to at least 100ms using more operations.
  SessionSetupDecompositionBenchmarks.ComponentC2e_LockConstruction: ShortRun                 -> The minimum observed iteration time is 20.237us which is very small. It's recommended to increase it to at least 100ms using more operations.
  SessionSetupDecompositionBenchmarks.ComponentC2e_TaskCompletionSourceConstruction: ShortRun -> The minimum observed iteration time is 35.726us which is very small. It's recommended to increase it to at least 100ms using more operations.
  SessionSetupDecompositionBenchmarks.ComponentC2e_LinkedTokenSourceConstruction: ShortRun    -> The minimum observed iteration time is 65.822us which is very small. It's recommended to increase it to at least 100ms using more operations.
  SessionSetupDecompositionBenchmarks.ComponentE1_CanceledDelayAwaitAsync: ShortRun           -> The minimum observed iteration time is 4.081ms which is very small. It's recommended to increase it to at least 100ms using more operations.
  SessionSetupDecompositionBenchmarks.ComponentE2_SetupExecutorDisposeAsync: ShortRun         -> The minimum observed iteration time is 94.661ms which is very small. It's recommended to increase it to at least 100ms using more operations.
  SessionSetupDecompositionBenchmarks.ComponentA1_AssociationTablePreSeed: ShortRun           -> The minimum observed iteration time is 13.495us which is very small. It's recommended to increase it to at least 100ms using more operations.
  SessionSetupDecompositionBenchmarks.ComponentA2_SessionDictionaryPreSeed: ShortRun          -> The minimum observed iteration time is 8.686us which is very small. It's recommended to increase it to at least 100ms using more operations.
  SessionSetupDecompositionBenchmarks.ComponentA3_CooldownTableConstruction: ShortRun         -> The minimum observed iteration time is 4.017us which is very small. It's recommended to increase it to at least 100ms using more operations.
  SessionSetupDecompositionBenchmarks.ComponentA4_SlotAndQueueObjects: ShortRun               -> The minimum observed iteration time is 38.752us which is very small. It's recommended to increase it to at least 100ms using more operations.
  SessionSetupDecompositionBenchmarks.ComponentA5_CompletionCell: ShortRun                    -> The minimum observed iteration time is 38.521us which is very small. It's recommended to increase it to at least 100ms using more operations.
  SessionSetupDecompositionBenchmarks.ComponentA6_ColdRent: ShortRun                          -> The minimum observed iteration time is 60.492us which is very small. It's recommended to increase it to at least 100ms using more operations.
  SessionSetupDecompositionBenchmarks.ComponentA7_EnqueueCycle: ShortRun                      -> The minimum observed iteration time is 263.035us which is very small. It's recommended to increase it to at least 100ms using more operations.
  SessionSetupDecompositionBenchmarks.ComponentA8_WarmRentAdmissionAsync: ShortRun            -> The minimum observed iteration time is 2.266ms which is very small. It's recommended to increase it to at least 100ms using more operations.
  SessionSetupDecompositionBenchmarks.ComponentA9a_DictionaryGrowthSpansResize: ShortRun      -> The minimum observed iteration time is 1.716ms which is very small. It's recommended to increase it to at least 100ms using more operations.
  SessionSetupDecompositionBenchmarks.ComponentA9b_DictionaryGrowthNoResize: ShortRun         -> The minimum observed iteration time is 1.597ms which is very small. It's recommended to increase it to at least 100ms using more operations.

// * Legends *
  Sessions  : Value of the 'Sessions' parameter
  Mean      : Arithmetic mean of all measurements
  Error     : Half of 99.9% confidence interval
  StdDev    : Standard deviation of all measurements
  Median    : Value separating the higher half of all measurements (50th percentile)
  Allocated : Allocated memory per single operation (managed only, inclusive, 1KB = 1024B)
  1 us      : 1 Microsecond (0.000001 sec)

// * Diagnostic Output - MemoryDiagnoser *


// ***** BenchmarkRunner: End *****
Run time: 00:00:45 (45.27 sec), executed benchmarks: 99

Global total time: 00:01:24 (84.39 sec), executed benchmarks: 99
// * Artifacts cleanup *
Artifacts cleanup is finished
