// Validating benchmarks:
// ***** BenchmarkRunner: Start   *****
// ***** Found 36 benchmark(s) in total *****
// ***** Building 1 exe(s) in Parallel: Start   *****
// start dotnet  restore --nodeReuse:false /p:UseSharedCompilation=false /p:Deterministic=true /p:Optimize=true /p:ArtifactsPath="/home/paff/Projects/WinForward/benchmarks/WinForward.Benchmarks/bin/Release/net10.0/WinForward.Benchmarks-ShortRun-1/" /p:OutDir="/home/paff/Projects/WinForward/benchmarks/WinForward.Benchmarks/bin/Release/net10.0/WinForward.Benchmarks-ShortRun-1/bin/Release/net10.0/" /p:OutputPath="/home/paff/Projects/WinForward/benchmarks/WinForward.Benchmarks/bin/Release/net10.0/WinForward.Benchmarks-ShortRun-1/bin/Release/net10.0/" /p:PublishDir="/home/paff/Projects/WinForward/benchmarks/WinForward.Benchmarks/bin/Release/net10.0/WinForward.Benchmarks-ShortRun-1/publish/" in /home/paff/Projects/WinForward/benchmarks/WinForward.Benchmarks/bin/Release/net10.0/WinForward.Benchmarks-ShortRun-1
// command took 3.07 sec and exited with 0
// start dotnet  build -c Release --no-restore --nodeReuse:false /p:UseSharedCompilation=false /p:Deterministic=true /p:Optimize=true /p:ArtifactsPath="/home/paff/Projects/WinForward/benchmarks/WinForward.Benchmarks/bin/Release/net10.0/WinForward.Benchmarks-ShortRun-1/" /p:OutDir="/home/paff/Projects/WinForward/benchmarks/WinForward.Benchmarks/bin/Release/net10.0/WinForward.Benchmarks-ShortRun-1/bin/Release/net10.0/" /p:OutputPath="/home/paff/Projects/WinForward/benchmarks/WinForward.Benchmarks/bin/Release/net10.0/WinForward.Benchmarks-ShortRun-1/bin/Release/net10.0/" /p:PublishDir="/home/paff/Projects/WinForward/benchmarks/WinForward.Benchmarks/bin/Release/net10.0/WinForward.Benchmarks-ShortRun-1/publish/" --output "/home/paff/Projects/WinForward/benchmarks/WinForward.Benchmarks/bin/Release/net10.0/WinForward.Benchmarks-ShortRun-1/bin/Release/net10.0/" in /home/paff/Projects/WinForward/benchmarks/WinForward.Benchmarks/bin/Release/net10.0/WinForward.Benchmarks-ShortRun-1
// command took 33.85 sec and exited with 0
// ***** Done, took 00:00:37 (37.08 sec)   *****
// Found 36 benchmarks:
//   SessionSetupDecompositionBenchmarks.StageS1_AdmissionOnlyAsync: ShortRun(InvocationCount=1, IterationCount=3, LaunchCount=1, UnrollFactor=1, WarmupCount=3) [Sessions=1]
//   SessionSetupDecompositionBenchmarks.ComponentA1_AssociationTablePreSeed: ShortRun(InvocationCount=1, IterationCount=3, LaunchCount=1, UnrollFactor=1, WarmupCount=3) [Sessions=1]
//   SessionSetupDecompositionBenchmarks.ComponentA2_SessionDictionaryPreSeed: ShortRun(InvocationCount=1, IterationCount=3, LaunchCount=1, UnrollFactor=1, WarmupCount=3) [Sessions=1]
//   SessionSetupDecompositionBenchmarks.ComponentA3_CooldownTableConstruction: ShortRun(InvocationCount=1, IterationCount=3, LaunchCount=1, UnrollFactor=1, WarmupCount=3) [Sessions=1]
//   SessionSetupDecompositionBenchmarks.ComponentA4_SlotAndQueueObjects: ShortRun(InvocationCount=1, IterationCount=3, LaunchCount=1, UnrollFactor=1, WarmupCount=3) [Sessions=1]
//   SessionSetupDecompositionBenchmarks.ComponentA4b_BoundedSetupQueueObject: ShortRun(InvocationCount=1, IterationCount=3, LaunchCount=1, UnrollFactor=1, WarmupCount=3) [Sessions=1]
//   SessionSetupDecompositionBenchmarks.ComponentA5_CompletionCell: ShortRun(InvocationCount=1, IterationCount=3, LaunchCount=1, UnrollFactor=1, WarmupCount=3) [Sessions=1]
//   SessionSetupDecompositionBenchmarks.ComponentA6_ColdRent: ShortRun(InvocationCount=1, IterationCount=3, LaunchCount=1, UnrollFactor=1, WarmupCount=3) [Sessions=1]
//   SessionSetupDecompositionBenchmarks.ComponentA7_EnqueueCycle: ShortRun(InvocationCount=1, IterationCount=3, LaunchCount=1, UnrollFactor=1, WarmupCount=3) [Sessions=1]
//   SessionSetupDecompositionBenchmarks.ComponentA8_WarmRentAdmissionAsync: ShortRun(InvocationCount=1, IterationCount=3, LaunchCount=1, UnrollFactor=1, WarmupCount=3) [Sessions=1]
//   SessionSetupDecompositionBenchmarks.ComponentA9a_DictionaryGrowthSpansResize: ShortRun(InvocationCount=1, IterationCount=3, LaunchCount=1, UnrollFactor=1, WarmupCount=3) [Sessions=1]
//   SessionSetupDecompositionBenchmarks.ComponentA9b_DictionaryGrowthNoResize: ShortRun(InvocationCount=1, IterationCount=3, LaunchCount=1, UnrollFactor=1, WarmupCount=3) [Sessions=1]
//   SessionSetupDecompositionBenchmarks.StageS1_AdmissionOnlyAsync: ShortRun(InvocationCount=1, IterationCount=3, LaunchCount=1, UnrollFactor=1, WarmupCount=3) [Sessions=100]
//   SessionSetupDecompositionBenchmarks.ComponentA1_AssociationTablePreSeed: ShortRun(InvocationCount=1, IterationCount=3, LaunchCount=1, UnrollFactor=1, WarmupCount=3) [Sessions=100]
//   SessionSetupDecompositionBenchmarks.ComponentA2_SessionDictionaryPreSeed: ShortRun(InvocationCount=1, IterationCount=3, LaunchCount=1, UnrollFactor=1, WarmupCount=3) [Sessions=100]
//   SessionSetupDecompositionBenchmarks.ComponentA3_CooldownTableConstruction: ShortRun(InvocationCount=1, IterationCount=3, LaunchCount=1, UnrollFactor=1, WarmupCount=3) [Sessions=100]
//   SessionSetupDecompositionBenchmarks.ComponentA4_SlotAndQueueObjects: ShortRun(InvocationCount=1, IterationCount=3, LaunchCount=1, UnrollFactor=1, WarmupCount=3) [Sessions=100]
//   SessionSetupDecompositionBenchmarks.ComponentA4b_BoundedSetupQueueObject: ShortRun(InvocationCount=1, IterationCount=3, LaunchCount=1, UnrollFactor=1, WarmupCount=3) [Sessions=100]
//   SessionSetupDecompositionBenchmarks.ComponentA5_CompletionCell: ShortRun(InvocationCount=1, IterationCount=3, LaunchCount=1, UnrollFactor=1, WarmupCount=3) [Sessions=100]
//   SessionSetupDecompositionBenchmarks.ComponentA6_ColdRent: ShortRun(InvocationCount=1, IterationCount=3, LaunchCount=1, UnrollFactor=1, WarmupCount=3) [Sessions=100]
//   SessionSetupDecompositionBenchmarks.ComponentA7_EnqueueCycle: ShortRun(InvocationCount=1, IterationCount=3, LaunchCount=1, UnrollFactor=1, WarmupCount=3) [Sessions=100]
//   SessionSetupDecompositionBenchmarks.ComponentA8_WarmRentAdmissionAsync: ShortRun(InvocationCount=1, IterationCount=3, LaunchCount=1, UnrollFactor=1, WarmupCount=3) [Sessions=100]
//   SessionSetupDecompositionBenchmarks.ComponentA9a_DictionaryGrowthSpansResize: ShortRun(InvocationCount=1, IterationCount=3, LaunchCount=1, UnrollFactor=1, WarmupCount=3) [Sessions=100]
//   SessionSetupDecompositionBenchmarks.ComponentA9b_DictionaryGrowthNoResize: ShortRun(InvocationCount=1, IterationCount=3, LaunchCount=1, UnrollFactor=1, WarmupCount=3) [Sessions=100]
//   SessionSetupDecompositionBenchmarks.StageS1_AdmissionOnlyAsync: ShortRun(InvocationCount=1, IterationCount=3, LaunchCount=1, UnrollFactor=1, WarmupCount=3) [Sessions=1000]
//   SessionSetupDecompositionBenchmarks.ComponentA1_AssociationTablePreSeed: ShortRun(InvocationCount=1, IterationCount=3, LaunchCount=1, UnrollFactor=1, WarmupCount=3) [Sessions=1000]
//   SessionSetupDecompositionBenchmarks.ComponentA2_SessionDictionaryPreSeed: ShortRun(InvocationCount=1, IterationCount=3, LaunchCount=1, UnrollFactor=1, WarmupCount=3) [Sessions=1000]
//   SessionSetupDecompositionBenchmarks.ComponentA3_CooldownTableConstruction: ShortRun(InvocationCount=1, IterationCount=3, LaunchCount=1, UnrollFactor=1, WarmupCount=3) [Sessions=1000]
//   SessionSetupDecompositionBenchmarks.ComponentA4_SlotAndQueueObjects: ShortRun(InvocationCount=1, IterationCount=3, LaunchCount=1, UnrollFactor=1, WarmupCount=3) [Sessions=1000]
//   SessionSetupDecompositionBenchmarks.ComponentA4b_BoundedSetupQueueObject: ShortRun(InvocationCount=1, IterationCount=3, LaunchCount=1, UnrollFactor=1, WarmupCount=3) [Sessions=1000]
//   SessionSetupDecompositionBenchmarks.ComponentA5_CompletionCell: ShortRun(InvocationCount=1, IterationCount=3, LaunchCount=1, UnrollFactor=1, WarmupCount=3) [Sessions=1000]
//   SessionSetupDecompositionBenchmarks.ComponentA6_ColdRent: ShortRun(InvocationCount=1, IterationCount=3, LaunchCount=1, UnrollFactor=1, WarmupCount=3) [Sessions=1000]
//   SessionSetupDecompositionBenchmarks.ComponentA7_EnqueueCycle: ShortRun(InvocationCount=1, IterationCount=3, LaunchCount=1, UnrollFactor=1, WarmupCount=3) [Sessions=1000]
//   SessionSetupDecompositionBenchmarks.ComponentA8_WarmRentAdmissionAsync: ShortRun(InvocationCount=1, IterationCount=3, LaunchCount=1, UnrollFactor=1, WarmupCount=3) [Sessions=1000]
//   SessionSetupDecompositionBenchmarks.ComponentA9a_DictionaryGrowthSpansResize: ShortRun(InvocationCount=1, IterationCount=3, LaunchCount=1, UnrollFactor=1, WarmupCount=3) [Sessions=1000]
//   SessionSetupDecompositionBenchmarks.ComponentA9b_DictionaryGrowthNoResize: ShortRun(InvocationCount=1, IterationCount=3, LaunchCount=1, UnrollFactor=1, WarmupCount=3) [Sessions=1000]

// **************************
// Benchmark: SessionSetupDecompositionBenchmarks.StageS1_AdmissionOnlyAsync: ShortRun(InvocationCount=1, IterationCount=3, LaunchCount=1, UnrollFactor=1, WarmupCount=3) [Sessions=1]
// *** Execute ***
// Launch: 1 / 1
// Execute: dotnet WinForward.Benchmarks-ShortRun-1.dll --anonymousPipes 123 125 --benchmarkName "WinForward.Benchmarks.Perf.SessionSetupDecompositionBenchmarks.StageS1_AdmissionOnlyAsync(Sessions: 1)" --job ShortRun --benchmarkId 0 in /home/paff/Projects/WinForward/benchmarks/WinForward.Benchmarks/bin/Release/net10.0/WinForward.Benchmarks-ShortRun-1/bin/Release/net10.0
// Failed to set up high priority (Permission denied). In order to run benchmarks with high priority, make sure you have the right permissions.
// BeforeAnythingElse

// Benchmark Process Environment Information:
// BenchmarkDotNet v0.15.8
// Runtime=.NET 10.0.12 (10.0.12, 10.0.1226.42308), X64 RyuJIT x86-64-v4
// GC=Concurrent Workstation
// HardwareIntrinsics=AVX512 BITALG+VBMI2+VNNI+VPOPCNTDQ,AVX512 IFMA+VBMI,AVX512 F+BW+CD+DQ+VL,AVX2+BMI1+BMI2+F16C+FMA+LZCNT+MOVBE,AVX,SSE3+SSSE3+SSE4.1+SSE4.2+POPCNT,X86Base+SSE+SSE2,AES+PCLMUL,AvxVnni VectorSize=256
// Job: ShortRun(InvocationCount=1, IterationCount=3, LaunchCount=1, UnrollFactor=1, WarmupCount=3)

OverheadJitting  1: 1 op, 393814.00 ns, 393.8140 us/op
WorkloadJitting  1: 1 op, 22416994.00 ns, 22.4170 ms/op

OverheadWarmup   1: 1 op, 851.00 ns, 851.0000 ns/op
OverheadWarmup   2: 1 op, 541.00 ns, 541.0000 ns/op
OverheadWarmup   3: 1 op, 421.00 ns, 421.0000 ns/op
OverheadWarmup   4: 1 op, 391.00 ns, 391.0000 ns/op
OverheadWarmup   5: 1 op, 481.00 ns, 481.0000 ns/op
OverheadWarmup   6: 1 op, 441.00 ns, 441.0000 ns/op
OverheadWarmup   7: 1 op, 581.00 ns, 581.0000 ns/op
OverheadWarmup   8: 1 op, 350.00 ns, 350.0000 ns/op

OverheadActual   1: 1 op, 481.00 ns, 481.0000 ns/op
OverheadActual   2: 1 op, 441.00 ns, 441.0000 ns/op
OverheadActual   3: 1 op, 511.00 ns, 511.0000 ns/op
OverheadActual   4: 1 op, 441.00 ns, 441.0000 ns/op
OverheadActual   5: 1 op, 531.00 ns, 531.0000 ns/op
OverheadActual   6: 1 op, 511.00 ns, 511.0000 ns/op
OverheadActual   7: 1 op, 411.00 ns, 411.0000 ns/op
OverheadActual   8: 1 op, 511.00 ns, 511.0000 ns/op
OverheadActual   9: 1 op, 491.00 ns, 491.0000 ns/op
OverheadActual  10: 1 op, 291.00 ns, 291.0000 ns/op
OverheadActual  11: 1 op, 380.00 ns, 380.0000 ns/op
OverheadActual  12: 1 op, 381.00 ns, 381.0000 ns/op
OverheadActual  13: 1 op, 451.00 ns, 451.0000 ns/op
OverheadActual  14: 1 op, 511.00 ns, 511.0000 ns/op
OverheadActual  15: 1 op, 511.00 ns, 511.0000 ns/op
OverheadActual  16: 1 op, 541.00 ns, 541.0000 ns/op
OverheadActual  17: 1 op, 421.00 ns, 421.0000 ns/op
OverheadActual  18: 1 op, 481.00 ns, 481.0000 ns/op
OverheadActual  19: 1 op, 401.00 ns, 401.0000 ns/op
OverheadActual  20: 1 op, 501.00 ns, 501.0000 ns/op

WorkloadWarmup   1: 1 op, 161479.00 ns, 161.4790 us/op
WorkloadWarmup   2: 1 op, 66407.00 ns, 66.4070 us/op
WorkloadWarmup   3: 1 op, 49826.00 ns, 49.8260 us/op

// BeforeActualRun
WorkloadActual   1: 1 op, 82208.00 ns, 82.2080 us/op
WorkloadActual   2: 1 op, 34656.00 ns, 34.6560 us/op
WorkloadActual   3: 1 op, 35057.00 ns, 35.0570 us/op

// AfterActualRun
WorkloadResult   1: 1 op, 81727.00 ns, 81.7270 us/op
WorkloadResult   2: 1 op, 34175.00 ns, 34.1750 us/op
WorkloadResult   3: 1 op, 34576.00 ns, 34.5760 us/op
// GC:  0 0 0 7296 1
// Threading:  0 0 1

// AfterAll
// Benchmark Process 1641085 has exited with code 0.

Mean = 50.159 us, StdErr = 15.784 us (31.47%), N = 3, StdDev = 27.339 us
Min = 34.175 us, Q1 = 34.376 us, Median = 34.576 us, Q3 = 58.151 us, Max = 81.727 us
IQR = 23.776 us, LowerFence = -1.288 us, UpperFence = 93.816 us
ConfidenceInterval = [-448.608 us; 548.927 us] (CI 99.9%), Margin = 498.768 us (994.37% of Mean)
Skewness = 0.38, Kurtosis = 0.67, MValue = 2

// ** Remained 35 (97.2%) benchmark(s) to run. Estimated finish 2026-09-22 17:15 (0h 0m from now) **
// **************************
// Benchmark: SessionSetupDecompositionBenchmarks.ComponentA1_AssociationTablePreSeed: ShortRun(InvocationCount=1, IterationCount=3, LaunchCount=1, UnrollFactor=1, WarmupCount=3) [Sessions=1]
// *** Execute ***
// Launch: 1 / 1
// Execute: dotnet WinForward.Benchmarks-ShortRun-1.dll --anonymousPipes 123 125 --benchmarkName "WinForward.Benchmarks.Perf.SessionSetupDecompositionBenchmarks.ComponentA1_AssociationTablePreSeed(Sessions: 1)" --job ShortRun --benchmarkId 1 in /home/paff/Projects/WinForward/benchmarks/WinForward.Benchmarks/bin/Release/net10.0/WinForward.Benchmarks-ShortRun-1/bin/Release/net10.0
// Failed to set up high priority (Permission denied). In order to run benchmarks with high priority, make sure you have the right permissions.
// BeforeAnythingElse

// Benchmark Process Environment Information:
// BenchmarkDotNet v0.15.8
// Runtime=.NET 10.0.12 (10.0.12, 10.0.1226.42308), X64 RyuJIT x86-64-v4
// GC=Concurrent Workstation
// HardwareIntrinsics=AVX512 BITALG+VBMI2+VNNI+VPOPCNTDQ,AVX512 IFMA+VBMI,AVX512 F+BW+CD+DQ+VL,AVX2+BMI1+BMI2+F16C+FMA+LZCNT+MOVBE,AVX,SSE3+SSSE3+SSE4.1+SSE4.2+POPCNT,X86Base+SSE+SSE2,AES+PCLMUL,AvxVnni VectorSize=256
// Job: ShortRun(InvocationCount=1, IterationCount=3, LaunchCount=1, UnrollFactor=1, WarmupCount=3)

OverheadJitting  1: 1 op, 292500.00 ns, 292.5000 us/op
WorkloadJitting  1: 1 op, 2088540.00 ns, 2.0885 ms/op

OverheadWarmup   1: 1 op, 481.00 ns, 481.0000 ns/op
OverheadWarmup   2: 1 op, 531.00 ns, 531.0000 ns/op
OverheadWarmup   3: 1 op, 461.00 ns, 461.0000 ns/op
OverheadWarmup   4: 1 op, 411.00 ns, 411.0000 ns/op
OverheadWarmup   5: 1 op, 481.00 ns, 481.0000 ns/op
OverheadWarmup   6: 1 op, 451.00 ns, 451.0000 ns/op

OverheadActual   1: 1 op, 471.00 ns, 471.0000 ns/op
OverheadActual   2: 1 op, 451.00 ns, 451.0000 ns/op
OverheadActual   3: 1 op, 461.00 ns, 461.0000 ns/op
OverheadActual   4: 1 op, 351.00 ns, 351.0000 ns/op
OverheadActual   5: 1 op, 461.00 ns, 461.0000 ns/op
OverheadActual   6: 1 op, 491.00 ns, 491.0000 ns/op
OverheadActual   7: 1 op, 451.00 ns, 451.0000 ns/op
OverheadActual   8: 1 op, 410.00 ns, 410.0000 ns/op
OverheadActual   9: 1 op, 521.00 ns, 521.0000 ns/op
OverheadActual  10: 1 op, 461.00 ns, 461.0000 ns/op
OverheadActual  11: 1 op, 511.00 ns, 511.0000 ns/op
OverheadActual  12: 1 op, 521.00 ns, 521.0000 ns/op
OverheadActual  13: 1 op, 511.00 ns, 511.0000 ns/op
OverheadActual  14: 1 op, 481.00 ns, 481.0000 ns/op
OverheadActual  15: 1 op, 411.00 ns, 411.0000 ns/op
OverheadActual  16: 1 op, 421.00 ns, 421.0000 ns/op
OverheadActual  17: 1 op, 411.00 ns, 411.0000 ns/op
OverheadActual  18: 1 op, 381.00 ns, 381.0000 ns/op
OverheadActual  19: 1 op, 521.00 ns, 521.0000 ns/op
OverheadActual  20: 1 op, 441.00 ns, 441.0000 ns/op

WorkloadWarmup   1: 1 op, 6302.00 ns, 6.3020 us/op
WorkloadWarmup   2: 1 op, 4790.00 ns, 4.7900 us/op
WorkloadWarmup   3: 1 op, 4379.00 ns, 4.3790 us/op

// BeforeActualRun
WorkloadActual   1: 1 op, 79211.00 ns, 79.2110 us/op
WorkloadActual   2: 1 op, 4830.00 ns, 4.8300 us/op
WorkloadActual   3: 1 op, 4459.00 ns, 4.4590 us/op

// AfterActualRun
WorkloadResult   1: 1 op, 78750.00 ns, 78.7500 us/op
WorkloadResult   2: 1 op, 4369.00 ns, 4.3690 us/op
WorkloadResult   3: 1 op, 3998.00 ns, 3.9980 us/op
// GC:  0 0 0 1408 1
// Threading:  0 0 1

// AfterAll
// Benchmark Process 1641095 has exited with code 0.

Mean = 29.039 us, StdErr = 24.856 us (85.59%), N = 3, StdDev = 43.051 us
Min = 3.998 us, Q1 = 4.184 us, Median = 4.369 us, Q3 = 41.559 us, Max = 78.750 us
IQR = 37.376 us, LowerFence = -51.880 us, UpperFence = 97.624 us
ConfidenceInterval = [-756.379 us; 814.457 us] (CI 99.9%), Margin = 785.418 us (2704.70% of Mean)
Skewness = 0.38, Kurtosis = 0.67, MValue = 2

// ** Remained 34 (94.4%) benchmark(s) to run. Estimated finish 2026-09-22 17:14 (0h 0m from now) **
// **************************
// Benchmark: SessionSetupDecompositionBenchmarks.ComponentA2_SessionDictionaryPreSeed: ShortRun(InvocationCount=1, IterationCount=3, LaunchCount=1, UnrollFactor=1, WarmupCount=3) [Sessions=1]
// *** Execute ***
// Launch: 1 / 1
// Execute: dotnet WinForward.Benchmarks-ShortRun-1.dll --anonymousPipes 123 125 --benchmarkName "WinForward.Benchmarks.Perf.SessionSetupDecompositionBenchmarks.ComponentA2_SessionDictionaryPreSeed(Sessions: 1)" --job ShortRun --benchmarkId 2 in /home/paff/Projects/WinForward/benchmarks/WinForward.Benchmarks/bin/Release/net10.0/WinForward.Benchmarks-ShortRun-1/bin/Release/net10.0
// Failed to set up high priority (Permission denied). In order to run benchmarks with high priority, make sure you have the right permissions.
// BeforeAnythingElse

// Benchmark Process Environment Information:
// BenchmarkDotNet v0.15.8
// Runtime=.NET 10.0.12 (10.0.12, 10.0.1226.42308), X64 RyuJIT x86-64-v4
// GC=Concurrent Workstation
// HardwareIntrinsics=AVX512 BITALG+VBMI2+VNNI+VPOPCNTDQ,AVX512 IFMA+VBMI,AVX512 F+BW+CD+DQ+VL,AVX2+BMI1+BMI2+F16C+FMA+LZCNT+MOVBE,AVX,SSE3+SSSE3+SSE4.1+SSE4.2+POPCNT,X86Base+SSE+SSE2,AES+PCLMUL,AvxVnni VectorSize=256
// Job: ShortRun(InvocationCount=1, IterationCount=3, LaunchCount=1, UnrollFactor=1, WarmupCount=3)

OverheadJitting  1: 1 op, 300175.00 ns, 300.1750 us/op
WorkloadJitting  1: 1 op, 2434689.00 ns, 2.4347 ms/op

OverheadWarmup   1: 1 op, 441.00 ns, 441.0000 ns/op
OverheadWarmup   2: 1 op, 290.00 ns, 290.0000 ns/op
OverheadWarmup   3: 1 op, 291.00 ns, 291.0000 ns/op
OverheadWarmup   4: 1 op, 421.00 ns, 421.0000 ns/op
OverheadWarmup   5: 1 op, 411.00 ns, 411.0000 ns/op
OverheadWarmup   6: 1 op, 290.00 ns, 290.0000 ns/op
OverheadWarmup   7: 1 op, 281.00 ns, 281.0000 ns/op
OverheadWarmup   8: 1 op, 291.00 ns, 291.0000 ns/op
OverheadWarmup   9: 1 op, 401.00 ns, 401.0000 ns/op
OverheadWarmup  10: 1 op, 390.00 ns, 390.0000 ns/op

OverheadActual   1: 1 op, 822.00 ns, 822.0000 ns/op
OverheadActual   2: 1 op, 491.00 ns, 491.0000 ns/op
OverheadActual   3: 1 op, 401.00 ns, 401.0000 ns/op
OverheadActual   4: 1 op, 421.00 ns, 421.0000 ns/op
OverheadActual   5: 1 op, 461.00 ns, 461.0000 ns/op
OverheadActual   6: 1 op, 280.00 ns, 280.0000 ns/op
OverheadActual   7: 1 op, 290.00 ns, 290.0000 ns/op
OverheadActual   8: 1 op, 931.00 ns, 931.0000 ns/op
OverheadActual   9: 1 op, 460.00 ns, 460.0000 ns/op
OverheadActual  10: 1 op, 401.00 ns, 401.0000 ns/op
OverheadActual  11: 1 op, 401.00 ns, 401.0000 ns/op
OverheadActual  12: 1 op, 381.00 ns, 381.0000 ns/op
OverheadActual  13: 1 op, 561.00 ns, 561.0000 ns/op
OverheadActual  14: 1 op, 421.00 ns, 421.0000 ns/op
OverheadActual  15: 1 op, 280.00 ns, 280.0000 ns/op
OverheadActual  16: 1 op, 281.00 ns, 281.0000 ns/op
OverheadActual  17: 1 op, 291.00 ns, 291.0000 ns/op
OverheadActual  18: 1 op, 411.00 ns, 411.0000 ns/op
OverheadActual  19: 1 op, 431.00 ns, 431.0000 ns/op
OverheadActual  20: 1 op, 431.00 ns, 431.0000 ns/op

WorkloadWarmup   1: 1 op, 4900.00 ns, 4.9000 us/op
WorkloadWarmup   2: 1 op, 3577.00 ns, 3.5770 us/op
WorkloadWarmup   3: 1 op, 4348.00 ns, 4.3480 us/op

// BeforeActualRun
WorkloadActual   1: 1 op, 17884.00 ns, 17.8840 us/op
WorkloadActual   2: 1 op, 3968.00 ns, 3.9680 us/op
WorkloadActual   3: 1 op, 3988.00 ns, 3.9880 us/op

// AfterActualRun
WorkloadResult   1: 1 op, 17468.00 ns, 17.4680 us/op
WorkloadResult   2: 1 op, 3552.00 ns, 3.5520 us/op
WorkloadResult   3: 1 op, 3572.00 ns, 3.5720 us/op
// GC:  0 0 0 576 1
// Threading:  0 0 1

// AfterAll
// Benchmark Process 1641104 has exited with code 0.

Mean = 8.197 us, StdErr = 4.635 us (56.55%), N = 3, StdDev = 8.029 us
Min = 3.552 us, Q1 = 3.562 us, Median = 3.572 us, Q3 = 10.520 us, Max = 17.468 us
IQR = 6.958 us, LowerFence = -6.875 us, UpperFence = 20.957 us
ConfidenceInterval = [-138.275 us; 154.670 us] (CI 99.9%), Margin = 146.472 us (1786.83% of Mean)
Skewness = 0.38, Kurtosis = 0.67, MValue = 2

// ** Remained 33 (91.7%) benchmark(s) to run. Estimated finish 2026-09-22 17:14 (0h 0m from now) **
// **************************
// Benchmark: SessionSetupDecompositionBenchmarks.ComponentA3_CooldownTableConstruction: ShortRun(InvocationCount=1, IterationCount=3, LaunchCount=1, UnrollFactor=1, WarmupCount=3) [Sessions=1]
// *** Execute ***
// Launch: 1 / 1
// Execute: dotnet WinForward.Benchmarks-ShortRun-1.dll --anonymousPipes 123 125 --benchmarkName "WinForward.Benchmarks.Perf.SessionSetupDecompositionBenchmarks.ComponentA3_CooldownTableConstruction(Sessions: 1)" --job ShortRun --benchmarkId 3 in /home/paff/Projects/WinForward/benchmarks/WinForward.Benchmarks/bin/Release/net10.0/WinForward.Benchmarks-ShortRun-1/bin/Release/net10.0
// Failed to set up high priority (Permission denied). In order to run benchmarks with high priority, make sure you have the right permissions.
// BeforeAnythingElse

// Benchmark Process Environment Information:
// BenchmarkDotNet v0.15.8
// Runtime=.NET 10.0.12 (10.0.12, 10.0.1226.42308), X64 RyuJIT x86-64-v4
// GC=Concurrent Workstation
// HardwareIntrinsics=AVX512 BITALG+VBMI2+VNNI+VPOPCNTDQ,AVX512 IFMA+VBMI,AVX512 F+BW+CD+DQ+VL,AVX2+BMI1+BMI2+F16C+FMA+LZCNT+MOVBE,AVX,SSE3+SSSE3+SSE4.1+SSE4.2+POPCNT,X86Base+SSE+SSE2,AES+PCLMUL,AvxVnni VectorSize=256
// Job: ShortRun(InvocationCount=1, IterationCount=3, LaunchCount=1, UnrollFactor=1, WarmupCount=3)

OverheadJitting  1: 1 op, 363817.00 ns, 363.8170 us/op
WorkloadJitting  1: 1 op, 1223393.00 ns, 1.2234 ms/op

OverheadWarmup   1: 1 op, 461.00 ns, 461.0000 ns/op
OverheadWarmup   2: 1 op, 290.00 ns, 290.0000 ns/op
OverheadWarmup   3: 1 op, 290.00 ns, 290.0000 ns/op
OverheadWarmup   4: 1 op, 471.00 ns, 471.0000 ns/op
OverheadWarmup   5: 1 op, 390.00 ns, 390.0000 ns/op
OverheadWarmup   6: 1 op, 301.00 ns, 301.0000 ns/op
OverheadWarmup   7: 1 op, 301.00 ns, 301.0000 ns/op

OverheadActual   1: 1 op, 411.00 ns, 411.0000 ns/op
OverheadActual   2: 1 op, 441.00 ns, 441.0000 ns/op
OverheadActual   3: 1 op, 410.00 ns, 410.0000 ns/op
OverheadActual   4: 1 op, 441.00 ns, 441.0000 ns/op
OverheadActual   5: 1 op, 441.00 ns, 441.0000 ns/op
OverheadActual   6: 1 op, 301.00 ns, 301.0000 ns/op
OverheadActual   7: 1 op, 290.00 ns, 290.0000 ns/op
OverheadActual   8: 1 op, 311.00 ns, 311.0000 ns/op
OverheadActual   9: 1 op, 460.00 ns, 460.0000 ns/op
OverheadActual  10: 1 op, 311.00 ns, 311.0000 ns/op
OverheadActual  11: 1 op, 451.00 ns, 451.0000 ns/op
OverheadActual  12: 1 op, 431.00 ns, 431.0000 ns/op
OverheadActual  13: 1 op, 431.00 ns, 431.0000 ns/op
OverheadActual  14: 1 op, 481.00 ns, 481.0000 ns/op
OverheadActual  15: 1 op, 481.00 ns, 481.0000 ns/op
OverheadActual  16: 1 op, 301.00 ns, 301.0000 ns/op
OverheadActual  17: 1 op, 290.00 ns, 290.0000 ns/op
OverheadActual  18: 1 op, 461.00 ns, 461.0000 ns/op
OverheadActual  19: 1 op, 270.00 ns, 270.0000 ns/op
OverheadActual  20: 1 op, 451.00 ns, 451.0000 ns/op

WorkloadWarmup   1: 1 op, 4158.00 ns, 4.1580 us/op
WorkloadWarmup   2: 1 op, 3196.00 ns, 3.1960 us/op
WorkloadWarmup   3: 1 op, 3035.00 ns, 3.0350 us/op

// BeforeActualRun
WorkloadActual   1: 1 op, 17133.00 ns, 17.1330 us/op
WorkloadActual   2: 1 op, 4018.00 ns, 4.0180 us/op
WorkloadActual   3: 1 op, 3116.00 ns, 3.1160 us/op

// AfterActualRun
WorkloadResult   1: 1 op, 16702.00 ns, 16.7020 us/op
WorkloadResult   2: 1 op, 3587.00 ns, 3.5870 us/op
WorkloadResult   3: 1 op, 2685.00 ns, 2.6850 us/op
// GC:  0 0 0 160 1
// Threading:  0 0 1

// AfterAll
// Benchmark Process 1641115 has exited with code 0.

Mean = 7.658 us, StdErr = 4.529 us (59.15%), N = 3, StdDev = 7.845 us
Min = 2.685 us, Q1 = 3.136 us, Median = 3.587 us, Q3 = 10.145 us, Max = 16.702 us
IQR = 7.008 us, LowerFence = -7.377 us, UpperFence = 20.657 us
ConfidenceInterval = [-135.470 us; 150.786 us] (CI 99.9%), Margin = 143.128 us (1868.99% of Mean)
Skewness = 0.38, Kurtosis = 0.67, MValue = 2

// ** Remained 32 (88.9%) benchmark(s) to run. Estimated finish 2026-09-22 17:14 (0h 0m from now) **
// **************************
// Benchmark: SessionSetupDecompositionBenchmarks.ComponentA4_SlotAndQueueObjects: ShortRun(InvocationCount=1, IterationCount=3, LaunchCount=1, UnrollFactor=1, WarmupCount=3) [Sessions=1]
// *** Execute ***
// Launch: 1 / 1
// Execute: dotnet WinForward.Benchmarks-ShortRun-1.dll --anonymousPipes 123 125 --benchmarkName "WinForward.Benchmarks.Perf.SessionSetupDecompositionBenchmarks.ComponentA4_SlotAndQueueObjects(Sessions: 1)" --job ShortRun --benchmarkId 4 in /home/paff/Projects/WinForward/benchmarks/WinForward.Benchmarks/bin/Release/net10.0/WinForward.Benchmarks-ShortRun-1/bin/Release/net10.0
// Failed to set up high priority (Permission denied). In order to run benchmarks with high priority, make sure you have the right permissions.
// BeforeAnythingElse

// Benchmark Process Environment Information:
// BenchmarkDotNet v0.15.8
// Runtime=.NET 10.0.12 (10.0.12, 10.0.1226.42308), X64 RyuJIT x86-64-v4
// GC=Concurrent Workstation
// HardwareIntrinsics=AVX512 BITALG+VBMI2+VNNI+VPOPCNTDQ,AVX512 IFMA+VBMI,AVX512 F+BW+CD+DQ+VL,AVX2+BMI1+BMI2+F16C+FMA+LZCNT+MOVBE,AVX,SSE3+SSSE3+SSE4.1+SSE4.2+POPCNT,X86Base+SSE+SSE2,AES+PCLMUL,AvxVnni VectorSize=256
// Job: ShortRun(InvocationCount=1, IterationCount=3, LaunchCount=1, UnrollFactor=1, WarmupCount=3)

OverheadJitting  1: 1 op, 290697.00 ns, 290.6970 us/op
WorkloadJitting  1: 1 op, 1358102.00 ns, 1.3581 ms/op

OverheadWarmup   1: 1 op, 1082.00 ns, 1.0820 us/op
OverheadWarmup   2: 1 op, 922.00 ns, 922.0000 ns/op
OverheadWarmup   3: 1 op, 551.00 ns, 551.0000 ns/op
OverheadWarmup   4: 1 op, 821.00 ns, 821.0000 ns/op
OverheadWarmup   5: 1 op, 1192.00 ns, 1.1920 us/op
OverheadWarmup   6: 1 op, 782.00 ns, 782.0000 ns/op
OverheadWarmup   7: 1 op, 531.00 ns, 531.0000 ns/op
OverheadWarmup   8: 1 op, 280.00 ns, 280.0000 ns/op
OverheadWarmup   9: 1 op, 631.00 ns, 631.0000 ns/op
OverheadWarmup  10: 1 op, 461.00 ns, 461.0000 ns/op

OverheadActual   1: 1 op, 892.00 ns, 892.0000 ns/op
OverheadActual   2: 1 op, 732.00 ns, 732.0000 ns/op
OverheadActual   3: 1 op, 632.00 ns, 632.0000 ns/op
OverheadActual   4: 1 op, 521.00 ns, 521.0000 ns/op
OverheadActual   5: 1 op, 581.00 ns, 581.0000 ns/op
OverheadActual   6: 1 op, 651.00 ns, 651.0000 ns/op
OverheadActual   7: 1 op, 561.00 ns, 561.0000 ns/op
OverheadActual   8: 1 op, 621.00 ns, 621.0000 ns/op
OverheadActual   9: 1 op, 321.00 ns, 321.0000 ns/op
OverheadActual  10: 1 op, 722.00 ns, 722.0000 ns/op
OverheadActual  11: 1 op, 301.00 ns, 301.0000 ns/op
OverheadActual  12: 1 op, 541.00 ns, 541.0000 ns/op
OverheadActual  13: 1 op, 491.00 ns, 491.0000 ns/op
OverheadActual  14: 1 op, 371.00 ns, 371.0000 ns/op
OverheadActual  15: 1 op, 491.00 ns, 491.0000 ns/op
OverheadActual  16: 1 op, 772.00 ns, 772.0000 ns/op
OverheadActual  17: 1 op, 511.00 ns, 511.0000 ns/op
OverheadActual  18: 1 op, 510.00 ns, 510.0000 ns/op
OverheadActual  19: 1 op, 270.00 ns, 270.0000 ns/op
OverheadActual  20: 1 op, 491.00 ns, 491.0000 ns/op

WorkloadWarmup   1: 1 op, 6452.00 ns, 6.4520 us/op
WorkloadWarmup   2: 1 op, 5420.00 ns, 5.4200 us/op
WorkloadWarmup   3: 1 op, 4689.00 ns, 4.6890 us/op

// BeforeActualRun
WorkloadActual   1: 1 op, 19898.00 ns, 19.8980 us/op
WorkloadActual   2: 1 op, 4518.00 ns, 4.5180 us/op
WorkloadActual   3: 1 op, 3697.00 ns, 3.6970 us/op

// AfterActualRun
WorkloadResult   1: 1 op, 19367.00 ns, 19.3670 us/op
WorkloadResult   2: 1 op, 3987.00 ns, 3.9870 us/op
WorkloadResult   3: 1 op, 3166.00 ns, 3.1660 us/op
// GC:  0 0 0 120 1
// Threading:  0 0 1

// AfterAll
// Benchmark Process 1641147 has exited with code 0.

Mean = 8.840 us, StdErr = 5.269 us (59.60%), N = 3, StdDev = 9.126 us
Min = 3.166 us, Q1 = 3.576 us, Median = 3.987 us, Q3 = 11.677 us, Max = 19.367 us
IQR = 8.101 us, LowerFence = -8.574 us, UpperFence = 23.828 us
ConfidenceInterval = [-157.650 us; 175.330 us] (CI 99.9%), Margin = 166.490 us (1883.37% of Mean)
Skewness = 0.38, Kurtosis = 0.67, MValue = 2

// ** Remained 31 (86.1%) benchmark(s) to run. Estimated finish 2026-09-22 17:14 (0h 0m from now) **
// **************************
// Benchmark: SessionSetupDecompositionBenchmarks.ComponentA4b_BoundedSetupQueueObject: ShortRun(InvocationCount=1, IterationCount=3, LaunchCount=1, UnrollFactor=1, WarmupCount=3) [Sessions=1]
// *** Execute ***
// Launch: 1 / 1
// Execute: dotnet WinForward.Benchmarks-ShortRun-1.dll --anonymousPipes 123 125 --benchmarkName "WinForward.Benchmarks.Perf.SessionSetupDecompositionBenchmarks.ComponentA4b_BoundedSetupQueueObject(Sessions: 1)" --job ShortRun --benchmarkId 5 in /home/paff/Projects/WinForward/benchmarks/WinForward.Benchmarks/bin/Release/net10.0/WinForward.Benchmarks-ShortRun-1/bin/Release/net10.0
// Failed to set up high priority (Permission denied). In order to run benchmarks with high priority, make sure you have the right permissions.
// BeforeAnythingElse

// Benchmark Process Environment Information:
// BenchmarkDotNet v0.15.8
// Runtime=.NET 10.0.12 (10.0.12, 10.0.1226.42308), X64 RyuJIT x86-64-v4
// GC=Concurrent Workstation
// HardwareIntrinsics=AVX512 BITALG+VBMI2+VNNI+VPOPCNTDQ,AVX512 IFMA+VBMI,AVX512 F+BW+CD+DQ+VL,AVX2+BMI1+BMI2+F16C+FMA+LZCNT+MOVBE,AVX,SSE3+SSSE3+SSE4.1+SSE4.2+POPCNT,X86Base+SSE+SSE2,AES+PCLMUL,AvxVnni VectorSize=256
// Job: ShortRun(InvocationCount=1, IterationCount=3, LaunchCount=1, UnrollFactor=1, WarmupCount=3)

OverheadJitting  1: 1 op, 244508.00 ns, 244.5080 us/op
WorkloadJitting  1: 1 op, 868834.00 ns, 868.8340 us/op

OverheadWarmup   1: 1 op, 401.00 ns, 401.0000 ns/op
OverheadWarmup   2: 1 op, 461.00 ns, 461.0000 ns/op
OverheadWarmup   3: 1 op, 451.00 ns, 451.0000 ns/op
OverheadWarmup   4: 1 op, 281.00 ns, 281.0000 ns/op
OverheadWarmup   5: 1 op, 301.00 ns, 301.0000 ns/op
OverheadWarmup   6: 1 op, 301.00 ns, 301.0000 ns/op

OverheadActual   1: 1 op, 441.00 ns, 441.0000 ns/op
OverheadActual   2: 1 op, 430.00 ns, 430.0000 ns/op
OverheadActual   3: 1 op, 421.00 ns, 421.0000 ns/op
OverheadActual   4: 1 op, 430.00 ns, 430.0000 ns/op
OverheadActual   5: 1 op, 431.00 ns, 431.0000 ns/op
OverheadActual   6: 1 op, 561.00 ns, 561.0000 ns/op
OverheadActual   7: 1 op, 451.00 ns, 451.0000 ns/op
OverheadActual   8: 1 op, 421.00 ns, 421.0000 ns/op
OverheadActual   9: 1 op, 411.00 ns, 411.0000 ns/op
OverheadActual  10: 1 op, 401.00 ns, 401.0000 ns/op
OverheadActual  11: 1 op, 441.00 ns, 441.0000 ns/op
OverheadActual  12: 1 op, 381.00 ns, 381.0000 ns/op
OverheadActual  13: 1 op, 421.00 ns, 421.0000 ns/op
OverheadActual  14: 1 op, 410.00 ns, 410.0000 ns/op
OverheadActual  15: 1 op, 400.00 ns, 400.0000 ns/op
OverheadActual  16: 1 op, 321.00 ns, 321.0000 ns/op
OverheadActual  17: 1 op, 882.00 ns, 882.0000 ns/op
OverheadActual  18: 1 op, 441.00 ns, 441.0000 ns/op
OverheadActual  19: 1 op, 451.00 ns, 451.0000 ns/op
OverheadActual  20: 1 op, 461.00 ns, 461.0000 ns/op

WorkloadWarmup   1: 1 op, 1763.00 ns, 1.7630 us/op
WorkloadWarmup   2: 1 op, 1152.00 ns, 1.1520 us/op
WorkloadWarmup   3: 1 op, 1153.00 ns, 1.1530 us/op

// BeforeActualRun
WorkloadActual   1: 1 op, 1663.00 ns, 1.6630 us/op
WorkloadActual   2: 1 op, 1704.00 ns, 1.7040 us/op
WorkloadActual   3: 1 op, 1222.00 ns, 1.2220 us/op

// AfterActualRun
WorkloadResult   1: 1 op, 1233.00 ns, 1.2330 us/op
WorkloadResult   2: 1 op, 1274.00 ns, 1.2740 us/op
WorkloadResult   3: 1 op, 792.00 ns, 792.0000 ns/op
// GC:  0 0 0 0 1
// Threading:  0 0 1

// AfterAll
// Benchmark Process 1641185 has exited with code 0.

Mean = 1.100 us, StdErr = 0.154 us (14.03%), N = 3, StdDev = 0.267 us
Min = 0.792 us, Q1 = 1.012 us, Median = 1.233 us, Q3 = 1.254 us, Max = 1.274 us
IQR = 0.241 us, LowerFence = 0.651 us, UpperFence = 1.615 us
ConfidenceInterval = [-3.776 us; 5.975 us] (CI 99.9%), Margin = 4.875 us (443.35% of Mean)
Skewness = -0.37, Kurtosis = 0.67, MValue = 2

// ** Remained 30 (83.3%) benchmark(s) to run. Estimated finish 2026-09-22 17:14 (0h 0m from now) **
// **************************
// Benchmark: SessionSetupDecompositionBenchmarks.ComponentA5_CompletionCell: ShortRun(InvocationCount=1, IterationCount=3, LaunchCount=1, UnrollFactor=1, WarmupCount=3) [Sessions=1]
// *** Execute ***
// Launch: 1 / 1
// Execute: dotnet WinForward.Benchmarks-ShortRun-1.dll --anonymousPipes 123 125 --benchmarkName "WinForward.Benchmarks.Perf.SessionSetupDecompositionBenchmarks.ComponentA5_CompletionCell(Sessions: 1)" --job ShortRun --benchmarkId 6 in /home/paff/Projects/WinForward/benchmarks/WinForward.Benchmarks/bin/Release/net10.0/WinForward.Benchmarks-ShortRun-1/bin/Release/net10.0
// Failed to set up high priority (Permission denied). In order to run benchmarks with high priority, make sure you have the right permissions.
// BeforeAnythingElse

// Benchmark Process Environment Information:
// BenchmarkDotNet v0.15.8
// Runtime=.NET 10.0.12 (10.0.12, 10.0.1226.42308), X64 RyuJIT x86-64-v4
// GC=Concurrent Workstation
// HardwareIntrinsics=AVX512 BITALG+VBMI2+VNNI+VPOPCNTDQ,AVX512 IFMA+VBMI,AVX512 F+BW+CD+DQ+VL,AVX2+BMI1+BMI2+F16C+FMA+LZCNT+MOVBE,AVX,SSE3+SSSE3+SSE4.1+SSE4.2+POPCNT,X86Base+SSE+SSE2,AES+PCLMUL,AvxVnni VectorSize=256
// Job: ShortRun(InvocationCount=1, IterationCount=3, LaunchCount=1, UnrollFactor=1, WarmupCount=3)

OverheadJitting  1: 1 op, 325514.00 ns, 325.5140 us/op
WorkloadJitting  1: 1 op, 738765.00 ns, 738.7650 us/op

OverheadWarmup   1: 1 op, 552.00 ns, 552.0000 ns/op
OverheadWarmup   2: 1 op, 481.00 ns, 481.0000 ns/op
OverheadWarmup   3: 1 op, 450.00 ns, 450.0000 ns/op
OverheadWarmup   4: 1 op, 491.00 ns, 491.0000 ns/op
OverheadWarmup   5: 1 op, 511.00 ns, 511.0000 ns/op
OverheadWarmup   6: 1 op, 401.00 ns, 401.0000 ns/op
OverheadWarmup   7: 1 op, 401.00 ns, 401.0000 ns/op
OverheadWarmup   8: 1 op, 401.00 ns, 401.0000 ns/op

OverheadActual   1: 1 op, 461.00 ns, 461.0000 ns/op
OverheadActual   2: 1 op, 441.00 ns, 441.0000 ns/op
OverheadActual   3: 1 op, 401.00 ns, 401.0000 ns/op
OverheadActual   4: 1 op, 461.00 ns, 461.0000 ns/op
OverheadActual   5: 1 op, 461.00 ns, 461.0000 ns/op
OverheadActual   6: 1 op, 260.00 ns, 260.0000 ns/op
OverheadActual   7: 1 op, 511.00 ns, 511.0000 ns/op
OverheadActual   8: 1 op, 1072.00 ns, 1.0720 us/op
OverheadActual   9: 1 op, 461.00 ns, 461.0000 ns/op
OverheadActual  10: 1 op, 401.00 ns, 401.0000 ns/op
OverheadActual  11: 1 op, 421.00 ns, 421.0000 ns/op
OverheadActual  12: 1 op, 381.00 ns, 381.0000 ns/op
OverheadActual  13: 1 op, 511.00 ns, 511.0000 ns/op
OverheadActual  14: 1 op, 440.00 ns, 440.0000 ns/op
OverheadActual  15: 1 op, 511.00 ns, 511.0000 ns/op
OverheadActual  16: 1 op, 481.00 ns, 481.0000 ns/op
OverheadActual  17: 1 op, 270.00 ns, 270.0000 ns/op
OverheadActual  18: 1 op, 411.00 ns, 411.0000 ns/op
OverheadActual  19: 1 op, 421.00 ns, 421.0000 ns/op
OverheadActual  20: 1 op, 471.00 ns, 471.0000 ns/op

WorkloadWarmup   1: 1 op, 7405.00 ns, 7.4050 us/op
WorkloadWarmup   2: 1 op, 3417.00 ns, 3.4170 us/op
WorkloadWarmup   3: 1 op, 3436.00 ns, 3.4360 us/op

// BeforeActualRun
WorkloadActual   1: 1 op, 17875.00 ns, 17.8750 us/op
WorkloadActual   2: 1 op, 3637.00 ns, 3.6370 us/op
WorkloadActual   3: 1 op, 3357.00 ns, 3.3570 us/op

// AfterActualRun
WorkloadResult   1: 1 op, 17424.00 ns, 17.4240 us/op
WorkloadResult   2: 1 op, 3186.00 ns, 3.1860 us/op
WorkloadResult   3: 1 op, 2906.00 ns, 2.9060 us/op
// GC:  0 0 0 88 1
// Threading:  0 0 1

// AfterAll
// Benchmark Process 1641194 has exited with code 0.

Mean = 7.839 us, StdErr = 4.793 us (61.15%), N = 3, StdDev = 8.302 us
Min = 2.906 us, Q1 = 3.046 us, Median = 3.186 us, Q3 = 10.305 us, Max = 17.424 us
IQR = 7.259 us, LowerFence = -7.843 us, UpperFence = 21.194 us
ConfidenceInterval = [-143.627 us; 159.304 us] (CI 99.9%), Margin = 151.465 us (1932.28% of Mean)
Skewness = 0.38, Kurtosis = 0.67, MValue = 2

// ** Remained 29 (80.6%) benchmark(s) to run. Estimated finish 2026-09-22 17:14 (0h 0m from now) **
// **************************
// Benchmark: SessionSetupDecompositionBenchmarks.ComponentA6_ColdRent: ShortRun(InvocationCount=1, IterationCount=3, LaunchCount=1, UnrollFactor=1, WarmupCount=3) [Sessions=1]
// *** Execute ***
// Launch: 1 / 1
// Execute: dotnet WinForward.Benchmarks-ShortRun-1.dll --anonymousPipes 123 125 --benchmarkName "WinForward.Benchmarks.Perf.SessionSetupDecompositionBenchmarks.ComponentA6_ColdRent(Sessions: 1)" --job ShortRun --benchmarkId 7 in /home/paff/Projects/WinForward/benchmarks/WinForward.Benchmarks/bin/Release/net10.0/WinForward.Benchmarks-ShortRun-1/bin/Release/net10.0
// Failed to set up high priority (Permission denied). In order to run benchmarks with high priority, make sure you have the right permissions.
// BeforeAnythingElse

// Benchmark Process Environment Information:
// BenchmarkDotNet v0.15.8
// Runtime=.NET 10.0.12 (10.0.12, 10.0.1226.42308), X64 RyuJIT x86-64-v4
// GC=Concurrent Workstation
// HardwareIntrinsics=AVX512 BITALG+VBMI2+VNNI+VPOPCNTDQ,AVX512 IFMA+VBMI,AVX512 F+BW+CD+DQ+VL,AVX2+BMI1+BMI2+F16C+FMA+LZCNT+MOVBE,AVX,SSE3+SSSE3+SSE4.1+SSE4.2+POPCNT,X86Base+SSE+SSE2,AES+PCLMUL,AvxVnni VectorSize=256
// Job: ShortRun(InvocationCount=1, IterationCount=3, LaunchCount=1, UnrollFactor=1, WarmupCount=3)

OverheadJitting  1: 1 op, 306397.00 ns, 306.3970 us/op
WorkloadJitting  1: 1 op, 2466994.00 ns, 2.4670 ms/op

OverheadWarmup   1: 1 op, 431.00 ns, 431.0000 ns/op
OverheadWarmup   2: 1 op, 481.00 ns, 481.0000 ns/op
OverheadWarmup   3: 1 op, 471.00 ns, 471.0000 ns/op
OverheadWarmup   4: 1 op, 281.00 ns, 281.0000 ns/op
OverheadWarmup   5: 1 op, 361.00 ns, 361.0000 ns/op
OverheadWarmup   6: 1 op, 461.00 ns, 461.0000 ns/op
OverheadWarmup   7: 1 op, 471.00 ns, 471.0000 ns/op
OverheadWarmup   8: 1 op, 281.00 ns, 281.0000 ns/op

OverheadActual   1: 1 op, 461.00 ns, 461.0000 ns/op
OverheadActual   2: 1 op, 391.00 ns, 391.0000 ns/op
OverheadActual   3: 1 op, 501.00 ns, 501.0000 ns/op
OverheadActual   4: 1 op, 451.00 ns, 451.0000 ns/op
OverheadActual   5: 1 op, 551.00 ns, 551.0000 ns/op
OverheadActual   6: 1 op, 872.00 ns, 872.0000 ns/op
OverheadActual   7: 1 op, 361.00 ns, 361.0000 ns/op
OverheadActual   8: 1 op, 281.00 ns, 281.0000 ns/op
OverheadActual   9: 1 op, 461.00 ns, 461.0000 ns/op
OverheadActual  10: 1 op, 361.00 ns, 361.0000 ns/op
OverheadActual  11: 1 op, 450.00 ns, 450.0000 ns/op
OverheadActual  12: 1 op, 271.00 ns, 271.0000 ns/op
OverheadActual  13: 1 op, 451.00 ns, 451.0000 ns/op
OverheadActual  14: 1 op, 561.00 ns, 561.0000 ns/op
OverheadActual  15: 1 op, 491.00 ns, 491.0000 ns/op
OverheadActual  16: 1 op, 441.00 ns, 441.0000 ns/op
OverheadActual  17: 1 op, 390.00 ns, 390.0000 ns/op
OverheadActual  18: 1 op, 521.00 ns, 521.0000 ns/op
OverheadActual  19: 1 op, 291.00 ns, 291.0000 ns/op
OverheadActual  20: 1 op, 390.00 ns, 390.0000 ns/op

WorkloadWarmup   1: 1 op, 17724.00 ns, 17.7240 us/op
WorkloadWarmup   2: 1 op, 9598.00 ns, 9.5980 us/op
WorkloadWarmup   3: 1 op, 9268.00 ns, 9.2680 us/op

// BeforeActualRun
WorkloadActual   1: 1 op, 9298.00 ns, 9.2980 us/op
WorkloadActual   2: 1 op, 6783.00 ns, 6.7830 us/op
WorkloadActual   3: 1 op, 6703.00 ns, 6.7030 us/op

// AfterActualRun
WorkloadResult   1: 1 op, 8847.50 ns, 8.8475 us/op
WorkloadResult   2: 1 op, 6332.50 ns, 6.3325 us/op
WorkloadResult   3: 1 op, 6252.50 ns, 6.2525 us/op
// GC:  0 0 0 2248 1
// Threading:  0 0 1

// AfterAll
// Benchmark Process 1641203 has exited with code 0.

Mean = 7.144 us, StdErr = 0.852 us (11.93%), N = 3, StdDev = 1.476 us
Min = 6.253 us, Q1 = 6.293 us, Median = 6.332 us, Q3 = 7.590 us, Max = 8.848 us
IQR = 1.298 us, LowerFence = 4.346 us, UpperFence = 9.536 us
ConfidenceInterval = [-19.778 us; 34.066 us] (CI 99.9%), Margin = 26.922 us (376.84% of Mean)
Skewness = 0.38, Kurtosis = 0.67, MValue = 2

// ** Remained 28 (77.8%) benchmark(s) to run. Estimated finish 2026-09-22 17:14 (0h 0m from now) **
// **************************
// Benchmark: SessionSetupDecompositionBenchmarks.ComponentA7_EnqueueCycle: ShortRun(InvocationCount=1, IterationCount=3, LaunchCount=1, UnrollFactor=1, WarmupCount=3) [Sessions=1]
// *** Execute ***
// Launch: 1 / 1
// Execute: dotnet WinForward.Benchmarks-ShortRun-1.dll --anonymousPipes 123 125 --benchmarkName "WinForward.Benchmarks.Perf.SessionSetupDecompositionBenchmarks.ComponentA7_EnqueueCycle(Sessions: 1)" --job ShortRun --benchmarkId 8 in /home/paff/Projects/WinForward/benchmarks/WinForward.Benchmarks/bin/Release/net10.0/WinForward.Benchmarks-ShortRun-1/bin/Release/net10.0
// Failed to set up high priority (Permission denied). In order to run benchmarks with high priority, make sure you have the right permissions.
// BeforeAnythingElse

// Benchmark Process Environment Information:
// BenchmarkDotNet v0.15.8
// Runtime=.NET 10.0.12 (10.0.12, 10.0.1226.42308), X64 RyuJIT x86-64-v4
// GC=Concurrent Workstation
// HardwareIntrinsics=AVX512 BITALG+VBMI2+VNNI+VPOPCNTDQ,AVX512 IFMA+VBMI,AVX512 F+BW+CD+DQ+VL,AVX2+BMI1+BMI2+F16C+FMA+LZCNT+MOVBE,AVX,SSE3+SSSE3+SSE4.1+SSE4.2+POPCNT,X86Base+SSE+SSE2,AES+PCLMUL,AvxVnni VectorSize=256
// Job: ShortRun(InvocationCount=1, IterationCount=3, LaunchCount=1, UnrollFactor=1, WarmupCount=3)

OverheadJitting  1: 1 op, 254868.00 ns, 254.8680 us/op
WorkloadJitting  1: 1 op, 5191740.00 ns, 5.1917 ms/op

OverheadWarmup   1: 1 op, 481.00 ns, 481.0000 ns/op
OverheadWarmup   2: 1 op, 300.00 ns, 300.0000 ns/op
OverheadWarmup   3: 1 op, 371.00 ns, 371.0000 ns/op
OverheadWarmup   4: 1 op, 361.00 ns, 361.0000 ns/op
OverheadWarmup   5: 1 op, 340.00 ns, 340.0000 ns/op
OverheadWarmup   6: 1 op, 351.00 ns, 351.0000 ns/op
OverheadWarmup   7: 1 op, 281.00 ns, 281.0000 ns/op

OverheadActual   1: 1 op, 431.00 ns, 431.0000 ns/op
OverheadActual   2: 1 op, 411.00 ns, 411.0000 ns/op
OverheadActual   3: 1 op, 471.00 ns, 471.0000 ns/op
OverheadActual   4: 1 op, 461.00 ns, 461.0000 ns/op
OverheadActual   5: 1 op, 491.00 ns, 491.0000 ns/op
OverheadActual   6: 1 op, 440.00 ns, 440.0000 ns/op
OverheadActual   7: 1 op, 431.00 ns, 431.0000 ns/op
OverheadActual   8: 1 op, 451.00 ns, 451.0000 ns/op
OverheadActual   9: 1 op, 521.00 ns, 521.0000 ns/op
OverheadActual  10: 1 op, 460.00 ns, 460.0000 ns/op
OverheadActual  11: 1 op, 350.00 ns, 350.0000 ns/op
OverheadActual  12: 1 op, 351.00 ns, 351.0000 ns/op
OverheadActual  13: 1 op, 1452.00 ns, 1.4520 us/op
OverheadActual  14: 1 op, 450.00 ns, 450.0000 ns/op
OverheadActual  15: 1 op, 281.00 ns, 281.0000 ns/op
OverheadActual  16: 1 op, 280.00 ns, 280.0000 ns/op
OverheadActual  17: 1 op, 451.00 ns, 451.0000 ns/op
OverheadActual  18: 1 op, 341.00 ns, 341.0000 ns/op
OverheadActual  19: 1 op, 280.00 ns, 280.0000 ns/op
OverheadActual  20: 1 op, 271.00 ns, 271.0000 ns/op

WorkloadWarmup   1: 1 op, 23424.00 ns, 23.4240 us/op
WorkloadWarmup   2: 1 op, 10090.00 ns, 10.0900 us/op
WorkloadWarmup   3: 1 op, 11712.00 ns, 11.7120 us/op

// BeforeActualRun
WorkloadActual   1: 1 op, 11993.00 ns, 11.9930 us/op
WorkloadActual   2: 1 op, 9208.00 ns, 9.2080 us/op
WorkloadActual   3: 1 op, 8917.00 ns, 8.9170 us/op

// AfterActualRun
WorkloadResult   1: 1 op, 11557.50 ns, 11.5575 us/op
WorkloadResult   2: 1 op, 8772.50 ns, 8.7725 us/op
WorkloadResult   3: 1 op, 8481.50 ns, 8.4815 us/op
// GC:  0 0 0 1816 1
// Threading:  0 0 1

// AfterAll
// Benchmark Process 1641212 has exited with code 0.

Mean = 9.604 us, StdErr = 0.980 us (10.21%), N = 3, StdDev = 1.698 us
Min = 8.482 us, Q1 = 8.627 us, Median = 8.773 us, Q3 = 10.165 us, Max = 11.557 us
IQR = 1.538 us, LowerFence = 6.320 us, UpperFence = 12.472 us
ConfidenceInterval = [-21.377 us; 40.585 us] (CI 99.9%), Margin = 30.981 us (322.59% of Mean)
Skewness = 0.37, Kurtosis = 0.67, MValue = 2

// ** Remained 27 (75.0%) benchmark(s) to run. Estimated finish 2026-09-22 17:14 (0h 0m from now) **
// **************************
// Benchmark: SessionSetupDecompositionBenchmarks.ComponentA8_WarmRentAdmissionAsync: ShortRun(InvocationCount=1, IterationCount=3, LaunchCount=1, UnrollFactor=1, WarmupCount=3) [Sessions=1]
// *** Execute ***
// Launch: 1 / 1
// Execute: dotnet WinForward.Benchmarks-ShortRun-1.dll --anonymousPipes 123 125 --benchmarkName "WinForward.Benchmarks.Perf.SessionSetupDecompositionBenchmarks.ComponentA8_WarmRentAdmissionAsync(Sessions: 1)" --job ShortRun --benchmarkId 9 in /home/paff/Projects/WinForward/benchmarks/WinForward.Benchmarks/bin/Release/net10.0/WinForward.Benchmarks-ShortRun-1/bin/Release/net10.0
// Failed to set up high priority (Permission denied). In order to run benchmarks with high priority, make sure you have the right permissions.
// BeforeAnythingElse

// Benchmark Process Environment Information:
// BenchmarkDotNet v0.15.8
// Runtime=.NET 10.0.12 (10.0.12, 10.0.1226.42308), X64 RyuJIT x86-64-v4
// GC=Concurrent Workstation
// HardwareIntrinsics=AVX512 BITALG+VBMI2+VNNI+VPOPCNTDQ,AVX512 IFMA+VBMI,AVX512 F+BW+CD+DQ+VL,AVX2+BMI1+BMI2+F16C+FMA+LZCNT+MOVBE,AVX,SSE3+SSSE3+SSE4.1+SSE4.2+POPCNT,X86Base+SSE+SSE2,AES+PCLMUL,AvxVnni VectorSize=256
// Job: ShortRun(InvocationCount=1, IterationCount=3, LaunchCount=1, UnrollFactor=1, WarmupCount=3)

OverheadJitting  1: 1 op, 328158.00 ns, 328.1580 us/op
WorkloadJitting  1: 1 op, 24508595.00 ns, 24.5086 ms/op

OverheadWarmup   1: 1 op, 761.00 ns, 761.0000 ns/op
OverheadWarmup   2: 1 op, 541.00 ns, 541.0000 ns/op
OverheadWarmup   3: 1 op, 301.00 ns, 301.0000 ns/op
OverheadWarmup   4: 1 op, 290.00 ns, 290.0000 ns/op
OverheadWarmup   5: 1 op, 311.00 ns, 311.0000 ns/op
OverheadWarmup   6: 1 op, 281.00 ns, 281.0000 ns/op
OverheadWarmup   7: 1 op, 280.00 ns, 280.0000 ns/op
OverheadWarmup   8: 1 op, 291.00 ns, 291.0000 ns/op
OverheadWarmup   9: 1 op, 290.00 ns, 290.0000 ns/op

OverheadActual   1: 1 op, 431.00 ns, 431.0000 ns/op
OverheadActual   2: 1 op, 461.00 ns, 461.0000 ns/op
OverheadActual   3: 1 op, 451.00 ns, 451.0000 ns/op
OverheadActual   4: 1 op, 431.00 ns, 431.0000 ns/op
OverheadActual   5: 1 op, 301.00 ns, 301.0000 ns/op
OverheadActual   6: 1 op, 521.00 ns, 521.0000 ns/op
OverheadActual   7: 1 op, 391.00 ns, 391.0000 ns/op
OverheadActual   8: 1 op, 370.00 ns, 370.0000 ns/op
OverheadActual   9: 1 op, 411.00 ns, 411.0000 ns/op
OverheadActual  10: 1 op, 301.00 ns, 301.0000 ns/op
OverheadActual  11: 1 op, 321.00 ns, 321.0000 ns/op
OverheadActual  12: 1 op, 451.00 ns, 451.0000 ns/op
OverheadActual  13: 1 op, 431.00 ns, 431.0000 ns/op
OverheadActual  14: 1 op, 501.00 ns, 501.0000 ns/op
OverheadActual  15: 1 op, 291.00 ns, 291.0000 ns/op
OverheadActual  16: 1 op, 391.00 ns, 391.0000 ns/op
OverheadActual  17: 1 op, 401.00 ns, 401.0000 ns/op
OverheadActual  18: 1 op, 460.00 ns, 460.0000 ns/op
OverheadActual  19: 1 op, 471.00 ns, 471.0000 ns/op
OverheadActual  20: 1 op, 391.00 ns, 391.0000 ns/op

WorkloadWarmup   1: 1 op, 229239.00 ns, 229.2390 us/op
WorkloadWarmup   2: 1 op, 102948.00 ns, 102.9480 us/op
WorkloadWarmup   3: 1 op, 39196.00 ns, 39.1960 us/op

// BeforeActualRun
WorkloadActual   1: 1 op, 74633.00 ns, 74.6330 us/op
WorkloadActual   2: 1 op, 36931.00 ns, 36.9310 us/op
WorkloadActual   3: 1 op, 35939.00 ns, 35.9390 us/op

// AfterActualRun
WorkloadResult   1: 1 op, 74212.00 ns, 74.2120 us/op
WorkloadResult   2: 1 op, 36510.00 ns, 36.5100 us/op
WorkloadResult   3: 1 op, 35518.00 ns, 35.5180 us/op
// GC:  0 0 0 8136 1
// Threading:  0 0 1

// AfterAll
// Benchmark Process 1641223 has exited with code 0.

Mean = 48.747 us, StdErr = 12.736 us (26.13%), N = 3, StdDev = 22.059 us
Min = 35.518 us, Q1 = 36.014 us, Median = 36.510 us, Q3 = 55.361 us, Max = 74.212 us
IQR = 19.347 us, LowerFence = 6.994 us, UpperFence = 84.382 us
ConfidenceInterval = [-353.695 us; 451.189 us] (CI 99.9%), Margin = 402.442 us (825.58% of Mean)
Skewness = 0.38, Kurtosis = 0.67, MValue = 2

// ** Remained 26 (72.2%) benchmark(s) to run. Estimated finish 2026-09-22 17:14 (0h 0m from now) **
// **************************
// Benchmark: SessionSetupDecompositionBenchmarks.ComponentA9a_DictionaryGrowthSpansResize: ShortRun(InvocationCount=1, IterationCount=3, LaunchCount=1, UnrollFactor=1, WarmupCount=3) [Sessions=1]
// *** Execute ***
// Launch: 1 / 1
// Execute: dotnet WinForward.Benchmarks-ShortRun-1.dll --anonymousPipes 123 125 --benchmarkName "WinForward.Benchmarks.Perf.SessionSetupDecompositionBenchmarks.ComponentA9a_DictionaryGrowthSpansResize(Sessions: 1)" --job ShortRun --benchmarkId 10 in /home/paff/Projects/WinForward/benchmarks/WinForward.Benchmarks/bin/Release/net10.0/WinForward.Benchmarks-ShortRun-1/bin/Release/net10.0
// Failed to set up high priority (Permission denied). In order to run benchmarks with high priority, make sure you have the right permissions.
// BeforeAnythingElse

// Benchmark Process Environment Information:
// BenchmarkDotNet v0.15.8
// Runtime=.NET 10.0.12 (10.0.12, 10.0.1226.42308), X64 RyuJIT x86-64-v4
// GC=Concurrent Workstation
// HardwareIntrinsics=AVX512 BITALG+VBMI2+VNNI+VPOPCNTDQ,AVX512 IFMA+VBMI,AVX512 F+BW+CD+DQ+VL,AVX2+BMI1+BMI2+F16C+FMA+LZCNT+MOVBE,AVX,SSE3+SSSE3+SSE4.1+SSE4.2+POPCNT,X86Base+SSE+SSE2,AES+PCLMUL,AvxVnni VectorSize=256
// Job: ShortRun(InvocationCount=1, IterationCount=3, LaunchCount=1, UnrollFactor=1, WarmupCount=3)

OverheadJitting  1: 1 op, 259948.00 ns, 259.9480 us/op
WorkloadJitting  1: 1 op, 12507568.00 ns, 12.5076 ms/op

OverheadWarmup   1: 1 op, 651.00 ns, 651.0000 ns/op
OverheadWarmup   2: 1 op, 761.00 ns, 761.0000 ns/op
OverheadWarmup   3: 1 op, 1022.00 ns, 1.0220 us/op
OverheadWarmup   4: 1 op, 301.00 ns, 301.0000 ns/op
OverheadWarmup   5: 1 op, 411.00 ns, 411.0000 ns/op
OverheadWarmup   6: 1 op, 461.00 ns, 461.0000 ns/op
OverheadWarmup   7: 1 op, 380.00 ns, 380.0000 ns/op

OverheadActual   1: 1 op, 491.00 ns, 491.0000 ns/op
OverheadActual   2: 1 op, 451.00 ns, 451.0000 ns/op
OverheadActual   3: 1 op, 471.00 ns, 471.0000 ns/op
OverheadActual   4: 1 op, 431.00 ns, 431.0000 ns/op
OverheadActual   5: 1 op, 801.00 ns, 801.0000 ns/op
OverheadActual   6: 1 op, 481.00 ns, 481.0000 ns/op
OverheadActual   7: 1 op, 491.00 ns, 491.0000 ns/op
OverheadActual   8: 1 op, 271.00 ns, 271.0000 ns/op
OverheadActual   9: 1 op, 271.00 ns, 271.0000 ns/op
OverheadActual  10: 1 op, 270.00 ns, 270.0000 ns/op
OverheadActual  11: 1 op, 270.00 ns, 270.0000 ns/op
OverheadActual  12: 1 op, 271.00 ns, 271.0000 ns/op
OverheadActual  13: 1 op, 270.00 ns, 270.0000 ns/op
OverheadActual  14: 1 op, 541.00 ns, 541.0000 ns/op
OverheadActual  15: 1 op, 521.00 ns, 521.0000 ns/op
OverheadActual  16: 1 op, 611.00 ns, 611.0000 ns/op
OverheadActual  17: 1 op, 541.00 ns, 541.0000 ns/op
OverheadActual  18: 1 op, 470.00 ns, 470.0000 ns/op
OverheadActual  19: 1 op, 281.00 ns, 281.0000 ns/op
OverheadActual  20: 1 op, 260.00 ns, 260.0000 ns/op

WorkloadWarmup   1: 1 op, 2492141.00 ns, 2.4921 ms/op
WorkloadWarmup   2: 1 op, 1848309.00 ns, 1.8483 ms/op
WorkloadWarmup   3: 1 op, 1792082.00 ns, 1.7921 ms/op

// BeforeActualRun
WorkloadActual   1: 1 op, 6195612.00 ns, 6.1956 ms/op
WorkloadActual   2: 1 op, 1774959.00 ns, 1.7750 ms/op
WorkloadActual   3: 1 op, 1664287.00 ns, 1.6643 ms/op

// AfterActualRun
WorkloadResult   1: 1 op, 6195151.50 ns, 6.1952 ms/op
WorkloadResult   2: 1 op, 1774498.50 ns, 1.7745 ms/op
WorkloadResult   3: 1 op, 1663826.50 ns, 1.6638 ms/op
// GC:  0 0 0 950560 1
// Threading:  0 0 1

// AfterAll
// Benchmark Process 1641232 has exited with code 0.

Mean = 3.211 ms, StdErr = 1.492 ms (46.47%), N = 3, StdDev = 2.585 ms
Min = 1.664 ms, Q1 = 1.719 ms, Median = 1.774 ms, Q3 = 3.985 ms, Max = 6.195 ms
IQR = 2.266 ms, LowerFence = -1.679 ms, UpperFence = 7.383 ms
ConfidenceInterval = [-43.945 ms; 50.368 ms] (CI 99.9%), Margin = 47.156 ms (1468.52% of Mean)
Skewness = 0.38, Kurtosis = 0.67, MValue = 2

// ** Remained 25 (69.4%) benchmark(s) to run. Estimated finish 2026-09-22 17:14 (0h 0m from now) **
// **************************
// Benchmark: SessionSetupDecompositionBenchmarks.ComponentA9b_DictionaryGrowthNoResize: ShortRun(InvocationCount=1, IterationCount=3, LaunchCount=1, UnrollFactor=1, WarmupCount=3) [Sessions=1]
// *** Execute ***
// Launch: 1 / 1
// Execute: dotnet WinForward.Benchmarks-ShortRun-1.dll --anonymousPipes 123 125 --benchmarkName "WinForward.Benchmarks.Perf.SessionSetupDecompositionBenchmarks.ComponentA9b_DictionaryGrowthNoResize(Sessions: 1)" --job ShortRun --benchmarkId 11 in /home/paff/Projects/WinForward/benchmarks/WinForward.Benchmarks/bin/Release/net10.0/WinForward.Benchmarks-ShortRun-1/bin/Release/net10.0
// Failed to set up high priority (Permission denied). In order to run benchmarks with high priority, make sure you have the right permissions.
// BeforeAnythingElse

// Benchmark Process Environment Information:
// BenchmarkDotNet v0.15.8
// Runtime=.NET 10.0.12 (10.0.12, 10.0.1226.42308), X64 RyuJIT x86-64-v4
// GC=Concurrent Workstation
// HardwareIntrinsics=AVX512 BITALG+VBMI2+VNNI+VPOPCNTDQ,AVX512 IFMA+VBMI,AVX512 F+BW+CD+DQ+VL,AVX2+BMI1+BMI2+F16C+FMA+LZCNT+MOVBE,AVX,SSE3+SSSE3+SSE4.1+SSE4.2+POPCNT,X86Base+SSE+SSE2,AES+PCLMUL,AvxVnni VectorSize=256
// Job: ShortRun(InvocationCount=1, IterationCount=3, LaunchCount=1, UnrollFactor=1, WarmupCount=3)

OverheadJitting  1: 1 op, 504796.00 ns, 504.7960 us/op
WorkloadJitting  1: 1 op, 11680291.00 ns, 11.6803 ms/op

OverheadWarmup   1: 1 op, 451.00 ns, 451.0000 ns/op
OverheadWarmup   2: 1 op, 501.00 ns, 501.0000 ns/op
OverheadWarmup   3: 1 op, 371.00 ns, 371.0000 ns/op
OverheadWarmup   4: 1 op, 281.00 ns, 281.0000 ns/op
OverheadWarmup   5: 1 op, 511.00 ns, 511.0000 ns/op
OverheadWarmup   6: 1 op, 460.00 ns, 460.0000 ns/op

OverheadActual   1: 1 op, 451.00 ns, 451.0000 ns/op
OverheadActual   2: 1 op, 511.00 ns, 511.0000 ns/op
OverheadActual   3: 1 op, 461.00 ns, 461.0000 ns/op
OverheadActual   4: 1 op, 461.00 ns, 461.0000 ns/op
OverheadActual   5: 1 op, 421.00 ns, 421.0000 ns/op
OverheadActual   6: 1 op, 521.00 ns, 521.0000 ns/op
OverheadActual   7: 1 op, 491.00 ns, 491.0000 ns/op
OverheadActual   8: 1 op, 521.00 ns, 521.0000 ns/op
OverheadActual   9: 1 op, 411.00 ns, 411.0000 ns/op
OverheadActual  10: 1 op, 461.00 ns, 461.0000 ns/op
OverheadActual  11: 1 op, 471.00 ns, 471.0000 ns/op
OverheadActual  12: 1 op, 471.00 ns, 471.0000 ns/op
OverheadActual  13: 1 op, 511.00 ns, 511.0000 ns/op
OverheadActual  14: 1 op, 481.00 ns, 481.0000 ns/op
OverheadActual  15: 1 op, 401.00 ns, 401.0000 ns/op
OverheadActual  16: 1 op, 401.00 ns, 401.0000 ns/op
OverheadActual  17: 1 op, 521.00 ns, 521.0000 ns/op
OverheadActual  18: 1 op, 471.00 ns, 471.0000 ns/op
OverheadActual  19: 1 op, 491.00 ns, 491.0000 ns/op
OverheadActual  20: 1 op, 321.00 ns, 321.0000 ns/op

WorkloadWarmup   1: 1 op, 2846760.00 ns, 2.8468 ms/op
WorkloadWarmup   2: 1 op, 1865362.00 ns, 1.8654 ms/op
WorkloadWarmup   3: 1 op, 1793804.00 ns, 1.7938 ms/op

// BeforeActualRun
WorkloadActual   1: 1 op, 6198297.00 ns, 6.1983 ms/op
WorkloadActual   2: 1 op, 1718139.00 ns, 1.7181 ms/op
WorkloadActual   3: 1 op, 1701427.00 ns, 1.7014 ms/op

// AfterActualRun
WorkloadResult   1: 1 op, 6197826.00 ns, 6.1978 ms/op
WorkloadResult   2: 1 op, 1717668.00 ns, 1.7177 ms/op
WorkloadResult   3: 1 op, 1700956.00 ns, 1.7010 ms/op
// GC:  0 0 0 787264 1
// Threading:  0 0 1

// AfterAll
// Benchmark Process 1641241 has exited with code 0.

Mean = 3.205 ms, StdErr = 1.496 ms (46.68%), N = 3, StdDev = 2.591 ms
Min = 1.701 ms, Q1 = 1.709 ms, Median = 1.718 ms, Q3 = 3.958 ms, Max = 6.198 ms
IQR = 2.248 ms, LowerFence = -1.663 ms, UpperFence = 7.330 ms
ConfidenceInterval = [-44.072 ms; 50.483 ms] (CI 99.9%), Margin = 47.278 ms (1474.91% of Mean)
Skewness = 0.38, Kurtosis = 0.67, MValue = 2

// ** Remained 24 (66.7%) benchmark(s) to run. Estimated finish 2026-09-22 17:14 (0h 0m from now) **
// **************************
// Benchmark: SessionSetupDecompositionBenchmarks.StageS1_AdmissionOnlyAsync: ShortRun(InvocationCount=1, IterationCount=3, LaunchCount=1, UnrollFactor=1, WarmupCount=3) [Sessions=100]
// *** Execute ***
// Launch: 1 / 1
// Execute: dotnet WinForward.Benchmarks-ShortRun-1.dll --anonymousPipes 123 125 --benchmarkName "WinForward.Benchmarks.Perf.SessionSetupDecompositionBenchmarks.StageS1_AdmissionOnlyAsync(Sessions: 100)" --job ShortRun --benchmarkId 12 in /home/paff/Projects/WinForward/benchmarks/WinForward.Benchmarks/bin/Release/net10.0/WinForward.Benchmarks-ShortRun-1/bin/Release/net10.0
// Failed to set up high priority (Permission denied). In order to run benchmarks with high priority, make sure you have the right permissions.
// BeforeAnythingElse

// Benchmark Process Environment Information:
// BenchmarkDotNet v0.15.8
// Runtime=.NET 10.0.12 (10.0.12, 10.0.1226.42308), X64 RyuJIT x86-64-v4
// GC=Concurrent Workstation
// HardwareIntrinsics=AVX512 BITALG+VBMI2+VNNI+VPOPCNTDQ,AVX512 IFMA+VBMI,AVX512 F+BW+CD+DQ+VL,AVX2+BMI1+BMI2+F16C+FMA+LZCNT+MOVBE,AVX,SSE3+SSSE3+SSE4.1+SSE4.2+POPCNT,X86Base+SSE+SSE2,AES+PCLMUL,AvxVnni VectorSize=256
// Job: ShortRun(InvocationCount=1, IterationCount=3, LaunchCount=1, UnrollFactor=1, WarmupCount=3)

OverheadJitting  1: 1 op, 300385.00 ns, 300.3850 us/op
WorkloadJitting  1: 1 op, 24133372.00 ns, 24.1334 ms/op

OverheadWarmup   1: 1 op, 641.00 ns, 641.0000 ns/op
OverheadWarmup   2: 1 op, 351.00 ns, 351.0000 ns/op
OverheadWarmup   3: 1 op, 381.00 ns, 381.0000 ns/op
OverheadWarmup   4: 1 op, 300.00 ns, 300.0000 ns/op
OverheadWarmup   5: 1 op, 461.00 ns, 461.0000 ns/op
OverheadWarmup   6: 1 op, 461.00 ns, 461.0000 ns/op

OverheadActual   1: 1 op, 481.00 ns, 481.0000 ns/op
OverheadActual   2: 1 op, 441.00 ns, 441.0000 ns/op
OverheadActual   3: 1 op, 471.00 ns, 471.0000 ns/op
OverheadActual   4: 1 op, 411.00 ns, 411.0000 ns/op
OverheadActual   5: 1 op, 310.00 ns, 310.0000 ns/op
OverheadActual   6: 1 op, 331.00 ns, 331.0000 ns/op
OverheadActual   7: 1 op, 350.00 ns, 350.0000 ns/op
OverheadActual   8: 1 op, 411.00 ns, 411.0000 ns/op
OverheadActual   9: 1 op, 331.00 ns, 331.0000 ns/op
OverheadActual  10: 1 op, 321.00 ns, 321.0000 ns/op
OverheadActual  11: 1 op, 491.00 ns, 491.0000 ns/op
OverheadActual  12: 1 op, 471.00 ns, 471.0000 ns/op
OverheadActual  13: 1 op, 361.00 ns, 361.0000 ns/op
OverheadActual  14: 1 op, 461.00 ns, 461.0000 ns/op
OverheadActual  15: 1 op, 401.00 ns, 401.0000 ns/op
OverheadActual  16: 1 op, 441.00 ns, 441.0000 ns/op
OverheadActual  17: 1 op, 401.00 ns, 401.0000 ns/op
OverheadActual  18: 1 op, 431.00 ns, 431.0000 ns/op
OverheadActual  19: 1 op, 351.00 ns, 351.0000 ns/op
OverheadActual  20: 1 op, 451.00 ns, 451.0000 ns/op

WorkloadWarmup   1: 1 op, 465661.00 ns, 465.6610 us/op
WorkloadWarmup   2: 1 op, 253034.00 ns, 253.0340 us/op
WorkloadWarmup   3: 1 op, 230000.00 ns, 230.0000 us/op

// BeforeActualRun
WorkloadActual   1: 1 op, 226333.00 ns, 226.3330 us/op
WorkloadActual   2: 1 op, 223839.00 ns, 223.8390 us/op
WorkloadActual   3: 1 op, 223308.00 ns, 223.3080 us/op

// AfterActualRun
WorkloadResult   1: 1 op, 225922.00 ns, 225.9220 us/op
WorkloadResult   2: 1 op, 223428.00 ns, 223.4280 us/op
WorkloadResult   3: 1 op, 222897.00 ns, 222.8970 us/op
// GC:  0 0 0 132672 1
// Threading:  0 0 1

// AfterAll
// Benchmark Process 1641250 has exited with code 0.

Mean = 224.082 us, StdErr = 0.933 us (0.42%), N = 3, StdDev = 1.615 us
Min = 222.897 us, Q1 = 223.162 us, Median = 223.428 us, Q3 = 224.675 us, Max = 225.922 us
IQR = 1.512 us, LowerFence = 220.894 us, UpperFence = 226.944 us
ConfidenceInterval = [194.616 us; 253.549 us] (CI 99.9%), Margin = 29.467 us (13.15% of Mean)
Skewness = 0.34, Kurtosis = 0.67, MValue = 2

// ** Remained 23 (63.9%) benchmark(s) to run. Estimated finish 2026-09-22 17:14 (0h 0m from now) **
// **************************
// Benchmark: SessionSetupDecompositionBenchmarks.ComponentA1_AssociationTablePreSeed: ShortRun(InvocationCount=1, IterationCount=3, LaunchCount=1, UnrollFactor=1, WarmupCount=3) [Sessions=100]
// *** Execute ***
// Launch: 1 / 1
// Execute: dotnet WinForward.Benchmarks-ShortRun-1.dll --anonymousPipes 123 125 --benchmarkName "WinForward.Benchmarks.Perf.SessionSetupDecompositionBenchmarks.ComponentA1_AssociationTablePreSeed(Sessions: 100)" --job ShortRun --benchmarkId 13 in /home/paff/Projects/WinForward/benchmarks/WinForward.Benchmarks/bin/Release/net10.0/WinForward.Benchmarks-ShortRun-1/bin/Release/net10.0
// Failed to set up high priority (Permission denied). In order to run benchmarks with high priority, make sure you have the right permissions.
// BeforeAnythingElse

// Benchmark Process Environment Information:
// BenchmarkDotNet v0.15.8
// Runtime=.NET 10.0.12 (10.0.12, 10.0.1226.42308), X64 RyuJIT x86-64-v4
// GC=Concurrent Workstation
// HardwareIntrinsics=AVX512 BITALG+VBMI2+VNNI+VPOPCNTDQ,AVX512 IFMA+VBMI,AVX512 F+BW+CD+DQ+VL,AVX2+BMI1+BMI2+F16C+FMA+LZCNT+MOVBE,AVX,SSE3+SSSE3+SSE4.1+SSE4.2+POPCNT,X86Base+SSE+SSE2,AES+PCLMUL,AvxVnni VectorSize=256
// Job: ShortRun(InvocationCount=1, IterationCount=3, LaunchCount=1, UnrollFactor=1, WarmupCount=3)

OverheadJitting  1: 1 op, 275738.00 ns, 275.7380 us/op
WorkloadJitting  1: 1 op, 2079721.00 ns, 2.0797 ms/op

OverheadWarmup   1: 1 op, 411.00 ns, 411.0000 ns/op
OverheadWarmup   2: 1 op, 972.00 ns, 972.0000 ns/op
OverheadWarmup   3: 1 op, 441.00 ns, 441.0000 ns/op
OverheadWarmup   4: 1 op, 591.00 ns, 591.0000 ns/op
OverheadWarmup   5: 1 op, 491.00 ns, 491.0000 ns/op

OverheadActual   1: 1 op, 451.00 ns, 451.0000 ns/op
OverheadActual   2: 1 op, 491.00 ns, 491.0000 ns/op
OverheadActual   3: 1 op, 541.00 ns, 541.0000 ns/op
OverheadActual   4: 1 op, 541.00 ns, 541.0000 ns/op
OverheadActual   5: 1 op, 521.00 ns, 521.0000 ns/op
OverheadActual   6: 1 op, 471.00 ns, 471.0000 ns/op
OverheadActual   7: 1 op, 1272.00 ns, 1.2720 us/op
OverheadActual   8: 1 op, 441.00 ns, 441.0000 ns/op
OverheadActual   9: 1 op, 271.00 ns, 271.0000 ns/op
OverheadActual  10: 1 op, 290.00 ns, 290.0000 ns/op
OverheadActual  11: 1 op, 280.00 ns, 280.0000 ns/op
OverheadActual  12: 1 op, 291.00 ns, 291.0000 ns/op
OverheadActual  13: 1 op, 451.00 ns, 451.0000 ns/op
OverheadActual  14: 1 op, 391.00 ns, 391.0000 ns/op
OverheadActual  15: 1 op, 341.00 ns, 341.0000 ns/op
OverheadActual  16: 1 op, 361.00 ns, 361.0000 ns/op
OverheadActual  17: 1 op, 371.00 ns, 371.0000 ns/op
OverheadActual  18: 1 op, 531.00 ns, 531.0000 ns/op
OverheadActual  19: 1 op, 411.00 ns, 411.0000 ns/op
OverheadActual  20: 1 op, 280.00 ns, 280.0000 ns/op

WorkloadWarmup   1: 1 op, 60696.00 ns, 60.6960 us/op
WorkloadWarmup   2: 1 op, 7544.00 ns, 7.5440 us/op
WorkloadWarmup   3: 1 op, 6683.00 ns, 6.6830 us/op

// BeforeActualRun
WorkloadActual   1: 1 op, 67148.00 ns, 67.1480 us/op
WorkloadActual   2: 1 op, 7254.00 ns, 7.2540 us/op
WorkloadActual   3: 1 op, 7143.00 ns, 7.1430 us/op

// AfterActualRun
WorkloadResult   1: 1 op, 66722.00 ns, 66.7220 us/op
WorkloadResult   2: 1 op, 6828.00 ns, 6.8280 us/op
WorkloadResult   3: 1 op, 6717.00 ns, 6.7170 us/op
// GC:  0 0 0 32192 1
// Threading:  0 0 1

// AfterAll
// Benchmark Process 1641264 has exited with code 0.

Mean = 26.756 us, StdErr = 19.983 us (74.69%), N = 3, StdDev = 34.612 us
Min = 6.717 us, Q1 = 6.772 us, Median = 6.828 us, Q3 = 36.775 us, Max = 66.722 us
IQR = 30.003 us, LowerFence = -38.231 us, UpperFence = 81.779 us
ConfidenceInterval = [-604.694 us; 658.206 us] (CI 99.9%), Margin = 631.450 us (2360.06% of Mean)
Skewness = 0.38, Kurtosis = 0.67, MValue = 2

// ** Remained 22 (61.1%) benchmark(s) to run. Estimated finish 2026-09-22 17:14 (0h 0m from now) **
// **************************
// Benchmark: SessionSetupDecompositionBenchmarks.ComponentA2_SessionDictionaryPreSeed: ShortRun(InvocationCount=1, IterationCount=3, LaunchCount=1, UnrollFactor=1, WarmupCount=3) [Sessions=100]
// *** Execute ***
// Launch: 1 / 1
// Execute: dotnet WinForward.Benchmarks-ShortRun-1.dll --anonymousPipes 123 125 --benchmarkName "WinForward.Benchmarks.Perf.SessionSetupDecompositionBenchmarks.ComponentA2_SessionDictionaryPreSeed(Sessions: 100)" --job ShortRun --benchmarkId 14 in /home/paff/Projects/WinForward/benchmarks/WinForward.Benchmarks/bin/Release/net10.0/WinForward.Benchmarks-ShortRun-1/bin/Release/net10.0
// Failed to set up high priority (Permission denied). In order to run benchmarks with high priority, make sure you have the right permissions.
// BeforeAnythingElse

// Benchmark Process Environment Information:
// BenchmarkDotNet v0.15.8
// Runtime=.NET 10.0.12 (10.0.12, 10.0.1226.42308), X64 RyuJIT x86-64-v4
// GC=Concurrent Workstation
// HardwareIntrinsics=AVX512 BITALG+VBMI2+VNNI+VPOPCNTDQ,AVX512 IFMA+VBMI,AVX512 F+BW+CD+DQ+VL,AVX2+BMI1+BMI2+F16C+FMA+LZCNT+MOVBE,AVX,SSE3+SSSE3+SSE4.1+SSE4.2+POPCNT,X86Base+SSE+SSE2,AES+PCLMUL,AvxVnni VectorSize=256
// Job: ShortRun(InvocationCount=1, IterationCount=3, LaunchCount=1, UnrollFactor=1, WarmupCount=3)

OverheadJitting  1: 1 op, 264156.00 ns, 264.1560 us/op
WorkloadJitting  1: 1 op, 1276694.00 ns, 1.2767 ms/op

OverheadWarmup   1: 1 op, 481.00 ns, 481.0000 ns/op
OverheadWarmup   2: 1 op, 381.00 ns, 381.0000 ns/op
OverheadWarmup   3: 1 op, 371.00 ns, 371.0000 ns/op
OverheadWarmup   4: 1 op, 581.00 ns, 581.0000 ns/op
OverheadWarmup   5: 1 op, 420.00 ns, 420.0000 ns/op
OverheadWarmup   6: 1 op, 381.00 ns, 381.0000 ns/op
OverheadWarmup   7: 1 op, 501.00 ns, 501.0000 ns/op
OverheadWarmup   8: 1 op, 481.00 ns, 481.0000 ns/op

OverheadActual   1: 1 op, 441.00 ns, 441.0000 ns/op
OverheadActual   2: 1 op, 411.00 ns, 411.0000 ns/op
OverheadActual   3: 1 op, 441.00 ns, 441.0000 ns/op
OverheadActual   4: 1 op, 441.00 ns, 441.0000 ns/op
OverheadActual   5: 1 op, 450.00 ns, 450.0000 ns/op
OverheadActual   6: 1 op, 471.00 ns, 471.0000 ns/op
OverheadActual   7: 1 op, 461.00 ns, 461.0000 ns/op
OverheadActual   8: 1 op, 350.00 ns, 350.0000 ns/op
OverheadActual   9: 1 op, 361.00 ns, 361.0000 ns/op
OverheadActual  10: 1 op, 371.00 ns, 371.0000 ns/op
OverheadActual  11: 1 op, 401.00 ns, 401.0000 ns/op
OverheadActual  12: 1 op, 411.00 ns, 411.0000 ns/op
OverheadActual  13: 1 op, 340.00 ns, 340.0000 ns/op
OverheadActual  14: 1 op, 461.00 ns, 461.0000 ns/op
OverheadActual  15: 1 op, 401.00 ns, 401.0000 ns/op
OverheadActual  16: 1 op, 481.00 ns, 481.0000 ns/op
OverheadActual  17: 1 op, 360.00 ns, 360.0000 ns/op
OverheadActual  18: 1 op, 451.00 ns, 451.0000 ns/op
OverheadActual  19: 1 op, 301.00 ns, 301.0000 ns/op
OverheadActual  20: 1 op, 360.00 ns, 360.0000 ns/op

WorkloadWarmup   1: 1 op, 33414.00 ns, 33.4140 us/op
WorkloadWarmup   2: 1 op, 5570.00 ns, 5.5700 us/op
WorkloadWarmup   3: 1 op, 5130.00 ns, 5.1300 us/op

// BeforeActualRun
WorkloadActual   1: 1 op, 44385.00 ns, 44.3850 us/op
WorkloadActual   2: 1 op, 4328.00 ns, 4.3280 us/op
WorkloadActual   3: 1 op, 4068.00 ns, 4.0680 us/op

// AfterActualRun
WorkloadResult   1: 1 op, 43974.00 ns, 43.9740 us/op
WorkloadResult   2: 1 op, 3917.00 ns, 3.9170 us/op
WorkloadResult   3: 1 op, 3657.00 ns, 3.6570 us/op
// GC:  0 0 0 15968 1
// Threading:  0 0 1

// AfterAll
// Benchmark Process 1641273 has exited with code 0.

Mean = 17.183 us, StdErr = 13.396 us (77.96%), N = 3, StdDev = 23.202 us
Min = 3.657 us, Q1 = 3.787 us, Median = 3.917 us, Q3 = 23.945 us, Max = 43.974 us
IQR = 20.159 us, LowerFence = -26.451 us, UpperFence = 54.183 us
ConfidenceInterval = [-406.114 us; 440.480 us] (CI 99.9%), Margin = 423.297 us (2463.51% of Mean)
Skewness = 0.38, Kurtosis = 0.67, MValue = 2

// ** Remained 21 (58.3%) benchmark(s) to run. Estimated finish 2026-09-22 17:14 (0h 0m from now) **
// **************************
// Benchmark: SessionSetupDecompositionBenchmarks.ComponentA3_CooldownTableConstruction: ShortRun(InvocationCount=1, IterationCount=3, LaunchCount=1, UnrollFactor=1, WarmupCount=3) [Sessions=100]
// *** Execute ***
// Launch: 1 / 1
// Execute: dotnet WinForward.Benchmarks-ShortRun-1.dll --anonymousPipes 123 125 --benchmarkName "WinForward.Benchmarks.Perf.SessionSetupDecompositionBenchmarks.ComponentA3_CooldownTableConstruction(Sessions: 100)" --job ShortRun --benchmarkId 15 in /home/paff/Projects/WinForward/benchmarks/WinForward.Benchmarks/bin/Release/net10.0/WinForward.Benchmarks-ShortRun-1/bin/Release/net10.0
// Failed to set up high priority (Permission denied). In order to run benchmarks with high priority, make sure you have the right permissions.
// BeforeAnythingElse

// Benchmark Process Environment Information:
// BenchmarkDotNet v0.15.8
// Runtime=.NET 10.0.12 (10.0.12, 10.0.1226.42308), X64 RyuJIT x86-64-v4
// GC=Concurrent Workstation
// HardwareIntrinsics=AVX512 BITALG+VBMI2+VNNI+VPOPCNTDQ,AVX512 IFMA+VBMI,AVX512 F+BW+CD+DQ+VL,AVX2+BMI1+BMI2+F16C+FMA+LZCNT+MOVBE,AVX,SSE3+SSSE3+SSE4.1+SSE4.2+POPCNT,X86Base+SSE+SSE2,AES+PCLMUL,AvxVnni VectorSize=256
// Job: ShortRun(InvocationCount=1, IterationCount=3, LaunchCount=1, UnrollFactor=1, WarmupCount=3)

OverheadJitting  1: 1 op, 361712.00 ns, 361.7120 us/op
WorkloadJitting  1: 1 op, 1531332.00 ns, 1.5313 ms/op

OverheadWarmup   1: 1 op, 661.00 ns, 661.0000 ns/op
OverheadWarmup   2: 1 op, 301.00 ns, 301.0000 ns/op
OverheadWarmup   3: 1 op, 271.00 ns, 271.0000 ns/op
OverheadWarmup   4: 1 op, 271.00 ns, 271.0000 ns/op
OverheadWarmup   5: 1 op, 481.00 ns, 481.0000 ns/op
OverheadWarmup   6: 1 op, 401.00 ns, 401.0000 ns/op
OverheadWarmup   7: 1 op, 421.00 ns, 421.0000 ns/op

OverheadActual   1: 1 op, 410.00 ns, 410.0000 ns/op
OverheadActual   2: 1 op, 471.00 ns, 471.0000 ns/op
OverheadActual   3: 1 op, 451.00 ns, 451.0000 ns/op
OverheadActual   4: 1 op, 441.00 ns, 441.0000 ns/op
OverheadActual   5: 1 op, 421.00 ns, 421.0000 ns/op
OverheadActual   6: 1 op, 431.00 ns, 431.0000 ns/op
OverheadActual   7: 1 op, 391.00 ns, 391.0000 ns/op
OverheadActual   8: 1 op, 420.00 ns, 420.0000 ns/op
OverheadActual   9: 1 op, 411.00 ns, 411.0000 ns/op
OverheadActual  10: 1 op, 461.00 ns, 461.0000 ns/op
OverheadActual  11: 1 op, 401.00 ns, 401.0000 ns/op
OverheadActual  12: 1 op, 421.00 ns, 421.0000 ns/op
OverheadActual  13: 1 op, 461.00 ns, 461.0000 ns/op
OverheadActual  14: 1 op, 932.00 ns, 932.0000 ns/op
OverheadActual  15: 1 op, 501.00 ns, 501.0000 ns/op
OverheadActual  16: 1 op, 291.00 ns, 291.0000 ns/op
OverheadActual  17: 1 op, 451.00 ns, 451.0000 ns/op
OverheadActual  18: 1 op, 441.00 ns, 441.0000 ns/op
OverheadActual  19: 1 op, 301.00 ns, 301.0000 ns/op
OverheadActual  20: 1 op, 441.00 ns, 441.0000 ns/op

WorkloadWarmup   1: 1 op, 3867.00 ns, 3.8670 us/op
WorkloadWarmup   2: 1 op, 3147.00 ns, 3.1470 us/op
WorkloadWarmup   3: 1 op, 3096.00 ns, 3.0960 us/op

// BeforeActualRun
WorkloadActual   1: 1 op, 16431.00 ns, 16.4310 us/op
WorkloadActual   2: 1 op, 3216.00 ns, 3.2160 us/op
WorkloadActual   3: 1 op, 3076.00 ns, 3.0760 us/op

// AfterActualRun
WorkloadResult   1: 1 op, 15995.00 ns, 15.9950 us/op
WorkloadResult   2: 1 op, 2780.00 ns, 2.7800 us/op
WorkloadResult   3: 1 op, 2640.00 ns, 2.6400 us/op
// GC:  0 0 0 160 1
// Threading:  0 0 1

// AfterAll
// Benchmark Process 1641282 has exited with code 0.

Mean = 7.138 us, StdErr = 4.429 us (62.04%), N = 3, StdDev = 7.670 us
Min = 2.640 us, Q1 = 2.710 us, Median = 2.780 us, Q3 = 9.387 us, Max = 15.995 us
IQR = 6.678 us, LowerFence = -7.306 us, UpperFence = 19.404 us
ConfidenceInterval = [-132.799 us; 147.075 us] (CI 99.9%), Margin = 139.937 us (1960.36% of Mean)
Skewness = 0.38, Kurtosis = 0.67, MValue = 2

// ** Remained 20 (55.6%) benchmark(s) to run. Estimated finish 2026-09-22 17:14 (0h 0m from now) **
// **************************
// Benchmark: SessionSetupDecompositionBenchmarks.ComponentA4_SlotAndQueueObjects: ShortRun(InvocationCount=1, IterationCount=3, LaunchCount=1, UnrollFactor=1, WarmupCount=3) [Sessions=100]
// *** Execute ***
// Launch: 1 / 1
// Execute: dotnet WinForward.Benchmarks-ShortRun-1.dll --anonymousPipes 123 125 --benchmarkName "WinForward.Benchmarks.Perf.SessionSetupDecompositionBenchmarks.ComponentA4_SlotAndQueueObjects(Sessions: 100)" --job ShortRun --benchmarkId 16 in /home/paff/Projects/WinForward/benchmarks/WinForward.Benchmarks/bin/Release/net10.0/WinForward.Benchmarks-ShortRun-1/bin/Release/net10.0
// Failed to set up high priority (Permission denied). In order to run benchmarks with high priority, make sure you have the right permissions.
// BeforeAnythingElse

// Benchmark Process Environment Information:
// BenchmarkDotNet v0.15.8
// Runtime=.NET 10.0.12 (10.0.12, 10.0.1226.42308), X64 RyuJIT x86-64-v4
// GC=Concurrent Workstation
// HardwareIntrinsics=AVX512 BITALG+VBMI2+VNNI+VPOPCNTDQ,AVX512 IFMA+VBMI,AVX512 F+BW+CD+DQ+VL,AVX2+BMI1+BMI2+F16C+FMA+LZCNT+MOVBE,AVX,SSE3+SSSE3+SSE4.1+SSE4.2+POPCNT,X86Base+SSE+SSE2,AES+PCLMUL,AvxVnni VectorSize=256
// Job: ShortRun(InvocationCount=1, IterationCount=3, LaunchCount=1, UnrollFactor=1, WarmupCount=3)

OverheadJitting  1: 1 op, 264897.00 ns, 264.8970 us/op
WorkloadJitting  1: 1 op, 1032947.00 ns, 1.0329 ms/op

OverheadWarmup   1: 1 op, 451.00 ns, 451.0000 ns/op
OverheadWarmup   2: 1 op, 401.00 ns, 401.0000 ns/op
OverheadWarmup   3: 1 op, 391.00 ns, 391.0000 ns/op
OverheadWarmup   4: 1 op, 300.00 ns, 300.0000 ns/op
OverheadWarmup   5: 1 op, 290.00 ns, 290.0000 ns/op
OverheadWarmup   6: 1 op, 421.00 ns, 421.0000 ns/op
OverheadWarmup   7: 1 op, 421.00 ns, 421.0000 ns/op
OverheadWarmup   8: 1 op, 421.00 ns, 421.0000 ns/op
OverheadWarmup   9: 1 op, 280.00 ns, 280.0000 ns/op

OverheadActual   1: 1 op, 450.00 ns, 450.0000 ns/op
OverheadActual   2: 1 op, 451.00 ns, 451.0000 ns/op
OverheadActual   3: 1 op, 942.00 ns, 942.0000 ns/op
OverheadActual   4: 1 op, 461.00 ns, 461.0000 ns/op
OverheadActual   5: 1 op, 451.00 ns, 451.0000 ns/op
OverheadActual   6: 1 op, 291.00 ns, 291.0000 ns/op
OverheadActual   7: 1 op, 270.00 ns, 270.0000 ns/op
OverheadActual   8: 1 op, 280.00 ns, 280.0000 ns/op
OverheadActual   9: 1 op, 270.00 ns, 270.0000 ns/op
OverheadActual  10: 1 op, 281.00 ns, 281.0000 ns/op
OverheadActual  11: 1 op, 280.00 ns, 280.0000 ns/op
OverheadActual  12: 1 op, 501.00 ns, 501.0000 ns/op
OverheadActual  13: 1 op, 431.00 ns, 431.0000 ns/op
OverheadActual  14: 1 op, 290.00 ns, 290.0000 ns/op
OverheadActual  15: 1 op, 271.00 ns, 271.0000 ns/op
OverheadActual  16: 1 op, 460.00 ns, 460.0000 ns/op
OverheadActual  17: 1 op, 401.00 ns, 401.0000 ns/op
OverheadActual  18: 1 op, 421.00 ns, 421.0000 ns/op
OverheadActual  19: 1 op, 361.00 ns, 361.0000 ns/op
OverheadActual  20: 1 op, 491.00 ns, 491.0000 ns/op

WorkloadWarmup   1: 1 op, 37101.00 ns, 37.1010 us/op
WorkloadWarmup   2: 1 op, 8877.00 ns, 8.8770 us/op
WorkloadWarmup   3: 1 op, 7534.00 ns, 7.5340 us/op

// BeforeActualRun
WorkloadActual   1: 1 op, 42160.00 ns, 42.1600 us/op
WorkloadActual   2: 1 op, 31962.00 ns, 31.9620 us/op
WorkloadActual   3: 1 op, 8356.00 ns, 8.3560 us/op

// AfterActualRun
WorkloadResult   1: 1 op, 41749.00 ns, 41.7490 us/op
WorkloadResult   2: 1 op, 31551.00 ns, 31.5510 us/op
WorkloadResult   3: 1 op, 7945.00 ns, 7.9450 us/op
// GC:  0 0 0 12000 1
// Threading:  0 0 1

// AfterAll
// Benchmark Process 1641293 has exited with code 0.

Mean = 27.082 us, StdErr = 10.011 us (36.97%), N = 3, StdDev = 17.340 us
Min = 7.945 us, Q1 = 19.748 us, Median = 31.551 us, Q3 = 36.650 us, Max = 41.749 us
IQR = 16.902 us, LowerFence = -5.605 us, UpperFence = 62.003 us
ConfidenceInterval = [-289.256 us; 343.419 us] (CI 99.9%), Margin = 316.337 us (1168.09% of Mean)
Skewness = -0.24, Kurtosis = 0.67, MValue = 2

// ** Remained 19 (52.8%) benchmark(s) to run. Estimated finish 2026-09-22 17:14 (0h 0m from now) **
// **************************
// Benchmark: SessionSetupDecompositionBenchmarks.ComponentA4b_BoundedSetupQueueObject: ShortRun(InvocationCount=1, IterationCount=3, LaunchCount=1, UnrollFactor=1, WarmupCount=3) [Sessions=100]
// *** Execute ***
// Launch: 1 / 1
// Execute: dotnet WinForward.Benchmarks-ShortRun-1.dll --anonymousPipes 123 125 --benchmarkName "WinForward.Benchmarks.Perf.SessionSetupDecompositionBenchmarks.ComponentA4b_BoundedSetupQueueObject(Sessions: 100)" --job ShortRun --benchmarkId 17 in /home/paff/Projects/WinForward/benchmarks/WinForward.Benchmarks/bin/Release/net10.0/WinForward.Benchmarks-ShortRun-1/bin/Release/net10.0
// Failed to set up high priority (Permission denied). In order to run benchmarks with high priority, make sure you have the right permissions.
// BeforeAnythingElse

// Benchmark Process Environment Information:
// BenchmarkDotNet v0.15.8
// Runtime=.NET 10.0.12 (10.0.12, 10.0.1226.42308), X64 RyuJIT x86-64-v4
// GC=Concurrent Workstation
// HardwareIntrinsics=AVX512 BITALG+VBMI2+VNNI+VPOPCNTDQ,AVX512 IFMA+VBMI,AVX512 F+BW+CD+DQ+VL,AVX2+BMI1+BMI2+F16C+FMA+LZCNT+MOVBE,AVX,SSE3+SSSE3+SSE4.1+SSE4.2+POPCNT,X86Base+SSE+SSE2,AES+PCLMUL,AvxVnni VectorSize=256
// Job: ShortRun(InvocationCount=1, IterationCount=3, LaunchCount=1, UnrollFactor=1, WarmupCount=3)

OverheadJitting  1: 1 op, 274125.00 ns, 274.1250 us/op
WorkloadJitting  1: 1 op, 914721.00 ns, 914.7210 us/op

OverheadWarmup   1: 1 op, 481.00 ns, 481.0000 ns/op
OverheadWarmup   2: 1 op, 571.00 ns, 571.0000 ns/op
OverheadWarmup   3: 1 op, 491.00 ns, 491.0000 ns/op
OverheadWarmup   4: 1 op, 661.00 ns, 661.0000 ns/op
OverheadWarmup   5: 1 op, 521.00 ns, 521.0000 ns/op

OverheadActual   1: 1 op, 612.00 ns, 612.0000 ns/op
OverheadActual   2: 1 op, 491.00 ns, 491.0000 ns/op
OverheadActual   3: 1 op, 591.00 ns, 591.0000 ns/op
OverheadActual   4: 1 op, 511.00 ns, 511.0000 ns/op
OverheadActual   5: 1 op, 491.00 ns, 491.0000 ns/op
OverheadActual   6: 1 op, 481.00 ns, 481.0000 ns/op
OverheadActual   7: 1 op, 561.00 ns, 561.0000 ns/op
OverheadActual   8: 1 op, 481.00 ns, 481.0000 ns/op
OverheadActual   9: 1 op, 441.00 ns, 441.0000 ns/op
OverheadActual  10: 1 op, 470.00 ns, 470.0000 ns/op
OverheadActual  11: 1 op, 521.00 ns, 521.0000 ns/op
OverheadActual  12: 1 op, 461.00 ns, 461.0000 ns/op
OverheadActual  13: 1 op, 501.00 ns, 501.0000 ns/op
OverheadActual  14: 1 op, 291.00 ns, 291.0000 ns/op
OverheadActual  15: 1 op, 381.00 ns, 381.0000 ns/op
OverheadActual  16: 1 op, 270.00 ns, 270.0000 ns/op
OverheadActual  17: 1 op, 441.00 ns, 441.0000 ns/op
OverheadActual  18: 1 op, 341.00 ns, 341.0000 ns/op
OverheadActual  19: 1 op, 330.00 ns, 330.0000 ns/op
OverheadActual  20: 1 op, 341.00 ns, 341.0000 ns/op

WorkloadWarmup   1: 1 op, 7875.00 ns, 7.8750 us/op
WorkloadWarmup   2: 1 op, 8125.00 ns, 8.1250 us/op
WorkloadWarmup   3: 1 op, 7755.00 ns, 7.7550 us/op

// BeforeActualRun
WorkloadActual   1: 1 op, 7845.00 ns, 7.8450 us/op
WorkloadActual   2: 1 op, 7895.00 ns, 7.8950 us/op
WorkloadActual   3: 1 op, 7795.00 ns, 7.7950 us/op

// AfterActualRun
WorkloadResult   1: 1 op, 7369.50 ns, 7.3695 us/op
WorkloadResult   2: 1 op, 7419.50 ns, 7.4195 us/op
WorkloadResult   3: 1 op, 7319.50 ns, 7.3195 us/op
// GC:  0 0 0 0 1
// Threading:  0 0 1

// AfterAll
// Benchmark Process 1641302 has exited with code 0.

Mean = 7.370 us, StdErr = 0.029 us (0.39%), N = 3, StdDev = 0.050 us
Min = 7.319 us, Q1 = 7.345 us, Median = 7.370 us, Q3 = 7.394 us, Max = 7.420 us
IQR = 0.050 us, LowerFence = 7.269 us, UpperFence = 7.470 us
ConfidenceInterval = [6.457 us; 8.282 us] (CI 99.9%), Margin = 0.912 us (12.38% of Mean)
Skewness = 0, Kurtosis = 0.67, MValue = 2

// ** Remained 18 (50.0%) benchmark(s) to run. Estimated finish 2026-09-22 17:14 (0h 0m from now) **
// **************************
// Benchmark: SessionSetupDecompositionBenchmarks.ComponentA5_CompletionCell: ShortRun(InvocationCount=1, IterationCount=3, LaunchCount=1, UnrollFactor=1, WarmupCount=3) [Sessions=100]
// *** Execute ***
// Launch: 1 / 1
// Execute: dotnet WinForward.Benchmarks-ShortRun-1.dll --anonymousPipes 123 125 --benchmarkName "WinForward.Benchmarks.Perf.SessionSetupDecompositionBenchmarks.ComponentA5_CompletionCell(Sessions: 100)" --job ShortRun --benchmarkId 18 in /home/paff/Projects/WinForward/benchmarks/WinForward.Benchmarks/bin/Release/net10.0/WinForward.Benchmarks-ShortRun-1/bin/Release/net10.0
// Failed to set up high priority (Permission denied). In order to run benchmarks with high priority, make sure you have the right permissions.
// BeforeAnythingElse

// Benchmark Process Environment Information:
// BenchmarkDotNet v0.15.8
// Runtime=.NET 10.0.12 (10.0.12, 10.0.1226.42308), X64 RyuJIT x86-64-v4
// GC=Concurrent Workstation
// HardwareIntrinsics=AVX512 BITALG+VBMI2+VNNI+VPOPCNTDQ,AVX512 IFMA+VBMI,AVX512 F+BW+CD+DQ+VL,AVX2+BMI1+BMI2+F16C+FMA+LZCNT+MOVBE,AVX,SSE3+SSSE3+SSE4.1+SSE4.2+POPCNT,X86Base+SSE+SSE2,AES+PCLMUL,AvxVnni VectorSize=256
// Job: ShortRun(InvocationCount=1, IterationCount=3, LaunchCount=1, UnrollFactor=1, WarmupCount=3)

OverheadJitting  1: 1 op, 294113.00 ns, 294.1130 us/op
WorkloadJitting  1: 1 op, 741850.00 ns, 741.8500 us/op

OverheadWarmup   1: 1 op, 441.00 ns, 441.0000 ns/op
OverheadWarmup   2: 1 op, 281.00 ns, 281.0000 ns/op
OverheadWarmup   3: 1 op, 440.00 ns, 440.0000 ns/op
OverheadWarmup   4: 1 op, 501.00 ns, 501.0000 ns/op
OverheadWarmup   5: 1 op, 311.00 ns, 311.0000 ns/op
OverheadWarmup   6: 1 op, 501.00 ns, 501.0000 ns/op
OverheadWarmup   7: 1 op, 351.00 ns, 351.0000 ns/op

OverheadActual   1: 1 op, 421.00 ns, 421.0000 ns/op
OverheadActual   2: 1 op, 831.00 ns, 831.0000 ns/op
OverheadActual   3: 1 op, 491.00 ns, 491.0000 ns/op
OverheadActual   4: 1 op, 441.00 ns, 441.0000 ns/op
OverheadActual   5: 1 op, 672.00 ns, 672.0000 ns/op
OverheadActual   6: 1 op, 471.00 ns, 471.0000 ns/op
OverheadActual   7: 1 op, 501.00 ns, 501.0000 ns/op
OverheadActual   8: 1 op, 300.00 ns, 300.0000 ns/op
OverheadActual   9: 1 op, 290.00 ns, 290.0000 ns/op
OverheadActual  10: 1 op, 501.00 ns, 501.0000 ns/op
OverheadActual  11: 1 op, 340.00 ns, 340.0000 ns/op
OverheadActual  12: 1 op, 581.00 ns, 581.0000 ns/op
OverheadActual  13: 1 op, 351.00 ns, 351.0000 ns/op
OverheadActual  14: 1 op, 501.00 ns, 501.0000 ns/op
OverheadActual  15: 1 op, 281.00 ns, 281.0000 ns/op
OverheadActual  16: 1 op, 290.00 ns, 290.0000 ns/op
OverheadActual  17: 1 op, 501.00 ns, 501.0000 ns/op
OverheadActual  18: 1 op, 471.00 ns, 471.0000 ns/op
OverheadActual  19: 1 op, 330.00 ns, 330.0000 ns/op
OverheadActual  20: 1 op, 340.00 ns, 340.0000 ns/op

WorkloadWarmup   1: 1 op, 36941.00 ns, 36.9410 us/op
WorkloadWarmup   2: 1 op, 9198.00 ns, 9.1980 us/op
WorkloadWarmup   3: 1 op, 8256.00 ns, 8.2560 us/op

// BeforeActualRun
WorkloadActual   1: 1 op, 50156.00 ns, 50.1560 us/op
WorkloadActual   2: 1 op, 7464.00 ns, 7.4640 us/op
WorkloadActual   3: 1 op, 7053.00 ns, 7.0530 us/op

// AfterActualRun
WorkloadResult   1: 1 op, 49700.00 ns, 49.7000 us/op
WorkloadResult   2: 1 op, 7008.00 ns, 7.0080 us/op
WorkloadResult   3: 1 op, 6597.00 ns, 6.5970 us/op
// GC:  0 0 0 8800 1
// Threading:  0 0 1

// AfterAll
// Benchmark Process 1641311 has exited with code 0.

Mean = 21.102 us, StdErr = 14.300 us (67.77%), N = 3, StdDev = 24.768 us
Min = 6.597 us, Q1 = 6.803 us, Median = 7.008 us, Q3 = 28.354 us, Max = 49.700 us
IQR = 21.552 us, LowerFence = -25.525 us, UpperFence = 60.681 us
ConfidenceInterval = [-430.754 us; 472.957 us] (CI 99.9%), Margin = 451.856 us (2141.33% of Mean)
Skewness = 0.38, Kurtosis = 0.67, MValue = 2

// ** Remained 17 (47.2%) benchmark(s) to run. Estimated finish 2026-09-22 17:14 (0h 0m from now) **
// **************************
// Benchmark: SessionSetupDecompositionBenchmarks.ComponentA6_ColdRent: ShortRun(InvocationCount=1, IterationCount=3, LaunchCount=1, UnrollFactor=1, WarmupCount=3) [Sessions=100]
// *** Execute ***
// Launch: 1 / 1
// Execute: dotnet WinForward.Benchmarks-ShortRun-1.dll --anonymousPipes 123 125 --benchmarkName "WinForward.Benchmarks.Perf.SessionSetupDecompositionBenchmarks.ComponentA6_ColdRent(Sessions: 100)" --job ShortRun --benchmarkId 19 in /home/paff/Projects/WinForward/benchmarks/WinForward.Benchmarks/bin/Release/net10.0/WinForward.Benchmarks-ShortRun-1/bin/Release/net10.0
// Failed to set up high priority (Permission denied). In order to run benchmarks with high priority, make sure you have the right permissions.
// BeforeAnythingElse

// Benchmark Process Environment Information:
// BenchmarkDotNet v0.15.8
// Runtime=.NET 10.0.12 (10.0.12, 10.0.1226.42308), X64 RyuJIT x86-64-v4
// GC=Concurrent Workstation
// HardwareIntrinsics=AVX512 BITALG+VBMI2+VNNI+VPOPCNTDQ,AVX512 IFMA+VBMI,AVX512 F+BW+CD+DQ+VL,AVX2+BMI1+BMI2+F16C+FMA+LZCNT+MOVBE,AVX,SSE3+SSSE3+SSE4.1+SSE4.2+POPCNT,X86Base+SSE+SSE2,AES+PCLMUL,AvxVnni VectorSize=256
// Job: ShortRun(InvocationCount=1, IterationCount=3, LaunchCount=1, UnrollFactor=1, WarmupCount=3)

OverheadJitting  1: 1 op, 258485.00 ns, 258.4850 us/op
WorkloadJitting  1: 1 op, 2117984.00 ns, 2.1180 ms/op

OverheadWarmup   1: 1 op, 23515.00 ns, 23.5150 us/op
OverheadWarmup   2: 1 op, 451.00 ns, 451.0000 ns/op
OverheadWarmup   3: 1 op, 400.00 ns, 400.0000 ns/op
OverheadWarmup   4: 1 op, 471.00 ns, 471.0000 ns/op
OverheadWarmup   5: 1 op, 491.00 ns, 491.0000 ns/op
OverheadWarmup   6: 1 op, 431.00 ns, 431.0000 ns/op
OverheadWarmup   7: 1 op, 371.00 ns, 371.0000 ns/op
OverheadWarmup   8: 1 op, 391.00 ns, 391.0000 ns/op
OverheadWarmup   9: 1 op, 471.00 ns, 471.0000 ns/op
OverheadWarmup  10: 1 op, 371.00 ns, 371.0000 ns/op

OverheadActual   1: 1 op, 341.00 ns, 341.0000 ns/op
OverheadActual   2: 1 op, 411.00 ns, 411.0000 ns/op
OverheadActual   3: 1 op, 371.00 ns, 371.0000 ns/op
OverheadActual   4: 1 op, 431.00 ns, 431.0000 ns/op
OverheadActual   5: 1 op, 290.00 ns, 290.0000 ns/op
OverheadActual   6: 1 op, 491.00 ns, 491.0000 ns/op
OverheadActual   7: 1 op, 441.00 ns, 441.0000 ns/op
OverheadActual   8: 1 op, 471.00 ns, 471.0000 ns/op
OverheadActual   9: 1 op, 461.00 ns, 461.0000 ns/op
OverheadActual  10: 1 op, 461.00 ns, 461.0000 ns/op
OverheadActual  11: 1 op, 291.00 ns, 291.0000 ns/op
OverheadActual  12: 1 op, 301.00 ns, 301.0000 ns/op
OverheadActual  13: 1 op, 300.00 ns, 300.0000 ns/op
OverheadActual  14: 1 op, 291.00 ns, 291.0000 ns/op
OverheadActual  15: 1 op, 291.00 ns, 291.0000 ns/op
OverheadActual  16: 1 op, 241.00 ns, 241.0000 ns/op
OverheadActual  17: 1 op, 491.00 ns, 491.0000 ns/op
OverheadActual  18: 1 op, 451.00 ns, 451.0000 ns/op
OverheadActual  19: 1 op, 451.00 ns, 451.0000 ns/op
OverheadActual  20: 1 op, 450.00 ns, 450.0000 ns/op

WorkloadWarmup   1: 1 op, 99821.00 ns, 99.8210 us/op
WorkloadWarmup   2: 1 op, 35518.00 ns, 35.5180 us/op
WorkloadWarmup   3: 1 op, 15239.00 ns, 15.2390 us/op

// BeforeActualRun
WorkloadActual   1: 1 op, 67219.00 ns, 67.2190 us/op
WorkloadActual   2: 1 op, 14137.00 ns, 14.1370 us/op
WorkloadActual   3: 1 op, 15670.00 ns, 15.6700 us/op

// AfterActualRun
WorkloadResult   1: 1 op, 66798.00 ns, 66.7980 us/op
WorkloadResult   2: 1 op, 13716.00 ns, 13.7160 us/op
WorkloadResult   3: 1 op, 15249.00 ns, 15.2490 us/op
// GC:  0 0 0 29176 1
// Threading:  0 0 1

// AfterAll
// Benchmark Process 1641325 has exited with code 0.

Mean = 31.921 us, StdErr = 17.444 us (54.65%), N = 3, StdDev = 30.214 us
Min = 13.716 us, Q1 = 14.482 us, Median = 15.249 us, Q3 = 41.023 us, Max = 66.798 us
IQR = 26.541 us, LowerFence = -25.329 us, UpperFence = 80.835 us
ConfidenceInterval = [-519.297 us; 583.139 us] (CI 99.9%), Margin = 551.218 us (1726.82% of Mean)
Skewness = 0.38, Kurtosis = 0.67, MValue = 2

// ** Remained 16 (44.4%) benchmark(s) to run. Estimated finish 2026-09-22 17:14 (0h 0m from now) **
// **************************
// Benchmark: SessionSetupDecompositionBenchmarks.ComponentA7_EnqueueCycle: ShortRun(InvocationCount=1, IterationCount=3, LaunchCount=1, UnrollFactor=1, WarmupCount=3) [Sessions=100]
// *** Execute ***
// Launch: 1 / 1
// Execute: dotnet WinForward.Benchmarks-ShortRun-1.dll --anonymousPipes 123 125 --benchmarkName "WinForward.Benchmarks.Perf.SessionSetupDecompositionBenchmarks.ComponentA7_EnqueueCycle(Sessions: 100)" --job ShortRun --benchmarkId 20 in /home/paff/Projects/WinForward/benchmarks/WinForward.Benchmarks/bin/Release/net10.0/WinForward.Benchmarks-ShortRun-1/bin/Release/net10.0
// Failed to set up high priority (Permission denied). In order to run benchmarks with high priority, make sure you have the right permissions.
// BeforeAnythingElse

// Benchmark Process Environment Information:
// BenchmarkDotNet v0.15.8
// Runtime=.NET 10.0.12 (10.0.12, 10.0.1226.42308), X64 RyuJIT x86-64-v4
// GC=Concurrent Workstation
// HardwareIntrinsics=AVX512 BITALG+VBMI2+VNNI+VPOPCNTDQ,AVX512 IFMA+VBMI,AVX512 F+BW+CD+DQ+VL,AVX2+BMI1+BMI2+F16C+FMA+LZCNT+MOVBE,AVX,SSE3+SSSE3+SSE4.1+SSE4.2+POPCNT,X86Base+SSE+SSE2,AES+PCLMUL,AvxVnni VectorSize=256
// Job: ShortRun(InvocationCount=1, IterationCount=3, LaunchCount=1, UnrollFactor=1, WarmupCount=3)

OverheadJitting  1: 1 op, 260799.00 ns, 260.7990 us/op
WorkloadJitting  1: 1 op, 4747046.00 ns, 4.7470 ms/op

OverheadWarmup   1: 1 op, 701.00 ns, 701.0000 ns/op
OverheadWarmup   2: 1 op, 481.00 ns, 481.0000 ns/op
OverheadWarmup   3: 1 op, 281.00 ns, 281.0000 ns/op
OverheadWarmup   4: 1 op, 481.00 ns, 481.0000 ns/op
OverheadWarmup   5: 1 op, 280.00 ns, 280.0000 ns/op
OverheadWarmup   6: 1 op, 280.00 ns, 280.0000 ns/op
OverheadWarmup   7: 1 op, 270.00 ns, 270.0000 ns/op

OverheadActual   1: 1 op, 441.00 ns, 441.0000 ns/op
OverheadActual   2: 1 op, 461.00 ns, 461.0000 ns/op
OverheadActual   3: 1 op, 471.00 ns, 471.0000 ns/op
OverheadActual   4: 1 op, 491.00 ns, 491.0000 ns/op
OverheadActual   5: 1 op, 461.00 ns, 461.0000 ns/op
OverheadActual   6: 1 op, 281.00 ns, 281.0000 ns/op
OverheadActual   7: 1 op, 271.00 ns, 271.0000 ns/op
OverheadActual   8: 1 op, 270.00 ns, 270.0000 ns/op
OverheadActual   9: 1 op, 491.00 ns, 491.0000 ns/op
OverheadActual  10: 1 op, 280.00 ns, 280.0000 ns/op
OverheadActual  11: 1 op, 350.00 ns, 350.0000 ns/op
OverheadActual  12: 1 op, 271.00 ns, 271.0000 ns/op
OverheadActual  13: 1 op, 281.00 ns, 281.0000 ns/op
OverheadActual  14: 1 op, 281.00 ns, 281.0000 ns/op
OverheadActual  15: 1 op, 281.00 ns, 281.0000 ns/op
OverheadActual  16: 1 op, 491.00 ns, 491.0000 ns/op
OverheadActual  17: 1 op, 281.00 ns, 281.0000 ns/op
OverheadActual  18: 1 op, 380.00 ns, 380.0000 ns/op
OverheadActual  19: 1 op, 501.00 ns, 501.0000 ns/op
OverheadActual  20: 1 op, 491.00 ns, 491.0000 ns/op

WorkloadWarmup   1: 1 op, 47230.00 ns, 47.2300 us/op
WorkloadWarmup   2: 1 op, 35398.00 ns, 35.3980 us/op
WorkloadWarmup   3: 1 op, 37081.00 ns, 37.0810 us/op

// BeforeActualRun
WorkloadActual   1: 1 op, 35979.00 ns, 35.9790 us/op
WorkloadActual   2: 1 op, 34827.00 ns, 34.8270 us/op
WorkloadActual   3: 1 op, 33544.00 ns, 33.5440 us/op

// AfterActualRun
WorkloadResult   1: 1 op, 35614.00 ns, 35.6140 us/op
WorkloadResult   2: 1 op, 34462.00 ns, 34.4620 us/op
WorkloadResult   3: 1 op, 33179.00 ns, 33.1790 us/op
// GC:  0 0 0 1816 1
// Threading:  0 0 1

// AfterAll
// Benchmark Process 1641334 has exited with code 0.

Mean = 34.418 us, StdErr = 0.703 us (2.04%), N = 3, StdDev = 1.218 us
Min = 33.179 us, Q1 = 33.821 us, Median = 34.462 us, Q3 = 35.038 us, Max = 35.614 us
IQR = 1.218 us, LowerFence = 31.994 us, UpperFence = 36.864 us
ConfidenceInterval = [12.196 us; 56.641 us] (CI 99.9%), Margin = 22.222 us (64.57% of Mean)
Skewness = -0.04, Kurtosis = 0.67, MValue = 2

// ** Remained 15 (41.7%) benchmark(s) to run. Estimated finish 2026-09-22 17:14 (0h 0m from now) **
// **************************
// Benchmark: SessionSetupDecompositionBenchmarks.ComponentA8_WarmRentAdmissionAsync: ShortRun(InvocationCount=1, IterationCount=3, LaunchCount=1, UnrollFactor=1, WarmupCount=3) [Sessions=100]
// *** Execute ***
// Launch: 1 / 1
// Execute: dotnet WinForward.Benchmarks-ShortRun-1.dll --anonymousPipes 123 125 --benchmarkName "WinForward.Benchmarks.Perf.SessionSetupDecompositionBenchmarks.ComponentA8_WarmRentAdmissionAsync(Sessions: 100)" --job ShortRun --benchmarkId 21 in /home/paff/Projects/WinForward/benchmarks/WinForward.Benchmarks/bin/Release/net10.0/WinForward.Benchmarks-ShortRun-1/bin/Release/net10.0
// Failed to set up high priority (Permission denied). In order to run benchmarks with high priority, make sure you have the right permissions.
// BeforeAnythingElse

// Benchmark Process Environment Information:
// BenchmarkDotNet v0.15.8
// Runtime=.NET 10.0.12 (10.0.12, 10.0.1226.42308), X64 RyuJIT x86-64-v4
// GC=Concurrent Workstation
// HardwareIntrinsics=AVX512 BITALG+VBMI2+VNNI+VPOPCNTDQ,AVX512 IFMA+VBMI,AVX512 F+BW+CD+DQ+VL,AVX2+BMI1+BMI2+F16C+FMA+LZCNT+MOVBE,AVX,SSE3+SSSE3+SSE4.1+SSE4.2+POPCNT,X86Base+SSE+SSE2,AES+PCLMUL,AvxVnni VectorSize=256
// Job: ShortRun(InvocationCount=1, IterationCount=3, LaunchCount=1, UnrollFactor=1, WarmupCount=3)

OverheadJitting  1: 1 op, 467304.00 ns, 467.3040 us/op
WorkloadJitting  1: 1 op, 24560605.00 ns, 24.5606 ms/op

OverheadWarmup   1: 1 op, 631.00 ns, 631.0000 ns/op
OverheadWarmup   2: 1 op, 521.00 ns, 521.0000 ns/op
OverheadWarmup   3: 1 op, 581.00 ns, 581.0000 ns/op
OverheadWarmup   4: 1 op, 380.00 ns, 380.0000 ns/op
OverheadWarmup   5: 1 op, 561.00 ns, 561.0000 ns/op
OverheadWarmup   6: 1 op, 541.00 ns, 541.0000 ns/op

OverheadActual   1: 1 op, 541.00 ns, 541.0000 ns/op
OverheadActual   2: 1 op, 1052.00 ns, 1.0520 us/op
OverheadActual   3: 1 op, 1052.00 ns, 1.0520 us/op
OverheadActual   4: 1 op, 951.00 ns, 951.0000 ns/op
OverheadActual   5: 1 op, 581.00 ns, 581.0000 ns/op
OverheadActual   6: 1 op, 1092.00 ns, 1.0920 us/op
OverheadActual   7: 1 op, 601.00 ns, 601.0000 ns/op
OverheadActual   8: 1 op, 681.00 ns, 681.0000 ns/op
OverheadActual   9: 1 op, 982.00 ns, 982.0000 ns/op
OverheadActual  10: 1 op, 451.00 ns, 451.0000 ns/op
OverheadActual  11: 1 op, 441.00 ns, 441.0000 ns/op
OverheadActual  12: 1 op, 922.00 ns, 922.0000 ns/op
OverheadActual  13: 1 op, 771.00 ns, 771.0000 ns/op
OverheadActual  14: 1 op, 591.00 ns, 591.0000 ns/op
OverheadActual  15: 1 op, 591.00 ns, 591.0000 ns/op
OverheadActual  16: 1 op, 571.00 ns, 571.0000 ns/op
OverheadActual  17: 1 op, 782.00 ns, 782.0000 ns/op
OverheadActual  18: 1 op, 801.00 ns, 801.0000 ns/op
OverheadActual  19: 1 op, 461.00 ns, 461.0000 ns/op
OverheadActual  20: 1 op, 450.00 ns, 450.0000 ns/op

WorkloadWarmup   1: 1 op, 486602.00 ns, 486.6020 us/op
WorkloadWarmup   2: 1 op, 243426.00 ns, 243.4260 us/op
WorkloadWarmup   3: 1 op, 231012.00 ns, 231.0120 us/op

// BeforeActualRun
WorkloadActual   1: 1 op, 346493.00 ns, 346.4930 us/op
WorkloadActual   2: 1 op, 267773.00 ns, 267.7730 us/op
WorkloadActual   3: 1 op, 225091.00 ns, 225.0910 us/op

// AfterActualRun
WorkloadResult   1: 1 op, 345852.00 ns, 345.8520 us/op
WorkloadResult   2: 1 op, 267132.00 ns, 267.1320 us/op
WorkloadResult   3: 1 op, 224450.00 ns, 224.4500 us/op
// GC:  0 0 0 106584 1
// Threading:  0 0 1

// AfterAll
// Benchmark Process 1641344 has exited with code 0.

Mean = 279.145 us, StdErr = 35.557 us (12.74%), N = 3, StdDev = 61.586 us
Min = 224.450 us, Q1 = 245.791 us, Median = 267.132 us, Q3 = 306.492 us, Max = 345.852 us
IQR = 60.701 us, LowerFence = 154.739 us, UpperFence = 397.543 us
ConfidenceInterval = [-844.414 us; 1,402.703 us] (CI 99.9%), Margin = 1,123.559 us (402.50% of Mean)
Skewness = 0.19, Kurtosis = 0.67, MValue = 2

// ** Remained 14 (38.9%) benchmark(s) to run. Estimated finish 2026-09-22 17:14 (0h 0m from now) **
// **************************
// Benchmark: SessionSetupDecompositionBenchmarks.ComponentA9a_DictionaryGrowthSpansResize: ShortRun(InvocationCount=1, IterationCount=3, LaunchCount=1, UnrollFactor=1, WarmupCount=3) [Sessions=100]
// *** Execute ***
// Launch: 1 / 1
// Execute: dotnet WinForward.Benchmarks-ShortRun-1.dll --anonymousPipes 123 125 --benchmarkName "WinForward.Benchmarks.Perf.SessionSetupDecompositionBenchmarks.ComponentA9a_DictionaryGrowthSpansResize(Sessions: 100)" --job ShortRun --benchmarkId 22 in /home/paff/Projects/WinForward/benchmarks/WinForward.Benchmarks/bin/Release/net10.0/WinForward.Benchmarks-ShortRun-1/bin/Release/net10.0
// Failed to set up high priority (Permission denied). In order to run benchmarks with high priority, make sure you have the right permissions.
// BeforeAnythingElse

// Benchmark Process Environment Information:
// BenchmarkDotNet v0.15.8
// Runtime=.NET 10.0.12 (10.0.12, 10.0.1226.42308), X64 RyuJIT x86-64-v4
// GC=Concurrent Workstation
// HardwareIntrinsics=AVX512 BITALG+VBMI2+VNNI+VPOPCNTDQ,AVX512 IFMA+VBMI,AVX512 F+BW+CD+DQ+VL,AVX2+BMI1+BMI2+F16C+FMA+LZCNT+MOVBE,AVX,SSE3+SSSE3+SSE4.1+SSE4.2+POPCNT,X86Base+SSE+SSE2,AES+PCLMUL,AvxVnni VectorSize=256
// Job: ShortRun(InvocationCount=1, IterationCount=3, LaunchCount=1, UnrollFactor=1, WarmupCount=3)

OverheadJitting  1: 1 op, 295455.00 ns, 295.4550 us/op
WorkloadJitting  1: 1 op, 12837679.00 ns, 12.8377 ms/op

OverheadWarmup   1: 1 op, 912.00 ns, 912.0000 ns/op
OverheadWarmup   2: 1 op, 702.00 ns, 702.0000 ns/op
OverheadWarmup   3: 1 op, 611.00 ns, 611.0000 ns/op
OverheadWarmup   4: 1 op, 591.00 ns, 591.0000 ns/op
OverheadWarmup   5: 1 op, 531.00 ns, 531.0000 ns/op
OverheadWarmup   6: 1 op, 671.00 ns, 671.0000 ns/op
OverheadWarmup   7: 1 op, 641.00 ns, 641.0000 ns/op
OverheadWarmup   8: 1 op, 501.00 ns, 501.0000 ns/op
OverheadWarmup   9: 1 op, 612.00 ns, 612.0000 ns/op
OverheadWarmup  10: 1 op, 901.00 ns, 901.0000 ns/op

OverheadActual   1: 1 op, 591.00 ns, 591.0000 ns/op
OverheadActual   2: 1 op, 732.00 ns, 732.0000 ns/op
OverheadActual   3: 1 op, 601.00 ns, 601.0000 ns/op
OverheadActual   4: 1 op, 641.00 ns, 641.0000 ns/op
OverheadActual   5: 1 op, 611.00 ns, 611.0000 ns/op
OverheadActual   6: 1 op, 511.00 ns, 511.0000 ns/op
OverheadActual   7: 1 op, 591.00 ns, 591.0000 ns/op
OverheadActual   8: 1 op, 581.00 ns, 581.0000 ns/op
OverheadActual   9: 1 op, 591.00 ns, 591.0000 ns/op
OverheadActual  10: 1 op, 521.00 ns, 521.0000 ns/op
OverheadActual  11: 1 op, 551.00 ns, 551.0000 ns/op
OverheadActual  12: 1 op, 581.00 ns, 581.0000 ns/op
OverheadActual  13: 1 op, 531.00 ns, 531.0000 ns/op
OverheadActual  14: 1 op, 592.00 ns, 592.0000 ns/op
OverheadActual  15: 1 op, 531.00 ns, 531.0000 ns/op
OverheadActual  16: 1 op, 721.00 ns, 721.0000 ns/op
OverheadActual  17: 1 op, 511.00 ns, 511.0000 ns/op
OverheadActual  18: 1 op, 521.00 ns, 521.0000 ns/op
OverheadActual  19: 1 op, 521.00 ns, 521.0000 ns/op
OverheadActual  20: 1 op, 501.00 ns, 501.0000 ns/op

WorkloadWarmup   1: 1 op, 2754662.00 ns, 2.7547 ms/op
WorkloadWarmup   2: 1 op, 1972185.00 ns, 1.9722 ms/op
WorkloadWarmup   3: 1 op, 1850681.00 ns, 1.8507 ms/op

// BeforeActualRun
WorkloadActual   1: 1 op, 6075888.00 ns, 6.0759 ms/op
WorkloadActual   2: 1 op, 1882043.00 ns, 1.8820 ms/op
WorkloadActual   3: 1 op, 2067056.00 ns, 2.0671 ms/op

// AfterActualRun
WorkloadResult   1: 1 op, 6075307.00 ns, 6.0753 ms/op
WorkloadResult   2: 1 op, 1881462.00 ns, 1.8815 ms/op
WorkloadResult   3: 1 op, 2066475.00 ns, 2.0665 ms/op
// GC:  0 0 0 950560 1
// Threading:  0 0 1

// AfterAll
// Benchmark Process 1641356 has exited with code 0.

Mean = 3.341 ms, StdErr = 1.368 ms (40.95%), N = 3, StdDev = 2.370 ms
Min = 1.881 ms, Q1 = 1.974 ms, Median = 2.066 ms, Q3 = 4.071 ms, Max = 6.075 ms
IQR = 2.097 ms, LowerFence = -1.171 ms, UpperFence = 7.216 ms
ConfidenceInterval = [-39.891 ms; 46.574 ms] (CI 99.9%), Margin = 43.232 ms (1293.97% of Mean)
Skewness = 0.38, Kurtosis = 0.67, MValue = 2

// ** Remained 13 (36.1%) benchmark(s) to run. Estimated finish 2026-09-22 17:14 (0h 0m from now) **
// **************************
// Benchmark: SessionSetupDecompositionBenchmarks.ComponentA9b_DictionaryGrowthNoResize: ShortRun(InvocationCount=1, IterationCount=3, LaunchCount=1, UnrollFactor=1, WarmupCount=3) [Sessions=100]
// *** Execute ***
// Launch: 1 / 1
// Execute: dotnet WinForward.Benchmarks-ShortRun-1.dll --anonymousPipes 123 125 --benchmarkName "WinForward.Benchmarks.Perf.SessionSetupDecompositionBenchmarks.ComponentA9b_DictionaryGrowthNoResize(Sessions: 100)" --job ShortRun --benchmarkId 23 in /home/paff/Projects/WinForward/benchmarks/WinForward.Benchmarks/bin/Release/net10.0/WinForward.Benchmarks-ShortRun-1/bin/Release/net10.0
// Failed to set up high priority (Permission denied). In order to run benchmarks with high priority, make sure you have the right permissions.
// BeforeAnythingElse

// Benchmark Process Environment Information:
// BenchmarkDotNet v0.15.8
// Runtime=.NET 10.0.12 (10.0.12, 10.0.1226.42308), X64 RyuJIT x86-64-v4
// GC=Concurrent Workstation
// HardwareIntrinsics=AVX512 BITALG+VBMI2+VNNI+VPOPCNTDQ,AVX512 IFMA+VBMI,AVX512 F+BW+CD+DQ+VL,AVX2+BMI1+BMI2+F16C+FMA+LZCNT+MOVBE,AVX,SSE3+SSSE3+SSE4.1+SSE4.2+POPCNT,X86Base+SSE+SSE2,AES+PCLMUL,AvxVnni VectorSize=256
// Job: ShortRun(InvocationCount=1, IterationCount=3, LaunchCount=1, UnrollFactor=1, WarmupCount=3)

OverheadJitting  1: 1 op, 307028.00 ns, 307.0280 us/op
WorkloadJitting  1: 1 op, 13071842.00 ns, 13.0718 ms/op

OverheadWarmup   1: 1 op, 491.00 ns, 491.0000 ns/op
OverheadWarmup   2: 1 op, 481.00 ns, 481.0000 ns/op
OverheadWarmup   3: 1 op, 491.00 ns, 491.0000 ns/op
OverheadWarmup   4: 1 op, 451.00 ns, 451.0000 ns/op
OverheadWarmup   5: 1 op, 481.00 ns, 481.0000 ns/op
OverheadWarmup   6: 1 op, 521.00 ns, 521.0000 ns/op
OverheadWarmup   7: 1 op, 461.00 ns, 461.0000 ns/op

OverheadActual   1: 1 op, 461.00 ns, 461.0000 ns/op
OverheadActual   2: 1 op, 461.00 ns, 461.0000 ns/op
OverheadActual   3: 1 op, 431.00 ns, 431.0000 ns/op
OverheadActual   4: 1 op, 491.00 ns, 491.0000 ns/op
OverheadActual   5: 1 op, 340.00 ns, 340.0000 ns/op
OverheadActual   6: 1 op, 511.00 ns, 511.0000 ns/op
OverheadActual   7: 1 op, 390.00 ns, 390.0000 ns/op
OverheadActual   8: 1 op, 400.00 ns, 400.0000 ns/op
OverheadActual   9: 1 op, 521.00 ns, 521.0000 ns/op
OverheadActual  10: 1 op, 411.00 ns, 411.0000 ns/op
OverheadActual  11: 1 op, 1292.00 ns, 1.2920 us/op
OverheadActual  12: 1 op, 531.00 ns, 531.0000 ns/op
OverheadActual  13: 1 op, 511.00 ns, 511.0000 ns/op
OverheadActual  14: 1 op, 491.00 ns, 491.0000 ns/op
OverheadActual  15: 1 op, 491.00 ns, 491.0000 ns/op
OverheadActual  16: 1 op, 531.00 ns, 531.0000 ns/op
OverheadActual  17: 1 op, 461.00 ns, 461.0000 ns/op
OverheadActual  18: 1 op, 501.00 ns, 501.0000 ns/op
OverheadActual  19: 1 op, 471.00 ns, 471.0000 ns/op
OverheadActual  20: 1 op, 471.00 ns, 471.0000 ns/op

WorkloadWarmup   1: 1 op, 2473774.00 ns, 2.4738 ms/op
WorkloadWarmup   2: 1 op, 2030311.00 ns, 2.0303 ms/op
WorkloadWarmup   3: 1 op, 1805386.00 ns, 1.8054 ms/op

// BeforeActualRun
WorkloadActual   1: 1 op, 5662517.00 ns, 5.6625 ms/op
WorkloadActual   2: 1 op, 1672712.00 ns, 1.6727 ms/op
WorkloadActual   3: 1 op, 1723909.00 ns, 1.7239 ms/op

// AfterActualRun
WorkloadResult   1: 1 op, 5662036.00 ns, 5.6620 ms/op
WorkloadResult   2: 1 op, 1672231.00 ns, 1.6722 ms/op
WorkloadResult   3: 1 op, 1723428.00 ns, 1.7234 ms/op
// GC:  0 0 0 787264 1
// Threading:  0 0 1

// AfterAll
// Benchmark Process 1641365 has exited with code 0.

Mean = 3.019 ms, StdErr = 1.321 ms (43.77%), N = 3, StdDev = 2.289 ms
Min = 1.672 ms, Q1 = 1.698 ms, Median = 1.723 ms, Q3 = 3.693 ms, Max = 5.662 ms
IQR = 1.995 ms, LowerFence = -1.295 ms, UpperFence = 6.685 ms
ConfidenceInterval = [-38.738 ms; 44.777 ms] (CI 99.9%), Margin = 41.758 ms (1383.06% of Mean)
Skewness = 0.38, Kurtosis = 0.67, MValue = 2

// ** Remained 12 (33.3%) benchmark(s) to run. Estimated finish 2026-09-22 17:14 (0h 0m from now) **
// **************************
// Benchmark: SessionSetupDecompositionBenchmarks.StageS1_AdmissionOnlyAsync: ShortRun(InvocationCount=1, IterationCount=3, LaunchCount=1, UnrollFactor=1, WarmupCount=3) [Sessions=1000]
// *** Execute ***
// Launch: 1 / 1
// Execute: dotnet WinForward.Benchmarks-ShortRun-1.dll --anonymousPipes 123 125 --benchmarkName "WinForward.Benchmarks.Perf.SessionSetupDecompositionBenchmarks.StageS1_AdmissionOnlyAsync(Sessions: 1000)" --job ShortRun --benchmarkId 24 in /home/paff/Projects/WinForward/benchmarks/WinForward.Benchmarks/bin/Release/net10.0/WinForward.Benchmarks-ShortRun-1/bin/Release/net10.0
// Failed to set up high priority (Permission denied). In order to run benchmarks with high priority, make sure you have the right permissions.
// BeforeAnythingElse

// Benchmark Process Environment Information:
// BenchmarkDotNet v0.15.8
// Runtime=.NET 10.0.12 (10.0.12, 10.0.1226.42308), X64 RyuJIT x86-64-v4
// GC=Concurrent Workstation
// HardwareIntrinsics=AVX512 BITALG+VBMI2+VNNI+VPOPCNTDQ,AVX512 IFMA+VBMI,AVX512 F+BW+CD+DQ+VL,AVX2+BMI1+BMI2+F16C+FMA+LZCNT+MOVBE,AVX,SSE3+SSSE3+SSE4.1+SSE4.2+POPCNT,X86Base+SSE+SSE2,AES+PCLMUL,AvxVnni VectorSize=256
// Job: ShortRun(InvocationCount=1, IterationCount=3, LaunchCount=1, UnrollFactor=1, WarmupCount=3)

OverheadJitting  1: 1 op, 323680.00 ns, 323.6800 us/op
WorkloadJitting  1: 1 op, 26708752.00 ns, 26.7088 ms/op

OverheadWarmup   1: 1 op, 771.00 ns, 771.0000 ns/op
OverheadWarmup   2: 1 op, 281.00 ns, 281.0000 ns/op
OverheadWarmup   3: 1 op, 331.00 ns, 331.0000 ns/op
OverheadWarmup   4: 1 op, 270.00 ns, 270.0000 ns/op
OverheadWarmup   5: 1 op, 481.00 ns, 481.0000 ns/op
OverheadWarmup   6: 1 op, 280.00 ns, 280.0000 ns/op

OverheadActual   1: 1 op, 451.00 ns, 451.0000 ns/op
OverheadActual   2: 1 op, 451.00 ns, 451.0000 ns/op
OverheadActual   3: 1 op, 471.00 ns, 471.0000 ns/op
OverheadActual   4: 1 op, 481.00 ns, 481.0000 ns/op
OverheadActual   5: 1 op, 341.00 ns, 341.0000 ns/op
OverheadActual   6: 1 op, 381.00 ns, 381.0000 ns/op
OverheadActual   7: 1 op, 391.00 ns, 391.0000 ns/op
OverheadActual   8: 1 op, 371.00 ns, 371.0000 ns/op
OverheadActual   9: 1 op, 461.00 ns, 461.0000 ns/op
OverheadActual  10: 1 op, 361.00 ns, 361.0000 ns/op
OverheadActual  11: 1 op, 370.00 ns, 370.0000 ns/op
OverheadActual  12: 1 op, 271.00 ns, 271.0000 ns/op
OverheadActual  13: 1 op, 271.00 ns, 271.0000 ns/op
OverheadActual  14: 1 op, 471.00 ns, 471.0000 ns/op
OverheadActual  15: 1 op, 401.00 ns, 401.0000 ns/op
OverheadActual  16: 1 op, 421.00 ns, 421.0000 ns/op
OverheadActual  17: 1 op, 481.00 ns, 481.0000 ns/op
OverheadActual  18: 1 op, 430.00 ns, 430.0000 ns/op
OverheadActual  19: 1 op, 280.00 ns, 280.0000 ns/op
OverheadActual  20: 1 op, 270.00 ns, 270.0000 ns/op

WorkloadWarmup   1: 1 op, 3311667.00 ns, 3.3117 ms/op
WorkloadWarmup   2: 1 op, 2330750.00 ns, 2.3308 ms/op
WorkloadWarmup   3: 1 op, 2335119.00 ns, 2.3351 ms/op

// BeforeActualRun
WorkloadActual   1: 1 op, 2775170.00 ns, 2.7752 ms/op
WorkloadActual   2: 1 op, 3028164.00 ns, 3.0282 ms/op
WorkloadActual   3: 1 op, 2209398.00 ns, 2.2094 ms/op

// AfterActualRun
WorkloadResult   1: 1 op, 2774774.00 ns, 2.7748 ms/op
WorkloadResult   2: 1 op, 3027768.00 ns, 3.0278 ms/op
WorkloadResult   3: 1 op, 2209002.00 ns, 2.2090 ms/op
// GC:  0 0 0 1299696 1
// Threading:  0 0 1

// AfterAll
// Benchmark Process 1641376 has exited with code 0.

Mean = 2.671 ms, StdErr = 0.242 ms (9.06%), N = 3, StdDev = 0.419 ms
Min = 2.209 ms, Q1 = 2.492 ms, Median = 2.775 ms, Q3 = 2.901 ms, Max = 3.028 ms
IQR = 0.409 ms, LowerFence = 1.878 ms, UpperFence = 3.515 ms
ConfidenceInterval = [-4.978 ms; 10.319 ms] (CI 99.9%), Margin = 7.648 ms (286.39% of Mean)
Skewness = -0.23, Kurtosis = 0.67, MValue = 2

// ** Remained 11 (30.6%) benchmark(s) to run. Estimated finish 2026-09-22 17:14 (0h 0m from now) **
// **************************
// Benchmark: SessionSetupDecompositionBenchmarks.ComponentA1_AssociationTablePreSeed: ShortRun(InvocationCount=1, IterationCount=3, LaunchCount=1, UnrollFactor=1, WarmupCount=3) [Sessions=1000]
// *** Execute ***
// Launch: 1 / 1
// Execute: dotnet WinForward.Benchmarks-ShortRun-1.dll --anonymousPipes 123 125 --benchmarkName "WinForward.Benchmarks.Perf.SessionSetupDecompositionBenchmarks.ComponentA1_AssociationTablePreSeed(Sessions: 1000)" --job ShortRun --benchmarkId 25 in /home/paff/Projects/WinForward/benchmarks/WinForward.Benchmarks/bin/Release/net10.0/WinForward.Benchmarks-ShortRun-1/bin/Release/net10.0
// Failed to set up high priority (Permission denied). In order to run benchmarks with high priority, make sure you have the right permissions.
// BeforeAnythingElse

// Benchmark Process Environment Information:
// BenchmarkDotNet v0.15.8
// Runtime=.NET 10.0.12 (10.0.12, 10.0.1226.42308), X64 RyuJIT x86-64-v4
// GC=Concurrent Workstation
// HardwareIntrinsics=AVX512 BITALG+VBMI2+VNNI+VPOPCNTDQ,AVX512 IFMA+VBMI,AVX512 F+BW+CD+DQ+VL,AVX2+BMI1+BMI2+F16C+FMA+LZCNT+MOVBE,AVX,SSE3+SSSE3+SSE4.1+SSE4.2+POPCNT,X86Base+SSE+SSE2,AES+PCLMUL,AvxVnni VectorSize=256
// Job: ShortRun(InvocationCount=1, IterationCount=3, LaunchCount=1, UnrollFactor=1, WarmupCount=3)

OverheadJitting  1: 1 op, 292039.00 ns, 292.0390 us/op
WorkloadJitting  1: 1 op, 2503521.00 ns, 2.5035 ms/op

OverheadWarmup   1: 1 op, 451.00 ns, 451.0000 ns/op
OverheadWarmup   2: 1 op, 271.00 ns, 271.0000 ns/op
OverheadWarmup   3: 1 op, 271.00 ns, 271.0000 ns/op
OverheadWarmup   4: 1 op, 271.00 ns, 271.0000 ns/op
OverheadWarmup   5: 1 op, 271.00 ns, 271.0000 ns/op
OverheadWarmup   6: 1 op, 270.00 ns, 270.0000 ns/op

OverheadActual   1: 1 op, 461.00 ns, 461.0000 ns/op
OverheadActual   2: 1 op, 391.00 ns, 391.0000 ns/op
OverheadActual   3: 1 op, 481.00 ns, 481.0000 ns/op
OverheadActual   4: 1 op, 501.00 ns, 501.0000 ns/op
OverheadActual   5: 1 op, 461.00 ns, 461.0000 ns/op
OverheadActual   6: 1 op, 391.00 ns, 391.0000 ns/op
OverheadActual   7: 1 op, 391.00 ns, 391.0000 ns/op
OverheadActual   8: 1 op, 381.00 ns, 381.0000 ns/op
OverheadActual   9: 1 op, 431.00 ns, 431.0000 ns/op
OverheadActual  10: 1 op, 511.00 ns, 511.0000 ns/op
OverheadActual  11: 1 op, 400.00 ns, 400.0000 ns/op
OverheadActual  12: 1 op, 351.00 ns, 351.0000 ns/op
OverheadActual  13: 1 op, 702.00 ns, 702.0000 ns/op
OverheadActual  14: 1 op, 450.00 ns, 450.0000 ns/op
OverheadActual  15: 1 op, 561.00 ns, 561.0000 ns/op
OverheadActual  16: 1 op, 471.00 ns, 471.0000 ns/op
OverheadActual  17: 1 op, 762.00 ns, 762.0000 ns/op
OverheadActual  18: 1 op, 531.00 ns, 531.0000 ns/op
OverheadActual  19: 1 op, 501.00 ns, 501.0000 ns/op
OverheadActual  20: 1 op, 301.00 ns, 301.0000 ns/op

WorkloadWarmup   1: 1 op, 75595.00 ns, 75.5950 us/op
WorkloadWarmup   2: 1 op, 525416.00 ns, 525.4160 us/op
WorkloadWarmup   3: 1 op, 445462.00 ns, 445.4620 us/op

// BeforeActualRun
WorkloadActual   1: 1 op, 51208.00 ns, 51.2080 us/op
WorkloadActual   2: 1 op, 14868.00 ns, 14.8680 us/op
WorkloadActual   3: 1 op, 16161.00 ns, 16.1610 us/op

// AfterActualRun
WorkloadResult   1: 1 op, 50747.00 ns, 50.7470 us/op
WorkloadResult   2: 1 op, 14407.00 ns, 14.4070 us/op
WorkloadResult   3: 1 op, 15700.00 ns, 15.7000 us/op
// GC:  0 0 0 327008 1
// Threading:  0 0 1

// AfterAll
// Benchmark Process 1641385 has exited with code 0.

Mean = 26.951 us, StdErr = 11.904 us (44.17%), N = 3, StdDev = 20.618 us
Min = 14.407 us, Q1 = 15.053 us, Median = 15.700 us, Q3 = 33.224 us, Max = 50.747 us
IQR = 18.170 us, LowerFence = -12.201 us, UpperFence = 60.478 us
ConfidenceInterval = [-349.194 us; 403.097 us] (CI 99.9%), Margin = 376.145 us (1395.65% of Mean)
Skewness = 0.38, Kurtosis = 0.67, MValue = 2

// ** Remained 10 (27.8%) benchmark(s) to run. Estimated finish 2026-09-22 17:14 (0h 0m from now) **
// **************************
// Benchmark: SessionSetupDecompositionBenchmarks.ComponentA2_SessionDictionaryPreSeed: ShortRun(InvocationCount=1, IterationCount=3, LaunchCount=1, UnrollFactor=1, WarmupCount=3) [Sessions=1000]
// *** Execute ***
// Launch: 1 / 1
// Execute: dotnet WinForward.Benchmarks-ShortRun-1.dll --anonymousPipes 123 125 --benchmarkName "WinForward.Benchmarks.Perf.SessionSetupDecompositionBenchmarks.ComponentA2_SessionDictionaryPreSeed(Sessions: 1000)" --job ShortRun --benchmarkId 26 in /home/paff/Projects/WinForward/benchmarks/WinForward.Benchmarks/bin/Release/net10.0/WinForward.Benchmarks-ShortRun-1/bin/Release/net10.0
// Failed to set up high priority (Permission denied). In order to run benchmarks with high priority, make sure you have the right permissions.
// BeforeAnythingElse

// Benchmark Process Environment Information:
// BenchmarkDotNet v0.15.8
// Runtime=.NET 10.0.12 (10.0.12, 10.0.1226.42308), X64 RyuJIT x86-64-v4
// GC=Concurrent Workstation
// HardwareIntrinsics=AVX512 BITALG+VBMI2+VNNI+VPOPCNTDQ,AVX512 IFMA+VBMI,AVX512 F+BW+CD+DQ+VL,AVX2+BMI1+BMI2+F16C+FMA+LZCNT+MOVBE,AVX,SSE3+SSSE3+SSE4.1+SSE4.2+POPCNT,X86Base+SSE+SSE2,AES+PCLMUL,AvxVnni VectorSize=256
// Job: ShortRun(InvocationCount=1, IterationCount=3, LaunchCount=1, UnrollFactor=1, WarmupCount=3)

OverheadJitting  1: 1 op, 258144.00 ns, 258.1440 us/op
WorkloadJitting  1: 1 op, 1590504.00 ns, 1.5905 ms/op

OverheadWarmup   1: 1 op, 451.00 ns, 451.0000 ns/op
OverheadWarmup   2: 1 op, 370.00 ns, 370.0000 ns/op
OverheadWarmup   3: 1 op, 351.00 ns, 351.0000 ns/op
OverheadWarmup   4: 1 op, 401.00 ns, 401.0000 ns/op
OverheadWarmup   5: 1 op, 441.00 ns, 441.0000 ns/op
OverheadWarmup   6: 1 op, 481.00 ns, 481.0000 ns/op
OverheadWarmup   7: 1 op, 350.00 ns, 350.0000 ns/op
OverheadWarmup   8: 1 op, 391.00 ns, 391.0000 ns/op
OverheadWarmup   9: 1 op, 581.00 ns, 581.0000 ns/op
OverheadWarmup  10: 1 op, 541.00 ns, 541.0000 ns/op

OverheadActual   1: 1 op, 471.00 ns, 471.0000 ns/op
OverheadActual   2: 1 op, 451.00 ns, 451.0000 ns/op
OverheadActual   3: 1 op, 451.00 ns, 451.0000 ns/op
OverheadActual   4: 1 op, 441.00 ns, 441.0000 ns/op
OverheadActual   5: 1 op, 1243.00 ns, 1.2430 us/op
OverheadActual   6: 1 op, 591.00 ns, 591.0000 ns/op
OverheadActual   7: 1 op, 471.00 ns, 471.0000 ns/op
OverheadActual   8: 1 op, 500.00 ns, 500.0000 ns/op
OverheadActual   9: 1 op, 360.00 ns, 360.0000 ns/op
OverheadActual  10: 1 op, 491.00 ns, 491.0000 ns/op
OverheadActual  11: 1 op, 280.00 ns, 280.0000 ns/op
OverheadActual  12: 1 op, 371.00 ns, 371.0000 ns/op
OverheadActual  13: 1 op, 481.00 ns, 481.0000 ns/op
OverheadActual  14: 1 op, 511.00 ns, 511.0000 ns/op
OverheadActual  15: 1 op, 311.00 ns, 311.0000 ns/op
OverheadActual  16: 1 op, 290.00 ns, 290.0000 ns/op
OverheadActual  17: 1 op, 500.00 ns, 500.0000 ns/op
OverheadActual  18: 1 op, 481.00 ns, 481.0000 ns/op
OverheadActual  19: 1 op, 361.00 ns, 361.0000 ns/op
OverheadActual  20: 1 op, 451.00 ns, 451.0000 ns/op

WorkloadWarmup   1: 1 op, 56639.00 ns, 56.6390 us/op
WorkloadWarmup   2: 1 op, 255088.00 ns, 255.0880 us/op
WorkloadWarmup   3: 1 op, 228757.00 ns, 228.7570 us/op

// BeforeActualRun
WorkloadActual   1: 1 op, 49805.00 ns, 49.8050 us/op
WorkloadActual   2: 1 op, 7916.00 ns, 7.9160 us/op
WorkloadActual   3: 1 op, 8586.00 ns, 8.5860 us/op

// AfterActualRun
WorkloadResult   1: 1 op, 49344.00 ns, 49.3440 us/op
WorkloadResult   2: 1 op, 7455.00 ns, 7.4550 us/op
WorkloadResult   3: 1 op, 8125.00 ns, 8.1250 us/op
// GC:  0 0 0 163376 1
// Threading:  0 0 1

// AfterAll
// Benchmark Process 1641399 has exited with code 0.

Mean = 21.641 us, StdErr = 13.853 us (64.01%), N = 3, StdDev = 23.994 us
Min = 7.455 us, Q1 = 7.790 us, Median = 8.125 us, Q3 = 28.735 us, Max = 49.344 us
IQR = 20.945 us, LowerFence = -23.627 us, UpperFence = 60.151 us
ConfidenceInterval = [-416.090 us; 459.373 us] (CI 99.9%), Margin = 437.732 us (2022.67% of Mean)
Skewness = 0.38, Kurtosis = 0.67, MValue = 2

// ** Remained 9 (25.0%) benchmark(s) to run. Estimated finish 2026-09-22 17:14 (0h 0m from now) **
// **************************
// Benchmark: SessionSetupDecompositionBenchmarks.ComponentA3_CooldownTableConstruction: ShortRun(InvocationCount=1, IterationCount=3, LaunchCount=1, UnrollFactor=1, WarmupCount=3) [Sessions=1000]
// *** Execute ***
// Launch: 1 / 1
// Execute: dotnet WinForward.Benchmarks-ShortRun-1.dll --anonymousPipes 123 125 --benchmarkName "WinForward.Benchmarks.Perf.SessionSetupDecompositionBenchmarks.ComponentA3_CooldownTableConstruction(Sessions: 1000)" --job ShortRun --benchmarkId 27 in /home/paff/Projects/WinForward/benchmarks/WinForward.Benchmarks/bin/Release/net10.0/WinForward.Benchmarks-ShortRun-1/bin/Release/net10.0
// Failed to set up high priority (Permission denied). In order to run benchmarks with high priority, make sure you have the right permissions.
// BeforeAnythingElse

// Benchmark Process Environment Information:
// BenchmarkDotNet v0.15.8
// Runtime=.NET 10.0.12 (10.0.12, 10.0.1226.42308), X64 RyuJIT x86-64-v4
// GC=Concurrent Workstation
// HardwareIntrinsics=AVX512 BITALG+VBMI2+VNNI+VPOPCNTDQ,AVX512 IFMA+VBMI,AVX512 F+BW+CD+DQ+VL,AVX2+BMI1+BMI2+F16C+FMA+LZCNT+MOVBE,AVX,SSE3+SSSE3+SSE4.1+SSE4.2+POPCNT,X86Base+SSE+SSE2,AES+PCLMUL,AvxVnni VectorSize=256
// Job: ShortRun(InvocationCount=1, IterationCount=3, LaunchCount=1, UnrollFactor=1, WarmupCount=3)

OverheadJitting  1: 1 op, 288392.00 ns, 288.3920 us/op
WorkloadJitting  1: 1 op, 1238810.00 ns, 1.2388 ms/op

OverheadWarmup   1: 1 op, 481.00 ns, 481.0000 ns/op
OverheadWarmup   2: 1 op, 441.00 ns, 441.0000 ns/op
OverheadWarmup   3: 1 op, 440.00 ns, 440.0000 ns/op
OverheadWarmup   4: 1 op, 490.00 ns, 490.0000 ns/op
OverheadWarmup   5: 1 op, 301.00 ns, 301.0000 ns/op
OverheadWarmup   6: 1 op, 541.00 ns, 541.0000 ns/op
OverheadWarmup   7: 1 op, 421.00 ns, 421.0000 ns/op

OverheadActual   1: 1 op, 431.00 ns, 431.0000 ns/op
OverheadActual   2: 1 op, 451.00 ns, 451.0000 ns/op
OverheadActual   3: 1 op, 451.00 ns, 451.0000 ns/op
OverheadActual   4: 1 op, 471.00 ns, 471.0000 ns/op
OverheadActual   5: 1 op, 542.00 ns, 542.0000 ns/op
OverheadActual   6: 1 op, 651.00 ns, 651.0000 ns/op
OverheadActual   7: 1 op, 421.00 ns, 421.0000 ns/op
OverheadActual   8: 1 op, 270.00 ns, 270.0000 ns/op
OverheadActual   9: 1 op, 280.00 ns, 280.0000 ns/op
OverheadActual  10: 1 op, 431.00 ns, 431.0000 ns/op
OverheadActual  11: 1 op, 440.00 ns, 440.0000 ns/op
OverheadActual  12: 1 op, 431.00 ns, 431.0000 ns/op
OverheadActual  13: 1 op, 441.00 ns, 441.0000 ns/op
OverheadActual  14: 1 op, 411.00 ns, 411.0000 ns/op
OverheadActual  15: 1 op, 511.00 ns, 511.0000 ns/op
OverheadActual  16: 1 op, 501.00 ns, 501.0000 ns/op
OverheadActual  17: 1 op, 451.00 ns, 451.0000 ns/op
OverheadActual  18: 1 op, 581.00 ns, 581.0000 ns/op
OverheadActual  19: 1 op, 291.00 ns, 291.0000 ns/op
OverheadActual  20: 1 op, 381.00 ns, 381.0000 ns/op

WorkloadWarmup   1: 1 op, 4078.00 ns, 4.0780 us/op
WorkloadWarmup   2: 1 op, 4138.00 ns, 4.1380 us/op
WorkloadWarmup   3: 1 op, 4028.00 ns, 4.0280 us/op

// BeforeActualRun
WorkloadActual   1: 1 op, 17503.00 ns, 17.5030 us/op
WorkloadActual   2: 1 op, 3166.00 ns, 3.1660 us/op
WorkloadActual   3: 1 op, 3066.00 ns, 3.0660 us/op

// AfterActualRun
WorkloadResult   1: 1 op, 17062.50 ns, 17.0625 us/op
WorkloadResult   2: 1 op, 2725.50 ns, 2.7255 us/op
WorkloadResult   3: 1 op, 2625.50 ns, 2.6255 us/op
// GC:  0 0 0 160 1
// Threading:  0 0 1

// AfterAll
// Benchmark Process 1641409 has exited with code 0.

Mean = 7.471 us, StdErr = 4.796 us (64.19%), N = 3, StdDev = 8.306 us
Min = 2.626 us, Q1 = 2.675 us, Median = 2.725 us, Q3 = 9.894 us, Max = 17.062 us
IQR = 7.218 us, LowerFence = -8.152 us, UpperFence = 20.722 us
ConfidenceInterval = [-144.070 us; 159.012 us] (CI 99.9%), Margin = 151.541 us (2028.35% of Mean)
Skewness = 0.38, Kurtosis = 0.67, MValue = 2

// ** Remained 8 (22.2%) benchmark(s) to run. Estimated finish 2026-09-22 17:14 (0h 0m from now) **
// **************************
// Benchmark: SessionSetupDecompositionBenchmarks.ComponentA4_SlotAndQueueObjects: ShortRun(InvocationCount=1, IterationCount=3, LaunchCount=1, UnrollFactor=1, WarmupCount=3) [Sessions=1000]
// *** Execute ***
// Launch: 1 / 1
// Execute: dotnet WinForward.Benchmarks-ShortRun-1.dll --anonymousPipes 123 125 --benchmarkName "WinForward.Benchmarks.Perf.SessionSetupDecompositionBenchmarks.ComponentA4_SlotAndQueueObjects(Sessions: 1000)" --job ShortRun --benchmarkId 28 in /home/paff/Projects/WinForward/benchmarks/WinForward.Benchmarks/bin/Release/net10.0/WinForward.Benchmarks-ShortRun-1/bin/Release/net10.0
// Failed to set up high priority (Permission denied). In order to run benchmarks with high priority, make sure you have the right permissions.
// BeforeAnythingElse

// Benchmark Process Environment Information:
// BenchmarkDotNet v0.15.8
// Runtime=.NET 10.0.12 (10.0.12, 10.0.1226.42308), X64 RyuJIT x86-64-v4
// GC=Concurrent Workstation
// HardwareIntrinsics=AVX512 BITALG+VBMI2+VNNI+VPOPCNTDQ,AVX512 IFMA+VBMI,AVX512 F+BW+CD+DQ+VL,AVX2+BMI1+BMI2+F16C+FMA+LZCNT+MOVBE,AVX,SSE3+SSSE3+SSE4.1+SSE4.2+POPCNT,X86Base+SSE+SSE2,AES+PCLMUL,AvxVnni VectorSize=256
// Job: ShortRun(InvocationCount=1, IterationCount=3, LaunchCount=1, UnrollFactor=1, WarmupCount=3)

OverheadJitting  1: 1 op, 350631.00 ns, 350.6310 us/op
WorkloadJitting  1: 1 op, 1235674.00 ns, 1.2357 ms/op

OverheadWarmup   1: 1 op, 481.00 ns, 481.0000 ns/op
OverheadWarmup   2: 1 op, 451.00 ns, 451.0000 ns/op
OverheadWarmup   3: 1 op, 291.00 ns, 291.0000 ns/op
OverheadWarmup   4: 1 op, 281.00 ns, 281.0000 ns/op
OverheadWarmup   5: 1 op, 431.00 ns, 431.0000 ns/op
OverheadWarmup   6: 1 op, 431.00 ns, 431.0000 ns/op
OverheadWarmup   7: 1 op, 450.00 ns, 450.0000 ns/op
OverheadWarmup   8: 1 op, 281.00 ns, 281.0000 ns/op

OverheadActual   1: 1 op, 501.00 ns, 501.0000 ns/op
OverheadActual   2: 1 op, 481.00 ns, 481.0000 ns/op
OverheadActual   3: 1 op, 1162.00 ns, 1.1620 us/op
OverheadActual   4: 1 op, 411.00 ns, 411.0000 ns/op
OverheadActual   5: 1 op, 431.00 ns, 431.0000 ns/op
OverheadActual   6: 1 op, 460.00 ns, 460.0000 ns/op
OverheadActual   7: 1 op, 410.00 ns, 410.0000 ns/op
OverheadActual   8: 1 op, 451.00 ns, 451.0000 ns/op
OverheadActual   9: 1 op, 451.00 ns, 451.0000 ns/op
OverheadActual  10: 1 op, 421.00 ns, 421.0000 ns/op
OverheadActual  11: 1 op, 461.00 ns, 461.0000 ns/op
OverheadActual  12: 1 op, 471.00 ns, 471.0000 ns/op
OverheadActual  13: 1 op, 491.00 ns, 491.0000 ns/op
OverheadActual  14: 1 op, 451.00 ns, 451.0000 ns/op
OverheadActual  15: 1 op, 290.00 ns, 290.0000 ns/op
OverheadActual  16: 1 op, 471.00 ns, 471.0000 ns/op
OverheadActual  17: 1 op, 481.00 ns, 481.0000 ns/op
OverheadActual  18: 1 op, 461.00 ns, 461.0000 ns/op
OverheadActual  19: 1 op, 280.00 ns, 280.0000 ns/op
OverheadActual  20: 1 op, 450.00 ns, 450.0000 ns/op

WorkloadWarmup   1: 1 op, 192939.00 ns, 192.9390 us/op
WorkloadWarmup   2: 1 op, 185004.00 ns, 185.0040 us/op
WorkloadWarmup   3: 1 op, 46168.00 ns, 46.1680 us/op

// BeforeActualRun
WorkloadActual   1: 1 op, 70375.00 ns, 70.3750 us/op
WorkloadActual   2: 1 op, 43994.00 ns, 43.9940 us/op
WorkloadActual   3: 1 op, 43704.00 ns, 43.7040 us/op

// AfterActualRun
WorkloadResult   1: 1 op, 69919.50 ns, 69.9195 us/op
WorkloadResult   2: 1 op, 43538.50 ns, 43.5385 us/op
WorkloadResult   3: 1 op, 43248.50 ns, 43.2485 us/op
// GC:  0 0 0 120000 1
// Threading:  0 0 1

// AfterAll
// Benchmark Process 1641418 has exited with code 0.

Mean = 52.236 us, StdErr = 8.842 us (16.93%), N = 3, StdDev = 15.315 us
Min = 43.248 us, Q1 = 43.394 us, Median = 43.538 us, Q3 = 56.729 us, Max = 69.919 us
IQR = 13.335 us, LowerFence = 23.390 us, UpperFence = 76.732 us
ConfidenceInterval = [-227.176 us; 331.647 us] (CI 99.9%), Margin = 279.411 us (534.91% of Mean)
Skewness = 0.38, Kurtosis = 0.67, MValue = 2

// ** Remained 7 (19.4%) benchmark(s) to run. Estimated finish 2026-09-22 17:14 (0h 0m from now) **
// **************************
// Benchmark: SessionSetupDecompositionBenchmarks.ComponentA4b_BoundedSetupQueueObject: ShortRun(InvocationCount=1, IterationCount=3, LaunchCount=1, UnrollFactor=1, WarmupCount=3) [Sessions=1000]
// *** Execute ***
// Launch: 1 / 1
// Execute: dotnet WinForward.Benchmarks-ShortRun-1.dll --anonymousPipes 123 125 --benchmarkName "WinForward.Benchmarks.Perf.SessionSetupDecompositionBenchmarks.ComponentA4b_BoundedSetupQueueObject(Sessions: 1000)" --job ShortRun --benchmarkId 29 in /home/paff/Projects/WinForward/benchmarks/WinForward.Benchmarks/bin/Release/net10.0/WinForward.Benchmarks-ShortRun-1/bin/Release/net10.0
// Failed to set up high priority (Permission denied). In order to run benchmarks with high priority, make sure you have the right permissions.
// BeforeAnythingElse

// Benchmark Process Environment Information:
// BenchmarkDotNet v0.15.8
// Runtime=.NET 10.0.12 (10.0.12, 10.0.1226.42308), X64 RyuJIT x86-64-v4
// GC=Concurrent Workstation
// HardwareIntrinsics=AVX512 BITALG+VBMI2+VNNI+VPOPCNTDQ,AVX512 IFMA+VBMI,AVX512 F+BW+CD+DQ+VL,AVX2+BMI1+BMI2+F16C+FMA+LZCNT+MOVBE,AVX,SSE3+SSSE3+SSE4.1+SSE4.2+POPCNT,X86Base+SSE+SSE2,AES+PCLMUL,AvxVnni VectorSize=256
// Job: ShortRun(InvocationCount=1, IterationCount=3, LaunchCount=1, UnrollFactor=1, WarmupCount=3)

OverheadJitting  1: 1 op, 283523.00 ns, 283.5230 us/op
WorkloadJitting  1: 1 op, 1075739.00 ns, 1.0757 ms/op

OverheadWarmup   1: 1 op, 581.00 ns, 581.0000 ns/op
OverheadWarmup   2: 1 op, 471.00 ns, 471.0000 ns/op
OverheadWarmup   3: 1 op, 371.00 ns, 371.0000 ns/op
OverheadWarmup   4: 1 op, 551.00 ns, 551.0000 ns/op
OverheadWarmup   5: 1 op, 371.00 ns, 371.0000 ns/op
OverheadWarmup   6: 1 op, 381.00 ns, 381.0000 ns/op
OverheadWarmup   7: 1 op, 381.00 ns, 381.0000 ns/op

OverheadActual   1: 1 op, 541.00 ns, 541.0000 ns/op
OverheadActual   2: 1 op, 411.00 ns, 411.0000 ns/op
OverheadActual   3: 1 op, 511.00 ns, 511.0000 ns/op
OverheadActual   4: 1 op, 471.00 ns, 471.0000 ns/op
OverheadActual   5: 1 op, 401.00 ns, 401.0000 ns/op
OverheadActual   6: 1 op, 541.00 ns, 541.0000 ns/op
OverheadActual   7: 1 op, 271.00 ns, 271.0000 ns/op
OverheadActual   8: 1 op, 451.00 ns, 451.0000 ns/op
OverheadActual   9: 1 op, 480.00 ns, 480.0000 ns/op
OverheadActual  10: 1 op, 280.00 ns, 280.0000 ns/op
OverheadActual  11: 1 op, 280.00 ns, 280.0000 ns/op
OverheadActual  12: 1 op, 461.00 ns, 461.0000 ns/op
OverheadActual  13: 1 op, 491.00 ns, 491.0000 ns/op
OverheadActual  14: 1 op, 440.00 ns, 440.0000 ns/op
OverheadActual  15: 1 op, 280.00 ns, 280.0000 ns/op
OverheadActual  16: 1 op, 421.00 ns, 421.0000 ns/op
OverheadActual  17: 1 op, 581.00 ns, 581.0000 ns/op
OverheadActual  18: 1 op, 351.00 ns, 351.0000 ns/op
OverheadActual  19: 1 op, 331.00 ns, 331.0000 ns/op
OverheadActual  20: 1 op, 460.00 ns, 460.0000 ns/op

WorkloadWarmup   1: 1 op, 50737.00 ns, 50.7370 us/op
WorkloadWarmup   2: 1 op, 49235.00 ns, 49.2350 us/op
WorkloadWarmup   3: 1 op, 49364.00 ns, 49.3640 us/op

// BeforeActualRun
WorkloadActual   1: 1 op, 50507.00 ns, 50.5070 us/op
WorkloadActual   2: 1 op, 49214.00 ns, 49.2140 us/op
WorkloadActual   3: 1 op, 48733.00 ns, 48.7330 us/op

// AfterActualRun
WorkloadResult   1: 1 op, 50061.50 ns, 50.0615 us/op
WorkloadResult   2: 1 op, 48768.50 ns, 48.7685 us/op
WorkloadResult   3: 1 op, 48287.50 ns, 48.2875 us/op
// GC:  0 0 0 0 1
// Threading:  0 0 1

// AfterAll
// Benchmark Process 1641429 has exited with code 0.

Mean = 49.039 us, StdErr = 0.530 us (1.08%), N = 3, StdDev = 0.917 us
Min = 48.288 us, Q1 = 48.528 us, Median = 48.769 us, Q3 = 49.415 us, Max = 50.062 us
IQR = 0.887 us, LowerFence = 47.197 us, UpperFence = 50.745 us
ConfidenceInterval = [32.301 us; 65.777 us] (CI 99.9%), Margin = 16.738 us (34.13% of Mean)
Skewness = 0.27, Kurtosis = 0.67, MValue = 2

// ** Remained 6 (16.7%) benchmark(s) to run. Estimated finish 2026-09-22 17:14 (0h 0m from now) **
// **************************
// Benchmark: SessionSetupDecompositionBenchmarks.ComponentA5_CompletionCell: ShortRun(InvocationCount=1, IterationCount=3, LaunchCount=1, UnrollFactor=1, WarmupCount=3) [Sessions=1000]
// *** Execute ***
// Launch: 1 / 1
// Execute: dotnet WinForward.Benchmarks-ShortRun-1.dll --anonymousPipes 123 125 --benchmarkName "WinForward.Benchmarks.Perf.SessionSetupDecompositionBenchmarks.ComponentA5_CompletionCell(Sessions: 1000)" --job ShortRun --benchmarkId 30 in /home/paff/Projects/WinForward/benchmarks/WinForward.Benchmarks/bin/Release/net10.0/WinForward.Benchmarks-ShortRun-1/bin/Release/net10.0
// Failed to set up high priority (Permission denied). In order to run benchmarks with high priority, make sure you have the right permissions.
// BeforeAnythingElse

// Benchmark Process Environment Information:
// BenchmarkDotNet v0.15.8
// Runtime=.NET 10.0.12 (10.0.12, 10.0.1226.42308), X64 RyuJIT x86-64-v4
// GC=Concurrent Workstation
// HardwareIntrinsics=AVX512 BITALG+VBMI2+VNNI+VPOPCNTDQ,AVX512 IFMA+VBMI,AVX512 F+BW+CD+DQ+VL,AVX2+BMI1+BMI2+F16C+FMA+LZCNT+MOVBE,AVX,SSE3+SSSE3+SSE4.1+SSE4.2+POPCNT,X86Base+SSE+SSE2,AES+PCLMUL,AvxVnni VectorSize=256
// Job: ShortRun(InvocationCount=1, IterationCount=3, LaunchCount=1, UnrollFactor=1, WarmupCount=3)

OverheadJitting  1: 1 op, 312067.00 ns, 312.0670 us/op
WorkloadJitting  1: 1 op, 1014060.00 ns, 1.0141 ms/op

OverheadWarmup   1: 1 op, 561.00 ns, 561.0000 ns/op
OverheadWarmup   2: 1 op, 471.00 ns, 471.0000 ns/op
OverheadWarmup   3: 1 op, 390.00 ns, 390.0000 ns/op
OverheadWarmup   4: 1 op, 501.00 ns, 501.0000 ns/op
OverheadWarmup   5: 1 op, 491.00 ns, 491.0000 ns/op
OverheadWarmup   6: 1 op, 481.00 ns, 481.0000 ns/op
OverheadWarmup   7: 1 op, 481.00 ns, 481.0000 ns/op
OverheadWarmup   8: 1 op, 381.00 ns, 381.0000 ns/op

OverheadActual   1: 1 op, 531.00 ns, 531.0000 ns/op
OverheadActual   2: 1 op, 481.00 ns, 481.0000 ns/op
OverheadActual   3: 1 op, 491.00 ns, 491.0000 ns/op
OverheadActual   4: 1 op, 420.00 ns, 420.0000 ns/op
OverheadActual   5: 1 op, 441.00 ns, 441.0000 ns/op
OverheadActual   6: 1 op, 381.00 ns, 381.0000 ns/op
OverheadActual   7: 1 op, 391.00 ns, 391.0000 ns/op
OverheadActual   8: 1 op, 480.00 ns, 480.0000 ns/op
OverheadActual   9: 1 op, 521.00 ns, 521.0000 ns/op
OverheadActual  10: 1 op, 331.00 ns, 331.0000 ns/op
OverheadActual  11: 1 op, 511.00 ns, 511.0000 ns/op
OverheadActual  12: 1 op, 300.00 ns, 300.0000 ns/op
OverheadActual  13: 1 op, 531.00 ns, 531.0000 ns/op
OverheadActual  14: 1 op, 461.00 ns, 461.0000 ns/op
OverheadActual  15: 1 op, 471.00 ns, 471.0000 ns/op
OverheadActual  16: 1 op, 481.00 ns, 481.0000 ns/op
OverheadActual  17: 1 op, 501.00 ns, 501.0000 ns/op
OverheadActual  18: 1 op, 491.00 ns, 491.0000 ns/op
OverheadActual  19: 1 op, 361.00 ns, 361.0000 ns/op
OverheadActual  20: 1 op, 321.00 ns, 321.0000 ns/op

WorkloadWarmup   1: 1 op, 138134.00 ns, 138.1340 us/op
WorkloadWarmup   2: 1 op, 92738.00 ns, 92.7380 us/op
WorkloadWarmup   3: 1 op, 99501.00 ns, 99.5010 us/op

// BeforeActualRun
WorkloadActual   1: 1 op, 171148.00 ns, 171.1480 us/op
WorkloadActual   2: 1 op, 41119.00 ns, 41.1190 us/op
WorkloadActual   3: 1 op, 40959.00 ns, 40.9590 us/op

// AfterActualRun
WorkloadResult   1: 1 op, 170672.50 ns, 170.6725 us/op
WorkloadResult   2: 1 op, 40643.50 ns, 40.6435 us/op
WorkloadResult   3: 1 op, 40483.50 ns, 40.4835 us/op
// GC:  0 0 0 88000 1
// Threading:  0 0 1

// AfterAll
// Benchmark Process 1641438 has exited with code 0.

Mean = 83.933 us, StdErr = 43.370 us (51.67%), N = 3, StdDev = 75.119 us
Min = 40.483 us, Q1 = 40.563 us, Median = 40.644 us, Q3 = 105.658 us, Max = 170.673 us
IQR = 65.094 us, LowerFence = -57.078 us, UpperFence = 203.300 us
ConfidenceInterval = [-1,286.508 us; 1,454.374 us] (CI 99.9%), Margin = 1,370.441 us (1632.78% of Mean)
Skewness = 0.38, Kurtosis = 0.67, MValue = 2

// ** Remained 5 (13.9%) benchmark(s) to run. Estimated finish 2026-09-22 17:14 (0h 0m from now) **
// **************************
// Benchmark: SessionSetupDecompositionBenchmarks.ComponentA6_ColdRent: ShortRun(InvocationCount=1, IterationCount=3, LaunchCount=1, UnrollFactor=1, WarmupCount=3) [Sessions=1000]
// *** Execute ***
// Launch: 1 / 1
// Execute: dotnet WinForward.Benchmarks-ShortRun-1.dll --anonymousPipes 123 125 --benchmarkName "WinForward.Benchmarks.Perf.SessionSetupDecompositionBenchmarks.ComponentA6_ColdRent(Sessions: 1000)" --job ShortRun --benchmarkId 31 in /home/paff/Projects/WinForward/benchmarks/WinForward.Benchmarks/bin/Release/net10.0/WinForward.Benchmarks-ShortRun-1/bin/Release/net10.0
// Failed to set up high priority (Permission denied). In order to run benchmarks with high priority, make sure you have the right permissions.
// BeforeAnythingElse

// Benchmark Process Environment Information:
// BenchmarkDotNet v0.15.8
// Runtime=.NET 10.0.12 (10.0.12, 10.0.1226.42308), X64 RyuJIT x86-64-v4
// GC=Concurrent Workstation
// HardwareIntrinsics=AVX512 BITALG+VBMI2+VNNI+VPOPCNTDQ,AVX512 IFMA+VBMI,AVX512 F+BW+CD+DQ+VL,AVX2+BMI1+BMI2+F16C+FMA+LZCNT+MOVBE,AVX,SSE3+SSSE3+SSE4.1+SSE4.2+POPCNT,X86Base+SSE+SSE2,AES+PCLMUL,AvxVnni VectorSize=256
// Job: ShortRun(InvocationCount=1, IterationCount=3, LaunchCount=1, UnrollFactor=1, WarmupCount=3)

OverheadJitting  1: 1 op, 401108.00 ns, 401.1080 us/op
WorkloadJitting  1: 1 op, 2649199.00 ns, 2.6492 ms/op

OverheadWarmup   1: 1 op, 411.00 ns, 411.0000 ns/op
OverheadWarmup   2: 1 op, 421.00 ns, 421.0000 ns/op
OverheadWarmup   3: 1 op, 290.00 ns, 290.0000 ns/op
OverheadWarmup   4: 1 op, 291.00 ns, 291.0000 ns/op
OverheadWarmup   5: 1 op, 421.00 ns, 421.0000 ns/op
OverheadWarmup   6: 1 op, 380.00 ns, 380.0000 ns/op

OverheadActual   1: 1 op, 351.00 ns, 351.0000 ns/op
OverheadActual   2: 1 op, 411.00 ns, 411.0000 ns/op
OverheadActual   3: 1 op, 410.00 ns, 410.0000 ns/op
OverheadActual   4: 1 op, 431.00 ns, 431.0000 ns/op
OverheadActual   5: 1 op, 341.00 ns, 341.0000 ns/op
OverheadActual   6: 1 op, 1092.00 ns, 1.0920 us/op
OverheadActual   7: 1 op, 420.00 ns, 420.0000 ns/op
OverheadActual   8: 1 op, 261.00 ns, 261.0000 ns/op
OverheadActual   9: 1 op, 280.00 ns, 280.0000 ns/op
OverheadActual  10: 1 op, 421.00 ns, 421.0000 ns/op
OverheadActual  11: 1 op, 281.00 ns, 281.0000 ns/op
OverheadActual  12: 1 op, 291.00 ns, 291.0000 ns/op
OverheadActual  13: 1 op, 441.00 ns, 441.0000 ns/op
OverheadActual  14: 1 op, 281.00 ns, 281.0000 ns/op
OverheadActual  15: 1 op, 431.00 ns, 431.0000 ns/op
OverheadActual  16: 1 op, 441.00 ns, 441.0000 ns/op
OverheadActual  17: 1 op, 461.00 ns, 461.0000 ns/op
OverheadActual  18: 1 op, 411.00 ns, 411.0000 ns/op
OverheadActual  19: 1 op, 361.00 ns, 361.0000 ns/op
OverheadActual  20: 1 op, 361.00 ns, 361.0000 ns/op

WorkloadWarmup   1: 1 op, 363275.00 ns, 363.2750 us/op
WorkloadWarmup   2: 1 op, 296117.00 ns, 296.1170 us/op
WorkloadWarmup   3: 1 op, 59143.00 ns, 59.1430 us/op

// BeforeActualRun
WorkloadActual   1: 1 op, 270407.00 ns, 270.4070 us/op
WorkloadActual   2: 1 op, 59945.00 ns, 59.9450 us/op
WorkloadActual   3: 1 op, 58402.00 ns, 58.4020 us/op

// AfterActualRun
WorkloadResult   1: 1 op, 269996.50 ns, 269.9965 us/op
WorkloadResult   2: 1 op, 59534.50 ns, 59.5345 us/op
WorkloadResult   3: 1 op, 57991.50 ns, 57.9915 us/op
// GC:  0 0 0 273976 1
// Threading:  0 0 1

// AfterAll
// Benchmark Process 1641447 has exited with code 0.

Mean = 129.174 us, StdErr = 70.413 us (54.51%), N = 3, StdDev = 121.958 us
Min = 57.992 us, Q1 = 58.763 us, Median = 59.535 us, Q3 = 164.766 us, Max = 269.997 us
IQR = 106.002 us, LowerFence = -100.241 us, UpperFence = 323.769 us
ConfidenceInterval = [-2,095.797 us; 2,354.145 us] (CI 99.9%), Margin = 2,224.971 us (1722.46% of Mean)
Skewness = 0.38, Kurtosis = 0.67, MValue = 2

// ** Remained 4 (11.1%) benchmark(s) to run. Estimated finish 2026-09-22 17:14 (0h 0m from now) **
// **************************
// Benchmark: SessionSetupDecompositionBenchmarks.ComponentA7_EnqueueCycle: ShortRun(InvocationCount=1, IterationCount=3, LaunchCount=1, UnrollFactor=1, WarmupCount=3) [Sessions=1000]
// *** Execute ***
// Launch: 1 / 1
// Execute: dotnet WinForward.Benchmarks-ShortRun-1.dll --anonymousPipes 123 125 --benchmarkName "WinForward.Benchmarks.Perf.SessionSetupDecompositionBenchmarks.ComponentA7_EnqueueCycle(Sessions: 1000)" --job ShortRun --benchmarkId 32 in /home/paff/Projects/WinForward/benchmarks/WinForward.Benchmarks/bin/Release/net10.0/WinForward.Benchmarks-ShortRun-1/bin/Release/net10.0
// Failed to set up high priority (Permission denied). In order to run benchmarks with high priority, make sure you have the right permissions.
// BeforeAnythingElse

// Benchmark Process Environment Information:
// BenchmarkDotNet v0.15.8
// Runtime=.NET 10.0.12 (10.0.12, 10.0.1226.42308), X64 RyuJIT x86-64-v4
// GC=Concurrent Workstation
// HardwareIntrinsics=AVX512 BITALG+VBMI2+VNNI+VPOPCNTDQ,AVX512 IFMA+VBMI,AVX512 F+BW+CD+DQ+VL,AVX2+BMI1+BMI2+F16C+FMA+LZCNT+MOVBE,AVX,SSE3+SSSE3+SSE4.1+SSE4.2+POPCNT,X86Base+SSE+SSE2,AES+PCLMUL,AvxVnni VectorSize=256
// Job: ShortRun(InvocationCount=1, IterationCount=3, LaunchCount=1, UnrollFactor=1, WarmupCount=3)

OverheadJitting  1: 1 op, 404404.00 ns, 404.4040 us/op
WorkloadJitting  1: 1 op, 5202544.00 ns, 5.2025 ms/op

OverheadWarmup   1: 1 op, 451.00 ns, 451.0000 ns/op
OverheadWarmup   2: 1 op, 491.00 ns, 491.0000 ns/op
OverheadWarmup   3: 1 op, 301.00 ns, 301.0000 ns/op
OverheadWarmup   4: 1 op, 301.00 ns, 301.0000 ns/op
OverheadWarmup   5: 1 op, 451.00 ns, 451.0000 ns/op

OverheadActual   1: 1 op, 461.00 ns, 461.0000 ns/op
OverheadActual   2: 1 op, 430.00 ns, 430.0000 ns/op
OverheadActual   3: 1 op, 411.00 ns, 411.0000 ns/op
OverheadActual   4: 1 op, 471.00 ns, 471.0000 ns/op
OverheadActual   5: 1 op, 421.00 ns, 421.0000 ns/op
OverheadActual   6: 1 op, 271.00 ns, 271.0000 ns/op
OverheadActual   7: 1 op, 441.00 ns, 441.0000 ns/op
OverheadActual   8: 1 op, 491.00 ns, 491.0000 ns/op
OverheadActual   9: 1 op, 481.00 ns, 481.0000 ns/op
OverheadActual  10: 1 op, 301.00 ns, 301.0000 ns/op
OverheadActual  11: 1 op, 280.00 ns, 280.0000 ns/op
OverheadActual  12: 1 op, 281.00 ns, 281.0000 ns/op
OverheadActual  13: 1 op, 280.00 ns, 280.0000 ns/op
OverheadActual  14: 1 op, 481.00 ns, 481.0000 ns/op
OverheadActual  15: 1 op, 350.00 ns, 350.0000 ns/op
OverheadActual  16: 1 op, 351.00 ns, 351.0000 ns/op
OverheadActual  17: 1 op, 341.00 ns, 341.0000 ns/op
OverheadActual  18: 1 op, 441.00 ns, 441.0000 ns/op
OverheadActual  19: 1 op, 330.00 ns, 330.0000 ns/op
OverheadActual  20: 1 op, 341.00 ns, 341.0000 ns/op

WorkloadWarmup   1: 1 op, 271680.00 ns, 271.6800 us/op
WorkloadWarmup   2: 1 op, 259637.00 ns, 259.6370 us/op
WorkloadWarmup   3: 1 op, 320353.00 ns, 320.3530 us/op

// BeforeActualRun
WorkloadActual   1: 1 op, 274715.00 ns, 274.7150 us/op
WorkloadActual   2: 1 op, 399414.00 ns, 399.4140 us/op
WorkloadActual   3: 1 op, 260188.00 ns, 260.1880 us/op

// AfterActualRun
WorkloadResult   1: 1 op, 274334.00 ns, 274.3340 us/op
WorkloadResult   2: 1 op, 399033.00 ns, 399.0330 us/op
WorkloadResult   3: 1 op, 259807.00 ns, 259.8070 us/op
// GC:  0 0 0 1816 1
// Threading:  0 0 1

// AfterAll
// Benchmark Process 1641456 has exited with code 0.

Mean = 311.058 us, StdErr = 44.187 us (14.21%), N = 3, StdDev = 76.534 us
Min = 259.807 us, Q1 = 267.070 us, Median = 274.334 us, Q3 = 336.683 us, Max = 399.033 us
IQR = 69.613 us, LowerFence = 162.651 us, UpperFence = 441.103 us
ConfidenceInterval = [-1,085.208 us; 1,707.324 us] (CI 99.9%), Margin = 1,396.266 us (448.88% of Mean)
Skewness = 0.37, Kurtosis = 0.67, MValue = 2

// ** Remained 3 (8.3%) benchmark(s) to run. Estimated finish 2026-09-22 17:14 (0h 0m from now) **
// **************************
// Benchmark: SessionSetupDecompositionBenchmarks.ComponentA8_WarmRentAdmissionAsync: ShortRun(InvocationCount=1, IterationCount=3, LaunchCount=1, UnrollFactor=1, WarmupCount=3) [Sessions=1000]
// *** Execute ***
// Launch: 1 / 1
// Execute: dotnet WinForward.Benchmarks-ShortRun-1.dll --anonymousPipes 123 125 --benchmarkName "WinForward.Benchmarks.Perf.SessionSetupDecompositionBenchmarks.ComponentA8_WarmRentAdmissionAsync(Sessions: 1000)" --job ShortRun --benchmarkId 33 in /home/paff/Projects/WinForward/benchmarks/WinForward.Benchmarks/bin/Release/net10.0/WinForward.Benchmarks-ShortRun-1/bin/Release/net10.0
// Failed to set up high priority (Permission denied). In order to run benchmarks with high priority, make sure you have the right permissions.
// BeforeAnythingElse

// Benchmark Process Environment Information:
// BenchmarkDotNet v0.15.8
// Runtime=.NET 10.0.12 (10.0.12, 10.0.1226.42308), X64 RyuJIT x86-64-v4
// GC=Concurrent Workstation
// HardwareIntrinsics=AVX512 BITALG+VBMI2+VNNI+VPOPCNTDQ,AVX512 IFMA+VBMI,AVX512 F+BW+CD+DQ+VL,AVX2+BMI1+BMI2+F16C+FMA+LZCNT+MOVBE,AVX,SSE3+SSSE3+SSE4.1+SSE4.2+POPCNT,X86Base+SSE+SSE2,AES+PCLMUL,AvxVnni VectorSize=256
// Job: ShortRun(InvocationCount=1, IterationCount=3, LaunchCount=1, UnrollFactor=1, WarmupCount=3)

OverheadJitting  1: 1 op, 353105.00 ns, 353.1050 us/op
WorkloadJitting  1: 1 op, 26619548.00 ns, 26.6195 ms/op

OverheadWarmup   1: 1 op, 691.00 ns, 691.0000 ns/op
OverheadWarmup   2: 1 op, 651.00 ns, 651.0000 ns/op
OverheadWarmup   3: 1 op, 430.00 ns, 430.0000 ns/op
OverheadWarmup   4: 1 op, 491.00 ns, 491.0000 ns/op
OverheadWarmup   5: 1 op, 331.00 ns, 331.0000 ns/op
OverheadWarmup   6: 1 op, 972.00 ns, 972.0000 ns/op
OverheadWarmup   7: 1 op, 451.00 ns, 451.0000 ns/op

OverheadActual   1: 1 op, 521.00 ns, 521.0000 ns/op
OverheadActual   2: 1 op, 551.00 ns, 551.0000 ns/op
OverheadActual   3: 1 op, 882.00 ns, 882.0000 ns/op
OverheadActual   4: 1 op, 491.00 ns, 491.0000 ns/op
OverheadActual   5: 1 op, 451.00 ns, 451.0000 ns/op
OverheadActual   6: 1 op, 501.00 ns, 501.0000 ns/op
OverheadActual   7: 1 op, 531.00 ns, 531.0000 ns/op
OverheadActual   8: 1 op, 752.00 ns, 752.0000 ns/op
OverheadActual   9: 1 op, 431.00 ns, 431.0000 ns/op
OverheadActual  10: 1 op, 782.00 ns, 782.0000 ns/op
OverheadActual  11: 1 op, 571.00 ns, 571.0000 ns/op
OverheadActual  12: 1 op, 551.00 ns, 551.0000 ns/op
OverheadActual  13: 1 op, 480.00 ns, 480.0000 ns/op
OverheadActual  14: 1 op, 491.00 ns, 491.0000 ns/op
OverheadActual  15: 1 op, 460.00 ns, 460.0000 ns/op
OverheadActual  16: 1 op, 481.00 ns, 481.0000 ns/op
OverheadActual  17: 1 op, 471.00 ns, 471.0000 ns/op
OverheadActual  18: 1 op, 531.00 ns, 531.0000 ns/op
OverheadActual  19: 1 op, 460.00 ns, 460.0000 ns/op
OverheadActual  20: 1 op, 301.00 ns, 301.0000 ns/op

WorkloadWarmup   1: 1 op, 5112098.00 ns, 5.1121 ms/op
WorkloadWarmup   2: 1 op, 2469664.00 ns, 2.4697 ms/op
WorkloadWarmup   3: 1 op, 2236450.00 ns, 2.2365 ms/op

// BeforeActualRun
WorkloadActual   1: 1 op, 2757255.00 ns, 2.7573 ms/op
WorkloadActual   2: 1 op, 3509147.00 ns, 3.5091 ms/op
WorkloadActual   3: 1 op, 2219176.00 ns, 2.2192 ms/op

// AfterActualRun
WorkloadResult   1: 1 op, 2756759.00 ns, 2.7568 ms/op
WorkloadResult   2: 1 op, 3508651.00 ns, 3.5087 ms/op
WorkloadResult   3: 1 op, 2218680.00 ns, 2.2187 ms/op
// GC:  0 0 0 1028808 1
// Threading:  0 0 1

// AfterAll
// Benchmark Process 1641471 has exited with code 0.

Mean = 2.828 ms, StdErr = 0.374 ms (13.23%), N = 3, StdDev = 0.648 ms
Min = 2.219 ms, Q1 = 2.488 ms, Median = 2.757 ms, Q3 = 3.133 ms, Max = 3.509 ms
IQR = 0.645 ms, LowerFence = 1.520 ms, UpperFence = 4.100 ms
ConfidenceInterval = [-8.993 ms; 14.649 ms] (CI 99.9%), Margin = 11.821 ms (417.98% of Mean)
Skewness = 0.11, Kurtosis = 0.67, MValue = 2

// ** Remained 2 (5.6%) benchmark(s) to run. Estimated finish 2026-09-22 17:14 (0h 0m from now) **
// **************************
// Benchmark: SessionSetupDecompositionBenchmarks.ComponentA9a_DictionaryGrowthSpansResize: ShortRun(InvocationCount=1, IterationCount=3, LaunchCount=1, UnrollFactor=1, WarmupCount=3) [Sessions=1000]
// *** Execute ***
// Launch: 1 / 1
// Execute: dotnet WinForward.Benchmarks-ShortRun-1.dll --anonymousPipes 123 125 --benchmarkName "WinForward.Benchmarks.Perf.SessionSetupDecompositionBenchmarks.ComponentA9a_DictionaryGrowthSpansResize(Sessions: 1000)" --job ShortRun --benchmarkId 34 in /home/paff/Projects/WinForward/benchmarks/WinForward.Benchmarks/bin/Release/net10.0/WinForward.Benchmarks-ShortRun-1/bin/Release/net10.0
// Failed to set up high priority (Permission denied). In order to run benchmarks with high priority, make sure you have the right permissions.
// BeforeAnythingElse

// Benchmark Process Environment Information:
// BenchmarkDotNet v0.15.8
// Runtime=.NET 10.0.12 (10.0.12, 10.0.1226.42308), X64 RyuJIT x86-64-v4
// GC=Concurrent Workstation
// HardwareIntrinsics=AVX512 BITALG+VBMI2+VNNI+VPOPCNTDQ,AVX512 IFMA+VBMI,AVX512 F+BW+CD+DQ+VL,AVX2+BMI1+BMI2+F16C+FMA+LZCNT+MOVBE,AVX,SSE3+SSSE3+SSE4.1+SSE4.2+POPCNT,X86Base+SSE+SSE2,AES+PCLMUL,AvxVnni VectorSize=256
// Job: ShortRun(InvocationCount=1, IterationCount=3, LaunchCount=1, UnrollFactor=1, WarmupCount=3)

OverheadJitting  1: 1 op, 336995.00 ns, 336.9950 us/op
WorkloadJitting  1: 1 op, 12870962.00 ns, 12.8710 ms/op

OverheadWarmup   1: 1 op, 611.00 ns, 611.0000 ns/op
OverheadWarmup   2: 1 op, 271.00 ns, 271.0000 ns/op
OverheadWarmup   3: 1 op, 450.00 ns, 450.0000 ns/op
OverheadWarmup   4: 1 op, 471.00 ns, 471.0000 ns/op
OverheadWarmup   5: 1 op, 451.00 ns, 451.0000 ns/op
OverheadWarmup   6: 1 op, 591.00 ns, 591.0000 ns/op
OverheadWarmup   7: 1 op, 721.00 ns, 721.0000 ns/op
OverheadWarmup   8: 1 op, 441.00 ns, 441.0000 ns/op

OverheadActual   1: 1 op, 481.00 ns, 481.0000 ns/op
OverheadActual   2: 1 op, 1122.00 ns, 1.1220 us/op
OverheadActual   3: 1 op, 541.00 ns, 541.0000 ns/op
OverheadActual   4: 1 op, 461.00 ns, 461.0000 ns/op
OverheadActual   5: 1 op, 421.00 ns, 421.0000 ns/op
OverheadActual   6: 1 op, 441.00 ns, 441.0000 ns/op
OverheadActual   7: 1 op, 501.00 ns, 501.0000 ns/op
OverheadActual   8: 1 op, 581.00 ns, 581.0000 ns/op
OverheadActual   9: 1 op, 361.00 ns, 361.0000 ns/op
OverheadActual  10: 1 op, 450.00 ns, 450.0000 ns/op
OverheadActual  11: 1 op, 280.00 ns, 280.0000 ns/op
OverheadActual  12: 1 op, 441.00 ns, 441.0000 ns/op
OverheadActual  13: 1 op, 511.00 ns, 511.0000 ns/op
OverheadActual  14: 1 op, 491.00 ns, 491.0000 ns/op
OverheadActual  15: 1 op, 431.00 ns, 431.0000 ns/op
OverheadActual  16: 1 op, 501.00 ns, 501.0000 ns/op
OverheadActual  17: 1 op, 411.00 ns, 411.0000 ns/op
OverheadActual  18: 1 op, 440.00 ns, 440.0000 ns/op
OverheadActual  19: 1 op, 281.00 ns, 281.0000 ns/op
OverheadActual  20: 1 op, 431.00 ns, 431.0000 ns/op

WorkloadWarmup   1: 1 op, 2578904.00 ns, 2.5789 ms/op
WorkloadWarmup   2: 1 op, 1967504.00 ns, 1.9675 ms/op
WorkloadWarmup   3: 1 op, 1813380.00 ns, 1.8134 ms/op

// BeforeActualRun
WorkloadActual   1: 1 op, 5948299.00 ns, 5.9483 ms/op
WorkloadActual   2: 1 op, 1797318.00 ns, 1.7973 ms/op
WorkloadActual   3: 1 op, 1772100.00 ns, 1.7721 ms/op

// AfterActualRun
WorkloadResult   1: 1 op, 5947853.50 ns, 5.9479 ms/op
WorkloadResult   2: 1 op, 1796872.50 ns, 1.7969 ms/op
WorkloadResult   3: 1 op, 1771654.50 ns, 1.7717 ms/op
// GC:  0 0 0 950560 1
// Threading:  0 0 1

// AfterAll
// Benchmark Process 1641480 has exited with code 0.

Mean = 3.172 ms, StdErr = 1.388 ms (43.75%), N = 3, StdDev = 2.404 ms
Min = 1.772 ms, Q1 = 1.784 ms, Median = 1.797 ms, Q3 = 3.872 ms, Max = 5.948 ms
IQR = 2.088 ms, LowerFence = -1.348 ms, UpperFence = 7.005 ms
ConfidenceInterval = [-40.684 ms; 47.028 ms] (CI 99.9%), Margin = 43.856 ms (1382.54% of Mean)
Skewness = 0.38, Kurtosis = 0.67, MValue = 2

// ** Remained 1 (2.8%) benchmark(s) to run. Estimated finish 2026-09-22 17:14 (0h 0m from now) **
// **************************
// Benchmark: SessionSetupDecompositionBenchmarks.ComponentA9b_DictionaryGrowthNoResize: ShortRun(InvocationCount=1, IterationCount=3, LaunchCount=1, UnrollFactor=1, WarmupCount=3) [Sessions=1000]
// *** Execute ***
// Launch: 1 / 1
// Execute: dotnet WinForward.Benchmarks-ShortRun-1.dll --anonymousPipes 123 125 --benchmarkName "WinForward.Benchmarks.Perf.SessionSetupDecompositionBenchmarks.ComponentA9b_DictionaryGrowthNoResize(Sessions: 1000)" --job ShortRun --benchmarkId 35 in /home/paff/Projects/WinForward/benchmarks/WinForward.Benchmarks/bin/Release/net10.0/WinForward.Benchmarks-ShortRun-1/bin/Release/net10.0
// Failed to set up high priority (Permission denied). In order to run benchmarks with high priority, make sure you have the right permissions.
// BeforeAnythingElse

// Benchmark Process Environment Information:
// BenchmarkDotNet v0.15.8
// Runtime=.NET 10.0.12 (10.0.12, 10.0.1226.42308), X64 RyuJIT x86-64-v4
// GC=Concurrent Workstation
// HardwareIntrinsics=AVX512 BITALG+VBMI2+VNNI+VPOPCNTDQ,AVX512 IFMA+VBMI,AVX512 F+BW+CD+DQ+VL,AVX2+BMI1+BMI2+F16C+FMA+LZCNT+MOVBE,AVX,SSE3+SSSE3+SSE4.1+SSE4.2+POPCNT,X86Base+SSE+SSE2,AES+PCLMUL,AvxVnni VectorSize=256
// Job: ShortRun(InvocationCount=1, IterationCount=3, LaunchCount=1, UnrollFactor=1, WarmupCount=3)

OverheadJitting  1: 1 op, 319040.00 ns, 319.0400 us/op
WorkloadJitting  1: 1 op, 12072435.00 ns, 12.0724 ms/op

OverheadWarmup   1: 1 op, 471.00 ns, 471.0000 ns/op
OverheadWarmup   2: 1 op, 501.00 ns, 501.0000 ns/op
OverheadWarmup   3: 1 op, 421.00 ns, 421.0000 ns/op
OverheadWarmup   4: 1 op, 490.00 ns, 490.0000 ns/op
OverheadWarmup   5: 1 op, 481.00 ns, 481.0000 ns/op

OverheadActual   1: 1 op, 411.00 ns, 411.0000 ns/op
OverheadActual   2: 1 op, 430.00 ns, 430.0000 ns/op
OverheadActual   3: 1 op, 471.00 ns, 471.0000 ns/op
OverheadActual   4: 1 op, 461.00 ns, 461.0000 ns/op
OverheadActual   5: 1 op, 491.00 ns, 491.0000 ns/op
OverheadActual   6: 1 op, 451.00 ns, 451.0000 ns/op
OverheadActual   7: 1 op, 371.00 ns, 371.0000 ns/op
OverheadActual   8: 1 op, 521.00 ns, 521.0000 ns/op
OverheadActual   9: 1 op, 421.00 ns, 421.0000 ns/op
OverheadActual  10: 1 op, 451.00 ns, 451.0000 ns/op
OverheadActual  11: 1 op, 451.00 ns, 451.0000 ns/op
OverheadActual  12: 1 op, 541.00 ns, 541.0000 ns/op
OverheadActual  13: 1 op, 451.00 ns, 451.0000 ns/op
OverheadActual  14: 1 op, 381.00 ns, 381.0000 ns/op
OverheadActual  15: 1 op, 411.00 ns, 411.0000 ns/op
OverheadActual  16: 1 op, 401.00 ns, 401.0000 ns/op
OverheadActual  17: 1 op, 300.00 ns, 300.0000 ns/op
OverheadActual  18: 1 op, 440.00 ns, 440.0000 ns/op
OverheadActual  19: 1 op, 370.00 ns, 370.0000 ns/op
OverheadActual  20: 1 op, 361.00 ns, 361.0000 ns/op

WorkloadWarmup   1: 1 op, 2447993.00 ns, 2.4480 ms/op
WorkloadWarmup   2: 1 op, 2053939.00 ns, 2.0539 ms/op
WorkloadWarmup   3: 1 op, 1728417.00 ns, 1.7284 ms/op

// BeforeActualRun
WorkloadActual   1: 1 op, 5667793.00 ns, 5.6678 ms/op
WorkloadActual   2: 1 op, 1645998.00 ns, 1.6460 ms/op
WorkloadActual   3: 1 op, 1692067.00 ns, 1.6921 ms/op

// AfterActualRun
WorkloadResult   1: 1 op, 5667358.00 ns, 5.6674 ms/op
WorkloadResult   2: 1 op, 1645563.00 ns, 1.6456 ms/op
WorkloadResult   3: 1 op, 1691632.00 ns, 1.6916 ms/op
// GC:  0 0 0 787264 1
// Threading:  0 0 1

// AfterAll
// Benchmark Process 1641489 has exited with code 0.

Mean = 3.002 ms, StdErr = 1.333 ms (44.41%), N = 3, StdDev = 2.309 ms
Min = 1.646 ms, Q1 = 1.669 ms, Median = 1.692 ms, Q3 = 3.679 ms, Max = 5.667 ms
IQR = 2.011 ms, LowerFence = -1.348 ms, UpperFence = 6.696 ms
ConfidenceInterval = [-39.120 ms; 45.123 ms] (CI 99.9%), Margin = 42.121 ms (1403.33% of Mean)
Skewness = 0.38, Kurtosis = 0.67, MValue = 2

// ** Remained 0 (0.0%) benchmark(s) to run. Estimated finish 2026-09-22 17:14 (0h 0m from now) **
// ***** BenchmarkRunner: Finish  *****

// * Export *
  BenchmarkDotNet.Artifacts/results/WinForward.Benchmarks.Perf.SessionSetupDecompositionBenchmarks-report.csv
  BenchmarkDotNet.Artifacts/results/WinForward.Benchmarks.Perf.SessionSetupDecompositionBenchmarks-report-github.md
  BenchmarkDotNet.Artifacts/results/WinForward.Benchmarks.Perf.SessionSetupDecompositionBenchmarks-report.html

// * Detailed results *
SessionSetupDecompositionBenchmarks.StageS1_AdmissionOnlyAsync: ShortRun(InvocationCount=1, IterationCount=3, LaunchCount=1, UnrollFactor=1, WarmupCount=3) [Sessions=1]
Runtime = .NET 10.0.12 (10.0.12, 10.0.1226.42308), X64 RyuJIT x86-64-v4; GC = Concurrent Workstation
Mean = 50.159 us, StdErr = 15.784 us (31.47%), N = 3, StdDev = 27.339 us
Min = 34.175 us, Q1 = 34.376 us, Median = 34.576 us, Q3 = 58.151 us, Max = 81.727 us
IQR = 23.776 us, LowerFence = -1.288 us, UpperFence = 93.816 us
ConfidenceInterval = [-448.608 us; 548.927 us] (CI 99.9%), Margin = 498.768 us (994.37% of Mean)
Skewness = 0.38, Kurtosis = 0.67, MValue = 2
-------------------- Histogram --------------------
[33.071 us ; 82.831 us) | @@@
---------------------------------------------------

SessionSetupDecompositionBenchmarks.ComponentA1_AssociationTablePreSeed: ShortRun(InvocationCount=1, IterationCount=3, LaunchCount=1, UnrollFactor=1, WarmupCount=3) [Sessions=1]
Runtime = .NET 10.0.12 (10.0.12, 10.0.1226.42308), X64 RyuJIT x86-64-v4; GC = Concurrent Workstation
Mean = 29.039 us, StdErr = 24.856 us (85.59%), N = 3, StdDev = 43.051 us
Min = 3.998 us, Q1 = 4.184 us, Median = 4.369 us, Q3 = 41.559 us, Max = 78.750 us
IQR = 37.376 us, LowerFence = -51.880 us, UpperFence = 97.624 us
ConfidenceInterval = [-756.379 us; 814.457 us] (CI 99.9%), Margin = 785.418 us (2704.70% of Mean)
Skewness = 0.38, Kurtosis = 0.67, MValue = 2
-------------------- Histogram --------------------
[2.196 us ; 80.552 us) | @@@
---------------------------------------------------

SessionSetupDecompositionBenchmarks.ComponentA2_SessionDictionaryPreSeed: ShortRun(InvocationCount=1, IterationCount=3, LaunchCount=1, UnrollFactor=1, WarmupCount=3) [Sessions=1]
Runtime = .NET 10.0.12 (10.0.12, 10.0.1226.42308), X64 RyuJIT x86-64-v4; GC = Concurrent Workstation
Mean = 8.197 us, StdErr = 4.635 us (56.55%), N = 3, StdDev = 8.029 us
Min = 3.552 us, Q1 = 3.562 us, Median = 3.572 us, Q3 = 10.520 us, Max = 17.468 us
IQR = 6.958 us, LowerFence = -6.875 us, UpperFence = 20.957 us
ConfidenceInterval = [-138.275 us; 154.670 us] (CI 99.9%), Margin = 146.472 us (1786.83% of Mean)
Skewness = 0.38, Kurtosis = 0.67, MValue = 2
-------------------- Histogram --------------------
[3.204 us ; 17.816 us) | @@@
---------------------------------------------------

SessionSetupDecompositionBenchmarks.ComponentA3_CooldownTableConstruction: ShortRun(InvocationCount=1, IterationCount=3, LaunchCount=1, UnrollFactor=1, WarmupCount=3) [Sessions=1]
Runtime = .NET 10.0.12 (10.0.12, 10.0.1226.42308), X64 RyuJIT x86-64-v4; GC = Concurrent Workstation
Mean = 7.658 us, StdErr = 4.529 us (59.15%), N = 3, StdDev = 7.845 us
Min = 2.685 us, Q1 = 3.136 us, Median = 3.587 us, Q3 = 10.145 us, Max = 16.702 us
IQR = 7.008 us, LowerFence = -7.377 us, UpperFence = 20.657 us
ConfidenceInterval = [-135.470 us; 150.786 us] (CI 99.9%), Margin = 143.128 us (1868.99% of Mean)
Skewness = 0.38, Kurtosis = 0.67, MValue = 2
-------------------- Histogram --------------------
[2.554 us ; 16.833 us) | @@@
---------------------------------------------------

SessionSetupDecompositionBenchmarks.ComponentA4_SlotAndQueueObjects: ShortRun(InvocationCount=1, IterationCount=3, LaunchCount=1, UnrollFactor=1, WarmupCount=3) [Sessions=1]
Runtime = .NET 10.0.12 (10.0.12, 10.0.1226.42308), X64 RyuJIT x86-64-v4; GC = Concurrent Workstation
Mean = 8.840 us, StdErr = 5.269 us (59.60%), N = 3, StdDev = 9.126 us
Min = 3.166 us, Q1 = 3.576 us, Median = 3.987 us, Q3 = 11.677 us, Max = 19.367 us
IQR = 8.101 us, LowerFence = -8.574 us, UpperFence = 23.828 us
ConfidenceInterval = [-157.650 us; 175.330 us] (CI 99.9%), Margin = 166.490 us (1883.37% of Mean)
Skewness = 0.38, Kurtosis = 0.67, MValue = 2
-------------------- Histogram --------------------
[2.962 us ; 19.571 us) | @@@
---------------------------------------------------

SessionSetupDecompositionBenchmarks.ComponentA4b_BoundedSetupQueueObject: ShortRun(InvocationCount=1, IterationCount=3, LaunchCount=1, UnrollFactor=1, WarmupCount=3) [Sessions=1]
Runtime = .NET 10.0.12 (10.0.12, 10.0.1226.42308), X64 RyuJIT x86-64-v4; GC = Concurrent Workstation
Mean = 1.100 us, StdErr = 0.154 us (14.03%), N = 3, StdDev = 0.267 us
Min = 0.792 us, Q1 = 1.012 us, Median = 1.233 us, Q3 = 1.254 us, Max = 1.274 us
IQR = 0.241 us, LowerFence = 0.651 us, UpperFence = 1.615 us
ConfidenceInterval = [-3.776 us; 5.975 us] (CI 99.9%), Margin = 4.875 us (443.35% of Mean)
Skewness = -0.37, Kurtosis = 0.67, MValue = 2
-------------------- Histogram --------------------
[0.790 us ; 1.276 us) | @@@
---------------------------------------------------

SessionSetupDecompositionBenchmarks.ComponentA5_CompletionCell: ShortRun(InvocationCount=1, IterationCount=3, LaunchCount=1, UnrollFactor=1, WarmupCount=3) [Sessions=1]
Runtime = .NET 10.0.12 (10.0.12, 10.0.1226.42308), X64 RyuJIT x86-64-v4; GC = Concurrent Workstation
Mean = 7.839 us, StdErr = 4.793 us (61.15%), N = 3, StdDev = 8.302 us
Min = 2.906 us, Q1 = 3.046 us, Median = 3.186 us, Q3 = 10.305 us, Max = 17.424 us
IQR = 7.259 us, LowerFence = -7.843 us, UpperFence = 21.194 us
ConfidenceInterval = [-143.627 us; 159.304 us] (CI 99.9%), Margin = 151.465 us (1932.28% of Mean)
Skewness = 0.38, Kurtosis = 0.67, MValue = 2
-------------------- Histogram --------------------
[2.610 us ; 17.720 us) | @@@
---------------------------------------------------

SessionSetupDecompositionBenchmarks.ComponentA6_ColdRent: ShortRun(InvocationCount=1, IterationCount=3, LaunchCount=1, UnrollFactor=1, WarmupCount=3) [Sessions=1]
Runtime = .NET 10.0.12 (10.0.12, 10.0.1226.42308), X64 RyuJIT x86-64-v4; GC = Concurrent Workstation
Mean = 7.144 us, StdErr = 0.852 us (11.93%), N = 3, StdDev = 1.476 us
Min = 6.253 us, Q1 = 6.293 us, Median = 6.332 us, Q3 = 7.590 us, Max = 8.848 us
IQR = 1.298 us, LowerFence = 4.346 us, UpperFence = 9.536 us
ConfidenceInterval = [-19.778 us; 34.066 us] (CI 99.9%), Margin = 26.922 us (376.84% of Mean)
Skewness = 0.38, Kurtosis = 0.67, MValue = 2
-------------------- Histogram --------------------
[6.207 us ; 8.893 us) | @@@
---------------------------------------------------

SessionSetupDecompositionBenchmarks.ComponentA7_EnqueueCycle: ShortRun(InvocationCount=1, IterationCount=3, LaunchCount=1, UnrollFactor=1, WarmupCount=3) [Sessions=1]
Runtime = .NET 10.0.12 (10.0.12, 10.0.1226.42308), X64 RyuJIT x86-64-v4; GC = Concurrent Workstation
Mean = 9.604 us, StdErr = 0.980 us (10.21%), N = 3, StdDev = 1.698 us
Min = 8.482 us, Q1 = 8.627 us, Median = 8.773 us, Q3 = 10.165 us, Max = 11.557 us
IQR = 1.538 us, LowerFence = 6.320 us, UpperFence = 12.472 us
ConfidenceInterval = [-21.377 us; 40.585 us] (CI 99.9%), Margin = 30.981 us (322.59% of Mean)
Skewness = 0.37, Kurtosis = 0.67, MValue = 2
-------------------- Histogram --------------------
[8.474 us ; 11.565 us) | @@@
---------------------------------------------------

SessionSetupDecompositionBenchmarks.ComponentA8_WarmRentAdmissionAsync: ShortRun(InvocationCount=1, IterationCount=3, LaunchCount=1, UnrollFactor=1, WarmupCount=3) [Sessions=1]
Runtime = .NET 10.0.12 (10.0.12, 10.0.1226.42308), X64 RyuJIT x86-64-v4; GC = Concurrent Workstation
Mean = 48.747 us, StdErr = 12.736 us (26.13%), N = 3, StdDev = 22.059 us
Min = 35.518 us, Q1 = 36.014 us, Median = 36.510 us, Q3 = 55.361 us, Max = 74.212 us
IQR = 19.347 us, LowerFence = 6.994 us, UpperFence = 84.382 us
ConfidenceInterval = [-353.695 us; 451.189 us] (CI 99.9%), Margin = 402.442 us (825.58% of Mean)
Skewness = 0.38, Kurtosis = 0.67, MValue = 2
-------------------- Histogram --------------------
[34.790 us ; 74.940 us) | @@@
---------------------------------------------------

SessionSetupDecompositionBenchmarks.ComponentA9a_DictionaryGrowthSpansResize: ShortRun(InvocationCount=1, IterationCount=3, LaunchCount=1, UnrollFactor=1, WarmupCount=3) [Sessions=1]
Runtime = .NET 10.0.12 (10.0.12, 10.0.1226.42308), X64 RyuJIT x86-64-v4; GC = Concurrent Workstation
Mean = 3.211 ms, StdErr = 1.492 ms (46.47%), N = 3, StdDev = 2.585 ms
Min = 1.664 ms, Q1 = 1.719 ms, Median = 1.774 ms, Q3 = 3.985 ms, Max = 6.195 ms
IQR = 2.266 ms, LowerFence = -1.679 ms, UpperFence = 7.383 ms
ConfidenceInterval = [-43.945 ms; 50.368 ms] (CI 99.9%), Margin = 47.156 ms (1468.52% of Mean)
Skewness = 0.38, Kurtosis = 0.67, MValue = 2
-------------------- Histogram --------------------
[1.577 ms ; 6.282 ms) | @@@
---------------------------------------------------

SessionSetupDecompositionBenchmarks.ComponentA9b_DictionaryGrowthNoResize: ShortRun(InvocationCount=1, IterationCount=3, LaunchCount=1, UnrollFactor=1, WarmupCount=3) [Sessions=1]
Runtime = .NET 10.0.12 (10.0.12, 10.0.1226.42308), X64 RyuJIT x86-64-v4; GC = Concurrent Workstation
Mean = 3.205 ms, StdErr = 1.496 ms (46.68%), N = 3, StdDev = 2.591 ms
Min = 1.701 ms, Q1 = 1.709 ms, Median = 1.718 ms, Q3 = 3.958 ms, Max = 6.198 ms
IQR = 2.248 ms, LowerFence = -1.663 ms, UpperFence = 7.330 ms
ConfidenceInterval = [-44.072 ms; 50.483 ms] (CI 99.9%), Margin = 47.278 ms (1474.91% of Mean)
Skewness = 0.38, Kurtosis = 0.67, MValue = 2
-------------------- Histogram --------------------
[1.591 ms ; 6.308 ms) | @@@
---------------------------------------------------

SessionSetupDecompositionBenchmarks.StageS1_AdmissionOnlyAsync: ShortRun(InvocationCount=1, IterationCount=3, LaunchCount=1, UnrollFactor=1, WarmupCount=3) [Sessions=100]
Runtime = .NET 10.0.12 (10.0.12, 10.0.1226.42308), X64 RyuJIT x86-64-v4; GC = Concurrent Workstation
Mean = 224.082 us, StdErr = 0.933 us (0.42%), N = 3, StdDev = 1.615 us
Min = 222.897 us, Q1 = 223.162 us, Median = 223.428 us, Q3 = 224.675 us, Max = 225.922 us
IQR = 1.512 us, LowerFence = 220.894 us, UpperFence = 226.944 us
ConfidenceInterval = [194.616 us; 253.549 us] (CI 99.9%), Margin = 29.467 us (13.15% of Mean)
Skewness = 0.34, Kurtosis = 0.67, MValue = 2
-------------------- Histogram --------------------
[221.427 us ; 227.392 us) | @@@
---------------------------------------------------

SessionSetupDecompositionBenchmarks.ComponentA1_AssociationTablePreSeed: ShortRun(InvocationCount=1, IterationCount=3, LaunchCount=1, UnrollFactor=1, WarmupCount=3) [Sessions=100]
Runtime = .NET 10.0.12 (10.0.12, 10.0.1226.42308), X64 RyuJIT x86-64-v4; GC = Concurrent Workstation
Mean = 26.756 us, StdErr = 19.983 us (74.69%), N = 3, StdDev = 34.612 us
Min = 6.717 us, Q1 = 6.772 us, Median = 6.828 us, Q3 = 36.775 us, Max = 66.722 us
IQR = 30.003 us, LowerFence = -38.231 us, UpperFence = 81.779 us
ConfidenceInterval = [-604.694 us; 658.206 us] (CI 99.9%), Margin = 631.450 us (2360.06% of Mean)
Skewness = 0.38, Kurtosis = 0.67, MValue = 2
-------------------- Histogram --------------------
[5.221 us ; 68.218 us) | @@@
---------------------------------------------------

SessionSetupDecompositionBenchmarks.ComponentA2_SessionDictionaryPreSeed: ShortRun(InvocationCount=1, IterationCount=3, LaunchCount=1, UnrollFactor=1, WarmupCount=3) [Sessions=100]
Runtime = .NET 10.0.12 (10.0.12, 10.0.1226.42308), X64 RyuJIT x86-64-v4; GC = Concurrent Workstation
Mean = 17.183 us, StdErr = 13.396 us (77.96%), N = 3, StdDev = 23.202 us
Min = 3.657 us, Q1 = 3.787 us, Median = 3.917 us, Q3 = 23.945 us, Max = 43.974 us
IQR = 20.159 us, LowerFence = -26.451 us, UpperFence = 54.183 us
ConfidenceInterval = [-406.114 us; 440.480 us] (CI 99.9%), Margin = 423.297 us (2463.51% of Mean)
Skewness = 0.38, Kurtosis = 0.67, MValue = 2
-------------------- Histogram --------------------
[2.701 us ; 44.930 us) | @@@
---------------------------------------------------

SessionSetupDecompositionBenchmarks.ComponentA3_CooldownTableConstruction: ShortRun(InvocationCount=1, IterationCount=3, LaunchCount=1, UnrollFactor=1, WarmupCount=3) [Sessions=100]
Runtime = .NET 10.0.12 (10.0.12, 10.0.1226.42308), X64 RyuJIT x86-64-v4; GC = Concurrent Workstation
Mean = 7.138 us, StdErr = 4.429 us (62.04%), N = 3, StdDev = 7.670 us
Min = 2.640 us, Q1 = 2.710 us, Median = 2.780 us, Q3 = 9.387 us, Max = 15.995 us
IQR = 6.678 us, LowerFence = -7.306 us, UpperFence = 19.404 us
ConfidenceInterval = [-132.799 us; 147.075 us] (CI 99.9%), Margin = 139.937 us (1960.36% of Mean)
Skewness = 0.38, Kurtosis = 0.67, MValue = 2
-------------------- Histogram --------------------
[2.337 us ; 16.298 us) | @@@
---------------------------------------------------

SessionSetupDecompositionBenchmarks.ComponentA4_SlotAndQueueObjects: ShortRun(InvocationCount=1, IterationCount=3, LaunchCount=1, UnrollFactor=1, WarmupCount=3) [Sessions=100]
Runtime = .NET 10.0.12 (10.0.12, 10.0.1226.42308), X64 RyuJIT x86-64-v4; GC = Concurrent Workstation
Mean = 27.082 us, StdErr = 10.011 us (36.97%), N = 3, StdDev = 17.340 us
Min = 7.945 us, Q1 = 19.748 us, Median = 31.551 us, Q3 = 36.650 us, Max = 41.749 us
IQR = 16.902 us, LowerFence = -5.605 us, UpperFence = 62.003 us
ConfidenceInterval = [-289.256 us; 343.419 us] (CI 99.9%), Margin = 316.337 us (1168.09% of Mean)
Skewness = -0.24, Kurtosis = 0.67, MValue = 2
-------------------- Histogram --------------------
[ 7.945 us ; 20.870 us) | @
[20.870 us ; 57.529 us) | @@
---------------------------------------------------

SessionSetupDecompositionBenchmarks.ComponentA4b_BoundedSetupQueueObject: ShortRun(InvocationCount=1, IterationCount=3, LaunchCount=1, UnrollFactor=1, WarmupCount=3) [Sessions=100]
Runtime = .NET 10.0.12 (10.0.12, 10.0.1226.42308), X64 RyuJIT x86-64-v4; GC = Concurrent Workstation
Mean = 7.370 us, StdErr = 0.029 us (0.39%), N = 3, StdDev = 0.050 us
Min = 7.319 us, Q1 = 7.345 us, Median = 7.370 us, Q3 = 7.394 us, Max = 7.420 us
IQR = 0.050 us, LowerFence = 7.269 us, UpperFence = 7.470 us
ConfidenceInterval = [6.457 us; 8.282 us] (CI 99.9%), Margin = 0.912 us (12.38% of Mean)
Skewness = 0, Kurtosis = 0.67, MValue = 2
-------------------- Histogram --------------------
[7.274 us ; 7.465 us) | @@@
---------------------------------------------------

SessionSetupDecompositionBenchmarks.ComponentA5_CompletionCell: ShortRun(InvocationCount=1, IterationCount=3, LaunchCount=1, UnrollFactor=1, WarmupCount=3) [Sessions=100]
Runtime = .NET 10.0.12 (10.0.12, 10.0.1226.42308), X64 RyuJIT x86-64-v4; GC = Concurrent Workstation
Mean = 21.102 us, StdErr = 14.300 us (67.77%), N = 3, StdDev = 24.768 us
Min = 6.597 us, Q1 = 6.803 us, Median = 7.008 us, Q3 = 28.354 us, Max = 49.700 us
IQR = 21.552 us, LowerFence = -25.525 us, UpperFence = 60.681 us
ConfidenceInterval = [-430.754 us; 472.957 us] (CI 99.9%), Margin = 451.856 us (2141.33% of Mean)
Skewness = 0.38, Kurtosis = 0.67, MValue = 2
-------------------- Histogram --------------------
[5.609 us ; 50.688 us) | @@@
---------------------------------------------------

SessionSetupDecompositionBenchmarks.ComponentA6_ColdRent: ShortRun(InvocationCount=1, IterationCount=3, LaunchCount=1, UnrollFactor=1, WarmupCount=3) [Sessions=100]
Runtime = .NET 10.0.12 (10.0.12, 10.0.1226.42308), X64 RyuJIT x86-64-v4; GC = Concurrent Workstation
Mean = 31.921 us, StdErr = 17.444 us (54.65%), N = 3, StdDev = 30.214 us
Min = 13.716 us, Q1 = 14.482 us, Median = 15.249 us, Q3 = 41.023 us, Max = 66.798 us
IQR = 26.541 us, LowerFence = -25.329 us, UpperFence = 80.835 us
ConfidenceInterval = [-519.297 us; 583.139 us] (CI 99.9%), Margin = 551.218 us (1726.82% of Mean)
Skewness = 0.38, Kurtosis = 0.67, MValue = 2
-------------------- Histogram --------------------
[12.761 us ; 67.753 us) | @@@
---------------------------------------------------

SessionSetupDecompositionBenchmarks.ComponentA7_EnqueueCycle: ShortRun(InvocationCount=1, IterationCount=3, LaunchCount=1, UnrollFactor=1, WarmupCount=3) [Sessions=100]
Runtime = .NET 10.0.12 (10.0.12, 10.0.1226.42308), X64 RyuJIT x86-64-v4; GC = Concurrent Workstation
Mean = 34.418 us, StdErr = 0.703 us (2.04%), N = 3, StdDev = 1.218 us
Min = 33.179 us, Q1 = 33.821 us, Median = 34.462 us, Q3 = 35.038 us, Max = 35.614 us
IQR = 1.218 us, LowerFence = 31.994 us, UpperFence = 36.864 us
ConfidenceInterval = [12.196 us; 56.641 us] (CI 99.9%), Margin = 22.222 us (64.57% of Mean)
Skewness = -0.04, Kurtosis = 0.67, MValue = 2
-------------------- Histogram --------------------
[32.070 us ; 33.929 us) | @
[33.929 us ; 36.147 us) | @@
---------------------------------------------------

SessionSetupDecompositionBenchmarks.ComponentA8_WarmRentAdmissionAsync: ShortRun(InvocationCount=1, IterationCount=3, LaunchCount=1, UnrollFactor=1, WarmupCount=3) [Sessions=100]
Runtime = .NET 10.0.12 (10.0.12, 10.0.1226.42308), X64 RyuJIT x86-64-v4; GC = Concurrent Workstation
Mean = 279.145 us, StdErr = 35.557 us (12.74%), N = 3, StdDev = 61.586 us
Min = 224.450 us, Q1 = 245.791 us, Median = 267.132 us, Q3 = 306.492 us, Max = 345.852 us
IQR = 60.701 us, LowerFence = 154.739 us, UpperFence = 397.543 us
ConfidenceInterval = [-844.414 us; 1,402.703 us] (CI 99.9%), Margin = 1,123.559 us (402.50% of Mean)
Skewness = 0.19, Kurtosis = 0.67, MValue = 2
-------------------- Histogram --------------------
[189.745 us ; 301.837 us) | @@
[301.837 us ; 401.898 us) | @
---------------------------------------------------

SessionSetupDecompositionBenchmarks.ComponentA9a_DictionaryGrowthSpansResize: ShortRun(InvocationCount=1, IterationCount=3, LaunchCount=1, UnrollFactor=1, WarmupCount=3) [Sessions=100]
Runtime = .NET 10.0.12 (10.0.12, 10.0.1226.42308), X64 RyuJIT x86-64-v4; GC = Concurrent Workstation
Mean = 3.341 ms, StdErr = 1.368 ms (40.95%), N = 3, StdDev = 2.370 ms
Min = 1.881 ms, Q1 = 1.974 ms, Median = 2.066 ms, Q3 = 4.071 ms, Max = 6.075 ms
IQR = 2.097 ms, LowerFence = -1.171 ms, UpperFence = 7.216 ms
ConfidenceInterval = [-39.891 ms; 46.574 ms] (CI 99.9%), Margin = 43.232 ms (1293.97% of Mean)
Skewness = 0.38, Kurtosis = 0.67, MValue = 2
-------------------- Histogram --------------------
[1.822 ms ; 6.135 ms) | @@@
---------------------------------------------------

SessionSetupDecompositionBenchmarks.ComponentA9b_DictionaryGrowthNoResize: ShortRun(InvocationCount=1, IterationCount=3, LaunchCount=1, UnrollFactor=1, WarmupCount=3) [Sessions=100]
Runtime = .NET 10.0.12 (10.0.12, 10.0.1226.42308), X64 RyuJIT x86-64-v4; GC = Concurrent Workstation
Mean = 3.019 ms, StdErr = 1.321 ms (43.77%), N = 3, StdDev = 2.289 ms
Min = 1.672 ms, Q1 = 1.698 ms, Median = 1.723 ms, Q3 = 3.693 ms, Max = 5.662 ms
IQR = 1.995 ms, LowerFence = -1.295 ms, UpperFence = 6.685 ms
ConfidenceInterval = [-38.738 ms; 44.777 ms] (CI 99.9%), Margin = 41.758 ms (1383.06% of Mean)
Skewness = 0.38, Kurtosis = 0.67, MValue = 2
-------------------- Histogram --------------------
[1.584 ms ; 5.750 ms) | @@@
---------------------------------------------------

SessionSetupDecompositionBenchmarks.StageS1_AdmissionOnlyAsync: ShortRun(InvocationCount=1, IterationCount=3, LaunchCount=1, UnrollFactor=1, WarmupCount=3) [Sessions=1000]
Runtime = .NET 10.0.12 (10.0.12, 10.0.1226.42308), X64 RyuJIT x86-64-v4; GC = Concurrent Workstation
Mean = 2.671 ms, StdErr = 0.242 ms (9.06%), N = 3, StdDev = 0.419 ms
Min = 2.209 ms, Q1 = 2.492 ms, Median = 2.775 ms, Q3 = 2.901 ms, Max = 3.028 ms
IQR = 0.409 ms, LowerFence = 1.878 ms, UpperFence = 3.515 ms
ConfidenceInterval = [-4.978 ms; 10.319 ms] (CI 99.9%), Margin = 7.648 ms (286.39% of Mean)
Skewness = -0.23, Kurtosis = 0.67, MValue = 2
-------------------- Histogram --------------------
[1.827 ms ; 2.520 ms) | @
[2.520 ms ; 3.409 ms) | @@
---------------------------------------------------

SessionSetupDecompositionBenchmarks.ComponentA1_AssociationTablePreSeed: ShortRun(InvocationCount=1, IterationCount=3, LaunchCount=1, UnrollFactor=1, WarmupCount=3) [Sessions=1000]
Runtime = .NET 10.0.12 (10.0.12, 10.0.1226.42308), X64 RyuJIT x86-64-v4; GC = Concurrent Workstation
Mean = 26.951 us, StdErr = 11.904 us (44.17%), N = 3, StdDev = 20.618 us
Min = 14.407 us, Q1 = 15.053 us, Median = 15.700 us, Q3 = 33.224 us, Max = 50.747 us
IQR = 18.170 us, LowerFence = -12.201 us, UpperFence = 60.478 us
ConfidenceInterval = [-349.194 us; 403.097 us] (CI 99.9%), Margin = 376.145 us (1395.65% of Mean)
Skewness = 0.38, Kurtosis = 0.67, MValue = 2
-------------------- Histogram --------------------
[13.814 us ; 51.340 us) | @@@
---------------------------------------------------

SessionSetupDecompositionBenchmarks.ComponentA2_SessionDictionaryPreSeed: ShortRun(InvocationCount=1, IterationCount=3, LaunchCount=1, UnrollFactor=1, WarmupCount=3) [Sessions=1000]
Runtime = .NET 10.0.12 (10.0.12, 10.0.1226.42308), X64 RyuJIT x86-64-v4; GC = Concurrent Workstation
Mean = 21.641 us, StdErr = 13.853 us (64.01%), N = 3, StdDev = 23.994 us
Min = 7.455 us, Q1 = 7.790 us, Median = 8.125 us, Q3 = 28.735 us, Max = 49.344 us
IQR = 20.945 us, LowerFence = -23.627 us, UpperFence = 60.151 us
ConfidenceInterval = [-416.090 us; 459.373 us] (CI 99.9%), Margin = 437.732 us (2022.67% of Mean)
Skewness = 0.38, Kurtosis = 0.67, MValue = 2
-------------------- Histogram --------------------
[6.564 us ; 50.235 us) | @@@
---------------------------------------------------

SessionSetupDecompositionBenchmarks.ComponentA3_CooldownTableConstruction: ShortRun(InvocationCount=1, IterationCount=3, LaunchCount=1, UnrollFactor=1, WarmupCount=3) [Sessions=1000]
Runtime = .NET 10.0.12 (10.0.12, 10.0.1226.42308), X64 RyuJIT x86-64-v4; GC = Concurrent Workstation
Mean = 7.471 us, StdErr = 4.796 us (64.19%), N = 3, StdDev = 8.306 us
Min = 2.626 us, Q1 = 2.675 us, Median = 2.725 us, Q3 = 9.894 us, Max = 17.062 us
IQR = 7.218 us, LowerFence = -8.152 us, UpperFence = 20.722 us
ConfidenceInterval = [-144.070 us; 159.012 us] (CI 99.9%), Margin = 151.541 us (2028.35% of Mean)
Skewness = 0.38, Kurtosis = 0.67, MValue = 2
-------------------- Histogram --------------------
[2.285 us ; 17.403 us) | @@@
---------------------------------------------------

SessionSetupDecompositionBenchmarks.ComponentA4_SlotAndQueueObjects: ShortRun(InvocationCount=1, IterationCount=3, LaunchCount=1, UnrollFactor=1, WarmupCount=3) [Sessions=1000]
Runtime = .NET 10.0.12 (10.0.12, 10.0.1226.42308), X64 RyuJIT x86-64-v4; GC = Concurrent Workstation
Mean = 52.236 us, StdErr = 8.842 us (16.93%), N = 3, StdDev = 15.315 us
Min = 43.248 us, Q1 = 43.394 us, Median = 43.538 us, Q3 = 56.729 us, Max = 69.919 us
IQR = 13.335 us, LowerFence = 23.390 us, UpperFence = 76.732 us
ConfidenceInterval = [-227.176 us; 331.647 us] (CI 99.9%), Margin = 279.411 us (534.91% of Mean)
Skewness = 0.38, Kurtosis = 0.67, MValue = 2
-------------------- Histogram --------------------
[42.646 us ; 70.522 us) | @@@
---------------------------------------------------

SessionSetupDecompositionBenchmarks.ComponentA4b_BoundedSetupQueueObject: ShortRun(InvocationCount=1, IterationCount=3, LaunchCount=1, UnrollFactor=1, WarmupCount=3) [Sessions=1000]
Runtime = .NET 10.0.12 (10.0.12, 10.0.1226.42308), X64 RyuJIT x86-64-v4; GC = Concurrent Workstation
Mean = 49.039 us, StdErr = 0.530 us (1.08%), N = 3, StdDev = 0.917 us
Min = 48.288 us, Q1 = 48.528 us, Median = 48.769 us, Q3 = 49.415 us, Max = 50.062 us
IQR = 0.887 us, LowerFence = 47.197 us, UpperFence = 50.745 us
ConfidenceInterval = [32.301 us; 65.777 us] (CI 99.9%), Margin = 16.738 us (34.13% of Mean)
Skewness = 0.27, Kurtosis = 0.67, MValue = 2
-------------------- Histogram --------------------
[47.693 us ; 49.363 us) | @@
[49.363 us ; 50.896 us) | @
---------------------------------------------------

SessionSetupDecompositionBenchmarks.ComponentA5_CompletionCell: ShortRun(InvocationCount=1, IterationCount=3, LaunchCount=1, UnrollFactor=1, WarmupCount=3) [Sessions=1000]
Runtime = .NET 10.0.12 (10.0.12, 10.0.1226.42308), X64 RyuJIT x86-64-v4; GC = Concurrent Workstation
Mean = 83.933 us, StdErr = 43.370 us (51.67%), N = 3, StdDev = 75.119 us
Min = 40.483 us, Q1 = 40.563 us, Median = 40.644 us, Q3 = 105.658 us, Max = 170.673 us
IQR = 65.094 us, LowerFence = -57.078 us, UpperFence = 203.300 us
ConfidenceInterval = [-1,286.508 us; 1,454.374 us] (CI 99.9%), Margin = 1,370.441 us (1632.78% of Mean)
Skewness = 0.38, Kurtosis = 0.67, MValue = 2
-------------------- Histogram --------------------
[37.217 us ; 173.939 us) | @@@
---------------------------------------------------

SessionSetupDecompositionBenchmarks.ComponentA6_ColdRent: ShortRun(InvocationCount=1, IterationCount=3, LaunchCount=1, UnrollFactor=1, WarmupCount=3) [Sessions=1000]
Runtime = .NET 10.0.12 (10.0.12, 10.0.1226.42308), X64 RyuJIT x86-64-v4; GC = Concurrent Workstation
Mean = 129.174 us, StdErr = 70.413 us (54.51%), N = 3, StdDev = 121.958 us
Min = 57.992 us, Q1 = 58.763 us, Median = 59.535 us, Q3 = 164.766 us, Max = 269.997 us
IQR = 106.002 us, LowerFence = -100.241 us, UpperFence = 323.769 us
ConfidenceInterval = [-2,095.797 us; 2,354.145 us] (CI 99.9%), Margin = 2,224.971 us (1722.46% of Mean)
Skewness = 0.38, Kurtosis = 0.67, MValue = 2
-------------------- Histogram --------------------
[53.008 us ; 274.980 us) | @@@
---------------------------------------------------

SessionSetupDecompositionBenchmarks.ComponentA7_EnqueueCycle: ShortRun(InvocationCount=1, IterationCount=3, LaunchCount=1, UnrollFactor=1, WarmupCount=3) [Sessions=1000]
Runtime = .NET 10.0.12 (10.0.12, 10.0.1226.42308), X64 RyuJIT x86-64-v4; GC = Concurrent Workstation
Mean = 311.058 us, StdErr = 44.187 us (14.21%), N = 3, StdDev = 76.534 us
Min = 259.807 us, Q1 = 267.070 us, Median = 274.334 us, Q3 = 336.683 us, Max = 399.033 us
IQR = 69.613 us, LowerFence = 162.651 us, UpperFence = 441.103 us
ConfidenceInterval = [-1,085.208 us; 1,707.324 us] (CI 99.9%), Margin = 1,396.266 us (448.88% of Mean)
Skewness = 0.37, Kurtosis = 0.67, MValue = 2
-------------------- Histogram --------------------
[259.771 us ; 399.069 us) | @@@
---------------------------------------------------

SessionSetupDecompositionBenchmarks.ComponentA8_WarmRentAdmissionAsync: ShortRun(InvocationCount=1, IterationCount=3, LaunchCount=1, UnrollFactor=1, WarmupCount=3) [Sessions=1000]
Runtime = .NET 10.0.12 (10.0.12, 10.0.1226.42308), X64 RyuJIT x86-64-v4; GC = Concurrent Workstation
Mean = 2.828 ms, StdErr = 0.374 ms (13.23%), N = 3, StdDev = 0.648 ms
Min = 2.219 ms, Q1 = 2.488 ms, Median = 2.757 ms, Q3 = 3.133 ms, Max = 3.509 ms
IQR = 0.645 ms, LowerFence = 1.520 ms, UpperFence = 4.100 ms
ConfidenceInterval = [-8.993 ms; 14.649 ms] (CI 99.9%), Margin = 11.821 ms (417.98% of Mean)
Skewness = 0.11, Kurtosis = 0.67, MValue = 2
-------------------- Histogram --------------------
[1.898 ms ; 3.077 ms) | @@
[3.077 ms ; 4.098 ms) | @
---------------------------------------------------

SessionSetupDecompositionBenchmarks.ComponentA9a_DictionaryGrowthSpansResize: ShortRun(InvocationCount=1, IterationCount=3, LaunchCount=1, UnrollFactor=1, WarmupCount=3) [Sessions=1000]
Runtime = .NET 10.0.12 (10.0.12, 10.0.1226.42308), X64 RyuJIT x86-64-v4; GC = Concurrent Workstation
Mean = 3.172 ms, StdErr = 1.388 ms (43.75%), N = 3, StdDev = 2.404 ms
Min = 1.772 ms, Q1 = 1.784 ms, Median = 1.797 ms, Q3 = 3.872 ms, Max = 5.948 ms
IQR = 2.088 ms, LowerFence = -1.348 ms, UpperFence = 7.005 ms
ConfidenceInterval = [-40.684 ms; 47.028 ms] (CI 99.9%), Margin = 43.856 ms (1382.54% of Mean)
Skewness = 0.38, Kurtosis = 0.67, MValue = 2
-------------------- Histogram --------------------
[1.672 ms ; 6.047 ms) | @@@
---------------------------------------------------

SessionSetupDecompositionBenchmarks.ComponentA9b_DictionaryGrowthNoResize: ShortRun(InvocationCount=1, IterationCount=3, LaunchCount=1, UnrollFactor=1, WarmupCount=3) [Sessions=1000]
Runtime = .NET 10.0.12 (10.0.12, 10.0.1226.42308), X64 RyuJIT x86-64-v4; GC = Concurrent Workstation
Mean = 3.002 ms, StdErr = 1.333 ms (44.41%), N = 3, StdDev = 2.309 ms
Min = 1.646 ms, Q1 = 1.669 ms, Median = 1.692 ms, Q3 = 3.679 ms, Max = 5.667 ms
IQR = 2.011 ms, LowerFence = -1.348 ms, UpperFence = 6.696 ms
ConfidenceInterval = [-39.120 ms; 45.123 ms] (CI 99.9%), Margin = 42.121 ms (1403.33% of Mean)
Skewness = 0.38, Kurtosis = 0.67, MValue = 2
-------------------- Histogram --------------------
[1.555 ms ; 5.758 ms) | @@@
---------------------------------------------------

// * Summary *

BenchmarkDotNet v0.15.8, Linux NixOS 26.11 (Zokor)
AMD Ryzen 9 9955HX 2.30GHz, 1 CPU, 32 logical and 16 physical cores
.NET SDK 10.0.401
  [Host]   : .NET 10.0.12 (10.0.12, 10.0.1226.42308), X64 RyuJIT x86-64-v4
  ShortRun : .NET 10.0.12 (10.0.12, 10.0.1226.42308), X64 RyuJIT x86-64-v4

Job=ShortRun  InvocationCount=1  IterationCount=3  
LaunchCount=1  UnrollFactor=1  WarmupCount=3  

| Method                                   | Sessions | Mean         | Error          | StdDev        | Median       | Allocated |
|----------------------------------------- |--------- |-------------:|---------------:|--------------:|-------------:|----------:|
| StageS1_AdmissionOnlyAsync               | 1        |    50.159 us |    498.7676 us |    27.3391 us |    34.576 us |    7296 B |
| ComponentA1_AssociationTablePreSeed      | 1        |    29.039 us |    785.4176 us |    43.0514 us |     4.369 us |    1408 B |
| ComponentA2_SessionDictionaryPreSeed     | 1        |     8.197 us |    146.4723 us |     8.0286 us |     3.572 us |     576 B |
| ComponentA3_CooldownTableConstruction    | 1        |     7.658 us |    143.1276 us |     7.8453 us |     3.587 us |     160 B |
| ComponentA4_SlotAndQueueObjects          | 1        |     8.840 us |    166.4901 us |     9.1259 us |     3.987 us |     120 B |
| ComponentA4b_BoundedSetupQueueObject     | 1        |     1.100 us |      4.8754 us |     0.2672 us |     1.233 us |         - |
| ComponentA5_CompletionCell               | 1        |     7.839 us |    151.4653 us |     8.3023 us |     3.186 us |      88 B |
| ComponentA6_ColdRent                     | 1        |     7.144 us |     26.9218 us |     1.4757 us |     6.332 us |    2248 B |
| ComponentA7_EnqueueCycle                 | 1        |     9.604 us |     30.9809 us |     1.6982 us |     8.773 us |    1816 B |
| ComponentA8_WarmRentAdmissionAsync       | 1        |    48.747 us |    402.4420 us |    22.0592 us |    36.510 us |    8136 B |
| ComponentA9a_DictionaryGrowthSpansResize | 1        | 3,211.159 us | 47,156.4808 us | 2,584.8058 us | 1,774.498 us |  950560 B |
| ComponentA9b_DictionaryGrowthNoResize    | 1        | 3,205.483 us | 47,277.8452 us | 2,591.4582 us | 1,717.668 us |  787264 B |
| StageS1_AdmissionOnlyAsync               | 100      |   224.082 us |     29.4667 us |     1.6152 us |   223.428 us |  132672 B |
| ComponentA1_AssociationTablePreSeed      | 100      |    26.756 us |    631.4500 us |    34.6119 us |     6.828 us |   32192 B |
| ComponentA2_SessionDictionaryPreSeed     | 100      |    17.183 us |    423.2970 us |    23.2023 us |     3.917 us |   15968 B |
| ComponentA3_CooldownTableConstruction    | 100      |     7.138 us |    139.9370 us |     7.6704 us |     2.780 us |     160 B |
| ComponentA4_SlotAndQueueObjects          | 100      |    27.082 us |    316.3373 us |    17.3395 us |    31.551 us |   12000 B |
| ComponentA4b_BoundedSetupQueueObject     | 100      |     7.370 us |      0.9122 us |     0.0500 us |     7.370 us |         - |
| ComponentA5_CompletionCell               | 100      |    21.102 us |    451.8557 us |    24.7677 us |     7.008 us |    8800 B |
| ComponentA6_ColdRent                     | 100      |    31.921 us |    551.2175 us |    30.2141 us |    15.249 us |   29176 B |
| ComponentA7_EnqueueCycle                 | 100      |    34.418 us |     22.2224 us |     1.2181 us |    34.462 us |    1816 B |
| ComponentA8_WarmRentAdmissionAsync       | 100      |   279.145 us |  1,123.5585 us |    61.5860 us |   267.132 us |  106584 B |
| ComponentA9a_DictionaryGrowthSpansResize | 100      | 3,341.081 us | 43,232.4260 us | 2,369.7152 us | 2,066.475 us |  950560 B |
| ComponentA9b_DictionaryGrowthNoResize    | 100      | 3,019.232 us | 41,757.6706 us | 2,288.8788 us | 1,723.428 us |  787264 B |
| StageS1_AdmissionOnlyAsync               | 1000     | 2,670.515 us |  7,648.1669 us |   419.2218 us | 2,774.774 us | 1299696 B |
| ComponentA1_AssociationTablePreSeed      | 1000     |    26.951 us |    376.1452 us |    20.6178 us |    15.700 us |  327008 B |
| ComponentA2_SessionDictionaryPreSeed     | 1000     |    21.641 us |    437.7317 us |    23.9936 us |     8.125 us |  163376 B |
| ComponentA3_CooldownTableConstruction    | 1000     |     7.471 us |    151.5413 us |     8.3065 us |     2.725 us |     160 B |
| ComponentA4_SlotAndQueueObjects          | 1000     |    52.236 us |    279.4114 us |    15.3155 us |    43.538 us |  120000 B |
| ComponentA4b_BoundedSetupQueueObject     | 1000     |    49.039 us |     16.7377 us |     0.9174 us |    48.769 us |         - |
| ComponentA5_CompletionCell               | 1000     |    83.933 us |  1,370.4412 us |    75.1185 us |    40.644 us |   88000 B |
| ComponentA6_ColdRent                     | 1000     |   129.174 us |  2,224.9708 us |   121.9582 us |    59.535 us |  273976 B |
| ComponentA7_EnqueueCycle                 | 1000     |   311.058 us |  1,396.2657 us |    76.5340 us |   274.334 us |    1816 B |
| ComponentA8_WarmRentAdmissionAsync       | 1000     | 2,828.030 us | 11,820.6929 us |   647.9321 us | 2,756.759 us | 1028808 B |
| ComponentA9a_DictionaryGrowthSpansResize | 1000     | 3,172.127 us | 43,855.7723 us | 2,403.8829 us | 1,796.872 us |  950560 B |
| ComponentA9b_DictionaryGrowthNoResize    | 1000     | 3,001.518 us | 42,121.1133 us | 2,308.8004 us | 1,691.632 us |  787264 B |

// * Warnings *
MinIterationTime
  SessionSetupDecompositionBenchmarks.StageS1_AdmissionOnlyAsync: ShortRun               -> The minimum observed iteration time is 34.656us which is very small. It's recommended to increase it to at least 100ms using more operations.
  SessionSetupDecompositionBenchmarks.ComponentA1_AssociationTablePreSeed: ShortRun      -> The minimum observed iteration time is 4.459us which is very small. It's recommended to increase it to at least 100ms using more operations.
  SessionSetupDecompositionBenchmarks.ComponentA2_SessionDictionaryPreSeed: ShortRun     -> The minimum observed iteration time is 3.968us which is very small. It's recommended to increase it to at least 100ms using more operations.
  SessionSetupDecompositionBenchmarks.ComponentA3_CooldownTableConstruction: ShortRun    -> The minimum observed iteration time is 3.116us which is very small. It's recommended to increase it to at least 100ms using more operations.
  SessionSetupDecompositionBenchmarks.ComponentA4_SlotAndQueueObjects: ShortRun          -> The minimum observed iteration time is 3.697us which is very small. It's recommended to increase it to at least 100ms using more operations.
  SessionSetupDecompositionBenchmarks.ComponentA4b_BoundedSetupQueueObject: ShortRun     -> The minimum observed iteration time is 1.222us which is very small. It's recommended to increase it to at least 100ms using more operations.
  SessionSetupDecompositionBenchmarks.ComponentA5_CompletionCell: ShortRun               -> The minimum observed iteration time is 3.357us which is very small. It's recommended to increase it to at least 100ms using more operations.
  SessionSetupDecompositionBenchmarks.ComponentA6_ColdRent: ShortRun                     -> The minimum observed iteration time is 6.703us which is very small. It's recommended to increase it to at least 100ms using more operations.
  SessionSetupDecompositionBenchmarks.ComponentA7_EnqueueCycle: ShortRun                 -> The minimum observed iteration time is 8.917us which is very small. It's recommended to increase it to at least 100ms using more operations.
  SessionSetupDecompositionBenchmarks.ComponentA8_WarmRentAdmissionAsync: ShortRun       -> The minimum observed iteration time is 35.939us which is very small. It's recommended to increase it to at least 100ms using more operations.
  SessionSetupDecompositionBenchmarks.ComponentA9a_DictionaryGrowthSpansResize: ShortRun -> The minimum observed iteration time is 1.664ms which is very small. It's recommended to increase it to at least 100ms using more operations.
  SessionSetupDecompositionBenchmarks.ComponentA9b_DictionaryGrowthNoResize: ShortRun    -> The minimum observed iteration time is 1.701ms which is very small. It's recommended to increase it to at least 100ms using more operations.
  SessionSetupDecompositionBenchmarks.StageS1_AdmissionOnlyAsync: ShortRun               -> The minimum observed iteration time is 223.308us which is very small. It's recommended to increase it to at least 100ms using more operations.
  SessionSetupDecompositionBenchmarks.ComponentA1_AssociationTablePreSeed: ShortRun      -> The minimum observed iteration time is 7.143us which is very small. It's recommended to increase it to at least 100ms using more operations.
  SessionSetupDecompositionBenchmarks.ComponentA2_SessionDictionaryPreSeed: ShortRun     -> The minimum observed iteration time is 4.068us which is very small. It's recommended to increase it to at least 100ms using more operations.
  SessionSetupDecompositionBenchmarks.ComponentA3_CooldownTableConstruction: ShortRun    -> The minimum observed iteration time is 3.076us which is very small. It's recommended to increase it to at least 100ms using more operations.
  SessionSetupDecompositionBenchmarks.ComponentA4_SlotAndQueueObjects: ShortRun          -> The minimum observed iteration time is 8.356us which is very small. It's recommended to increase it to at least 100ms using more operations.
  SessionSetupDecompositionBenchmarks.ComponentA4b_BoundedSetupQueueObject: ShortRun     -> The minimum observed iteration time is 7.795us which is very small. It's recommended to increase it to at least 100ms using more operations.
  SessionSetupDecompositionBenchmarks.ComponentA5_CompletionCell: ShortRun               -> The minimum observed iteration time is 7.053us which is very small. It's recommended to increase it to at least 100ms using more operations.
  SessionSetupDecompositionBenchmarks.ComponentA6_ColdRent: ShortRun                     -> The minimum observed iteration time is 14.137us which is very small. It's recommended to increase it to at least 100ms using more operations.
  SessionSetupDecompositionBenchmarks.ComponentA7_EnqueueCycle: ShortRun                 -> The minimum observed iteration time is 33.544us which is very small. It's recommended to increase it to at least 100ms using more operations.
  SessionSetupDecompositionBenchmarks.ComponentA8_WarmRentAdmissionAsync: ShortRun       -> The minimum observed iteration time is 225.091us which is very small. It's recommended to increase it to at least 100ms using more operations.
  SessionSetupDecompositionBenchmarks.ComponentA9a_DictionaryGrowthSpansResize: ShortRun -> The minimum observed iteration time is 1.882ms which is very small. It's recommended to increase it to at least 100ms using more operations.
  SessionSetupDecompositionBenchmarks.ComponentA9b_DictionaryGrowthNoResize: ShortRun    -> The minimum observed iteration time is 1.673ms which is very small. It's recommended to increase it to at least 100ms using more operations.
  SessionSetupDecompositionBenchmarks.StageS1_AdmissionOnlyAsync: ShortRun               -> The minimum observed iteration time is 2.209ms which is very small. It's recommended to increase it to at least 100ms using more operations.
  SessionSetupDecompositionBenchmarks.ComponentA1_AssociationTablePreSeed: ShortRun      -> The minimum observed iteration time is 14.868us which is very small. It's recommended to increase it to at least 100ms using more operations.
  SessionSetupDecompositionBenchmarks.ComponentA2_SessionDictionaryPreSeed: ShortRun     -> The minimum observed iteration time is 7.916us which is very small. It's recommended to increase it to at least 100ms using more operations.
  SessionSetupDecompositionBenchmarks.ComponentA3_CooldownTableConstruction: ShortRun    -> The minimum observed iteration time is 3.066us which is very small. It's recommended to increase it to at least 100ms using more operations.
  SessionSetupDecompositionBenchmarks.ComponentA4_SlotAndQueueObjects: ShortRun          -> The minimum observed iteration time is 43.704us which is very small. It's recommended to increase it to at least 100ms using more operations.
  SessionSetupDecompositionBenchmarks.ComponentA4b_BoundedSetupQueueObject: ShortRun     -> The minimum observed iteration time is 48.733us which is very small. It's recommended to increase it to at least 100ms using more operations.
  SessionSetupDecompositionBenchmarks.ComponentA5_CompletionCell: ShortRun               -> The minimum observed iteration time is 40.959us which is very small. It's recommended to increase it to at least 100ms using more operations.
  SessionSetupDecompositionBenchmarks.ComponentA6_ColdRent: ShortRun                     -> The minimum observed iteration time is 58.402us which is very small. It's recommended to increase it to at least 100ms using more operations.
  SessionSetupDecompositionBenchmarks.ComponentA7_EnqueueCycle: ShortRun                 -> The minimum observed iteration time is 260.188us which is very small. It's recommended to increase it to at least 100ms using more operations.
  SessionSetupDecompositionBenchmarks.ComponentA8_WarmRentAdmissionAsync: ShortRun       -> The minimum observed iteration time is 2.219ms which is very small. It's recommended to increase it to at least 100ms using more operations.
  SessionSetupDecompositionBenchmarks.ComponentA9a_DictionaryGrowthSpansResize: ShortRun -> The minimum observed iteration time is 1.772ms which is very small. It's recommended to increase it to at least 100ms using more operations.
  SessionSetupDecompositionBenchmarks.ComponentA9b_DictionaryGrowthNoResize: ShortRun    -> The minimum observed iteration time is 1.646ms which is very small. It's recommended to increase it to at least 100ms using more operations.

// * Legends *
  Sessions  : Value of the 'Sessions' parameter
  Mean      : Arithmetic mean of all measurements
  Error     : Half of 99.9% confidence interval
  StdDev    : Standard deviation of all measurements
  Median    : Value separating the higher half of all measurements (50th percentile)
  Allocated : Allocated memory per single operation (managed only, inclusive, 1KB = 1024B)
  1 us      : 1 Microsecond (0.000001 sec)

// * Diagnostic Output - MemoryDiagnoser *


// ***** BenchmarkRunner: End *****
Run time: 00:00:11 (11.46 sec), executed benchmarks: 36

Global total time: 00:00:48 (48.71 sec), executed benchmarks: 36
// * Artifacts cleanup *
Artifacts cleanup is finished
