// Validating benchmarks:
// ***** BenchmarkRunner: Start   *****
// ***** Found 99 benchmark(s) in total *****
// ***** Building 1 exe(s) in Parallel: Start   *****
// start dotnet  restore --nodeReuse:false /p:UseSharedCompilation=false /p:Deterministic=true /p:Optimize=true /p:ArtifactsPath="/home/paff/Projects/WinForward/benchmarks/WinForward.Benchmarks/bin/Release/net10.0/WinForward.Benchmarks-ShortRun-1/" /p:OutDir="/home/paff/Projects/WinForward/benchmarks/WinForward.Benchmarks/bin/Release/net10.0/WinForward.Benchmarks-ShortRun-1/bin/Release/net10.0/" /p:OutputPath="/home/paff/Projects/WinForward/benchmarks/WinForward.Benchmarks/bin/Release/net10.0/WinForward.Benchmarks-ShortRun-1/bin/Release/net10.0/" /p:PublishDir="/home/paff/Projects/WinForward/benchmarks/WinForward.Benchmarks/bin/Release/net10.0/WinForward.Benchmarks-ShortRun-1/publish/" in /home/paff/Projects/WinForward/benchmarks/WinForward.Benchmarks/bin/Release/net10.0/WinForward.Benchmarks-ShortRun-1
// command took 3.02 sec and exited with 0
// start dotnet  build -c Release --no-restore --nodeReuse:false /p:UseSharedCompilation=false /p:Deterministic=true /p:Optimize=true /p:ArtifactsPath="/home/paff/Projects/WinForward/benchmarks/WinForward.Benchmarks/bin/Release/net10.0/WinForward.Benchmarks-ShortRun-1/" /p:OutDir="/home/paff/Projects/WinForward/benchmarks/WinForward.Benchmarks/bin/Release/net10.0/WinForward.Benchmarks-ShortRun-1/bin/Release/net10.0/" /p:OutputPath="/home/paff/Projects/WinForward/benchmarks/WinForward.Benchmarks/bin/Release/net10.0/WinForward.Benchmarks-ShortRun-1/bin/Release/net10.0/" /p:PublishDir="/home/paff/Projects/WinForward/benchmarks/WinForward.Benchmarks/bin/Release/net10.0/WinForward.Benchmarks-ShortRun-1/publish/" --output "/home/paff/Projects/WinForward/benchmarks/WinForward.Benchmarks/bin/Release/net10.0/WinForward.Benchmarks-ShortRun-1/bin/Release/net10.0/" in /home/paff/Projects/WinForward/benchmarks/WinForward.Benchmarks/bin/Release/net10.0/WinForward.Benchmarks-ShortRun-1
// command took 35.73 sec and exited with 0
// ***** Done, took 00:00:38 (38.94 sec)   *****
// Found 99 benchmarks:
//   SessionSetupDecompositionBenchmarks.StageS0_CoordinatorOnly: ShortRun(InvocationCount=1, IterationCount=3, LaunchCount=1, UnrollFactor=1, WarmupCount=3) [Sessions=1]
//   SessionSetupDecompositionBenchmarks.StageS1_AdmissionOnlyAsync: ShortRun(InvocationCount=1, IterationCount=3, LaunchCount=1, UnrollFactor=1, WarmupCount=3) [Sessions=1]
//   SessionSetupDecompositionBenchmarks.StageS2_SetupStartedAsync: ShortRun(InvocationCount=1, IterationCount=3, LaunchCount=1, UnrollFactor=1, WarmupCount=3) [Sessions=1]
//   SessionSetupDecompositionBenchmarks.StageS3_PipelineNoPayloadAsync: ShortRun(InvocationCount=1, IterationCount=3, LaunchCount=1, UnrollFactor=1, WarmupCount=3) [Sessions=1]
//   SessionSetupDecompositionBenchmarks.StageS4_ReadinessTeardownOutsideAsync: ShortRun(InvocationCount=1, IterationCount=3, LaunchCount=1, UnrollFactor=1, WarmupCount=3) [Sessions=1]
//   SessionSetupDecompositionBenchmarks.StageS5_ReadinessTeardownInsideAsync: ShortRun(InvocationCount=1, IterationCount=3, LaunchCount=1, UnrollFactor=1, WarmupCount=3) [Sessions=1]
//   SessionSetupDecompositionBenchmarks.StageT1_SessionTeardownInsideAsync: ShortRun(InvocationCount=1, IterationCount=3, LaunchCount=1, UnrollFactor=1, WarmupCount=3) [Sessions=1]
//   SessionSetupDecompositionBenchmarks.StageT3_ExpiryRetireInsideAsync: ShortRun(InvocationCount=1, IterationCount=3, LaunchCount=1, UnrollFactor=1, WarmupCount=3) [Sessions=1]
//   SessionSetupDecompositionBenchmarks.StageT5_NonThrowingParkTeardownAsync: ShortRun(InvocationCount=1, IterationCount=3, LaunchCount=1, UnrollFactor=1, WarmupCount=3) [Sessions=1]
//   SessionSetupDecompositionBenchmarks.BaselineF_FakeTransportCreationAsync: ShortRun(InvocationCount=1, IterationCount=3, LaunchCount=1, UnrollFactor=1, WarmupCount=3) [Sessions=1]
//   SessionSetupDecompositionBenchmarks.BaselineH_FlowKeyConstruction: ShortRun(InvocationCount=1, IterationCount=3, LaunchCount=1, UnrollFactor=1, WarmupCount=3) [Sessions=1]
//   SessionSetupDecompositionBenchmarks.ComponentC1_AssociationClaimRelease: ShortRun(InvocationCount=1, IterationCount=3, LaunchCount=1, UnrollFactor=1, WarmupCount=3) [Sessions=1]
//   SessionSetupDecompositionBenchmarks.ComponentC2_SessionConstructStartAsync: ShortRun(InvocationCount=1, IterationCount=3, LaunchCount=1, UnrollFactor=1, WarmupCount=3) [Sessions=1]
//   SessionSetupDecompositionBenchmarks.ComponentC2a1_ContextRecordStaticLambda: ShortRun(InvocationCount=1, IterationCount=3, LaunchCount=1, UnrollFactor=1, WarmupCount=3) [Sessions=1]
//   SessionSetupDecompositionBenchmarks.ComponentC2a2_ContextRecordMethodGroup: ShortRun(InvocationCount=1, IterationCount=3, LaunchCount=1, UnrollFactor=1, WarmupCount=3) [Sessions=1]
//   SessionSetupDecompositionBenchmarks.ComponentC2b_SessionConstructOnly: ShortRun(InvocationCount=1, IterationCount=3, LaunchCount=1, UnrollFactor=1, WarmupCount=3) [Sessions=1]
//   SessionSetupDecompositionBenchmarks.ComponentC2c1_ScopeConstructLinked: ShortRun(InvocationCount=1, IterationCount=3, LaunchCount=1, UnrollFactor=1, WarmupCount=3) [Sessions=1]
//   SessionSetupDecompositionBenchmarks.ComponentC2c2_ScopeConstructUnlinked: ShortRun(InvocationCount=1, IterationCount=3, LaunchCount=1, UnrollFactor=1, WarmupCount=3) [Sessions=1]
//   SessionSetupDecompositionBenchmarks.ComponentC2e_LockConstruction: ShortRun(InvocationCount=1, IterationCount=3, LaunchCount=1, UnrollFactor=1, WarmupCount=3) [Sessions=1]
//   SessionSetupDecompositionBenchmarks.ComponentC2e_TaskCompletionSourceConstruction: ShortRun(InvocationCount=1, IterationCount=3, LaunchCount=1, UnrollFactor=1, WarmupCount=3) [Sessions=1]
//   SessionSetupDecompositionBenchmarks.ComponentC2e_LinkedTokenSourceConstruction: ShortRun(InvocationCount=1, IterationCount=3, LaunchCount=1, UnrollFactor=1, WarmupCount=3) [Sessions=1]
//   SessionSetupDecompositionBenchmarks.ComponentE1_CanceledDelayAwaitAsync: ShortRun(InvocationCount=1, IterationCount=3, LaunchCount=1, UnrollFactor=1, WarmupCount=3) [Sessions=1]
//   SessionSetupDecompositionBenchmarks.ComponentE2_SetupExecutorDisposeAsync: ShortRun(InvocationCount=1, IterationCount=3, LaunchCount=1, UnrollFactor=1, WarmupCount=3) [Sessions=1]
//   SessionSetupDecompositionBenchmarks.ComponentA1_AssociationTablePreSeed: ShortRun(InvocationCount=1, IterationCount=3, LaunchCount=1, UnrollFactor=1, WarmupCount=3) [Sessions=1]
//   SessionSetupDecompositionBenchmarks.ComponentA2_SessionDictionaryPreSeed: ShortRun(InvocationCount=1, IterationCount=3, LaunchCount=1, UnrollFactor=1, WarmupCount=3) [Sessions=1]
//   SessionSetupDecompositionBenchmarks.ComponentA3_CooldownTableConstruction: ShortRun(InvocationCount=1, IterationCount=3, LaunchCount=1, UnrollFactor=1, WarmupCount=3) [Sessions=1]
//   SessionSetupDecompositionBenchmarks.ComponentA4_SlotAndQueueObjects: ShortRun(InvocationCount=1, IterationCount=3, LaunchCount=1, UnrollFactor=1, WarmupCount=3) [Sessions=1]
//   SessionSetupDecompositionBenchmarks.ComponentA5_CompletionCell: ShortRun(InvocationCount=1, IterationCount=3, LaunchCount=1, UnrollFactor=1, WarmupCount=3) [Sessions=1]
//   SessionSetupDecompositionBenchmarks.ComponentA6_ColdRent: ShortRun(InvocationCount=1, IterationCount=3, LaunchCount=1, UnrollFactor=1, WarmupCount=3) [Sessions=1]
//   SessionSetupDecompositionBenchmarks.ComponentA7_EnqueueCycle: ShortRun(InvocationCount=1, IterationCount=3, LaunchCount=1, UnrollFactor=1, WarmupCount=3) [Sessions=1]
//   SessionSetupDecompositionBenchmarks.ComponentA8_WarmRentAdmissionAsync: ShortRun(InvocationCount=1, IterationCount=3, LaunchCount=1, UnrollFactor=1, WarmupCount=3) [Sessions=1]
//   SessionSetupDecompositionBenchmarks.ComponentA9a_DictionaryGrowthSpansResize: ShortRun(InvocationCount=1, IterationCount=3, LaunchCount=1, UnrollFactor=1, WarmupCount=3) [Sessions=1]
//   SessionSetupDecompositionBenchmarks.ComponentA9b_DictionaryGrowthNoResize: ShortRun(InvocationCount=1, IterationCount=3, LaunchCount=1, UnrollFactor=1, WarmupCount=3) [Sessions=1]
//   SessionSetupDecompositionBenchmarks.StageS0_CoordinatorOnly: ShortRun(InvocationCount=1, IterationCount=3, LaunchCount=1, UnrollFactor=1, WarmupCount=3) [Sessions=100]
//   SessionSetupDecompositionBenchmarks.StageS1_AdmissionOnlyAsync: ShortRun(InvocationCount=1, IterationCount=3, LaunchCount=1, UnrollFactor=1, WarmupCount=3) [Sessions=100]
//   SessionSetupDecompositionBenchmarks.StageS2_SetupStartedAsync: ShortRun(InvocationCount=1, IterationCount=3, LaunchCount=1, UnrollFactor=1, WarmupCount=3) [Sessions=100]
//   SessionSetupDecompositionBenchmarks.StageS3_PipelineNoPayloadAsync: ShortRun(InvocationCount=1, IterationCount=3, LaunchCount=1, UnrollFactor=1, WarmupCount=3) [Sessions=100]
//   SessionSetupDecompositionBenchmarks.StageS4_ReadinessTeardownOutsideAsync: ShortRun(InvocationCount=1, IterationCount=3, LaunchCount=1, UnrollFactor=1, WarmupCount=3) [Sessions=100]
//   SessionSetupDecompositionBenchmarks.StageS5_ReadinessTeardownInsideAsync: ShortRun(InvocationCount=1, IterationCount=3, LaunchCount=1, UnrollFactor=1, WarmupCount=3) [Sessions=100]
//   SessionSetupDecompositionBenchmarks.StageT1_SessionTeardownInsideAsync: ShortRun(InvocationCount=1, IterationCount=3, LaunchCount=1, UnrollFactor=1, WarmupCount=3) [Sessions=100]
//   SessionSetupDecompositionBenchmarks.StageT3_ExpiryRetireInsideAsync: ShortRun(InvocationCount=1, IterationCount=3, LaunchCount=1, UnrollFactor=1, WarmupCount=3) [Sessions=100]
//   SessionSetupDecompositionBenchmarks.StageT5_NonThrowingParkTeardownAsync: ShortRun(InvocationCount=1, IterationCount=3, LaunchCount=1, UnrollFactor=1, WarmupCount=3) [Sessions=100]
//   SessionSetupDecompositionBenchmarks.BaselineF_FakeTransportCreationAsync: ShortRun(InvocationCount=1, IterationCount=3, LaunchCount=1, UnrollFactor=1, WarmupCount=3) [Sessions=100]
//   SessionSetupDecompositionBenchmarks.BaselineH_FlowKeyConstruction: ShortRun(InvocationCount=1, IterationCount=3, LaunchCount=1, UnrollFactor=1, WarmupCount=3) [Sessions=100]
//   SessionSetupDecompositionBenchmarks.ComponentC1_AssociationClaimRelease: ShortRun(InvocationCount=1, IterationCount=3, LaunchCount=1, UnrollFactor=1, WarmupCount=3) [Sessions=100]
//   SessionSetupDecompositionBenchmarks.ComponentC2_SessionConstructStartAsync: ShortRun(InvocationCount=1, IterationCount=3, LaunchCount=1, UnrollFactor=1, WarmupCount=3) [Sessions=100]
//   SessionSetupDecompositionBenchmarks.ComponentC2a1_ContextRecordStaticLambda: ShortRun(InvocationCount=1, IterationCount=3, LaunchCount=1, UnrollFactor=1, WarmupCount=3) [Sessions=100]
//   SessionSetupDecompositionBenchmarks.ComponentC2a2_ContextRecordMethodGroup: ShortRun(InvocationCount=1, IterationCount=3, LaunchCount=1, UnrollFactor=1, WarmupCount=3) [Sessions=100]
//   SessionSetupDecompositionBenchmarks.ComponentC2b_SessionConstructOnly: ShortRun(InvocationCount=1, IterationCount=3, LaunchCount=1, UnrollFactor=1, WarmupCount=3) [Sessions=100]
//   SessionSetupDecompositionBenchmarks.ComponentC2c1_ScopeConstructLinked: ShortRun(InvocationCount=1, IterationCount=3, LaunchCount=1, UnrollFactor=1, WarmupCount=3) [Sessions=100]
//   SessionSetupDecompositionBenchmarks.ComponentC2c2_ScopeConstructUnlinked: ShortRun(InvocationCount=1, IterationCount=3, LaunchCount=1, UnrollFactor=1, WarmupCount=3) [Sessions=100]
//   SessionSetupDecompositionBenchmarks.ComponentC2e_LockConstruction: ShortRun(InvocationCount=1, IterationCount=3, LaunchCount=1, UnrollFactor=1, WarmupCount=3) [Sessions=100]
//   SessionSetupDecompositionBenchmarks.ComponentC2e_TaskCompletionSourceConstruction: ShortRun(InvocationCount=1, IterationCount=3, LaunchCount=1, UnrollFactor=1, WarmupCount=3) [Sessions=100]
//   SessionSetupDecompositionBenchmarks.ComponentC2e_LinkedTokenSourceConstruction: ShortRun(InvocationCount=1, IterationCount=3, LaunchCount=1, UnrollFactor=1, WarmupCount=3) [Sessions=100]
//   SessionSetupDecompositionBenchmarks.ComponentE1_CanceledDelayAwaitAsync: ShortRun(InvocationCount=1, IterationCount=3, LaunchCount=1, UnrollFactor=1, WarmupCount=3) [Sessions=100]
//   SessionSetupDecompositionBenchmarks.ComponentE2_SetupExecutorDisposeAsync: ShortRun(InvocationCount=1, IterationCount=3, LaunchCount=1, UnrollFactor=1, WarmupCount=3) [Sessions=100]
//   SessionSetupDecompositionBenchmarks.ComponentA1_AssociationTablePreSeed: ShortRun(InvocationCount=1, IterationCount=3, LaunchCount=1, UnrollFactor=1, WarmupCount=3) [Sessions=100]
//   SessionSetupDecompositionBenchmarks.ComponentA2_SessionDictionaryPreSeed: ShortRun(InvocationCount=1, IterationCount=3, LaunchCount=1, UnrollFactor=1, WarmupCount=3) [Sessions=100]
//   SessionSetupDecompositionBenchmarks.ComponentA3_CooldownTableConstruction: ShortRun(InvocationCount=1, IterationCount=3, LaunchCount=1, UnrollFactor=1, WarmupCount=3) [Sessions=100]
//   SessionSetupDecompositionBenchmarks.ComponentA4_SlotAndQueueObjects: ShortRun(InvocationCount=1, IterationCount=3, LaunchCount=1, UnrollFactor=1, WarmupCount=3) [Sessions=100]
//   SessionSetupDecompositionBenchmarks.ComponentA5_CompletionCell: ShortRun(InvocationCount=1, IterationCount=3, LaunchCount=1, UnrollFactor=1, WarmupCount=3) [Sessions=100]
//   SessionSetupDecompositionBenchmarks.ComponentA6_ColdRent: ShortRun(InvocationCount=1, IterationCount=3, LaunchCount=1, UnrollFactor=1, WarmupCount=3) [Sessions=100]
//   SessionSetupDecompositionBenchmarks.ComponentA7_EnqueueCycle: ShortRun(InvocationCount=1, IterationCount=3, LaunchCount=1, UnrollFactor=1, WarmupCount=3) [Sessions=100]
//   SessionSetupDecompositionBenchmarks.ComponentA8_WarmRentAdmissionAsync: ShortRun(InvocationCount=1, IterationCount=3, LaunchCount=1, UnrollFactor=1, WarmupCount=3) [Sessions=100]
//   SessionSetupDecompositionBenchmarks.ComponentA9a_DictionaryGrowthSpansResize: ShortRun(InvocationCount=1, IterationCount=3, LaunchCount=1, UnrollFactor=1, WarmupCount=3) [Sessions=100]
//   SessionSetupDecompositionBenchmarks.ComponentA9b_DictionaryGrowthNoResize: ShortRun(InvocationCount=1, IterationCount=3, LaunchCount=1, UnrollFactor=1, WarmupCount=3) [Sessions=100]
//   SessionSetupDecompositionBenchmarks.StageS0_CoordinatorOnly: ShortRun(InvocationCount=1, IterationCount=3, LaunchCount=1, UnrollFactor=1, WarmupCount=3) [Sessions=1000]
//   SessionSetupDecompositionBenchmarks.StageS1_AdmissionOnlyAsync: ShortRun(InvocationCount=1, IterationCount=3, LaunchCount=1, UnrollFactor=1, WarmupCount=3) [Sessions=1000]
//   SessionSetupDecompositionBenchmarks.StageS2_SetupStartedAsync: ShortRun(InvocationCount=1, IterationCount=3, LaunchCount=1, UnrollFactor=1, WarmupCount=3) [Sessions=1000]
//   SessionSetupDecompositionBenchmarks.StageS3_PipelineNoPayloadAsync: ShortRun(InvocationCount=1, IterationCount=3, LaunchCount=1, UnrollFactor=1, WarmupCount=3) [Sessions=1000]
//   SessionSetupDecompositionBenchmarks.StageS4_ReadinessTeardownOutsideAsync: ShortRun(InvocationCount=1, IterationCount=3, LaunchCount=1, UnrollFactor=1, WarmupCount=3) [Sessions=1000]
//   SessionSetupDecompositionBenchmarks.StageS5_ReadinessTeardownInsideAsync: ShortRun(InvocationCount=1, IterationCount=3, LaunchCount=1, UnrollFactor=1, WarmupCount=3) [Sessions=1000]
//   SessionSetupDecompositionBenchmarks.StageT1_SessionTeardownInsideAsync: ShortRun(InvocationCount=1, IterationCount=3, LaunchCount=1, UnrollFactor=1, WarmupCount=3) [Sessions=1000]
//   SessionSetupDecompositionBenchmarks.StageT3_ExpiryRetireInsideAsync: ShortRun(InvocationCount=1, IterationCount=3, LaunchCount=1, UnrollFactor=1, WarmupCount=3) [Sessions=1000]
//   SessionSetupDecompositionBenchmarks.StageT5_NonThrowingParkTeardownAsync: ShortRun(InvocationCount=1, IterationCount=3, LaunchCount=1, UnrollFactor=1, WarmupCount=3) [Sessions=1000]
//   SessionSetupDecompositionBenchmarks.BaselineF_FakeTransportCreationAsync: ShortRun(InvocationCount=1, IterationCount=3, LaunchCount=1, UnrollFactor=1, WarmupCount=3) [Sessions=1000]
//   SessionSetupDecompositionBenchmarks.BaselineH_FlowKeyConstruction: ShortRun(InvocationCount=1, IterationCount=3, LaunchCount=1, UnrollFactor=1, WarmupCount=3) [Sessions=1000]
//   SessionSetupDecompositionBenchmarks.ComponentC1_AssociationClaimRelease: ShortRun(InvocationCount=1, IterationCount=3, LaunchCount=1, UnrollFactor=1, WarmupCount=3) [Sessions=1000]
//   SessionSetupDecompositionBenchmarks.ComponentC2_SessionConstructStartAsync: ShortRun(InvocationCount=1, IterationCount=3, LaunchCount=1, UnrollFactor=1, WarmupCount=3) [Sessions=1000]
//   SessionSetupDecompositionBenchmarks.ComponentC2a1_ContextRecordStaticLambda: ShortRun(InvocationCount=1, IterationCount=3, LaunchCount=1, UnrollFactor=1, WarmupCount=3) [Sessions=1000]
//   SessionSetupDecompositionBenchmarks.ComponentC2a2_ContextRecordMethodGroup: ShortRun(InvocationCount=1, IterationCount=3, LaunchCount=1, UnrollFactor=1, WarmupCount=3) [Sessions=1000]
//   SessionSetupDecompositionBenchmarks.ComponentC2b_SessionConstructOnly: ShortRun(InvocationCount=1, IterationCount=3, LaunchCount=1, UnrollFactor=1, WarmupCount=3) [Sessions=1000]
//   SessionSetupDecompositionBenchmarks.ComponentC2c1_ScopeConstructLinked: ShortRun(InvocationCount=1, IterationCount=3, LaunchCount=1, UnrollFactor=1, WarmupCount=3) [Sessions=1000]
//   SessionSetupDecompositionBenchmarks.ComponentC2c2_ScopeConstructUnlinked: ShortRun(InvocationCount=1, IterationCount=3, LaunchCount=1, UnrollFactor=1, WarmupCount=3) [Sessions=1000]
//   SessionSetupDecompositionBenchmarks.ComponentC2e_LockConstruction: ShortRun(InvocationCount=1, IterationCount=3, LaunchCount=1, UnrollFactor=1, WarmupCount=3) [Sessions=1000]
//   SessionSetupDecompositionBenchmarks.ComponentC2e_TaskCompletionSourceConstruction: ShortRun(InvocationCount=1, IterationCount=3, LaunchCount=1, UnrollFactor=1, WarmupCount=3) [Sessions=1000]
//   SessionSetupDecompositionBenchmarks.ComponentC2e_LinkedTokenSourceConstruction: ShortRun(InvocationCount=1, IterationCount=3, LaunchCount=1, UnrollFactor=1, WarmupCount=3) [Sessions=1000]
//   SessionSetupDecompositionBenchmarks.ComponentE1_CanceledDelayAwaitAsync: ShortRun(InvocationCount=1, IterationCount=3, LaunchCount=1, UnrollFactor=1, WarmupCount=3) [Sessions=1000]
//   SessionSetupDecompositionBenchmarks.ComponentE2_SetupExecutorDisposeAsync: ShortRun(InvocationCount=1, IterationCount=3, LaunchCount=1, UnrollFactor=1, WarmupCount=3) [Sessions=1000]
//   SessionSetupDecompositionBenchmarks.ComponentA1_AssociationTablePreSeed: ShortRun(InvocationCount=1, IterationCount=3, LaunchCount=1, UnrollFactor=1, WarmupCount=3) [Sessions=1000]
//   SessionSetupDecompositionBenchmarks.ComponentA2_SessionDictionaryPreSeed: ShortRun(InvocationCount=1, IterationCount=3, LaunchCount=1, UnrollFactor=1, WarmupCount=3) [Sessions=1000]
//   SessionSetupDecompositionBenchmarks.ComponentA3_CooldownTableConstruction: ShortRun(InvocationCount=1, IterationCount=3, LaunchCount=1, UnrollFactor=1, WarmupCount=3) [Sessions=1000]
//   SessionSetupDecompositionBenchmarks.ComponentA4_SlotAndQueueObjects: ShortRun(InvocationCount=1, IterationCount=3, LaunchCount=1, UnrollFactor=1, WarmupCount=3) [Sessions=1000]
//   SessionSetupDecompositionBenchmarks.ComponentA5_CompletionCell: ShortRun(InvocationCount=1, IterationCount=3, LaunchCount=1, UnrollFactor=1, WarmupCount=3) [Sessions=1000]
//   SessionSetupDecompositionBenchmarks.ComponentA6_ColdRent: ShortRun(InvocationCount=1, IterationCount=3, LaunchCount=1, UnrollFactor=1, WarmupCount=3) [Sessions=1000]
//   SessionSetupDecompositionBenchmarks.ComponentA7_EnqueueCycle: ShortRun(InvocationCount=1, IterationCount=3, LaunchCount=1, UnrollFactor=1, WarmupCount=3) [Sessions=1000]
//   SessionSetupDecompositionBenchmarks.ComponentA8_WarmRentAdmissionAsync: ShortRun(InvocationCount=1, IterationCount=3, LaunchCount=1, UnrollFactor=1, WarmupCount=3) [Sessions=1000]
//   SessionSetupDecompositionBenchmarks.ComponentA9a_DictionaryGrowthSpansResize: ShortRun(InvocationCount=1, IterationCount=3, LaunchCount=1, UnrollFactor=1, WarmupCount=3) [Sessions=1000]
//   SessionSetupDecompositionBenchmarks.ComponentA9b_DictionaryGrowthNoResize: ShortRun(InvocationCount=1, IterationCount=3, LaunchCount=1, UnrollFactor=1, WarmupCount=3) [Sessions=1000]

// **************************
// Benchmark: SessionSetupDecompositionBenchmarks.StageS0_CoordinatorOnly: ShortRun(InvocationCount=1, IterationCount=3, LaunchCount=1, UnrollFactor=1, WarmupCount=3) [Sessions=1]
// *** Execute ***
// Launch: 1 / 1
// Execute: dotnet WinForward.Benchmarks-ShortRun-1.dll --anonymousPipes 123 125 --benchmarkName "WinForward.Benchmarks.Perf.SessionSetupDecompositionBenchmarks.StageS0_CoordinatorOnly(Sessions: 1)" --job ShortRun --benchmarkId 0 in /home/paff/Projects/WinForward/benchmarks/WinForward.Benchmarks/bin/Release/net10.0/WinForward.Benchmarks-ShortRun-1/bin/Release/net10.0
// Failed to set up high priority (Permission denied). In order to run benchmarks with high priority, make sure you have the right permissions.
// BeforeAnythingElse

// Benchmark Process Environment Information:
// BenchmarkDotNet v0.15.8
// Runtime=.NET 10.0.12 (10.0.12, 10.0.1226.42308), X64 RyuJIT x86-64-v4
// GC=Concurrent Workstation
// HardwareIntrinsics=AVX512 BITALG+VBMI2+VNNI+VPOPCNTDQ,AVX512 IFMA+VBMI,AVX512 F+BW+CD+DQ+VL,AVX2+BMI1+BMI2+F16C+FMA+LZCNT+MOVBE,AVX,SSE3+SSSE3+SSE4.1+SSE4.2+POPCNT,X86Base+SSE+SSE2,AES+PCLMUL,AvxVnni VectorSize=256
// Job: ShortRun(InvocationCount=1, IterationCount=3, LaunchCount=1, UnrollFactor=1, WarmupCount=3)

OverheadJitting  1: 1 op, 261191.00 ns, 261.1910 us/op
WorkloadJitting  1: 1 op, 6558693.00 ns, 6.5587 ms/op

OverheadWarmup   1: 1 op, 611.00 ns, 611.0000 ns/op
OverheadWarmup   2: 1 op, 290.00 ns, 290.0000 ns/op
OverheadWarmup   3: 1 op, 381.00 ns, 381.0000 ns/op
OverheadWarmup   4: 1 op, 481.00 ns, 481.0000 ns/op
OverheadWarmup   5: 1 op, 441.00 ns, 441.0000 ns/op
OverheadWarmup   6: 1 op, 421.00 ns, 421.0000 ns/op
OverheadWarmup   7: 1 op, 291.00 ns, 291.0000 ns/op
OverheadWarmup   8: 1 op, 291.00 ns, 291.0000 ns/op
OverheadWarmup   9: 1 op, 351.00 ns, 351.0000 ns/op

OverheadActual   1: 1 op, 461.00 ns, 461.0000 ns/op
OverheadActual   2: 1 op, 1172.00 ns, 1.1720 us/op
OverheadActual   3: 1 op, 712.00 ns, 712.0000 ns/op
OverheadActual   4: 1 op, 652.00 ns, 652.0000 ns/op
OverheadActual   5: 1 op, 291.00 ns, 291.0000 ns/op
OverheadActual   6: 1 op, 511.00 ns, 511.0000 ns/op
OverheadActual   7: 1 op, 340.00 ns, 340.0000 ns/op
OverheadActual   8: 1 op, 461.00 ns, 461.0000 ns/op
OverheadActual   9: 1 op, 301.00 ns, 301.0000 ns/op
OverheadActual  10: 1 op, 491.00 ns, 491.0000 ns/op
OverheadActual  11: 1 op, 321.00 ns, 321.0000 ns/op
OverheadActual  12: 1 op, 531.00 ns, 531.0000 ns/op
OverheadActual  13: 1 op, 290.00 ns, 290.0000 ns/op
OverheadActual  14: 1 op, 281.00 ns, 281.0000 ns/op
OverheadActual  15: 1 op, 461.00 ns, 461.0000 ns/op
OverheadActual  16: 1 op, 501.00 ns, 501.0000 ns/op
OverheadActual  17: 1 op, 531.00 ns, 531.0000 ns/op
OverheadActual  18: 1 op, 461.00 ns, 461.0000 ns/op
OverheadActual  19: 1 op, 371.00 ns, 371.0000 ns/op
OverheadActual  20: 1 op, 501.00 ns, 501.0000 ns/op

WorkloadWarmup   1: 1 op, 57426.00 ns, 57.4260 us/op
WorkloadWarmup   2: 1 op, 16981.00 ns, 16.9810 us/op
WorkloadWarmup   3: 1 op, 15919.00 ns, 15.9190 us/op

// BeforeActualRun
WorkloadActual   1: 1 op, 44161.00 ns, 44.1610 us/op
WorkloadActual   2: 1 op, 66683.00 ns, 66.6830 us/op
WorkloadActual   3: 1 op, 15368.00 ns, 15.3680 us/op

// AfterActualRun
WorkloadResult   1: 1 op, 43700.00 ns, 43.7000 us/op
WorkloadResult   2: 1 op, 66222.00 ns, 66.2220 us/op
WorkloadResult   3: 1 op, 14907.00 ns, 14.9070 us/op
// GC:  0 0 0 8424 1
// Threading:  0 0 1

// AfterAll
// Benchmark Process 1618203 has exited with code 0.

Mean = 41.610 us, StdErr = 14.850 us (35.69%), N = 3, StdDev = 25.721 us
Min = 14.907 us, Q1 = 29.303 us, Median = 43.700 us, Q3 = 54.961 us, Max = 66.222 us
IQR = 25.657 us, LowerFence = -9.183 us, UpperFence = 93.447 us
ConfidenceInterval = [-427.642 us; 510.862 us] (CI 99.9%), Margin = 469.252 us (1127.75% of Mean)
Skewness = -0.08, Kurtosis = 0.67, MValue = 2

// ** Remained 98 (99.0%) benchmark(s) to run. Estimated finish 2026-09-22 17:03 (0h 0m from now) **
// **************************
// Benchmark: SessionSetupDecompositionBenchmarks.StageS1_AdmissionOnlyAsync: ShortRun(InvocationCount=1, IterationCount=3, LaunchCount=1, UnrollFactor=1, WarmupCount=3) [Sessions=1]
// *** Execute ***
// Launch: 1 / 1
// Execute: dotnet WinForward.Benchmarks-ShortRun-1.dll --anonymousPipes 123 125 --benchmarkName "WinForward.Benchmarks.Perf.SessionSetupDecompositionBenchmarks.StageS1_AdmissionOnlyAsync(Sessions: 1)" --job ShortRun --benchmarkId 1 in /home/paff/Projects/WinForward/benchmarks/WinForward.Benchmarks/bin/Release/net10.0/WinForward.Benchmarks-ShortRun-1/bin/Release/net10.0
// Failed to set up high priority (Permission denied). In order to run benchmarks with high priority, make sure you have the right permissions.
// BeforeAnythingElse

// Benchmark Process Environment Information:
// BenchmarkDotNet v0.15.8
// Runtime=.NET 10.0.12 (10.0.12, 10.0.1226.42308), X64 RyuJIT x86-64-v4
// GC=Concurrent Workstation
// HardwareIntrinsics=AVX512 BITALG+VBMI2+VNNI+VPOPCNTDQ,AVX512 IFMA+VBMI,AVX512 F+BW+CD+DQ+VL,AVX2+BMI1+BMI2+F16C+FMA+LZCNT+MOVBE,AVX,SSE3+SSSE3+SSE4.1+SSE4.2+POPCNT,X86Base+SSE+SSE2,AES+PCLMUL,AvxVnni VectorSize=256
// Job: ShortRun(InvocationCount=1, IterationCount=3, LaunchCount=1, UnrollFactor=1, WarmupCount=3)

OverheadJitting  1: 1 op, 327383.00 ns, 327.3830 us/op
WorkloadJitting  1: 1 op, 24824591.00 ns, 24.8246 ms/op

OverheadWarmup   1: 1 op, 801.00 ns, 801.0000 ns/op
OverheadWarmup   2: 1 op, 501.00 ns, 501.0000 ns/op
OverheadWarmup   3: 1 op, 501.00 ns, 501.0000 ns/op
OverheadWarmup   4: 1 op, 521.00 ns, 521.0000 ns/op
OverheadWarmup   5: 1 op, 481.00 ns, 481.0000 ns/op
OverheadWarmup   6: 1 op, 511.00 ns, 511.0000 ns/op

OverheadActual   1: 1 op, 671.00 ns, 671.0000 ns/op
OverheadActual   2: 1 op, 1052.00 ns, 1.0520 us/op
OverheadActual   3: 1 op, 531.00 ns, 531.0000 ns/op
OverheadActual   4: 1 op, 1072.00 ns, 1.0720 us/op
OverheadActual   5: 1 op, 1243.00 ns, 1.2430 us/op
OverheadActual   6: 1 op, 501.00 ns, 501.0000 ns/op
OverheadActual   7: 1 op, 571.00 ns, 571.0000 ns/op
OverheadActual   8: 1 op, 521.00 ns, 521.0000 ns/op
OverheadActual   9: 1 op, 761.00 ns, 761.0000 ns/op
OverheadActual  10: 1 op, 521.00 ns, 521.0000 ns/op
OverheadActual  11: 1 op, 501.00 ns, 501.0000 ns/op
OverheadActual  12: 1 op, 581.00 ns, 581.0000 ns/op
OverheadActual  13: 1 op, 521.00 ns, 521.0000 ns/op
OverheadActual  14: 1 op, 501.00 ns, 501.0000 ns/op
OverheadActual  15: 1 op, 561.00 ns, 561.0000 ns/op
OverheadActual  16: 1 op, 411.00 ns, 411.0000 ns/op
OverheadActual  17: 1 op, 480.00 ns, 480.0000 ns/op
OverheadActual  18: 1 op, 531.00 ns, 531.0000 ns/op
OverheadActual  19: 1 op, 261.00 ns, 261.0000 ns/op
OverheadActual  20: 1 op, 320.00 ns, 320.0000 ns/op

WorkloadWarmup   1: 1 op, 200209.00 ns, 200.2090 us/op
WorkloadWarmup   2: 1 op, 42278.00 ns, 42.2780 us/op
WorkloadWarmup   3: 1 op, 63677.00 ns, 63.6770 us/op

// BeforeActualRun
WorkloadActual   1: 1 op, 73024.00 ns, 73.0240 us/op
WorkloadActual   2: 1 op, 32750.00 ns, 32.7500 us/op
WorkloadActual   3: 1 op, 31057.00 ns, 31.0570 us/op

// AfterActualRun
WorkloadResult   1: 1 op, 72498.00 ns, 72.4980 us/op
WorkloadResult   2: 1 op, 32224.00 ns, 32.2240 us/op
WorkloadResult   3: 1 op, 30531.00 ns, 30.5310 us/op
// GC:  0 0 0 7320 1
// Threading:  0 0 1

// AfterAll
// Benchmark Process 1618215 has exited with code 0.

Mean = 45.084 us, StdErr = 13.716 us (30.42%), N = 3, StdDev = 23.756 us
Min = 30.531 us, Q1 = 31.378 us, Median = 32.224 us, Q3 = 52.361 us, Max = 72.498 us
IQR = 20.983 us, LowerFence = -0.098 us, UpperFence = 83.836 us
ConfidenceInterval = [-388.314 us; 478.483 us] (CI 99.9%), Margin = 433.398 us (961.31% of Mean)
Skewness = 0.38, Kurtosis = 0.67, MValue = 2

// ** Remained 97 (98.0%) benchmark(s) to run. Estimated finish 2026-09-22 17:03 (0h 0m from now) **
// **************************
// Benchmark: SessionSetupDecompositionBenchmarks.StageS2_SetupStartedAsync: ShortRun(InvocationCount=1, IterationCount=3, LaunchCount=1, UnrollFactor=1, WarmupCount=3) [Sessions=1]
// *** Execute ***
// Launch: 1 / 1
// Execute: dotnet WinForward.Benchmarks-ShortRun-1.dll --anonymousPipes 123 125 --benchmarkName "WinForward.Benchmarks.Perf.SessionSetupDecompositionBenchmarks.StageS2_SetupStartedAsync(Sessions: 1)" --job ShortRun --benchmarkId 2 in /home/paff/Projects/WinForward/benchmarks/WinForward.Benchmarks/bin/Release/net10.0/WinForward.Benchmarks-ShortRun-1/bin/Release/net10.0
// Failed to set up high priority (Permission denied). In order to run benchmarks with high priority, make sure you have the right permissions.
// BeforeAnythingElse

// Benchmark Process Environment Information:
// BenchmarkDotNet v0.15.8
// Runtime=.NET 10.0.12 (10.0.12, 10.0.1226.42308), X64 RyuJIT x86-64-v4
// GC=Concurrent Workstation
// HardwareIntrinsics=AVX512 BITALG+VBMI2+VNNI+VPOPCNTDQ,AVX512 IFMA+VBMI,AVX512 F+BW+CD+DQ+VL,AVX2+BMI1+BMI2+F16C+FMA+LZCNT+MOVBE,AVX,SSE3+SSSE3+SSE4.1+SSE4.2+POPCNT,X86Base+SSE+SSE2,AES+PCLMUL,AvxVnni VectorSize=256
// Job: ShortRun(InvocationCount=1, IterationCount=3, LaunchCount=1, UnrollFactor=1, WarmupCount=3)

OverheadJitting  1: 1 op, 249270.00 ns, 249.2700 us/op
WorkloadJitting  1: 1 op, 105774464.00 ns, 105.7745 ms/op

OverheadWarmup   1: 1 op, 861.00 ns, 861.0000 ns/op
OverheadWarmup   2: 1 op, 300.00 ns, 300.0000 ns/op
OverheadWarmup   3: 1 op, 341.00 ns, 341.0000 ns/op
OverheadWarmup   4: 1 op, 511.00 ns, 511.0000 ns/op
OverheadWarmup   5: 1 op, 260.00 ns, 260.0000 ns/op
OverheadWarmup   6: 1 op, 561.00 ns, 561.0000 ns/op
OverheadWarmup   7: 1 op, 381.00 ns, 381.0000 ns/op

OverheadActual   1: 1 op, 451.00 ns, 451.0000 ns/op
OverheadActual   2: 1 op, 491.00 ns, 491.0000 ns/op
OverheadActual   3: 1 op, 481.00 ns, 481.0000 ns/op
OverheadActual   4: 1 op, 481.00 ns, 481.0000 ns/op
OverheadActual   5: 1 op, 371.00 ns, 371.0000 ns/op
OverheadActual   6: 1 op, 351.00 ns, 351.0000 ns/op
OverheadActual   7: 1 op, 561.00 ns, 561.0000 ns/op
OverheadActual   8: 1 op, 571.00 ns, 571.0000 ns/op
OverheadActual   9: 1 op, 592.00 ns, 592.0000 ns/op
OverheadActual  10: 1 op, 371.00 ns, 371.0000 ns/op
OverheadActual  11: 1 op, 360.00 ns, 360.0000 ns/op
OverheadActual  12: 1 op, 581.00 ns, 581.0000 ns/op
OverheadActual  13: 1 op, 361.00 ns, 361.0000 ns/op
OverheadActual  14: 1 op, 351.00 ns, 351.0000 ns/op
OverheadActual  15: 1 op, 561.00 ns, 561.0000 ns/op
OverheadActual  16: 1 op, 471.00 ns, 471.0000 ns/op
OverheadActual  17: 1 op, 270.00 ns, 270.0000 ns/op
OverheadActual  18: 1 op, 461.00 ns, 461.0000 ns/op
OverheadActual  19: 1 op, 261.00 ns, 261.0000 ns/op
OverheadActual  20: 1 op, 521.00 ns, 521.0000 ns/op

WorkloadWarmup   1: 1 op, 72676368.00 ns, 72.6764 ms/op
WorkloadWarmup   2: 1 op, 71051067.00 ns, 71.0511 ms/op
WorkloadWarmup   3: 1 op, 72580088.00 ns, 72.5801 ms/op

// BeforeActualRun
WorkloadActual   1: 1 op, 72156217.00 ns, 72.1562 ms/op
WorkloadActual   2: 1 op, 71815164.00 ns, 71.8152 ms/op
WorkloadActual   3: 1 op, 70466861.00 ns, 70.4669 ms/op

// AfterActualRun
WorkloadResult   1: 1 op, 72155751.00 ns, 72.1558 ms/op
WorkloadResult   2: 1 op, 71814698.00 ns, 71.8147 ms/op
WorkloadResult   3: 1 op, 70466395.00 ns, 70.4664 ms/op
// GC:  0 0 0 34968 1
// Threading:  4 0 1

// AfterAll
// Benchmark Process 1618224 has exited with code 0.

Mean = 71.479 ms, StdErr = 0.516 ms (0.72%), N = 3, StdDev = 0.893 ms
Min = 70.466 ms, Q1 = 71.141 ms, Median = 71.815 ms, Q3 = 71.985 ms, Max = 72.156 ms
IQR = 0.845 ms, LowerFence = 69.874 ms, UpperFence = 73.252 ms
ConfidenceInterval = [55.181 ms; 87.776 ms] (CI 99.9%), Margin = 16.298 ms (22.80% of Mean)
Skewness = -0.32, Kurtosis = 0.67, MValue = 2

// ** Remained 96 (97.0%) benchmark(s) to run. Estimated finish 2026-09-22 17:04 (0h 0m from now) **
// **************************
// Benchmark: SessionSetupDecompositionBenchmarks.StageS3_PipelineNoPayloadAsync: ShortRun(InvocationCount=1, IterationCount=3, LaunchCount=1, UnrollFactor=1, WarmupCount=3) [Sessions=1]
// *** Execute ***
// Launch: 1 / 1
// Execute: dotnet WinForward.Benchmarks-ShortRun-1.dll --anonymousPipes 123 125 --benchmarkName "WinForward.Benchmarks.Perf.SessionSetupDecompositionBenchmarks.StageS3_PipelineNoPayloadAsync(Sessions: 1)" --job ShortRun --benchmarkId 3 in /home/paff/Projects/WinForward/benchmarks/WinForward.Benchmarks/bin/Release/net10.0/WinForward.Benchmarks-ShortRun-1/bin/Release/net10.0
// Failed to set up high priority (Permission denied). In order to run benchmarks with high priority, make sure you have the right permissions.
// BeforeAnythingElse

// Benchmark Process Environment Information:
// BenchmarkDotNet v0.15.8
// Runtime=.NET 10.0.12 (10.0.12, 10.0.1226.42308), X64 RyuJIT x86-64-v4
// GC=Concurrent Workstation
// HardwareIntrinsics=AVX512 BITALG+VBMI2+VNNI+VPOPCNTDQ,AVX512 IFMA+VBMI,AVX512 F+BW+CD+DQ+VL,AVX2+BMI1+BMI2+F16C+FMA+LZCNT+MOVBE,AVX,SSE3+SSSE3+SSE4.1+SSE4.2+POPCNT,X86Base+SSE+SSE2,AES+PCLMUL,AvxVnni VectorSize=256
// Job: ShortRun(InvocationCount=1, IterationCount=3, LaunchCount=1, UnrollFactor=1, WarmupCount=3)

OverheadJitting  1: 1 op, 244351.00 ns, 244.3510 us/op
WorkloadJitting  1: 1 op, 78588859.00 ns, 78.5889 ms/op

OverheadWarmup   1: 1 op, 641.00 ns, 641.0000 ns/op
OverheadWarmup   2: 1 op, 471.00 ns, 471.0000 ns/op
OverheadWarmup   3: 1 op, 381.00 ns, 381.0000 ns/op
OverheadWarmup   4: 1 op, 281.00 ns, 281.0000 ns/op
OverheadWarmup   5: 1 op, 471.00 ns, 471.0000 ns/op
OverheadWarmup   6: 1 op, 480.00 ns, 480.0000 ns/op
OverheadWarmup   7: 1 op, 471.00 ns, 471.0000 ns/op
OverheadWarmup   8: 1 op, 461.00 ns, 461.0000 ns/op
OverheadWarmup   9: 1 op, 862.00 ns, 862.0000 ns/op
OverheadWarmup  10: 1 op, 541.00 ns, 541.0000 ns/op

OverheadActual   1: 1 op, 401.00 ns, 401.0000 ns/op
OverheadActual   2: 1 op, 911.00 ns, 911.0000 ns/op
OverheadActual   3: 1 op, 391.00 ns, 391.0000 ns/op
OverheadActual   4: 1 op, 531.00 ns, 531.0000 ns/op
OverheadActual   5: 1 op, 481.00 ns, 481.0000 ns/op
OverheadActual   6: 1 op, 481.00 ns, 481.0000 ns/op
OverheadActual   7: 1 op, 250.00 ns, 250.0000 ns/op
OverheadActual   8: 1 op, 261.00 ns, 261.0000 ns/op
OverheadActual   9: 1 op, 491.00 ns, 491.0000 ns/op
OverheadActual  10: 1 op, 481.00 ns, 481.0000 ns/op
OverheadActual  11: 1 op, 250.00 ns, 250.0000 ns/op
OverheadActual  12: 1 op, 491.00 ns, 491.0000 ns/op
OverheadActual  13: 1 op, 461.00 ns, 461.0000 ns/op
OverheadActual  14: 1 op, 481.00 ns, 481.0000 ns/op
OverheadActual  15: 1 op, 501.00 ns, 501.0000 ns/op
OverheadActual  16: 1 op, 450.00 ns, 450.0000 ns/op
OverheadActual  17: 1 op, 271.00 ns, 271.0000 ns/op
OverheadActual  18: 1 op, 551.00 ns, 551.0000 ns/op
OverheadActual  19: 1 op, 280.00 ns, 280.0000 ns/op
OverheadActual  20: 1 op, 271.00 ns, 271.0000 ns/op

WorkloadWarmup   1: 1 op, 32494058.00 ns, 32.4941 ms/op
WorkloadWarmup   2: 1 op, 31041402.00 ns, 31.0414 ms/op
WorkloadWarmup   3: 1 op, 30647607.00 ns, 30.6476 ms/op

// BeforeActualRun
WorkloadActual   1: 1 op, 30375826.00 ns, 30.3758 ms/op
WorkloadActual   2: 1 op, 29363021.00 ns, 29.3630 ms/op
WorkloadActual   3: 1 op, 30462135.00 ns, 30.4621 ms/op

// AfterActualRun
WorkloadResult   1: 1 op, 30375355.00 ns, 30.3754 ms/op
WorkloadResult   2: 1 op, 29362550.00 ns, 29.3626 ms/op
WorkloadResult   3: 1 op, 30461664.00 ns, 30.4617 ms/op
// GC:  0 0 0 36448 1
// Threading:  0 0 1

// AfterAll
// Benchmark Process 1618775 has exited with code 0.

Mean = 30.067 ms, StdErr = 0.353 ms (1.17%), N = 3, StdDev = 0.611 ms
Min = 29.363 ms, Q1 = 29.869 ms, Median = 30.375 ms, Q3 = 30.419 ms, Max = 30.462 ms
IQR = 0.550 ms, LowerFence = 29.045 ms, UpperFence = 31.243 ms
ConfidenceInterval = [18.916 ms; 41.217 ms] (CI 99.9%), Margin = 11.150 ms (37.09% of Mean)
Skewness = -0.38, Kurtosis = 0.67, MValue = 2

// ** Remained 95 (96.0%) benchmark(s) to run. Estimated finish 2026-09-22 17:04 (0h 0m from now) **
// **************************
// Benchmark: SessionSetupDecompositionBenchmarks.StageS4_ReadinessTeardownOutsideAsync: ShortRun(InvocationCount=1, IterationCount=3, LaunchCount=1, UnrollFactor=1, WarmupCount=3) [Sessions=1]
// *** Execute ***
// Launch: 1 / 1
// Execute: dotnet WinForward.Benchmarks-ShortRun-1.dll --anonymousPipes 123 125 --benchmarkName "WinForward.Benchmarks.Perf.SessionSetupDecompositionBenchmarks.StageS4_ReadinessTeardownOutsideAsync(Sessions: 1)" --job ShortRun --benchmarkId 4 in /home/paff/Projects/WinForward/benchmarks/WinForward.Benchmarks/bin/Release/net10.0/WinForward.Benchmarks-ShortRun-1/bin/Release/net10.0
// Failed to set up high priority (Permission denied). In order to run benchmarks with high priority, make sure you have the right permissions.
// BeforeAnythingElse

// Benchmark Process Environment Information:
// BenchmarkDotNet v0.15.8
// Runtime=.NET 10.0.12 (10.0.12, 10.0.1226.42308), X64 RyuJIT x86-64-v4
// GC=Concurrent Workstation
// HardwareIntrinsics=AVX512 BITALG+VBMI2+VNNI+VPOPCNTDQ,AVX512 IFMA+VBMI,AVX512 F+BW+CD+DQ+VL,AVX2+BMI1+BMI2+F16C+FMA+LZCNT+MOVBE,AVX,SSE3+SSSE3+SSE4.1+SSE4.2+POPCNT,X86Base+SSE+SSE2,AES+PCLMUL,AvxVnni VectorSize=256
// Job: ShortRun(InvocationCount=1, IterationCount=3, LaunchCount=1, UnrollFactor=1, WarmupCount=3)

OverheadJitting  1: 1 op, 263676.00 ns, 263.6760 us/op
WorkloadJitting  1: 1 op, 80549592.00 ns, 80.5496 ms/op

OverheadWarmup   1: 1 op, 591.00 ns, 591.0000 ns/op
OverheadWarmup   2: 1 op, 531.00 ns, 531.0000 ns/op
OverheadWarmup   3: 1 op, 521.00 ns, 521.0000 ns/op
OverheadWarmup   4: 1 op, 261.00 ns, 261.0000 ns/op
OverheadWarmup   5: 1 op, 281.00 ns, 281.0000 ns/op
OverheadWarmup   6: 1 op, 261.00 ns, 261.0000 ns/op
OverheadWarmup   7: 1 op, 460.00 ns, 460.0000 ns/op
OverheadWarmup   8: 1 op, 521.00 ns, 521.0000 ns/op
OverheadWarmup   9: 1 op, 260.00 ns, 260.0000 ns/op

OverheadActual   1: 1 op, 471.00 ns, 471.0000 ns/op
OverheadActual   2: 1 op, 721.00 ns, 721.0000 ns/op
OverheadActual   3: 1 op, 400.00 ns, 400.0000 ns/op
OverheadActual   4: 1 op, 431.00 ns, 431.0000 ns/op
OverheadActual   5: 1 op, 471.00 ns, 471.0000 ns/op
OverheadActual   6: 1 op, 251.00 ns, 251.0000 ns/op
OverheadActual   7: 1 op, 270.00 ns, 270.0000 ns/op
OverheadActual   8: 1 op, 250.00 ns, 250.0000 ns/op
OverheadActual   9: 1 op, 251.00 ns, 251.0000 ns/op
OverheadActual  10: 1 op, 260.00 ns, 260.0000 ns/op
OverheadActual  11: 1 op, 491.00 ns, 491.0000 ns/op
OverheadActual  12: 1 op, 521.00 ns, 521.0000 ns/op
OverheadActual  13: 1 op, 501.00 ns, 501.0000 ns/op
OverheadActual  14: 1 op, 271.00 ns, 271.0000 ns/op
OverheadActual  15: 1 op, 281.00 ns, 281.0000 ns/op
OverheadActual  16: 1 op, 260.00 ns, 260.0000 ns/op
OverheadActual  17: 1 op, 451.00 ns, 451.0000 ns/op
OverheadActual  18: 1 op, 280.00 ns, 280.0000 ns/op
OverheadActual  19: 1 op, 270.00 ns, 270.0000 ns/op
OverheadActual  20: 1 op, 521.00 ns, 521.0000 ns/op

WorkloadWarmup   1: 1 op, 30180195.00 ns, 30.1802 ms/op
WorkloadWarmup   2: 1 op, 30706055.00 ns, 30.7061 ms/op
WorkloadWarmup   3: 1 op, 30209339.00 ns, 30.2093 ms/op

// BeforeActualRun
WorkloadActual   1: 1 op, 30485006.00 ns, 30.4850 ms/op
WorkloadActual   2: 1 op, 30268378.00 ns, 30.2684 ms/op
WorkloadActual   3: 1 op, 30887498.00 ns, 30.8875 ms/op

// AfterActualRun
WorkloadResult   1: 1 op, 30484665.50 ns, 30.4847 ms/op
WorkloadResult   2: 1 op, 30268037.50 ns, 30.2680 ms/op
WorkloadResult   3: 1 op, 30887157.50 ns, 30.8872 ms/op
// GC:  0 0 0 33032 1
// Threading:  0 0 1

// AfterAll
// Benchmark Process 1619301 has exited with code 0.

Mean = 30.547 ms, StdErr = 0.181 ms (0.59%), N = 3, StdDev = 0.314 ms
Min = 30.268 ms, Q1 = 30.376 ms, Median = 30.485 ms, Q3 = 30.686 ms, Max = 30.887 ms
IQR = 0.310 ms, LowerFence = 29.912 ms, UpperFence = 31.150 ms
ConfidenceInterval = [24.815 ms; 36.278 ms] (CI 99.9%), Margin = 5.732 ms (18.76% of Mean)
Skewness = 0.19, Kurtosis = 0.67, MValue = 2

// ** Remained 94 (94.9%) benchmark(s) to run. Estimated finish 2026-09-22 17:04 (0h 1m from now) **
// **************************
// Benchmark: SessionSetupDecompositionBenchmarks.StageS5_ReadinessTeardownInsideAsync: ShortRun(InvocationCount=1, IterationCount=3, LaunchCount=1, UnrollFactor=1, WarmupCount=3) [Sessions=1]
// *** Execute ***
// Launch: 1 / 1
// Execute: dotnet WinForward.Benchmarks-ShortRun-1.dll --anonymousPipes 123 125 --benchmarkName "WinForward.Benchmarks.Perf.SessionSetupDecompositionBenchmarks.StageS5_ReadinessTeardownInsideAsync(Sessions: 1)" --job ShortRun --benchmarkId 5 in /home/paff/Projects/WinForward/benchmarks/WinForward.Benchmarks/bin/Release/net10.0/WinForward.Benchmarks-ShortRun-1/bin/Release/net10.0
// Failed to set up high priority (Permission denied). In order to run benchmarks with high priority, make sure you have the right permissions.
// BeforeAnythingElse

// Benchmark Process Environment Information:
// BenchmarkDotNet v0.15.8
// Runtime=.NET 10.0.12 (10.0.12, 10.0.1226.42308), X64 RyuJIT x86-64-v4
// GC=Concurrent Workstation
// HardwareIntrinsics=AVX512 BITALG+VBMI2+VNNI+VPOPCNTDQ,AVX512 IFMA+VBMI,AVX512 F+BW+CD+DQ+VL,AVX2+BMI1+BMI2+F16C+FMA+LZCNT+MOVBE,AVX,SSE3+SSSE3+SSE4.1+SSE4.2+POPCNT,X86Base+SSE+SSE2,AES+PCLMUL,AvxVnni VectorSize=256
// Job: ShortRun(InvocationCount=1, IterationCount=3, LaunchCount=1, UnrollFactor=1, WarmupCount=3)

OverheadJitting  1: 1 op, 411548.00 ns, 411.5480 us/op
WorkloadJitting  1: 1 op, 105539916.00 ns, 105.5399 ms/op

OverheadWarmup   1: 1 op, 471.00 ns, 471.0000 ns/op
OverheadWarmup   2: 1 op, 511.00 ns, 511.0000 ns/op
OverheadWarmup   3: 1 op, 270.00 ns, 270.0000 ns/op
OverheadWarmup   4: 1 op, 270.00 ns, 270.0000 ns/op
OverheadWarmup   5: 1 op, 360.00 ns, 360.0000 ns/op

OverheadActual   1: 1 op, 411.00 ns, 411.0000 ns/op
OverheadActual   2: 1 op, 421.00 ns, 421.0000 ns/op
OverheadActual   3: 1 op, 430.00 ns, 430.0000 ns/op
OverheadActual   4: 1 op, 411.00 ns, 411.0000 ns/op
OverheadActual   5: 1 op, 431.00 ns, 431.0000 ns/op
OverheadActual   6: 1 op, 271.00 ns, 271.0000 ns/op
OverheadActual   7: 1 op, 440.00 ns, 440.0000 ns/op
OverheadActual   8: 1 op, 281.00 ns, 281.0000 ns/op
OverheadActual   9: 1 op, 460.00 ns, 460.0000 ns/op
OverheadActual  10: 1 op, 451.00 ns, 451.0000 ns/op
OverheadActual  11: 1 op, 1022.00 ns, 1.0220 us/op
OverheadActual  12: 1 op, 450.00 ns, 450.0000 ns/op
OverheadActual  13: 1 op, 280.00 ns, 280.0000 ns/op
OverheadActual  14: 1 op, 491.00 ns, 491.0000 ns/op
OverheadActual  15: 1 op, 521.00 ns, 521.0000 ns/op
OverheadActual  16: 1 op, 281.00 ns, 281.0000 ns/op
OverheadActual  17: 1 op, 491.00 ns, 491.0000 ns/op
OverheadActual  18: 1 op, 340.00 ns, 340.0000 ns/op
OverheadActual  19: 1 op, 270.00 ns, 270.0000 ns/op
OverheadActual  20: 1 op, 461.00 ns, 461.0000 ns/op

WorkloadWarmup   1: 1 op, 45494226.00 ns, 45.4942 ms/op
WorkloadWarmup   2: 1 op, 43967456.00 ns, 43.9675 ms/op
WorkloadWarmup   3: 1 op, 44874980.00 ns, 44.8750 ms/op

// BeforeActualRun
WorkloadActual   1: 1 op, 45556530.00 ns, 45.5565 ms/op
WorkloadActual   2: 1 op, 44808021.00 ns, 44.8080 ms/op
WorkloadActual   3: 1 op, 43567776.00 ns, 43.5678 ms/op

// AfterActualRun
WorkloadResult   1: 1 op, 45556099.50 ns, 45.5561 ms/op
WorkloadResult   2: 1 op, 44807590.50 ns, 44.8076 ms/op
WorkloadResult   3: 1 op, 43567345.50 ns, 43.5673 ms/op
// GC:  0 0 0 100080 1
// Threading:  1 64 1
// Exceptions:  130

// AfterAll
// Benchmark Process 1619836 has exited with code 0.

Mean = 44.644 ms, StdErr = 0.580 ms (1.30%), N = 3, StdDev = 1.004 ms
Min = 43.567 ms, Q1 = 44.187 ms, Median = 44.808 ms, Q3 = 45.182 ms, Max = 45.556 ms
IQR = 0.994 ms, LowerFence = 42.696 ms, UpperFence = 46.673 ms
ConfidenceInterval = [26.319 ms; 62.969 ms] (CI 99.9%), Margin = 18.325 ms (41.05% of Mean)
Skewness = -0.16, Kurtosis = 0.67, MValue = 2

// ** Remained 93 (93.9%) benchmark(s) to run. Estimated finish 2026-09-22 17:04 (0h 1m from now) **
// **************************
// Benchmark: SessionSetupDecompositionBenchmarks.StageT1_SessionTeardownInsideAsync: ShortRun(InvocationCount=1, IterationCount=3, LaunchCount=1, UnrollFactor=1, WarmupCount=3) [Sessions=1]
// *** Execute ***
// Launch: 1 / 1
// Execute: dotnet WinForward.Benchmarks-ShortRun-1.dll --anonymousPipes 123 125 --benchmarkName "WinForward.Benchmarks.Perf.SessionSetupDecompositionBenchmarks.StageT1_SessionTeardownInsideAsync(Sessions: 1)" --job ShortRun --benchmarkId 6 in /home/paff/Projects/WinForward/benchmarks/WinForward.Benchmarks/bin/Release/net10.0/WinForward.Benchmarks-ShortRun-1/bin/Release/net10.0
// Failed to set up high priority (Permission denied). In order to run benchmarks with high priority, make sure you have the right permissions.
// BeforeAnythingElse

// Benchmark Process Environment Information:
// BenchmarkDotNet v0.15.8
// Runtime=.NET 10.0.12 (10.0.12, 10.0.1226.42308), X64 RyuJIT x86-64-v4
// GC=Concurrent Workstation
// HardwareIntrinsics=AVX512 BITALG+VBMI2+VNNI+VPOPCNTDQ,AVX512 IFMA+VBMI,AVX512 F+BW+CD+DQ+VL,AVX2+BMI1+BMI2+F16C+FMA+LZCNT+MOVBE,AVX,SSE3+SSSE3+SSE4.1+SSE4.2+POPCNT,X86Base+SSE+SSE2,AES+PCLMUL,AvxVnni VectorSize=256
// Job: ShortRun(InvocationCount=1, IterationCount=3, LaunchCount=1, UnrollFactor=1, WarmupCount=3)

OverheadJitting  1: 1 op, 400588.00 ns, 400.5880 us/op
WorkloadJitting  1: 1 op, 40363083.00 ns, 40.3631 ms/op

OverheadWarmup   1: 1 op, 691.00 ns, 691.0000 ns/op
OverheadWarmup   2: 1 op, 491.00 ns, 491.0000 ns/op
OverheadWarmup   3: 1 op, 461.00 ns, 461.0000 ns/op
OverheadWarmup   4: 1 op, 1182.00 ns, 1.1820 us/op
OverheadWarmup   5: 1 op, 511.00 ns, 511.0000 ns/op
OverheadWarmup   6: 1 op, 691.00 ns, 691.0000 ns/op
OverheadWarmup   7: 1 op, 551.00 ns, 551.0000 ns/op

OverheadActual   1: 1 op, 571.00 ns, 571.0000 ns/op
OverheadActual   2: 1 op, 420.00 ns, 420.0000 ns/op
OverheadActual   3: 1 op, 491.00 ns, 491.0000 ns/op
OverheadActual   4: 1 op, 471.00 ns, 471.0000 ns/op
OverheadActual   5: 1 op, 491.00 ns, 491.0000 ns/op
OverheadActual   6: 1 op, 471.00 ns, 471.0000 ns/op
OverheadActual   7: 1 op, 481.00 ns, 481.0000 ns/op
OverheadActual   8: 1 op, 281.00 ns, 281.0000 ns/op
OverheadActual   9: 1 op, 471.00 ns, 471.0000 ns/op
OverheadActual  10: 1 op, 501.00 ns, 501.0000 ns/op
OverheadActual  11: 1 op, 481.00 ns, 481.0000 ns/op
OverheadActual  12: 1 op, 531.00 ns, 531.0000 ns/op
OverheadActual  13: 1 op, 451.00 ns, 451.0000 ns/op
OverheadActual  14: 1 op, 501.00 ns, 501.0000 ns/op
OverheadActual  15: 1 op, 291.00 ns, 291.0000 ns/op
OverheadActual  16: 1 op, 281.00 ns, 281.0000 ns/op
OverheadActual  17: 1 op, 281.00 ns, 281.0000 ns/op
OverheadActual  18: 1 op, 471.00 ns, 471.0000 ns/op
OverheadActual  19: 1 op, 281.00 ns, 281.0000 ns/op
OverheadActual  20: 1 op, 271.00 ns, 271.0000 ns/op

WorkloadWarmup   1: 1 op, 732670.00 ns, 732.6700 us/op
WorkloadWarmup   2: 1 op, 349672.00 ns, 349.6720 us/op
WorkloadWarmup   3: 1 op, 335420.00 ns, 335.4200 us/op

// BeforeActualRun
WorkloadActual   1: 1 op, 369328.00 ns, 369.3280 us/op
WorkloadActual   2: 1 op, 298476.00 ns, 298.4760 us/op
WorkloadActual   3: 1 op, 287950.00 ns, 287.9500 us/op

// AfterActualRun
WorkloadResult   1: 1 op, 368857.00 ns, 368.8570 us/op
WorkloadResult   2: 1 op, 298005.00 ns, 298.0050 us/op
WorkloadResult   3: 1 op, 287479.00 ns, 287.4790 us/op
// GC:  0 0 0 7760 1
// Threading:  1 0 1
// Exceptions:  2

// AfterAll
// Benchmark Process 1620364 has exited with code 0.

Mean = 318.114 us, StdErr = 25.553 us (8.03%), N = 3, StdDev = 44.259 us
Min = 287.479 us, Q1 = 292.742 us, Median = 298.005 us, Q3 = 333.431 us, Max = 368.857 us
IQR = 40.689 us, LowerFence = 231.708 us, UpperFence = 394.464 us
ConfidenceInterval = [-489.336 us; 1,125.564 us] (CI 99.9%), Margin = 807.450 us (253.82% of Mean)
Skewness = 0.36, Kurtosis = 0.67, MValue = 2

// ** Remained 92 (92.9%) benchmark(s) to run. Estimated finish 2026-09-22 17:04 (0h 0m from now) **
// **************************
// Benchmark: SessionSetupDecompositionBenchmarks.StageT3_ExpiryRetireInsideAsync: ShortRun(InvocationCount=1, IterationCount=3, LaunchCount=1, UnrollFactor=1, WarmupCount=3) [Sessions=1]
// *** Execute ***
// Launch: 1 / 1
// Execute: dotnet WinForward.Benchmarks-ShortRun-1.dll --anonymousPipes 123 125 --benchmarkName "WinForward.Benchmarks.Perf.SessionSetupDecompositionBenchmarks.StageT3_ExpiryRetireInsideAsync(Sessions: 1)" --job ShortRun --benchmarkId 7 in /home/paff/Projects/WinForward/benchmarks/WinForward.Benchmarks/bin/Release/net10.0/WinForward.Benchmarks-ShortRun-1/bin/Release/net10.0
// Failed to set up high priority (Permission denied). In order to run benchmarks with high priority, make sure you have the right permissions.
// BeforeAnythingElse

// Benchmark Process Environment Information:
// BenchmarkDotNet v0.15.8
// Runtime=.NET 10.0.12 (10.0.12, 10.0.1226.42308), X64 RyuJIT x86-64-v4
// GC=Concurrent Workstation
// HardwareIntrinsics=AVX512 BITALG+VBMI2+VNNI+VPOPCNTDQ,AVX512 IFMA+VBMI,AVX512 F+BW+CD+DQ+VL,AVX2+BMI1+BMI2+F16C+FMA+LZCNT+MOVBE,AVX,SSE3+SSSE3+SSE4.1+SSE4.2+POPCNT,X86Base+SSE+SSE2,AES+PCLMUL,AvxVnni VectorSize=256
// Job: ShortRun(InvocationCount=1, IterationCount=3, LaunchCount=1, UnrollFactor=1, WarmupCount=3)

OverheadJitting  1: 1 op, 280507.00 ns, 280.5070 us/op
WorkloadJitting  1: 1 op, 105368947.00 ns, 105.3689 ms/op

OverheadWarmup   1: 1 op, 671.00 ns, 671.0000 ns/op
OverheadWarmup   2: 1 op, 511.00 ns, 511.0000 ns/op
OverheadWarmup   3: 1 op, 491.00 ns, 491.0000 ns/op
OverheadWarmup   4: 1 op, 441.00 ns, 441.0000 ns/op
OverheadWarmup   5: 1 op, 942.00 ns, 942.0000 ns/op
OverheadWarmup   6: 1 op, 401.00 ns, 401.0000 ns/op
OverheadWarmup   7: 1 op, 491.00 ns, 491.0000 ns/op
OverheadWarmup   8: 1 op, 381.00 ns, 381.0000 ns/op

OverheadActual   1: 1 op, 441.00 ns, 441.0000 ns/op
OverheadActual   2: 1 op, 491.00 ns, 491.0000 ns/op
OverheadActual   3: 1 op, 401.00 ns, 401.0000 ns/op
OverheadActual   4: 1 op, 481.00 ns, 481.0000 ns/op
OverheadActual   5: 1 op, 451.00 ns, 451.0000 ns/op
OverheadActual   6: 1 op, 501.00 ns, 501.0000 ns/op
OverheadActual   7: 1 op, 480.00 ns, 480.0000 ns/op
OverheadActual   8: 1 op, 612.00 ns, 612.0000 ns/op
OverheadActual   9: 1 op, 451.00 ns, 451.0000 ns/op
OverheadActual  10: 1 op, 480.00 ns, 480.0000 ns/op
OverheadActual  11: 1 op, 410.00 ns, 410.0000 ns/op
OverheadActual  12: 1 op, 511.00 ns, 511.0000 ns/op
OverheadActual  13: 1 op, 401.00 ns, 401.0000 ns/op
OverheadActual  14: 1 op, 571.00 ns, 571.0000 ns/op
OverheadActual  15: 1 op, 420.00 ns, 420.0000 ns/op
OverheadActual  16: 1 op, 461.00 ns, 461.0000 ns/op
OverheadActual  17: 1 op, 480.00 ns, 480.0000 ns/op
OverheadActual  18: 1 op, 491.00 ns, 491.0000 ns/op
OverheadActual  19: 1 op, 421.00 ns, 421.0000 ns/op
OverheadActual  20: 1 op, 471.00 ns, 471.0000 ns/op

WorkloadWarmup   1: 1 op, 31864445.00 ns, 31.8644 ms/op
WorkloadWarmup   2: 1 op, 31195383.00 ns, 31.1954 ms/op
WorkloadWarmup   3: 1 op, 31222485.00 ns, 31.2225 ms/op

// BeforeActualRun
WorkloadActual   1: 1 op, 32323893.00 ns, 32.3239 ms/op
WorkloadActual   2: 1 op, 30774429.00 ns, 30.7744 ms/op
WorkloadActual   3: 1 op, 32524152.00 ns, 32.5242 ms/op

// AfterActualRun
WorkloadResult   1: 1 op, 32323417.50 ns, 32.3234 ms/op
WorkloadResult   2: 1 op, 30773953.50 ns, 30.7740 ms/op
WorkloadResult   3: 1 op, 32523676.50 ns, 32.5237 ms/op
// GC:  0 0 0 36064 1
// Threading:  1 0 1
// Exceptions:  2

// AfterAll
// Benchmark Process 1620376 has exited with code 0.

Mean = 31.874 ms, StdErr = 0.553 ms (1.73%), N = 3, StdDev = 0.958 ms
Min = 30.774 ms, Q1 = 31.549 ms, Median = 32.323 ms, Q3 = 32.424 ms, Max = 32.524 ms
IQR = 0.875 ms, LowerFence = 30.236 ms, UpperFence = 33.736 ms
ConfidenceInterval = [14.403 ms; 49.345 ms] (CI 99.9%), Margin = 17.471 ms (54.81% of Mean)
Skewness = -0.37, Kurtosis = 0.67, MValue = 2

// ** Remained 91 (91.9%) benchmark(s) to run. Estimated finish 2026-09-22 17:04 (0h 0m from now) **
// **************************
// Benchmark: SessionSetupDecompositionBenchmarks.StageT5_NonThrowingParkTeardownAsync: ShortRun(InvocationCount=1, IterationCount=3, LaunchCount=1, UnrollFactor=1, WarmupCount=3) [Sessions=1]
// *** Execute ***
// Launch: 1 / 1
// Execute: dotnet WinForward.Benchmarks-ShortRun-1.dll --anonymousPipes 123 125 --benchmarkName "WinForward.Benchmarks.Perf.SessionSetupDecompositionBenchmarks.StageT5_NonThrowingParkTeardownAsync(Sessions: 1)" --job ShortRun --benchmarkId 8 in /home/paff/Projects/WinForward/benchmarks/WinForward.Benchmarks/bin/Release/net10.0/WinForward.Benchmarks-ShortRun-1/bin/Release/net10.0
// Failed to set up high priority (Permission denied). In order to run benchmarks with high priority, make sure you have the right permissions.
// BeforeAnythingElse

// Benchmark Process Environment Information:
// BenchmarkDotNet v0.15.8
// Runtime=.NET 10.0.12 (10.0.12, 10.0.1226.42308), X64 RyuJIT x86-64-v4
// GC=Concurrent Workstation
// HardwareIntrinsics=AVX512 BITALG+VBMI2+VNNI+VPOPCNTDQ,AVX512 IFMA+VBMI,AVX512 F+BW+CD+DQ+VL,AVX2+BMI1+BMI2+F16C+FMA+LZCNT+MOVBE,AVX,SSE3+SSSE3+SSE4.1+SSE4.2+POPCNT,X86Base+SSE+SSE2,AES+PCLMUL,AvxVnni VectorSize=256
// Job: ShortRun(InvocationCount=1, IterationCount=3, LaunchCount=1, UnrollFactor=1, WarmupCount=3)

OverheadJitting  1: 1 op, 264057.00 ns, 264.0570 us/op
WorkloadJitting  1: 1 op, 41082177.00 ns, 41.0822 ms/op

OverheadWarmup   1: 1 op, 421.00 ns, 421.0000 ns/op
OverheadWarmup   2: 1 op, 281.00 ns, 281.0000 ns/op
OverheadWarmup   3: 1 op, 431.00 ns, 431.0000 ns/op
OverheadWarmup   4: 1 op, 291.00 ns, 291.0000 ns/op
OverheadWarmup   5: 1 op, 291.00 ns, 291.0000 ns/op
OverheadWarmup   6: 1 op, 430.00 ns, 430.0000 ns/op

OverheadActual   1: 1 op, 420.00 ns, 420.0000 ns/op
OverheadActual   2: 1 op, 421.00 ns, 421.0000 ns/op
OverheadActual   3: 1 op, 461.00 ns, 461.0000 ns/op
OverheadActual   4: 1 op, 451.00 ns, 451.0000 ns/op
OverheadActual   5: 1 op, 431.00 ns, 431.0000 ns/op
OverheadActual   6: 1 op, 281.00 ns, 281.0000 ns/op
OverheadActual   7: 1 op, 461.00 ns, 461.0000 ns/op
OverheadActual   8: 1 op, 441.00 ns, 441.0000 ns/op
OverheadActual   9: 1 op, 461.00 ns, 461.0000 ns/op
OverheadActual  10: 1 op, 441.00 ns, 441.0000 ns/op
OverheadActual  11: 1 op, 251.00 ns, 251.0000 ns/op
OverheadActual  12: 1 op, 281.00 ns, 281.0000 ns/op
OverheadActual  13: 1 op, 270.00 ns, 270.0000 ns/op
OverheadActual  14: 1 op, 270.00 ns, 270.0000 ns/op
OverheadActual  15: 1 op, 271.00 ns, 271.0000 ns/op
OverheadActual  16: 1 op, 401.00 ns, 401.0000 ns/op
OverheadActual  17: 1 op, 652.00 ns, 652.0000 ns/op
OverheadActual  18: 1 op, 311.00 ns, 311.0000 ns/op
OverheadActual  19: 1 op, 431.00 ns, 431.0000 ns/op
OverheadActual  20: 1 op, 280.00 ns, 280.0000 ns/op

WorkloadWarmup   1: 1 op, 634670.00 ns, 634.6700 us/op
WorkloadWarmup   2: 1 op, 247714.00 ns, 247.7140 us/op
WorkloadWarmup   3: 1 op, 356717.00 ns, 356.7170 us/op

// BeforeActualRun
WorkloadActual   1: 1 op, 284950.00 ns, 284.9500 us/op
WorkloadActual   2: 1 op, 470006.00 ns, 470.0060 us/op
WorkloadActual   3: 1 op, 269765.00 ns, 269.7650 us/op

// AfterActualRun
WorkloadResult   1: 1 op, 284529.50 ns, 284.5295 us/op
WorkloadResult   2: 1 op, 469585.50 ns, 469.5855 us/op
WorkloadResult   3: 1 op, 269344.50 ns, 269.3445 us/op
// GC:  0 0 0 6464 1
// Threading:  1 0 1

// AfterAll
// Benchmark Process 1620904 has exited with code 0.

Mean = 341.153 us, StdErr = 64.366 us (18.87%), N = 3, StdDev = 111.485 us
Min = 269.344 us, Q1 = 276.937 us, Median = 284.529 us, Q3 = 377.058 us, Max = 469.586 us
IQR = 100.121 us, LowerFence = 126.756 us, UpperFence = 527.238 us
ConfidenceInterval = [-1,692.739 us; 2,375.045 us] (CI 99.9%), Margin = 2,033.892 us (596.18% of Mean)
Skewness = 0.38, Kurtosis = 0.67, MValue = 2

// ** Remained 90 (90.9%) benchmark(s) to run. Estimated finish 2026-09-22 17:04 (0h 0m from now) **
// **************************
// Benchmark: SessionSetupDecompositionBenchmarks.BaselineF_FakeTransportCreationAsync: ShortRun(InvocationCount=1, IterationCount=3, LaunchCount=1, UnrollFactor=1, WarmupCount=3) [Sessions=1]
// *** Execute ***
// Launch: 1 / 1
// Execute: dotnet WinForward.Benchmarks-ShortRun-1.dll --anonymousPipes 123 125 --benchmarkName "WinForward.Benchmarks.Perf.SessionSetupDecompositionBenchmarks.BaselineF_FakeTransportCreationAsync(Sessions: 1)" --job ShortRun --benchmarkId 9 in /home/paff/Projects/WinForward/benchmarks/WinForward.Benchmarks/bin/Release/net10.0/WinForward.Benchmarks-ShortRun-1/bin/Release/net10.0
// Failed to set up high priority (Permission denied). In order to run benchmarks with high priority, make sure you have the right permissions.
// BeforeAnythingElse

// Benchmark Process Environment Information:
// BenchmarkDotNet v0.15.8
// Runtime=.NET 10.0.12 (10.0.12, 10.0.1226.42308), X64 RyuJIT x86-64-v4
// GC=Concurrent Workstation
// HardwareIntrinsics=AVX512 BITALG+VBMI2+VNNI+VPOPCNTDQ,AVX512 IFMA+VBMI,AVX512 F+BW+CD+DQ+VL,AVX2+BMI1+BMI2+F16C+FMA+LZCNT+MOVBE,AVX,SSE3+SSSE3+SSE4.1+SSE4.2+POPCNT,X86Base+SSE+SSE2,AES+PCLMUL,AvxVnni VectorSize=256
// Job: ShortRun(InvocationCount=1, IterationCount=3, LaunchCount=1, UnrollFactor=1, WarmupCount=3)

OverheadJitting  1: 1 op, 291758.00 ns, 291.7580 us/op
WorkloadJitting  1: 1 op, 6492039.00 ns, 6.4920 ms/op

OverheadWarmup   1: 1 op, 1002.00 ns, 1.0020 us/op
OverheadWarmup   2: 1 op, 691.00 ns, 691.0000 ns/op
OverheadWarmup   3: 1 op, 692.00 ns, 692.0000 ns/op
OverheadWarmup   4: 1 op, 531.00 ns, 531.0000 ns/op
OverheadWarmup   5: 1 op, 621.00 ns, 621.0000 ns/op
OverheadWarmup   6: 1 op, 541.00 ns, 541.0000 ns/op

OverheadActual   1: 1 op, 601.00 ns, 601.0000 ns/op
OverheadActual   2: 1 op, 441.00 ns, 441.0000 ns/op
OverheadActual   3: 1 op, 460.00 ns, 460.0000 ns/op
OverheadActual   4: 1 op, 511.00 ns, 511.0000 ns/op
OverheadActual   5: 1 op, 501.00 ns, 501.0000 ns/op
OverheadActual   6: 1 op, 701.00 ns, 701.0000 ns/op
OverheadActual   7: 1 op, 551.00 ns, 551.0000 ns/op
OverheadActual   8: 1 op, 340.00 ns, 340.0000 ns/op
OverheadActual   9: 1 op, 491.00 ns, 491.0000 ns/op
OverheadActual  10: 1 op, 501.00 ns, 501.0000 ns/op
OverheadActual  11: 1 op, 511.00 ns, 511.0000 ns/op
OverheadActual  12: 1 op, 471.00 ns, 471.0000 ns/op
OverheadActual  13: 1 op, 461.00 ns, 461.0000 ns/op
OverheadActual  14: 1 op, 662.00 ns, 662.0000 ns/op
OverheadActual  15: 1 op, 500.00 ns, 500.0000 ns/op
OverheadActual  16: 1 op, 501.00 ns, 501.0000 ns/op
OverheadActual  17: 1 op, 521.00 ns, 521.0000 ns/op
OverheadActual  18: 1 op, 561.00 ns, 561.0000 ns/op
OverheadActual  19: 1 op, 471.00 ns, 471.0000 ns/op
OverheadActual  20: 1 op, 480.00 ns, 480.0000 ns/op

WorkloadWarmup   1: 1 op, 223743.00 ns, 223.7430 us/op
WorkloadWarmup   2: 1 op, 8585.00 ns, 8.5850 us/op
WorkloadWarmup   3: 1 op, 6722.00 ns, 6.7220 us/op

// BeforeActualRun
WorkloadActual   1: 1 op, 8626.00 ns, 8.6260 us/op
WorkloadActual   2: 1 op, 8385.00 ns, 8.3850 us/op
WorkloadActual   3: 1 op, 13936.00 ns, 13.9360 us/op

// AfterActualRun
WorkloadResult   1: 1 op, 8125.00 ns, 8.1250 us/op
WorkloadResult   2: 1 op, 7884.00 ns, 7.8840 us/op
WorkloadResult   3: 1 op, 13435.00 ns, 13.4350 us/op
// GC:  0 0 0 136 1
// Threading:  0 0 1

// AfterAll
// Benchmark Process 1620916 has exited with code 0.

Mean = 9.815 us, StdErr = 1.812 us (18.46%), N = 3, StdDev = 3.138 us
Min = 7.884 us, Q1 = 8.005 us, Median = 8.125 us, Q3 = 10.780 us, Max = 13.435 us
IQR = 2.776 us, LowerFence = 3.841 us, UpperFence = 14.943 us
ConfidenceInterval = [-47.427 us; 67.056 us] (CI 99.9%), Margin = 57.242 us (583.23% of Mean)
Skewness = 0.38, Kurtosis = 0.67, MValue = 2

// ** Remained 89 (89.9%) benchmark(s) to run. Estimated finish 2026-09-22 17:04 (0h 0m from now) **
// **************************
// Benchmark: SessionSetupDecompositionBenchmarks.BaselineH_FlowKeyConstruction: ShortRun(InvocationCount=1, IterationCount=3, LaunchCount=1, UnrollFactor=1, WarmupCount=3) [Sessions=1]
// *** Execute ***
// Launch: 1 / 1
// Execute: dotnet WinForward.Benchmarks-ShortRun-1.dll --anonymousPipes 123 125 --benchmarkName "WinForward.Benchmarks.Perf.SessionSetupDecompositionBenchmarks.BaselineH_FlowKeyConstruction(Sessions: 1)" --job ShortRun --benchmarkId 10 in /home/paff/Projects/WinForward/benchmarks/WinForward.Benchmarks/bin/Release/net10.0/WinForward.Benchmarks-ShortRun-1/bin/Release/net10.0
// Failed to set up high priority (Permission denied). In order to run benchmarks with high priority, make sure you have the right permissions.
// BeforeAnythingElse

// Benchmark Process Environment Information:
// BenchmarkDotNet v0.15.8
// Runtime=.NET 10.0.12 (10.0.12, 10.0.1226.42308), X64 RyuJIT x86-64-v4
// GC=Concurrent Workstation
// HardwareIntrinsics=AVX512 BITALG+VBMI2+VNNI+VPOPCNTDQ,AVX512 IFMA+VBMI,AVX512 F+BW+CD+DQ+VL,AVX2+BMI1+BMI2+F16C+FMA+LZCNT+MOVBE,AVX,SSE3+SSSE3+SSE4.1+SSE4.2+POPCNT,X86Base+SSE+SSE2,AES+PCLMUL,AvxVnni VectorSize=256
// Job: ShortRun(InvocationCount=1, IterationCount=3, LaunchCount=1, UnrollFactor=1, WarmupCount=3)

OverheadJitting  1: 1 op, 326912.00 ns, 326.9120 us/op
WorkloadJitting  1: 1 op, 6245765.00 ns, 6.2458 ms/op

OverheadWarmup   1: 1 op, 430.00 ns, 430.0000 ns/op
OverheadWarmup   2: 1 op, 260.00 ns, 260.0000 ns/op
OverheadWarmup   3: 1 op, 440.00 ns, 440.0000 ns/op
OverheadWarmup   4: 1 op, 260.00 ns, 260.0000 ns/op
OverheadWarmup   5: 1 op, 260.00 ns, 260.0000 ns/op
OverheadWarmup   6: 1 op, 501.00 ns, 501.0000 ns/op

OverheadActual   1: 1 op, 471.00 ns, 471.0000 ns/op
OverheadActual   2: 1 op, 541.00 ns, 541.0000 ns/op
OverheadActual   3: 1 op, 491.00 ns, 491.0000 ns/op
OverheadActual   4: 1 op, 481.00 ns, 481.0000 ns/op
OverheadActual   5: 1 op, 450.00 ns, 450.0000 ns/op
OverheadActual   6: 1 op, 471.00 ns, 471.0000 ns/op
OverheadActual   7: 1 op, 1022.00 ns, 1.0220 us/op
OverheadActual   8: 1 op, 1182.00 ns, 1.1820 us/op
OverheadActual   9: 1 op, 441.00 ns, 441.0000 ns/op
OverheadActual  10: 1 op, 270.00 ns, 270.0000 ns/op
OverheadActual  11: 1 op, 280.00 ns, 280.0000 ns/op
OverheadActual  12: 1 op, 261.00 ns, 261.0000 ns/op
OverheadActual  13: 1 op, 271.00 ns, 271.0000 ns/op
OverheadActual  14: 1 op, 261.00 ns, 261.0000 ns/op
OverheadActual  15: 1 op, 270.00 ns, 270.0000 ns/op
OverheadActual  16: 1 op, 440.00 ns, 440.0000 ns/op
OverheadActual  17: 1 op, 451.00 ns, 451.0000 ns/op
OverheadActual  18: 1 op, 490.00 ns, 490.0000 ns/op
OverheadActual  19: 1 op, 451.00 ns, 451.0000 ns/op
OverheadActual  20: 1 op, 510.00 ns, 510.0000 ns/op

WorkloadWarmup   1: 1 op, 19536.00 ns, 19.5360 us/op
WorkloadWarmup   2: 1 op, 11682.00 ns, 11.6820 us/op
WorkloadWarmup   3: 1 op, 10409.00 ns, 10.4090 us/op

// BeforeActualRun
WorkloadActual   1: 1 op, 16701.00 ns, 16.7010 us/op
WorkloadActual   2: 1 op, 10580.00 ns, 10.5800 us/op
WorkloadActual   3: 1 op, 10560.00 ns, 10.5600 us/op

// AfterActualRun
WorkloadResult   1: 1 op, 16250.00 ns, 16.2500 us/op
WorkloadResult   2: 1 op, 10129.00 ns, 10.1290 us/op
WorkloadResult   3: 1 op, 10109.00 ns, 10.1090 us/op
// GC:  0 0 0 352 1
// Threading:  0 0 1

// AfterAll
// Benchmark Process 1620925 has exited with code 0.

Mean = 12.163 us, StdErr = 2.044 us (16.80%), N = 3, StdDev = 3.540 us
Min = 10.109 us, Q1 = 10.119 us, Median = 10.129 us, Q3 = 13.190 us, Max = 16.250 us
IQR = 3.071 us, LowerFence = 5.513 us, UpperFence = 17.795 us
ConfidenceInterval = [-52.416 us; 76.741 us] (CI 99.9%), Margin = 64.578 us (530.95% of Mean)
Skewness = 0.38, Kurtosis = 0.67, MValue = 2

// ** Remained 88 (88.9%) benchmark(s) to run. Estimated finish 2026-09-22 17:04 (0h 0m from now) **
// **************************
// Benchmark: SessionSetupDecompositionBenchmarks.ComponentC1_AssociationClaimRelease: ShortRun(InvocationCount=1, IterationCount=3, LaunchCount=1, UnrollFactor=1, WarmupCount=3) [Sessions=1]
// *** Execute ***
// Launch: 1 / 1
// Execute: dotnet WinForward.Benchmarks-ShortRun-1.dll --anonymousPipes 123 125 --benchmarkName "WinForward.Benchmarks.Perf.SessionSetupDecompositionBenchmarks.ComponentC1_AssociationClaimRelease(Sessions: 1)" --job ShortRun --benchmarkId 11 in /home/paff/Projects/WinForward/benchmarks/WinForward.Benchmarks/bin/Release/net10.0/WinForward.Benchmarks-ShortRun-1/bin/Release/net10.0
// Failed to set up high priority (Permission denied). In order to run benchmarks with high priority, make sure you have the right permissions.
// BeforeAnythingElse

// Benchmark Process Environment Information:
// BenchmarkDotNet v0.15.8
// Runtime=.NET 10.0.12 (10.0.12, 10.0.1226.42308), X64 RyuJIT x86-64-v4
// GC=Concurrent Workstation
// HardwareIntrinsics=AVX512 BITALG+VBMI2+VNNI+VPOPCNTDQ,AVX512 IFMA+VBMI,AVX512 F+BW+CD+DQ+VL,AVX2+BMI1+BMI2+F16C+FMA+LZCNT+MOVBE,AVX,SSE3+SSSE3+SSE4.1+SSE4.2+POPCNT,X86Base+SSE+SSE2,AES+PCLMUL,AvxVnni VectorSize=256
// Job: ShortRun(InvocationCount=1, IterationCount=3, LaunchCount=1, UnrollFactor=1, WarmupCount=3)

OverheadJitting  1: 1 op, 287600.00 ns, 287.6000 us/op
WorkloadJitting  1: 1 op, 17675089.00 ns, 17.6751 ms/op

OverheadWarmup   1: 1 op, 471.00 ns, 471.0000 ns/op
OverheadWarmup   2: 1 op, 471.00 ns, 471.0000 ns/op
OverheadWarmup   3: 1 op, 261.00 ns, 261.0000 ns/op
OverheadWarmup   4: 1 op, 261.00 ns, 261.0000 ns/op
OverheadWarmup   5: 1 op, 270.00 ns, 270.0000 ns/op

OverheadActual   1: 1 op, 451.00 ns, 451.0000 ns/op
OverheadActual   2: 1 op, 471.00 ns, 471.0000 ns/op
OverheadActual   3: 1 op, 1042.00 ns, 1.0420 us/op
OverheadActual   4: 1 op, 441.00 ns, 441.0000 ns/op
OverheadActual   5: 1 op, 421.00 ns, 421.0000 ns/op
OverheadActual   6: 1 op, 451.00 ns, 451.0000 ns/op
OverheadActual   7: 1 op, 440.00 ns, 440.0000 ns/op
OverheadActual   8: 1 op, 562.00 ns, 562.0000 ns/op
OverheadActual   9: 1 op, 450.00 ns, 450.0000 ns/op
OverheadActual  10: 1 op, 451.00 ns, 451.0000 ns/op
OverheadActual  11: 1 op, 461.00 ns, 461.0000 ns/op
OverheadActual  12: 1 op, 371.00 ns, 371.0000 ns/op
OverheadActual  13: 1 op, 331.00 ns, 331.0000 ns/op
OverheadActual  14: 1 op, 360.00 ns, 360.0000 ns/op
OverheadActual  15: 1 op, 481.00 ns, 481.0000 ns/op
OverheadActual  16: 1 op, 471.00 ns, 471.0000 ns/op
OverheadActual  17: 1 op, 481.00 ns, 481.0000 ns/op
OverheadActual  18: 1 op, 481.00 ns, 481.0000 ns/op
OverheadActual  19: 1 op, 441.00 ns, 441.0000 ns/op
OverheadActual  20: 1 op, 341.00 ns, 341.0000 ns/op

WorkloadWarmup   1: 1 op, 51094.00 ns, 51.0940 us/op
WorkloadWarmup   2: 1 op, 24896.00 ns, 24.8960 us/op
WorkloadWarmup   3: 1 op, 23594.00 ns, 23.5940 us/op

// BeforeActualRun
WorkloadActual   1: 1 op, 27661.00 ns, 27.6610 us/op
WorkloadActual   2: 1 op, 23132.00 ns, 23.1320 us/op
WorkloadActual   3: 1 op, 23714.00 ns, 23.7140 us/op

// AfterActualRun
WorkloadResult   1: 1 op, 27210.00 ns, 27.2100 us/op
WorkloadResult   2: 1 op, 22681.00 ns, 22.6810 us/op
WorkloadResult   3: 1 op, 23263.00 ns, 23.2630 us/op
// GC:  0 0 0 2120 1
// Threading:  0 0 1

// AfterAll
// Benchmark Process 1620934 has exited with code 0.

Mean = 24.385 us, StdErr = 1.423 us (5.83%), N = 3, StdDev = 2.464 us
Min = 22.681 us, Q1 = 22.972 us, Median = 23.263 us, Q3 = 25.236 us, Max = 27.210 us
IQR = 2.264 us, LowerFence = 19.575 us, UpperFence = 28.633 us
ConfidenceInterval = [-20.569 us; 69.338 us] (CI 99.9%), Margin = 44.954 us (184.35% of Mean)
Skewness = 0.36, Kurtosis = 0.67, MValue = 2

// ** Remained 87 (87.9%) benchmark(s) to run. Estimated finish 2026-09-22 17:04 (0h 0m from now) **
// **************************
// Benchmark: SessionSetupDecompositionBenchmarks.ComponentC2_SessionConstructStartAsync: ShortRun(InvocationCount=1, IterationCount=3, LaunchCount=1, UnrollFactor=1, WarmupCount=3) [Sessions=1]
// *** Execute ***
// Launch: 1 / 1
// Execute: dotnet WinForward.Benchmarks-ShortRun-1.dll --anonymousPipes 123 125 --benchmarkName "WinForward.Benchmarks.Perf.SessionSetupDecompositionBenchmarks.ComponentC2_SessionConstructStartAsync(Sessions: 1)" --job ShortRun --benchmarkId 12 in /home/paff/Projects/WinForward/benchmarks/WinForward.Benchmarks/bin/Release/net10.0/WinForward.Benchmarks-ShortRun-1/bin/Release/net10.0
// Failed to set up high priority (Permission denied). In order to run benchmarks with high priority, make sure you have the right permissions.
// BeforeAnythingElse

// Benchmark Process Environment Information:
// BenchmarkDotNet v0.15.8
// Runtime=.NET 10.0.12 (10.0.12, 10.0.1226.42308), X64 RyuJIT x86-64-v4
// GC=Concurrent Workstation
// HardwareIntrinsics=AVX512 BITALG+VBMI2+VNNI+VPOPCNTDQ,AVX512 IFMA+VBMI,AVX512 F+BW+CD+DQ+VL,AVX2+BMI1+BMI2+F16C+FMA+LZCNT+MOVBE,AVX,SSE3+SSSE3+SSE4.1+SSE4.2+POPCNT,X86Base+SSE+SSE2,AES+PCLMUL,AvxVnni VectorSize=256
// Job: ShortRun(InvocationCount=1, IterationCount=3, LaunchCount=1, UnrollFactor=1, WarmupCount=3)

OverheadJitting  1: 1 op, 286408.00 ns, 286.4080 us/op
WorkloadJitting  1: 1 op, 28314106.00 ns, 28.3141 ms/op

OverheadWarmup   1: 1 op, 440.00 ns, 440.0000 ns/op
OverheadWarmup   2: 1 op, 491.00 ns, 491.0000 ns/op
OverheadWarmup   3: 1 op, 1032.00 ns, 1.0320 us/op
OverheadWarmup   4: 1 op, 290.00 ns, 290.0000 ns/op
OverheadWarmup   5: 1 op, 370.00 ns, 370.0000 ns/op
OverheadWarmup   6: 1 op, 291.00 ns, 291.0000 ns/op

OverheadActual   1: 1 op, 471.00 ns, 471.0000 ns/op
OverheadActual   2: 1 op, 551.00 ns, 551.0000 ns/op
OverheadActual   3: 1 op, 470.00 ns, 470.0000 ns/op
OverheadActual   4: 1 op, 471.00 ns, 471.0000 ns/op
OverheadActual   5: 1 op, 381.00 ns, 381.0000 ns/op
OverheadActual   6: 1 op, 270.00 ns, 270.0000 ns/op
OverheadActual   7: 1 op, 450.00 ns, 450.0000 ns/op
OverheadActual   8: 1 op, 491.00 ns, 491.0000 ns/op
OverheadActual   9: 1 op, 501.00 ns, 501.0000 ns/op
OverheadActual  10: 1 op, 280.00 ns, 280.0000 ns/op
OverheadActual  11: 1 op, 531.00 ns, 531.0000 ns/op
OverheadActual  12: 1 op, 481.00 ns, 481.0000 ns/op
OverheadActual  13: 1 op, 530.00 ns, 530.0000 ns/op
OverheadActual  14: 1 op, 451.00 ns, 451.0000 ns/op
OverheadActual  15: 1 op, 471.00 ns, 471.0000 ns/op
OverheadActual  16: 1 op, 481.00 ns, 481.0000 ns/op
OverheadActual  17: 1 op, 481.00 ns, 481.0000 ns/op
OverheadActual  18: 1 op, 441.00 ns, 441.0000 ns/op
OverheadActual  19: 1 op, 260.00 ns, 260.0000 ns/op
OverheadActual  20: 1 op, 290.00 ns, 290.0000 ns/op

WorkloadWarmup   1: 1 op, 164744.00 ns, 164.7440 us/op
WorkloadWarmup   2: 1 op, 39834.00 ns, 39.8340 us/op
WorkloadWarmup   3: 1 op, 40254.00 ns, 40.2540 us/op

// BeforeActualRun
WorkloadActual   1: 1 op, 66913.00 ns, 66.9130 us/op
WorkloadActual   2: 1 op, 37940.00 ns, 37.9400 us/op
WorkloadActual   3: 1 op, 37429.00 ns, 37.4290 us/op

// AfterActualRun
WorkloadResult   1: 1 op, 66442.00 ns, 66.4420 us/op
WorkloadResult   2: 1 op, 37469.00 ns, 37.4690 us/op
WorkloadResult   3: 1 op, 36958.00 ns, 36.9580 us/op
// GC:  0 0 0 5480 1
// Threading:  0 0 1

// AfterAll
// Benchmark Process 1620943 has exited with code 0.

Mean = 46.956 us, StdErr = 9.744 us (20.75%), N = 3, StdDev = 16.877 us
Min = 36.958 us, Q1 = 37.214 us, Median = 37.469 us, Q3 = 51.956 us, Max = 66.442 us
IQR = 14.742 us, LowerFence = 15.101 us, UpperFence = 74.069 us
ConfidenceInterval = [-260.943 us; 354.856 us] (CI 99.9%), Margin = 307.900 us (655.71% of Mean)
Skewness = 0.38, Kurtosis = 0.67, MValue = 2

// ** Remained 86 (86.9%) benchmark(s) to run. Estimated finish 2026-09-22 17:04 (0h 0m from now) **
// **************************
// Benchmark: SessionSetupDecompositionBenchmarks.ComponentC2a1_ContextRecordStaticLambda: ShortRun(InvocationCount=1, IterationCount=3, LaunchCount=1, UnrollFactor=1, WarmupCount=3) [Sessions=1]
// *** Execute ***
// Launch: 1 / 1
// Execute: dotnet WinForward.Benchmarks-ShortRun-1.dll --anonymousPipes 123 125 --benchmarkName "WinForward.Benchmarks.Perf.SessionSetupDecompositionBenchmarks.ComponentC2a1_ContextRecordStaticLambda(Sessions: 1)" --job ShortRun --benchmarkId 13 in /home/paff/Projects/WinForward/benchmarks/WinForward.Benchmarks/bin/Release/net10.0/WinForward.Benchmarks-ShortRun-1/bin/Release/net10.0
// Failed to set up high priority (Permission denied). In order to run benchmarks with high priority, make sure you have the right permissions.
// BeforeAnythingElse

// Benchmark Process Environment Information:
// BenchmarkDotNet v0.15.8
// Runtime=.NET 10.0.12 (10.0.12, 10.0.1226.42308), X64 RyuJIT x86-64-v4
// GC=Concurrent Workstation
// HardwareIntrinsics=AVX512 BITALG+VBMI2+VNNI+VPOPCNTDQ,AVX512 IFMA+VBMI,AVX512 F+BW+CD+DQ+VL,AVX2+BMI1+BMI2+F16C+FMA+LZCNT+MOVBE,AVX,SSE3+SSSE3+SSE4.1+SSE4.2+POPCNT,X86Base+SSE+SSE2,AES+PCLMUL,AvxVnni VectorSize=256
// Job: ShortRun(InvocationCount=1, IterationCount=3, LaunchCount=1, UnrollFactor=1, WarmupCount=3)

OverheadJitting  1: 1 op, 252986.00 ns, 252.9860 us/op
WorkloadJitting  1: 1 op, 16968727.00 ns, 16.9687 ms/op

OverheadWarmup   1: 1 op, 501.00 ns, 501.0000 ns/op
OverheadWarmup   2: 1 op, 261.00 ns, 261.0000 ns/op
OverheadWarmup   3: 1 op, 481.00 ns, 481.0000 ns/op
OverheadWarmup   4: 1 op, 1172.00 ns, 1.1720 us/op
OverheadWarmup   5: 1 op, 371.00 ns, 371.0000 ns/op
OverheadWarmup   6: 1 op, 461.00 ns, 461.0000 ns/op
OverheadWarmup   7: 1 op, 481.00 ns, 481.0000 ns/op
OverheadWarmup   8: 1 op, 281.00 ns, 281.0000 ns/op

OverheadActual   1: 1 op, 601.00 ns, 601.0000 ns/op
OverheadActual   2: 1 op, 451.00 ns, 451.0000 ns/op
OverheadActual   3: 1 op, 430.00 ns, 430.0000 ns/op
OverheadActual   4: 1 op, 400.00 ns, 400.0000 ns/op
OverheadActual   5: 1 op, 461.00 ns, 461.0000 ns/op
OverheadActual   6: 1 op, 501.00 ns, 501.0000 ns/op
OverheadActual   7: 1 op, 671.00 ns, 671.0000 ns/op
OverheadActual   8: 1 op, 491.00 ns, 491.0000 ns/op
OverheadActual   9: 1 op, 440.00 ns, 440.0000 ns/op
OverheadActual  10: 1 op, 280.00 ns, 280.0000 ns/op
OverheadActual  11: 1 op, 261.00 ns, 261.0000 ns/op
OverheadActual  12: 1 op, 270.00 ns, 270.0000 ns/op
OverheadActual  13: 1 op, 260.00 ns, 260.0000 ns/op
OverheadActual  14: 1 op, 270.00 ns, 270.0000 ns/op
OverheadActual  15: 1 op, 260.00 ns, 260.0000 ns/op
OverheadActual  16: 1 op, 531.00 ns, 531.0000 ns/op
OverheadActual  17: 1 op, 471.00 ns, 471.0000 ns/op
OverheadActual  18: 1 op, 271.00 ns, 271.0000 ns/op
OverheadActual  19: 1 op, 270.00 ns, 270.0000 ns/op
OverheadActual  20: 1 op, 271.00 ns, 271.0000 ns/op

WorkloadWarmup   1: 1 op, 48469.00 ns, 48.4690 us/op
WorkloadWarmup   2: 1 op, 26740.00 ns, 26.7400 us/op
WorkloadWarmup   3: 1 op, 23594.00 ns, 23.5940 us/op

// BeforeActualRun
WorkloadActual   1: 1 op, 24305.00 ns, 24.3050 us/op
WorkloadActual   2: 1 op, 25077.00 ns, 25.0770 us/op
WorkloadActual   3: 1 op, 25026.00 ns, 25.0260 us/op

// AfterActualRun
WorkloadResult   1: 1 op, 23890.00 ns, 23.8900 us/op
WorkloadResult   2: 1 op, 24662.00 ns, 24.6620 us/op
WorkloadResult   3: 1 op, 24611.00 ns, 24.6110 us/op
// GC:  0 0 0 3808 1
// Threading:  0 0 1

// AfterAll
// Benchmark Process 1620955 has exited with code 0.

Mean = 24.388 us, StdErr = 0.249 us (1.02%), N = 3, StdDev = 0.432 us
Min = 23.890 us, Q1 = 24.250 us, Median = 24.611 us, Q3 = 24.637 us, Max = 24.662 us
IQR = 0.386 us, LowerFence = 23.672 us, UpperFence = 25.215 us
ConfidenceInterval = [16.511 us; 32.264 us] (CI 99.9%), Margin = 7.877 us (32.30% of Mean)
Skewness = -0.38, Kurtosis = 0.67, MValue = 2

// ** Remained 85 (85.9%) benchmark(s) to run. Estimated finish 2026-09-22 17:04 (0h 0m from now) **
// **************************
// Benchmark: SessionSetupDecompositionBenchmarks.ComponentC2a2_ContextRecordMethodGroup: ShortRun(InvocationCount=1, IterationCount=3, LaunchCount=1, UnrollFactor=1, WarmupCount=3) [Sessions=1]
// *** Execute ***
// Launch: 1 / 1
// Execute: dotnet WinForward.Benchmarks-ShortRun-1.dll --anonymousPipes 123 125 --benchmarkName "WinForward.Benchmarks.Perf.SessionSetupDecompositionBenchmarks.ComponentC2a2_ContextRecordMethodGroup(Sessions: 1)" --job ShortRun --benchmarkId 14 in /home/paff/Projects/WinForward/benchmarks/WinForward.Benchmarks/bin/Release/net10.0/WinForward.Benchmarks-ShortRun-1/bin/Release/net10.0
// Failed to set up high priority (Permission denied). In order to run benchmarks with high priority, make sure you have the right permissions.
// BeforeAnythingElse

// Benchmark Process Environment Information:
// BenchmarkDotNet v0.15.8
// Runtime=.NET 10.0.12 (10.0.12, 10.0.1226.42308), X64 RyuJIT x86-64-v4
// GC=Concurrent Workstation
// HardwareIntrinsics=AVX512 BITALG+VBMI2+VNNI+VPOPCNTDQ,AVX512 IFMA+VBMI,AVX512 F+BW+CD+DQ+VL,AVX2+BMI1+BMI2+F16C+FMA+LZCNT+MOVBE,AVX,SSE3+SSSE3+SSE4.1+SSE4.2+POPCNT,X86Base+SSE+SSE2,AES+PCLMUL,AvxVnni VectorSize=256
// Job: ShortRun(InvocationCount=1, IterationCount=3, LaunchCount=1, UnrollFactor=1, WarmupCount=3)

OverheadJitting  1: 1 op, 296957.00 ns, 296.9570 us/op
WorkloadJitting  1: 1 op, 17611271.00 ns, 17.6113 ms/op

OverheadWarmup   1: 1 op, 481.00 ns, 481.0000 ns/op
OverheadWarmup   2: 1 op, 401.00 ns, 401.0000 ns/op
OverheadWarmup   3: 1 op, 421.00 ns, 421.0000 ns/op
OverheadWarmup   4: 1 op, 451.00 ns, 451.0000 ns/op
OverheadWarmup   5: 1 op, 360.00 ns, 360.0000 ns/op
OverheadWarmup   6: 1 op, 390.00 ns, 390.0000 ns/op
OverheadWarmup   7: 1 op, 481.00 ns, 481.0000 ns/op
OverheadWarmup   8: 1 op, 471.00 ns, 471.0000 ns/op

OverheadActual   1: 1 op, 441.00 ns, 441.0000 ns/op
OverheadActual   2: 1 op, 471.00 ns, 471.0000 ns/op
OverheadActual   3: 1 op, 420.00 ns, 420.0000 ns/op
OverheadActual   4: 1 op, 441.00 ns, 441.0000 ns/op
OverheadActual   5: 1 op, 381.00 ns, 381.0000 ns/op
OverheadActual   6: 1 op, 471.00 ns, 471.0000 ns/op
OverheadActual   7: 1 op, 371.00 ns, 371.0000 ns/op
OverheadActual   8: 1 op, 551.00 ns, 551.0000 ns/op
OverheadActual   9: 1 op, 431.00 ns, 431.0000 ns/op
OverheadActual  10: 1 op, 381.00 ns, 381.0000 ns/op
OverheadActual  11: 1 op, 351.00 ns, 351.0000 ns/op
OverheadActual  12: 1 op, 381.00 ns, 381.0000 ns/op
OverheadActual  13: 1 op, 390.00 ns, 390.0000 ns/op
OverheadActual  14: 1 op, 290.00 ns, 290.0000 ns/op
OverheadActual  15: 1 op, 310.00 ns, 310.0000 ns/op
OverheadActual  16: 1 op, 330.00 ns, 330.0000 ns/op
OverheadActual  17: 1 op, 391.00 ns, 391.0000 ns/op
OverheadActual  18: 1 op, 381.00 ns, 381.0000 ns/op
OverheadActual  19: 1 op, 360.00 ns, 360.0000 ns/op
OverheadActual  20: 1 op, 491.00 ns, 491.0000 ns/op

WorkloadWarmup   1: 1 op, 50633.00 ns, 50.6330 us/op
WorkloadWarmup   2: 1 op, 29996.00 ns, 29.9960 us/op
WorkloadWarmup   3: 1 op, 27541.00 ns, 27.5410 us/op

// BeforeActualRun
WorkloadActual   1: 1 op, 52607.00 ns, 52.6070 us/op
WorkloadActual   2: 1 op, 32149.00 ns, 32.1490 us/op
WorkloadActual   3: 1 op, 43330.00 ns, 43.3300 us/op

// AfterActualRun
WorkloadResult   1: 1 op, 52221.50 ns, 52.2215 us/op
WorkloadResult   2: 1 op, 31763.50 ns, 31.7635 us/op
WorkloadResult   3: 1 op, 42944.50 ns, 42.9445 us/op
// GC:  0 0 0 3896 1
// Threading:  0 0 1

// AfterAll
// Benchmark Process 1620969 has exited with code 0.

Mean = 42.310 us, StdErr = 5.914 us (13.98%), N = 3, StdDev = 10.244 us
Min = 31.764 us, Q1 = 37.354 us, Median = 42.944 us, Q3 = 47.583 us, Max = 52.221 us
IQR = 10.229 us, LowerFence = 22.011 us, UpperFence = 62.926 us
ConfidenceInterval = [-144.574 us; 229.194 us] (CI 99.9%), Margin = 186.884 us (441.70% of Mean)
Skewness = -0.06, Kurtosis = 0.67, MValue = 2

// ** Remained 84 (84.8%) benchmark(s) to run. Estimated finish 2026-09-22 17:04 (0h 0m from now) **
// **************************
// Benchmark: SessionSetupDecompositionBenchmarks.ComponentC2b_SessionConstructOnly: ShortRun(InvocationCount=1, IterationCount=3, LaunchCount=1, UnrollFactor=1, WarmupCount=3) [Sessions=1]
// *** Execute ***
// Launch: 1 / 1
// Execute: dotnet WinForward.Benchmarks-ShortRun-1.dll --anonymousPipes 123 125 --benchmarkName "WinForward.Benchmarks.Perf.SessionSetupDecompositionBenchmarks.ComponentC2b_SessionConstructOnly(Sessions: 1)" --job ShortRun --benchmarkId 15 in /home/paff/Projects/WinForward/benchmarks/WinForward.Benchmarks/bin/Release/net10.0/WinForward.Benchmarks-ShortRun-1/bin/Release/net10.0
// Failed to set up high priority (Permission denied). In order to run benchmarks with high priority, make sure you have the right permissions.
// BeforeAnythingElse

// Benchmark Process Environment Information:
// BenchmarkDotNet v0.15.8
// Runtime=.NET 10.0.12 (10.0.12, 10.0.1226.42308), X64 RyuJIT x86-64-v4
// GC=Concurrent Workstation
// HardwareIntrinsics=AVX512 BITALG+VBMI2+VNNI+VPOPCNTDQ,AVX512 IFMA+VBMI,AVX512 F+BW+CD+DQ+VL,AVX2+BMI1+BMI2+F16C+FMA+LZCNT+MOVBE,AVX,SSE3+SSSE3+SSE4.1+SSE4.2+POPCNT,X86Base+SSE+SSE2,AES+PCLMUL,AvxVnni VectorSize=256
// Job: ShortRun(InvocationCount=1, IterationCount=3, LaunchCount=1, UnrollFactor=1, WarmupCount=3)

OverheadJitting  1: 1 op, 298560.00 ns, 298.5600 us/op
WorkloadJitting  1: 1 op, 18222927.00 ns, 18.2229 ms/op

OverheadWarmup   1: 1 op, 481.00 ns, 481.0000 ns/op
OverheadWarmup   2: 1 op, 290.00 ns, 290.0000 ns/op
OverheadWarmup   3: 1 op, 511.00 ns, 511.0000 ns/op
OverheadWarmup   4: 1 op, 541.00 ns, 541.0000 ns/op
OverheadWarmup   5: 1 op, 611.00 ns, 611.0000 ns/op
OverheadWarmup   6: 1 op, 571.00 ns, 571.0000 ns/op
OverheadWarmup   7: 1 op, 241.00 ns, 241.0000 ns/op
OverheadWarmup   8: 1 op, 290.00 ns, 290.0000 ns/op
OverheadWarmup   9: 1 op, 511.00 ns, 511.0000 ns/op
OverheadWarmup  10: 1 op, 571.00 ns, 571.0000 ns/op

OverheadActual   1: 1 op, 481.00 ns, 481.0000 ns/op
OverheadActual   2: 1 op, 531.00 ns, 531.0000 ns/op
OverheadActual   3: 1 op, 581.00 ns, 581.0000 ns/op
OverheadActual   4: 1 op, 471.00 ns, 471.0000 ns/op
OverheadActual   5: 1 op, 471.00 ns, 471.0000 ns/op
OverheadActual   6: 1 op, 491.00 ns, 491.0000 ns/op
OverheadActual   7: 1 op, 521.00 ns, 521.0000 ns/op
OverheadActual   8: 1 op, 290.00 ns, 290.0000 ns/op
OverheadActual   9: 1 op, 511.00 ns, 511.0000 ns/op
OverheadActual  10: 1 op, 481.00 ns, 481.0000 ns/op
OverheadActual  11: 1 op, 281.00 ns, 281.0000 ns/op
OverheadActual  12: 1 op, 271.00 ns, 271.0000 ns/op
OverheadActual  13: 1 op, 280.00 ns, 280.0000 ns/op
OverheadActual  14: 1 op, 561.00 ns, 561.0000 ns/op
OverheadActual  15: 1 op, 702.00 ns, 702.0000 ns/op
OverheadActual  16: 1 op, 571.00 ns, 571.0000 ns/op
OverheadActual  17: 1 op, 481.00 ns, 481.0000 ns/op
OverheadActual  18: 1 op, 350.00 ns, 350.0000 ns/op
OverheadActual  19: 1 op, 511.00 ns, 511.0000 ns/op
OverheadActual  20: 1 op, 521.00 ns, 521.0000 ns/op

WorkloadWarmup   1: 1 op, 71772.00 ns, 71.7720 us/op
WorkloadWarmup   2: 1 op, 32339.00 ns, 32.3390 us/op
WorkloadWarmup   3: 1 op, 31378.00 ns, 31.3780 us/op

// BeforeActualRun
WorkloadActual   1: 1 op, 59730.00 ns, 59.7300 us/op
WorkloadActual   2: 1 op, 29524.00 ns, 29.5240 us/op
WorkloadActual   3: 1 op, 24205.00 ns, 24.2050 us/op

// AfterActualRun
WorkloadResult   1: 1 op, 59244.00 ns, 59.2440 us/op
WorkloadResult   2: 1 op, 29038.00 ns, 29.0380 us/op
WorkloadResult   3: 1 op, 23719.00 ns, 23.7190 us/op
// GC:  0 0 0 4528 1
// Threading:  0 0 1

// AfterAll
// Benchmark Process 1620978 has exited with code 0.

Mean = 37.334 us, StdErr = 11.062 us (29.63%), N = 3, StdDev = 19.160 us
Min = 23.719 us, Q1 = 26.378 us, Median = 29.038 us, Q3 = 44.141 us, Max = 59.244 us
IQR = 17.762 us, LowerFence = -0.265 us, UpperFence = 70.785 us
ConfidenceInterval = [-312.223 us; 386.890 us] (CI 99.9%), Margin = 349.557 us (936.30% of Mean)
Skewness = 0.35, Kurtosis = 0.67, MValue = 2

// ** Remained 83 (83.8%) benchmark(s) to run. Estimated finish 2026-09-22 17:04 (0h 0m from now) **
// **************************
// Benchmark: SessionSetupDecompositionBenchmarks.ComponentC2c1_ScopeConstructLinked: ShortRun(InvocationCount=1, IterationCount=3, LaunchCount=1, UnrollFactor=1, WarmupCount=3) [Sessions=1]
// *** Execute ***
// Launch: 1 / 1
// Execute: dotnet WinForward.Benchmarks-ShortRun-1.dll --anonymousPipes 123 125 --benchmarkName "WinForward.Benchmarks.Perf.SessionSetupDecompositionBenchmarks.ComponentC2c1_ScopeConstructLinked(Sessions: 1)" --job ShortRun --benchmarkId 16 in /home/paff/Projects/WinForward/benchmarks/WinForward.Benchmarks/bin/Release/net10.0/WinForward.Benchmarks-ShortRun-1/bin/Release/net10.0
// Failed to set up high priority (Permission denied). In order to run benchmarks with high priority, make sure you have the right permissions.
// BeforeAnythingElse

// Benchmark Process Environment Information:
// BenchmarkDotNet v0.15.8
// Runtime=.NET 10.0.12 (10.0.12, 10.0.1226.42308), X64 RyuJIT x86-64-v4
// GC=Concurrent Workstation
// HardwareIntrinsics=AVX512 BITALG+VBMI2+VNNI+VPOPCNTDQ,AVX512 IFMA+VBMI,AVX512 F+BW+CD+DQ+VL,AVX2+BMI1+BMI2+F16C+FMA+LZCNT+MOVBE,AVX,SSE3+SSSE3+SSE4.1+SSE4.2+POPCNT,X86Base+SSE+SSE2,AES+PCLMUL,AvxVnni VectorSize=256
// Job: ShortRun(InvocationCount=1, IterationCount=3, LaunchCount=1, UnrollFactor=1, WarmupCount=3)

OverheadJitting  1: 1 op, 278233.00 ns, 278.2330 us/op
WorkloadJitting  1: 1 op, 1329199.00 ns, 1.3292 ms/op

OverheadWarmup   1: 1 op, 451.00 ns, 451.0000 ns/op
OverheadWarmup   2: 1 op, 351.00 ns, 351.0000 ns/op
OverheadWarmup   3: 1 op, 391.00 ns, 391.0000 ns/op
OverheadWarmup   4: 1 op, 260.00 ns, 260.0000 ns/op
OverheadWarmup   5: 1 op, 291.00 ns, 291.0000 ns/op
OverheadWarmup   6: 1 op, 501.00 ns, 501.0000 ns/op
OverheadWarmup   7: 1 op, 331.00 ns, 331.0000 ns/op

OverheadActual   1: 1 op, 471.00 ns, 471.0000 ns/op
OverheadActual   2: 1 op, 431.00 ns, 431.0000 ns/op
OverheadActual   3: 1 op, 421.00 ns, 421.0000 ns/op
OverheadActual   4: 1 op, 731.00 ns, 731.0000 ns/op
OverheadActual   5: 1 op, 431.00 ns, 431.0000 ns/op
OverheadActual   6: 1 op, 251.00 ns, 251.0000 ns/op
OverheadActual   7: 1 op, 261.00 ns, 261.0000 ns/op
OverheadActual   8: 1 op, 260.00 ns, 260.0000 ns/op
OverheadActual   9: 1 op, 491.00 ns, 491.0000 ns/op
OverheadActual  10: 1 op, 271.00 ns, 271.0000 ns/op
OverheadActual  11: 1 op, 440.00 ns, 440.0000 ns/op
OverheadActual  12: 1 op, 501.00 ns, 501.0000 ns/op
OverheadActual  13: 1 op, 541.00 ns, 541.0000 ns/op
OverheadActual  14: 1 op, 511.00 ns, 511.0000 ns/op
OverheadActual  15: 1 op, 470.00 ns, 470.0000 ns/op
OverheadActual  16: 1 op, 260.00 ns, 260.0000 ns/op
OverheadActual  17: 1 op, 511.00 ns, 511.0000 ns/op
OverheadActual  18: 1 op, 281.00 ns, 281.0000 ns/op
OverheadActual  19: 1 op, 480.00 ns, 480.0000 ns/op
OverheadActual  20: 1 op, 260.00 ns, 260.0000 ns/op

WorkloadWarmup   1: 1 op, 13174.00 ns, 13.1740 us/op
WorkloadWarmup   2: 1 op, 8656.00 ns, 8.6560 us/op
WorkloadWarmup   3: 1 op, 8125.00 ns, 8.1250 us/op

// BeforeActualRun
WorkloadActual   1: 1 op, 7273.00 ns, 7.2730 us/op
WorkloadActual   2: 1 op, 5821.00 ns, 5.8210 us/op
WorkloadActual   3: 1 op, 5620.00 ns, 5.6200 us/op

// AfterActualRun
WorkloadResult   1: 1 op, 6837.50 ns, 6.8375 us/op
WorkloadResult   2: 1 op, 5385.50 ns, 5.3855 us/op
WorkloadResult   3: 1 op, 5184.50 ns, 5.1845 us/op
// GC:  0 0 0 416 1
// Threading:  0 0 1

// AfterAll
// Benchmark Process 1620987 has exited with code 0.

Mean = 5.803 us, StdErr = 0.521 us (8.97%), N = 3, StdDev = 0.902 us
Min = 5.184 us, Q1 = 5.285 us, Median = 5.386 us, Q3 = 6.112 us, Max = 6.838 us
IQR = 0.827 us, LowerFence = 4.045 us, UpperFence = 7.351 us
ConfidenceInterval = [-10.652 us; 22.257 us] (CI 99.9%), Margin = 16.455 us (283.58% of Mean)
Skewness = 0.36, Kurtosis = 0.67, MValue = 2

// ** Remained 82 (82.8%) benchmark(s) to run. Estimated finish 2026-09-22 17:03 (0h 0m from now) **
// **************************
// Benchmark: SessionSetupDecompositionBenchmarks.ComponentC2c2_ScopeConstructUnlinked: ShortRun(InvocationCount=1, IterationCount=3, LaunchCount=1, UnrollFactor=1, WarmupCount=3) [Sessions=1]
// *** Execute ***
// Launch: 1 / 1
// Execute: dotnet WinForward.Benchmarks-ShortRun-1.dll --anonymousPipes 123 125 --benchmarkName "WinForward.Benchmarks.Perf.SessionSetupDecompositionBenchmarks.ComponentC2c2_ScopeConstructUnlinked(Sessions: 1)" --job ShortRun --benchmarkId 17 in /home/paff/Projects/WinForward/benchmarks/WinForward.Benchmarks/bin/Release/net10.0/WinForward.Benchmarks-ShortRun-1/bin/Release/net10.0
// Failed to set up high priority (Permission denied). In order to run benchmarks with high priority, make sure you have the right permissions.
// BeforeAnythingElse

// Benchmark Process Environment Information:
// BenchmarkDotNet v0.15.8
// Runtime=.NET 10.0.12 (10.0.12, 10.0.1226.42308), X64 RyuJIT x86-64-v4
// GC=Concurrent Workstation
// HardwareIntrinsics=AVX512 BITALG+VBMI2+VNNI+VPOPCNTDQ,AVX512 IFMA+VBMI,AVX512 F+BW+CD+DQ+VL,AVX2+BMI1+BMI2+F16C+FMA+LZCNT+MOVBE,AVX,SSE3+SSSE3+SSE4.1+SSE4.2+POPCNT,X86Base+SSE+SSE2,AES+PCLMUL,AvxVnni VectorSize=256
// Job: ShortRun(InvocationCount=1, IterationCount=3, LaunchCount=1, UnrollFactor=1, WarmupCount=3)

OverheadJitting  1: 1 op, 353842.00 ns, 353.8420 us/op
WorkloadJitting  1: 1 op, 1051968.00 ns, 1.0520 ms/op

OverheadWarmup   1: 1 op, 471.00 ns, 471.0000 ns/op
OverheadWarmup   2: 1 op, 451.00 ns, 451.0000 ns/op
OverheadWarmup   3: 1 op, 461.00 ns, 461.0000 ns/op
OverheadWarmup   4: 1 op, 351.00 ns, 351.0000 ns/op
OverheadWarmup   5: 1 op, 501.00 ns, 501.0000 ns/op
OverheadWarmup   6: 1 op, 370.00 ns, 370.0000 ns/op

OverheadActual   1: 1 op, 451.00 ns, 451.0000 ns/op
OverheadActual   2: 1 op, 501.00 ns, 501.0000 ns/op
OverheadActual   3: 1 op, 441.00 ns, 441.0000 ns/op
OverheadActual   4: 1 op, 421.00 ns, 421.0000 ns/op
OverheadActual   5: 1 op, 401.00 ns, 401.0000 ns/op
OverheadActual   6: 1 op, 351.00 ns, 351.0000 ns/op
OverheadActual   7: 1 op, 361.00 ns, 361.0000 ns/op
OverheadActual   8: 1 op, 371.00 ns, 371.0000 ns/op
OverheadActual   9: 1 op, 441.00 ns, 441.0000 ns/op
OverheadActual  10: 1 op, 340.00 ns, 340.0000 ns/op
OverheadActual  11: 1 op, 341.00 ns, 341.0000 ns/op
OverheadActual  12: 1 op, 481.00 ns, 481.0000 ns/op
OverheadActual  13: 1 op, 441.00 ns, 441.0000 ns/op
OverheadActual  14: 1 op, 371.00 ns, 371.0000 ns/op
OverheadActual  15: 1 op, 361.00 ns, 361.0000 ns/op
OverheadActual  16: 1 op, 450.00 ns, 450.0000 ns/op
OverheadActual  17: 1 op, 461.00 ns, 461.0000 ns/op
OverheadActual  18: 1 op, 461.00 ns, 461.0000 ns/op
OverheadActual  19: 1 op, 521.00 ns, 521.0000 ns/op
OverheadActual  20: 1 op, 451.00 ns, 451.0000 ns/op

WorkloadWarmup   1: 1 op, 8997.00 ns, 8.9970 us/op
WorkloadWarmup   2: 1 op, 7554.00 ns, 7.5540 us/op
WorkloadWarmup   3: 1 op, 5920.00 ns, 5.9200 us/op

// BeforeActualRun
WorkloadActual   1: 1 op, 6632.00 ns, 6.6320 us/op
WorkloadActual   2: 1 op, 5109.00 ns, 5.1090 us/op
WorkloadActual   3: 1 op, 6642.00 ns, 6.6420 us/op

// AfterActualRun
WorkloadResult   1: 1 op, 6191.00 ns, 6.1910 us/op
WorkloadResult   2: 1 op, 4668.00 ns, 4.6680 us/op
WorkloadResult   3: 1 op, 6201.00 ns, 6.2010 us/op
// GC:  0 0 0 208 1
// Threading:  0 0 1

// AfterAll
// Benchmark Process 1621003 has exited with code 0.

Mean = 5.687 us, StdErr = 0.509 us (8.96%), N = 3, StdDev = 0.882 us
Min = 4.668 us, Q1 = 5.429 us, Median = 6.191 us, Q3 = 6.196 us, Max = 6.201 us
IQR = 0.766 us, LowerFence = 4.280 us, UpperFence = 7.346 us
ConfidenceInterval = [-10.408 us; 21.781 us] (CI 99.9%), Margin = 16.095 us (283.03% of Mean)
Skewness = -0.38, Kurtosis = 0.67, MValue = 2

// ** Remained 81 (81.8%) benchmark(s) to run. Estimated finish 2026-09-22 17:03 (0h 0m from now) **
// **************************
// Benchmark: SessionSetupDecompositionBenchmarks.ComponentC2e_LockConstruction: ShortRun(InvocationCount=1, IterationCount=3, LaunchCount=1, UnrollFactor=1, WarmupCount=3) [Sessions=1]
// *** Execute ***
// Launch: 1 / 1
// Execute: dotnet WinForward.Benchmarks-ShortRun-1.dll --anonymousPipes 123 125 --benchmarkName "WinForward.Benchmarks.Perf.SessionSetupDecompositionBenchmarks.ComponentC2e_LockConstruction(Sessions: 1)" --job ShortRun --benchmarkId 18 in /home/paff/Projects/WinForward/benchmarks/WinForward.Benchmarks/bin/Release/net10.0/WinForward.Benchmarks-ShortRun-1/bin/Release/net10.0
// Failed to set up high priority (Permission denied). In order to run benchmarks with high priority, make sure you have the right permissions.
// BeforeAnythingElse

// Benchmark Process Environment Information:
// BenchmarkDotNet v0.15.8
// Runtime=.NET 10.0.12 (10.0.12, 10.0.1226.42308), X64 RyuJIT x86-64-v4
// GC=Concurrent Workstation
// HardwareIntrinsics=AVX512 BITALG+VBMI2+VNNI+VPOPCNTDQ,AVX512 IFMA+VBMI,AVX512 F+BW+CD+DQ+VL,AVX2+BMI1+BMI2+F16C+FMA+LZCNT+MOVBE,AVX,SSE3+SSSE3+SSE4.1+SSE4.2+POPCNT,X86Base+SSE+SSE2,AES+PCLMUL,AvxVnni VectorSize=256
// Job: ShortRun(InvocationCount=1, IterationCount=3, LaunchCount=1, UnrollFactor=1, WarmupCount=3)

OverheadJitting  1: 1 op, 290635.00 ns, 290.6350 us/op
WorkloadJitting  1: 1 op, 711160.00 ns, 711.1600 us/op

OverheadWarmup   1: 1 op, 501.00 ns, 501.0000 ns/op
OverheadWarmup   2: 1 op, 471.00 ns, 471.0000 ns/op
OverheadWarmup   3: 1 op, 461.00 ns, 461.0000 ns/op
OverheadWarmup   4: 1 op, 360.00 ns, 360.0000 ns/op
OverheadWarmup   5: 1 op, 531.00 ns, 531.0000 ns/op
OverheadWarmup   6: 1 op, 491.00 ns, 491.0000 ns/op
OverheadWarmup   7: 1 op, 491.00 ns, 491.0000 ns/op
OverheadWarmup   8: 1 op, 280.00 ns, 280.0000 ns/op

OverheadActual   1: 1 op, 491.00 ns, 491.0000 ns/op
OverheadActual   2: 1 op, 661.00 ns, 661.0000 ns/op
OverheadActual   3: 1 op, 561.00 ns, 561.0000 ns/op
OverheadActual   4: 1 op, 551.00 ns, 551.0000 ns/op
OverheadActual   5: 1 op, 461.00 ns, 461.0000 ns/op
OverheadActual   6: 1 op, 270.00 ns, 270.0000 ns/op
OverheadActual   7: 1 op, 270.00 ns, 270.0000 ns/op
OverheadActual   8: 1 op, 461.00 ns, 461.0000 ns/op
OverheadActual   9: 1 op, 441.00 ns, 441.0000 ns/op
OverheadActual  10: 1 op, 511.00 ns, 511.0000 ns/op
OverheadActual  11: 1 op, 370.00 ns, 370.0000 ns/op
OverheadActual  12: 1 op, 261.00 ns, 261.0000 ns/op
OverheadActual  13: 1 op, 291.00 ns, 291.0000 ns/op
OverheadActual  14: 1 op, 430.00 ns, 430.0000 ns/op
OverheadActual  15: 1 op, 581.00 ns, 581.0000 ns/op
OverheadActual  16: 1 op, 481.00 ns, 481.0000 ns/op
OverheadActual  17: 1 op, 300.00 ns, 300.0000 ns/op
OverheadActual  18: 1 op, 461.00 ns, 461.0000 ns/op
OverheadActual  19: 1 op, 471.00 ns, 471.0000 ns/op
OverheadActual  20: 1 op, 480.00 ns, 480.0000 ns/op

WorkloadWarmup   1: 1 op, 4108.00 ns, 4.1080 us/op
WorkloadWarmup   2: 1 op, 2786.00 ns, 2.7860 us/op
WorkloadWarmup   3: 1 op, 3587.00 ns, 3.5870 us/op

// BeforeActualRun
WorkloadActual   1: 1 op, 18224.00 ns, 18.2240 us/op
WorkloadActual   2: 1 op, 2835.00 ns, 2.8350 us/op
WorkloadActual   3: 1 op, 3657.00 ns, 3.6570 us/op

// AfterActualRun
WorkloadResult   1: 1 op, 17763.00 ns, 17.7630 us/op
WorkloadResult   2: 1 op, 2374.00 ns, 2.3740 us/op
WorkloadResult   3: 1 op, 3196.00 ns, 3.1960 us/op
// GC:  0 0 0 40 1
// Threading:  0 0 1

// AfterAll
// Benchmark Process 1621012 has exited with code 0.

Mean = 7.778 us, StdErr = 4.998 us (64.26%), N = 3, StdDev = 8.657 us
Min = 2.374 us, Q1 = 2.785 us, Median = 3.196 us, Q3 = 10.479 us, Max = 17.763 us
IQR = 7.694 us, LowerFence = -8.757 us, UpperFence = 22.021 us
ConfidenceInterval = [-150.164 us; 165.719 us] (CI 99.9%), Margin = 157.942 us (2030.71% of Mean)
Skewness = 0.38, Kurtosis = 0.67, MValue = 2

// ** Remained 80 (80.8%) benchmark(s) to run. Estimated finish 2026-09-22 17:03 (0h 0m from now) **
// **************************
// Benchmark: SessionSetupDecompositionBenchmarks.ComponentC2e_TaskCompletionSourceConstruction: ShortRun(InvocationCount=1, IterationCount=3, LaunchCount=1, UnrollFactor=1, WarmupCount=3) [Sessions=1]
// *** Execute ***
// Launch: 1 / 1
// Execute: dotnet WinForward.Benchmarks-ShortRun-1.dll --anonymousPipes 123 125 --benchmarkName "WinForward.Benchmarks.Perf.SessionSetupDecompositionBenchmarks.ComponentC2e_TaskCompletionSourceConstruction(Sessions: 1)" --job ShortRun --benchmarkId 19 in /home/paff/Projects/WinForward/benchmarks/WinForward.Benchmarks/bin/Release/net10.0/WinForward.Benchmarks-ShortRun-1/bin/Release/net10.0
// Failed to set up high priority (Permission denied). In order to run benchmarks with high priority, make sure you have the right permissions.
// BeforeAnythingElse

// Benchmark Process Environment Information:
// BenchmarkDotNet v0.15.8
// Runtime=.NET 10.0.12 (10.0.12, 10.0.1226.42308), X64 RyuJIT x86-64-v4
// GC=Concurrent Workstation
// HardwareIntrinsics=AVX512 BITALG+VBMI2+VNNI+VPOPCNTDQ,AVX512 IFMA+VBMI,AVX512 F+BW+CD+DQ+VL,AVX2+BMI1+BMI2+F16C+FMA+LZCNT+MOVBE,AVX,SSE3+SSSE3+SSE4.1+SSE4.2+POPCNT,X86Base+SSE+SSE2,AES+PCLMUL,AvxVnni VectorSize=256
// Job: ShortRun(InvocationCount=1, IterationCount=3, LaunchCount=1, UnrollFactor=1, WarmupCount=3)

OverheadJitting  1: 1 op, 261602.00 ns, 261.6020 us/op
WorkloadJitting  1: 1 op, 730435.00 ns, 730.4350 us/op

OverheadWarmup   1: 1 op, 431.00 ns, 431.0000 ns/op
OverheadWarmup   2: 1 op, 441.00 ns, 441.0000 ns/op
OverheadWarmup   3: 1 op, 261.00 ns, 261.0000 ns/op
OverheadWarmup   4: 1 op, 441.00 ns, 441.0000 ns/op
OverheadWarmup   5: 1 op, 1172.00 ns, 1.1720 us/op
OverheadWarmup   6: 1 op, 471.00 ns, 471.0000 ns/op

OverheadActual   1: 1 op, 461.00 ns, 461.0000 ns/op
OverheadActual   2: 1 op, 461.00 ns, 461.0000 ns/op
OverheadActual   3: 1 op, 500.00 ns, 500.0000 ns/op
OverheadActual   4: 1 op, 431.00 ns, 431.0000 ns/op
OverheadActual   5: 1 op, 421.00 ns, 421.0000 ns/op
OverheadActual   6: 1 op, 421.00 ns, 421.0000 ns/op
OverheadActual   7: 1 op, 341.00 ns, 341.0000 ns/op
OverheadActual   8: 1 op, 441.00 ns, 441.0000 ns/op
OverheadActual   9: 1 op, 461.00 ns, 461.0000 ns/op
OverheadActual  10: 1 op, 321.00 ns, 321.0000 ns/op
OverheadActual  11: 1 op, 341.00 ns, 341.0000 ns/op
OverheadActual  12: 1 op, 440.00 ns, 440.0000 ns/op
OverheadActual  13: 1 op, 431.00 ns, 431.0000 ns/op
OverheadActual  14: 1 op, 451.00 ns, 451.0000 ns/op
OverheadActual  15: 1 op, 431.00 ns, 431.0000 ns/op
OverheadActual  16: 1 op, 381.00 ns, 381.0000 ns/op
OverheadActual  17: 1 op, 441.00 ns, 441.0000 ns/op
OverheadActual  18: 1 op, 451.00 ns, 451.0000 ns/op
OverheadActual  19: 1 op, 371.00 ns, 371.0000 ns/op
OverheadActual  20: 1 op, 270.00 ns, 270.0000 ns/op

WorkloadWarmup   1: 1 op, 9457.00 ns, 9.4570 us/op
WorkloadWarmup   2: 1 op, 4769.00 ns, 4.7690 us/op
WorkloadWarmup   3: 1 op, 4608.00 ns, 4.6080 us/op

// BeforeActualRun
WorkloadActual   1: 1 op, 4338.00 ns, 4.3380 us/op
WorkloadActual   2: 1 op, 4569.00 ns, 4.5690 us/op
WorkloadActual   3: 1 op, 4589.00 ns, 4.5890 us/op

// AfterActualRun
WorkloadResult   1: 1 op, 3907.00 ns, 3.9070 us/op
WorkloadResult   2: 1 op, 4138.00 ns, 4.1380 us/op
WorkloadResult   3: 1 op, 4158.00 ns, 4.1580 us/op
// GC:  0 0 0 88 1
// Threading:  0 0 1

// AfterAll
// Benchmark Process 1621021 has exited with code 0.

Mean = 4.068 us, StdErr = 0.081 us (1.98%), N = 3, StdDev = 0.140 us
Min = 3.907 us, Q1 = 4.022 us, Median = 4.138 us, Q3 = 4.148 us, Max = 4.158 us
IQR = 0.126 us, LowerFence = 3.834 us, UpperFence = 4.336 us
ConfidenceInterval = [1.523 us; 6.613 us] (CI 99.9%), Margin = 2.545 us (62.57% of Mean)
Skewness = -0.38, Kurtosis = 0.67, MValue = 2

// ** Remained 79 (79.8%) benchmark(s) to run. Estimated finish 2026-09-22 17:03 (0h 0m from now) **
// **************************
// Benchmark: SessionSetupDecompositionBenchmarks.ComponentC2e_LinkedTokenSourceConstruction: ShortRun(InvocationCount=1, IterationCount=3, LaunchCount=1, UnrollFactor=1, WarmupCount=3) [Sessions=1]
// *** Execute ***
// Launch: 1 / 1
// Execute: dotnet WinForward.Benchmarks-ShortRun-1.dll --anonymousPipes 123 125 --benchmarkName "WinForward.Benchmarks.Perf.SessionSetupDecompositionBenchmarks.ComponentC2e_LinkedTokenSourceConstruction(Sessions: 1)" --job ShortRun --benchmarkId 20 in /home/paff/Projects/WinForward/benchmarks/WinForward.Benchmarks/bin/Release/net10.0/WinForward.Benchmarks-ShortRun-1/bin/Release/net10.0
// Failed to set up high priority (Permission denied). In order to run benchmarks with high priority, make sure you have the right permissions.
// BeforeAnythingElse

// Benchmark Process Environment Information:
// BenchmarkDotNet v0.15.8
// Runtime=.NET 10.0.12 (10.0.12, 10.0.1226.42308), X64 RyuJIT x86-64-v4
// GC=Concurrent Workstation
// HardwareIntrinsics=AVX512 BITALG+VBMI2+VNNI+VPOPCNTDQ,AVX512 IFMA+VBMI,AVX512 F+BW+CD+DQ+VL,AVX2+BMI1+BMI2+F16C+FMA+LZCNT+MOVBE,AVX,SSE3+SSSE3+SSE4.1+SSE4.2+POPCNT,X86Base+SSE+SSE2,AES+PCLMUL,AvxVnni VectorSize=256
// Job: ShortRun(InvocationCount=1, IterationCount=3, LaunchCount=1, UnrollFactor=1, WarmupCount=3)

OverheadJitting  1: 1 op, 409003.00 ns, 409.0030 us/op
WorkloadJitting  1: 1 op, 1222492.00 ns, 1.2225 ms/op

OverheadWarmup   1: 1 op, 491.00 ns, 491.0000 ns/op
OverheadWarmup   2: 1 op, 451.00 ns, 451.0000 ns/op
OverheadWarmup   3: 1 op, 481.00 ns, 481.0000 ns/op
OverheadWarmup   4: 1 op, 841.00 ns, 841.0000 ns/op
OverheadWarmup   5: 1 op, 461.00 ns, 461.0000 ns/op
OverheadWarmup   6: 1 op, 471.00 ns, 471.0000 ns/op
OverheadWarmup   7: 1 op, 471.00 ns, 471.0000 ns/op

OverheadActual   1: 1 op, 420.00 ns, 420.0000 ns/op
OverheadActual   2: 1 op, 421.00 ns, 421.0000 ns/op
OverheadActual   3: 1 op, 451.00 ns, 451.0000 ns/op
OverheadActual   4: 1 op, 471.00 ns, 471.0000 ns/op
OverheadActual   5: 1 op, 471.00 ns, 471.0000 ns/op
OverheadActual   6: 1 op, 291.00 ns, 291.0000 ns/op
OverheadActual   7: 1 op, 290.00 ns, 290.0000 ns/op
OverheadActual   8: 1 op, 461.00 ns, 461.0000 ns/op
OverheadActual   9: 1 op, 290.00 ns, 290.0000 ns/op
OverheadActual  10: 1 op, 481.00 ns, 481.0000 ns/op
OverheadActual  11: 1 op, 481.00 ns, 481.0000 ns/op
OverheadActual  12: 1 op, 311.00 ns, 311.0000 ns/op
OverheadActual  13: 1 op, 441.00 ns, 441.0000 ns/op
OverheadActual  14: 1 op, 280.00 ns, 280.0000 ns/op
OverheadActual  15: 1 op, 281.00 ns, 281.0000 ns/op
OverheadActual  16: 1 op, 280.00 ns, 280.0000 ns/op
OverheadActual  17: 1 op, 461.00 ns, 461.0000 ns/op
OverheadActual  18: 1 op, 300.00 ns, 300.0000 ns/op
OverheadActual  19: 1 op, 460.00 ns, 460.0000 ns/op
OverheadActual  20: 1 op, 271.00 ns, 271.0000 ns/op

WorkloadWarmup   1: 1 op, 16691.00 ns, 16.6910 us/op
WorkloadWarmup   2: 1 op, 8966.00 ns, 8.9660 us/op
WorkloadWarmup   3: 1 op, 7053.00 ns, 7.0530 us/op

// BeforeActualRun
WorkloadActual   1: 1 op, 7895.00 ns, 7.8950 us/op
WorkloadActual   2: 1 op, 7815.00 ns, 7.8150 us/op
WorkloadActual   3: 1 op, 5670.00 ns, 5.6700 us/op

// AfterActualRun
WorkloadResult   1: 1 op, 7474.50 ns, 7.4745 us/op
WorkloadResult   2: 1 op, 7394.50 ns, 7.3945 us/op
WorkloadResult   3: 1 op, 5249.50 ns, 5.2495 us/op
// GC:  0 0 0 352 1
// Threading:  0 0 1

// AfterAll
// Benchmark Process 1621030 has exited with code 0.

Mean = 6.706 us, StdErr = 0.729 us (10.87%), N = 3, StdDev = 1.262 us
Min = 5.250 us, Q1 = 6.322 us, Median = 7.394 us, Q3 = 7.434 us, Max = 7.474 us
IQR = 1.113 us, LowerFence = 4.653 us, UpperFence = 9.103 us
ConfidenceInterval = [-16.320 us; 29.732 us] (CI 99.9%), Margin = 23.026 us (343.36% of Mean)
Skewness = -0.38, Kurtosis = 0.67, MValue = 2

// ** Remained 78 (78.8%) benchmark(s) to run. Estimated finish 2026-09-22 17:03 (0h 0m from now) **
// **************************
// Benchmark: SessionSetupDecompositionBenchmarks.ComponentE1_CanceledDelayAwaitAsync: ShortRun(InvocationCount=1, IterationCount=3, LaunchCount=1, UnrollFactor=1, WarmupCount=3) [Sessions=1]
// *** Execute ***
// Launch: 1 / 1
// Execute: dotnet WinForward.Benchmarks-ShortRun-1.dll --anonymousPipes 123 125 --benchmarkName "WinForward.Benchmarks.Perf.SessionSetupDecompositionBenchmarks.ComponentE1_CanceledDelayAwaitAsync(Sessions: 1)" --job ShortRun --benchmarkId 21 in /home/paff/Projects/WinForward/benchmarks/WinForward.Benchmarks/bin/Release/net10.0/WinForward.Benchmarks-ShortRun-1/bin/Release/net10.0
// Failed to set up high priority (Permission denied). In order to run benchmarks with high priority, make sure you have the right permissions.
// BeforeAnythingElse

// Benchmark Process Environment Information:
// BenchmarkDotNet v0.15.8
// Runtime=.NET 10.0.12 (10.0.12, 10.0.1226.42308), X64 RyuJIT x86-64-v4
// GC=Concurrent Workstation
// HardwareIntrinsics=AVX512 BITALG+VBMI2+VNNI+VPOPCNTDQ,AVX512 IFMA+VBMI,AVX512 F+BW+CD+DQ+VL,AVX2+BMI1+BMI2+F16C+FMA+LZCNT+MOVBE,AVX,SSE3+SSSE3+SSE4.1+SSE4.2+POPCNT,X86Base+SSE+SSE2,AES+PCLMUL,AvxVnni VectorSize=256
// Job: ShortRun(InvocationCount=1, IterationCount=3, LaunchCount=1, UnrollFactor=1, WarmupCount=3)

OverheadJitting  1: 1 op, 362978.00 ns, 362.9780 us/op
WorkloadJitting  1: 1 op, 5351678.00 ns, 5.3517 ms/op

OverheadWarmup   1: 1 op, 902.00 ns, 902.0000 ns/op
OverheadWarmup   2: 1 op, 541.00 ns, 541.0000 ns/op
OverheadWarmup   3: 1 op, 631.00 ns, 631.0000 ns/op
OverheadWarmup   4: 1 op, 551.00 ns, 551.0000 ns/op
OverheadWarmup   5: 1 op, 631.00 ns, 631.0000 ns/op
OverheadWarmup   6: 1 op, 511.00 ns, 511.0000 ns/op

OverheadActual   1: 1 op, 872.00 ns, 872.0000 ns/op
OverheadActual   2: 1 op, 651.00 ns, 651.0000 ns/op
OverheadActual   3: 1 op, 450.00 ns, 450.0000 ns/op
OverheadActual   4: 1 op, 451.00 ns, 451.0000 ns/op
OverheadActual   5: 1 op, 431.00 ns, 431.0000 ns/op
OverheadActual   6: 1 op, 441.00 ns, 441.0000 ns/op
OverheadActual   7: 1 op, 280.00 ns, 280.0000 ns/op
OverheadActual   8: 1 op, 270.00 ns, 270.0000 ns/op
OverheadActual   9: 1 op, 441.00 ns, 441.0000 ns/op
OverheadActual  10: 1 op, 461.00 ns, 461.0000 ns/op
OverheadActual  11: 1 op, 430.00 ns, 430.0000 ns/op
OverheadActual  12: 1 op, 261.00 ns, 261.0000 ns/op
OverheadActual  13: 1 op, 541.00 ns, 541.0000 ns/op
OverheadActual  14: 1 op, 431.00 ns, 431.0000 ns/op
OverheadActual  15: 1 op, 561.00 ns, 561.0000 ns/op
OverheadActual  16: 1 op, 281.00 ns, 281.0000 ns/op
OverheadActual  17: 1 op, 421.00 ns, 421.0000 ns/op
OverheadActual  18: 1 op, 431.00 ns, 431.0000 ns/op
OverheadActual  19: 1 op, 451.00 ns, 451.0000 ns/op
OverheadActual  20: 1 op, 291.00 ns, 291.0000 ns/op

WorkloadWarmup   1: 1 op, 253156.00 ns, 253.1560 us/op
WorkloadWarmup   2: 1 op, 74257.00 ns, 74.2570 us/op
WorkloadWarmup   3: 1 op, 103320.00 ns, 103.3200 us/op

// BeforeActualRun
WorkloadActual   1: 1 op, 44843.00 ns, 44.8430 us/op
WorkloadActual   2: 1 op, 44422.00 ns, 44.4220 us/op
WorkloadActual   3: 1 op, 42648.00 ns, 42.6480 us/op

// AfterActualRun
WorkloadResult   1: 1 op, 44407.00 ns, 44.4070 us/op
WorkloadResult   2: 1 op, 43986.00 ns, 43.9860 us/op
WorkloadResult   3: 1 op, 42212.00 ns, 42.2120 us/op
// GC:  0 0 0 864 1
// Threading:  0 0 1
// Exceptions:  1

// AfterAll
// Benchmark Process 1621039 has exited with code 0.

Mean = 43.535 us, StdErr = 0.673 us (1.54%), N = 3, StdDev = 1.165 us
Min = 42.212 us, Q1 = 43.099 us, Median = 43.986 us, Q3 = 44.197 us, Max = 44.407 us
IQR = 1.097 us, LowerFence = 41.453 us, UpperFence = 45.843 us
ConfidenceInterval = [22.282 us; 64.788 us] (CI 99.9%), Margin = 21.253 us (48.82% of Mean)
Skewness = -0.33, Kurtosis = 0.67, MValue = 2

// ** Remained 77 (77.8%) benchmark(s) to run. Estimated finish 2026-09-22 17:03 (0h 0m from now) **
// **************************
// Benchmark: SessionSetupDecompositionBenchmarks.ComponentE2_SetupExecutorDisposeAsync: ShortRun(InvocationCount=1, IterationCount=3, LaunchCount=1, UnrollFactor=1, WarmupCount=3) [Sessions=1]
// *** Execute ***
// Launch: 1 / 1
// Execute: dotnet WinForward.Benchmarks-ShortRun-1.dll --anonymousPipes 123 125 --benchmarkName "WinForward.Benchmarks.Perf.SessionSetupDecompositionBenchmarks.ComponentE2_SetupExecutorDisposeAsync(Sessions: 1)" --job ShortRun --benchmarkId 22 in /home/paff/Projects/WinForward/benchmarks/WinForward.Benchmarks/bin/Release/net10.0/WinForward.Benchmarks-ShortRun-1/bin/Release/net10.0
// Failed to set up high priority (Permission denied). In order to run benchmarks with high priority, make sure you have the right permissions.
// BeforeAnythingElse

// Benchmark Process Environment Information:
// BenchmarkDotNet v0.15.8
// Runtime=.NET 10.0.12 (10.0.12, 10.0.1226.42308), X64 RyuJIT x86-64-v4
// GC=Concurrent Workstation
// HardwareIntrinsics=AVX512 BITALG+VBMI2+VNNI+VPOPCNTDQ,AVX512 IFMA+VBMI,AVX512 F+BW+CD+DQ+VL,AVX2+BMI1+BMI2+F16C+FMA+LZCNT+MOVBE,AVX,SSE3+SSSE3+SSE4.1+SSE4.2+POPCNT,X86Base+SSE+SSE2,AES+PCLMUL,AvxVnni VectorSize=256
// Job: ShortRun(InvocationCount=1, IterationCount=3, LaunchCount=1, UnrollFactor=1, WarmupCount=3)

OverheadJitting  1: 1 op, 361806.00 ns, 361.8060 us/op
WorkloadJitting  1: 1 op, 118043735.00 ns, 118.0437 ms/op

OverheadWarmup   1: 1 op, 531.00 ns, 531.0000 ns/op
OverheadWarmup   2: 1 op, 281.00 ns, 281.0000 ns/op
OverheadWarmup   3: 1 op, 281.00 ns, 281.0000 ns/op
OverheadWarmup   4: 1 op, 461.00 ns, 461.0000 ns/op
OverheadWarmup   5: 1 op, 361.00 ns, 361.0000 ns/op
OverheadWarmup   6: 1 op, 261.00 ns, 261.0000 ns/op
OverheadWarmup   7: 1 op, 481.00 ns, 481.0000 ns/op

OverheadActual   1: 1 op, 1192.00 ns, 1.1920 us/op
OverheadActual   2: 1 op, 461.00 ns, 461.0000 ns/op
OverheadActual   3: 1 op, 491.00 ns, 491.0000 ns/op
OverheadActual   4: 1 op, 481.00 ns, 481.0000 ns/op
OverheadActual   5: 1 op, 441.00 ns, 441.0000 ns/op
OverheadActual   6: 1 op, 280.00 ns, 280.0000 ns/op
OverheadActual   7: 1 op, 270.00 ns, 270.0000 ns/op
OverheadActual   8: 1 op, 281.00 ns, 281.0000 ns/op
OverheadActual   9: 1 op, 270.00 ns, 270.0000 ns/op
OverheadActual  10: 1 op, 250.00 ns, 250.0000 ns/op
OverheadActual  11: 1 op, 440.00 ns, 440.0000 ns/op
OverheadActual  12: 1 op, 271.00 ns, 271.0000 ns/op
OverheadActual  13: 1 op, 270.00 ns, 270.0000 ns/op
OverheadActual  14: 1 op, 290.00 ns, 290.0000 ns/op
OverheadActual  15: 1 op, 471.00 ns, 471.0000 ns/op
OverheadActual  16: 1 op, 260.00 ns, 260.0000 ns/op
OverheadActual  17: 1 op, 261.00 ns, 261.0000 ns/op
OverheadActual  18: 1 op, 431.00 ns, 431.0000 ns/op
OverheadActual  19: 1 op, 521.00 ns, 521.0000 ns/op
OverheadActual  20: 1 op, 271.00 ns, 271.0000 ns/op

WorkloadWarmup   1: 1 op, 95215227.00 ns, 95.2152 ms/op
WorkloadWarmup   2: 1 op, 95266861.00 ns, 95.2669 ms/op
WorkloadWarmup   3: 1 op, 94893680.00 ns, 94.8937 ms/op

// BeforeActualRun
WorkloadActual   1: 1 op, 94798659.00 ns, 94.7987 ms/op
WorkloadActual   2: 1 op, 93193372.00 ns, 93.1934 ms/op
WorkloadActual   3: 1 op, 95229603.00 ns, 95.2296 ms/op

// AfterActualRun
WorkloadResult   1: 1 op, 94798373.50 ns, 94.7984 ms/op
WorkloadResult   2: 1 op, 93193086.50 ns, 93.1931 ms/op
WorkloadResult   3: 1 op, 95229317.50 ns, 95.2293 ms/op
// GC:  0 0 0 90424 1
// Threading:  2 64 1
// Exceptions:  128

// AfterAll
// Benchmark Process 1621050 has exited with code 0.

Mean = 94.407 ms, StdErr = 0.620 ms (0.66%), N = 3, StdDev = 1.073 ms
Min = 93.193 ms, Q1 = 93.996 ms, Median = 94.798 ms, Q3 = 95.014 ms, Max = 95.229 ms
IQR = 1.018 ms, LowerFence = 92.469 ms, UpperFence = 96.541 ms
ConfidenceInterval = [74.830 ms; 113.984 ms] (CI 99.9%), Margin = 19.577 ms (20.74% of Mean)
Skewness = -0.32, Kurtosis = 0.67, MValue = 2

// ** Remained 76 (76.8%) benchmark(s) to run. Estimated finish 2026-09-22 17:03 (0h 0m from now) **
// **************************
// Benchmark: SessionSetupDecompositionBenchmarks.ComponentA1_AssociationTablePreSeed: ShortRun(InvocationCount=1, IterationCount=3, LaunchCount=1, UnrollFactor=1, WarmupCount=3) [Sessions=1]
// *** Execute ***
// Launch: 1 / 1
// Execute: dotnet WinForward.Benchmarks-ShortRun-1.dll --anonymousPipes 123 125 --benchmarkName "WinForward.Benchmarks.Perf.SessionSetupDecompositionBenchmarks.ComponentA1_AssociationTablePreSeed(Sessions: 1)" --job ShortRun --benchmarkId 23 in /home/paff/Projects/WinForward/benchmarks/WinForward.Benchmarks/bin/Release/net10.0/WinForward.Benchmarks-ShortRun-1/bin/Release/net10.0
// Failed to set up high priority (Permission denied). In order to run benchmarks with high priority, make sure you have the right permissions.
// BeforeAnythingElse

// Benchmark Process Environment Information:
// BenchmarkDotNet v0.15.8
// Runtime=.NET 10.0.12 (10.0.12, 10.0.1226.42308), X64 RyuJIT x86-64-v4
// GC=Concurrent Workstation
// HardwareIntrinsics=AVX512 BITALG+VBMI2+VNNI+VPOPCNTDQ,AVX512 IFMA+VBMI,AVX512 F+BW+CD+DQ+VL,AVX2+BMI1+BMI2+F16C+FMA+LZCNT+MOVBE,AVX,SSE3+SSSE3+SSE4.1+SSE4.2+POPCNT,X86Base+SSE+SSE2,AES+PCLMUL,AvxVnni VectorSize=256
// Job: ShortRun(InvocationCount=1, IterationCount=3, LaunchCount=1, UnrollFactor=1, WarmupCount=3)

OverheadJitting  1: 1 op, 300524.00 ns, 300.5240 us/op
WorkloadJitting  1: 1 op, 2388590.00 ns, 2.3886 ms/op

OverheadWarmup   1: 1 op, 461.00 ns, 461.0000 ns/op
OverheadWarmup   2: 1 op, 261.00 ns, 261.0000 ns/op
OverheadWarmup   3: 1 op, 270.00 ns, 270.0000 ns/op
OverheadWarmup   4: 1 op, 511.00 ns, 511.0000 ns/op
OverheadWarmup   5: 1 op, 501.00 ns, 501.0000 ns/op
OverheadWarmup   6: 1 op, 511.00 ns, 511.0000 ns/op
OverheadWarmup   7: 1 op, 260.00 ns, 260.0000 ns/op

OverheadActual   1: 1 op, 510.00 ns, 510.0000 ns/op
OverheadActual   2: 1 op, 471.00 ns, 471.0000 ns/op
OverheadActual   3: 1 op, 681.00 ns, 681.0000 ns/op
OverheadActual   4: 1 op, 481.00 ns, 481.0000 ns/op
OverheadActual   5: 1 op, 450.00 ns, 450.0000 ns/op
OverheadActual   6: 1 op, 261.00 ns, 261.0000 ns/op
OverheadActual   7: 1 op, 270.00 ns, 270.0000 ns/op
OverheadActual   8: 1 op, 270.00 ns, 270.0000 ns/op
OverheadActual   9: 1 op, 491.00 ns, 491.0000 ns/op
OverheadActual  10: 1 op, 501.00 ns, 501.0000 ns/op
OverheadActual  11: 1 op, 481.00 ns, 481.0000 ns/op
OverheadActual  12: 1 op, 1363.00 ns, 1.3630 us/op
OverheadActual  13: 1 op, 500.00 ns, 500.0000 ns/op
OverheadActual  14: 1 op, 361.00 ns, 361.0000 ns/op
OverheadActual  15: 1 op, 511.00 ns, 511.0000 ns/op
OverheadActual  16: 1 op, 511.00 ns, 511.0000 ns/op
OverheadActual  17: 1 op, 351.00 ns, 351.0000 ns/op
OverheadActual  18: 1 op, 892.00 ns, 892.0000 ns/op
OverheadActual  19: 1 op, 481.00 ns, 481.0000 ns/op
OverheadActual  20: 1 op, 501.00 ns, 501.0000 ns/op

WorkloadWarmup   1: 1 op, 7333.00 ns, 7.3330 us/op
WorkloadWarmup   2: 1 op, 5741.00 ns, 5.7410 us/op
WorkloadWarmup   3: 1 op, 4719.00 ns, 4.7190 us/op

// BeforeActualRun
WorkloadActual   1: 1 op, 18775.00 ns, 18.7750 us/op
WorkloadActual   2: 1 op, 4669.00 ns, 4.6690 us/op
WorkloadActual   3: 1 op, 5650.00 ns, 5.6500 us/op

// AfterActualRun
WorkloadResult   1: 1 op, 18289.00 ns, 18.2890 us/op
WorkloadResult   2: 1 op, 4183.00 ns, 4.1830 us/op
WorkloadResult   3: 1 op, 5164.00 ns, 5.1640 us/op
// GC:  0 0 0 1408 1
// Threading:  0 0 1

// AfterAll
// Benchmark Process 1621575 has exited with code 0.

Mean = 9.212 us, StdErr = 4.547 us (49.36%), N = 3, StdDev = 7.876 us
Min = 4.183 us, Q1 = 4.673 us, Median = 5.164 us, Q3 = 11.726 us, Max = 18.289 us
IQR = 7.053 us, LowerFence = -5.906 us, UpperFence = 22.306 us
ConfidenceInterval = [-134.479 us; 152.903 us] (CI 99.9%), Margin = 143.691 us (1559.83% of Mean)
Skewness = 0.38, Kurtosis = 0.67, MValue = 2

// ** Remained 75 (75.8%) benchmark(s) to run. Estimated finish 2026-09-22 17:03 (0h 0m from now) **
// **************************
// Benchmark: SessionSetupDecompositionBenchmarks.ComponentA2_SessionDictionaryPreSeed: ShortRun(InvocationCount=1, IterationCount=3, LaunchCount=1, UnrollFactor=1, WarmupCount=3) [Sessions=1]
// *** Execute ***
// Launch: 1 / 1
// Execute: dotnet WinForward.Benchmarks-ShortRun-1.dll --anonymousPipes 123 125 --benchmarkName "WinForward.Benchmarks.Perf.SessionSetupDecompositionBenchmarks.ComponentA2_SessionDictionaryPreSeed(Sessions: 1)" --job ShortRun --benchmarkId 24 in /home/paff/Projects/WinForward/benchmarks/WinForward.Benchmarks/bin/Release/net10.0/WinForward.Benchmarks-ShortRun-1/bin/Release/net10.0
// Failed to set up high priority (Permission denied). In order to run benchmarks with high priority, make sure you have the right permissions.
// BeforeAnythingElse

// Benchmark Process Environment Information:
// BenchmarkDotNet v0.15.8
// Runtime=.NET 10.0.12 (10.0.12, 10.0.1226.42308), X64 RyuJIT x86-64-v4
// GC=Concurrent Workstation
// HardwareIntrinsics=AVX512 BITALG+VBMI2+VNNI+VPOPCNTDQ,AVX512 IFMA+VBMI,AVX512 F+BW+CD+DQ+VL,AVX2+BMI1+BMI2+F16C+FMA+LZCNT+MOVBE,AVX,SSE3+SSSE3+SSE4.1+SSE4.2+POPCNT,X86Base+SSE+SSE2,AES+PCLMUL,AvxVnni VectorSize=256
// Job: ShortRun(InvocationCount=1, IterationCount=3, LaunchCount=1, UnrollFactor=1, WarmupCount=3)

OverheadJitting  1: 1 op, 295484.00 ns, 295.4840 us/op
WorkloadJitting  1: 1 op, 1414285.00 ns, 1.4143 ms/op

OverheadWarmup   1: 1 op, 470.00 ns, 470.0000 ns/op
OverheadWarmup   2: 1 op, 491.00 ns, 491.0000 ns/op
OverheadWarmup   3: 1 op, 491.00 ns, 491.0000 ns/op
OverheadWarmup   4: 1 op, 501.00 ns, 501.0000 ns/op
OverheadWarmup   5: 1 op, 712.00 ns, 712.0000 ns/op
OverheadWarmup   6: 1 op, 922.00 ns, 922.0000 ns/op
OverheadWarmup   7: 1 op, 280.00 ns, 280.0000 ns/op

OverheadActual   1: 1 op, 421.00 ns, 421.0000 ns/op
OverheadActual   2: 1 op, 511.00 ns, 511.0000 ns/op
OverheadActual   3: 1 op, 461.00 ns, 461.0000 ns/op
OverheadActual   4: 1 op, 441.00 ns, 441.0000 ns/op
OverheadActual   5: 1 op, 511.00 ns, 511.0000 ns/op
OverheadActual   6: 1 op, 481.00 ns, 481.0000 ns/op
OverheadActual   7: 1 op, 281.00 ns, 281.0000 ns/op
OverheadActual   8: 1 op, 260.00 ns, 260.0000 ns/op
OverheadActual   9: 1 op, 281.00 ns, 281.0000 ns/op
OverheadActual  10: 1 op, 511.00 ns, 511.0000 ns/op
OverheadActual  11: 1 op, 271.00 ns, 271.0000 ns/op
OverheadActual  12: 1 op, 261.00 ns, 261.0000 ns/op
OverheadActual  13: 1 op, 261.00 ns, 261.0000 ns/op
OverheadActual  14: 1 op, 271.00 ns, 271.0000 ns/op
OverheadActual  15: 1 op, 260.00 ns, 260.0000 ns/op
OverheadActual  16: 1 op, 271.00 ns, 271.0000 ns/op
OverheadActual  17: 1 op, 451.00 ns, 451.0000 ns/op
OverheadActual  18: 1 op, 471.00 ns, 471.0000 ns/op
OverheadActual  19: 1 op, 521.00 ns, 521.0000 ns/op
OverheadActual  20: 1 op, 240.00 ns, 240.0000 ns/op

WorkloadWarmup   1: 1 op, 5170.00 ns, 5.1700 us/op
WorkloadWarmup   2: 1 op, 3155.00 ns, 3.1550 us/op
WorkloadWarmup   3: 1 op, 3245.00 ns, 3.2450 us/op

// BeforeActualRun
WorkloadActual   1: 1 op, 17122.00 ns, 17.1220 us/op
WorkloadActual   2: 1 op, 3987.00 ns, 3.9870 us/op
WorkloadActual   3: 1 op, 3005.00 ns, 3.0050 us/op

// AfterActualRun
WorkloadResult   1: 1 op, 16771.00 ns, 16.7710 us/op
WorkloadResult   2: 1 op, 3636.00 ns, 3.6360 us/op
WorkloadResult   3: 1 op, 2654.00 ns, 2.6540 us/op
// GC:  0 0 0 576 1
// Threading:  0 0 1

// AfterAll
// Benchmark Process 1621590 has exited with code 0.

Mean = 7.687 us, StdErr = 4.551 us (59.20%), N = 3, StdDev = 7.882 us
Min = 2.654 us, Q1 = 3.145 us, Median = 3.636 us, Q3 = 10.204 us, Max = 16.771 us
IQR = 7.059 us, LowerFence = -7.443 us, UpperFence = 20.791 us
ConfidenceInterval = [-136.115 us; 151.489 us] (CI 99.9%), Margin = 143.802 us (1870.72% of Mean)
Skewness = 0.38, Kurtosis = 0.67, MValue = 2

// ** Remained 74 (74.7%) benchmark(s) to run. Estimated finish 2026-09-22 17:03 (0h 0m from now) **
// **************************
// Benchmark: SessionSetupDecompositionBenchmarks.ComponentA3_CooldownTableConstruction: ShortRun(InvocationCount=1, IterationCount=3, LaunchCount=1, UnrollFactor=1, WarmupCount=3) [Sessions=1]
// *** Execute ***
// Launch: 1 / 1
// Execute: dotnet WinForward.Benchmarks-ShortRun-1.dll --anonymousPipes 123 125 --benchmarkName "WinForward.Benchmarks.Perf.SessionSetupDecompositionBenchmarks.ComponentA3_CooldownTableConstruction(Sessions: 1)" --job ShortRun --benchmarkId 25 in /home/paff/Projects/WinForward/benchmarks/WinForward.Benchmarks/bin/Release/net10.0/WinForward.Benchmarks-ShortRun-1/bin/Release/net10.0
// Failed to set up high priority (Permission denied). In order to run benchmarks with high priority, make sure you have the right permissions.
// BeforeAnythingElse

// Benchmark Process Environment Information:
// BenchmarkDotNet v0.15.8
// Runtime=.NET 10.0.12 (10.0.12, 10.0.1226.42308), X64 RyuJIT x86-64-v4
// GC=Concurrent Workstation
// HardwareIntrinsics=AVX512 BITALG+VBMI2+VNNI+VPOPCNTDQ,AVX512 IFMA+VBMI,AVX512 F+BW+CD+DQ+VL,AVX2+BMI1+BMI2+F16C+FMA+LZCNT+MOVBE,AVX,SSE3+SSSE3+SSE4.1+SSE4.2+POPCNT,X86Base+SSE+SSE2,AES+PCLMUL,AvxVnni VectorSize=256
// Job: ShortRun(InvocationCount=1, IterationCount=3, LaunchCount=1, UnrollFactor=1, WarmupCount=3)

OverheadJitting  1: 1 op, 286537.00 ns, 286.5370 us/op
WorkloadJitting  1: 1 op, 1517585.00 ns, 1.5176 ms/op

OverheadWarmup   1: 1 op, 441.00 ns, 441.0000 ns/op
OverheadWarmup   2: 1 op, 381.00 ns, 381.0000 ns/op
OverheadWarmup   3: 1 op, 270.00 ns, 270.0000 ns/op
OverheadWarmup   4: 1 op, 380.00 ns, 380.0000 ns/op
OverheadWarmup   5: 1 op, 391.00 ns, 391.0000 ns/op
OverheadWarmup   6: 1 op, 421.00 ns, 421.0000 ns/op
OverheadWarmup   7: 1 op, 420.00 ns, 420.0000 ns/op
OverheadWarmup   8: 1 op, 441.00 ns, 441.0000 ns/op
OverheadWarmup   9: 1 op, 331.00 ns, 331.0000 ns/op

OverheadActual   1: 1 op, 391.00 ns, 391.0000 ns/op
OverheadActual   2: 1 op, 391.00 ns, 391.0000 ns/op
OverheadActual   3: 1 op, 410.00 ns, 410.0000 ns/op
OverheadActual   4: 1 op, 401.00 ns, 401.0000 ns/op
OverheadActual   5: 1 op, 401.00 ns, 401.0000 ns/op
OverheadActual   6: 1 op, 271.00 ns, 271.0000 ns/op
OverheadActual   7: 1 op, 401.00 ns, 401.0000 ns/op
OverheadActual   8: 1 op, 411.00 ns, 411.0000 ns/op
OverheadActual   9: 1 op, 350.00 ns, 350.0000 ns/op
OverheadActual  10: 1 op, 341.00 ns, 341.0000 ns/op
OverheadActual  11: 1 op, 361.00 ns, 361.0000 ns/op
OverheadActual  12: 1 op, 260.00 ns, 260.0000 ns/op
OverheadActual  13: 1 op, 421.00 ns, 421.0000 ns/op
OverheadActual  14: 1 op, 431.00 ns, 431.0000 ns/op
OverheadActual  15: 1 op, 360.00 ns, 360.0000 ns/op
OverheadActual  16: 1 op, 411.00 ns, 411.0000 ns/op
OverheadActual  17: 1 op, 260.00 ns, 260.0000 ns/op
OverheadActual  18: 1 op, 441.00 ns, 441.0000 ns/op
OverheadActual  19: 1 op, 401.00 ns, 401.0000 ns/op
OverheadActual  20: 1 op, 440.00 ns, 440.0000 ns/op

WorkloadWarmup   1: 1 op, 4148.00 ns, 4.1480 us/op
WorkloadWarmup   2: 1 op, 3336.00 ns, 3.3360 us/op
WorkloadWarmup   3: 1 op, 3376.00 ns, 3.3760 us/op

// BeforeActualRun
WorkloadActual   1: 1 op, 37299.00 ns, 37.2990 us/op
WorkloadActual   2: 1 op, 3196.00 ns, 3.1960 us/op
WorkloadActual   3: 1 op, 3006.00 ns, 3.0060 us/op

// AfterActualRun
WorkloadResult   1: 1 op, 36898.00 ns, 36.8980 us/op
WorkloadResult   2: 1 op, 2795.00 ns, 2.7950 us/op
WorkloadResult   3: 1 op, 2605.00 ns, 2.6050 us/op
// GC:  0 0 0 160 1
// Threading:  0 0 1

// AfterAll
// Benchmark Process 1621599 has exited with code 0.

Mean = 14.099 us, StdErr = 11.399 us (80.85%), N = 3, StdDev = 19.744 us
Min = 2.605 us, Q1 = 2.700 us, Median = 2.795 us, Q3 = 19.846 us, Max = 36.898 us
IQR = 17.146 us, LowerFence = -23.020 us, UpperFence = 45.566 us
ConfidenceInterval = [-346.113 us; 374.312 us] (CI 99.9%), Margin = 360.212 us (2554.82% of Mean)
Skewness = 0.38, Kurtosis = 0.67, MValue = 2

// ** Remained 73 (73.7%) benchmark(s) to run. Estimated finish 2026-09-22 17:03 (0h 0m from now) **
// **************************
// Benchmark: SessionSetupDecompositionBenchmarks.ComponentA4_SlotAndQueueObjects: ShortRun(InvocationCount=1, IterationCount=3, LaunchCount=1, UnrollFactor=1, WarmupCount=3) [Sessions=1]
// *** Execute ***
// Launch: 1 / 1
// Execute: dotnet WinForward.Benchmarks-ShortRun-1.dll --anonymousPipes 123 125 --benchmarkName "WinForward.Benchmarks.Perf.SessionSetupDecompositionBenchmarks.ComponentA4_SlotAndQueueObjects(Sessions: 1)" --job ShortRun --benchmarkId 26 in /home/paff/Projects/WinForward/benchmarks/WinForward.Benchmarks/bin/Release/net10.0/WinForward.Benchmarks-ShortRun-1/bin/Release/net10.0
// Failed to set up high priority (Permission denied). In order to run benchmarks with high priority, make sure you have the right permissions.
// BeforeAnythingElse

// Benchmark Process Environment Information:
// BenchmarkDotNet v0.15.8
// Runtime=.NET 10.0.12 (10.0.12, 10.0.1226.42308), X64 RyuJIT x86-64-v4
// GC=Concurrent Workstation
// HardwareIntrinsics=AVX512 BITALG+VBMI2+VNNI+VPOPCNTDQ,AVX512 IFMA+VBMI,AVX512 F+BW+CD+DQ+VL,AVX2+BMI1+BMI2+F16C+FMA+LZCNT+MOVBE,AVX,SSE3+SSSE3+SSE4.1+SSE4.2+POPCNT,X86Base+SSE+SSE2,AES+PCLMUL,AvxVnni VectorSize=256
// Job: ShortRun(InvocationCount=1, IterationCount=3, LaunchCount=1, UnrollFactor=1, WarmupCount=3)

OverheadJitting  1: 1 op, 266651.00 ns, 266.6510 us/op
WorkloadJitting  1: 1 op, 952545.00 ns, 952.5450 us/op

OverheadWarmup   1: 1 op, 511.00 ns, 511.0000 ns/op
OverheadWarmup   2: 1 op, 541.00 ns, 541.0000 ns/op
OverheadWarmup   3: 1 op, 270.00 ns, 270.0000 ns/op
OverheadWarmup   4: 1 op, 290.00 ns, 290.0000 ns/op
OverheadWarmup   5: 1 op, 260.00 ns, 260.0000 ns/op

OverheadActual   1: 1 op, 511.00 ns, 511.0000 ns/op
OverheadActual   2: 1 op, 481.00 ns, 481.0000 ns/op
OverheadActual   3: 1 op, 521.00 ns, 521.0000 ns/op
OverheadActual   4: 1 op, 481.00 ns, 481.0000 ns/op
OverheadActual   5: 1 op, 461.00 ns, 461.0000 ns/op
OverheadActual   6: 1 op, 471.00 ns, 471.0000 ns/op
OverheadActual   7: 1 op, 891.00 ns, 891.0000 ns/op
OverheadActual   8: 1 op, 541.00 ns, 541.0000 ns/op
OverheadActual   9: 1 op, 942.00 ns, 942.0000 ns/op
OverheadActual  10: 1 op, 591.00 ns, 591.0000 ns/op
OverheadActual  11: 1 op, 271.00 ns, 271.0000 ns/op
OverheadActual  12: 1 op, 261.00 ns, 261.0000 ns/op
OverheadActual  13: 1 op, 481.00 ns, 481.0000 ns/op
OverheadActual  14: 1 op, 281.00 ns, 281.0000 ns/op
OverheadActual  15: 1 op, 511.00 ns, 511.0000 ns/op
OverheadActual  16: 1 op, 291.00 ns, 291.0000 ns/op
OverheadActual  17: 1 op, 511.00 ns, 511.0000 ns/op
OverheadActual  18: 1 op, 521.00 ns, 521.0000 ns/op
OverheadActual  19: 1 op, 291.00 ns, 291.0000 ns/op
OverheadActual  20: 1 op, 461.00 ns, 461.0000 ns/op

WorkloadWarmup   1: 1 op, 5651.00 ns, 5.6510 us/op
WorkloadWarmup   2: 1 op, 3557.00 ns, 3.5570 us/op
WorkloadWarmup   3: 1 op, 4689.00 ns, 4.6890 us/op

// BeforeActualRun
WorkloadActual   1: 1 op, 21169.00 ns, 21.1690 us/op
WorkloadActual   2: 1 op, 4539.00 ns, 4.5390 us/op
WorkloadActual   3: 1 op, 3426.00 ns, 3.4260 us/op

// AfterActualRun
WorkloadResult   1: 1 op, 20688.00 ns, 20.6880 us/op
WorkloadResult   2: 1 op, 4058.00 ns, 4.0580 us/op
WorkloadResult   3: 1 op, 2945.00 ns, 2.9450 us/op
// GC:  0 0 0 144 1
// Threading:  0 0 1

// AfterAll
// Benchmark Process 1621608 has exited with code 0.

Mean = 9.230 us, StdErr = 5.738 us (62.16%), N = 3, StdDev = 9.938 us
Min = 2.945 us, Q1 = 3.502 us, Median = 4.058 us, Q3 = 12.373 us, Max = 20.688 us
IQR = 8.871 us, LowerFence = -9.806 us, UpperFence = 25.680 us
ConfidenceInterval = [-172.080 us; 190.541 us] (CI 99.9%), Margin = 181.310 us (1964.29% of Mean)
Skewness = 0.38, Kurtosis = 0.67, MValue = 2

// ** Remained 72 (72.7%) benchmark(s) to run. Estimated finish 2026-09-22 17:03 (0h 0m from now) **
// **************************
// Benchmark: SessionSetupDecompositionBenchmarks.ComponentA5_CompletionCell: ShortRun(InvocationCount=1, IterationCount=3, LaunchCount=1, UnrollFactor=1, WarmupCount=3) [Sessions=1]
// *** Execute ***
// Launch: 1 / 1
// Execute: dotnet WinForward.Benchmarks-ShortRun-1.dll --anonymousPipes 123 125 --benchmarkName "WinForward.Benchmarks.Perf.SessionSetupDecompositionBenchmarks.ComponentA5_CompletionCell(Sessions: 1)" --job ShortRun --benchmarkId 27 in /home/paff/Projects/WinForward/benchmarks/WinForward.Benchmarks/bin/Release/net10.0/WinForward.Benchmarks-ShortRun-1/bin/Release/net10.0
// Failed to set up high priority (Permission denied). In order to run benchmarks with high priority, make sure you have the right permissions.
// BeforeAnythingElse

// Benchmark Process Environment Information:
// BenchmarkDotNet v0.15.8
// Runtime=.NET 10.0.12 (10.0.12, 10.0.1226.42308), X64 RyuJIT x86-64-v4
// GC=Concurrent Workstation
// HardwareIntrinsics=AVX512 BITALG+VBMI2+VNNI+VPOPCNTDQ,AVX512 IFMA+VBMI,AVX512 F+BW+CD+DQ+VL,AVX2+BMI1+BMI2+F16C+FMA+LZCNT+MOVBE,AVX,SSE3+SSSE3+SSE4.1+SSE4.2+POPCNT,X86Base+SSE+SSE2,AES+PCLMUL,AvxVnni VectorSize=256
// Job: ShortRun(InvocationCount=1, IterationCount=3, LaunchCount=1, UnrollFactor=1, WarmupCount=3)

OverheadJitting  1: 1 op, 378287.00 ns, 378.2870 us/op
WorkloadJitting  1: 1 op, 755071.00 ns, 755.0710 us/op

OverheadWarmup   1: 1 op, 471.00 ns, 471.0000 ns/op
OverheadWarmup   2: 1 op, 270.00 ns, 270.0000 ns/op
OverheadWarmup   3: 1 op, 471.00 ns, 471.0000 ns/op
OverheadWarmup   4: 1 op, 251.00 ns, 251.0000 ns/op
OverheadWarmup   5: 1 op, 270.00 ns, 270.0000 ns/op
OverheadWarmup   6: 1 op, 471.00 ns, 471.0000 ns/op
OverheadWarmup   7: 1 op, 280.00 ns, 280.0000 ns/op

OverheadActual   1: 1 op, 481.00 ns, 481.0000 ns/op
OverheadActual   2: 1 op, 521.00 ns, 521.0000 ns/op
OverheadActual   3: 1 op, 461.00 ns, 461.0000 ns/op
OverheadActual   4: 1 op, 471.00 ns, 471.0000 ns/op
OverheadActual   5: 1 op, 491.00 ns, 491.0000 ns/op
OverheadActual   6: 1 op, 461.00 ns, 461.0000 ns/op
OverheadActual   7: 1 op, 471.00 ns, 471.0000 ns/op
OverheadActual   8: 1 op, 281.00 ns, 281.0000 ns/op
OverheadActual   9: 1 op, 441.00 ns, 441.0000 ns/op
OverheadActual  10: 1 op, 410.00 ns, 410.0000 ns/op
OverheadActual  11: 1 op, 270.00 ns, 270.0000 ns/op
OverheadActual  12: 1 op, 271.00 ns, 271.0000 ns/op
OverheadActual  13: 1 op, 461.00 ns, 461.0000 ns/op
OverheadActual  14: 1 op, 340.00 ns, 340.0000 ns/op
OverheadActual  15: 1 op, 351.00 ns, 351.0000 ns/op
OverheadActual  16: 1 op, 441.00 ns, 441.0000 ns/op
OverheadActual  17: 1 op, 291.00 ns, 291.0000 ns/op
OverheadActual  18: 1 op, 451.00 ns, 451.0000 ns/op
OverheadActual  19: 1 op, 481.00 ns, 481.0000 ns/op
OverheadActual  20: 1 op, 441.00 ns, 441.0000 ns/op

WorkloadWarmup   1: 1 op, 7664.00 ns, 7.6640 us/op
WorkloadWarmup   2: 1 op, 3566.00 ns, 3.5660 us/op
WorkloadWarmup   3: 1 op, 3386.00 ns, 3.3860 us/op

// BeforeActualRun
WorkloadActual   1: 1 op, 18534.00 ns, 18.5340 us/op
WorkloadActual   2: 1 op, 4288.00 ns, 4.2880 us/op
WorkloadActual   3: 1 op, 4338.00 ns, 4.3380 us/op

// AfterActualRun
WorkloadResult   1: 1 op, 18088.00 ns, 18.0880 us/op
WorkloadResult   2: 1 op, 3842.00 ns, 3.8420 us/op
WorkloadResult   3: 1 op, 3892.00 ns, 3.8920 us/op
// GC:  0 0 0 88 1
// Threading:  0 0 1

// AfterAll
// Benchmark Process 1621617 has exited with code 0.

Mean = 8.607 us, StdErr = 4.740 us (55.07%), N = 3, StdDev = 8.211 us
Min = 3.842 us, Q1 = 3.867 us, Median = 3.892 us, Q3 = 10.990 us, Max = 18.088 us
IQR = 7.123 us, LowerFence = -6.817 us, UpperFence = 21.674 us
ConfidenceInterval = [-141.183 us; 158.398 us] (CI 99.9%), Margin = 149.791 us (1740.27% of Mean)
Skewness = 0.38, Kurtosis = 0.67, MValue = 2

// ** Remained 71 (71.7%) benchmark(s) to run. Estimated finish 2026-09-22 17:03 (0h 0m from now) **
// **************************
// Benchmark: SessionSetupDecompositionBenchmarks.ComponentA6_ColdRent: ShortRun(InvocationCount=1, IterationCount=3, LaunchCount=1, UnrollFactor=1, WarmupCount=3) [Sessions=1]
// *** Execute ***
// Launch: 1 / 1
// Execute: dotnet WinForward.Benchmarks-ShortRun-1.dll --anonymousPipes 123 125 --benchmarkName "WinForward.Benchmarks.Perf.SessionSetupDecompositionBenchmarks.ComponentA6_ColdRent(Sessions: 1)" --job ShortRun --benchmarkId 28 in /home/paff/Projects/WinForward/benchmarks/WinForward.Benchmarks/bin/Release/net10.0/WinForward.Benchmarks-ShortRun-1/bin/Release/net10.0
// Failed to set up high priority (Permission denied). In order to run benchmarks with high priority, make sure you have the right permissions.
// BeforeAnythingElse

// Benchmark Process Environment Information:
// BenchmarkDotNet v0.15.8
// Runtime=.NET 10.0.12 (10.0.12, 10.0.1226.42308), X64 RyuJIT x86-64-v4
// GC=Concurrent Workstation
// HardwareIntrinsics=AVX512 BITALG+VBMI2+VNNI+VPOPCNTDQ,AVX512 IFMA+VBMI,AVX512 F+BW+CD+DQ+VL,AVX2+BMI1+BMI2+F16C+FMA+LZCNT+MOVBE,AVX,SSE3+SSSE3+SSE4.1+SSE4.2+POPCNT,X86Base+SSE+SSE2,AES+PCLMUL,AvxVnni VectorSize=256
// Job: ShortRun(InvocationCount=1, IterationCount=3, LaunchCount=1, UnrollFactor=1, WarmupCount=3)

OverheadJitting  1: 1 op, 397001.00 ns, 397.0010 us/op
WorkloadJitting  1: 1 op, 2660420.00 ns, 2.6604 ms/op

OverheadWarmup   1: 1 op, 1213.00 ns, 1.2130 us/op
OverheadWarmup   2: 1 op, 671.00 ns, 671.0000 ns/op
OverheadWarmup   3: 1 op, 752.00 ns, 752.0000 ns/op
OverheadWarmup   4: 1 op, 681.00 ns, 681.0000 ns/op
OverheadWarmup   5: 1 op, 401.00 ns, 401.0000 ns/op
OverheadWarmup   6: 1 op, 651.00 ns, 651.0000 ns/op
OverheadWarmup   7: 1 op, 391.00 ns, 391.0000 ns/op

OverheadActual   1: 1 op, 812.00 ns, 812.0000 ns/op
OverheadActual   2: 1 op, 661.00 ns, 661.0000 ns/op
OverheadActual   3: 1 op, 652.00 ns, 652.0000 ns/op
OverheadActual   4: 1 op, 401.00 ns, 401.0000 ns/op
OverheadActual   5: 1 op, 431.00 ns, 431.0000 ns/op
OverheadActual   6: 1 op, 280.00 ns, 280.0000 ns/op
OverheadActual   7: 1 op, 411.00 ns, 411.0000 ns/op
OverheadActual   8: 1 op, 471.00 ns, 471.0000 ns/op
OverheadActual   9: 1 op, 471.00 ns, 471.0000 ns/op
OverheadActual  10: 1 op, 431.00 ns, 431.0000 ns/op
OverheadActual  11: 1 op, 431.00 ns, 431.0000 ns/op
OverheadActual  12: 1 op, 501.00 ns, 501.0000 ns/op
OverheadActual  13: 1 op, 471.00 ns, 471.0000 ns/op
OverheadActual  14: 1 op, 261.00 ns, 261.0000 ns/op
OverheadActual  15: 1 op, 421.00 ns, 421.0000 ns/op
OverheadActual  16: 1 op, 722.00 ns, 722.0000 ns/op
OverheadActual  17: 1 op, 491.00 ns, 491.0000 ns/op
OverheadActual  18: 1 op, 461.00 ns, 461.0000 ns/op
OverheadActual  19: 1 op, 742.00 ns, 742.0000 ns/op
OverheadActual  20: 1 op, 410.00 ns, 410.0000 ns/op

WorkloadWarmup   1: 1 op, 17132.00 ns, 17.1320 us/op
WorkloadWarmup   2: 1 op, 7774.00 ns, 7.7740 us/op
WorkloadWarmup   3: 1 op, 6792.00 ns, 6.7920 us/op

// BeforeActualRun
WorkloadActual   1: 1 op, 9387.00 ns, 9.3870 us/op
WorkloadActual   2: 1 op, 8947.00 ns, 8.9470 us/op
WorkloadActual   3: 1 op, 9096.00 ns, 9.0960 us/op

// AfterActualRun
WorkloadResult   1: 1 op, 8921.00 ns, 8.9210 us/op
WorkloadResult   2: 1 op, 8481.00 ns, 8.4810 us/op
WorkloadResult   3: 1 op, 8630.00 ns, 8.6300 us/op
// GC:  0 0 0 2248 1
// Threading:  0 0 1

// AfterAll
// Benchmark Process 1621628 has exited with code 0.

Mean = 8.677 us, StdErr = 0.129 us (1.49%), N = 3, StdDev = 0.224 us
Min = 8.481 us, Q1 = 8.556 us, Median = 8.630 us, Q3 = 8.775 us, Max = 8.921 us
IQR = 0.220 us, LowerFence = 8.226 us, UpperFence = 9.105 us
ConfidenceInterval = [4.595 us; 12.760 us] (CI 99.9%), Margin = 4.083 us (47.05% of Mean)
Skewness = 0.2, Kurtosis = 0.67, MValue = 2

// ** Remained 70 (70.7%) benchmark(s) to run. Estimated finish 2026-09-22 17:03 (0h 0m from now) **
// **************************
// Benchmark: SessionSetupDecompositionBenchmarks.ComponentA7_EnqueueCycle: ShortRun(InvocationCount=1, IterationCount=3, LaunchCount=1, UnrollFactor=1, WarmupCount=3) [Sessions=1]
// *** Execute ***
// Launch: 1 / 1
// Execute: dotnet WinForward.Benchmarks-ShortRun-1.dll --anonymousPipes 123 125 --benchmarkName "WinForward.Benchmarks.Perf.SessionSetupDecompositionBenchmarks.ComponentA7_EnqueueCycle(Sessions: 1)" --job ShortRun --benchmarkId 29 in /home/paff/Projects/WinForward/benchmarks/WinForward.Benchmarks/bin/Release/net10.0/WinForward.Benchmarks-ShortRun-1/bin/Release/net10.0
// Failed to set up high priority (Permission denied). In order to run benchmarks with high priority, make sure you have the right permissions.
// BeforeAnythingElse

// Benchmark Process Environment Information:
// BenchmarkDotNet v0.15.8
// Runtime=.NET 10.0.12 (10.0.12, 10.0.1226.42308), X64 RyuJIT x86-64-v4
// GC=Concurrent Workstation
// HardwareIntrinsics=AVX512 BITALG+VBMI2+VNNI+VPOPCNTDQ,AVX512 IFMA+VBMI,AVX512 F+BW+CD+DQ+VL,AVX2+BMI1+BMI2+F16C+FMA+LZCNT+MOVBE,AVX,SSE3+SSSE3+SSE4.1+SSE4.2+POPCNT,X86Base+SSE+SSE2,AES+PCLMUL,AvxVnni VectorSize=256
// Job: ShortRun(InvocationCount=1, IterationCount=3, LaunchCount=1, UnrollFactor=1, WarmupCount=3)

OverheadJitting  1: 1 op, 356076.00 ns, 356.0760 us/op
WorkloadJitting  1: 1 op, 5184840.00 ns, 5.1848 ms/op

OverheadWarmup   1: 1 op, 431.00 ns, 431.0000 ns/op
OverheadWarmup   2: 1 op, 411.00 ns, 411.0000 ns/op
OverheadWarmup   3: 1 op, 431.00 ns, 431.0000 ns/op
OverheadWarmup   4: 1 op, 351.00 ns, 351.0000 ns/op
OverheadWarmup   5: 1 op, 421.00 ns, 421.0000 ns/op
OverheadWarmup   6: 1 op, 421.00 ns, 421.0000 ns/op

OverheadActual   1: 1 op, 411.00 ns, 411.0000 ns/op
OverheadActual   2: 1 op, 451.00 ns, 451.0000 ns/op
OverheadActual   3: 1 op, 431.00 ns, 431.0000 ns/op
OverheadActual   4: 1 op, 401.00 ns, 401.0000 ns/op
OverheadActual   5: 1 op, 391.00 ns, 391.0000 ns/op
OverheadActual   6: 1 op, 481.00 ns, 481.0000 ns/op
OverheadActual   7: 1 op, 561.00 ns, 561.0000 ns/op
OverheadActual   8: 1 op, 291.00 ns, 291.0000 ns/op
OverheadActual   9: 1 op, 311.00 ns, 311.0000 ns/op
OverheadActual  10: 1 op, 410.00 ns, 410.0000 ns/op
OverheadActual  11: 1 op, 280.00 ns, 280.0000 ns/op
OverheadActual  12: 1 op, 401.00 ns, 401.0000 ns/op
OverheadActual  13: 1 op, 451.00 ns, 451.0000 ns/op
OverheadActual  14: 1 op, 421.00 ns, 421.0000 ns/op
OverheadActual  15: 1 op, 451.00 ns, 451.0000 ns/op
OverheadActual  16: 1 op, 431.00 ns, 431.0000 ns/op
OverheadActual  17: 1 op, 351.00 ns, 351.0000 ns/op
OverheadActual  18: 1 op, 350.00 ns, 350.0000 ns/op
OverheadActual  19: 1 op, 470.00 ns, 470.0000 ns/op
OverheadActual  20: 1 op, 511.00 ns, 511.0000 ns/op

WorkloadWarmup   1: 1 op, 28453.00 ns, 28.4530 us/op
WorkloadWarmup   2: 1 op, 12252.00 ns, 12.2520 us/op
WorkloadWarmup   3: 1 op, 9788.00 ns, 9.7880 us/op

// BeforeActualRun
WorkloadActual   1: 1 op, 11982.00 ns, 11.9820 us/op
WorkloadActual   2: 1 op, 11391.00 ns, 11.3910 us/op
WorkloadActual   3: 1 op, 9537.00 ns, 9.5370 us/op

// AfterActualRun
WorkloadResult   1: 1 op, 11566.00 ns, 11.5660 us/op
WorkloadResult   2: 1 op, 10975.00 ns, 10.9750 us/op
WorkloadResult   3: 1 op, 9121.00 ns, 9.1210 us/op
// GC:  0 0 0 1912 1
// Threading:  0 0 1

// AfterAll
// Benchmark Process 1621649 has exited with code 0.

Mean = 10.554 us, StdErr = 0.737 us (6.98%), N = 3, StdDev = 1.276 us
Min = 9.121 us, Q1 = 10.048 us, Median = 10.975 us, Q3 = 11.271 us, Max = 11.566 us
IQR = 1.222 us, LowerFence = 8.214 us, UpperFence = 13.104 us
ConfidenceInterval = [-12.720 us; 33.828 us] (CI 99.9%), Margin = 23.274 us (220.52% of Mean)
Skewness = -0.29, Kurtosis = 0.67, MValue = 2

// ** Remained 69 (69.7%) benchmark(s) to run. Estimated finish 2026-09-22 17:03 (0h 0m from now) **
// **************************
// Benchmark: SessionSetupDecompositionBenchmarks.ComponentA8_WarmRentAdmissionAsync: ShortRun(InvocationCount=1, IterationCount=3, LaunchCount=1, UnrollFactor=1, WarmupCount=3) [Sessions=1]
// *** Execute ***
// Launch: 1 / 1
// Execute: dotnet WinForward.Benchmarks-ShortRun-1.dll --anonymousPipes 123 125 --benchmarkName "WinForward.Benchmarks.Perf.SessionSetupDecompositionBenchmarks.ComponentA8_WarmRentAdmissionAsync(Sessions: 1)" --job ShortRun --benchmarkId 30 in /home/paff/Projects/WinForward/benchmarks/WinForward.Benchmarks/bin/Release/net10.0/WinForward.Benchmarks-ShortRun-1/bin/Release/net10.0
// Failed to set up high priority (Permission denied). In order to run benchmarks with high priority, make sure you have the right permissions.
// BeforeAnythingElse

// Benchmark Process Environment Information:
// BenchmarkDotNet v0.15.8
// Runtime=.NET 10.0.12 (10.0.12, 10.0.1226.42308), X64 RyuJIT x86-64-v4
// GC=Concurrent Workstation
// HardwareIntrinsics=AVX512 BITALG+VBMI2+VNNI+VPOPCNTDQ,AVX512 IFMA+VBMI,AVX512 F+BW+CD+DQ+VL,AVX2+BMI1+BMI2+F16C+FMA+LZCNT+MOVBE,AVX,SSE3+SSSE3+SSE4.1+SSE4.2+POPCNT,X86Base+SSE+SSE2,AES+PCLMUL,AvxVnni VectorSize=256
// Job: ShortRun(InvocationCount=1, IterationCount=3, LaunchCount=1, UnrollFactor=1, WarmupCount=3)

OverheadJitting  1: 1 op, 392092.00 ns, 392.0920 us/op
WorkloadJitting  1: 1 op, 24133031.00 ns, 24.1330 ms/op

OverheadWarmup   1: 1 op, 420.00 ns, 420.0000 ns/op
OverheadWarmup   2: 1 op, 441.00 ns, 441.0000 ns/op
OverheadWarmup   3: 1 op, 271.00 ns, 271.0000 ns/op
OverheadWarmup   4: 1 op, 941.00 ns, 941.0000 ns/op
OverheadWarmup   5: 1 op, 421.00 ns, 421.0000 ns/op

OverheadActual   1: 1 op, 400.00 ns, 400.0000 ns/op
OverheadActual   2: 1 op, 421.00 ns, 421.0000 ns/op
OverheadActual   3: 1 op, 381.00 ns, 381.0000 ns/op
OverheadActual   4: 1 op, 430.00 ns, 430.0000 ns/op
OverheadActual   5: 1 op, 411.00 ns, 411.0000 ns/op
OverheadActual   6: 1 op, 321.00 ns, 321.0000 ns/op
OverheadActual   7: 1 op, 331.00 ns, 331.0000 ns/op
OverheadActual   8: 1 op, 330.00 ns, 330.0000 ns/op
OverheadActual   9: 1 op, 330.00 ns, 330.0000 ns/op
OverheadActual  10: 1 op, 221.00 ns, 221.0000 ns/op
OverheadActual  11: 1 op, 260.00 ns, 260.0000 ns/op
OverheadActual  12: 1 op, 270.00 ns, 270.0000 ns/op
OverheadActual  13: 1 op, 271.00 ns, 271.0000 ns/op
OverheadActual  14: 1 op, 271.00 ns, 271.0000 ns/op
OverheadActual  15: 1 op, 451.00 ns, 451.0000 ns/op
OverheadActual  16: 1 op, 471.00 ns, 471.0000 ns/op
OverheadActual  17: 1 op, 431.00 ns, 431.0000 ns/op
OverheadActual  18: 1 op, 431.00 ns, 431.0000 ns/op
OverheadActual  19: 1 op, 421.00 ns, 421.0000 ns/op
OverheadActual  20: 1 op, 440.00 ns, 440.0000 ns/op

WorkloadWarmup   1: 1 op, 149084.00 ns, 149.0840 us/op
WorkloadWarmup   2: 1 op, 44021.00 ns, 44.0210 us/op
WorkloadWarmup   3: 1 op, 30997.00 ns, 30.9970 us/op

// BeforeActualRun
WorkloadActual   1: 1 op, 64068.00 ns, 64.0680 us/op
WorkloadActual   2: 1 op, 35966.00 ns, 35.9660 us/op
WorkloadActual   3: 1 op, 30215.00 ns, 30.2150 us/op

// AfterActualRun
WorkloadResult   1: 1 op, 63677.50 ns, 63.6775 us/op
WorkloadResult   2: 1 op, 35575.50 ns, 35.5755 us/op
WorkloadResult   3: 1 op, 29824.50 ns, 29.8245 us/op
// GC:  0 0 0 8160 1
// Threading:  0 0 1

// AfterAll
// Benchmark Process 1621677 has exited with code 0.

Mean = 43.026 us, StdErr = 10.458 us (24.31%), N = 3, StdDev = 18.115 us
Min = 29.825 us, Q1 = 32.700 us, Median = 35.575 us, Q3 = 49.627 us, Max = 63.678 us
IQR = 16.927 us, LowerFence = 7.310 us, UpperFence = 75.016 us
ConfidenceInterval = [-287.451 us; 373.503 us] (CI 99.9%), Margin = 330.477 us (768.09% of Mean)
Skewness = 0.34, Kurtosis = 0.67, MValue = 2

// ** Remained 68 (68.7%) benchmark(s) to run. Estimated finish 2026-09-22 17:03 (0h 0m from now) **
// **************************
// Benchmark: SessionSetupDecompositionBenchmarks.ComponentA9a_DictionaryGrowthSpansResize: ShortRun(InvocationCount=1, IterationCount=3, LaunchCount=1, UnrollFactor=1, WarmupCount=3) [Sessions=1]
// *** Execute ***
// Launch: 1 / 1
// Execute: dotnet WinForward.Benchmarks-ShortRun-1.dll --anonymousPipes 123 125 --benchmarkName "WinForward.Benchmarks.Perf.SessionSetupDecompositionBenchmarks.ComponentA9a_DictionaryGrowthSpansResize(Sessions: 1)" --job ShortRun --benchmarkId 31 in /home/paff/Projects/WinForward/benchmarks/WinForward.Benchmarks/bin/Release/net10.0/WinForward.Benchmarks-ShortRun-1/bin/Release/net10.0
// Failed to set up high priority (Permission denied). In order to run benchmarks with high priority, make sure you have the right permissions.
// BeforeAnythingElse

// Benchmark Process Environment Information:
// BenchmarkDotNet v0.15.8
// Runtime=.NET 10.0.12 (10.0.12, 10.0.1226.42308), X64 RyuJIT x86-64-v4
// GC=Concurrent Workstation
// HardwareIntrinsics=AVX512 BITALG+VBMI2+VNNI+VPOPCNTDQ,AVX512 IFMA+VBMI,AVX512 F+BW+CD+DQ+VL,AVX2+BMI1+BMI2+F16C+FMA+LZCNT+MOVBE,AVX,SSE3+SSSE3+SSE4.1+SSE4.2+POPCNT,X86Base+SSE+SSE2,AES+PCLMUL,AvxVnni VectorSize=256
// Job: ShortRun(InvocationCount=1, IterationCount=3, LaunchCount=1, UnrollFactor=1, WarmupCount=3)

OverheadJitting  1: 1 op, 295845.00 ns, 295.8450 us/op
WorkloadJitting  1: 1 op, 12742861.00 ns, 12.7429 ms/op

OverheadWarmup   1: 1 op, 541.00 ns, 541.0000 ns/op
OverheadWarmup   2: 1 op, 440.00 ns, 440.0000 ns/op
OverheadWarmup   3: 1 op, 470.00 ns, 470.0000 ns/op
OverheadWarmup   4: 1 op, 301.00 ns, 301.0000 ns/op
OverheadWarmup   5: 1 op, 1022.00 ns, 1.0220 us/op
OverheadWarmup   6: 1 op, 481.00 ns, 481.0000 ns/op

OverheadActual   1: 1 op, 371.00 ns, 371.0000 ns/op
OverheadActual   2: 1 op, 461.00 ns, 461.0000 ns/op
OverheadActual   3: 1 op, 521.00 ns, 521.0000 ns/op
OverheadActual   4: 1 op, 551.00 ns, 551.0000 ns/op
OverheadActual   5: 1 op, 471.00 ns, 471.0000 ns/op
OverheadActual   6: 1 op, 911.00 ns, 911.0000 ns/op
OverheadActual   7: 1 op, 290.00 ns, 290.0000 ns/op
OverheadActual   8: 1 op, 451.00 ns, 451.0000 ns/op
OverheadActual   9: 1 op, 461.00 ns, 461.0000 ns/op
OverheadActual  10: 1 op, 451.00 ns, 451.0000 ns/op
OverheadActual  11: 1 op, 491.00 ns, 491.0000 ns/op
OverheadActual  12: 1 op, 450.00 ns, 450.0000 ns/op
OverheadActual  13: 1 op, 641.00 ns, 641.0000 ns/op
OverheadActual  14: 1 op, 301.00 ns, 301.0000 ns/op
OverheadActual  15: 1 op, 511.00 ns, 511.0000 ns/op
OverheadActual  16: 1 op, 491.00 ns, 491.0000 ns/op
OverheadActual  17: 1 op, 300.00 ns, 300.0000 ns/op
OverheadActual  18: 1 op, 291.00 ns, 291.0000 ns/op
OverheadActual  19: 1 op, 441.00 ns, 441.0000 ns/op
OverheadActual  20: 1 op, 301.00 ns, 301.0000 ns/op

WorkloadWarmup   1: 1 op, 2845962.00 ns, 2.8460 ms/op
WorkloadWarmup   2: 1 op, 2015522.00 ns, 2.0155 ms/op
WorkloadWarmup   3: 1 op, 1982141.00 ns, 1.9821 ms/op

// BeforeActualRun
WorkloadActual   1: 1 op, 5882124.00 ns, 5.8821 ms/op
WorkloadActual   2: 1 op, 1772324.00 ns, 1.7723 ms/op
WorkloadActual   3: 1 op, 1826014.00 ns, 1.8260 ms/op

// AfterActualRun
WorkloadResult   1: 1 op, 5881668.00 ns, 5.8817 ms/op
WorkloadResult   2: 1 op, 1771868.00 ns, 1.7719 ms/op
WorkloadResult   3: 1 op, 1825558.00 ns, 1.8256 ms/op
// GC:  0 0 0 950584 1
// Threading:  0 0 1

// AfterAll
// Benchmark Process 1621686 has exited with code 0.

Mean = 3.160 ms, StdErr = 1.361 ms (43.08%), N = 3, StdDev = 2.357 ms
Min = 1.772 ms, Q1 = 1.799 ms, Median = 1.826 ms, Q3 = 3.854 ms, Max = 5.882 ms
IQR = 2.055 ms, LowerFence = -1.284 ms, UpperFence = 6.936 ms
ConfidenceInterval = [-39.849 ms; 46.168 ms] (CI 99.9%), Margin = 43.009 ms (1361.16% of Mean)
Skewness = 0.38, Kurtosis = 0.67, MValue = 2

// ** Remained 67 (67.7%) benchmark(s) to run. Estimated finish 2026-09-22 17:03 (0h 0m from now) **
// **************************
// Benchmark: SessionSetupDecompositionBenchmarks.ComponentA9b_DictionaryGrowthNoResize: ShortRun(InvocationCount=1, IterationCount=3, LaunchCount=1, UnrollFactor=1, WarmupCount=3) [Sessions=1]
// *** Execute ***
// Launch: 1 / 1
// Execute: dotnet WinForward.Benchmarks-ShortRun-1.dll --anonymousPipes 123 125 --benchmarkName "WinForward.Benchmarks.Perf.SessionSetupDecompositionBenchmarks.ComponentA9b_DictionaryGrowthNoResize(Sessions: 1)" --job ShortRun --benchmarkId 32 in /home/paff/Projects/WinForward/benchmarks/WinForward.Benchmarks/bin/Release/net10.0/WinForward.Benchmarks-ShortRun-1/bin/Release/net10.0
// Failed to set up high priority (Permission denied). In order to run benchmarks with high priority, make sure you have the right permissions.
// BeforeAnythingElse

// Benchmark Process Environment Information:
// BenchmarkDotNet v0.15.8
// Runtime=.NET 10.0.12 (10.0.12, 10.0.1226.42308), X64 RyuJIT x86-64-v4
// GC=Concurrent Workstation
// HardwareIntrinsics=AVX512 BITALG+VBMI2+VNNI+VPOPCNTDQ,AVX512 IFMA+VBMI,AVX512 F+BW+CD+DQ+VL,AVX2+BMI1+BMI2+F16C+FMA+LZCNT+MOVBE,AVX,SSE3+SSSE3+SSE4.1+SSE4.2+POPCNT,X86Base+SSE+SSE2,AES+PCLMUL,AvxVnni VectorSize=256
// Job: ShortRun(InvocationCount=1, IterationCount=3, LaunchCount=1, UnrollFactor=1, WarmupCount=3)

OverheadJitting  1: 1 op, 305653.00 ns, 305.6530 us/op
WorkloadJitting  1: 1 op, 12852103.00 ns, 12.8521 ms/op

OverheadWarmup   1: 1 op, 1262.00 ns, 1.2620 us/op
OverheadWarmup   2: 1 op, 852.00 ns, 852.0000 ns/op
OverheadWarmup   3: 1 op, 781.00 ns, 781.0000 ns/op
OverheadWarmup   4: 1 op, 531.00 ns, 531.0000 ns/op
OverheadWarmup   5: 1 op, 731.00 ns, 731.0000 ns/op
OverheadWarmup   6: 1 op, 441.00 ns, 441.0000 ns/op
OverheadWarmup   7: 1 op, 461.00 ns, 461.0000 ns/op
OverheadWarmup   8: 1 op, 641.00 ns, 641.0000 ns/op
OverheadWarmup   9: 1 op, 480.00 ns, 480.0000 ns/op

OverheadActual   1: 1 op, 411.00 ns, 411.0000 ns/op
OverheadActual   2: 1 op, 461.00 ns, 461.0000 ns/op
OverheadActual   3: 1 op, 771.00 ns, 771.0000 ns/op
OverheadActual   4: 1 op, 461.00 ns, 461.0000 ns/op
OverheadActual   5: 1 op, 451.00 ns, 451.0000 ns/op
OverheadActual   6: 1 op, 461.00 ns, 461.0000 ns/op
OverheadActual   7: 1 op, 361.00 ns, 361.0000 ns/op
OverheadActual   8: 1 op, 461.00 ns, 461.0000 ns/op
OverheadActual   9: 1 op, 411.00 ns, 411.0000 ns/op
OverheadActual  10: 1 op, 431.00 ns, 431.0000 ns/op
OverheadActual  11: 1 op, 380.00 ns, 380.0000 ns/op
OverheadActual  12: 1 op, 261.00 ns, 261.0000 ns/op
OverheadActual  13: 1 op, 270.00 ns, 270.0000 ns/op
OverheadActual  14: 1 op, 271.00 ns, 271.0000 ns/op
OverheadActual  15: 1 op, 280.00 ns, 280.0000 ns/op
OverheadActual  16: 1 op, 260.00 ns, 260.0000 ns/op
OverheadActual  17: 1 op, 471.00 ns, 471.0000 ns/op
OverheadActual  18: 1 op, 471.00 ns, 471.0000 ns/op
OverheadActual  19: 1 op, 431.00 ns, 431.0000 ns/op
OverheadActual  20: 1 op, 470.00 ns, 470.0000 ns/op

WorkloadWarmup   1: 1 op, 2540169.00 ns, 2.5402 ms/op
WorkloadWarmup   2: 1 op, 1977632.00 ns, 1.9776 ms/op
WorkloadWarmup   3: 1 op, 2161481.00 ns, 2.1615 ms/op

// BeforeActualRun
WorkloadActual   1: 1 op, 5780047.00 ns, 5.7800 ms/op
WorkloadActual   2: 1 op, 1747729.00 ns, 1.7477 ms/op
WorkloadActual   3: 1 op, 1917382.00 ns, 1.9174 ms/op

// AfterActualRun
WorkloadResult   1: 1 op, 5779616.00 ns, 5.7796 ms/op
WorkloadResult   2: 1 op, 1747298.00 ns, 1.7473 ms/op
WorkloadResult   3: 1 op, 1916951.00 ns, 1.9170 ms/op
// GC:  0 0 0 787288 1
// Threading:  0 0 1

// AfterAll
// Benchmark Process 1621695 has exited with code 0.

Mean = 3.148 ms, StdErr = 1.317 ms (41.83%), N = 3, StdDev = 2.281 ms
Min = 1.747 ms, Q1 = 1.832 ms, Median = 1.917 ms, Q3 = 3.848 ms, Max = 5.780 ms
IQR = 2.016 ms, LowerFence = -1.192 ms, UpperFence = 6.873 ms
ConfidenceInterval = [-38.460 ms; 44.756 ms] (CI 99.9%), Margin = 41.608 ms (1321.74% of Mean)
Skewness = 0.38, Kurtosis = 0.67, MValue = 2

// ** Remained 66 (66.7%) benchmark(s) to run. Estimated finish 2026-09-22 17:03 (0h 0m from now) **
// **************************
// Benchmark: SessionSetupDecompositionBenchmarks.StageS0_CoordinatorOnly: ShortRun(InvocationCount=1, IterationCount=3, LaunchCount=1, UnrollFactor=1, WarmupCount=3) [Sessions=100]
// *** Execute ***
// Launch: 1 / 1
// Execute: dotnet WinForward.Benchmarks-ShortRun-1.dll --anonymousPipes 123 125 --benchmarkName "WinForward.Benchmarks.Perf.SessionSetupDecompositionBenchmarks.StageS0_CoordinatorOnly(Sessions: 100)" --job ShortRun --benchmarkId 33 in /home/paff/Projects/WinForward/benchmarks/WinForward.Benchmarks/bin/Release/net10.0/WinForward.Benchmarks-ShortRun-1/bin/Release/net10.0
// Failed to set up high priority (Permission denied). In order to run benchmarks with high priority, make sure you have the right permissions.
// BeforeAnythingElse

// Benchmark Process Environment Information:
// BenchmarkDotNet v0.15.8
// Runtime=.NET 10.0.12 (10.0.12, 10.0.1226.42308), X64 RyuJIT x86-64-v4
// GC=Concurrent Workstation
// HardwareIntrinsics=AVX512 BITALG+VBMI2+VNNI+VPOPCNTDQ,AVX512 IFMA+VBMI,AVX512 F+BW+CD+DQ+VL,AVX2+BMI1+BMI2+F16C+FMA+LZCNT+MOVBE,AVX,SSE3+SSSE3+SSE4.1+SSE4.2+POPCNT,X86Base+SSE+SSE2,AES+PCLMUL,AvxVnni VectorSize=256
// Job: ShortRun(InvocationCount=1, IterationCount=3, LaunchCount=1, UnrollFactor=1, WarmupCount=3)

OverheadJitting  1: 1 op, 258285.00 ns, 258.2850 us/op
WorkloadJitting  1: 1 op, 7161140.00 ns, 7.1611 ms/op

OverheadWarmup   1: 1 op, 431.00 ns, 431.0000 ns/op
OverheadWarmup   2: 1 op, 420.00 ns, 420.0000 ns/op
OverheadWarmup   3: 1 op, 431.00 ns, 431.0000 ns/op
OverheadWarmup   4: 1 op, 310.00 ns, 310.0000 ns/op
OverheadWarmup   5: 1 op, 541.00 ns, 541.0000 ns/op
OverheadWarmup   6: 1 op, 511.00 ns, 511.0000 ns/op

OverheadActual   1: 1 op, 861.00 ns, 861.0000 ns/op
OverheadActual   2: 1 op, 531.00 ns, 531.0000 ns/op
OverheadActual   3: 1 op, 511.00 ns, 511.0000 ns/op
OverheadActual   4: 1 op, 612.00 ns, 612.0000 ns/op
OverheadActual   5: 1 op, 491.00 ns, 491.0000 ns/op
OverheadActual   6: 1 op, 300.00 ns, 300.0000 ns/op
OverheadActual   7: 1 op, 321.00 ns, 321.0000 ns/op
OverheadActual   8: 1 op, 320.00 ns, 320.0000 ns/op
OverheadActual   9: 1 op, 291.00 ns, 291.0000 ns/op
OverheadActual  10: 1 op, 311.00 ns, 311.0000 ns/op
OverheadActual  11: 1 op, 271.00 ns, 271.0000 ns/op
OverheadActual  12: 1 op, 280.00 ns, 280.0000 ns/op
OverheadActual  13: 1 op, 401.00 ns, 401.0000 ns/op
OverheadActual  14: 1 op, 441.00 ns, 441.0000 ns/op
OverheadActual  15: 1 op, 431.00 ns, 431.0000 ns/op
OverheadActual  16: 1 op, 421.00 ns, 421.0000 ns/op
OverheadActual  17: 1 op, 300.00 ns, 300.0000 ns/op
OverheadActual  18: 1 op, 371.00 ns, 371.0000 ns/op
OverheadActual  19: 1 op, 381.00 ns, 381.0000 ns/op
OverheadActual  20: 1 op, 401.00 ns, 401.0000 ns/op

WorkloadWarmup   1: 1 op, 103090.00 ns, 103.0900 us/op
WorkloadWarmup   2: 1 op, 17312.00 ns, 17.3120 us/op
WorkloadWarmup   3: 1 op, 17211.00 ns, 17.2110 us/op

// BeforeActualRun
WorkloadActual   1: 1 op, 100134.00 ns, 100.1340 us/op
WorkloadActual   2: 1 op, 13555.00 ns, 13.5550 us/op
WorkloadActual   3: 1 op, 13515.00 ns, 13.5150 us/op

// AfterActualRun
WorkloadResult   1: 1 op, 99743.00 ns, 99.7430 us/op
WorkloadResult   2: 1 op, 13164.00 ns, 13.1640 us/op
WorkloadResult   3: 1 op, 13124.00 ns, 13.1240 us/op
// GC:  0 0 0 54600 1
// Threading:  0 0 1

// AfterAll
// Benchmark Process 1621705 has exited with code 0.

Mean = 42.010 us, StdErr = 28.866 us (68.71%), N = 3, StdDev = 49.998 us
Min = 13.124 us, Q1 = 13.144 us, Median = 13.164 us, Q3 = 56.453 us, Max = 99.743 us
IQR = 43.309 us, LowerFence = -51.820 us, UpperFence = 121.418 us
ConfidenceInterval = [-870.139 us; 954.159 us] (CI 99.9%), Margin = 912.149 us (2171.25% of Mean)
Skewness = 0.38, Kurtosis = 0.67, MValue = 2

// ** Remained 65 (65.7%) benchmark(s) to run. Estimated finish 2026-09-22 17:03 (0h 0m from now) **
// **************************
// Benchmark: SessionSetupDecompositionBenchmarks.StageS1_AdmissionOnlyAsync: ShortRun(InvocationCount=1, IterationCount=3, LaunchCount=1, UnrollFactor=1, WarmupCount=3) [Sessions=100]
// *** Execute ***
// Launch: 1 / 1
// Execute: dotnet WinForward.Benchmarks-ShortRun-1.dll --anonymousPipes 123 125 --benchmarkName "WinForward.Benchmarks.Perf.SessionSetupDecompositionBenchmarks.StageS1_AdmissionOnlyAsync(Sessions: 100)" --job ShortRun --benchmarkId 34 in /home/paff/Projects/WinForward/benchmarks/WinForward.Benchmarks/bin/Release/net10.0/WinForward.Benchmarks-ShortRun-1/bin/Release/net10.0
// Failed to set up high priority (Permission denied). In order to run benchmarks with high priority, make sure you have the right permissions.
// BeforeAnythingElse

// Benchmark Process Environment Information:
// BenchmarkDotNet v0.15.8
// Runtime=.NET 10.0.12 (10.0.12, 10.0.1226.42308), X64 RyuJIT x86-64-v4
// GC=Concurrent Workstation
// HardwareIntrinsics=AVX512 BITALG+VBMI2+VNNI+VPOPCNTDQ,AVX512 IFMA+VBMI,AVX512 F+BW+CD+DQ+VL,AVX2+BMI1+BMI2+F16C+FMA+LZCNT+MOVBE,AVX,SSE3+SSSE3+SSE4.1+SSE4.2+POPCNT,X86Base+SSE+SSE2,AES+PCLMUL,AvxVnni VectorSize=256
// Job: ShortRun(InvocationCount=1, IterationCount=3, LaunchCount=1, UnrollFactor=1, WarmupCount=3)

OverheadJitting  1: 1 op, 388836.00 ns, 388.8360 us/op
WorkloadJitting  1: 1 op, 24940128.00 ns, 24.9401 ms/op

OverheadWarmup   1: 1 op, 531.00 ns, 531.0000 ns/op
OverheadWarmup   2: 1 op, 481.00 ns, 481.0000 ns/op
OverheadWarmup   3: 1 op, 521.00 ns, 521.0000 ns/op
OverheadWarmup   4: 1 op, 441.00 ns, 441.0000 ns/op
OverheadWarmup   5: 1 op, 250.00 ns, 250.0000 ns/op
OverheadWarmup   6: 1 op, 551.00 ns, 551.0000 ns/op
OverheadWarmup   7: 1 op, 461.00 ns, 461.0000 ns/op

OverheadActual   1: 1 op, 431.00 ns, 431.0000 ns/op
OverheadActual   2: 1 op, 421.00 ns, 421.0000 ns/op
OverheadActual   3: 1 op, 601.00 ns, 601.0000 ns/op
OverheadActual   4: 1 op, 571.00 ns, 571.0000 ns/op
OverheadActual   5: 1 op, 521.00 ns, 521.0000 ns/op
OverheadActual   6: 1 op, 301.00 ns, 301.0000 ns/op
OverheadActual   7: 1 op, 451.00 ns, 451.0000 ns/op
OverheadActual   8: 1 op, 450.00 ns, 450.0000 ns/op
OverheadActual   9: 1 op, 221.00 ns, 221.0000 ns/op
OverheadActual  10: 1 op, 440.00 ns, 440.0000 ns/op
OverheadActual  11: 1 op, 450.00 ns, 450.0000 ns/op
OverheadActual  12: 1 op, 461.00 ns, 461.0000 ns/op
OverheadActual  13: 1 op, 742.00 ns, 742.0000 ns/op
OverheadActual  14: 1 op, 451.00 ns, 451.0000 ns/op
OverheadActual  15: 1 op, 451.00 ns, 451.0000 ns/op
OverheadActual  16: 1 op, 450.00 ns, 450.0000 ns/op
OverheadActual  17: 1 op, 541.00 ns, 541.0000 ns/op
OverheadActual  18: 1 op, 490.00 ns, 490.0000 ns/op
OverheadActual  19: 1 op, 461.00 ns, 461.0000 ns/op
OverheadActual  20: 1 op, 461.00 ns, 461.0000 ns/op

WorkloadWarmup   1: 1 op, 513686.00 ns, 513.6860 us/op
WorkloadWarmup   2: 1 op, 231035.00 ns, 231.0350 us/op
WorkloadWarmup   3: 1 op, 220295.00 ns, 220.2950 us/op

// BeforeActualRun
WorkloadActual   1: 1 op, 343603.00 ns, 343.6030 us/op
WorkloadActual   2: 1 op, 216850.00 ns, 216.8500 us/op
WorkloadActual   3: 1 op, 229954.00 ns, 229.9540 us/op

// AfterActualRun
WorkloadResult   1: 1 op, 343152.00 ns, 343.1520 us/op
WorkloadResult   2: 1 op, 216399.00 ns, 216.3990 us/op
WorkloadResult   3: 1 op, 229503.00 ns, 229.5030 us/op
// GC:  0 0 0 135072 1
// Threading:  0 0 1

// AfterAll
// Benchmark Process 1621717 has exited with code 0.

Mean = 263.018 us, StdErr = 40.245 us (15.30%), N = 3, StdDev = 69.707 us
Min = 216.399 us, Q1 = 222.951 us, Median = 229.503 us, Q3 = 286.327 us, Max = 343.152 us
IQR = 63.377 us, LowerFence = 127.886 us, UpperFence = 381.392 us
ConfidenceInterval = [-1,008.691 us; 1,534.727 us] (CI 99.9%), Margin = 1,271.709 us (483.51% of Mean)
Skewness = 0.37, Kurtosis = 0.67, MValue = 2

// ** Remained 64 (64.6%) benchmark(s) to run. Estimated finish 2026-09-22 17:03 (0h 0m from now) **
// **************************
// Benchmark: SessionSetupDecompositionBenchmarks.StageS2_SetupStartedAsync: ShortRun(InvocationCount=1, IterationCount=3, LaunchCount=1, UnrollFactor=1, WarmupCount=3) [Sessions=100]
// *** Execute ***
// Launch: 1 / 1
// Execute: dotnet WinForward.Benchmarks-ShortRun-1.dll --anonymousPipes 123 125 --benchmarkName "WinForward.Benchmarks.Perf.SessionSetupDecompositionBenchmarks.StageS2_SetupStartedAsync(Sessions: 100)" --job ShortRun --benchmarkId 35 in /home/paff/Projects/WinForward/benchmarks/WinForward.Benchmarks/bin/Release/net10.0/WinForward.Benchmarks-ShortRun-1/bin/Release/net10.0
// Failed to set up high priority (Permission denied). In order to run benchmarks with high priority, make sure you have the right permissions.
// BeforeAnythingElse

// Benchmark Process Environment Information:
// BenchmarkDotNet v0.15.8
// Runtime=.NET 10.0.12 (10.0.12, 10.0.1226.42308), X64 RyuJIT x86-64-v4
// GC=Concurrent Workstation
// HardwareIntrinsics=AVX512 BITALG+VBMI2+VNNI+VPOPCNTDQ,AVX512 IFMA+VBMI,AVX512 F+BW+CD+DQ+VL,AVX2+BMI1+BMI2+F16C+FMA+LZCNT+MOVBE,AVX,SSE3+SSSE3+SSE4.1+SSE4.2+POPCNT,X86Base+SSE+SSE2,AES+PCLMUL,AvxVnni VectorSize=256
// Job: ShortRun(InvocationCount=1, IterationCount=3, LaunchCount=1, UnrollFactor=1, WarmupCount=3)

OverheadJitting  1: 1 op, 263746.00 ns, 263.7460 us/op
WorkloadJitting  1: 1 op, 114799758.00 ns, 114.7998 ms/op

OverheadWarmup   1: 1 op, 741.00 ns, 741.0000 ns/op
OverheadWarmup   2: 1 op, 511.00 ns, 511.0000 ns/op
OverheadWarmup   3: 1 op, 501.00 ns, 501.0000 ns/op
OverheadWarmup   4: 1 op, 481.00 ns, 481.0000 ns/op
OverheadWarmup   5: 1 op, 491.00 ns, 491.0000 ns/op
OverheadWarmup   6: 1 op, 692.00 ns, 692.0000 ns/op
OverheadWarmup   7: 1 op, 651.00 ns, 651.0000 ns/op
OverheadWarmup   8: 1 op, 500.00 ns, 500.0000 ns/op
OverheadWarmup   9: 1 op, 571.00 ns, 571.0000 ns/op
OverheadWarmup  10: 1 op, 611.00 ns, 611.0000 ns/op

OverheadActual   1: 1 op, 871.00 ns, 871.0000 ns/op
OverheadActual   2: 1 op, 622.00 ns, 622.0000 ns/op
OverheadActual   3: 1 op, 1062.00 ns, 1.0620 us/op
OverheadActual   4: 1 op, 612.00 ns, 612.0000 ns/op
OverheadActual   5: 1 op, 461.00 ns, 461.0000 ns/op
OverheadActual   6: 1 op, 511.00 ns, 511.0000 ns/op
OverheadActual   7: 1 op, 361.00 ns, 361.0000 ns/op
OverheadActual   8: 1 op, 501.00 ns, 501.0000 ns/op
OverheadActual   9: 1 op, 481.00 ns, 481.0000 ns/op
OverheadActual  10: 1 op, 471.00 ns, 471.0000 ns/op
OverheadActual  11: 1 op, 601.00 ns, 601.0000 ns/op
OverheadActual  12: 1 op, 510.00 ns, 510.0000 ns/op
OverheadActual  13: 1 op, 601.00 ns, 601.0000 ns/op
OverheadActual  14: 1 op, 802.00 ns, 802.0000 ns/op
OverheadActual  15: 1 op, 561.00 ns, 561.0000 ns/op
OverheadActual  16: 1 op, 321.00 ns, 321.0000 ns/op
OverheadActual  17: 1 op, 722.00 ns, 722.0000 ns/op
OverheadActual  18: 1 op, 541.00 ns, 541.0000 ns/op
OverheadActual  19: 1 op, 671.00 ns, 671.0000 ns/op
OverheadActual  20: 1 op, 280.00 ns, 280.0000 ns/op

WorkloadWarmup   1: 1 op, 81822609.00 ns, 81.8226 ms/op
WorkloadWarmup   2: 1 op, 80786231.00 ns, 80.7862 ms/op
WorkloadWarmup   3: 1 op, 91122688.00 ns, 91.1227 ms/op

// BeforeActualRun
WorkloadActual   1: 1 op, 78616747.00 ns, 78.6167 ms/op
WorkloadActual   2: 1 op, 87271563.00 ns, 87.2716 ms/op
WorkloadActual   3: 1 op, 80331223.00 ns, 80.3312 ms/op

// AfterActualRun
WorkloadResult   1: 1 op, 78616196.00 ns, 78.6162 ms/op
WorkloadResult   2: 1 op, 87271012.00 ns, 87.2710 ms/op
WorkloadResult   3: 1 op, 80330672.00 ns, 80.3307 ms/op
// GC:  0 0 0 221248 1
// Threading:  5 19 1

// AfterAll
// Benchmark Process 1621726 has exited with code 0.

Mean = 82.073 ms, StdErr = 2.646 ms (3.22%), N = 3, StdDev = 4.583 ms
Min = 78.616 ms, Q1 = 79.473 ms, Median = 80.331 ms, Q3 = 83.801 ms, Max = 87.271 ms
IQR = 4.327 ms, LowerFence = 72.982 ms, UpperFence = 90.292 ms
ConfidenceInterval = [-1.535 ms; 165.680 ms] (CI 99.9%), Margin = 83.608 ms (101.87% of Mean)
Skewness = 0.33, Kurtosis = 0.67, MValue = 2

// ** Remained 63 (63.6%) benchmark(s) to run. Estimated finish 2026-09-22 17:03 (0h 0m from now) **
// **************************
// Benchmark: SessionSetupDecompositionBenchmarks.StageS3_PipelineNoPayloadAsync: ShortRun(InvocationCount=1, IterationCount=3, LaunchCount=1, UnrollFactor=1, WarmupCount=3) [Sessions=100]
// *** Execute ***
// Launch: 1 / 1
// Execute: dotnet WinForward.Benchmarks-ShortRun-1.dll --anonymousPipes 123 125 --benchmarkName "WinForward.Benchmarks.Perf.SessionSetupDecompositionBenchmarks.StageS3_PipelineNoPayloadAsync(Sessions: 100)" --job ShortRun --benchmarkId 36 in /home/paff/Projects/WinForward/benchmarks/WinForward.Benchmarks/bin/Release/net10.0/WinForward.Benchmarks-ShortRun-1/bin/Release/net10.0
// Failed to set up high priority (Permission denied). In order to run benchmarks with high priority, make sure you have the right permissions.
// BeforeAnythingElse

// Benchmark Process Environment Information:
// BenchmarkDotNet v0.15.8
// Runtime=.NET 10.0.12 (10.0.12, 10.0.1226.42308), X64 RyuJIT x86-64-v4
// GC=Concurrent Workstation
// HardwareIntrinsics=AVX512 BITALG+VBMI2+VNNI+VPOPCNTDQ,AVX512 IFMA+VBMI,AVX512 F+BW+CD+DQ+VL,AVX2+BMI1+BMI2+F16C+FMA+LZCNT+MOVBE,AVX,SSE3+SSSE3+SSE4.1+SSE4.2+POPCNT,X86Base+SSE+SSE2,AES+PCLMUL,AvxVnni VectorSize=256
// Job: ShortRun(InvocationCount=1, IterationCount=3, LaunchCount=1, UnrollFactor=1, WarmupCount=3)

OverheadJitting  1: 1 op, 367997.00 ns, 367.9970 us/op
WorkloadJitting  1: 1 op, 98413398.00 ns, 98.4134 ms/op

OverheadWarmup   1: 1 op, 872.00 ns, 872.0000 ns/op
OverheadWarmup   2: 1 op, 562.00 ns, 562.0000 ns/op
OverheadWarmup   3: 1 op, 701.00 ns, 701.0000 ns/op
OverheadWarmup   4: 1 op, 671.00 ns, 671.0000 ns/op
OverheadWarmup   5: 1 op, 1873.00 ns, 1.8730 us/op
OverheadWarmup   6: 1 op, 451.00 ns, 451.0000 ns/op

OverheadActual   1: 1 op, 571.00 ns, 571.0000 ns/op
OverheadActual   2: 1 op, 732.00 ns, 732.0000 ns/op
OverheadActual   3: 1 op, 731.00 ns, 731.0000 ns/op
OverheadActual   4: 1 op, 601.00 ns, 601.0000 ns/op
OverheadActual   5: 1 op, 752.00 ns, 752.0000 ns/op
OverheadActual   6: 1 op, 611.00 ns, 611.0000 ns/op
OverheadActual   7: 1 op, 531.00 ns, 531.0000 ns/op
OverheadActual   8: 1 op, 491.00 ns, 491.0000 ns/op
OverheadActual   9: 1 op, 340.00 ns, 340.0000 ns/op
OverheadActual  10: 1 op, 491.00 ns, 491.0000 ns/op
OverheadActual  11: 1 op, 501.00 ns, 501.0000 ns/op
OverheadActual  12: 1 op, 521.00 ns, 521.0000 ns/op
OverheadActual  13: 1 op, 281.00 ns, 281.0000 ns/op
OverheadActual  14: 1 op, 531.00 ns, 531.0000 ns/op
OverheadActual  15: 1 op, 521.00 ns, 521.0000 ns/op
OverheadActual  16: 1 op, 641.00 ns, 641.0000 ns/op
OverheadActual  17: 1 op, 481.00 ns, 481.0000 ns/op
OverheadActual  18: 1 op, 471.00 ns, 471.0000 ns/op
OverheadActual  19: 1 op, 661.00 ns, 661.0000 ns/op
OverheadActual  20: 1 op, 501.00 ns, 501.0000 ns/op

WorkloadWarmup   1: 1 op, 45514399.00 ns, 45.5144 ms/op
WorkloadWarmup   2: 1 op, 42366457.00 ns, 42.3665 ms/op
WorkloadWarmup   3: 1 op, 41661711.00 ns, 41.6617 ms/op

// BeforeActualRun
WorkloadActual   1: 1 op, 42416296.00 ns, 42.4163 ms/op
WorkloadActual   2: 1 op, 46740643.00 ns, 46.7406 ms/op
WorkloadActual   3: 1 op, 42969391.00 ns, 42.9694 ms/op

// AfterActualRun
WorkloadResult   1: 1 op, 42415770.00 ns, 42.4158 ms/op
WorkloadResult   2: 1 op, 46740117.00 ns, 46.7401 ms/op
WorkloadResult   3: 1 op, 42968865.00 ns, 42.9689 ms/op
// GC:  0 0 0 459888 1
// Threading:  92 67 1

// AfterAll
// Benchmark Process 1622275 has exited with code 0.

Mean = 44.042 ms, StdErr = 1.359 ms (3.08%), N = 3, StdDev = 2.353 ms
Min = 42.416 ms, Q1 = 42.692 ms, Median = 42.969 ms, Q3 = 44.854 ms, Max = 46.740 ms
IQR = 2.162 ms, LowerFence = 39.449 ms, UpperFence = 48.098 ms
ConfidenceInterval = [1.109 ms; 86.975 ms] (CI 99.9%), Margin = 42.933 ms (97.48% of Mean)
Skewness = 0.36, Kurtosis = 0.67, MValue = 2

// ** Remained 62 (62.6%) benchmark(s) to run. Estimated finish 2026-09-22 17:03 (0h 0m from now) **
// **************************
// Benchmark: SessionSetupDecompositionBenchmarks.StageS4_ReadinessTeardownOutsideAsync: ShortRun(InvocationCount=1, IterationCount=3, LaunchCount=1, UnrollFactor=1, WarmupCount=3) [Sessions=100]
// *** Execute ***
// Launch: 1 / 1
// Execute: dotnet WinForward.Benchmarks-ShortRun-1.dll --anonymousPipes 123 125 --benchmarkName "WinForward.Benchmarks.Perf.SessionSetupDecompositionBenchmarks.StageS4_ReadinessTeardownOutsideAsync(Sessions: 100)" --job ShortRun --benchmarkId 37 in /home/paff/Projects/WinForward/benchmarks/WinForward.Benchmarks/bin/Release/net10.0/WinForward.Benchmarks-ShortRun-1/bin/Release/net10.0
// Failed to set up high priority (Permission denied). In order to run benchmarks with high priority, make sure you have the right permissions.
// BeforeAnythingElse

// Benchmark Process Environment Information:
// BenchmarkDotNet v0.15.8
// Runtime=.NET 10.0.12 (10.0.12, 10.0.1226.42308), X64 RyuJIT x86-64-v4
// GC=Concurrent Workstation
// HardwareIntrinsics=AVX512 BITALG+VBMI2+VNNI+VPOPCNTDQ,AVX512 IFMA+VBMI,AVX512 F+BW+CD+DQ+VL,AVX2+BMI1+BMI2+F16C+FMA+LZCNT+MOVBE,AVX,SSE3+SSSE3+SSE4.1+SSE4.2+POPCNT,X86Base+SSE+SSE2,AES+PCLMUL,AvxVnni VectorSize=256
// Job: ShortRun(InvocationCount=1, IterationCount=3, LaunchCount=1, UnrollFactor=1, WarmupCount=3)

OverheadJitting  1: 1 op, 274606.00 ns, 274.6060 us/op
WorkloadJitting  1: 1 op, 98278298.00 ns, 98.2783 ms/op

OverheadWarmup   1: 1 op, 631.00 ns, 631.0000 ns/op
OverheadWarmup   2: 1 op, 491.00 ns, 491.0000 ns/op
OverheadWarmup   3: 1 op, 461.00 ns, 461.0000 ns/op
OverheadWarmup   4: 1 op, 451.00 ns, 451.0000 ns/op
OverheadWarmup   5: 1 op, 481.00 ns, 481.0000 ns/op
OverheadWarmup   6: 1 op, 451.00 ns, 451.0000 ns/op
OverheadWarmup   7: 1 op, 541.00 ns, 541.0000 ns/op
OverheadWarmup   8: 1 op, 571.00 ns, 571.0000 ns/op
OverheadWarmup   9: 1 op, 471.00 ns, 471.0000 ns/op

OverheadActual   1: 1 op, 511.00 ns, 511.0000 ns/op
OverheadActual   2: 1 op, 450.00 ns, 450.0000 ns/op
OverheadActual   3: 1 op, 441.00 ns, 441.0000 ns/op
OverheadActual   4: 1 op, 431.00 ns, 431.0000 ns/op
OverheadActual   5: 1 op, 451.00 ns, 451.0000 ns/op
OverheadActual   6: 1 op, 461.00 ns, 461.0000 ns/op
OverheadActual   7: 1 op, 841.00 ns, 841.0000 ns/op
OverheadActual   8: 1 op, 430.00 ns, 430.0000 ns/op
OverheadActual   9: 1 op, 471.00 ns, 471.0000 ns/op
OverheadActual  10: 1 op, 461.00 ns, 461.0000 ns/op
OverheadActual  11: 1 op, 451.00 ns, 451.0000 ns/op
OverheadActual  12: 1 op, 421.00 ns, 421.0000 ns/op
OverheadActual  13: 1 op, 350.00 ns, 350.0000 ns/op
OverheadActual  14: 1 op, 470.00 ns, 470.0000 ns/op
OverheadActual  15: 1 op, 500.00 ns, 500.0000 ns/op
OverheadActual  16: 1 op, 461.00 ns, 461.0000 ns/op
OverheadActual  17: 1 op, 371.00 ns, 371.0000 ns/op
OverheadActual  18: 1 op, 381.00 ns, 381.0000 ns/op
OverheadActual  19: 1 op, 471.00 ns, 471.0000 ns/op
OverheadActual  20: 1 op, 481.00 ns, 481.0000 ns/op

WorkloadWarmup   1: 1 op, 41150574.00 ns, 41.1506 ms/op
WorkloadWarmup   2: 1 op, 41050239.00 ns, 41.0502 ms/op
WorkloadWarmup   3: 1 op, 39090570.00 ns, 39.0906 ms/op

// BeforeActualRun
WorkloadActual   1: 1 op, 39424345.00 ns, 39.4243 ms/op
WorkloadActual   2: 1 op, 39348906.00 ns, 39.3489 ms/op
WorkloadActual   3: 1 op, 39526283.00 ns, 39.5263 ms/op

// AfterActualRun
WorkloadResult   1: 1 op, 39423889.00 ns, 39.4239 ms/op
WorkloadResult   2: 1 op, 39348450.00 ns, 39.3485 ms/op
WorkloadResult   3: 1 op, 39525827.00 ns, 39.5258 ms/op
// GC:  0 0 0 410416 1
// Threading:  85 79 1

// AfterAll
// Benchmark Process 1622823 has exited with code 0.

Mean = 39.433 ms, StdErr = 0.051 ms (0.13%), N = 3, StdDev = 0.089 ms
Min = 39.348 ms, Q1 = 39.386 ms, Median = 39.424 ms, Q3 = 39.475 ms, Max = 39.526 ms
IQR = 0.089 ms, LowerFence = 39.253 ms, UpperFence = 39.608 ms
ConfidenceInterval = [37.809 ms; 41.057 ms] (CI 99.9%), Margin = 1.624 ms (4.12% of Mean)
Skewness = 0.1, Kurtosis = 0.67, MValue = 2

// ** Remained 61 (61.6%) benchmark(s) to run. Estimated finish 2026-09-22 17:03 (0h 0m from now) **
// **************************
// Benchmark: SessionSetupDecompositionBenchmarks.StageS5_ReadinessTeardownInsideAsync: ShortRun(InvocationCount=1, IterationCount=3, LaunchCount=1, UnrollFactor=1, WarmupCount=3) [Sessions=100]
// *** Execute ***
// Launch: 1 / 1
// Execute: dotnet WinForward.Benchmarks-ShortRun-1.dll --anonymousPipes 123 125 --benchmarkName "WinForward.Benchmarks.Perf.SessionSetupDecompositionBenchmarks.StageS5_ReadinessTeardownInsideAsync(Sessions: 100)" --job ShortRun --benchmarkId 38 in /home/paff/Projects/WinForward/benchmarks/WinForward.Benchmarks/bin/Release/net10.0/WinForward.Benchmarks-ShortRun-1/bin/Release/net10.0
// Failed to set up high priority (Permission denied). In order to run benchmarks with high priority, make sure you have the right permissions.
// BeforeAnythingElse

// Benchmark Process Environment Information:
// BenchmarkDotNet v0.15.8
// Runtime=.NET 10.0.12 (10.0.12, 10.0.1226.42308), X64 RyuJIT x86-64-v4
// GC=Concurrent Workstation
// HardwareIntrinsics=AVX512 BITALG+VBMI2+VNNI+VPOPCNTDQ,AVX512 IFMA+VBMI,AVX512 F+BW+CD+DQ+VL,AVX2+BMI1+BMI2+F16C+FMA+LZCNT+MOVBE,AVX,SSE3+SSSE3+SSE4.1+SSE4.2+POPCNT,X86Base+SSE+SSE2,AES+PCLMUL,AvxVnni VectorSize=256
// Job: ShortRun(InvocationCount=1, IterationCount=3, LaunchCount=1, UnrollFactor=1, WarmupCount=3)

OverheadJitting  1: 1 op, 400709.00 ns, 400.7090 us/op
WorkloadJitting  1: 1 op, 126545411.00 ns, 126.5454 ms/op

OverheadWarmup   1: 1 op, 611.00 ns, 611.0000 ns/op
OverheadWarmup   2: 1 op, 892.00 ns, 892.0000 ns/op
OverheadWarmup   3: 1 op, 531.00 ns, 531.0000 ns/op
OverheadWarmup   4: 1 op, 581.00 ns, 581.0000 ns/op
OverheadWarmup   5: 1 op, 551.00 ns, 551.0000 ns/op

OverheadActual   1: 1 op, 511.00 ns, 511.0000 ns/op
OverheadActual   2: 1 op, 481.00 ns, 481.0000 ns/op
OverheadActual   3: 1 op, 521.00 ns, 521.0000 ns/op
OverheadActual   4: 1 op, 511.00 ns, 511.0000 ns/op
OverheadActual   5: 1 op, 461.00 ns, 461.0000 ns/op
OverheadActual   6: 1 op, 380.00 ns, 380.0000 ns/op
OverheadActual   7: 1 op, 551.00 ns, 551.0000 ns/op
OverheadActual   8: 1 op, 501.00 ns, 501.0000 ns/op
OverheadActual   9: 1 op, 481.00 ns, 481.0000 ns/op
OverheadActual  10: 1 op, 541.00 ns, 541.0000 ns/op
OverheadActual  11: 1 op, 511.00 ns, 511.0000 ns/op
OverheadActual  12: 1 op, 371.00 ns, 371.0000 ns/op
OverheadActual  13: 1 op, 552.00 ns, 552.0000 ns/op
OverheadActual  14: 1 op, 381.00 ns, 381.0000 ns/op
OverheadActual  15: 1 op, 1072.00 ns, 1.0720 us/op
OverheadActual  16: 1 op, 301.00 ns, 301.0000 ns/op
OverheadActual  17: 1 op, 360.00 ns, 360.0000 ns/op
OverheadActual  18: 1 op, 511.00 ns, 511.0000 ns/op
OverheadActual  19: 1 op, 500.00 ns, 500.0000 ns/op
OverheadActual  20: 1 op, 391.00 ns, 391.0000 ns/op

WorkloadWarmup   1: 1 op, 54570342.00 ns, 54.5703 ms/op
WorkloadWarmup   2: 1 op, 53232517.00 ns, 53.2325 ms/op
WorkloadWarmup   3: 1 op, 63578894.00 ns, 63.5789 ms/op

// BeforeActualRun
WorkloadActual   1: 1 op, 57462769.00 ns, 57.4628 ms/op
WorkloadActual   2: 1 op, 50450253.00 ns, 50.4503 ms/op
WorkloadActual   3: 1 op, 53714144.00 ns, 53.7141 ms/op

// AfterActualRun
WorkloadResult   1: 1 op, 57462268.50 ns, 57.4623 ms/op
WorkloadResult   2: 1 op, 50449752.50 ns, 50.4498 ms/op
WorkloadResult   3: 1 op, 53713643.50 ns, 53.7136 ms/op
// GC:  0 0 0 700288 1
// Threading:  193 131 1
// Exceptions:  328

// AfterAll
// Benchmark Process 1623379 has exited with code 0.

Mean = 53.875 ms, StdErr = 2.026 ms (3.76%), N = 3, StdDev = 3.509 ms
Min = 50.450 ms, Q1 = 52.082 ms, Median = 53.714 ms, Q3 = 55.588 ms, Max = 57.462 ms
IQR = 3.506 ms, LowerFence = 46.822 ms, UpperFence = 60.847 ms
ConfidenceInterval = [-10.143 ms; 117.893 ms] (CI 99.9%), Margin = 64.018 ms (118.83% of Mean)
Skewness = 0.05, Kurtosis = 0.67, MValue = 2

// ** Remained 60 (60.6%) benchmark(s) to run. Estimated finish 2026-09-22 17:03 (0h 0m from now) **
// **************************
// Benchmark: SessionSetupDecompositionBenchmarks.StageT1_SessionTeardownInsideAsync: ShortRun(InvocationCount=1, IterationCount=3, LaunchCount=1, UnrollFactor=1, WarmupCount=3) [Sessions=100]
// *** Execute ***
// Launch: 1 / 1
// Execute: dotnet WinForward.Benchmarks-ShortRun-1.dll --anonymousPipes 123 125 --benchmarkName "WinForward.Benchmarks.Perf.SessionSetupDecompositionBenchmarks.StageT1_SessionTeardownInsideAsync(Sessions: 100)" --job ShortRun --benchmarkId 39 in /home/paff/Projects/WinForward/benchmarks/WinForward.Benchmarks/bin/Release/net10.0/WinForward.Benchmarks-ShortRun-1/bin/Release/net10.0
// Failed to set up high priority (Permission denied). In order to run benchmarks with high priority, make sure you have the right permissions.
// BeforeAnythingElse

// Benchmark Process Environment Information:
// BenchmarkDotNet v0.15.8
// Runtime=.NET 10.0.12 (10.0.12, 10.0.1226.42308), X64 RyuJIT x86-64-v4
// GC=Concurrent Workstation
// HardwareIntrinsics=AVX512 BITALG+VBMI2+VNNI+VPOPCNTDQ,AVX512 IFMA+VBMI,AVX512 F+BW+CD+DQ+VL,AVX2+BMI1+BMI2+F16C+FMA+LZCNT+MOVBE,AVX,SSE3+SSSE3+SSE4.1+SSE4.2+POPCNT,X86Base+SSE+SSE2,AES+PCLMUL,AvxVnni VectorSize=256
// Job: ShortRun(InvocationCount=1, IterationCount=3, LaunchCount=1, UnrollFactor=1, WarmupCount=3)

OverheadJitting  1: 1 op, 296185.00 ns, 296.1850 us/op
WorkloadJitting  1: 1 op, 50542543.00 ns, 50.5425 ms/op

OverheadWarmup   1: 1 op, 561.00 ns, 561.0000 ns/op
OverheadWarmup   2: 1 op, 511.00 ns, 511.0000 ns/op
OverheadWarmup   3: 1 op, 380.00 ns, 380.0000 ns/op
OverheadWarmup   4: 1 op, 511.00 ns, 511.0000 ns/op
OverheadWarmup   5: 1 op, 290.00 ns, 290.0000 ns/op
OverheadWarmup   6: 1 op, 281.00 ns, 281.0000 ns/op
OverheadWarmup   7: 1 op, 501.00 ns, 501.0000 ns/op
OverheadWarmup   8: 1 op, 280.00 ns, 280.0000 ns/op

OverheadActual   1: 1 op, 541.00 ns, 541.0000 ns/op
OverheadActual   2: 1 op, 541.00 ns, 541.0000 ns/op
OverheadActual   3: 1 op, 491.00 ns, 491.0000 ns/op
OverheadActual   4: 1 op, 461.00 ns, 461.0000 ns/op
OverheadActual   5: 1 op, 361.00 ns, 361.0000 ns/op
OverheadActual   6: 1 op, 541.00 ns, 541.0000 ns/op
OverheadActual   7: 1 op, 581.00 ns, 581.0000 ns/op
OverheadActual   8: 1 op, 551.00 ns, 551.0000 ns/op
OverheadActual   9: 1 op, 281.00 ns, 281.0000 ns/op
OverheadActual  10: 1 op, 572.00 ns, 572.0000 ns/op
OverheadActual  11: 1 op, 290.00 ns, 290.0000 ns/op
OverheadActual  12: 1 op, 281.00 ns, 281.0000 ns/op
OverheadActual  13: 1 op, 551.00 ns, 551.0000 ns/op
OverheadActual  14: 1 op, 951.00 ns, 951.0000 ns/op
OverheadActual  15: 1 op, 541.00 ns, 541.0000 ns/op
OverheadActual  16: 1 op, 301.00 ns, 301.0000 ns/op
OverheadActual  17: 1 op, 281.00 ns, 281.0000 ns/op
OverheadActual  18: 1 op, 311.00 ns, 311.0000 ns/op
OverheadActual  19: 1 op, 280.00 ns, 280.0000 ns/op
OverheadActual  20: 1 op, 431.00 ns, 431.0000 ns/op

WorkloadWarmup   1: 1 op, 5695250.00 ns, 5.6953 ms/op
WorkloadWarmup   2: 1 op, 6880540.00 ns, 6.8805 ms/op
WorkloadWarmup   3: 1 op, 7888944.00 ns, 7.8889 ms/op

// BeforeActualRun
WorkloadActual   1: 1 op, 9460964.00 ns, 9.4610 ms/op
WorkloadActual   2: 1 op, 6464366.00 ns, 6.4644 ms/op
WorkloadActual   3: 1 op, 3267970.00 ns, 3.2680 ms/op

// AfterActualRun
WorkloadResult   1: 1 op, 9460488.00 ns, 9.4605 ms/op
WorkloadResult   2: 1 op, 6463890.00 ns, 6.4639 ms/op
WorkloadResult   3: 1 op, 3267494.00 ns, 3.2675 ms/op
// GC:  0 0 0 448280 1
// Threading:  100 0 1
// Exceptions:  200

// AfterAll
// Benchmark Process 1623953 has exited with code 0.

Mean = 6.397 ms, StdErr = 1.788 ms (27.95%), N = 3, StdDev = 3.097 ms
Min = 3.267 ms, Q1 = 4.866 ms, Median = 6.464 ms, Q3 = 7.962 ms, Max = 9.460 ms
IQR = 3.096 ms, LowerFence = 0.221 ms, UpperFence = 12.607 ms
ConfidenceInterval = [-50.104 ms; 62.899 ms] (CI 99.9%), Margin = 56.501 ms (883.21% of Mean)
Skewness = -0.02, Kurtosis = 0.67, MValue = 2

// ** Remained 59 (59.6%) benchmark(s) to run. Estimated finish 2026-09-22 17:03 (0h 0m from now) **
// **************************
// Benchmark: SessionSetupDecompositionBenchmarks.StageT3_ExpiryRetireInsideAsync: ShortRun(InvocationCount=1, IterationCount=3, LaunchCount=1, UnrollFactor=1, WarmupCount=3) [Sessions=100]
// *** Execute ***
// Launch: 1 / 1
// Execute: dotnet WinForward.Benchmarks-ShortRun-1.dll --anonymousPipes 123 125 --benchmarkName "WinForward.Benchmarks.Perf.SessionSetupDecompositionBenchmarks.StageT3_ExpiryRetireInsideAsync(Sessions: 100)" --job ShortRun --benchmarkId 40 in /home/paff/Projects/WinForward/benchmarks/WinForward.Benchmarks/bin/Release/net10.0/WinForward.Benchmarks-ShortRun-1/bin/Release/net10.0
// Failed to set up high priority (Permission denied). In order to run benchmarks with high priority, make sure you have the right permissions.
// BeforeAnythingElse

// Benchmark Process Environment Information:
// BenchmarkDotNet v0.15.8
// Runtime=.NET 10.0.12 (10.0.12, 10.0.1226.42308), X64 RyuJIT x86-64-v4
// GC=Concurrent Workstation
// HardwareIntrinsics=AVX512 BITALG+VBMI2+VNNI+VPOPCNTDQ,AVX512 IFMA+VBMI,AVX512 F+BW+CD+DQ+VL,AVX2+BMI1+BMI2+F16C+FMA+LZCNT+MOVBE,AVX,SSE3+SSSE3+SSE4.1+SSE4.2+POPCNT,X86Base+SSE+SSE2,AES+PCLMUL,AvxVnni VectorSize=256
// Job: ShortRun(InvocationCount=1, IterationCount=3, LaunchCount=1, UnrollFactor=1, WarmupCount=3)

OverheadJitting  1: 1 op, 270238.00 ns, 270.2380 us/op
WorkloadJitting  1: 1 op, 135815722.00 ns, 135.8157 ms/op

OverheadWarmup   1: 1 op, 551.00 ns, 551.0000 ns/op
OverheadWarmup   2: 1 op, 421.00 ns, 421.0000 ns/op
OverheadWarmup   3: 1 op, 470.00 ns, 470.0000 ns/op
OverheadWarmup   4: 1 op, 451.00 ns, 451.0000 ns/op
OverheadWarmup   5: 1 op, 441.00 ns, 441.0000 ns/op
OverheadWarmup   6: 1 op, 441.00 ns, 441.0000 ns/op
OverheadWarmup   7: 1 op, 421.00 ns, 421.0000 ns/op

OverheadActual   1: 1 op, 411.00 ns, 411.0000 ns/op
OverheadActual   2: 1 op, 470.00 ns, 470.0000 ns/op
OverheadActual   3: 1 op, 451.00 ns, 451.0000 ns/op
OverheadActual   4: 1 op, 491.00 ns, 491.0000 ns/op
OverheadActual   5: 1 op, 511.00 ns, 511.0000 ns/op
OverheadActual   6: 1 op, 461.00 ns, 461.0000 ns/op
OverheadActual   7: 1 op, 431.00 ns, 431.0000 ns/op
OverheadActual   8: 1 op, 450.00 ns, 450.0000 ns/op
OverheadActual   9: 1 op, 431.00 ns, 431.0000 ns/op
OverheadActual  10: 1 op, 451.00 ns, 451.0000 ns/op
OverheadActual  11: 1 op, 401.00 ns, 401.0000 ns/op
OverheadActual  12: 1 op, 531.00 ns, 531.0000 ns/op
OverheadActual  13: 1 op, 440.00 ns, 440.0000 ns/op
OverheadActual  14: 1 op, 441.00 ns, 441.0000 ns/op
OverheadActual  15: 1 op, 601.00 ns, 601.0000 ns/op
OverheadActual  16: 1 op, 631.00 ns, 631.0000 ns/op
OverheadActual  17: 1 op, 321.00 ns, 321.0000 ns/op
OverheadActual  18: 1 op, 491.00 ns, 491.0000 ns/op
OverheadActual  19: 1 op, 401.00 ns, 401.0000 ns/op
OverheadActual  20: 1 op, 461.00 ns, 461.0000 ns/op

WorkloadWarmup   1: 1 op, 54097237.00 ns, 54.0972 ms/op
WorkloadWarmup   2: 1 op, 49118584.00 ns, 49.1186 ms/op
WorkloadWarmup   3: 1 op, 53788269.00 ns, 53.7883 ms/op

// BeforeActualRun
WorkloadActual   1: 1 op, 50145075.00 ns, 50.1451 ms/op
WorkloadActual   2: 1 op, 55003054.00 ns, 55.0031 ms/op
WorkloadActual   3: 1 op, 51416170.00 ns, 51.4162 ms/op

// AfterActualRun
WorkloadResult   1: 1 op, 50144624.00 ns, 50.1446 ms/op
WorkloadResult   2: 1 op, 55002603.00 ns, 55.0026 ms/op
WorkloadResult   3: 1 op, 51415719.00 ns, 51.4157 ms/op
// GC:  0 0 0 667360 1
// Threading:  192 55 1
// Exceptions:  200

// AfterAll
// Benchmark Process 1623969 has exited with code 0.

Mean = 52.188 ms, StdErr = 1.455 ms (2.79%), N = 3, StdDev = 2.519 ms
Min = 50.145 ms, Q1 = 50.780 ms, Median = 51.416 ms, Q3 = 53.209 ms, Max = 55.003 ms
IQR = 2.429 ms, LowerFence = 47.137 ms, UpperFence = 56.853 ms
ConfidenceInterval = [6.226 ms; 98.149 ms] (CI 99.9%), Margin = 45.961 ms (88.07% of Mean)
Skewness = 0.28, Kurtosis = 0.67, MValue = 2

// ** Remained 58 (58.6%) benchmark(s) to run. Estimated finish 2026-09-22 17:04 (0h 0m from now) **
// **************************
// Benchmark: SessionSetupDecompositionBenchmarks.StageT5_NonThrowingParkTeardownAsync: ShortRun(InvocationCount=1, IterationCount=3, LaunchCount=1, UnrollFactor=1, WarmupCount=3) [Sessions=100]
// *** Execute ***
// Launch: 1 / 1
// Execute: dotnet WinForward.Benchmarks-ShortRun-1.dll --anonymousPipes 123 125 --benchmarkName "WinForward.Benchmarks.Perf.SessionSetupDecompositionBenchmarks.StageT5_NonThrowingParkTeardownAsync(Sessions: 100)" --job ShortRun --benchmarkId 41 in /home/paff/Projects/WinForward/benchmarks/WinForward.Benchmarks/bin/Release/net10.0/WinForward.Benchmarks-ShortRun-1/bin/Release/net10.0
// Failed to set up high priority (Permission denied). In order to run benchmarks with high priority, make sure you have the right permissions.
// BeforeAnythingElse

// Benchmark Process Environment Information:
// BenchmarkDotNet v0.15.8
// Runtime=.NET 10.0.12 (10.0.12, 10.0.1226.42308), X64 RyuJIT x86-64-v4
// GC=Concurrent Workstation
// HardwareIntrinsics=AVX512 BITALG+VBMI2+VNNI+VPOPCNTDQ,AVX512 IFMA+VBMI,AVX512 F+BW+CD+DQ+VL,AVX2+BMI1+BMI2+F16C+FMA+LZCNT+MOVBE,AVX,SSE3+SSSE3+SSE4.1+SSE4.2+POPCNT,X86Base+SSE+SSE2,AES+PCLMUL,AvxVnni VectorSize=256
// Job: ShortRun(InvocationCount=1, IterationCount=3, LaunchCount=1, UnrollFactor=1, WarmupCount=3)

OverheadJitting  1: 1 op, 381813.00 ns, 381.8130 us/op
WorkloadJitting  1: 1 op, 48383685.00 ns, 48.3837 ms/op

OverheadWarmup   1: 1 op, 641.00 ns, 641.0000 ns/op
OverheadWarmup   2: 1 op, 501.00 ns, 501.0000 ns/op
OverheadWarmup   3: 1 op, 541.00 ns, 541.0000 ns/op
OverheadWarmup   4: 1 op, 481.00 ns, 481.0000 ns/op
OverheadWarmup   5: 1 op, 511.00 ns, 511.0000 ns/op
OverheadWarmup   6: 1 op, 992.00 ns, 992.0000 ns/op
OverheadWarmup   7: 1 op, 250.00 ns, 250.0000 ns/op

OverheadActual   1: 1 op, 681.00 ns, 681.0000 ns/op
OverheadActual   2: 1 op, 511.00 ns, 511.0000 ns/op
OverheadActual   3: 1 op, 511.00 ns, 511.0000 ns/op
OverheadActual   4: 1 op, 441.00 ns, 441.0000 ns/op
OverheadActual   5: 1 op, 551.00 ns, 551.0000 ns/op
OverheadActual   6: 1 op, 501.00 ns, 501.0000 ns/op
OverheadActual   7: 1 op, 271.00 ns, 271.0000 ns/op
OverheadActual   8: 1 op, 571.00 ns, 571.0000 ns/op
OverheadActual   9: 1 op, 270.00 ns, 270.0000 ns/op
OverheadActual  10: 1 op, 360.00 ns, 360.0000 ns/op
OverheadActual  11: 1 op, 250.00 ns, 250.0000 ns/op
OverheadActual  12: 1 op, 561.00 ns, 561.0000 ns/op
OverheadActual  13: 1 op, 260.00 ns, 260.0000 ns/op
OverheadActual  14: 1 op, 271.00 ns, 271.0000 ns/op
OverheadActual  15: 1 op, 531.00 ns, 531.0000 ns/op
OverheadActual  16: 1 op, 281.00 ns, 281.0000 ns/op
OverheadActual  17: 1 op, 260.00 ns, 260.0000 ns/op
OverheadActual  18: 1 op, 461.00 ns, 461.0000 ns/op
OverheadActual  19: 1 op, 350.00 ns, 350.0000 ns/op
OverheadActual  20: 1 op, 281.00 ns, 281.0000 ns/op

WorkloadWarmup   1: 1 op, 4385566.00 ns, 4.3856 ms/op
WorkloadWarmup   2: 1 op, 2161193.00 ns, 2.1612 ms/op
WorkloadWarmup   3: 1 op, 1750747.00 ns, 1.7507 ms/op

// BeforeActualRun
WorkloadActual   1: 1 op, 1802069.00 ns, 1.8021 ms/op
WorkloadActual   2: 1 op, 1313860.00 ns, 1.3139 ms/op
WorkloadActual   3: 1 op, 1258653.00 ns, 1.2587 ms/op

// AfterActualRun
WorkloadResult   1: 1 op, 1801668.50 ns, 1.8017 ms/op
WorkloadResult   2: 1 op, 1313459.50 ns, 1.3135 ms/op
WorkloadResult   3: 1 op, 1258252.50 ns, 1.2583 ms/op
// GC:  0 0 0 318800 1
// Threading:  215 0 1

// AfterAll
// Benchmark Process 1624515 has exited with code 0.

Mean = 1.458 ms, StdErr = 0.173 ms (11.84%), N = 3, StdDev = 0.299 ms
Min = 1.258 ms, Q1 = 1.286 ms, Median = 1.313 ms, Q3 = 1.558 ms, Max = 1.802 ms
IQR = 0.272 ms, LowerFence = 0.878 ms, UpperFence = 1.965 ms
ConfidenceInterval = [-3.999 ms; 6.914 ms] (CI 99.9%), Margin = 5.456 ms (374.29% of Mean)
Skewness = 0.37, Kurtosis = 0.67, MValue = 2

// ** Remained 57 (57.6%) benchmark(s) to run. Estimated finish 2026-09-22 17:03 (0h 0m from now) **
// **************************
// Benchmark: SessionSetupDecompositionBenchmarks.BaselineF_FakeTransportCreationAsync: ShortRun(InvocationCount=1, IterationCount=3, LaunchCount=1, UnrollFactor=1, WarmupCount=3) [Sessions=100]
// *** Execute ***
// Launch: 1 / 1
// Execute: dotnet WinForward.Benchmarks-ShortRun-1.dll --anonymousPipes 123 125 --benchmarkName "WinForward.Benchmarks.Perf.SessionSetupDecompositionBenchmarks.BaselineF_FakeTransportCreationAsync(Sessions: 100)" --job ShortRun --benchmarkId 42 in /home/paff/Projects/WinForward/benchmarks/WinForward.Benchmarks/bin/Release/net10.0/WinForward.Benchmarks-ShortRun-1/bin/Release/net10.0
// Failed to set up high priority (Permission denied). In order to run benchmarks with high priority, make sure you have the right permissions.
// BeforeAnythingElse

// Benchmark Process Environment Information:
// BenchmarkDotNet v0.15.8
// Runtime=.NET 10.0.12 (10.0.12, 10.0.1226.42308), X64 RyuJIT x86-64-v4
// GC=Concurrent Workstation
// HardwareIntrinsics=AVX512 BITALG+VBMI2+VNNI+VPOPCNTDQ,AVX512 IFMA+VBMI,AVX512 F+BW+CD+DQ+VL,AVX2+BMI1+BMI2+F16C+FMA+LZCNT+MOVBE,AVX,SSE3+SSSE3+SSE4.1+SSE4.2+POPCNT,X86Base+SSE+SSE2,AES+PCLMUL,AvxVnni VectorSize=256
// Job: ShortRun(InvocationCount=1, IterationCount=3, LaunchCount=1, UnrollFactor=1, WarmupCount=3)

OverheadJitting  1: 1 op, 358681.00 ns, 358.6810 us/op
WorkloadJitting  1: 1 op, 6040428.00 ns, 6.0404 ms/op

OverheadWarmup   1: 1 op, 761.00 ns, 761.0000 ns/op
OverheadWarmup   2: 1 op, 421.00 ns, 421.0000 ns/op
OverheadWarmup   3: 1 op, 360.00 ns, 360.0000 ns/op
OverheadWarmup   4: 1 op, 571.00 ns, 571.0000 ns/op
OverheadWarmup   5: 1 op, 521.00 ns, 521.0000 ns/op
OverheadWarmup   6: 1 op, 450.00 ns, 450.0000 ns/op
OverheadWarmup   7: 1 op, 501.00 ns, 501.0000 ns/op
OverheadWarmup   8: 1 op, 461.00 ns, 461.0000 ns/op

OverheadActual   1: 1 op, 541.00 ns, 541.0000 ns/op
OverheadActual   2: 1 op, 571.00 ns, 571.0000 ns/op
OverheadActual   3: 1 op, 500.00 ns, 500.0000 ns/op
OverheadActual   4: 1 op, 471.00 ns, 471.0000 ns/op
OverheadActual   5: 1 op, 500.00 ns, 500.0000 ns/op
OverheadActual   6: 1 op, 821.00 ns, 821.0000 ns/op
OverheadActual   7: 1 op, 531.00 ns, 531.0000 ns/op
OverheadActual   8: 1 op, 531.00 ns, 531.0000 ns/op
OverheadActual   9: 1 op, 491.00 ns, 491.0000 ns/op
OverheadActual  10: 1 op, 531.00 ns, 531.0000 ns/op
OverheadActual  11: 1 op, 491.00 ns, 491.0000 ns/op
OverheadActual  12: 1 op, 601.00 ns, 601.0000 ns/op
OverheadActual  13: 1 op, 742.00 ns, 742.0000 ns/op
OverheadActual  14: 1 op, 521.00 ns, 521.0000 ns/op
OverheadActual  15: 1 op, 501.00 ns, 501.0000 ns/op
OverheadActual  16: 1 op, 551.00 ns, 551.0000 ns/op
OverheadActual  17: 1 op, 491.00 ns, 491.0000 ns/op
OverheadActual  18: 1 op, 551.00 ns, 551.0000 ns/op
OverheadActual  19: 1 op, 501.00 ns, 501.0000 ns/op
OverheadActual  20: 1 op, 360.00 ns, 360.0000 ns/op

WorkloadWarmup   1: 1 op, 55733.00 ns, 55.7330 us/op
WorkloadWarmup   2: 1 op, 23062.00 ns, 23.0620 us/op
WorkloadWarmup   3: 1 op, 20257.00 ns, 20.2570 us/op

// BeforeActualRun
WorkloadActual   1: 1 op, 60842.00 ns, 60.8420 us/op
WorkloadActual   2: 1 op, 20498.00 ns, 20.4980 us/op
WorkloadActual   3: 1 op, 20277.00 ns, 20.2770 us/op

// AfterActualRun
WorkloadResult   1: 1 op, 60316.00 ns, 60.3160 us/op
WorkloadResult   2: 1 op, 19972.00 ns, 19.9720 us/op
WorkloadResult   3: 1 op, 19751.00 ns, 19.7510 us/op
// GC:  0 0 0 10432 1
// Threading:  0 0 1

// AfterAll
// Benchmark Process 1624531 has exited with code 0.

Mean = 33.346 us, StdErr = 13.485 us (40.44%), N = 3, StdDev = 23.357 us
Min = 19.751 us, Q1 = 19.861 us, Median = 19.972 us, Q3 = 40.144 us, Max = 60.316 us
IQR = 20.282 us, LowerFence = -10.562 us, UpperFence = 70.568 us
ConfidenceInterval = [-392.766 us; 459.459 us] (CI 99.9%), Margin = 426.113 us (1277.84% of Mean)
Skewness = 0.38, Kurtosis = 0.67, MValue = 2

// ** Remained 56 (56.6%) benchmark(s) to run. Estimated finish 2026-09-22 17:03 (0h 0m from now) **
// **************************
// Benchmark: SessionSetupDecompositionBenchmarks.BaselineH_FlowKeyConstruction: ShortRun(InvocationCount=1, IterationCount=3, LaunchCount=1, UnrollFactor=1, WarmupCount=3) [Sessions=100]
// *** Execute ***
// Launch: 1 / 1
// Execute: dotnet WinForward.Benchmarks-ShortRun-1.dll --anonymousPipes 123 125 --benchmarkName "WinForward.Benchmarks.Perf.SessionSetupDecompositionBenchmarks.BaselineH_FlowKeyConstruction(Sessions: 100)" --job ShortRun --benchmarkId 43 in /home/paff/Projects/WinForward/benchmarks/WinForward.Benchmarks/bin/Release/net10.0/WinForward.Benchmarks-ShortRun-1/bin/Release/net10.0
// Failed to set up high priority (Permission denied). In order to run benchmarks with high priority, make sure you have the right permissions.
// BeforeAnythingElse

// Benchmark Process Environment Information:
// BenchmarkDotNet v0.15.8
// Runtime=.NET 10.0.12 (10.0.12, 10.0.1226.42308), X64 RyuJIT x86-64-v4
// GC=Concurrent Workstation
// HardwareIntrinsics=AVX512 BITALG+VBMI2+VNNI+VPOPCNTDQ,AVX512 IFMA+VBMI,AVX512 F+BW+CD+DQ+VL,AVX2+BMI1+BMI2+F16C+FMA+LZCNT+MOVBE,AVX,SSE3+SSSE3+SSE4.1+SSE4.2+POPCNT,X86Base+SSE+SSE2,AES+PCLMUL,AvxVnni VectorSize=256
// Job: ShortRun(InvocationCount=1, IterationCount=3, LaunchCount=1, UnrollFactor=1, WarmupCount=3)

OverheadJitting  1: 1 op, 287049.00 ns, 287.0490 us/op
WorkloadJitting  1: 1 op, 6708186.00 ns, 6.7082 ms/op

OverheadWarmup   1: 1 op, 461.00 ns, 461.0000 ns/op
OverheadWarmup   2: 1 op, 410.00 ns, 410.0000 ns/op
OverheadWarmup   3: 1 op, 401.00 ns, 401.0000 ns/op
OverheadWarmup   4: 1 op, 280.00 ns, 280.0000 ns/op
OverheadWarmup   5: 1 op, 501.00 ns, 501.0000 ns/op
OverheadWarmup   6: 1 op, 451.00 ns, 451.0000 ns/op
OverheadWarmup   7: 1 op, 1262.00 ns, 1.2620 us/op
OverheadWarmup   8: 1 op, 281.00 ns, 281.0000 ns/op

OverheadActual   1: 1 op, 441.00 ns, 441.0000 ns/op
OverheadActual   2: 1 op, 491.00 ns, 491.0000 ns/op
OverheadActual   3: 1 op, 440.00 ns, 440.0000 ns/op
OverheadActual   4: 1 op, 411.00 ns, 411.0000 ns/op
OverheadActual   5: 1 op, 491.00 ns, 491.0000 ns/op
OverheadActual   6: 1 op, 511.00 ns, 511.0000 ns/op
OverheadActual   7: 1 op, 471.00 ns, 471.0000 ns/op
OverheadActual   8: 1 op, 511.00 ns, 511.0000 ns/op
OverheadActual   9: 1 op, 381.00 ns, 381.0000 ns/op
OverheadActual  10: 1 op, 391.00 ns, 391.0000 ns/op
OverheadActual  11: 1 op, 411.00 ns, 411.0000 ns/op
OverheadActual  12: 1 op, 381.00 ns, 381.0000 ns/op
OverheadActual  13: 1 op, 401.00 ns, 401.0000 ns/op
OverheadActual  14: 1 op, 501.00 ns, 501.0000 ns/op
OverheadActual  15: 1 op, 370.00 ns, 370.0000 ns/op
OverheadActual  16: 1 op, 270.00 ns, 270.0000 ns/op
OverheadActual  17: 1 op, 511.00 ns, 511.0000 ns/op
OverheadActual  18: 1 op, 381.00 ns, 381.0000 ns/op
OverheadActual  19: 1 op, 430.00 ns, 430.0000 ns/op
OverheadActual  20: 1 op, 431.00 ns, 431.0000 ns/op

WorkloadWarmup   1: 1 op, 186994.00 ns, 186.9940 us/op
WorkloadWarmup   2: 1 op, 81250.00 ns, 81.2500 us/op
WorkloadWarmup   3: 1 op, 73596.00 ns, 73.5960 us/op

// BeforeActualRun
WorkloadActual   1: 1 op, 116485.00 ns, 116.4850 us/op
WorkloadActual   2: 1 op, 79195.00 ns, 79.1950 us/op
WorkloadActual   3: 1 op, 70079.00 ns, 70.0790 us/op

// AfterActualRun
WorkloadResult   1: 1 op, 116054.50 ns, 116.0545 us/op
WorkloadResult   2: 1 op, 78764.50 ns, 78.7645 us/op
WorkloadResult   3: 1 op, 69648.50 ns, 69.6485 us/op
// GC:  0 0 0 35200 1
// Threading:  0 0 1

// AfterAll
// Benchmark Process 1624542 has exited with code 0.

Mean = 88.156 us, StdErr = 14.195 us (16.10%), N = 3, StdDev = 24.587 us
Min = 69.648 us, Q1 = 74.207 us, Median = 78.764 us, Q3 = 97.409 us, Max = 116.055 us
IQR = 23.203 us, LowerFence = 39.402 us, UpperFence = 132.214 us
ConfidenceInterval = [-360.405 us; 536.717 us] (CI 99.9%), Margin = 448.561 us (508.83% of Mean)
Skewness = 0.33, Kurtosis = 0.67, MValue = 2

// ** Remained 55 (55.6%) benchmark(s) to run. Estimated finish 2026-09-22 17:03 (0h 0m from now) **
// **************************
// Benchmark: SessionSetupDecompositionBenchmarks.ComponentC1_AssociationClaimRelease: ShortRun(InvocationCount=1, IterationCount=3, LaunchCount=1, UnrollFactor=1, WarmupCount=3) [Sessions=100]
// *** Execute ***
// Launch: 1 / 1
// Execute: dotnet WinForward.Benchmarks-ShortRun-1.dll --anonymousPipes 123 125 --benchmarkName "WinForward.Benchmarks.Perf.SessionSetupDecompositionBenchmarks.ComponentC1_AssociationClaimRelease(Sessions: 100)" --job ShortRun --benchmarkId 44 in /home/paff/Projects/WinForward/benchmarks/WinForward.Benchmarks/bin/Release/net10.0/WinForward.Benchmarks-ShortRun-1/bin/Release/net10.0
// Failed to set up high priority (Permission denied). In order to run benchmarks with high priority, make sure you have the right permissions.
// BeforeAnythingElse

// Benchmark Process Environment Information:
// BenchmarkDotNet v0.15.8
// Runtime=.NET 10.0.12 (10.0.12, 10.0.1226.42308), X64 RyuJIT x86-64-v4
// GC=Concurrent Workstation
// HardwareIntrinsics=AVX512 BITALG+VBMI2+VNNI+VPOPCNTDQ,AVX512 IFMA+VBMI,AVX512 F+BW+CD+DQ+VL,AVX2+BMI1+BMI2+F16C+FMA+LZCNT+MOVBE,AVX,SSE3+SSSE3+SSE4.1+SSE4.2+POPCNT,X86Base+SSE+SSE2,AES+PCLMUL,AvxVnni VectorSize=256
// Job: ShortRun(InvocationCount=1, IterationCount=3, LaunchCount=1, UnrollFactor=1, WarmupCount=3)

OverheadJitting  1: 1 op, 398975.00 ns, 398.9750 us/op
WorkloadJitting  1: 1 op, 17678932.00 ns, 17.6789 ms/op

OverheadWarmup   1: 1 op, 631.00 ns, 631.0000 ns/op
OverheadWarmup   2: 1 op, 591.00 ns, 591.0000 ns/op
OverheadWarmup   3: 1 op, 571.00 ns, 571.0000 ns/op
OverheadWarmup   4: 1 op, 440.00 ns, 440.0000 ns/op
OverheadWarmup   5: 1 op, 341.00 ns, 341.0000 ns/op
OverheadWarmup   6: 1 op, 271.00 ns, 271.0000 ns/op
OverheadWarmup   7: 1 op, 270.00 ns, 270.0000 ns/op
OverheadWarmup   8: 1 op, 271.00 ns, 271.0000 ns/op
OverheadWarmup   9: 1 op, 571.00 ns, 571.0000 ns/op
OverheadWarmup  10: 1 op, 471.00 ns, 471.0000 ns/op

OverheadActual   1: 1 op, 410.00 ns, 410.0000 ns/op
OverheadActual   2: 1 op, 401.00 ns, 401.0000 ns/op
OverheadActual   3: 1 op, 381.00 ns, 381.0000 ns/op
OverheadActual   4: 1 op, 481.00 ns, 481.0000 ns/op
OverheadActual   5: 1 op, 411.00 ns, 411.0000 ns/op
OverheadActual   6: 1 op, 491.00 ns, 491.0000 ns/op
OverheadActual   7: 1 op, 380.00 ns, 380.0000 ns/op
OverheadActual   8: 1 op, 360.00 ns, 360.0000 ns/op
OverheadActual   9: 1 op, 381.00 ns, 381.0000 ns/op
OverheadActual  10: 1 op, 380.00 ns, 380.0000 ns/op
OverheadActual  11: 1 op, 341.00 ns, 341.0000 ns/op
OverheadActual  12: 1 op, 420.00 ns, 420.0000 ns/op
OverheadActual  13: 1 op, 391.00 ns, 391.0000 ns/op
OverheadActual  14: 1 op, 451.00 ns, 451.0000 ns/op
OverheadActual  15: 1 op, 270.00 ns, 270.0000 ns/op
OverheadActual  16: 1 op, 341.00 ns, 341.0000 ns/op
OverheadActual  17: 1 op, 271.00 ns, 271.0000 ns/op
OverheadActual  18: 1 op, 421.00 ns, 421.0000 ns/op
OverheadActual  19: 1 op, 351.00 ns, 351.0000 ns/op
OverheadActual  20: 1 op, 331.00 ns, 331.0000 ns/op

WorkloadWarmup   1: 1 op, 422167.00 ns, 422.1670 us/op
WorkloadWarmup   2: 1 op, 367056.00 ns, 367.0560 us/op
WorkloadWarmup   3: 1 op, 487299.00 ns, 487.2990 us/op

// BeforeActualRun
WorkloadActual   1: 1 op, 548841.00 ns, 548.8410 us/op
WorkloadActual   2: 1 op, 387183.00 ns, 387.1830 us/op
WorkloadActual   3: 1 op, 311724.00 ns, 311.7240 us/op

// AfterActualRun
WorkloadResult   1: 1 op, 548460.00 ns, 548.4600 us/op
WorkloadResult   2: 1 op, 386802.00 ns, 386.8020 us/op
WorkloadResult   3: 1 op, 311343.00 ns, 311.3430 us/op
// GC:  0 0 0 82800 1
// Threading:  0 0 1

// AfterAll
// Benchmark Process 1624552 has exited with code 0.

Mean = 415.535 us, StdErr = 69.941 us (16.83%), N = 3, StdDev = 121.142 us
Min = 311.343 us, Q1 = 349.072 us, Median = 386.802 us, Q3 = 467.631 us, Max = 548.460 us
IQR = 118.558 us, LowerFence = 171.235 us, UpperFence = 645.469 us
ConfidenceInterval = [-1,794.540 us; 2,625.610 us] (CI 99.9%), Margin = 2,210.075 us (531.86% of Mean)
Skewness = 0.22, Kurtosis = 0.67, MValue = 2

// ** Remained 54 (54.5%) benchmark(s) to run. Estimated finish 2026-09-22 17:03 (0h 0m from now) **
// **************************
// Benchmark: SessionSetupDecompositionBenchmarks.ComponentC2_SessionConstructStartAsync: ShortRun(InvocationCount=1, IterationCount=3, LaunchCount=1, UnrollFactor=1, WarmupCount=3) [Sessions=100]
// *** Execute ***
// Launch: 1 / 1
// Execute: dotnet WinForward.Benchmarks-ShortRun-1.dll --anonymousPipes 123 125 --benchmarkName "WinForward.Benchmarks.Perf.SessionSetupDecompositionBenchmarks.ComponentC2_SessionConstructStartAsync(Sessions: 100)" --job ShortRun --benchmarkId 45 in /home/paff/Projects/WinForward/benchmarks/WinForward.Benchmarks/bin/Release/net10.0/WinForward.Benchmarks-ShortRun-1/bin/Release/net10.0
// Failed to set up high priority (Permission denied). In order to run benchmarks with high priority, make sure you have the right permissions.
// BeforeAnythingElse

// Benchmark Process Environment Information:
// BenchmarkDotNet v0.15.8
// Runtime=.NET 10.0.12 (10.0.12, 10.0.1226.42308), X64 RyuJIT x86-64-v4
// GC=Concurrent Workstation
// HardwareIntrinsics=AVX512 BITALG+VBMI2+VNNI+VPOPCNTDQ,AVX512 IFMA+VBMI,AVX512 F+BW+CD+DQ+VL,AVX2+BMI1+BMI2+F16C+FMA+LZCNT+MOVBE,AVX,SSE3+SSSE3+SSE4.1+SSE4.2+POPCNT,X86Base+SSE+SSE2,AES+PCLMUL,AvxVnni VectorSize=256
// Job: ShortRun(InvocationCount=1, IterationCount=3, LaunchCount=1, UnrollFactor=1, WarmupCount=3)

OverheadJitting  1: 1 op, 281679.00 ns, 281.6790 us/op
WorkloadJitting  1: 1 op, 28686455.00 ns, 28.6865 ms/op

OverheadWarmup   1: 1 op, 541.00 ns, 541.0000 ns/op
OverheadWarmup   2: 1 op, 301.00 ns, 301.0000 ns/op
OverheadWarmup   3: 1 op, 280.00 ns, 280.0000 ns/op
OverheadWarmup   4: 1 op, 521.00 ns, 521.0000 ns/op
OverheadWarmup   5: 1 op, 320.00 ns, 320.0000 ns/op
OverheadWarmup   6: 1 op, 360.00 ns, 360.0000 ns/op
OverheadWarmup   7: 1 op, 361.00 ns, 361.0000 ns/op
OverheadWarmup   8: 1 op, 340.00 ns, 340.0000 ns/op

OverheadActual   1: 1 op, 491.00 ns, 491.0000 ns/op
OverheadActual   2: 1 op, 450.00 ns, 450.0000 ns/op
OverheadActual   3: 1 op, 411.00 ns, 411.0000 ns/op
OverheadActual   4: 1 op, 421.00 ns, 421.0000 ns/op
OverheadActual   5: 1 op, 491.00 ns, 491.0000 ns/op
OverheadActual   6: 1 op, 511.00 ns, 511.0000 ns/op
OverheadActual   7: 1 op, 481.00 ns, 481.0000 ns/op
OverheadActual   8: 1 op, 551.00 ns, 551.0000 ns/op
OverheadActual   9: 1 op, 310.00 ns, 310.0000 ns/op
OverheadActual  10: 1 op, 411.00 ns, 411.0000 ns/op
OverheadActual  11: 1 op, 330.00 ns, 330.0000 ns/op
OverheadActual  12: 1 op, 521.00 ns, 521.0000 ns/op
OverheadActual  13: 1 op, 270.00 ns, 270.0000 ns/op
OverheadActual  14: 1 op, 500.00 ns, 500.0000 ns/op
OverheadActual  15: 1 op, 471.00 ns, 471.0000 ns/op
OverheadActual  16: 1 op, 1082.00 ns, 1.0820 us/op
OverheadActual  17: 1 op, 320.00 ns, 320.0000 ns/op
OverheadActual  18: 1 op, 391.00 ns, 391.0000 ns/op
OverheadActual  19: 1 op, 290.00 ns, 290.0000 ns/op
OverheadActual  20: 1 op, 361.00 ns, 361.0000 ns/op

WorkloadWarmup   1: 1 op, 724574.00 ns, 724.5740 us/op
WorkloadWarmup   2: 1 op, 365784.00 ns, 365.7840 us/op
WorkloadWarmup   3: 1 op, 346869.00 ns, 346.8690 us/op

// BeforeActualRun
WorkloadActual   1: 1 op, 603562.00 ns, 603.5620 us/op
WorkloadActual   2: 1 op, 369871.00 ns, 369.8710 us/op
WorkloadActual   3: 1 op, 441092.00 ns, 441.0920 us/op

// AfterActualRun
WorkloadResult   1: 1 op, 603126.50 ns, 603.1265 us/op
WorkloadResult   2: 1 op, 369435.50 ns, 369.4355 us/op
WorkloadResult   3: 1 op, 440656.50 ns, 440.6565 us/op
// GC:  0 0 0 235848 1
// Threading:  0 0 1

// AfterAll
// Benchmark Process 1624561 has exited with code 0.

Mean = 471.073 us, StdErr = 69.154 us (14.68%), N = 3, StdDev = 119.778 us
Min = 369.435 us, Q1 = 405.046 us, Median = 440.656 us, Q3 = 521.891 us, Max = 603.126 us
IQR = 116.846 us, LowerFence = 229.778 us, UpperFence = 697.160 us
ConfidenceInterval = [-1,714.121 us; 2,656.267 us] (CI 99.9%), Margin = 2,185.194 us (463.88% of Mean)
Skewness = 0.24, Kurtosis = 0.67, MValue = 2

// ** Remained 53 (53.5%) benchmark(s) to run. Estimated finish 2026-09-22 17:03 (0h 0m from now) **
// **************************
// Benchmark: SessionSetupDecompositionBenchmarks.ComponentC2a1_ContextRecordStaticLambda: ShortRun(InvocationCount=1, IterationCount=3, LaunchCount=1, UnrollFactor=1, WarmupCount=3) [Sessions=100]
// *** Execute ***
// Launch: 1 / 1
// Execute: dotnet WinForward.Benchmarks-ShortRun-1.dll --anonymousPipes 123 125 --benchmarkName "WinForward.Benchmarks.Perf.SessionSetupDecompositionBenchmarks.ComponentC2a1_ContextRecordStaticLambda(Sessions: 100)" --job ShortRun --benchmarkId 46 in /home/paff/Projects/WinForward/benchmarks/WinForward.Benchmarks/bin/Release/net10.0/WinForward.Benchmarks-ShortRun-1/bin/Release/net10.0
// Failed to set up high priority (Permission denied). In order to run benchmarks with high priority, make sure you have the right permissions.
// BeforeAnythingElse

// Benchmark Process Environment Information:
// BenchmarkDotNet v0.15.8
// Runtime=.NET 10.0.12 (10.0.12, 10.0.1226.42308), X64 RyuJIT x86-64-v4
// GC=Concurrent Workstation
// HardwareIntrinsics=AVX512 BITALG+VBMI2+VNNI+VPOPCNTDQ,AVX512 IFMA+VBMI,AVX512 F+BW+CD+DQ+VL,AVX2+BMI1+BMI2+F16C+FMA+LZCNT+MOVBE,AVX,SSE3+SSSE3+SSE4.1+SSE4.2+POPCNT,X86Base+SSE+SSE2,AES+PCLMUL,AvxVnni VectorSize=256
// Job: ShortRun(InvocationCount=1, IterationCount=3, LaunchCount=1, UnrollFactor=1, WarmupCount=3)

OverheadJitting  1: 1 op, 380861.00 ns, 380.8610 us/op
WorkloadJitting  1: 1 op, 17624673.00 ns, 17.6247 ms/op

OverheadWarmup   1: 1 op, 641.00 ns, 641.0000 ns/op
OverheadWarmup   2: 1 op, 421.00 ns, 421.0000 ns/op
OverheadWarmup   3: 1 op, 421.00 ns, 421.0000 ns/op
OverheadWarmup   4: 1 op, 491.00 ns, 491.0000 ns/op
OverheadWarmup   5: 1 op, 1052.00 ns, 1.0520 us/op
OverheadWarmup   6: 1 op, 381.00 ns, 381.0000 ns/op
OverheadWarmup   7: 1 op, 341.00 ns, 341.0000 ns/op
OverheadWarmup   8: 1 op, 481.00 ns, 481.0000 ns/op

OverheadActual   1: 1 op, 491.00 ns, 491.0000 ns/op
OverheadActual   2: 1 op, 461.00 ns, 461.0000 ns/op
OverheadActual   3: 1 op, 521.00 ns, 521.0000 ns/op
OverheadActual   4: 1 op, 541.00 ns, 541.0000 ns/op
OverheadActual   5: 1 op, 471.00 ns, 471.0000 ns/op
OverheadActual   6: 1 op, 471.00 ns, 471.0000 ns/op
OverheadActual   7: 1 op, 480.00 ns, 480.0000 ns/op
OverheadActual   8: 1 op, 521.00 ns, 521.0000 ns/op
OverheadActual   9: 1 op, 531.00 ns, 531.0000 ns/op
OverheadActual  10: 1 op, 451.00 ns, 451.0000 ns/op
OverheadActual  11: 1 op, 351.00 ns, 351.0000 ns/op
OverheadActual  12: 1 op, 461.00 ns, 461.0000 ns/op
OverheadActual  13: 1 op, 481.00 ns, 481.0000 ns/op
OverheadActual  14: 1 op, 491.00 ns, 491.0000 ns/op
OverheadActual  15: 1 op, 471.00 ns, 471.0000 ns/op
OverheadActual  16: 1 op, 520.00 ns, 520.0000 ns/op
OverheadActual  17: 1 op, 501.00 ns, 501.0000 ns/op
OverheadActual  18: 1 op, 481.00 ns, 481.0000 ns/op
OverheadActual  19: 1 op, 501.00 ns, 501.0000 ns/op
OverheadActual  20: 1 op, 391.00 ns, 391.0000 ns/op

WorkloadWarmup   1: 1 op, 56805.00 ns, 56.8050 us/op
WorkloadWarmup   2: 1 op, 33972.00 ns, 33.9720 us/op
WorkloadWarmup   3: 1 op, 29324.00 ns, 29.3240 us/op

// BeforeActualRun
WorkloadActual   1: 1 op, 32630.00 ns, 32.6300 us/op
WorkloadActual   2: 1 op, 32049.00 ns, 32.0490 us/op
WorkloadActual   3: 1 op, 32209.00 ns, 32.2090 us/op

// AfterActualRun
WorkloadResult   1: 1 op, 32149.00 ns, 32.1490 us/op
WorkloadResult   2: 1 op, 31568.00 ns, 31.5680 us/op
WorkloadResult   3: 1 op, 31728.00 ns, 31.7280 us/op
// GC:  0 0 0 3808 1
// Threading:  0 0 1

// AfterAll
// Benchmark Process 1624575 has exited with code 0.

Mean = 31.815 us, StdErr = 0.173 us (0.54%), N = 3, StdDev = 0.300 us
Min = 31.568 us, Q1 = 31.648 us, Median = 31.728 us, Q3 = 31.939 us, Max = 32.149 us
IQR = 0.290 us, LowerFence = 31.212 us, UpperFence = 32.374 us
ConfidenceInterval = [26.340 us; 37.290 us] (CI 99.9%), Margin = 5.475 us (17.21% of Mean)
Skewness = 0.27, Kurtosis = 0.67, MValue = 2

// ** Remained 52 (52.5%) benchmark(s) to run. Estimated finish 2026-09-22 17:03 (0h 0m from now) **
// **************************
// Benchmark: SessionSetupDecompositionBenchmarks.ComponentC2a2_ContextRecordMethodGroup: ShortRun(InvocationCount=1, IterationCount=3, LaunchCount=1, UnrollFactor=1, WarmupCount=3) [Sessions=100]
// *** Execute ***
// Launch: 1 / 1
// Execute: dotnet WinForward.Benchmarks-ShortRun-1.dll --anonymousPipes 123 125 --benchmarkName "WinForward.Benchmarks.Perf.SessionSetupDecompositionBenchmarks.ComponentC2a2_ContextRecordMethodGroup(Sessions: 100)" --job ShortRun --benchmarkId 47 in /home/paff/Projects/WinForward/benchmarks/WinForward.Benchmarks/bin/Release/net10.0/WinForward.Benchmarks-ShortRun-1/bin/Release/net10.0
// Failed to set up high priority (Permission denied). In order to run benchmarks with high priority, make sure you have the right permissions.
// BeforeAnythingElse

// Benchmark Process Environment Information:
// BenchmarkDotNet v0.15.8
// Runtime=.NET 10.0.12 (10.0.12, 10.0.1226.42308), X64 RyuJIT x86-64-v4
// GC=Concurrent Workstation
// HardwareIntrinsics=AVX512 BITALG+VBMI2+VNNI+VPOPCNTDQ,AVX512 IFMA+VBMI,AVX512 F+BW+CD+DQ+VL,AVX2+BMI1+BMI2+F16C+FMA+LZCNT+MOVBE,AVX,SSE3+SSSE3+SSE4.1+SSE4.2+POPCNT,X86Base+SSE+SSE2,AES+PCLMUL,AvxVnni VectorSize=256
// Job: ShortRun(InvocationCount=1, IterationCount=3, LaunchCount=1, UnrollFactor=1, WarmupCount=3)

OverheadJitting  1: 1 op, 256021.00 ns, 256.0210 us/op
WorkloadJitting  1: 1 op, 16369519.00 ns, 16.3695 ms/op

OverheadWarmup   1: 1 op, 491.00 ns, 491.0000 ns/op
OverheadWarmup   2: 1 op, 391.00 ns, 391.0000 ns/op
OverheadWarmup   3: 1 op, 561.00 ns, 561.0000 ns/op
OverheadWarmup   4: 1 op, 461.00 ns, 461.0000 ns/op
OverheadWarmup   5: 1 op, 621.00 ns, 621.0000 ns/op
OverheadWarmup   6: 1 op, 581.00 ns, 581.0000 ns/op

OverheadActual   1: 1 op, 480.00 ns, 480.0000 ns/op
OverheadActual   2: 1 op, 471.00 ns, 471.0000 ns/op
OverheadActual   3: 1 op, 531.00 ns, 531.0000 ns/op
OverheadActual   4: 1 op, 421.00 ns, 421.0000 ns/op
OverheadActual   5: 1 op, 1042.00 ns, 1.0420 us/op
OverheadActual   6: 1 op, 581.00 ns, 581.0000 ns/op
OverheadActual   7: 1 op, 260.00 ns, 260.0000 ns/op
OverheadActual   8: 1 op, 281.00 ns, 281.0000 ns/op
OverheadActual   9: 1 op, 531.00 ns, 531.0000 ns/op
OverheadActual  10: 1 op, 571.00 ns, 571.0000 ns/op
OverheadActual  11: 1 op, 461.00 ns, 461.0000 ns/op
OverheadActual  12: 1 op, 611.00 ns, 611.0000 ns/op
OverheadActual  13: 1 op, 571.00 ns, 571.0000 ns/op
OverheadActual  14: 1 op, 410.00 ns, 410.0000 ns/op
OverheadActual  15: 1 op, 541.00 ns, 541.0000 ns/op
OverheadActual  16: 1 op, 501.00 ns, 501.0000 ns/op
OverheadActual  17: 1 op, 381.00 ns, 381.0000 ns/op
OverheadActual  18: 1 op, 491.00 ns, 491.0000 ns/op
OverheadActual  19: 1 op, 491.00 ns, 491.0000 ns/op
OverheadActual  20: 1 op, 441.00 ns, 441.0000 ns/op

WorkloadWarmup   1: 1 op, 72934.00 ns, 72.9340 us/op
WorkloadWarmup   2: 1 op, 49260.00 ns, 49.2600 us/op
WorkloadWarmup   3: 1 op, 32469.00 ns, 32.4690 us/op

// BeforeActualRun
WorkloadActual   1: 1 op, 123527.00 ns, 123.5270 us/op
WorkloadActual   2: 1 op, 32780.00 ns, 32.7800 us/op
WorkloadActual   3: 1 op, 29504.00 ns, 29.5040 us/op

// AfterActualRun
WorkloadResult   1: 1 op, 123036.00 ns, 123.0360 us/op
WorkloadResult   2: 1 op, 32289.00 ns, 32.2890 us/op
WorkloadResult   3: 1 op, 29013.00 ns, 29.0130 us/op
// GC:  0 0 0 10232 1
// Threading:  0 0 1

// AfterAll
// Benchmark Process 1624589 has exited with code 0.

Mean = 61.446 us, StdErr = 30.810 us (50.14%), N = 3, StdDev = 53.364 us
Min = 29.013 us, Q1 = 30.651 us, Median = 32.289 us, Q3 = 77.662 us, Max = 123.036 us
IQR = 47.011 us, LowerFence = -39.866 us, UpperFence = 148.180 us
ConfidenceInterval = [-912.106 us; 1,034.998 us] (CI 99.9%), Margin = 973.552 us (1584.40% of Mean)
Skewness = 0.38, Kurtosis = 0.67, MValue = 2

// ** Remained 51 (51.5%) benchmark(s) to run. Estimated finish 2026-09-22 17:03 (0h 0m from now) **
// **************************
// Benchmark: SessionSetupDecompositionBenchmarks.ComponentC2b_SessionConstructOnly: ShortRun(InvocationCount=1, IterationCount=3, LaunchCount=1, UnrollFactor=1, WarmupCount=3) [Sessions=100]
// *** Execute ***
// Launch: 1 / 1
// Execute: dotnet WinForward.Benchmarks-ShortRun-1.dll --anonymousPipes 123 125 --benchmarkName "WinForward.Benchmarks.Perf.SessionSetupDecompositionBenchmarks.ComponentC2b_SessionConstructOnly(Sessions: 100)" --job ShortRun --benchmarkId 48 in /home/paff/Projects/WinForward/benchmarks/WinForward.Benchmarks/bin/Release/net10.0/WinForward.Benchmarks-ShortRun-1/bin/Release/net10.0
// Failed to set up high priority (Permission denied). In order to run benchmarks with high priority, make sure you have the right permissions.
// BeforeAnythingElse

// Benchmark Process Environment Information:
// BenchmarkDotNet v0.15.8
// Runtime=.NET 10.0.12 (10.0.12, 10.0.1226.42308), X64 RyuJIT x86-64-v4
// GC=Concurrent Workstation
// HardwareIntrinsics=AVX512 BITALG+VBMI2+VNNI+VPOPCNTDQ,AVX512 IFMA+VBMI,AVX512 F+BW+CD+DQ+VL,AVX2+BMI1+BMI2+F16C+FMA+LZCNT+MOVBE,AVX,SSE3+SSSE3+SSE4.1+SSE4.2+POPCNT,X86Base+SSE+SSE2,AES+PCLMUL,AvxVnni VectorSize=256
// Job: ShortRun(InvocationCount=1, IterationCount=3, LaunchCount=1, UnrollFactor=1, WarmupCount=3)

OverheadJitting  1: 1 op, 257114.00 ns, 257.1140 us/op
WorkloadJitting  1: 1 op, 18087263.00 ns, 18.0873 ms/op

OverheadWarmup   1: 1 op, 531.00 ns, 531.0000 ns/op
OverheadWarmup   2: 1 op, 450.00 ns, 450.0000 ns/op
OverheadWarmup   3: 1 op, 271.00 ns, 271.0000 ns/op
OverheadWarmup   4: 1 op, 421.00 ns, 421.0000 ns/op
OverheadWarmup   5: 1 op, 451.00 ns, 451.0000 ns/op
OverheadWarmup   6: 1 op, 461.00 ns, 461.0000 ns/op
OverheadWarmup   7: 1 op, 280.00 ns, 280.0000 ns/op
OverheadWarmup   8: 1 op, 400.00 ns, 400.0000 ns/op
OverheadWarmup   9: 1 op, 411.00 ns, 411.0000 ns/op
OverheadWarmup  10: 1 op, 451.00 ns, 451.0000 ns/op

OverheadActual   1: 1 op, 421.00 ns, 421.0000 ns/op
OverheadActual   2: 1 op, 461.00 ns, 461.0000 ns/op
OverheadActual   3: 1 op, 431.00 ns, 431.0000 ns/op
OverheadActual   4: 1 op, 441.00 ns, 441.0000 ns/op
OverheadActual   5: 1 op, 370.00 ns, 370.0000 ns/op
OverheadActual   6: 1 op, 421.00 ns, 421.0000 ns/op
OverheadActual   7: 1 op, 491.00 ns, 491.0000 ns/op
OverheadActual   8: 1 op, 421.00 ns, 421.0000 ns/op
OverheadActual   9: 1 op, 441.00 ns, 441.0000 ns/op
OverheadActual  10: 1 op, 451.00 ns, 451.0000 ns/op
OverheadActual  11: 1 op, 280.00 ns, 280.0000 ns/op
OverheadActual  12: 1 op, 241.00 ns, 241.0000 ns/op
OverheadActual  13: 1 op, 280.00 ns, 280.0000 ns/op
OverheadActual  14: 1 op, 380.00 ns, 380.0000 ns/op
OverheadActual  15: 1 op, 401.00 ns, 401.0000 ns/op
OverheadActual  16: 1 op, 230.00 ns, 230.0000 ns/op
OverheadActual  17: 1 op, 270.00 ns, 270.0000 ns/op
OverheadActual  18: 1 op, 731.00 ns, 731.0000 ns/op
OverheadActual  19: 1 op, 270.00 ns, 270.0000 ns/op
OverheadActual  20: 1 op, 251.00 ns, 251.0000 ns/op

WorkloadWarmup   1: 1 op, 469355.00 ns, 469.3550 us/op
WorkloadWarmup   2: 1 op, 228090.00 ns, 228.0900 us/op
WorkloadWarmup   3: 1 op, 226117.00 ns, 226.1170 us/op

// BeforeActualRun
WorkloadActual   1: 1 op, 431705.00 ns, 431.7050 us/op
WorkloadActual   2: 1 op, 428547.00 ns, 428.5470 us/op
WorkloadActual   3: 1 op, 255882.00 ns, 255.8820 us/op

// AfterActualRun
WorkloadResult   1: 1 op, 431294.00 ns, 431.2940 us/op
WorkloadResult   2: 1 op, 428136.00 ns, 428.1360 us/op
WorkloadResult   3: 1 op, 255471.00 ns, 255.4710 us/op
// GC:  0 0 0 154112 1
// Threading:  0 0 1

// AfterAll
// Benchmark Process 1624598 has exited with code 0.

Mean = 371.634 us, StdErr = 58.088 us (15.63%), N = 3, StdDev = 100.612 us
Min = 255.471 us, Q1 = 341.803 us, Median = 428.136 us, Q3 = 429.715 us, Max = 431.294 us
IQR = 87.912 us, LowerFence = 209.936 us, UpperFence = 561.582 us
ConfidenceInterval = [-1,463.908 us; 2,207.175 us] (CI 99.9%), Margin = 1,835.541 us (493.91% of Mean)
Skewness = -0.38, Kurtosis = 0.67, MValue = 2

// ** Remained 50 (50.5%) benchmark(s) to run. Estimated finish 2026-09-22 17:03 (0h 0m from now) **
// **************************
// Benchmark: SessionSetupDecompositionBenchmarks.ComponentC2c1_ScopeConstructLinked: ShortRun(InvocationCount=1, IterationCount=3, LaunchCount=1, UnrollFactor=1, WarmupCount=3) [Sessions=100]
// *** Execute ***
// Launch: 1 / 1
// Execute: dotnet WinForward.Benchmarks-ShortRun-1.dll --anonymousPipes 123 125 --benchmarkName "WinForward.Benchmarks.Perf.SessionSetupDecompositionBenchmarks.ComponentC2c1_ScopeConstructLinked(Sessions: 100)" --job ShortRun --benchmarkId 49 in /home/paff/Projects/WinForward/benchmarks/WinForward.Benchmarks/bin/Release/net10.0/WinForward.Benchmarks-ShortRun-1/bin/Release/net10.0
// Failed to set up high priority (Permission denied). In order to run benchmarks with high priority, make sure you have the right permissions.
// BeforeAnythingElse

// Benchmark Process Environment Information:
// BenchmarkDotNet v0.15.8
// Runtime=.NET 10.0.12 (10.0.12, 10.0.1226.42308), X64 RyuJIT x86-64-v4
// GC=Concurrent Workstation
// HardwareIntrinsics=AVX512 BITALG+VBMI2+VNNI+VPOPCNTDQ,AVX512 IFMA+VBMI,AVX512 F+BW+CD+DQ+VL,AVX2+BMI1+BMI2+F16C+FMA+LZCNT+MOVBE,AVX,SSE3+SSSE3+SSE4.1+SSE4.2+POPCNT,X86Base+SSE+SSE2,AES+PCLMUL,AvxVnni VectorSize=256
// Job: ShortRun(InvocationCount=1, IterationCount=3, LaunchCount=1, UnrollFactor=1, WarmupCount=3)

OverheadJitting  1: 1 op, 298329.00 ns, 298.3290 us/op
WorkloadJitting  1: 1 op, 1575461.00 ns, 1.5755 ms/op

OverheadWarmup   1: 1 op, 461.00 ns, 461.0000 ns/op
OverheadWarmup   2: 1 op, 481.00 ns, 481.0000 ns/op
OverheadWarmup   3: 1 op, 270.00 ns, 270.0000 ns/op
OverheadWarmup   4: 1 op, 652.00 ns, 652.0000 ns/op
OverheadWarmup   5: 1 op, 491.00 ns, 491.0000 ns/op

OverheadActual   1: 1 op, 471.00 ns, 471.0000 ns/op
OverheadActual   2: 1 op, 451.00 ns, 451.0000 ns/op
OverheadActual   3: 1 op, 451.00 ns, 451.0000 ns/op
OverheadActual   4: 1 op, 440.00 ns, 440.0000 ns/op
OverheadActual   5: 1 op, 470.00 ns, 470.0000 ns/op
OverheadActual   6: 1 op, 261.00 ns, 261.0000 ns/op
OverheadActual   7: 1 op, 261.00 ns, 261.0000 ns/op
OverheadActual   8: 1 op, 491.00 ns, 491.0000 ns/op
OverheadActual   9: 1 op, 481.00 ns, 481.0000 ns/op
OverheadActual  10: 1 op, 481.00 ns, 481.0000 ns/op
OverheadActual  11: 1 op, 380.00 ns, 380.0000 ns/op
OverheadActual  12: 1 op, 461.00 ns, 461.0000 ns/op
OverheadActual  13: 1 op, 471.00 ns, 471.0000 ns/op
OverheadActual  14: 1 op, 340.00 ns, 340.0000 ns/op
OverheadActual  15: 1 op, 391.00 ns, 391.0000 ns/op
OverheadActual  16: 1 op, 481.00 ns, 481.0000 ns/op
OverheadActual  17: 1 op, 471.00 ns, 471.0000 ns/op
OverheadActual  18: 1 op, 381.00 ns, 381.0000 ns/op
OverheadActual  19: 1 op, 471.00 ns, 471.0000 ns/op
OverheadActual  20: 1 op, 371.00 ns, 371.0000 ns/op

WorkloadWarmup   1: 1 op, 60522.00 ns, 60.5220 us/op
WorkloadWarmup   2: 1 op, 15529.00 ns, 15.5290 us/op
WorkloadWarmup   3: 1 op, 17933.00 ns, 17.9330 us/op

// BeforeActualRun
WorkloadActual   1: 1 op, 58628.00 ns, 58.6280 us/op
WorkloadActual   2: 1 op, 12824.00 ns, 12.8240 us/op
WorkloadActual   3: 1 op, 13405.00 ns, 13.4050 us/op

// AfterActualRun
WorkloadResult   1: 1 op, 58172.00 ns, 58.1720 us/op
WorkloadResult   2: 1 op, 12368.00 ns, 12.3680 us/op
WorkloadResult   3: 1 op, 12949.00 ns, 12.9490 us/op
// GC:  0 0 0 21800 1
// Threading:  0 0 1

// AfterAll
// Benchmark Process 1624607 has exited with code 0.

Mean = 27.830 us, StdErr = 15.172 us (54.52%), N = 3, StdDev = 26.279 us
Min = 12.368 us, Q1 = 12.659 us, Median = 12.949 us, Q3 = 35.560 us, Max = 58.172 us
IQR = 22.902 us, LowerFence = -21.695 us, UpperFence = 69.913 us
ConfidenceInterval = [-451.594 us; 507.253 us] (CI 99.9%), Margin = 479.424 us (1722.71% of Mean)
Skewness = 0.38, Kurtosis = 0.67, MValue = 2

// ** Remained 49 (49.5%) benchmark(s) to run. Estimated finish 2026-09-22 17:03 (0h 0m from now) **
// **************************
// Benchmark: SessionSetupDecompositionBenchmarks.ComponentC2c2_ScopeConstructUnlinked: ShortRun(InvocationCount=1, IterationCount=3, LaunchCount=1, UnrollFactor=1, WarmupCount=3) [Sessions=100]
// *** Execute ***
// Launch: 1 / 1
// Execute: dotnet WinForward.Benchmarks-ShortRun-1.dll --anonymousPipes 123 125 --benchmarkName "WinForward.Benchmarks.Perf.SessionSetupDecompositionBenchmarks.ComponentC2c2_ScopeConstructUnlinked(Sessions: 100)" --job ShortRun --benchmarkId 50 in /home/paff/Projects/WinForward/benchmarks/WinForward.Benchmarks/bin/Release/net10.0/WinForward.Benchmarks-ShortRun-1/bin/Release/net10.0
// Failed to set up high priority (Permission denied). In order to run benchmarks with high priority, make sure you have the right permissions.
// BeforeAnythingElse

// Benchmark Process Environment Information:
// BenchmarkDotNet v0.15.8
// Runtime=.NET 10.0.12 (10.0.12, 10.0.1226.42308), X64 RyuJIT x86-64-v4
// GC=Concurrent Workstation
// HardwareIntrinsics=AVX512 BITALG+VBMI2+VNNI+VPOPCNTDQ,AVX512 IFMA+VBMI,AVX512 F+BW+CD+DQ+VL,AVX2+BMI1+BMI2+F16C+FMA+LZCNT+MOVBE,AVX,SSE3+SSSE3+SSE4.1+SSE4.2+POPCNT,X86Base+SSE+SSE2,AES+PCLMUL,AvxVnni VectorSize=256
// Job: ShortRun(InvocationCount=1, IterationCount=3, LaunchCount=1, UnrollFactor=1, WarmupCount=3)

OverheadJitting  1: 1 op, 253937.00 ns, 253.9370 us/op
WorkloadJitting  1: 1 op, 970598.00 ns, 970.5980 us/op

OverheadWarmup   1: 1 op, 541.00 ns, 541.0000 ns/op
OverheadWarmup   2: 1 op, 481.00 ns, 481.0000 ns/op
OverheadWarmup   3: 1 op, 841.00 ns, 841.0000 ns/op
OverheadWarmup   4: 1 op, 471.00 ns, 471.0000 ns/op
OverheadWarmup   5: 1 op, 441.00 ns, 441.0000 ns/op
OverheadWarmup   6: 1 op, 571.00 ns, 571.0000 ns/op
OverheadWarmup   7: 1 op, 480.00 ns, 480.0000 ns/op

OverheadActual   1: 1 op, 441.00 ns, 441.0000 ns/op
OverheadActual   2: 1 op, 491.00 ns, 491.0000 ns/op
OverheadActual   3: 1 op, 441.00 ns, 441.0000 ns/op
OverheadActual   4: 1 op, 611.00 ns, 611.0000 ns/op
OverheadActual   5: 1 op, 471.00 ns, 471.0000 ns/op
OverheadActual   6: 1 op, 441.00 ns, 441.0000 ns/op
OverheadActual   7: 1 op, 461.00 ns, 461.0000 ns/op
OverheadActual   8: 1 op, 671.00 ns, 671.0000 ns/op
OverheadActual   9: 1 op, 521.00 ns, 521.0000 ns/op
OverheadActual  10: 1 op, 481.00 ns, 481.0000 ns/op
OverheadActual  11: 1 op, 410.00 ns, 410.0000 ns/op
OverheadActual  12: 1 op, 471.00 ns, 471.0000 ns/op
OverheadActual  13: 1 op, 271.00 ns, 271.0000 ns/op
OverheadActual  14: 1 op, 271.00 ns, 271.0000 ns/op
OverheadActual  15: 1 op, 531.00 ns, 531.0000 ns/op
OverheadActual  16: 1 op, 541.00 ns, 541.0000 ns/op
OverheadActual  17: 1 op, 561.00 ns, 561.0000 ns/op
OverheadActual  18: 1 op, 481.00 ns, 481.0000 ns/op
OverheadActual  19: 1 op, 531.00 ns, 531.0000 ns/op
OverheadActual  20: 1 op, 440.00 ns, 440.0000 ns/op

WorkloadWarmup   1: 1 op, 40064.00 ns, 40.0640 us/op
WorkloadWarmup   2: 1 op, 9768.00 ns, 9.7680 us/op
WorkloadWarmup   3: 1 op, 9577.00 ns, 9.5770 us/op

// BeforeActualRun
WorkloadActual   1: 1 op, 37129.00 ns, 37.1290 us/op
WorkloadActual   2: 1 op, 9578.00 ns, 9.5780 us/op
WorkloadActual   3: 1 op, 9217.00 ns, 9.2170 us/op

// AfterActualRun
WorkloadResult   1: 1 op, 36653.00 ns, 36.6530 us/op
WorkloadResult   2: 1 op, 9102.00 ns, 9.1020 us/op
WorkloadResult   3: 1 op, 8741.00 ns, 8.7410 us/op
// GC:  0 0 0 12088 1
// Threading:  0 0 1

// AfterAll
// Benchmark Process 1624616 has exited with code 0.

Mean = 18.165 us, StdErr = 9.244 us (50.89%), N = 3, StdDev = 16.012 us
Min = 8.741 us, Q1 = 8.921 us, Median = 9.102 us, Q3 = 22.878 us, Max = 36.653 us
IQR = 13.956 us, LowerFence = -12.012 us, UpperFence = 43.812 us
ConfidenceInterval = [-273.950 us; 310.280 us] (CI 99.9%), Margin = 292.115 us (1608.09% of Mean)
Skewness = 0.38, Kurtosis = 0.67, MValue = 2

// ** Remained 48 (48.5%) benchmark(s) to run. Estimated finish 2026-09-22 17:03 (0h 0m from now) **
// **************************
// Benchmark: SessionSetupDecompositionBenchmarks.ComponentC2e_LockConstruction: ShortRun(InvocationCount=1, IterationCount=3, LaunchCount=1, UnrollFactor=1, WarmupCount=3) [Sessions=100]
// *** Execute ***
// Launch: 1 / 1
// Execute: dotnet WinForward.Benchmarks-ShortRun-1.dll --anonymousPipes 123 125 --benchmarkName "WinForward.Benchmarks.Perf.SessionSetupDecompositionBenchmarks.ComponentC2e_LockConstruction(Sessions: 100)" --job ShortRun --benchmarkId 51 in /home/paff/Projects/WinForward/benchmarks/WinForward.Benchmarks/bin/Release/net10.0/WinForward.Benchmarks-ShortRun-1/bin/Release/net10.0
// Failed to set up high priority (Permission denied). In order to run benchmarks with high priority, make sure you have the right permissions.
// BeforeAnythingElse

// Benchmark Process Environment Information:
// BenchmarkDotNet v0.15.8
// Runtime=.NET 10.0.12 (10.0.12, 10.0.1226.42308), X64 RyuJIT x86-64-v4
// GC=Concurrent Workstation
// HardwareIntrinsics=AVX512 BITALG+VBMI2+VNNI+VPOPCNTDQ,AVX512 IFMA+VBMI,AVX512 F+BW+CD+DQ+VL,AVX2+BMI1+BMI2+F16C+FMA+LZCNT+MOVBE,AVX,SSE3+SSSE3+SSE4.1+SSE4.2+POPCNT,X86Base+SSE+SSE2,AES+PCLMUL,AvxVnni VectorSize=256
// Job: ShortRun(InvocationCount=1, IterationCount=3, LaunchCount=1, UnrollFactor=1, WarmupCount=3)

OverheadJitting  1: 1 op, 258496.00 ns, 258.4960 us/op
WorkloadJitting  1: 1 op, 1090037.00 ns, 1.0900 ms/op

OverheadWarmup   1: 1 op, 581.00 ns, 581.0000 ns/op
OverheadWarmup   2: 1 op, 541.00 ns, 541.0000 ns/op
OverheadWarmup   3: 1 op, 521.00 ns, 521.0000 ns/op
OverheadWarmup   4: 1 op, 300.00 ns, 300.0000 ns/op
OverheadWarmup   5: 1 op, 572.00 ns, 572.0000 ns/op
OverheadWarmup   6: 1 op, 531.00 ns, 531.0000 ns/op
OverheadWarmup   7: 1 op, 561.00 ns, 561.0000 ns/op
OverheadWarmup   8: 1 op, 501.00 ns, 501.0000 ns/op

OverheadActual   1: 1 op, 521.00 ns, 521.0000 ns/op
OverheadActual   2: 1 op, 531.00 ns, 531.0000 ns/op
OverheadActual   3: 1 op, 591.00 ns, 591.0000 ns/op
OverheadActual   4: 1 op, 551.00 ns, 551.0000 ns/op
OverheadActual   5: 1 op, 551.00 ns, 551.0000 ns/op
OverheadActual   6: 1 op, 511.00 ns, 511.0000 ns/op
OverheadActual   7: 1 op, 561.00 ns, 561.0000 ns/op
OverheadActual   8: 1 op, 571.00 ns, 571.0000 ns/op
OverheadActual   9: 1 op, 521.00 ns, 521.0000 ns/op
OverheadActual  10: 1 op, 491.00 ns, 491.0000 ns/op
OverheadActual  11: 1 op, 541.00 ns, 541.0000 ns/op
OverheadActual  12: 1 op, 491.00 ns, 491.0000 ns/op
OverheadActual  13: 1 op, 551.00 ns, 551.0000 ns/op
OverheadActual  14: 1 op, 551.00 ns, 551.0000 ns/op
OverheadActual  15: 1 op, 601.00 ns, 601.0000 ns/op
OverheadActual  16: 1 op, 531.00 ns, 531.0000 ns/op
OverheadActual  17: 1 op, 571.00 ns, 571.0000 ns/op
OverheadActual  18: 1 op, 521.00 ns, 521.0000 ns/op
OverheadActual  19: 1 op, 501.00 ns, 501.0000 ns/op
OverheadActual  20: 1 op, 491.00 ns, 491.0000 ns/op

WorkloadWarmup   1: 1 op, 5740.00 ns, 5.7400 us/op
WorkloadWarmup   2: 1 op, 5319.00 ns, 5.3190 us/op
WorkloadWarmup   3: 1 op, 5340.00 ns, 5.3400 us/op

// BeforeActualRun
WorkloadActual   1: 1 op, 19977.00 ns, 19.9770 us/op
WorkloadActual   2: 1 op, 4519.00 ns, 4.5190 us/op
WorkloadActual   3: 1 op, 5460.00 ns, 5.4600 us/op

// AfterActualRun
WorkloadResult   1: 1 op, 19441.00 ns, 19.4410 us/op
WorkloadResult   2: 1 op, 3983.00 ns, 3.9830 us/op
WorkloadResult   3: 1 op, 4924.00 ns, 4.9240 us/op
// GC:  0 0 0 4000 1
// Threading:  0 0 1

// AfterAll
// Benchmark Process 1624625 has exited with code 0.

Mean = 9.449 us, StdErr = 5.003 us (52.95%), N = 3, StdDev = 8.666 us
Min = 3.983 us, Q1 = 4.454 us, Median = 4.924 us, Q3 = 12.182 us, Max = 19.441 us
IQR = 7.729 us, LowerFence = -7.140 us, UpperFence = 23.776 us
ConfidenceInterval = [-148.647 us; 167.546 us] (CI 99.9%), Margin = 158.097 us (1673.10% of Mean)
Skewness = 0.38, Kurtosis = 0.67, MValue = 2

// ** Remained 47 (47.5%) benchmark(s) to run. Estimated finish 2026-09-22 17:03 (0h 0m from now) **
// **************************
// Benchmark: SessionSetupDecompositionBenchmarks.ComponentC2e_TaskCompletionSourceConstruction: ShortRun(InvocationCount=1, IterationCount=3, LaunchCount=1, UnrollFactor=1, WarmupCount=3) [Sessions=100]
// *** Execute ***
// Launch: 1 / 1
// Execute: dotnet WinForward.Benchmarks-ShortRun-1.dll --anonymousPipes 123 125 --benchmarkName "WinForward.Benchmarks.Perf.SessionSetupDecompositionBenchmarks.ComponentC2e_TaskCompletionSourceConstruction(Sessions: 100)" --job ShortRun --benchmarkId 52 in /home/paff/Projects/WinForward/benchmarks/WinForward.Benchmarks/bin/Release/net10.0/WinForward.Benchmarks-ShortRun-1/bin/Release/net10.0
// Failed to set up high priority (Permission denied). In order to run benchmarks with high priority, make sure you have the right permissions.
// BeforeAnythingElse

// Benchmark Process Environment Information:
// BenchmarkDotNet v0.15.8
// Runtime=.NET 10.0.12 (10.0.12, 10.0.1226.42308), X64 RyuJIT x86-64-v4
// GC=Concurrent Workstation
// HardwareIntrinsics=AVX512 BITALG+VBMI2+VNNI+VPOPCNTDQ,AVX512 IFMA+VBMI,AVX512 F+BW+CD+DQ+VL,AVX2+BMI1+BMI2+F16C+FMA+LZCNT+MOVBE,AVX,SSE3+SSSE3+SSE4.1+SSE4.2+POPCNT,X86Base+SSE+SSE2,AES+PCLMUL,AvxVnni VectorSize=256
// Job: ShortRun(InvocationCount=1, IterationCount=3, LaunchCount=1, UnrollFactor=1, WarmupCount=3)

OverheadJitting  1: 1 op, 258846.00 ns, 258.8460 us/op
WorkloadJitting  1: 1 op, 896902.00 ns, 896.9020 us/op

OverheadWarmup   1: 1 op, 451.00 ns, 451.0000 ns/op
OverheadWarmup   2: 1 op, 471.00 ns, 471.0000 ns/op
OverheadWarmup   3: 1 op, 471.00 ns, 471.0000 ns/op
OverheadWarmup   4: 1 op, 491.00 ns, 491.0000 ns/op
OverheadWarmup   5: 1 op, 461.00 ns, 461.0000 ns/op

OverheadActual   1: 1 op, 451.00 ns, 451.0000 ns/op
OverheadActual   2: 1 op, 450.00 ns, 450.0000 ns/op
OverheadActual   3: 1 op, 481.00 ns, 481.0000 ns/op
OverheadActual   4: 1 op, 781.00 ns, 781.0000 ns/op
OverheadActual   5: 1 op, 451.00 ns, 451.0000 ns/op
OverheadActual   6: 1 op, 451.00 ns, 451.0000 ns/op
OverheadActual   7: 1 op, 1212.00 ns, 1.2120 us/op
OverheadActual   8: 1 op, 440.00 ns, 440.0000 ns/op
OverheadActual   9: 1 op, 721.00 ns, 721.0000 ns/op
OverheadActual  10: 1 op, 451.00 ns, 451.0000 ns/op
OverheadActual  11: 1 op, 451.00 ns, 451.0000 ns/op
OverheadActual  12: 1 op, 471.00 ns, 471.0000 ns/op
OverheadActual  13: 1 op, 391.00 ns, 391.0000 ns/op
OverheadActual  14: 1 op, 361.00 ns, 361.0000 ns/op
OverheadActual  15: 1 op, 381.00 ns, 381.0000 ns/op
OverheadActual  16: 1 op, 471.00 ns, 471.0000 ns/op
OverheadActual  17: 1 op, 772.00 ns, 772.0000 ns/op
OverheadActual  18: 1 op, 561.00 ns, 561.0000 ns/op
OverheadActual  19: 1 op, 470.00 ns, 470.0000 ns/op
OverheadActual  20: 1 op, 451.00 ns, 451.0000 ns/op

WorkloadWarmup   1: 1 op, 47027.00 ns, 47.0270 us/op
WorkloadWarmup   2: 1 op, 7994.00 ns, 7.9940 us/op
WorkloadWarmup   3: 1 op, 10760.00 ns, 10.7600 us/op

// BeforeActualRun
WorkloadActual   1: 1 op, 40204.00 ns, 40.2040 us/op
WorkloadActual   2: 1 op, 8836.00 ns, 8.8360 us/op
WorkloadActual   3: 1 op, 8506.00 ns, 8.5060 us/op

// AfterActualRun
WorkloadResult   1: 1 op, 39753.00 ns, 39.7530 us/op
WorkloadResult   2: 1 op, 8385.00 ns, 8.3850 us/op
WorkloadResult   3: 1 op, 8055.00 ns, 8.0550 us/op
// GC:  0 0 0 8800 1
// Threading:  0 0 1

// AfterAll
// Benchmark Process 1624644 has exited with code 0.

Mean = 18.731 us, StdErr = 10.511 us (56.12%), N = 3, StdDev = 18.206 us
Min = 8.055 us, Q1 = 8.220 us, Median = 8.385 us, Q3 = 24.069 us, Max = 39.753 us
IQR = 15.849 us, LowerFence = -15.553 us, UpperFence = 47.843 us
ConfidenceInterval = [-313.420 us; 350.882 us] (CI 99.9%), Margin = 332.151 us (1773.27% of Mean)
Skewness = 0.38, Kurtosis = 0.67, MValue = 2

// ** Remained 46 (46.5%) benchmark(s) to run. Estimated finish 2026-09-22 17:03 (0h 0m from now) **
// **************************
// Benchmark: SessionSetupDecompositionBenchmarks.ComponentC2e_LinkedTokenSourceConstruction: ShortRun(InvocationCount=1, IterationCount=3, LaunchCount=1, UnrollFactor=1, WarmupCount=3) [Sessions=100]
// *** Execute ***
// Launch: 1 / 1
// Execute: dotnet WinForward.Benchmarks-ShortRun-1.dll --anonymousPipes 123 125 --benchmarkName "WinForward.Benchmarks.Perf.SessionSetupDecompositionBenchmarks.ComponentC2e_LinkedTokenSourceConstruction(Sessions: 100)" --job ShortRun --benchmarkId 53 in /home/paff/Projects/WinForward/benchmarks/WinForward.Benchmarks/bin/Release/net10.0/WinForward.Benchmarks-ShortRun-1/bin/Release/net10.0
// Failed to set up high priority (Permission denied). In order to run benchmarks with high priority, make sure you have the right permissions.
// BeforeAnythingElse

// Benchmark Process Environment Information:
// BenchmarkDotNet v0.15.8
// Runtime=.NET 10.0.12 (10.0.12, 10.0.1226.42308), X64 RyuJIT x86-64-v4
// GC=Concurrent Workstation
// HardwareIntrinsics=AVX512 BITALG+VBMI2+VNNI+VPOPCNTDQ,AVX512 IFMA+VBMI,AVX512 F+BW+CD+DQ+VL,AVX2+BMI1+BMI2+F16C+FMA+LZCNT+MOVBE,AVX,SSE3+SSSE3+SSE4.1+SSE4.2+POPCNT,X86Base+SSE+SSE2,AES+PCLMUL,AvxVnni VectorSize=256
// Job: ShortRun(InvocationCount=1, IterationCount=3, LaunchCount=1, UnrollFactor=1, WarmupCount=3)

OverheadJitting  1: 1 op, 353592.00 ns, 353.5920 us/op
WorkloadJitting  1: 1 op, 1362890.00 ns, 1.3629 ms/op

OverheadWarmup   1: 1 op, 551.00 ns, 551.0000 ns/op
OverheadWarmup   2: 1 op, 872.00 ns, 872.0000 ns/op
OverheadWarmup   3: 1 op, 741.00 ns, 741.0000 ns/op
OverheadWarmup   4: 1 op, 671.00 ns, 671.0000 ns/op
OverheadWarmup   5: 1 op, 741.00 ns, 741.0000 ns/op
OverheadWarmup   6: 1 op, 290.00 ns, 290.0000 ns/op

OverheadActual   1: 1 op, 631.00 ns, 631.0000 ns/op
OverheadActual   2: 1 op, 531.00 ns, 531.0000 ns/op
OverheadActual   3: 1 op, 1022.00 ns, 1.0220 us/op
OverheadActual   4: 1 op, 701.00 ns, 701.0000 ns/op
OverheadActual   5: 1 op, 511.00 ns, 511.0000 ns/op
OverheadActual   6: 1 op, 731.00 ns, 731.0000 ns/op
OverheadActual   7: 1 op, 531.00 ns, 531.0000 ns/op
OverheadActual   8: 1 op, 331.00 ns, 331.0000 ns/op
OverheadActual   9: 1 op, 601.00 ns, 601.0000 ns/op
OverheadActual  10: 1 op, 1323.00 ns, 1.3230 us/op
OverheadActual  11: 1 op, 461.00 ns, 461.0000 ns/op
OverheadActual  12: 1 op, 491.00 ns, 491.0000 ns/op
OverheadActual  13: 1 op, 481.00 ns, 481.0000 ns/op
OverheadActual  14: 1 op, 260.00 ns, 260.0000 ns/op
OverheadActual  15: 1 op, 270.00 ns, 270.0000 ns/op
OverheadActual  16: 1 op, 271.00 ns, 271.0000 ns/op
OverheadActual  17: 1 op, 261.00 ns, 261.0000 ns/op
OverheadActual  18: 1 op, 270.00 ns, 270.0000 ns/op
OverheadActual  19: 1 op, 220.00 ns, 220.0000 ns/op
OverheadActual  20: 1 op, 451.00 ns, 451.0000 ns/op

WorkloadWarmup   1: 1 op, 58217.00 ns, 58.2170 us/op
WorkloadWarmup   2: 1 op, 15398.00 ns, 15.3980 us/op
WorkloadWarmup   3: 1 op, 15018.00 ns, 15.0180 us/op

// BeforeActualRun
WorkloadActual   1: 1 op, 69508.00 ns, 69.5080 us/op
WorkloadActual   2: 1 op, 18133.00 ns, 18.1330 us/op
WorkloadActual   3: 1 op, 14737.00 ns, 14.7370 us/op

// AfterActualRun
WorkloadResult   1: 1 op, 69022.00 ns, 69.0220 us/op
WorkloadResult   2: 1 op, 17647.00 ns, 17.6470 us/op
WorkloadResult   3: 1 op, 14251.00 ns, 14.2510 us/op
// GC:  0 0 0 15400 1
// Threading:  0 0 1

// AfterAll
// Benchmark Process 1624653 has exited with code 0.

Mean = 33.640 us, StdErr = 17.718 us (52.67%), N = 3, StdDev = 30.689 us
Min = 14.251 us, Q1 = 15.949 us, Median = 17.647 us, Q3 = 43.334 us, Max = 69.022 us
IQR = 27.386 us, LowerFence = -25.129 us, UpperFence = 84.413 us
ConfidenceInterval = [-526.237 us; 593.517 us] (CI 99.9%), Margin = 559.877 us (1664.32% of Mean)
Skewness = 0.38, Kurtosis = 0.67, MValue = 2

// ** Remained 45 (45.5%) benchmark(s) to run. Estimated finish 2026-09-22 17:03 (0h 0m from now) **
// **************************
// Benchmark: SessionSetupDecompositionBenchmarks.ComponentE1_CanceledDelayAwaitAsync: ShortRun(InvocationCount=1, IterationCount=3, LaunchCount=1, UnrollFactor=1, WarmupCount=3) [Sessions=100]
// *** Execute ***
// Launch: 1 / 1
// Execute: dotnet WinForward.Benchmarks-ShortRun-1.dll --anonymousPipes 123 125 --benchmarkName "WinForward.Benchmarks.Perf.SessionSetupDecompositionBenchmarks.ComponentE1_CanceledDelayAwaitAsync(Sessions: 100)" --job ShortRun --benchmarkId 54 in /home/paff/Projects/WinForward/benchmarks/WinForward.Benchmarks/bin/Release/net10.0/WinForward.Benchmarks-ShortRun-1/bin/Release/net10.0
// Failed to set up high priority (Permission denied). In order to run benchmarks with high priority, make sure you have the right permissions.
// BeforeAnythingElse

// Benchmark Process Environment Information:
// BenchmarkDotNet v0.15.8
// Runtime=.NET 10.0.12 (10.0.12, 10.0.1226.42308), X64 RyuJIT x86-64-v4
// GC=Concurrent Workstation
// HardwareIntrinsics=AVX512 BITALG+VBMI2+VNNI+VPOPCNTDQ,AVX512 IFMA+VBMI,AVX512 F+BW+CD+DQ+VL,AVX2+BMI1+BMI2+F16C+FMA+LZCNT+MOVBE,AVX,SSE3+SSSE3+SSE4.1+SSE4.2+POPCNT,X86Base+SSE+SSE2,AES+PCLMUL,AvxVnni VectorSize=256
// Job: ShortRun(InvocationCount=1, IterationCount=3, LaunchCount=1, UnrollFactor=1, WarmupCount=3)

OverheadJitting  1: 1 op, 337752.00 ns, 337.7520 us/op
WorkloadJitting  1: 1 op, 5867636.00 ns, 5.8676 ms/op

OverheadWarmup   1: 1 op, 672.00 ns, 672.0000 ns/op
OverheadWarmup   2: 1 op, 441.00 ns, 441.0000 ns/op
OverheadWarmup   3: 1 op, 431.00 ns, 431.0000 ns/op
OverheadWarmup   4: 1 op, 451.00 ns, 451.0000 ns/op
OverheadWarmup   5: 1 op, 511.00 ns, 511.0000 ns/op
OverheadWarmup   6: 1 op, 270.00 ns, 270.0000 ns/op
OverheadWarmup   7: 1 op, 431.00 ns, 431.0000 ns/op
OverheadWarmup   8: 1 op, 421.00 ns, 421.0000 ns/op

OverheadActual   1: 1 op, 431.00 ns, 431.0000 ns/op
OverheadActual   2: 1 op, 491.00 ns, 491.0000 ns/op
OverheadActual   3: 1 op, 431.00 ns, 431.0000 ns/op
OverheadActual   4: 1 op, 441.00 ns, 441.0000 ns/op
OverheadActual   5: 1 op, 451.00 ns, 451.0000 ns/op
OverheadActual   6: 1 op, 281.00 ns, 281.0000 ns/op
OverheadActual   7: 1 op, 271.00 ns, 271.0000 ns/op
OverheadActual   8: 1 op, 460.00 ns, 460.0000 ns/op
OverheadActual   9: 1 op, 250.00 ns, 250.0000 ns/op
OverheadActual  10: 1 op, 260.00 ns, 260.0000 ns/op
OverheadActual  11: 1 op, 251.00 ns, 251.0000 ns/op
OverheadActual  12: 1 op, 471.00 ns, 471.0000 ns/op
OverheadActual  13: 1 op, 451.00 ns, 451.0000 ns/op
OverheadActual  14: 1 op, 351.00 ns, 351.0000 ns/op
OverheadActual  15: 1 op, 371.00 ns, 371.0000 ns/op
OverheadActual  16: 1 op, 280.00 ns, 280.0000 ns/op
OverheadActual  17: 1 op, 461.00 ns, 461.0000 ns/op
OverheadActual  18: 1 op, 501.00 ns, 501.0000 ns/op
OverheadActual  19: 1 op, 511.00 ns, 511.0000 ns/op
OverheadActual  20: 1 op, 461.00 ns, 461.0000 ns/op

WorkloadWarmup   1: 1 op, 525709.00 ns, 525.7090 us/op
WorkloadWarmup   2: 1 op, 426285.00 ns, 426.2850 us/op
WorkloadWarmup   3: 1 op, 438578.00 ns, 438.5780 us/op

// BeforeActualRun
WorkloadActual   1: 1 op, 698166.00 ns, 698.1660 us/op
WorkloadActual   2: 1 op, 510680.00 ns, 510.6800 us/op
WorkloadActual   3: 1 op, 440762.00 ns, 440.7620 us/op

// AfterActualRun
WorkloadResult   1: 1 op, 697730.00 ns, 697.7300 us/op
WorkloadResult   2: 1 op, 510244.00 ns, 510.2440 us/op
WorkloadResult   3: 1 op, 440326.00 ns, 440.3260 us/op
// GC:  0 0 0 86400 1
// Threading:  0 0 1
// Exceptions:  100

// AfterAll
// Benchmark Process 1624688 has exited with code 0.

Mean = 549.433 us, StdErr = 76.846 us (13.99%), N = 3, StdDev = 133.102 us
Min = 440.326 us, Q1 = 475.285 us, Median = 510.244 us, Q3 = 603.987 us, Max = 697.730 us
IQR = 128.702 us, LowerFence = 282.232 us, UpperFence = 797.040 us
ConfidenceInterval = [-1,878.837 us; 2,977.703 us] (CI 99.9%), Margin = 2,428.270 us (441.96% of Mean)
Skewness = 0.27, Kurtosis = 0.67, MValue = 2

// ** Remained 44 (44.4%) benchmark(s) to run. Estimated finish 2026-09-22 17:03 (0h 0m from now) **
// **************************
// Benchmark: SessionSetupDecompositionBenchmarks.ComponentE2_SetupExecutorDisposeAsync: ShortRun(InvocationCount=1, IterationCount=3, LaunchCount=1, UnrollFactor=1, WarmupCount=3) [Sessions=100]
// *** Execute ***
// Launch: 1 / 1
// Execute: dotnet WinForward.Benchmarks-ShortRun-1.dll --anonymousPipes 123 125 --benchmarkName "WinForward.Benchmarks.Perf.SessionSetupDecompositionBenchmarks.ComponentE2_SetupExecutorDisposeAsync(Sessions: 100)" --job ShortRun --benchmarkId 55 in /home/paff/Projects/WinForward/benchmarks/WinForward.Benchmarks/bin/Release/net10.0/WinForward.Benchmarks-ShortRun-1/bin/Release/net10.0
// Failed to set up high priority (Permission denied). In order to run benchmarks with high priority, make sure you have the right permissions.
// BeforeAnythingElse

// Benchmark Process Environment Information:
// BenchmarkDotNet v0.15.8
// Runtime=.NET 10.0.12 (10.0.12, 10.0.1226.42308), X64 RyuJIT x86-64-v4
// GC=Concurrent Workstation
// HardwareIntrinsics=AVX512 BITALG+VBMI2+VNNI+VPOPCNTDQ,AVX512 IFMA+VBMI,AVX512 F+BW+CD+DQ+VL,AVX2+BMI1+BMI2+F16C+FMA+LZCNT+MOVBE,AVX,SSE3+SSSE3+SSE4.1+SSE4.2+POPCNT,X86Base+SSE+SSE2,AES+PCLMUL,AvxVnni VectorSize=256
// Job: ShortRun(InvocationCount=1, IterationCount=3, LaunchCount=1, UnrollFactor=1, WarmupCount=3)

OverheadJitting  1: 1 op, 338543.00 ns, 338.5430 us/op
WorkloadJitting  1: 1 op, 117379565.00 ns, 117.3796 ms/op

OverheadWarmup   1: 1 op, 711.00 ns, 711.0000 ns/op
OverheadWarmup   2: 1 op, 641.00 ns, 641.0000 ns/op
OverheadWarmup   3: 1 op, 441.00 ns, 441.0000 ns/op
OverheadWarmup   4: 1 op, 451.00 ns, 451.0000 ns/op
OverheadWarmup   5: 1 op, 461.00 ns, 461.0000 ns/op
OverheadWarmup   6: 1 op, 732.00 ns, 732.0000 ns/op
OverheadWarmup   7: 1 op, 411.00 ns, 411.0000 ns/op
OverheadWarmup   8: 1 op, 501.00 ns, 501.0000 ns/op
OverheadWarmup   9: 1 op, 481.00 ns, 481.0000 ns/op

OverheadActual   1: 1 op, 371.00 ns, 371.0000 ns/op
OverheadActual   2: 1 op, 450.00 ns, 450.0000 ns/op
OverheadActual   3: 1 op, 521.00 ns, 521.0000 ns/op
OverheadActual   4: 1 op, 501.00 ns, 501.0000 ns/op
OverheadActual   5: 1 op, 410.00 ns, 410.0000 ns/op
OverheadActual   6: 1 op, 251.00 ns, 251.0000 ns/op
OverheadActual   7: 1 op, 421.00 ns, 421.0000 ns/op
OverheadActual   8: 1 op, 421.00 ns, 421.0000 ns/op
OverheadActual   9: 1 op, 280.00 ns, 280.0000 ns/op
OverheadActual  10: 1 op, 441.00 ns, 441.0000 ns/op
OverheadActual  11: 1 op, 261.00 ns, 261.0000 ns/op
OverheadActual  12: 1 op, 441.00 ns, 441.0000 ns/op
OverheadActual  13: 1 op, 441.00 ns, 441.0000 ns/op
OverheadActual  14: 1 op, 351.00 ns, 351.0000 ns/op
OverheadActual  15: 1 op, 420.00 ns, 420.0000 ns/op
OverheadActual  16: 1 op, 571.00 ns, 571.0000 ns/op
OverheadActual  17: 1 op, 460.00 ns, 460.0000 ns/op
OverheadActual  18: 1 op, 460.00 ns, 460.0000 ns/op
OverheadActual  19: 1 op, 541.00 ns, 541.0000 ns/op
OverheadActual  20: 1 op, 491.00 ns, 491.0000 ns/op

WorkloadWarmup   1: 1 op, 98607969.00 ns, 98.6080 ms/op
WorkloadWarmup   2: 1 op, 96358499.00 ns, 96.3585 ms/op
WorkloadWarmup   3: 1 op, 96348535.00 ns, 96.3485 ms/op

// BeforeActualRun
WorkloadActual   1: 1 op, 96057625.00 ns, 96.0576 ms/op
WorkloadActual   2: 1 op, 98734958.00 ns, 98.7350 ms/op
WorkloadActual   3: 1 op, 100653523.00 ns, 100.6535 ms/op

// AfterActualRun
WorkloadResult   1: 1 op, 96057184.00 ns, 96.0572 ms/op
WorkloadResult   2: 1 op, 98734517.00 ns, 98.7345 ms/op
WorkloadResult   3: 1 op, 100653082.00 ns, 100.6531 ms/op
// GC:  0 0 0 88888 1
// Threading:  2 64 1
// Exceptions:  128

// AfterAll
// Benchmark Process 1624697 has exited with code 0.

Mean = 98.482 ms, StdErr = 1.333 ms (1.35%), N = 3, StdDev = 2.308 ms
Min = 96.057 ms, Q1 = 97.396 ms, Median = 98.735 ms, Q3 = 99.694 ms, Max = 100.653 ms
IQR = 2.298 ms, LowerFence = 93.949 ms, UpperFence = 103.141 ms
ConfidenceInterval = [56.368 ms; 140.595 ms] (CI 99.9%), Margin = 42.113 ms (42.76% of Mean)
Skewness = -0.11, Kurtosis = 0.67, MValue = 2

// ** Remained 43 (43.4%) benchmark(s) to run. Estimated finish 2026-09-22 17:03 (0h 0m from now) **
// **************************
// Benchmark: SessionSetupDecompositionBenchmarks.ComponentA1_AssociationTablePreSeed: ShortRun(InvocationCount=1, IterationCount=3, LaunchCount=1, UnrollFactor=1, WarmupCount=3) [Sessions=100]
// *** Execute ***
// Launch: 1 / 1
// Execute: dotnet WinForward.Benchmarks-ShortRun-1.dll --anonymousPipes 123 125 --benchmarkName "WinForward.Benchmarks.Perf.SessionSetupDecompositionBenchmarks.ComponentA1_AssociationTablePreSeed(Sessions: 100)" --job ShortRun --benchmarkId 56 in /home/paff/Projects/WinForward/benchmarks/WinForward.Benchmarks/bin/Release/net10.0/WinForward.Benchmarks-ShortRun-1/bin/Release/net10.0
// Failed to set up high priority (Permission denied). In order to run benchmarks with high priority, make sure you have the right permissions.
// BeforeAnythingElse

// Benchmark Process Environment Information:
// BenchmarkDotNet v0.15.8
// Runtime=.NET 10.0.12 (10.0.12, 10.0.1226.42308), X64 RyuJIT x86-64-v4
// GC=Concurrent Workstation
// HardwareIntrinsics=AVX512 BITALG+VBMI2+VNNI+VPOPCNTDQ,AVX512 IFMA+VBMI,AVX512 F+BW+CD+DQ+VL,AVX2+BMI1+BMI2+F16C+FMA+LZCNT+MOVBE,AVX,SSE3+SSSE3+SSE4.1+SSE4.2+POPCNT,X86Base+SSE+SSE2,AES+PCLMUL,AvxVnni VectorSize=256
// Job: ShortRun(InvocationCount=1, IterationCount=3, LaunchCount=1, UnrollFactor=1, WarmupCount=3)

OverheadJitting  1: 1 op, 633447.00 ns, 633.4470 us/op
WorkloadJitting  1: 1 op, 2776935.00 ns, 2.7769 ms/op

OverheadWarmup   1: 1 op, 621.00 ns, 621.0000 ns/op
OverheadWarmup   2: 1 op, 481.00 ns, 481.0000 ns/op
OverheadWarmup   3: 1 op, 501.00 ns, 501.0000 ns/op
OverheadWarmup   4: 1 op, 450.00 ns, 450.0000 ns/op
OverheadWarmup   5: 1 op, 561.00 ns, 561.0000 ns/op
OverheadWarmup   6: 1 op, 451.00 ns, 451.0000 ns/op

OverheadActual   1: 1 op, 641.00 ns, 641.0000 ns/op
OverheadActual   2: 1 op, 511.00 ns, 511.0000 ns/op
OverheadActual   3: 1 op, 581.00 ns, 581.0000 ns/op
OverheadActual   4: 1 op, 481.00 ns, 481.0000 ns/op
OverheadActual   5: 1 op, 461.00 ns, 461.0000 ns/op
OverheadActual   6: 1 op, 831.00 ns, 831.0000 ns/op
OverheadActual   7: 1 op, 461.00 ns, 461.0000 ns/op
OverheadActual   8: 1 op, 471.00 ns, 471.0000 ns/op
OverheadActual   9: 1 op, 471.00 ns, 471.0000 ns/op
OverheadActual  10: 1 op, 491.00 ns, 491.0000 ns/op
OverheadActual  11: 1 op, 531.00 ns, 531.0000 ns/op
OverheadActual  12: 1 op, 521.00 ns, 521.0000 ns/op
OverheadActual  13: 1 op, 481.00 ns, 481.0000 ns/op
OverheadActual  14: 1 op, 461.00 ns, 461.0000 ns/op
OverheadActual  15: 1 op, 521.00 ns, 521.0000 ns/op
OverheadActual  16: 1 op, 501.00 ns, 501.0000 ns/op
OverheadActual  17: 1 op, 551.00 ns, 551.0000 ns/op
OverheadActual  18: 1 op, 471.00 ns, 471.0000 ns/op
OverheadActual  19: 1 op, 521.00 ns, 521.0000 ns/op
OverheadActual  20: 1 op, 981.00 ns, 981.0000 ns/op

WorkloadWarmup   1: 1 op, 50132.00 ns, 50.1320 us/op
WorkloadWarmup   2: 1 op, 9899.00 ns, 9.8990 us/op
WorkloadWarmup   3: 1 op, 7284.00 ns, 7.2840 us/op

// BeforeActualRun
WorkloadActual   1: 1 op, 62495.00 ns, 62.4950 us/op
WorkloadActual   2: 1 op, 8115.00 ns, 8.1150 us/op
WorkloadActual   3: 1 op, 12052.00 ns, 12.0520 us/op

// AfterActualRun
WorkloadResult   1: 1 op, 61989.00 ns, 61.9890 us/op
WorkloadResult   2: 1 op, 7609.00 ns, 7.6090 us/op
WorkloadResult   3: 1 op, 11546.00 ns, 11.5460 us/op
// GC:  0 0 0 32192 1
// Threading:  0 0 1

// AfterAll
// Benchmark Process 1625224 has exited with code 0.

Mean = 27.048 us, StdErr = 17.507 us (64.73%), N = 3, StdDev = 30.324 us
Min = 7.609 us, Q1 = 9.578 us, Median = 11.546 us, Q3 = 36.767 us, Max = 61.989 us
IQR = 27.190 us, LowerFence = -31.207 us, UpperFence = 77.552 us
ConfidenceInterval = [-526.170 us; 580.266 us] (CI 99.9%), Margin = 553.218 us (2045.32% of Mean)
Skewness = 0.38, Kurtosis = 0.67, MValue = 2

// ** Remained 42 (42.4%) benchmark(s) to run. Estimated finish 2026-09-22 17:03 (0h 0m from now) **
// **************************
// Benchmark: SessionSetupDecompositionBenchmarks.ComponentA2_SessionDictionaryPreSeed: ShortRun(InvocationCount=1, IterationCount=3, LaunchCount=1, UnrollFactor=1, WarmupCount=3) [Sessions=100]
// *** Execute ***
// Launch: 1 / 1
// Execute: dotnet WinForward.Benchmarks-ShortRun-1.dll --anonymousPipes 123 125 --benchmarkName "WinForward.Benchmarks.Perf.SessionSetupDecompositionBenchmarks.ComponentA2_SessionDictionaryPreSeed(Sessions: 100)" --job ShortRun --benchmarkId 57 in /home/paff/Projects/WinForward/benchmarks/WinForward.Benchmarks/bin/Release/net10.0/WinForward.Benchmarks-ShortRun-1/bin/Release/net10.0
// Failed to set up high priority (Permission denied). In order to run benchmarks with high priority, make sure you have the right permissions.
// BeforeAnythingElse

// Benchmark Process Environment Information:
// BenchmarkDotNet v0.15.8
// Runtime=.NET 10.0.12 (10.0.12, 10.0.1226.42308), X64 RyuJIT x86-64-v4
// GC=Concurrent Workstation
// HardwareIntrinsics=AVX512 BITALG+VBMI2+VNNI+VPOPCNTDQ,AVX512 IFMA+VBMI,AVX512 F+BW+CD+DQ+VL,AVX2+BMI1+BMI2+F16C+FMA+LZCNT+MOVBE,AVX,SSE3+SSSE3+SSE4.1+SSE4.2+POPCNT,X86Base+SSE+SSE2,AES+PCLMUL,AvxVnni VectorSize=256
// Job: ShortRun(InvocationCount=1, IterationCount=3, LaunchCount=1, UnrollFactor=1, WarmupCount=3)

OverheadJitting  1: 1 op, 290785.00 ns, 290.7850 us/op
WorkloadJitting  1: 1 op, 1908535.00 ns, 1.9085 ms/op

OverheadWarmup   1: 1 op, 591.00 ns, 591.0000 ns/op
OverheadWarmup   2: 1 op, 481.00 ns, 481.0000 ns/op
OverheadWarmup   3: 1 op, 461.00 ns, 461.0000 ns/op
OverheadWarmup   4: 1 op, 461.00 ns, 461.0000 ns/op
OverheadWarmup   5: 1 op, 451.00 ns, 451.0000 ns/op
OverheadWarmup   6: 1 op, 491.00 ns, 491.0000 ns/op
OverheadWarmup   7: 1 op, 902.00 ns, 902.0000 ns/op
OverheadWarmup   8: 1 op, 531.00 ns, 531.0000 ns/op

OverheadActual   1: 1 op, 602.00 ns, 602.0000 ns/op
OverheadActual   2: 1 op, 791.00 ns, 791.0000 ns/op
OverheadActual   3: 1 op, 681.00 ns, 681.0000 ns/op
OverheadActual   4: 1 op, 401.00 ns, 401.0000 ns/op
OverheadActual   5: 1 op, 501.00 ns, 501.0000 ns/op
OverheadActual   6: 1 op, 411.00 ns, 411.0000 ns/op
OverheadActual   7: 1 op, 471.00 ns, 471.0000 ns/op
OverheadActual   8: 1 op, 551.00 ns, 551.0000 ns/op
OverheadActual   9: 1 op, 571.00 ns, 571.0000 ns/op
OverheadActual  10: 1 op, 461.00 ns, 461.0000 ns/op
OverheadActual  11: 1 op, 541.00 ns, 541.0000 ns/op
OverheadActual  12: 1 op, 511.00 ns, 511.0000 ns/op
OverheadActual  13: 1 op, 491.00 ns, 491.0000 ns/op
OverheadActual  14: 1 op, 391.00 ns, 391.0000 ns/op
OverheadActual  15: 1 op, 411.00 ns, 411.0000 ns/op
OverheadActual  16: 1 op, 411.00 ns, 411.0000 ns/op
OverheadActual  17: 1 op, 401.00 ns, 401.0000 ns/op
OverheadActual  18: 1 op, 471.00 ns, 471.0000 ns/op
OverheadActual  19: 1 op, 441.00 ns, 441.0000 ns/op
OverheadActual  20: 1 op, 431.00 ns, 431.0000 ns/op

WorkloadWarmup   1: 1 op, 37259.00 ns, 37.2590 us/op
WorkloadWarmup   2: 1 op, 4859.00 ns, 4.8590 us/op
WorkloadWarmup   3: 1 op, 5230.00 ns, 5.2300 us/op

// BeforeActualRun
WorkloadActual   1: 1 op, 207012.00 ns, 207.0120 us/op
WorkloadActual   2: 1 op, 5039.00 ns, 5.0390 us/op
WorkloadActual   3: 1 op, 5570.00 ns, 5.5700 us/op

// AfterActualRun
WorkloadResult   1: 1 op, 206541.00 ns, 206.5410 us/op
WorkloadResult   2: 1 op, 4568.00 ns, 4.5680 us/op
WorkloadResult   3: 1 op, 5099.00 ns, 5.0990 us/op
// GC:  0 0 0 15968 1
// Threading:  0 0 1

// AfterAll
// Benchmark Process 1625233 has exited with code 0.

Mean = 72.069 us, StdErr = 67.236 us (93.29%), N = 3, StdDev = 116.456 us
Min = 4.568 us, Q1 = 4.833 us, Median = 5.099 us, Q3 = 105.820 us, Max = 206.541 us
IQR = 100.987 us, LowerFence = -146.646 us, UpperFence = 257.300 us
ConfidenceInterval = [-2,052.525 us; 2,196.664 us] (CI 99.9%), Margin = 2,124.594 us (2947.99% of Mean)
Skewness = 0.38, Kurtosis = 0.67, MValue = 2

// ** Remained 41 (41.4%) benchmark(s) to run. Estimated finish 2026-09-22 17:03 (0h 0m from now) **
// **************************
// Benchmark: SessionSetupDecompositionBenchmarks.ComponentA3_CooldownTableConstruction: ShortRun(InvocationCount=1, IterationCount=3, LaunchCount=1, UnrollFactor=1, WarmupCount=3) [Sessions=100]
// *** Execute ***
// Launch: 1 / 1
// Execute: dotnet WinForward.Benchmarks-ShortRun-1.dll --anonymousPipes 123 125 --benchmarkName "WinForward.Benchmarks.Perf.SessionSetupDecompositionBenchmarks.ComponentA3_CooldownTableConstruction(Sessions: 100)" --job ShortRun --benchmarkId 58 in /home/paff/Projects/WinForward/benchmarks/WinForward.Benchmarks/bin/Release/net10.0/WinForward.Benchmarks-ShortRun-1/bin/Release/net10.0
// Failed to set up high priority (Permission denied). In order to run benchmarks with high priority, make sure you have the right permissions.
// BeforeAnythingElse

// Benchmark Process Environment Information:
// BenchmarkDotNet v0.15.8
// Runtime=.NET 10.0.12 (10.0.12, 10.0.1226.42308), X64 RyuJIT x86-64-v4
// GC=Concurrent Workstation
// HardwareIntrinsics=AVX512 BITALG+VBMI2+VNNI+VPOPCNTDQ,AVX512 IFMA+VBMI,AVX512 F+BW+CD+DQ+VL,AVX2+BMI1+BMI2+F16C+FMA+LZCNT+MOVBE,AVX,SSE3+SSSE3+SSE4.1+SSE4.2+POPCNT,X86Base+SSE+SSE2,AES+PCLMUL,AvxVnni VectorSize=256
// Job: ShortRun(InvocationCount=1, IterationCount=3, LaunchCount=1, UnrollFactor=1, WarmupCount=3)

OverheadJitting  1: 1 op, 395058.00 ns, 395.0580 us/op
WorkloadJitting  1: 1 op, 1996898.00 ns, 1.9969 ms/op

OverheadWarmup   1: 1 op, 511.00 ns, 511.0000 ns/op
OverheadWarmup   2: 1 op, 561.00 ns, 561.0000 ns/op
OverheadWarmup   3: 1 op, 792.00 ns, 792.0000 ns/op
OverheadWarmup   4: 1 op, 571.00 ns, 571.0000 ns/op
OverheadWarmup   5: 1 op, 811.00 ns, 811.0000 ns/op
OverheadWarmup   6: 1 op, 390.00 ns, 390.0000 ns/op

OverheadActual   1: 1 op, 441.00 ns, 441.0000 ns/op
OverheadActual   2: 1 op, 451.00 ns, 451.0000 ns/op
OverheadActual   3: 1 op, 451.00 ns, 451.0000 ns/op
OverheadActual   4: 1 op, 461.00 ns, 461.0000 ns/op
OverheadActual   5: 1 op, 401.00 ns, 401.0000 ns/op
OverheadActual   6: 1 op, 451.00 ns, 451.0000 ns/op
OverheadActual   7: 1 op, 450.00 ns, 450.0000 ns/op
OverheadActual   8: 1 op, 601.00 ns, 601.0000 ns/op
OverheadActual   9: 1 op, 431.00 ns, 431.0000 ns/op
OverheadActual  10: 1 op, 430.00 ns, 430.0000 ns/op
OverheadActual  11: 1 op, 461.00 ns, 461.0000 ns/op
OverheadActual  12: 1 op, 471.00 ns, 471.0000 ns/op
OverheadActual  13: 1 op, 451.00 ns, 451.0000 ns/op
OverheadActual  14: 1 op, 471.00 ns, 471.0000 ns/op
OverheadActual  15: 1 op, 451.00 ns, 451.0000 ns/op

WorkloadWarmup   1: 1 op, 4549.00 ns, 4.5490 us/op
WorkloadWarmup   2: 1 op, 4288.00 ns, 4.2880 us/op
WorkloadWarmup   3: 1 op, 4057.00 ns, 4.0570 us/op

// BeforeActualRun
WorkloadActual   1: 1 op, 17722.00 ns, 17.7220 us/op
WorkloadActual   2: 1 op, 3927.00 ns, 3.9270 us/op
WorkloadActual   3: 1 op, 4057.00 ns, 4.0570 us/op

// AfterActualRun
WorkloadResult   1: 1 op, 17271.00 ns, 17.2710 us/op
WorkloadResult   2: 1 op, 3476.00 ns, 3.4760 us/op
WorkloadResult   3: 1 op, 3606.00 ns, 3.6060 us/op
// GC:  0 0 0 160 1
// Threading:  0 0 1

// AfterAll
// Benchmark Process 1625242 has exited with code 0.

Mean = 8.118 us, StdErr = 4.577 us (56.38%), N = 3, StdDev = 7.927 us
Min = 3.476 us, Q1 = 3.541 us, Median = 3.606 us, Q3 = 10.438 us, Max = 17.271 us
IQR = 6.897 us, LowerFence = -6.805 us, UpperFence = 20.785 us
ConfidenceInterval = [-136.506 us; 152.741 us] (CI 99.9%), Margin = 144.623 us (1781.59% of Mean)
Skewness = 0.38, Kurtosis = 0.67, MValue = 2

// ** Remained 40 (40.4%) benchmark(s) to run. Estimated finish 2026-09-22 17:03 (0h 0m from now) **
// **************************
// Benchmark: SessionSetupDecompositionBenchmarks.ComponentA4_SlotAndQueueObjects: ShortRun(InvocationCount=1, IterationCount=3, LaunchCount=1, UnrollFactor=1, WarmupCount=3) [Sessions=100]
// *** Execute ***
// Launch: 1 / 1
// Execute: dotnet WinForward.Benchmarks-ShortRun-1.dll --anonymousPipes 123 125 --benchmarkName "WinForward.Benchmarks.Perf.SessionSetupDecompositionBenchmarks.ComponentA4_SlotAndQueueObjects(Sessions: 100)" --job ShortRun --benchmarkId 59 in /home/paff/Projects/WinForward/benchmarks/WinForward.Benchmarks/bin/Release/net10.0/WinForward.Benchmarks-ShortRun-1/bin/Release/net10.0
// Failed to set up high priority (Permission denied). In order to run benchmarks with high priority, make sure you have the right permissions.
// BeforeAnythingElse

// Benchmark Process Environment Information:
// BenchmarkDotNet v0.15.8
// Runtime=.NET 10.0.12 (10.0.12, 10.0.1226.42308), X64 RyuJIT x86-64-v4
// GC=Concurrent Workstation
// HardwareIntrinsics=AVX512 BITALG+VBMI2+VNNI+VPOPCNTDQ,AVX512 IFMA+VBMI,AVX512 F+BW+CD+DQ+VL,AVX2+BMI1+BMI2+F16C+FMA+LZCNT+MOVBE,AVX,SSE3+SSSE3+SSE4.1+SSE4.2+POPCNT,X86Base+SSE+SSE2,AES+PCLMUL,AvxVnni VectorSize=256
// Job: ShortRun(InvocationCount=1, IterationCount=3, LaunchCount=1, UnrollFactor=1, WarmupCount=3)

OverheadJitting  1: 1 op, 418611.00 ns, 418.6110 us/op
WorkloadJitting  1: 1 op, 1236327.00 ns, 1.2363 ms/op

OverheadWarmup   1: 1 op, 511.00 ns, 511.0000 ns/op
OverheadWarmup   2: 1 op, 490.00 ns, 490.0000 ns/op
OverheadWarmup   3: 1 op, 451.00 ns, 451.0000 ns/op
OverheadWarmup   4: 1 op, 461.00 ns, 461.0000 ns/op
OverheadWarmup   5: 1 op, 872.00 ns, 872.0000 ns/op
OverheadWarmup   6: 1 op, 450.00 ns, 450.0000 ns/op
OverheadWarmup   7: 1 op, 451.00 ns, 451.0000 ns/op
OverheadWarmup   8: 1 op, 541.00 ns, 541.0000 ns/op
OverheadWarmup   9: 1 op, 471.00 ns, 471.0000 ns/op

OverheadActual   1: 1 op, 671.00 ns, 671.0000 ns/op
OverheadActual   2: 1 op, 651.00 ns, 651.0000 ns/op
OverheadActual   3: 1 op, 451.00 ns, 451.0000 ns/op
OverheadActual   4: 1 op, 471.00 ns, 471.0000 ns/op
OverheadActual   5: 1 op, 441.00 ns, 441.0000 ns/op
OverheadActual   6: 1 op, 271.00 ns, 271.0000 ns/op
OverheadActual   7: 1 op, 260.00 ns, 260.0000 ns/op
OverheadActual   8: 1 op, 491.00 ns, 491.0000 ns/op
OverheadActual   9: 1 op, 461.00 ns, 461.0000 ns/op
OverheadActual  10: 1 op, 681.00 ns, 681.0000 ns/op
OverheadActual  11: 1 op, 541.00 ns, 541.0000 ns/op
OverheadActual  12: 1 op, 260.00 ns, 260.0000 ns/op
OverheadActual  13: 1 op, 451.00 ns, 451.0000 ns/op
OverheadActual  14: 1 op, 471.00 ns, 471.0000 ns/op
OverheadActual  15: 1 op, 271.00 ns, 271.0000 ns/op
OverheadActual  16: 1 op, 460.00 ns, 460.0000 ns/op
OverheadActual  17: 1 op, 250.00 ns, 250.0000 ns/op
OverheadActual  18: 1 op, 511.00 ns, 511.0000 ns/op
OverheadActual  19: 1 op, 511.00 ns, 511.0000 ns/op
OverheadActual  20: 1 op, 551.00 ns, 551.0000 ns/op

WorkloadWarmup   1: 1 op, 44742.00 ns, 44.7420 us/op
WorkloadWarmup   2: 1 op, 7293.00 ns, 7.2930 us/op
WorkloadWarmup   3: 1 op, 7033.00 ns, 7.0330 us/op

// BeforeActualRun
WorkloadActual   1: 1 op, 63798.00 ns, 63.7980 us/op
WorkloadActual   2: 1 op, 7223.00 ns, 7.2230 us/op
WorkloadActual   3: 1 op, 7834.00 ns, 7.8340 us/op

// AfterActualRun
WorkloadResult   1: 1 op, 63332.00 ns, 63.3320 us/op
WorkloadResult   2: 1 op, 6757.00 ns, 6.7570 us/op
WorkloadResult   3: 1 op, 7368.00 ns, 7.3680 us/op
// GC:  0 0 0 14400 1
// Threading:  0 0 1

// AfterAll
// Benchmark Process 1625256 has exited with code 0.

Mean = 25.819 us, StdErr = 18.757 us (72.65%), N = 3, StdDev = 32.489 us
Min = 6.757 us, Q1 = 7.062 us, Median = 7.368 us, Q3 = 35.350 us, Max = 63.332 us
IQR = 28.288 us, LowerFence = -35.369 us, UpperFence = 77.781 us
ConfidenceInterval = [-566.895 us; 618.533 us] (CI 99.9%), Margin = 592.714 us (2295.65% of Mean)
Skewness = 0.38, Kurtosis = 0.67, MValue = 2

// ** Remained 39 (39.4%) benchmark(s) to run. Estimated finish 2026-09-22 17:03 (0h 0m from now) **
// **************************
// Benchmark: SessionSetupDecompositionBenchmarks.ComponentA5_CompletionCell: ShortRun(InvocationCount=1, IterationCount=3, LaunchCount=1, UnrollFactor=1, WarmupCount=3) [Sessions=100]
// *** Execute ***
// Launch: 1 / 1
// Execute: dotnet WinForward.Benchmarks-ShortRun-1.dll --anonymousPipes 123 125 --benchmarkName "WinForward.Benchmarks.Perf.SessionSetupDecompositionBenchmarks.ComponentA5_CompletionCell(Sessions: 100)" --job ShortRun --benchmarkId 60 in /home/paff/Projects/WinForward/benchmarks/WinForward.Benchmarks/bin/Release/net10.0/WinForward.Benchmarks-ShortRun-1/bin/Release/net10.0
// Failed to set up high priority (Permission denied). In order to run benchmarks with high priority, make sure you have the right permissions.
// BeforeAnythingElse

// Benchmark Process Environment Information:
// BenchmarkDotNet v0.15.8
// Runtime=.NET 10.0.12 (10.0.12, 10.0.1226.42308), X64 RyuJIT x86-64-v4
// GC=Concurrent Workstation
// HardwareIntrinsics=AVX512 BITALG+VBMI2+VNNI+VPOPCNTDQ,AVX512 IFMA+VBMI,AVX512 F+BW+CD+DQ+VL,AVX2+BMI1+BMI2+F16C+FMA+LZCNT+MOVBE,AVX,SSE3+SSSE3+SSE4.1+SSE4.2+POPCNT,X86Base+SSE+SSE2,AES+PCLMUL,AvxVnni VectorSize=256
// Job: ShortRun(InvocationCount=1, IterationCount=3, LaunchCount=1, UnrollFactor=1, WarmupCount=3)

OverheadJitting  1: 1 op, 325420.00 ns, 325.4200 us/op
WorkloadJitting  1: 1 op, 814841.00 ns, 814.8410 us/op

OverheadWarmup   1: 1 op, 581.00 ns, 581.0000 ns/op
OverheadWarmup   2: 1 op, 370.00 ns, 370.0000 ns/op
OverheadWarmup   3: 1 op, 340.00 ns, 340.0000 ns/op
OverheadWarmup   4: 1 op, 361.00 ns, 361.0000 ns/op
OverheadWarmup   5: 1 op, 341.00 ns, 341.0000 ns/op
OverheadWarmup   6: 1 op, 340.00 ns, 340.0000 ns/op
OverheadWarmup   7: 1 op, 531.00 ns, 531.0000 ns/op
OverheadWarmup   8: 1 op, 371.00 ns, 371.0000 ns/op

OverheadActual   1: 1 op, 521.00 ns, 521.0000 ns/op
OverheadActual   2: 1 op, 451.00 ns, 451.0000 ns/op
OverheadActual   3: 1 op, 451.00 ns, 451.0000 ns/op
OverheadActual   4: 1 op, 441.00 ns, 441.0000 ns/op
OverheadActual   5: 1 op, 480.00 ns, 480.0000 ns/op
OverheadActual   6: 1 op, 531.00 ns, 531.0000 ns/op
OverheadActual   7: 1 op, 491.00 ns, 491.0000 ns/op
OverheadActual   8: 1 op, 541.00 ns, 541.0000 ns/op
OverheadActual   9: 1 op, 361.00 ns, 361.0000 ns/op
OverheadActual  10: 1 op, 371.00 ns, 371.0000 ns/op
OverheadActual  11: 1 op, 361.00 ns, 361.0000 ns/op
OverheadActual  12: 1 op, 471.00 ns, 471.0000 ns/op
OverheadActual  13: 1 op, 331.00 ns, 331.0000 ns/op
OverheadActual  14: 1 op, 340.00 ns, 340.0000 ns/op
OverheadActual  15: 1 op, 521.00 ns, 521.0000 ns/op
OverheadActual  16: 1 op, 541.00 ns, 541.0000 ns/op
OverheadActual  17: 1 op, 531.00 ns, 531.0000 ns/op
OverheadActual  18: 1 op, 551.00 ns, 551.0000 ns/op
OverheadActual  19: 1 op, 501.00 ns, 501.0000 ns/op
OverheadActual  20: 1 op, 531.00 ns, 531.0000 ns/op

WorkloadWarmup   1: 1 op, 37339.00 ns, 37.3390 us/op
WorkloadWarmup   2: 1 op, 8856.00 ns, 8.8560 us/op
WorkloadWarmup   3: 1 op, 8406.00 ns, 8.4060 us/op

// BeforeActualRun
WorkloadActual   1: 1 op, 41927.00 ns, 41.9270 us/op
WorkloadActual   2: 1 op, 7303.00 ns, 7.3030 us/op
WorkloadActual   3: 1 op, 8225.00 ns, 8.2250 us/op

// AfterActualRun
WorkloadResult   1: 1 op, 41441.50 ns, 41.4415 us/op
WorkloadResult   2: 1 op, 6817.50 ns, 6.8175 us/op
WorkloadResult   3: 1 op, 7739.50 ns, 7.7395 us/op
// GC:  0 0 0 8800 1
// Threading:  0 0 1

// AfterAll
// Benchmark Process 1625265 has exited with code 0.

Mean = 18.666 us, StdErr = 11.391 us (61.02%), N = 3, StdDev = 19.729 us
Min = 6.817 us, Q1 = 7.279 us, Median = 7.739 us, Q3 = 24.590 us, Max = 41.441 us
IQR = 17.312 us, LowerFence = -18.689 us, UpperFence = 50.559 us
ConfidenceInterval = [-341.272 us; 378.604 us] (CI 99.9%), Margin = 359.938 us (1928.29% of Mean)
Skewness = 0.38, Kurtosis = 0.67, MValue = 2

// ** Remained 38 (38.4%) benchmark(s) to run. Estimated finish 2026-09-22 17:03 (0h 0m from now) **
// **************************
// Benchmark: SessionSetupDecompositionBenchmarks.ComponentA6_ColdRent: ShortRun(InvocationCount=1, IterationCount=3, LaunchCount=1, UnrollFactor=1, WarmupCount=3) [Sessions=100]
// *** Execute ***
// Launch: 1 / 1
// Execute: dotnet WinForward.Benchmarks-ShortRun-1.dll --anonymousPipes 123 125 --benchmarkName "WinForward.Benchmarks.Perf.SessionSetupDecompositionBenchmarks.ComponentA6_ColdRent(Sessions: 100)" --job ShortRun --benchmarkId 61 in /home/paff/Projects/WinForward/benchmarks/WinForward.Benchmarks/bin/Release/net10.0/WinForward.Benchmarks-ShortRun-1/bin/Release/net10.0
// Failed to set up high priority (Permission denied). In order to run benchmarks with high priority, make sure you have the right permissions.
// BeforeAnythingElse

// Benchmark Process Environment Information:
// BenchmarkDotNet v0.15.8
// Runtime=.NET 10.0.12 (10.0.12, 10.0.1226.42308), X64 RyuJIT x86-64-v4
// GC=Concurrent Workstation
// HardwareIntrinsics=AVX512 BITALG+VBMI2+VNNI+VPOPCNTDQ,AVX512 IFMA+VBMI,AVX512 F+BW+CD+DQ+VL,AVX2+BMI1+BMI2+F16C+FMA+LZCNT+MOVBE,AVX,SSE3+SSSE3+SSE4.1+SSE4.2+POPCNT,X86Base+SSE+SSE2,AES+PCLMUL,AvxVnni VectorSize=256
// Job: ShortRun(InvocationCount=1, IterationCount=3, LaunchCount=1, UnrollFactor=1, WarmupCount=3)

OverheadJitting  1: 1 op, 255460.00 ns, 255.4600 us/op
WorkloadJitting  1: 1 op, 2179233.00 ns, 2.1792 ms/op

OverheadWarmup   1: 1 op, 421.00 ns, 421.0000 ns/op
OverheadWarmup   2: 1 op, 321.00 ns, 321.0000 ns/op
OverheadWarmup   3: 1 op, 451.00 ns, 451.0000 ns/op
OverheadWarmup   4: 1 op, 411.00 ns, 411.0000 ns/op
OverheadWarmup   5: 1 op, 450.00 ns, 450.0000 ns/op
OverheadWarmup   6: 1 op, 391.00 ns, 391.0000 ns/op

OverheadActual   1: 1 op, 400.00 ns, 400.0000 ns/op
OverheadActual   2: 1 op, 451.00 ns, 451.0000 ns/op
OverheadActual   3: 1 op, 431.00 ns, 431.0000 ns/op
OverheadActual   4: 1 op, 450.00 ns, 450.0000 ns/op
OverheadActual   5: 1 op, 721.00 ns, 721.0000 ns/op
OverheadActual   6: 1 op, 461.00 ns, 461.0000 ns/op
OverheadActual   7: 1 op, 451.00 ns, 451.0000 ns/op
OverheadActual   8: 1 op, 461.00 ns, 461.0000 ns/op
OverheadActual   9: 1 op, 280.00 ns, 280.0000 ns/op
OverheadActual  10: 1 op, 741.00 ns, 741.0000 ns/op
OverheadActual  11: 1 op, 531.00 ns, 531.0000 ns/op
OverheadActual  12: 1 op, 411.00 ns, 411.0000 ns/op
OverheadActual  13: 1 op, 471.00 ns, 471.0000 ns/op
OverheadActual  14: 1 op, 451.00 ns, 451.0000 ns/op
OverheadActual  15: 1 op, 341.00 ns, 341.0000 ns/op
OverheadActual  16: 1 op, 441.00 ns, 441.0000 ns/op
OverheadActual  17: 1 op, 451.00 ns, 451.0000 ns/op
OverheadActual  18: 1 op, 471.00 ns, 471.0000 ns/op
OverheadActual  19: 1 op, 480.00 ns, 480.0000 ns/op
OverheadActual  20: 1 op, 441.00 ns, 441.0000 ns/op

WorkloadWarmup   1: 1 op, 66643.00 ns, 66.6430 us/op
WorkloadWarmup   2: 1 op, 36027.00 ns, 36.0270 us/op
WorkloadWarmup   3: 1 op, 14897.00 ns, 14.8970 us/op

// BeforeActualRun
WorkloadActual   1: 1 op, 59750.00 ns, 59.7500 us/op
WorkloadActual   2: 1 op, 17903.00 ns, 17.9030 us/op
WorkloadActual   3: 1 op, 38882.00 ns, 38.8820 us/op

// AfterActualRun
WorkloadResult   1: 1 op, 59299.00 ns, 59.2990 us/op
WorkloadResult   2: 1 op, 17452.00 ns, 17.4520 us/op
WorkloadResult   3: 1 op, 38431.00 ns, 38.4310 us/op
// GC:  0 0 0 29176 1
// Threading:  0 0 1

// AfterAll
// Benchmark Process 1625274 has exited with code 0.

Mean = 38.394 us, StdErr = 12.080 us (31.46%), N = 3, StdDev = 20.924 us
Min = 17.452 us, Q1 = 27.942 us, Median = 38.431 us, Q3 = 48.865 us, Max = 59.299 us
IQR = 20.924 us, LowerFence = -3.444 us, UpperFence = 80.250 us
ConfidenceInterval = [-343.329 us; 420.117 us] (CI 99.9%), Margin = 381.723 us (994.23% of Mean)
Skewness = -0, Kurtosis = 0.67, MValue = 2

// ** Remained 37 (37.4%) benchmark(s) to run. Estimated finish 2026-09-22 17:03 (0h 0m from now) **
// **************************
// Benchmark: SessionSetupDecompositionBenchmarks.ComponentA7_EnqueueCycle: ShortRun(InvocationCount=1, IterationCount=3, LaunchCount=1, UnrollFactor=1, WarmupCount=3) [Sessions=100]
// *** Execute ***
// Launch: 1 / 1
// Execute: dotnet WinForward.Benchmarks-ShortRun-1.dll --anonymousPipes 123 125 --benchmarkName "WinForward.Benchmarks.Perf.SessionSetupDecompositionBenchmarks.ComponentA7_EnqueueCycle(Sessions: 100)" --job ShortRun --benchmarkId 62 in /home/paff/Projects/WinForward/benchmarks/WinForward.Benchmarks/bin/Release/net10.0/WinForward.Benchmarks-ShortRun-1/bin/Release/net10.0
// Failed to set up high priority (Permission denied). In order to run benchmarks with high priority, make sure you have the right permissions.
// BeforeAnythingElse

// Benchmark Process Environment Information:
// BenchmarkDotNet v0.15.8
// Runtime=.NET 10.0.12 (10.0.12, 10.0.1226.42308), X64 RyuJIT x86-64-v4
// GC=Concurrent Workstation
// HardwareIntrinsics=AVX512 BITALG+VBMI2+VNNI+VPOPCNTDQ,AVX512 IFMA+VBMI,AVX512 F+BW+CD+DQ+VL,AVX2+BMI1+BMI2+F16C+FMA+LZCNT+MOVBE,AVX,SSE3+SSSE3+SSE4.1+SSE4.2+POPCNT,X86Base+SSE+SSE2,AES+PCLMUL,AvxVnni VectorSize=256
// Job: ShortRun(InvocationCount=1, IterationCount=3, LaunchCount=1, UnrollFactor=1, WarmupCount=3)

OverheadJitting  1: 1 op, 251894.00 ns, 251.8940 us/op
WorkloadJitting  1: 1 op, 4865722.00 ns, 4.8657 ms/op

OverheadWarmup   1: 1 op, 521.00 ns, 521.0000 ns/op
OverheadWarmup   2: 1 op, 752.00 ns, 752.0000 ns/op
OverheadWarmup   3: 1 op, 351.00 ns, 351.0000 ns/op
OverheadWarmup   4: 1 op, 341.00 ns, 341.0000 ns/op
OverheadWarmup   5: 1 op, 471.00 ns, 471.0000 ns/op
OverheadWarmup   6: 1 op, 451.00 ns, 451.0000 ns/op

OverheadActual   1: 1 op, 501.00 ns, 501.0000 ns/op
OverheadActual   2: 1 op, 451.00 ns, 451.0000 ns/op
OverheadActual   3: 1 op, 511.00 ns, 511.0000 ns/op
OverheadActual   4: 1 op, 431.00 ns, 431.0000 ns/op
OverheadActual   5: 1 op, 431.00 ns, 431.0000 ns/op
OverheadActual   6: 1 op, 581.00 ns, 581.0000 ns/op
OverheadActual   7: 1 op, 380.00 ns, 380.0000 ns/op
OverheadActual   8: 1 op, 290.00 ns, 290.0000 ns/op
OverheadActual   9: 1 op, 330.00 ns, 330.0000 ns/op
OverheadActual  10: 1 op, 471.00 ns, 471.0000 ns/op
OverheadActual  11: 1 op, 311.00 ns, 311.0000 ns/op
OverheadActual  12: 1 op, 320.00 ns, 320.0000 ns/op
OverheadActual  13: 1 op, 320.00 ns, 320.0000 ns/op
OverheadActual  14: 1 op, 511.00 ns, 511.0000 ns/op
OverheadActual  15: 1 op, 411.00 ns, 411.0000 ns/op
OverheadActual  16: 1 op, 361.00 ns, 361.0000 ns/op
OverheadActual  17: 1 op, 341.00 ns, 341.0000 ns/op
OverheadActual  18: 1 op, 341.00 ns, 341.0000 ns/op
OverheadActual  19: 1 op, 421.00 ns, 421.0000 ns/op
OverheadActual  20: 1 op, 290.00 ns, 290.0000 ns/op

WorkloadWarmup   1: 1 op, 44632.00 ns, 44.6320 us/op
WorkloadWarmup   2: 1 op, 36236.00 ns, 36.2360 us/op
WorkloadWarmup   3: 1 op, 35565.00 ns, 35.5650 us/op

// BeforeActualRun
WorkloadActual   1: 1 op, 36968.00 ns, 36.9680 us/op
WorkloadActual   2: 1 op, 37329.00 ns, 37.3290 us/op
WorkloadActual   3: 1 op, 37058.00 ns, 37.0580 us/op

// AfterActualRun
WorkloadResult   1: 1 op, 36572.50 ns, 36.5725 us/op
WorkloadResult   2: 1 op, 36933.50 ns, 36.9335 us/op
WorkloadResult   3: 1 op, 36662.50 ns, 36.6625 us/op
// GC:  0 0 0 1912 1
// Threading:  0 0 1

// AfterAll
// Benchmark Process 1625283 has exited with code 0.

Mean = 36.723 us, StdErr = 0.108 us (0.30%), N = 3, StdDev = 0.188 us
Min = 36.572 us, Q1 = 36.617 us, Median = 36.663 us, Q3 = 36.798 us, Max = 36.934 us
IQR = 0.180 us, LowerFence = 36.347 us, UpperFence = 37.069 us
ConfidenceInterval = [33.295 us; 40.151 us] (CI 99.9%), Margin = 3.428 us (9.34% of Mean)
Skewness = 0.29, Kurtosis = 0.67, MValue = 2

// ** Remained 36 (36.4%) benchmark(s) to run. Estimated finish 2026-09-22 17:03 (0h 0m from now) **
// **************************
// Benchmark: SessionSetupDecompositionBenchmarks.ComponentA8_WarmRentAdmissionAsync: ShortRun(InvocationCount=1, IterationCount=3, LaunchCount=1, UnrollFactor=1, WarmupCount=3) [Sessions=100]
// *** Execute ***
// Launch: 1 / 1
// Execute: dotnet WinForward.Benchmarks-ShortRun-1.dll --anonymousPipes 123 125 --benchmarkName "WinForward.Benchmarks.Perf.SessionSetupDecompositionBenchmarks.ComponentA8_WarmRentAdmissionAsync(Sessions: 100)" --job ShortRun --benchmarkId 63 in /home/paff/Projects/WinForward/benchmarks/WinForward.Benchmarks/bin/Release/net10.0/WinForward.Benchmarks-ShortRun-1/bin/Release/net10.0
// Failed to set up high priority (Permission denied). In order to run benchmarks with high priority, make sure you have the right permissions.
// BeforeAnythingElse

// Benchmark Process Environment Information:
// BenchmarkDotNet v0.15.8
// Runtime=.NET 10.0.12 (10.0.12, 10.0.1226.42308), X64 RyuJIT x86-64-v4
// GC=Concurrent Workstation
// HardwareIntrinsics=AVX512 BITALG+VBMI2+VNNI+VPOPCNTDQ,AVX512 IFMA+VBMI,AVX512 F+BW+CD+DQ+VL,AVX2+BMI1+BMI2+F16C+FMA+LZCNT+MOVBE,AVX,SSE3+SSSE3+SSE4.1+SSE4.2+POPCNT,X86Base+SSE+SSE2,AES+PCLMUL,AvxVnni VectorSize=256
// Job: ShortRun(InvocationCount=1, IterationCount=3, LaunchCount=1, UnrollFactor=1, WarmupCount=3)

OverheadJitting  1: 1 op, 366365.00 ns, 366.3650 us/op
WorkloadJitting  1: 1 op, 23204426.00 ns, 23.2044 ms/op

OverheadWarmup   1: 1 op, 421.00 ns, 421.0000 ns/op
OverheadWarmup   2: 1 op, 400.00 ns, 400.0000 ns/op
OverheadWarmup   3: 1 op, 270.00 ns, 270.0000 ns/op
OverheadWarmup   4: 1 op, 290.00 ns, 290.0000 ns/op
OverheadWarmup   5: 1 op, 391.00 ns, 391.0000 ns/op
OverheadWarmup   6: 1 op, 461.00 ns, 461.0000 ns/op
OverheadWarmup   7: 1 op, 581.00 ns, 581.0000 ns/op
OverheadWarmup   8: 1 op, 391.00 ns, 391.0000 ns/op
OverheadWarmup   9: 1 op, 351.00 ns, 351.0000 ns/op
OverheadWarmup  10: 1 op, 341.00 ns, 341.0000 ns/op

OverheadActual   1: 1 op, 390.00 ns, 390.0000 ns/op
OverheadActual   2: 1 op, 420.00 ns, 420.0000 ns/op
OverheadActual   3: 1 op, 381.00 ns, 381.0000 ns/op
OverheadActual   4: 1 op, 441.00 ns, 441.0000 ns/op
OverheadActual   5: 1 op, 281.00 ns, 281.0000 ns/op
OverheadActual   6: 1 op, 291.00 ns, 291.0000 ns/op
OverheadActual   7: 1 op, 261.00 ns, 261.0000 ns/op
OverheadActual   8: 1 op, 291.00 ns, 291.0000 ns/op
OverheadActual   9: 1 op, 1152.00 ns, 1.1520 us/op
OverheadActual  10: 1 op, 280.00 ns, 280.0000 ns/op
OverheadActual  11: 1 op, 291.00 ns, 291.0000 ns/op
OverheadActual  12: 1 op, 401.00 ns, 401.0000 ns/op
OverheadActual  13: 1 op, 291.00 ns, 291.0000 ns/op
OverheadActual  14: 1 op, 360.00 ns, 360.0000 ns/op
OverheadActual  15: 1 op, 381.00 ns, 381.0000 ns/op
OverheadActual  16: 1 op, 270.00 ns, 270.0000 ns/op
OverheadActual  17: 1 op, 461.00 ns, 461.0000 ns/op
OverheadActual  18: 1 op, 410.00 ns, 410.0000 ns/op
OverheadActual  19: 1 op, 260.00 ns, 260.0000 ns/op
OverheadActual  20: 1 op, 460.00 ns, 460.0000 ns/op

WorkloadWarmup   1: 1 op, 430363.00 ns, 430.3630 us/op
WorkloadWarmup   2: 1 op, 250842.00 ns, 250.8420 us/op
WorkloadWarmup   3: 1 op, 222290.00 ns, 222.2900 us/op

// BeforeActualRun
WorkloadActual   1: 1 op, 320550.00 ns, 320.5500 us/op
WorkloadActual   2: 1 op, 277901.00 ns, 277.9010 us/op
WorkloadActual   3: 1 op, 260940.00 ns, 260.9400 us/op

// AfterActualRun
WorkloadResult   1: 1 op, 320179.50 ns, 320.1795 us/op
WorkloadResult   2: 1 op, 277530.50 ns, 277.5305 us/op
WorkloadResult   3: 1 op, 260569.50 ns, 260.5695 us/op
// GC:  0 0 0 108984 1
// Threading:  0 0 1

// AfterAll
// Benchmark Process 1625297 has exited with code 0.

Mean = 286.093 us, StdErr = 17.733 us (6.20%), N = 3, StdDev = 30.714 us
Min = 260.570 us, Q1 = 269.050 us, Median = 277.531 us, Q3 = 298.855 us, Max = 320.180 us
IQR = 29.805 us, LowerFence = 224.343 us, UpperFence = 343.562 us
ConfidenceInterval = [-274.238 us; 846.424 us] (CI 99.9%), Margin = 560.331 us (195.86% of Mean)
Skewness = 0.26, Kurtosis = 0.67, MValue = 2

// ** Remained 35 (35.4%) benchmark(s) to run. Estimated finish 2026-09-22 17:03 (0h 0m from now) **
// **************************
// Benchmark: SessionSetupDecompositionBenchmarks.ComponentA9a_DictionaryGrowthSpansResize: ShortRun(InvocationCount=1, IterationCount=3, LaunchCount=1, UnrollFactor=1, WarmupCount=3) [Sessions=100]
// *** Execute ***
// Launch: 1 / 1
// Execute: dotnet WinForward.Benchmarks-ShortRun-1.dll --anonymousPipes 123 125 --benchmarkName "WinForward.Benchmarks.Perf.SessionSetupDecompositionBenchmarks.ComponentA9a_DictionaryGrowthSpansResize(Sessions: 100)" --job ShortRun --benchmarkId 64 in /home/paff/Projects/WinForward/benchmarks/WinForward.Benchmarks/bin/Release/net10.0/WinForward.Benchmarks-ShortRun-1/bin/Release/net10.0
// Failed to set up high priority (Permission denied). In order to run benchmarks with high priority, make sure you have the right permissions.
// BeforeAnythingElse

// Benchmark Process Environment Information:
// BenchmarkDotNet v0.15.8
// Runtime=.NET 10.0.12 (10.0.12, 10.0.1226.42308), X64 RyuJIT x86-64-v4
// GC=Concurrent Workstation
// HardwareIntrinsics=AVX512 BITALG+VBMI2+VNNI+VPOPCNTDQ,AVX512 IFMA+VBMI,AVX512 F+BW+CD+DQ+VL,AVX2+BMI1+BMI2+F16C+FMA+LZCNT+MOVBE,AVX,SSE3+SSSE3+SSE4.1+SSE4.2+POPCNT,X86Base+SSE+SSE2,AES+PCLMUL,AvxVnni VectorSize=256
// Job: ShortRun(InvocationCount=1, IterationCount=3, LaunchCount=1, UnrollFactor=1, WarmupCount=3)

OverheadJitting  1: 1 op, 278283.00 ns, 278.2830 us/op
WorkloadJitting  1: 1 op, 12591041.00 ns, 12.5910 ms/op

OverheadWarmup   1: 1 op, 401.00 ns, 401.0000 ns/op
OverheadWarmup   2: 1 op, 441.00 ns, 441.0000 ns/op
OverheadWarmup   3: 1 op, 361.00 ns, 361.0000 ns/op
OverheadWarmup   4: 1 op, 401.00 ns, 401.0000 ns/op
OverheadWarmup   5: 1 op, 421.00 ns, 421.0000 ns/op
OverheadWarmup   6: 1 op, 351.00 ns, 351.0000 ns/op

OverheadActual   1: 1 op, 411.00 ns, 411.0000 ns/op
OverheadActual   2: 1 op, 421.00 ns, 421.0000 ns/op
OverheadActual   3: 1 op, 421.00 ns, 421.0000 ns/op
OverheadActual   4: 1 op, 431.00 ns, 431.0000 ns/op
OverheadActual   5: 1 op, 421.00 ns, 421.0000 ns/op
OverheadActual   6: 1 op, 341.00 ns, 341.0000 ns/op
OverheadActual   7: 1 op, 491.00 ns, 491.0000 ns/op
OverheadActual   8: 1 op, 401.00 ns, 401.0000 ns/op
OverheadActual   9: 1 op, 411.00 ns, 411.0000 ns/op
OverheadActual  10: 1 op, 271.00 ns, 271.0000 ns/op
OverheadActual  11: 1 op, 420.00 ns, 420.0000 ns/op
OverheadActual  12: 1 op, 400.00 ns, 400.0000 ns/op
OverheadActual  13: 1 op, 481.00 ns, 481.0000 ns/op
OverheadActual  14: 1 op, 351.00 ns, 351.0000 ns/op
OverheadActual  15: 1 op, 441.00 ns, 441.0000 ns/op
OverheadActual  16: 1 op, 370.00 ns, 370.0000 ns/op
OverheadActual  17: 1 op, 531.00 ns, 531.0000 ns/op
OverheadActual  18: 1 op, 430.00 ns, 430.0000 ns/op
OverheadActual  19: 1 op, 381.00 ns, 381.0000 ns/op
OverheadActual  20: 1 op, 361.00 ns, 361.0000 ns/op

WorkloadWarmup   1: 1 op, 2522706.00 ns, 2.5227 ms/op
WorkloadWarmup   2: 1 op, 1910028.00 ns, 1.9100 ms/op
WorkloadWarmup   3: 1 op, 1770661.00 ns, 1.7707 ms/op

// BeforeActualRun
WorkloadActual   1: 1 op, 5944990.00 ns, 5.9450 ms/op
WorkloadActual   2: 1 op, 1687207.00 ns, 1.6872 ms/op
WorkloadActual   3: 1 op, 1776382.00 ns, 1.7764 ms/op

// AfterActualRun
WorkloadResult   1: 1 op, 5944574.50 ns, 5.9446 ms/op
WorkloadResult   2: 1 op, 1686791.50 ns, 1.6868 ms/op
WorkloadResult   3: 1 op, 1775966.50 ns, 1.7760 ms/op
// GC:  0 0 0 950584 1
// Threading:  0 0 1

// AfterAll
// Benchmark Process 1625308 has exited with code 0.

Mean = 3.136 ms, StdErr = 1.405 ms (44.79%), N = 3, StdDev = 2.433 ms
Min = 1.687 ms, Q1 = 1.731 ms, Median = 1.776 ms, Q3 = 3.860 ms, Max = 5.945 ms
IQR = 2.129 ms, LowerFence = -1.462 ms, UpperFence = 7.054 ms
ConfidenceInterval = [-41.249 ms; 47.521 ms] (CI 99.9%), Margin = 44.385 ms (1415.44% of Mean)
Skewness = 0.38, Kurtosis = 0.67, MValue = 2

// ** Remained 34 (34.3%) benchmark(s) to run. Estimated finish 2026-09-22 17:03 (0h 0m from now) **
// **************************
// Benchmark: SessionSetupDecompositionBenchmarks.ComponentA9b_DictionaryGrowthNoResize: ShortRun(InvocationCount=1, IterationCount=3, LaunchCount=1, UnrollFactor=1, WarmupCount=3) [Sessions=100]
// *** Execute ***
// Launch: 1 / 1
// Execute: dotnet WinForward.Benchmarks-ShortRun-1.dll --anonymousPipes 123 125 --benchmarkName "WinForward.Benchmarks.Perf.SessionSetupDecompositionBenchmarks.ComponentA9b_DictionaryGrowthNoResize(Sessions: 100)" --job ShortRun --benchmarkId 65 in /home/paff/Projects/WinForward/benchmarks/WinForward.Benchmarks/bin/Release/net10.0/WinForward.Benchmarks-ShortRun-1/bin/Release/net10.0
// Failed to set up high priority (Permission denied). In order to run benchmarks with high priority, make sure you have the right permissions.
// BeforeAnythingElse

// Benchmark Process Environment Information:
// BenchmarkDotNet v0.15.8
// Runtime=.NET 10.0.12 (10.0.12, 10.0.1226.42308), X64 RyuJIT x86-64-v4
// GC=Concurrent Workstation
// HardwareIntrinsics=AVX512 BITALG+VBMI2+VNNI+VPOPCNTDQ,AVX512 IFMA+VBMI,AVX512 F+BW+CD+DQ+VL,AVX2+BMI1+BMI2+F16C+FMA+LZCNT+MOVBE,AVX,SSE3+SSSE3+SSE4.1+SSE4.2+POPCNT,X86Base+SSE+SSE2,AES+PCLMUL,AvxVnni VectorSize=256
// Job: ShortRun(InvocationCount=1, IterationCount=3, LaunchCount=1, UnrollFactor=1, WarmupCount=3)

OverheadJitting  1: 1 op, 388896.00 ns, 388.8960 us/op
WorkloadJitting  1: 1 op, 12774336.00 ns, 12.7743 ms/op

OverheadWarmup   1: 1 op, 401.00 ns, 401.0000 ns/op
OverheadWarmup   2: 1 op, 280.00 ns, 280.0000 ns/op
OverheadWarmup   3: 1 op, 451.00 ns, 451.0000 ns/op
OverheadWarmup   4: 1 op, 300.00 ns, 300.0000 ns/op
OverheadWarmup   5: 1 op, 451.00 ns, 451.0000 ns/op
OverheadWarmup   6: 1 op, 321.00 ns, 321.0000 ns/op

OverheadActual   1: 1 op, 461.00 ns, 461.0000 ns/op
OverheadActual   2: 1 op, 501.00 ns, 501.0000 ns/op
OverheadActual   3: 1 op, 450.00 ns, 450.0000 ns/op
OverheadActual   4: 1 op, 381.00 ns, 381.0000 ns/op
OverheadActual   5: 1 op, 420.00 ns, 420.0000 ns/op
OverheadActual   6: 1 op, 481.00 ns, 481.0000 ns/op
OverheadActual   7: 1 op, 471.00 ns, 471.0000 ns/op
OverheadActual   8: 1 op, 380.00 ns, 380.0000 ns/op
OverheadActual   9: 1 op, 271.00 ns, 271.0000 ns/op
OverheadActual  10: 1 op, 281.00 ns, 281.0000 ns/op
OverheadActual  11: 1 op, 361.00 ns, 361.0000 ns/op
OverheadActual  12: 1 op, 521.00 ns, 521.0000 ns/op
OverheadActual  13: 1 op, 381.00 ns, 381.0000 ns/op
OverheadActual  14: 1 op, 301.00 ns, 301.0000 ns/op
OverheadActual  15: 1 op, 501.00 ns, 501.0000 ns/op
OverheadActual  16: 1 op, 561.00 ns, 561.0000 ns/op
OverheadActual  17: 1 op, 531.00 ns, 531.0000 ns/op
OverheadActual  18: 1 op, 451.00 ns, 451.0000 ns/op
OverheadActual  19: 1 op, 291.00 ns, 291.0000 ns/op
OverheadActual  20: 1 op, 281.00 ns, 281.0000 ns/op

WorkloadWarmup   1: 1 op, 2476210.00 ns, 2.4762 ms/op
WorkloadWarmup   2: 1 op, 1861578.00 ns, 1.8616 ms/op
WorkloadWarmup   3: 1 op, 1817397.00 ns, 1.8174 ms/op

// BeforeActualRun
WorkloadActual   1: 1 op, 5734280.00 ns, 5.7343 ms/op
WorkloadActual   2: 1 op, 1672079.00 ns, 1.6721 ms/op
WorkloadActual   3: 1 op, 1687217.00 ns, 1.6872 ms/op

// AfterActualRun
WorkloadResult   1: 1 op, 5733845.00 ns, 5.7338 ms/op
WorkloadResult   2: 1 op, 1671644.00 ns, 1.6716 ms/op
WorkloadResult   3: 1 op, 1686782.00 ns, 1.6868 ms/op
// GC:  0 0 0 787288 1
// Threading:  0 0 1

// AfterAll
// Benchmark Process 1625318 has exited with code 0.

Mean = 3.031 ms, StdErr = 1.352 ms (44.59%), N = 3, StdDev = 2.341 ms
Min = 1.672 ms, Q1 = 1.679 ms, Median = 1.687 ms, Q3 = 3.710 ms, Max = 5.734 ms
IQR = 2.031 ms, LowerFence = -1.367 ms, UpperFence = 6.757 ms
ConfidenceInterval = [-39.677 ms; 45.738 ms] (CI 99.9%), Margin = 42.708 ms (1409.14% of Mean)
Skewness = 0.38, Kurtosis = 0.67, MValue = 2

// ** Remained 33 (33.3%) benchmark(s) to run. Estimated finish 2026-09-22 17:03 (0h 0m from now) **
// **************************
// Benchmark: SessionSetupDecompositionBenchmarks.StageS0_CoordinatorOnly: ShortRun(InvocationCount=1, IterationCount=3, LaunchCount=1, UnrollFactor=1, WarmupCount=3) [Sessions=1000]
// *** Execute ***
// Launch: 1 / 1
// Execute: dotnet WinForward.Benchmarks-ShortRun-1.dll --anonymousPipes 123 125 --benchmarkName "WinForward.Benchmarks.Perf.SessionSetupDecompositionBenchmarks.StageS0_CoordinatorOnly(Sessions: 1000)" --job ShortRun --benchmarkId 66 in /home/paff/Projects/WinForward/benchmarks/WinForward.Benchmarks/bin/Release/net10.0/WinForward.Benchmarks-ShortRun-1/bin/Release/net10.0
// Failed to set up high priority (Permission denied). In order to run benchmarks with high priority, make sure you have the right permissions.
// BeforeAnythingElse

// Benchmark Process Environment Information:
// BenchmarkDotNet v0.15.8
// Runtime=.NET 10.0.12 (10.0.12, 10.0.1226.42308), X64 RyuJIT x86-64-v4
// GC=Concurrent Workstation
// HardwareIntrinsics=AVX512 BITALG+VBMI2+VNNI+VPOPCNTDQ,AVX512 IFMA+VBMI,AVX512 F+BW+CD+DQ+VL,AVX2+BMI1+BMI2+F16C+FMA+LZCNT+MOVBE,AVX,SSE3+SSSE3+SSE4.1+SSE4.2+POPCNT,X86Base+SSE+SSE2,AES+PCLMUL,AvxVnni VectorSize=256
// Job: ShortRun(InvocationCount=1, IterationCount=3, LaunchCount=1, UnrollFactor=1, WarmupCount=3)

OverheadJitting  1: 1 op, 281137.00 ns, 281.1370 us/op
WorkloadJitting  1: 1 op, 7745205.00 ns, 7.7452 ms/op

OverheadWarmup   1: 1 op, 661.00 ns, 661.0000 ns/op
OverheadWarmup   2: 1 op, 622.00 ns, 622.0000 ns/op
OverheadWarmup   3: 1 op, 812.00 ns, 812.0000 ns/op
OverheadWarmup   4: 1 op, 481.00 ns, 481.0000 ns/op
OverheadWarmup   5: 1 op, 611.00 ns, 611.0000 ns/op
OverheadWarmup   6: 1 op, 591.00 ns, 591.0000 ns/op

OverheadActual   1: 1 op, 491.00 ns, 491.0000 ns/op
OverheadActual   2: 1 op, 450.00 ns, 450.0000 ns/op
OverheadActual   3: 1 op, 912.00 ns, 912.0000 ns/op
OverheadActual   4: 1 op, 651.00 ns, 651.0000 ns/op
OverheadActual   5: 1 op, 481.00 ns, 481.0000 ns/op
OverheadActual   6: 1 op, 270.00 ns, 270.0000 ns/op
OverheadActual   7: 1 op, 491.00 ns, 491.0000 ns/op
OverheadActual   8: 1 op, 431.00 ns, 431.0000 ns/op
OverheadActual   9: 1 op, 260.00 ns, 260.0000 ns/op
OverheadActual  10: 1 op, 551.00 ns, 551.0000 ns/op
OverheadActual  11: 1 op, 481.00 ns, 481.0000 ns/op
OverheadActual  12: 1 op, 541.00 ns, 541.0000 ns/op
OverheadActual  13: 1 op, 281.00 ns, 281.0000 ns/op
OverheadActual  14: 1 op, 461.00 ns, 461.0000 ns/op
OverheadActual  15: 1 op, 1122.00 ns, 1.1220 us/op
OverheadActual  16: 1 op, 431.00 ns, 431.0000 ns/op
OverheadActual  17: 1 op, 602.00 ns, 602.0000 ns/op
OverheadActual  18: 1 op, 762.00 ns, 762.0000 ns/op
OverheadActual  19: 1 op, 471.00 ns, 471.0000 ns/op
OverheadActual  20: 1 op, 561.00 ns, 561.0000 ns/op

WorkloadWarmup   1: 1 op, 228090.00 ns, 228.0900 us/op
WorkloadWarmup   2: 1 op, 78916.00 ns, 78.9160 us/op
WorkloadWarmup   3: 1 op, 64398.00 ns, 64.3980 us/op

// BeforeActualRun
WorkloadActual   1: 1 op, 90967.00 ns, 90.9670 us/op
WorkloadActual   2: 1 op, 63036.00 ns, 63.0360 us/op
WorkloadActual   3: 1 op, 60702.00 ns, 60.7020 us/op

// AfterActualRun
WorkloadResult   1: 1 op, 90481.00 ns, 90.4810 us/op
WorkloadResult   2: 1 op, 62550.00 ns, 62.5500 us/op
WorkloadResult   3: 1 op, 60216.00 ns, 60.2160 us/op
// GC:  0 0 0 496824 1
// Threading:  0 0 1

// AfterAll
// Benchmark Process 1625329 has exited with code 0.

Mean = 71.082 us, StdErr = 9.723 us (13.68%), N = 3, StdDev = 16.840 us
Min = 60.216 us, Q1 = 61.383 us, Median = 62.550 us, Q3 = 76.516 us, Max = 90.481 us
IQR = 15.133 us, LowerFence = 38.684 us, UpperFence = 99.214 us
ConfidenceInterval = [-236.146 us; 378.311 us] (CI 99.9%), Margin = 307.228 us (432.21% of Mean)
Skewness = 0.38, Kurtosis = 0.67, MValue = 2

// ** Remained 32 (32.3%) benchmark(s) to run. Estimated finish 2026-09-22 17:03 (0h 0m from now) **
// **************************
// Benchmark: SessionSetupDecompositionBenchmarks.StageS1_AdmissionOnlyAsync: ShortRun(InvocationCount=1, IterationCount=3, LaunchCount=1, UnrollFactor=1, WarmupCount=3) [Sessions=1000]
// *** Execute ***
// Launch: 1 / 1
// Execute: dotnet WinForward.Benchmarks-ShortRun-1.dll --anonymousPipes 123 125 --benchmarkName "WinForward.Benchmarks.Perf.SessionSetupDecompositionBenchmarks.StageS1_AdmissionOnlyAsync(Sessions: 1000)" --job ShortRun --benchmarkId 67 in /home/paff/Projects/WinForward/benchmarks/WinForward.Benchmarks/bin/Release/net10.0/WinForward.Benchmarks-ShortRun-1/bin/Release/net10.0
// Failed to set up high priority (Permission denied). In order to run benchmarks with high priority, make sure you have the right permissions.
// BeforeAnythingElse

// Benchmark Process Environment Information:
// BenchmarkDotNet v0.15.8
// Runtime=.NET 10.0.12 (10.0.12, 10.0.1226.42308), X64 RyuJIT x86-64-v4
// GC=Concurrent Workstation
// HardwareIntrinsics=AVX512 BITALG+VBMI2+VNNI+VPOPCNTDQ,AVX512 IFMA+VBMI,AVX512 F+BW+CD+DQ+VL,AVX2+BMI1+BMI2+F16C+FMA+LZCNT+MOVBE,AVX,SSE3+SSSE3+SSE4.1+SSE4.2+POPCNT,X86Base+SSE+SSE2,AES+PCLMUL,AvxVnni VectorSize=256
// Job: ShortRun(InvocationCount=1, IterationCount=3, LaunchCount=1, UnrollFactor=1, WarmupCount=3)

OverheadJitting  1: 1 op, 287028.00 ns, 287.0280 us/op
WorkloadJitting  1: 1 op, 28575667.00 ns, 28.5757 ms/op

OverheadWarmup   1: 1 op, 781.00 ns, 781.0000 ns/op
OverheadWarmup   2: 1 op, 1042.00 ns, 1.0420 us/op
OverheadWarmup   3: 1 op, 662.00 ns, 662.0000 ns/op
OverheadWarmup   4: 1 op, 471.00 ns, 471.0000 ns/op
OverheadWarmup   5: 1 op, 451.00 ns, 451.0000 ns/op
OverheadWarmup   6: 1 op, 411.00 ns, 411.0000 ns/op
OverheadWarmup   7: 1 op, 431.00 ns, 431.0000 ns/op
OverheadWarmup   8: 1 op, 461.00 ns, 461.0000 ns/op
OverheadWarmup   9: 1 op, 441.00 ns, 441.0000 ns/op

OverheadActual   1: 1 op, 531.00 ns, 531.0000 ns/op
OverheadActual   2: 1 op, 702.00 ns, 702.0000 ns/op
OverheadActual   3: 1 op, 511.00 ns, 511.0000 ns/op
OverheadActual   4: 1 op, 551.00 ns, 551.0000 ns/op
OverheadActual   5: 1 op, 882.00 ns, 882.0000 ns/op
OverheadActual   6: 1 op, 531.00 ns, 531.0000 ns/op
OverheadActual   7: 1 op, 420.00 ns, 420.0000 ns/op
OverheadActual   8: 1 op, 271.00 ns, 271.0000 ns/op
OverheadActual   9: 1 op, 481.00 ns, 481.0000 ns/op
OverheadActual  10: 1 op, 451.00 ns, 451.0000 ns/op
OverheadActual  11: 1 op, 431.00 ns, 431.0000 ns/op
OverheadActual  12: 1 op, 421.00 ns, 421.0000 ns/op
OverheadActual  13: 1 op, 832.00 ns, 832.0000 ns/op
OverheadActual  14: 1 op, 320.00 ns, 320.0000 ns/op
OverheadActual  15: 1 op, 461.00 ns, 461.0000 ns/op
OverheadActual  16: 1 op, 481.00 ns, 481.0000 ns/op
OverheadActual  17: 1 op, 441.00 ns, 441.0000 ns/op
OverheadActual  18: 1 op, 742.00 ns, 742.0000 ns/op
OverheadActual  19: 1 op, 451.00 ns, 451.0000 ns/op
OverheadActual  20: 1 op, 260.00 ns, 260.0000 ns/op

WorkloadWarmup   1: 1 op, 3265795.00 ns, 3.2658 ms/op
WorkloadWarmup   2: 1 op, 2869583.00 ns, 2.8696 ms/op
WorkloadWarmup   3: 1 op, 2275661.00 ns, 2.2757 ms/op

// BeforeActualRun
WorkloadActual   1: 1 op, 3339971.00 ns, 3.3400 ms/op
WorkloadActual   2: 1 op, 3301260.00 ns, 3.3013 ms/op
WorkloadActual   3: 1 op, 2417793.00 ns, 2.4178 ms/op

// AfterActualRun
WorkloadResult   1: 1 op, 3339500.00 ns, 3.3395 ms/op
WorkloadResult   2: 1 op, 3300789.00 ns, 3.3008 ms/op
WorkloadResult   3: 1 op, 2417322.00 ns, 2.4173 ms/op
// GC:  0 0 0 1323696 1
// Threading:  0 0 1

// AfterAll
// Benchmark Process 1625338 has exited with code 0.

Mean = 3.019 ms, StdErr = 0.301 ms (9.97%), N = 3, StdDev = 0.522 ms
Min = 2.417 ms, Q1 = 2.859 ms, Median = 3.301 ms, Q3 = 3.320 ms, Max = 3.340 ms
IQR = 0.461 ms, LowerFence = 2.167 ms, UpperFence = 4.012 ms
ConfidenceInterval = [-6.497 ms; 12.535 ms] (CI 99.9%), Margin = 9.516 ms (315.18% of Mean)
Skewness = -0.38, Kurtosis = 0.67, MValue = 2

// ** Remained 31 (31.3%) benchmark(s) to run. Estimated finish 2026-09-22 17:03 (0h 0m from now) **
// **************************
// Benchmark: SessionSetupDecompositionBenchmarks.StageS2_SetupStartedAsync: ShortRun(InvocationCount=1, IterationCount=3, LaunchCount=1, UnrollFactor=1, WarmupCount=3) [Sessions=1000]
// *** Execute ***
// Launch: 1 / 1
// Execute: dotnet WinForward.Benchmarks-ShortRun-1.dll --anonymousPipes 123 125 --benchmarkName "WinForward.Benchmarks.Perf.SessionSetupDecompositionBenchmarks.StageS2_SetupStartedAsync(Sessions: 1000)" --job ShortRun --benchmarkId 68 in /home/paff/Projects/WinForward/benchmarks/WinForward.Benchmarks/bin/Release/net10.0/WinForward.Benchmarks-ShortRun-1/bin/Release/net10.0
// Failed to set up high priority (Permission denied). In order to run benchmarks with high priority, make sure you have the right permissions.
// BeforeAnythingElse

// Benchmark Process Environment Information:
// BenchmarkDotNet v0.15.8
// Runtime=.NET 10.0.12 (10.0.12, 10.0.1226.42308), X64 RyuJIT x86-64-v4
// GC=Concurrent Workstation
// HardwareIntrinsics=AVX512 BITALG+VBMI2+VNNI+VPOPCNTDQ,AVX512 IFMA+VBMI,AVX512 F+BW+CD+DQ+VL,AVX2+BMI1+BMI2+F16C+FMA+LZCNT+MOVBE,AVX,SSE3+SSSE3+SSE4.1+SSE4.2+POPCNT,X86Base+SSE+SSE2,AES+PCLMUL,AvxVnni VectorSize=256
// Job: ShortRun(InvocationCount=1, IterationCount=3, LaunchCount=1, UnrollFactor=1, WarmupCount=3)

OverheadJitting  1: 1 op, 354974.00 ns, 354.9740 us/op
WorkloadJitting  1: 1 op, 117178159.00 ns, 117.1782 ms/op

OverheadWarmup   1: 1 op, 672.00 ns, 672.0000 ns/op
OverheadWarmup   2: 1 op, 501.00 ns, 501.0000 ns/op
OverheadWarmup   3: 1 op, 491.00 ns, 491.0000 ns/op
OverheadWarmup   4: 1 op, 531.00 ns, 531.0000 ns/op
OverheadWarmup   5: 1 op, 461.00 ns, 461.0000 ns/op
OverheadWarmup   6: 1 op, 521.00 ns, 521.0000 ns/op
OverheadWarmup   7: 1 op, 511.00 ns, 511.0000 ns/op

OverheadActual   1: 1 op, 511.00 ns, 511.0000 ns/op
OverheadActual   2: 1 op, 441.00 ns, 441.0000 ns/op
OverheadActual   3: 1 op, 431.00 ns, 431.0000 ns/op
OverheadActual   4: 1 op, 451.00 ns, 451.0000 ns/op
OverheadActual   5: 1 op, 511.00 ns, 511.0000 ns/op
OverheadActual   6: 1 op, 260.00 ns, 260.0000 ns/op
OverheadActual   7: 1 op, 271.00 ns, 271.0000 ns/op
OverheadActual   8: 1 op, 260.00 ns, 260.0000 ns/op
OverheadActual   9: 1 op, 471.00 ns, 471.0000 ns/op
OverheadActual  10: 1 op, 270.00 ns, 270.0000 ns/op
OverheadActual  11: 1 op, 261.00 ns, 261.0000 ns/op
OverheadActual  12: 1 op, 251.00 ns, 251.0000 ns/op
OverheadActual  13: 1 op, 271.00 ns, 271.0000 ns/op
OverheadActual  14: 1 op, 471.00 ns, 471.0000 ns/op
OverheadActual  15: 1 op, 531.00 ns, 531.0000 ns/op
OverheadActual  16: 1 op, 270.00 ns, 270.0000 ns/op
OverheadActual  17: 1 op, 260.00 ns, 260.0000 ns/op
OverheadActual  18: 1 op, 491.00 ns, 491.0000 ns/op
OverheadActual  19: 1 op, 461.00 ns, 461.0000 ns/op
OverheadActual  20: 1 op, 280.00 ns, 280.0000 ns/op

WorkloadWarmup   1: 1 op, 81343118.00 ns, 81.3431 ms/op
WorkloadWarmup   2: 1 op, 79890544.00 ns, 79.8905 ms/op
WorkloadWarmup   3: 1 op, 82566080.00 ns, 82.5661 ms/op

// BeforeActualRun
WorkloadActual   1: 1 op, 81566336.00 ns, 81.5663 ms/op
WorkloadActual   2: 1 op, 80162898.00 ns, 80.1629 ms/op
WorkloadActual   3: 1 op, 84865340.00 ns, 84.8653 ms/op

// AfterActualRun
WorkloadResult   1: 1 op, 81565980.50 ns, 81.5660 ms/op
WorkloadResult   2: 1 op, 80162542.50 ns, 80.1625 ms/op
WorkloadResult   3: 1 op, 84864984.50 ns, 84.8650 ms/op
// GC:  0 0 0 1352808 1
// Threading:  4 12 1

// AfterAll
// Benchmark Process 1625350 has exited with code 0.

Mean = 82.198 ms, StdErr = 1.394 ms (1.70%), N = 3, StdDev = 2.414 ms
Min = 80.163 ms, Q1 = 80.864 ms, Median = 81.566 ms, Q3 = 83.215 ms, Max = 84.865 ms
IQR = 2.351 ms, LowerFence = 77.337 ms, UpperFence = 86.742 ms
ConfidenceInterval = [38.156 ms; 126.239 ms] (CI 99.9%), Margin = 44.041 ms (53.58% of Mean)
Skewness = 0.24, Kurtosis = 0.67, MValue = 2

// ** Remained 30 (30.3%) benchmark(s) to run. Estimated finish 2026-09-22 17:03 (0h 0m from now) **
// **************************
// Benchmark: SessionSetupDecompositionBenchmarks.StageS3_PipelineNoPayloadAsync: ShortRun(InvocationCount=1, IterationCount=3, LaunchCount=1, UnrollFactor=1, WarmupCount=3) [Sessions=1000]
// *** Execute ***
// Launch: 1 / 1
// Execute: dotnet WinForward.Benchmarks-ShortRun-1.dll --anonymousPipes 123 125 --benchmarkName "WinForward.Benchmarks.Perf.SessionSetupDecompositionBenchmarks.StageS3_PipelineNoPayloadAsync(Sessions: 1000)" --job ShortRun --benchmarkId 69 in /home/paff/Projects/WinForward/benchmarks/WinForward.Benchmarks/bin/Release/net10.0/WinForward.Benchmarks-ShortRun-1/bin/Release/net10.0
// Failed to set up high priority (Permission denied). In order to run benchmarks with high priority, make sure you have the right permissions.
// BeforeAnythingElse

// Benchmark Process Environment Information:
// BenchmarkDotNet v0.15.8
// Runtime=.NET 10.0.12 (10.0.12, 10.0.1226.42308), X64 RyuJIT x86-64-v4
// GC=Concurrent Workstation
// HardwareIntrinsics=AVX512 BITALG+VBMI2+VNNI+VPOPCNTDQ,AVX512 IFMA+VBMI,AVX512 F+BW+CD+DQ+VL,AVX2+BMI1+BMI2+F16C+FMA+LZCNT+MOVBE,AVX,SSE3+SSSE3+SSE4.1+SSE4.2+POPCNT,X86Base+SSE+SSE2,AES+PCLMUL,AvxVnni VectorSize=256
// Job: ShortRun(InvocationCount=1, IterationCount=3, LaunchCount=1, UnrollFactor=1, WarmupCount=3)

OverheadJitting  1: 1 op, 292829.00 ns, 292.8290 us/op
WorkloadJitting  1: 1 op, 121528675.00 ns, 121.5287 ms/op

OverheadWarmup   1: 1 op, 631.00 ns, 631.0000 ns/op
OverheadWarmup   2: 1 op, 531.00 ns, 531.0000 ns/op
OverheadWarmup   3: 1 op, 361.00 ns, 361.0000 ns/op
OverheadWarmup   4: 1 op, 541.00 ns, 541.0000 ns/op
OverheadWarmup   5: 1 op, 701.00 ns, 701.0000 ns/op
OverheadWarmup   6: 1 op, 501.00 ns, 501.0000 ns/op
OverheadWarmup   7: 1 op, 361.00 ns, 361.0000 ns/op
OverheadWarmup   8: 1 op, 331.00 ns, 331.0000 ns/op
OverheadWarmup   9: 1 op, 461.00 ns, 461.0000 ns/op
OverheadWarmup  10: 1 op, 371.00 ns, 371.0000 ns/op

OverheadActual   1: 1 op, 571.00 ns, 571.0000 ns/op
OverheadActual   2: 1 op, 411.00 ns, 411.0000 ns/op
OverheadActual   3: 1 op, 411.00 ns, 411.0000 ns/op
OverheadActual   4: 1 op, 461.00 ns, 461.0000 ns/op
OverheadActual   5: 1 op, 411.00 ns, 411.0000 ns/op
OverheadActual   6: 1 op, 501.00 ns, 501.0000 ns/op
OverheadActual   7: 1 op, 451.00 ns, 451.0000 ns/op
OverheadActual   8: 1 op, 291.00 ns, 291.0000 ns/op
OverheadActual   9: 1 op, 271.00 ns, 271.0000 ns/op
OverheadActual  10: 1 op, 260.00 ns, 260.0000 ns/op
OverheadActual  11: 1 op, 361.00 ns, 361.0000 ns/op
OverheadActual  12: 1 op, 480.00 ns, 480.0000 ns/op
OverheadActual  13: 1 op, 471.00 ns, 471.0000 ns/op
OverheadActual  14: 1 op, 260.00 ns, 260.0000 ns/op
OverheadActual  15: 1 op, 260.00 ns, 260.0000 ns/op
OverheadActual  16: 1 op, 431.00 ns, 431.0000 ns/op
OverheadActual  17: 1 op, 421.00 ns, 421.0000 ns/op
OverheadActual  18: 1 op, 270.00 ns, 270.0000 ns/op
OverheadActual  19: 1 op, 431.00 ns, 431.0000 ns/op
OverheadActual  20: 1 op, 551.00 ns, 551.0000 ns/op

WorkloadWarmup   1: 1 op, 66499741.00 ns, 66.4997 ms/op
WorkloadWarmup   2: 1 op, 56585278.00 ns, 56.5853 ms/op
WorkloadWarmup   3: 1 op, 69974265.00 ns, 69.9743 ms/op

// BeforeActualRun
WorkloadActual   1: 1 op, 65258944.00 ns, 65.2589 ms/op
WorkloadActual   2: 1 op, 60380079.00 ns, 60.3801 ms/op
WorkloadActual   3: 1 op, 59612716.00 ns, 59.6127 ms/op

// AfterActualRun
WorkloadResult   1: 1 op, 65258528.00 ns, 65.2585 ms/op
WorkloadResult   2: 1 op, 60379663.00 ns, 60.3797 ms/op
WorkloadResult   3: 1 op, 59612300.00 ns, 59.6123 ms/op
// GC:  0 0 0 4508760 1
// Threading:  991 346 1

// AfterAll
// Benchmark Process 1625899 has exited with code 0.

Mean = 61.750 ms, StdErr = 1.768 ms (2.86%), N = 3, StdDev = 3.062 ms
Min = 59.612 ms, Q1 = 59.996 ms, Median = 60.380 ms, Q3 = 62.819 ms, Max = 65.259 ms
IQR = 2.823 ms, LowerFence = 55.761 ms, UpperFence = 67.054 ms
ConfidenceInterval = [5.879 ms; 117.621 ms] (CI 99.9%), Margin = 55.871 ms (90.48% of Mean)
Skewness = 0.36, Kurtosis = 0.67, MValue = 2

// ** Remained 29 (29.3%) benchmark(s) to run. Estimated finish 2026-09-22 17:03 (0h 0m from now) **
// **************************
// Benchmark: SessionSetupDecompositionBenchmarks.StageS4_ReadinessTeardownOutsideAsync: ShortRun(InvocationCount=1, IterationCount=3, LaunchCount=1, UnrollFactor=1, WarmupCount=3) [Sessions=1000]
// *** Execute ***
// Launch: 1 / 1
// Execute: dotnet WinForward.Benchmarks-ShortRun-1.dll --anonymousPipes 123 125 --benchmarkName "WinForward.Benchmarks.Perf.SessionSetupDecompositionBenchmarks.StageS4_ReadinessTeardownOutsideAsync(Sessions: 1000)" --job ShortRun --benchmarkId 70 in /home/paff/Projects/WinForward/benchmarks/WinForward.Benchmarks/bin/Release/net10.0/WinForward.Benchmarks-ShortRun-1/bin/Release/net10.0
// Failed to set up high priority (Permission denied). In order to run benchmarks with high priority, make sure you have the right permissions.
// BeforeAnythingElse

// Benchmark Process Environment Information:
// BenchmarkDotNet v0.15.8
// Runtime=.NET 10.0.12 (10.0.12, 10.0.1226.42308), X64 RyuJIT x86-64-v4
// GC=Concurrent Workstation
// HardwareIntrinsics=AVX512 BITALG+VBMI2+VNNI+VPOPCNTDQ,AVX512 IFMA+VBMI,AVX512 F+BW+CD+DQ+VL,AVX2+BMI1+BMI2+F16C+FMA+LZCNT+MOVBE,AVX,SSE3+SSSE3+SSE4.1+SSE4.2+POPCNT,X86Base+SSE+SSE2,AES+PCLMUL,AvxVnni VectorSize=256
// Job: ShortRun(InvocationCount=1, IterationCount=3, LaunchCount=1, UnrollFactor=1, WarmupCount=3)

OverheadJitting  1: 1 op, 373468.00 ns, 373.4680 us/op
WorkloadJitting  1: 1 op, 122511112.00 ns, 122.5111 ms/op

OverheadWarmup   1: 1 op, 621.00 ns, 621.0000 ns/op
OverheadWarmup   2: 1 op, 451.00 ns, 451.0000 ns/op
OverheadWarmup   3: 1 op, 591.00 ns, 591.0000 ns/op
OverheadWarmup   4: 1 op, 270.00 ns, 270.0000 ns/op
OverheadWarmup   5: 1 op, 450.00 ns, 450.0000 ns/op
OverheadWarmup   6: 1 op, 441.00 ns, 441.0000 ns/op

OverheadActual   1: 1 op, 501.00 ns, 501.0000 ns/op
OverheadActual   2: 1 op, 561.00 ns, 561.0000 ns/op
OverheadActual   3: 1 op, 431.00 ns, 431.0000 ns/op
OverheadActual   4: 1 op, 441.00 ns, 441.0000 ns/op
OverheadActual   5: 1 op, 461.00 ns, 461.0000 ns/op
OverheadActual   6: 1 op, 280.00 ns, 280.0000 ns/op
OverheadActual   7: 1 op, 281.00 ns, 281.0000 ns/op
OverheadActual   8: 1 op, 291.00 ns, 291.0000 ns/op
OverheadActual   9: 1 op, 280.00 ns, 280.0000 ns/op
OverheadActual  10: 1 op, 270.00 ns, 270.0000 ns/op
OverheadActual  11: 1 op, 431.00 ns, 431.0000 ns/op
OverheadActual  12: 1 op, 591.00 ns, 591.0000 ns/op
OverheadActual  13: 1 op, 370.00 ns, 370.0000 ns/op
OverheadActual  14: 1 op, 451.00 ns, 451.0000 ns/op
OverheadActual  15: 1 op, 351.00 ns, 351.0000 ns/op
OverheadActual  16: 1 op, 361.00 ns, 361.0000 ns/op
OverheadActual  17: 1 op, 451.00 ns, 451.0000 ns/op
OverheadActual  18: 1 op, 280.00 ns, 280.0000 ns/op
OverheadActual  19: 1 op, 461.00 ns, 461.0000 ns/op
OverheadActual  20: 1 op, 450.00 ns, 450.0000 ns/op

WorkloadWarmup   1: 1 op, 66742676.00 ns, 66.7427 ms/op
WorkloadWarmup   2: 1 op, 60141716.00 ns, 60.1417 ms/op
WorkloadWarmup   3: 1 op, 66581062.00 ns, 66.5811 ms/op

// BeforeActualRun
WorkloadActual   1: 1 op, 69731991.00 ns, 69.7320 ms/op
WorkloadActual   2: 1 op, 65676863.00 ns, 65.6769 ms/op
WorkloadActual   3: 1 op, 74822655.00 ns, 74.8227 ms/op

// AfterActualRun
WorkloadResult   1: 1 op, 69731560.00 ns, 69.7316 ms/op
WorkloadResult   2: 1 op, 65676432.00 ns, 65.6764 ms/op
WorkloadResult   3: 1 op, 74822224.00 ns, 74.8222 ms/op
// GC:  0 0 0 3928624 1
// Threading:  998 444 1

// AfterAll
// Benchmark Process 1626464 has exited with code 0.

Mean = 70.077 ms, StdErr = 2.646 ms (3.78%), N = 3, StdDev = 4.583 ms
Min = 65.676 ms, Q1 = 67.704 ms, Median = 69.732 ms, Q3 = 72.277 ms, Max = 74.822 ms
IQR = 4.573 ms, LowerFence = 60.845 ms, UpperFence = 79.136 ms
ConfidenceInterval = [-13.528 ms; 153.681 ms] (CI 99.9%), Margin = 83.605 ms (119.30% of Mean)
Skewness = 0.07, Kurtosis = 0.67, MValue = 2

// ** Remained 28 (28.3%) benchmark(s) to run. Estimated finish 2026-09-22 17:03 (0h 0m from now) **
// **************************
// Benchmark: SessionSetupDecompositionBenchmarks.StageS5_ReadinessTeardownInsideAsync: ShortRun(InvocationCount=1, IterationCount=3, LaunchCount=1, UnrollFactor=1, WarmupCount=3) [Sessions=1000]
// *** Execute ***
// Launch: 1 / 1
// Execute: dotnet WinForward.Benchmarks-ShortRun-1.dll --anonymousPipes 123 125 --benchmarkName "WinForward.Benchmarks.Perf.SessionSetupDecompositionBenchmarks.StageS5_ReadinessTeardownInsideAsync(Sessions: 1000)" --job ShortRun --benchmarkId 71 in /home/paff/Projects/WinForward/benchmarks/WinForward.Benchmarks/bin/Release/net10.0/WinForward.Benchmarks-ShortRun-1/bin/Release/net10.0
// Failed to set up high priority (Permission denied). In order to run benchmarks with high priority, make sure you have the right permissions.
// BeforeAnythingElse

// Benchmark Process Environment Information:
// BenchmarkDotNet v0.15.8
// Runtime=.NET 10.0.12 (10.0.12, 10.0.1226.42308), X64 RyuJIT x86-64-v4
// GC=Concurrent Workstation
// HardwareIntrinsics=AVX512 BITALG+VBMI2+VNNI+VPOPCNTDQ,AVX512 IFMA+VBMI,AVX512 F+BW+CD+DQ+VL,AVX2+BMI1+BMI2+F16C+FMA+LZCNT+MOVBE,AVX,SSE3+SSSE3+SSE4.1+SSE4.2+POPCNT,X86Base+SSE+SSE2,AES+PCLMUL,AvxVnni VectorSize=256
// Job: ShortRun(InvocationCount=1, IterationCount=3, LaunchCount=1, UnrollFactor=1, WarmupCount=3)

OverheadJitting  1: 1 op, 255410.00 ns, 255.4100 us/op
WorkloadJitting  1: 1 op, 156895324.00 ns, 156.8953 ms/op

OverheadWarmup   1: 1 op, 611.00 ns, 611.0000 ns/op
OverheadWarmup   2: 1 op, 581.00 ns, 581.0000 ns/op
OverheadWarmup   3: 1 op, 1132.00 ns, 1.1320 us/op
OverheadWarmup   4: 1 op, 581.00 ns, 581.0000 ns/op
OverheadWarmup   5: 1 op, 672.00 ns, 672.0000 ns/op
OverheadWarmup   6: 1 op, 642.00 ns, 642.0000 ns/op

OverheadActual   1: 1 op, 621.00 ns, 621.0000 ns/op
OverheadActual   2: 1 op, 621.00 ns, 621.0000 ns/op
OverheadActual   3: 1 op, 501.00 ns, 501.0000 ns/op
OverheadActual   4: 1 op, 561.00 ns, 561.0000 ns/op
OverheadActual   5: 1 op, 491.00 ns, 491.0000 ns/op
OverheadActual   6: 1 op, 450.00 ns, 450.0000 ns/op
OverheadActual   7: 1 op, 511.00 ns, 511.0000 ns/op
OverheadActual   8: 1 op, 531.00 ns, 531.0000 ns/op
OverheadActual   9: 1 op, 501.00 ns, 501.0000 ns/op
OverheadActual  10: 1 op, 421.00 ns, 421.0000 ns/op
OverheadActual  11: 1 op, 541.00 ns, 541.0000 ns/op
OverheadActual  12: 1 op, 521.00 ns, 521.0000 ns/op
OverheadActual  13: 1 op, 501.00 ns, 501.0000 ns/op
OverheadActual  14: 1 op, 470.00 ns, 470.0000 ns/op
OverheadActual  15: 1 op, 490.00 ns, 490.0000 ns/op
OverheadActual  16: 1 op, 521.00 ns, 521.0000 ns/op
OverheadActual  17: 1 op, 551.00 ns, 551.0000 ns/op
OverheadActual  18: 1 op, 491.00 ns, 491.0000 ns/op
OverheadActual  19: 1 op, 611.00 ns, 611.0000 ns/op
OverheadActual  20: 1 op, 511.00 ns, 511.0000 ns/op

WorkloadWarmup   1: 1 op, 89488285.00 ns, 89.4883 ms/op
WorkloadWarmup   2: 1 op, 86939972.00 ns, 86.9400 ms/op
WorkloadWarmup   3: 1 op, 94798333.00 ns, 94.7983 ms/op

// BeforeActualRun
WorkloadActual   1: 1 op, 90437371.00 ns, 90.4374 ms/op
WorkloadActual   2: 1 op, 93114271.00 ns, 93.1143 ms/op
WorkloadActual   3: 1 op, 89874505.00 ns, 89.8745 ms/op

// AfterActualRun
WorkloadResult   1: 1 op, 90436860.00 ns, 90.4369 ms/op
WorkloadResult   2: 1 op, 93113760.00 ns, 93.1138 ms/op
WorkloadResult   3: 1 op, 89873994.00 ns, 89.8740 ms/op
// GC:  0 0 0 5918816 1
// Threading:  1999 487 1
// Exceptions:  2128

// AfterAll
// Benchmark Process 1627026 has exited with code 0.

Mean = 91.142 ms, StdErr = 0.999 ms (1.10%), N = 3, StdDev = 1.731 ms
Min = 89.874 ms, Q1 = 90.155 ms, Median = 90.437 ms, Q3 = 91.775 ms, Max = 93.114 ms
IQR = 1.620 ms, LowerFence = 87.726 ms, UpperFence = 94.205 ms
ConfidenceInterval = [59.561 ms; 122.722 ms] (CI 99.9%), Margin = 31.580 ms (34.65% of Mean)
Skewness = 0.34, Kurtosis = 0.67, MValue = 2

// ** Remained 27 (27.3%) benchmark(s) to run. Estimated finish 2026-09-22 17:03 (0h 0m from now) **
// **************************
// Benchmark: SessionSetupDecompositionBenchmarks.StageT1_SessionTeardownInsideAsync: ShortRun(InvocationCount=1, IterationCount=3, LaunchCount=1, UnrollFactor=1, WarmupCount=3) [Sessions=1000]
// *** Execute ***
// Launch: 1 / 1
// Execute: dotnet WinForward.Benchmarks-ShortRun-1.dll --anonymousPipes 123 125 --benchmarkName "WinForward.Benchmarks.Perf.SessionSetupDecompositionBenchmarks.StageT1_SessionTeardownInsideAsync(Sessions: 1000)" --job ShortRun --benchmarkId 72 in /home/paff/Projects/WinForward/benchmarks/WinForward.Benchmarks/bin/Release/net10.0/WinForward.Benchmarks-ShortRun-1/bin/Release/net10.0
// Failed to set up high priority (Permission denied). In order to run benchmarks with high priority, make sure you have the right permissions.
// BeforeAnythingElse

// Benchmark Process Environment Information:
// BenchmarkDotNet v0.15.8
// Runtime=.NET 10.0.12 (10.0.12, 10.0.1226.42308), X64 RyuJIT x86-64-v4
// GC=Concurrent Workstation
// HardwareIntrinsics=AVX512 BITALG+VBMI2+VNNI+VPOPCNTDQ,AVX512 IFMA+VBMI,AVX512 F+BW+CD+DQ+VL,AVX2+BMI1+BMI2+F16C+FMA+LZCNT+MOVBE,AVX,SSE3+SSSE3+SSE4.1+SSE4.2+POPCNT,X86Base+SSE+SSE2,AES+PCLMUL,AvxVnni VectorSize=256
// Job: ShortRun(InvocationCount=1, IterationCount=3, LaunchCount=1, UnrollFactor=1, WarmupCount=3)

OverheadJitting  1: 1 op, 282570.00 ns, 282.5700 us/op
WorkloadJitting  1: 1 op, 144870874.00 ns, 144.8709 ms/op

OverheadWarmup   1: 1 op, 461.00 ns, 461.0000 ns/op
OverheadWarmup   2: 1 op, 261.00 ns, 261.0000 ns/op
OverheadWarmup   3: 1 op, 260.00 ns, 260.0000 ns/op
OverheadWarmup   4: 1 op, 581.00 ns, 581.0000 ns/op
OverheadWarmup   5: 1 op, 371.00 ns, 371.0000 ns/op
OverheadWarmup   6: 1 op, 380.00 ns, 380.0000 ns/op
OverheadWarmup   7: 1 op, 351.00 ns, 351.0000 ns/op

OverheadActual   1: 1 op, 521.00 ns, 521.0000 ns/op
OverheadActual   2: 1 op, 531.00 ns, 531.0000 ns/op
OverheadActual   3: 1 op, 551.00 ns, 551.0000 ns/op
OverheadActual   4: 1 op, 501.00 ns, 501.0000 ns/op
OverheadActual   5: 1 op, 491.00 ns, 491.0000 ns/op
OverheadActual   6: 1 op, 271.00 ns, 271.0000 ns/op
OverheadActual   7: 1 op, 541.00 ns, 541.0000 ns/op
OverheadActual   8: 1 op, 581.00 ns, 581.0000 ns/op
OverheadActual   9: 1 op, 270.00 ns, 270.0000 ns/op
OverheadActual  10: 1 op, 551.00 ns, 551.0000 ns/op
OverheadActual  11: 1 op, 321.00 ns, 321.0000 ns/op
OverheadActual  12: 1 op, 261.00 ns, 261.0000 ns/op
OverheadActual  13: 1 op, 541.00 ns, 541.0000 ns/op
OverheadActual  14: 1 op, 451.00 ns, 451.0000 ns/op
OverheadActual  15: 1 op, 280.00 ns, 280.0000 ns/op
OverheadActual  16: 1 op, 471.00 ns, 471.0000 ns/op
OverheadActual  17: 1 op, 461.00 ns, 461.0000 ns/op
OverheadActual  18: 1 op, 461.00 ns, 461.0000 ns/op
OverheadActual  19: 1 op, 501.00 ns, 501.0000 ns/op
OverheadActual  20: 1 op, 291.00 ns, 291.0000 ns/op

WorkloadWarmup   1: 1 op, 60278008.00 ns, 60.2780 ms/op
WorkloadWarmup   2: 1 op, 43205838.00 ns, 43.2058 ms/op
WorkloadWarmup   3: 1 op, 66090261.00 ns, 66.0903 ms/op

// BeforeActualRun
WorkloadActual   1: 1 op, 83565561.00 ns, 83.5656 ms/op
WorkloadActual   2: 1 op, 51727581.00 ns, 51.7276 ms/op
WorkloadActual   3: 1 op, 58003659.00 ns, 58.0037 ms/op

// AfterActualRun
WorkloadResult   1: 1 op, 83565080.00 ns, 83.5651 ms/op
WorkloadResult   2: 1 op, 51727100.00 ns, 51.7271 ms/op
WorkloadResult   3: 1 op, 58003178.00 ns, 58.0032 ms/op
// GC:  0 0 0 4408792 1
// Threading:  1000 0 1
// Exceptions:  2000

// AfterAll
// Benchmark Process 1627582 has exited with code 0.

Mean = 64.432 ms, StdErr = 9.737 ms (15.11%), N = 3, StdDev = 16.864 ms
Min = 51.727 ms, Q1 = 54.865 ms, Median = 58.003 ms, Q3 = 70.784 ms, Max = 83.565 ms
IQR = 15.919 ms, LowerFence = 30.987 ms, UpperFence = 94.663 ms
ConfidenceInterval = [-243.238 ms; 372.102 ms] (CI 99.9%), Margin = 307.670 ms (477.51% of Mean)
Skewness = 0.33, Kurtosis = 0.67, MValue = 2

// ** Remained 26 (26.3%) benchmark(s) to run. Estimated finish 2026-09-22 17:03 (0h 0m from now) **
// **************************
// Benchmark: SessionSetupDecompositionBenchmarks.StageT3_ExpiryRetireInsideAsync: ShortRun(InvocationCount=1, IterationCount=3, LaunchCount=1, UnrollFactor=1, WarmupCount=3) [Sessions=1000]
// *** Execute ***
// Launch: 1 / 1
// Execute: dotnet WinForward.Benchmarks-ShortRun-1.dll --anonymousPipes 123 125 --benchmarkName "WinForward.Benchmarks.Perf.SessionSetupDecompositionBenchmarks.StageT3_ExpiryRetireInsideAsync(Sessions: 1000)" --job ShortRun --benchmarkId 73 in /home/paff/Projects/WinForward/benchmarks/WinForward.Benchmarks/bin/Release/net10.0/WinForward.Benchmarks-ShortRun-1/bin/Release/net10.0
// Failed to set up high priority (Permission denied). In order to run benchmarks with high priority, make sure you have the right permissions.
// BeforeAnythingElse

// Benchmark Process Environment Information:
// BenchmarkDotNet v0.15.8
// Runtime=.NET 10.0.12 (10.0.12, 10.0.1226.42308), X64 RyuJIT x86-64-v4
// GC=Concurrent Workstation
// HardwareIntrinsics=AVX512 BITALG+VBMI2+VNNI+VPOPCNTDQ,AVX512 IFMA+VBMI,AVX512 F+BW+CD+DQ+VL,AVX2+BMI1+BMI2+F16C+FMA+LZCNT+MOVBE,AVX,SSE3+SSSE3+SSE4.1+SSE4.2+POPCNT,X86Base+SSE+SSE2,AES+PCLMUL,AvxVnni VectorSize=256
// Job: ShortRun(InvocationCount=1, IterationCount=3, LaunchCount=1, UnrollFactor=1, WarmupCount=3)

OverheadJitting  1: 1 op, 408031.00 ns, 408.0310 us/op
WorkloadJitting  1: 1 op, 237320164.00 ns, 237.3202 ms/op

OverheadWarmup   1: 1 op, 741.00 ns, 741.0000 ns/op
OverheadWarmup   2: 1 op, 461.00 ns, 461.0000 ns/op
OverheadWarmup   3: 1 op, 381.00 ns, 381.0000 ns/op
OverheadWarmup   4: 1 op, 441.00 ns, 441.0000 ns/op
OverheadWarmup   5: 1 op, 471.00 ns, 471.0000 ns/op
OverheadWarmup   6: 1 op, 721.00 ns, 721.0000 ns/op
OverheadWarmup   7: 1 op, 471.00 ns, 471.0000 ns/op
OverheadWarmup   8: 1 op, 450.00 ns, 450.0000 ns/op
OverheadWarmup   9: 1 op, 261.00 ns, 261.0000 ns/op
OverheadWarmup  10: 1 op, 291.00 ns, 291.0000 ns/op

OverheadActual   1: 1 op, 450.00 ns, 450.0000 ns/op
OverheadActual   2: 1 op, 411.00 ns, 411.0000 ns/op
OverheadActual   3: 1 op, 441.00 ns, 441.0000 ns/op
OverheadActual   4: 1 op, 431.00 ns, 431.0000 ns/op
OverheadActual   5: 1 op, 451.00 ns, 451.0000 ns/op
OverheadActual   6: 1 op, 281.00 ns, 281.0000 ns/op
OverheadActual   7: 1 op, 280.00 ns, 280.0000 ns/op
OverheadActual   8: 1 op, 251.00 ns, 251.0000 ns/op
OverheadActual   9: 1 op, 511.00 ns, 511.0000 ns/op
OverheadActual  10: 1 op, 431.00 ns, 431.0000 ns/op
OverheadActual  11: 1 op, 270.00 ns, 270.0000 ns/op
OverheadActual  12: 1 op, 281.00 ns, 281.0000 ns/op
OverheadActual  13: 1 op, 260.00 ns, 260.0000 ns/op
OverheadActual  14: 1 op, 280.00 ns, 280.0000 ns/op
OverheadActual  15: 1 op, 270.00 ns, 270.0000 ns/op
OverheadActual  16: 1 op, 270.00 ns, 270.0000 ns/op
OverheadActual  17: 1 op, 311.00 ns, 311.0000 ns/op
OverheadActual  18: 1 op, 260.00 ns, 260.0000 ns/op
OverheadActual  19: 1 op, 260.00 ns, 260.0000 ns/op
OverheadActual  20: 1 op, 431.00 ns, 431.0000 ns/op

WorkloadWarmup   1: 1 op, 158407692.00 ns, 158.4077 ms/op
WorkloadWarmup   2: 1 op, 145002264.00 ns, 145.0023 ms/op
WorkloadWarmup   3: 1 op, 157396299.00 ns, 157.3963 ms/op

// BeforeActualRun
WorkloadActual   1: 1 op, 138286587.00 ns, 138.2866 ms/op
WorkloadActual   2: 1 op, 120981127.00 ns, 120.9811 ms/op
WorkloadActual   3: 1 op, 128297018.00 ns, 128.2970 ms/op

// AfterActualRun
WorkloadResult   1: 1 op, 138286306.00 ns, 138.2863 ms/op
WorkloadResult   2: 1 op, 120980846.00 ns, 120.9808 ms/op
WorkloadResult   3: 1 op, 128296737.00 ns, 128.2967 ms/op
// GC:  0 0 0 6212016 1
// Threading:  2009 330 1
// Exceptions:  2000

// AfterAll
// Benchmark Process 1627604 has exited with code 0.

Mean = 129.188 ms, StdErr = 5.015 ms (3.88%), N = 3, StdDev = 8.687 ms
Min = 120.981 ms, Q1 = 124.639 ms, Median = 128.297 ms, Q3 = 133.292 ms, Max = 138.286 ms
IQR = 8.653 ms, LowerFence = 111.660 ms, UpperFence = 146.271 ms
ConfidenceInterval = [-29.297 ms; 287.673 ms] (CI 99.9%), Margin = 158.485 ms (122.68% of Mean)
Skewness = 0.1, Kurtosis = 0.67, MValue = 2

// ** Remained 25 (25.3%) benchmark(s) to run. Estimated finish 2026-09-22 17:04 (0h 0m from now) **
// **************************
// Benchmark: SessionSetupDecompositionBenchmarks.StageT5_NonThrowingParkTeardownAsync: ShortRun(InvocationCount=1, IterationCount=3, LaunchCount=1, UnrollFactor=1, WarmupCount=3) [Sessions=1000]
// *** Execute ***
// Launch: 1 / 1
// Execute: dotnet WinForward.Benchmarks-ShortRun-1.dll --anonymousPipes 123 125 --benchmarkName "WinForward.Benchmarks.Perf.SessionSetupDecompositionBenchmarks.StageT5_NonThrowingParkTeardownAsync(Sessions: 1000)" --job ShortRun --benchmarkId 74 in /home/paff/Projects/WinForward/benchmarks/WinForward.Benchmarks/bin/Release/net10.0/WinForward.Benchmarks-ShortRun-1/bin/Release/net10.0
// Failed to set up high priority (Permission denied). In order to run benchmarks with high priority, make sure you have the right permissions.
// BeforeAnythingElse

// Benchmark Process Environment Information:
// BenchmarkDotNet v0.15.8
// Runtime=.NET 10.0.12 (10.0.12, 10.0.1226.42308), X64 RyuJIT x86-64-v4
// GC=Concurrent Workstation
// HardwareIntrinsics=AVX512 BITALG+VBMI2+VNNI+VPOPCNTDQ,AVX512 IFMA+VBMI,AVX512 F+BW+CD+DQ+VL,AVX2+BMI1+BMI2+F16C+FMA+LZCNT+MOVBE,AVX,SSE3+SSSE3+SSE4.1+SSE4.2+POPCNT,X86Base+SSE+SSE2,AES+PCLMUL,AvxVnni VectorSize=256
// Job: ShortRun(InvocationCount=1, IterationCount=3, LaunchCount=1, UnrollFactor=1, WarmupCount=3)

OverheadJitting  1: 1 op, 293600.00 ns, 293.6000 us/op
WorkloadJitting  1: 1 op, 57964446.00 ns, 57.9644 ms/op

OverheadWarmup   1: 1 op, 721.00 ns, 721.0000 ns/op
OverheadWarmup   2: 1 op, 301.00 ns, 301.0000 ns/op
OverheadWarmup   3: 1 op, 270.00 ns, 270.0000 ns/op
OverheadWarmup   4: 1 op, 450.00 ns, 450.0000 ns/op
OverheadWarmup   5: 1 op, 461.00 ns, 461.0000 ns/op
OverheadWarmup   6: 1 op, 281.00 ns, 281.0000 ns/op
OverheadWarmup   7: 1 op, 300.00 ns, 300.0000 ns/op
OverheadWarmup   8: 1 op, 301.00 ns, 301.0000 ns/op
OverheadWarmup   9: 1 op, 321.00 ns, 321.0000 ns/op
OverheadWarmup  10: 1 op, 541.00 ns, 541.0000 ns/op

OverheadActual   1: 1 op, 451.00 ns, 451.0000 ns/op
OverheadActual   2: 1 op, 471.00 ns, 471.0000 ns/op
OverheadActual   3: 1 op, 471.00 ns, 471.0000 ns/op
OverheadActual   4: 1 op, 471.00 ns, 471.0000 ns/op
OverheadActual   5: 1 op, 601.00 ns, 601.0000 ns/op
OverheadActual   6: 1 op, 431.00 ns, 431.0000 ns/op
OverheadActual   7: 1 op, 461.00 ns, 461.0000 ns/op
OverheadActual   8: 1 op, 401.00 ns, 401.0000 ns/op
OverheadActual   9: 1 op, 451.00 ns, 451.0000 ns/op
OverheadActual  10: 1 op, 461.00 ns, 461.0000 ns/op
OverheadActual  11: 1 op, 401.00 ns, 401.0000 ns/op
OverheadActual  12: 1 op, 511.00 ns, 511.0000 ns/op
OverheadActual  13: 1 op, 390.00 ns, 390.0000 ns/op
OverheadActual  14: 1 op, 942.00 ns, 942.0000 ns/op
OverheadActual  15: 1 op, 441.00 ns, 441.0000 ns/op
OverheadActual  16: 1 op, 361.00 ns, 361.0000 ns/op
OverheadActual  17: 1 op, 350.00 ns, 350.0000 ns/op
OverheadActual  18: 1 op, 501.00 ns, 501.0000 ns/op
OverheadActual  19: 1 op, 490.00 ns, 490.0000 ns/op
OverheadActual  20: 1 op, 511.00 ns, 511.0000 ns/op

WorkloadWarmup   1: 1 op, 10800024.00 ns, 10.8000 ms/op
WorkloadWarmup   2: 1 op, 7130483.00 ns, 7.1305 ms/op
WorkloadWarmup   3: 1 op, 6726469.00 ns, 6.7265 ms/op

// BeforeActualRun
WorkloadActual   1: 1 op, 10346854.00 ns, 10.3469 ms/op
WorkloadActual   2: 1 op, 7324448.00 ns, 7.3244 ms/op
WorkloadActual   3: 1 op, 7020067.00 ns, 7.0201 ms/op

// AfterActualRun
WorkloadResult   1: 1 op, 10346393.00 ns, 10.3464 ms/op
WorkloadResult   2: 1 op, 7323987.00 ns, 7.3240 ms/op
WorkloadResult   3: 1 op, 7019606.00 ns, 7.0196 ms/op
// GC:  0 0 0 3112792 1
// Threading:  1026 0 1

// AfterAll
// Benchmark Process 1628176 has exited with code 0.

Mean = 8.230 ms, StdErr = 1.062 ms (12.90%), N = 3, StdDev = 1.839 ms
Min = 7.020 ms, Q1 = 7.172 ms, Median = 7.324 ms, Q3 = 8.835 ms, Max = 10.346 ms
IQR = 1.663 ms, LowerFence = 4.677 ms, UpperFence = 11.330 ms
ConfidenceInterval = [-25.323 ms; 41.783 ms] (CI 99.9%), Margin = 33.553 ms (407.69% of Mean)
Skewness = 0.37, Kurtosis = 0.67, MValue = 2

// ** Remained 24 (24.2%) benchmark(s) to run. Estimated finish 2026-09-22 17:04 (0h 0m from now) **
// **************************
// Benchmark: SessionSetupDecompositionBenchmarks.BaselineF_FakeTransportCreationAsync: ShortRun(InvocationCount=1, IterationCount=3, LaunchCount=1, UnrollFactor=1, WarmupCount=3) [Sessions=1000]
// *** Execute ***
// Launch: 1 / 1
// Execute: dotnet WinForward.Benchmarks-ShortRun-1.dll --anonymousPipes 123 125 --benchmarkName "WinForward.Benchmarks.Perf.SessionSetupDecompositionBenchmarks.BaselineF_FakeTransportCreationAsync(Sessions: 1000)" --job ShortRun --benchmarkId 75 in /home/paff/Projects/WinForward/benchmarks/WinForward.Benchmarks/bin/Release/net10.0/WinForward.Benchmarks-ShortRun-1/bin/Release/net10.0
// Failed to set up high priority (Permission denied). In order to run benchmarks with high priority, make sure you have the right permissions.
// BeforeAnythingElse

// Benchmark Process Environment Information:
// BenchmarkDotNet v0.15.8
// Runtime=.NET 10.0.12 (10.0.12, 10.0.1226.42308), X64 RyuJIT x86-64-v4
// GC=Concurrent Workstation
// HardwareIntrinsics=AVX512 BITALG+VBMI2+VNNI+VPOPCNTDQ,AVX512 IFMA+VBMI,AVX512 F+BW+CD+DQ+VL,AVX2+BMI1+BMI2+F16C+FMA+LZCNT+MOVBE,AVX,SSE3+SSSE3+SSE4.1+SSE4.2+POPCNT,X86Base+SSE+SSE2,AES+PCLMUL,AvxVnni VectorSize=256
// Job: ShortRun(InvocationCount=1, IterationCount=3, LaunchCount=1, UnrollFactor=1, WarmupCount=3)

OverheadJitting  1: 1 op, 262253.00 ns, 262.2530 us/op
WorkloadJitting  1: 1 op, 6274866.00 ns, 6.2749 ms/op

OverheadWarmup   1: 1 op, 461.00 ns, 461.0000 ns/op
OverheadWarmup   2: 1 op, 501.00 ns, 501.0000 ns/op
OverheadWarmup   3: 1 op, 290.00 ns, 290.0000 ns/op
OverheadWarmup   4: 1 op, 300.00 ns, 300.0000 ns/op
OverheadWarmup   5: 1 op, 591.00 ns, 591.0000 ns/op
OverheadWarmup   6: 1 op, 511.00 ns, 511.0000 ns/op

OverheadActual   1: 1 op, 421.00 ns, 421.0000 ns/op
OverheadActual   2: 1 op, 481.00 ns, 481.0000 ns/op
OverheadActual   3: 1 op, 511.00 ns, 511.0000 ns/op
OverheadActual   4: 1 op, 451.00 ns, 451.0000 ns/op
OverheadActual   5: 1 op, 471.00 ns, 471.0000 ns/op
OverheadActual   6: 1 op, 320.00 ns, 320.0000 ns/op
OverheadActual   7: 1 op, 501.00 ns, 501.0000 ns/op
OverheadActual   8: 1 op, 280.00 ns, 280.0000 ns/op
OverheadActual   9: 1 op, 291.00 ns, 291.0000 ns/op
OverheadActual  10: 1 op, 220.00 ns, 220.0000 ns/op
OverheadActual  11: 1 op, 271.00 ns, 271.0000 ns/op
OverheadActual  12: 1 op, 311.00 ns, 311.0000 ns/op
OverheadActual  13: 1 op, 531.00 ns, 531.0000 ns/op
OverheadActual  14: 1 op, 321.00 ns, 321.0000 ns/op
OverheadActual  15: 1 op, 271.00 ns, 271.0000 ns/op
OverheadActual  16: 1 op, 280.00 ns, 280.0000 ns/op
OverheadActual  17: 1 op, 290.00 ns, 290.0000 ns/op
OverheadActual  18: 1 op, 450.00 ns, 450.0000 ns/op
OverheadActual  19: 1 op, 371.00 ns, 371.0000 ns/op
OverheadActual  20: 1 op, 441.00 ns, 441.0000 ns/op

WorkloadWarmup   1: 1 op, 223542.00 ns, 223.5420 us/op
WorkloadWarmup   2: 1 op, 122496.00 ns, 122.4960 us/op
WorkloadWarmup   3: 1 op, 119741.00 ns, 119.7410 us/op

// BeforeActualRun
WorkloadActual   1: 1 op, 293411.00 ns, 293.4110 us/op
WorkloadActual   2: 1 op, 119259.00 ns, 119.2590 us/op
WorkloadActual   3: 1 op, 119420.00 ns, 119.4200 us/op

// AfterActualRun
WorkloadResult   1: 1 op, 293065.00 ns, 293.0650 us/op
WorkloadResult   2: 1 op, 118913.00 ns, 118.9130 us/op
WorkloadResult   3: 1 op, 119074.00 ns, 119.0740 us/op
// GC:  0 0 0 104032 1
// Threading:  0 0 1

// AfterAll
// Benchmark Process 1628193 has exited with code 0.

Mean = 177.017 us, StdErr = 58.024 us (32.78%), N = 3, StdDev = 100.500 us
Min = 118.913 us, Q1 = 118.993 us, Median = 119.074 us, Q3 = 206.070 us, Max = 293.065 us
IQR = 87.076 us, LowerFence = -11.620 us, UpperFence = 336.683 us
ConfidenceInterval = [-1,656.482 us; 2,010.516 us] (CI 99.9%), Margin = 1,833.499 us (1035.77% of Mean)
Skewness = 0.38, Kurtosis = 0.67, MValue = 2

// ** Remained 23 (23.2%) benchmark(s) to run. Estimated finish 2026-09-22 17:04 (0h 0m from now) **
// **************************
// Benchmark: SessionSetupDecompositionBenchmarks.BaselineH_FlowKeyConstruction: ShortRun(InvocationCount=1, IterationCount=3, LaunchCount=1, UnrollFactor=1, WarmupCount=3) [Sessions=1000]
// *** Execute ***
// Launch: 1 / 1
// Execute: dotnet WinForward.Benchmarks-ShortRun-1.dll --anonymousPipes 123 125 --benchmarkName "WinForward.Benchmarks.Perf.SessionSetupDecompositionBenchmarks.BaselineH_FlowKeyConstruction(Sessions: 1000)" --job ShortRun --benchmarkId 76 in /home/paff/Projects/WinForward/benchmarks/WinForward.Benchmarks/bin/Release/net10.0/WinForward.Benchmarks-ShortRun-1/bin/Release/net10.0
// Failed to set up high priority (Permission denied). In order to run benchmarks with high priority, make sure you have the right permissions.
// BeforeAnythingElse

// Benchmark Process Environment Information:
// BenchmarkDotNet v0.15.8
// Runtime=.NET 10.0.12 (10.0.12, 10.0.1226.42308), X64 RyuJIT x86-64-v4
// GC=Concurrent Workstation
// HardwareIntrinsics=AVX512 BITALG+VBMI2+VNNI+VPOPCNTDQ,AVX512 IFMA+VBMI,AVX512 F+BW+CD+DQ+VL,AVX2+BMI1+BMI2+F16C+FMA+LZCNT+MOVBE,AVX,SSE3+SSSE3+SSE4.1+SSE4.2+POPCNT,X86Base+SSE+SSE2,AES+PCLMUL,AvxVnni VectorSize=256
// Job: ShortRun(InvocationCount=1, IterationCount=3, LaunchCount=1, UnrollFactor=1, WarmupCount=3)

OverheadJitting  1: 1 op, 276219.00 ns, 276.2190 us/op
WorkloadJitting  1: 1 op, 7063097.00 ns, 7.0631 ms/op

OverheadWarmup   1: 1 op, 491.00 ns, 491.0000 ns/op
OverheadWarmup   2: 1 op, 361.00 ns, 361.0000 ns/op
OverheadWarmup   3: 1 op, 260.00 ns, 260.0000 ns/op
OverheadWarmup   4: 1 op, 280.00 ns, 280.0000 ns/op
OverheadWarmup   5: 1 op, 270.00 ns, 270.0000 ns/op
OverheadWarmup   6: 1 op, 271.00 ns, 271.0000 ns/op
OverheadWarmup   7: 1 op, 271.00 ns, 271.0000 ns/op

OverheadActual   1: 1 op, 481.00 ns, 481.0000 ns/op
OverheadActual   2: 1 op, 481.00 ns, 481.0000 ns/op
OverheadActual   3: 1 op, 461.00 ns, 461.0000 ns/op
OverheadActual   4: 1 op, 431.00 ns, 431.0000 ns/op
OverheadActual   5: 1 op, 291.00 ns, 291.0000 ns/op
OverheadActual   6: 1 op, 290.00 ns, 290.0000 ns/op
OverheadActual   7: 1 op, 471.00 ns, 471.0000 ns/op
OverheadActual   8: 1 op, 461.00 ns, 461.0000 ns/op
OverheadActual   9: 1 op, 270.00 ns, 270.0000 ns/op
OverheadActual  10: 1 op, 270.00 ns, 270.0000 ns/op
OverheadActual  11: 1 op, 281.00 ns, 281.0000 ns/op
OverheadActual  12: 1 op, 291.00 ns, 291.0000 ns/op
OverheadActual  13: 1 op, 261.00 ns, 261.0000 ns/op
OverheadActual  14: 1 op, 291.00 ns, 291.0000 ns/op
OverheadActual  15: 1 op, 291.00 ns, 291.0000 ns/op
OverheadActual  16: 1 op, 270.00 ns, 270.0000 ns/op
OverheadActual  17: 1 op, 511.00 ns, 511.0000 ns/op
OverheadActual  18: 1 op, 721.00 ns, 721.0000 ns/op
OverheadActual  19: 1 op, 501.00 ns, 501.0000 ns/op
OverheadActual  20: 1 op, 521.00 ns, 521.0000 ns/op

WorkloadWarmup   1: 1 op, 987238.00 ns, 987.2380 us/op
WorkloadWarmup   2: 1 op, 644937.00 ns, 644.9370 us/op
WorkloadWarmup   3: 1 op, 652201.00 ns, 652.2010 us/op

// BeforeActualRun
WorkloadActual   1: 1 op, 618730.00 ns, 618.7300 us/op
WorkloadActual   2: 1 op, 623498.00 ns, 623.4980 us/op
WorkloadActual   3: 1 op, 782815.00 ns, 782.8150 us/op

// AfterActualRun
WorkloadResult   1: 1 op, 618369.00 ns, 618.3690 us/op
WorkloadResult   2: 1 op, 623137.00 ns, 623.1370 us/op
WorkloadResult   3: 1 op, 782454.00 ns, 782.4540 us/op
// GC:  0 0 0 356800 1
// Threading:  0 0 1

// AfterAll
// Benchmark Process 1628202 has exited with code 0.

Mean = 674.653 us, StdErr = 53.918 us (7.99%), N = 3, StdDev = 93.389 us
Min = 618.369 us, Q1 = 620.753 us, Median = 623.137 us, Q3 = 702.795 us, Max = 782.454 us
IQR = 82.043 us, LowerFence = 497.689 us, UpperFence = 825.859 us
ConfidenceInterval = [-1,029.101 us; 2,378.408 us] (CI 99.9%), Margin = 1,703.755 us (252.54% of Mean)
Skewness = 0.38, Kurtosis = 0.67, MValue = 2

// ** Remained 22 (22.2%) benchmark(s) to run. Estimated finish 2026-09-22 17:04 (0h 0m from now) **
// **************************
// Benchmark: SessionSetupDecompositionBenchmarks.ComponentC1_AssociationClaimRelease: ShortRun(InvocationCount=1, IterationCount=3, LaunchCount=1, UnrollFactor=1, WarmupCount=3) [Sessions=1000]
// *** Execute ***
// Launch: 1 / 1
// Execute: dotnet WinForward.Benchmarks-ShortRun-1.dll --anonymousPipes 123 125 --benchmarkName "WinForward.Benchmarks.Perf.SessionSetupDecompositionBenchmarks.ComponentC1_AssociationClaimRelease(Sessions: 1000)" --job ShortRun --benchmarkId 77 in /home/paff/Projects/WinForward/benchmarks/WinForward.Benchmarks/bin/Release/net10.0/WinForward.Benchmarks-ShortRun-1/bin/Release/net10.0
// Failed to set up high priority (Permission denied). In order to run benchmarks with high priority, make sure you have the right permissions.
// BeforeAnythingElse

// Benchmark Process Environment Information:
// BenchmarkDotNet v0.15.8
// Runtime=.NET 10.0.12 (10.0.12, 10.0.1226.42308), X64 RyuJIT x86-64-v4
// GC=Concurrent Workstation
// HardwareIntrinsics=AVX512 BITALG+VBMI2+VNNI+VPOPCNTDQ,AVX512 IFMA+VBMI,AVX512 F+BW+CD+DQ+VL,AVX2+BMI1+BMI2+F16C+FMA+LZCNT+MOVBE,AVX,SSE3+SSSE3+SSE4.1+SSE4.2+POPCNT,X86Base+SSE+SSE2,AES+PCLMUL,AvxVnni VectorSize=256
// Job: ShortRun(InvocationCount=1, IterationCount=3, LaunchCount=1, UnrollFactor=1, WarmupCount=3)

OverheadJitting  1: 1 op, 277611.00 ns, 277.6110 us/op
WorkloadJitting  1: 1 op, 20878279.00 ns, 20.8783 ms/op

OverheadWarmup   1: 1 op, 521.00 ns, 521.0000 ns/op
OverheadWarmup   2: 1 op, 460.00 ns, 460.0000 ns/op
OverheadWarmup   3: 1 op, 311.00 ns, 311.0000 ns/op
OverheadWarmup   4: 1 op, 301.00 ns, 301.0000 ns/op
OverheadWarmup   5: 1 op, 321.00 ns, 321.0000 ns/op
OverheadWarmup   6: 1 op, 421.00 ns, 421.0000 ns/op
OverheadWarmup   7: 1 op, 301.00 ns, 301.0000 ns/op
OverheadWarmup   8: 1 op, 311.00 ns, 311.0000 ns/op
OverheadWarmup   9: 1 op, 301.00 ns, 301.0000 ns/op

OverheadActual   1: 1 op, 431.00 ns, 431.0000 ns/op
OverheadActual   2: 1 op, 410.00 ns, 410.0000 ns/op
OverheadActual   3: 1 op, 441.00 ns, 441.0000 ns/op
OverheadActual   4: 1 op, 481.00 ns, 481.0000 ns/op
OverheadActual   5: 1 op, 440.00 ns, 440.0000 ns/op
OverheadActual   6: 1 op, 430.00 ns, 430.0000 ns/op
OverheadActual   7: 1 op, 461.00 ns, 461.0000 ns/op
OverheadActual   8: 1 op, 260.00 ns, 260.0000 ns/op
OverheadActual   9: 1 op, 471.00 ns, 471.0000 ns/op
OverheadActual  10: 1 op, 481.00 ns, 481.0000 ns/op
OverheadActual  11: 1 op, 531.00 ns, 531.0000 ns/op
OverheadActual  12: 1 op, 300.00 ns, 300.0000 ns/op
OverheadActual  13: 1 op, 300.00 ns, 300.0000 ns/op
OverheadActual  14: 1 op, 320.00 ns, 320.0000 ns/op
OverheadActual  15: 1 op, 280.00 ns, 280.0000 ns/op
OverheadActual  16: 1 op, 300.00 ns, 300.0000 ns/op
OverheadActual  17: 1 op, 320.00 ns, 320.0000 ns/op
OverheadActual  18: 1 op, 451.00 ns, 451.0000 ns/op
OverheadActual  19: 1 op, 350.00 ns, 350.0000 ns/op
OverheadActual  20: 1 op, 341.00 ns, 341.0000 ns/op

WorkloadWarmup   1: 1 op, 3843488.00 ns, 3.8435 ms/op
WorkloadWarmup   2: 1 op, 3099257.00 ns, 3.0993 ms/op
WorkloadWarmup   3: 1 op, 3139211.00 ns, 3.1392 ms/op

// BeforeActualRun
WorkloadActual   1: 1 op, 3675088.00 ns, 3.6751 ms/op
WorkloadActual   2: 1 op, 3112093.00 ns, 3.1121 ms/op
WorkloadActual   3: 1 op, 3124815.00 ns, 3.1248 ms/op

// AfterActualRun
WorkloadResult   1: 1 op, 3674668.00 ns, 3.6747 ms/op
WorkloadResult   2: 1 op, 3111673.00 ns, 3.1117 ms/op
WorkloadResult   3: 1 op, 3124395.00 ns, 3.1244 ms/op
// GC:  0 0 0 836016 1
// Threading:  0 0 1

// AfterAll
// Benchmark Process 1628211 has exited with code 0.

Mean = 3.304 ms, StdErr = 0.186 ms (5.62%), N = 3, StdDev = 0.321 ms
Min = 3.112 ms, Q1 = 3.118 ms, Median = 3.124 ms, Q3 = 3.400 ms, Max = 3.675 ms
IQR = 0.281 ms, LowerFence = 2.696 ms, UpperFence = 3.822 ms
ConfidenceInterval = [-2.561 ms; 9.168 ms] (CI 99.9%), Margin = 5.864 ms (177.51% of Mean)
Skewness = 0.38, Kurtosis = 0.67, MValue = 2

// ** Remained 21 (21.2%) benchmark(s) to run. Estimated finish 2026-09-22 17:04 (0h 0m from now) **
// **************************
// Benchmark: SessionSetupDecompositionBenchmarks.ComponentC2_SessionConstructStartAsync: ShortRun(InvocationCount=1, IterationCount=3, LaunchCount=1, UnrollFactor=1, WarmupCount=3) [Sessions=1000]
// *** Execute ***
// Launch: 1 / 1
// Execute: dotnet WinForward.Benchmarks-ShortRun-1.dll --anonymousPipes 123 125 --benchmarkName "WinForward.Benchmarks.Perf.SessionSetupDecompositionBenchmarks.ComponentC2_SessionConstructStartAsync(Sessions: 1000)" --job ShortRun --benchmarkId 78 in /home/paff/Projects/WinForward/benchmarks/WinForward.Benchmarks/bin/Release/net10.0/WinForward.Benchmarks-ShortRun-1/bin/Release/net10.0
// Failed to set up high priority (Permission denied). In order to run benchmarks with high priority, make sure you have the right permissions.
// BeforeAnythingElse

// Benchmark Process Environment Information:
// BenchmarkDotNet v0.15.8
// Runtime=.NET 10.0.12 (10.0.12, 10.0.1226.42308), X64 RyuJIT x86-64-v4
// GC=Concurrent Workstation
// HardwareIntrinsics=AVX512 BITALG+VBMI2+VNNI+VPOPCNTDQ,AVX512 IFMA+VBMI,AVX512 F+BW+CD+DQ+VL,AVX2+BMI1+BMI2+F16C+FMA+LZCNT+MOVBE,AVX,SSE3+SSSE3+SSE4.1+SSE4.2+POPCNT,X86Base+SSE+SSE2,AES+PCLMUL,AvxVnni VectorSize=256
// Job: ShortRun(InvocationCount=1, IterationCount=3, LaunchCount=1, UnrollFactor=1, WarmupCount=3)

OverheadJitting  1: 1 op, 252836.00 ns, 252.8360 us/op
WorkloadJitting  1: 1 op, 36214611.00 ns, 36.2146 ms/op

OverheadWarmup   1: 1 op, 511.00 ns, 511.0000 ns/op
OverheadWarmup   2: 1 op, 260.00 ns, 260.0000 ns/op
OverheadWarmup   3: 1 op, 371.00 ns, 371.0000 ns/op
OverheadWarmup   4: 1 op, 261.00 ns, 261.0000 ns/op
OverheadWarmup   5: 1 op, 461.00 ns, 461.0000 ns/op
OverheadWarmup   6: 1 op, 260.00 ns, 260.0000 ns/op

OverheadActual   1: 1 op, 410.00 ns, 410.0000 ns/op
OverheadActual   2: 1 op, 420.00 ns, 420.0000 ns/op
OverheadActual   3: 1 op, 431.00 ns, 431.0000 ns/op
OverheadActual   4: 1 op, 380.00 ns, 380.0000 ns/op
OverheadActual   5: 1 op, 471.00 ns, 471.0000 ns/op
OverheadActual   6: 1 op, 280.00 ns, 280.0000 ns/op
OverheadActual   7: 1 op, 261.00 ns, 261.0000 ns/op
OverheadActual   8: 1 op, 210.00 ns, 210.0000 ns/op
OverheadActual   9: 1 op, 471.00 ns, 471.0000 ns/op
OverheadActual  10: 1 op, 491.00 ns, 491.0000 ns/op
OverheadActual  11: 1 op, 471.00 ns, 471.0000 ns/op
OverheadActual  12: 1 op, 321.00 ns, 321.0000 ns/op
OverheadActual  13: 1 op, 261.00 ns, 261.0000 ns/op
OverheadActual  14: 1 op, 461.00 ns, 461.0000 ns/op
OverheadActual  15: 1 op, 261.00 ns, 261.0000 ns/op
OverheadActual  16: 1 op, 260.00 ns, 260.0000 ns/op
OverheadActual  17: 1 op, 481.00 ns, 481.0000 ns/op
OverheadActual  18: 1 op, 371.00 ns, 371.0000 ns/op
OverheadActual  19: 1 op, 391.00 ns, 391.0000 ns/op
OverheadActual  20: 1 op, 461.00 ns, 461.0000 ns/op

WorkloadWarmup   1: 1 op, 5451689.00 ns, 5.4517 ms/op
WorkloadWarmup   2: 1 op, 3264461.00 ns, 3.2645 ms/op
WorkloadWarmup   3: 1 op, 3327678.00 ns, 3.3277 ms/op

// BeforeActualRun
WorkloadActual   1: 1 op, 5519003.00 ns, 5.5190 ms/op
WorkloadActual   2: 1 op, 4698493.00 ns, 4.6985 ms/op
WorkloadActual   3: 1 op, 3231551.00 ns, 3.2316 ms/op

// AfterActualRun
WorkloadResult   1: 1 op, 5518602.50 ns, 5.5186 ms/op
WorkloadResult   2: 1 op, 4698092.50 ns, 4.6981 ms/op
WorkloadResult   3: 1 op, 3231150.50 ns, 3.2312 ms/op
// GC:  0 0 0 2349864 1
// Threading:  0 0 1

// AfterAll
// Benchmark Process 1628220 has exited with code 0.

Mean = 4.483 ms, StdErr = 0.669 ms (14.93%), N = 3, StdDev = 1.159 ms
Min = 3.231 ms, Q1 = 3.965 ms, Median = 4.698 ms, Q3 = 5.108 ms, Max = 5.519 ms
IQR = 1.144 ms, LowerFence = 2.249 ms, UpperFence = 6.824 ms
ConfidenceInterval = [-16.659 ms; 25.624 ms] (CI 99.9%), Margin = 21.142 ms (471.64% of Mean)
Skewness = -0.18, Kurtosis = 0.67, MValue = 2

// ** Remained 20 (20.2%) benchmark(s) to run. Estimated finish 2026-09-22 17:04 (0h 0m from now) **
// **************************
// Benchmark: SessionSetupDecompositionBenchmarks.ComponentC2a1_ContextRecordStaticLambda: ShortRun(InvocationCount=1, IterationCount=3, LaunchCount=1, UnrollFactor=1, WarmupCount=3) [Sessions=1000]
// *** Execute ***
// Launch: 1 / 1
// Execute: dotnet WinForward.Benchmarks-ShortRun-1.dll --anonymousPipes 123 125 --benchmarkName "WinForward.Benchmarks.Perf.SessionSetupDecompositionBenchmarks.ComponentC2a1_ContextRecordStaticLambda(Sessions: 1000)" --job ShortRun --benchmarkId 79 in /home/paff/Projects/WinForward/benchmarks/WinForward.Benchmarks/bin/Release/net10.0/WinForward.Benchmarks-ShortRun-1/bin/Release/net10.0
// Failed to set up high priority (Permission denied). In order to run benchmarks with high priority, make sure you have the right permissions.
// BeforeAnythingElse

// Benchmark Process Environment Information:
// BenchmarkDotNet v0.15.8
// Runtime=.NET 10.0.12 (10.0.12, 10.0.1226.42308), X64 RyuJIT x86-64-v4
// GC=Concurrent Workstation
// HardwareIntrinsics=AVX512 BITALG+VBMI2+VNNI+VPOPCNTDQ,AVX512 IFMA+VBMI,AVX512 F+BW+CD+DQ+VL,AVX2+BMI1+BMI2+F16C+FMA+LZCNT+MOVBE,AVX,SSE3+SSSE3+SSE4.1+SSE4.2+POPCNT,X86Base+SSE+SSE2,AES+PCLMUL,AvxVnni VectorSize=256
// Job: ShortRun(InvocationCount=1, IterationCount=3, LaunchCount=1, UnrollFactor=1, WarmupCount=3)

OverheadJitting  1: 1 op, 332973.00 ns, 332.9730 us/op
WorkloadJitting  1: 1 op, 16897267.00 ns, 16.8973 ms/op

OverheadWarmup   1: 1 op, 491.00 ns, 491.0000 ns/op
OverheadWarmup   2: 1 op, 261.00 ns, 261.0000 ns/op
OverheadWarmup   3: 1 op, 260.00 ns, 260.0000 ns/op
OverheadWarmup   4: 1 op, 260.00 ns, 260.0000 ns/op
OverheadWarmup   5: 1 op, 260.00 ns, 260.0000 ns/op
OverheadWarmup   6: 1 op, 260.00 ns, 260.0000 ns/op
OverheadWarmup   7: 1 op, 261.00 ns, 261.0000 ns/op

OverheadActual   1: 1 op, 421.00 ns, 421.0000 ns/op
OverheadActual   2: 1 op, 461.00 ns, 461.0000 ns/op
OverheadActual   3: 1 op, 441.00 ns, 441.0000 ns/op
OverheadActual   4: 1 op, 561.00 ns, 561.0000 ns/op
OverheadActual   5: 1 op, 481.00 ns, 481.0000 ns/op
OverheadActual   6: 1 op, 421.00 ns, 421.0000 ns/op
OverheadActual   7: 1 op, 461.00 ns, 461.0000 ns/op
OverheadActual   8: 1 op, 270.00 ns, 270.0000 ns/op
OverheadActual   9: 1 op, 260.00 ns, 260.0000 ns/op
OverheadActual  10: 1 op, 271.00 ns, 271.0000 ns/op
OverheadActual  11: 1 op, 260.00 ns, 260.0000 ns/op
OverheadActual  12: 1 op, 270.00 ns, 270.0000 ns/op
OverheadActual  13: 1 op, 471.00 ns, 471.0000 ns/op
OverheadActual  14: 1 op, 481.00 ns, 481.0000 ns/op
OverheadActual  15: 1 op, 260.00 ns, 260.0000 ns/op
OverheadActual  16: 1 op, 481.00 ns, 481.0000 ns/op
OverheadActual  17: 1 op, 270.00 ns, 270.0000 ns/op
OverheadActual  18: 1 op, 500.00 ns, 500.0000 ns/op
OverheadActual  19: 1 op, 340.00 ns, 340.0000 ns/op
OverheadActual  20: 1 op, 341.00 ns, 341.0000 ns/op

WorkloadWarmup   1: 1 op, 141601.00 ns, 141.6010 us/op
WorkloadWarmup   2: 1 op, 95225.00 ns, 95.2250 us/op
WorkloadWarmup   3: 1 op, 91909.00 ns, 91.9090 us/op

// BeforeActualRun
WorkloadActual   1: 1 op, 96628.00 ns, 96.6280 us/op
WorkloadActual   2: 1 op, 91979.00 ns, 91.9790 us/op
WorkloadActual   3: 1 op, 91960.00 ns, 91.9600 us/op

// AfterActualRun
WorkloadResult   1: 1 op, 96207.00 ns, 96.2070 us/op
WorkloadResult   2: 1 op, 91558.00 ns, 91.5580 us/op
WorkloadResult   3: 1 op, 91539.00 ns, 91.5390 us/op
// GC:  0 0 0 3808 1
// Threading:  0 0 1

// AfterAll
// Benchmark Process 1628234 has exited with code 0.

Mean = 93.101 us, StdErr = 1.553 us (1.67%), N = 3, StdDev = 2.690 us
Min = 91.539 us, Q1 = 91.549 us, Median = 91.558 us, Q3 = 93.882 us, Max = 96.207 us
IQR = 2.334 us, LowerFence = 88.047 us, UpperFence = 97.383 us
ConfidenceInterval = [44.033 us; 142.170 us] (CI 99.9%), Margin = 49.068 us (52.70% of Mean)
Skewness = 0.38, Kurtosis = 0.67, MValue = 2

// ** Remained 19 (19.2%) benchmark(s) to run. Estimated finish 2026-09-22 17:04 (0h 0m from now) **
// **************************
// Benchmark: SessionSetupDecompositionBenchmarks.ComponentC2a2_ContextRecordMethodGroup: ShortRun(InvocationCount=1, IterationCount=3, LaunchCount=1, UnrollFactor=1, WarmupCount=3) [Sessions=1000]
// *** Execute ***
// Launch: 1 / 1
// Execute: dotnet WinForward.Benchmarks-ShortRun-1.dll --anonymousPipes 123 125 --benchmarkName "WinForward.Benchmarks.Perf.SessionSetupDecompositionBenchmarks.ComponentC2a2_ContextRecordMethodGroup(Sessions: 1000)" --job ShortRun --benchmarkId 80 in /home/paff/Projects/WinForward/benchmarks/WinForward.Benchmarks/bin/Release/net10.0/WinForward.Benchmarks-ShortRun-1/bin/Release/net10.0
// Failed to set up high priority (Permission denied). In order to run benchmarks with high priority, make sure you have the right permissions.
// BeforeAnythingElse

// Benchmark Process Environment Information:
// BenchmarkDotNet v0.15.8
// Runtime=.NET 10.0.12 (10.0.12, 10.0.1226.42308), X64 RyuJIT x86-64-v4
// GC=Concurrent Workstation
// HardwareIntrinsics=AVX512 BITALG+VBMI2+VNNI+VPOPCNTDQ,AVX512 IFMA+VBMI,AVX512 F+BW+CD+DQ+VL,AVX2+BMI1+BMI2+F16C+FMA+LZCNT+MOVBE,AVX,SSE3+SSSE3+SSE4.1+SSE4.2+POPCNT,X86Base+SSE+SSE2,AES+PCLMUL,AvxVnni VectorSize=256
// Job: ShortRun(InvocationCount=1, IterationCount=3, LaunchCount=1, UnrollFactor=1, WarmupCount=3)

OverheadJitting  1: 1 op, 448797.00 ns, 448.7970 us/op
WorkloadJitting  1: 1 op, 18741032.00 ns, 18.7410 ms/op

OverheadWarmup   1: 1 op, 561.00 ns, 561.0000 ns/op
OverheadWarmup   2: 1 op, 501.00 ns, 501.0000 ns/op
OverheadWarmup   3: 1 op, 461.00 ns, 461.0000 ns/op
OverheadWarmup   4: 1 op, 461.00 ns, 461.0000 ns/op
OverheadWarmup   5: 1 op, 441.00 ns, 441.0000 ns/op
OverheadWarmup   6: 1 op, 270.00 ns, 270.0000 ns/op
OverheadWarmup   7: 1 op, 391.00 ns, 391.0000 ns/op
OverheadWarmup   8: 1 op, 541.00 ns, 541.0000 ns/op
OverheadWarmup   9: 1 op, 501.00 ns, 501.0000 ns/op

OverheadActual   1: 1 op, 450.00 ns, 450.0000 ns/op
OverheadActual   2: 1 op, 470.00 ns, 470.0000 ns/op
OverheadActual   3: 1 op, 471.00 ns, 471.0000 ns/op
OverheadActual   4: 1 op, 471.00 ns, 471.0000 ns/op
OverheadActual   5: 1 op, 471.00 ns, 471.0000 ns/op
OverheadActual   6: 1 op, 441.00 ns, 441.0000 ns/op
OverheadActual   7: 1 op, 361.00 ns, 361.0000 ns/op
OverheadActual   8: 1 op, 391.00 ns, 391.0000 ns/op
OverheadActual   9: 1 op, 461.00 ns, 461.0000 ns/op
OverheadActual  10: 1 op, 521.00 ns, 521.0000 ns/op
OverheadActual  11: 1 op, 471.00 ns, 471.0000 ns/op
OverheadActual  12: 1 op, 361.00 ns, 361.0000 ns/op
OverheadActual  13: 1 op, 501.00 ns, 501.0000 ns/op
OverheadActual  14: 1 op, 501.00 ns, 501.0000 ns/op
OverheadActual  15: 1 op, 541.00 ns, 541.0000 ns/op
OverheadActual  16: 1 op, 430.00 ns, 430.0000 ns/op
OverheadActual  17: 1 op, 841.00 ns, 841.0000 ns/op
OverheadActual  18: 1 op, 441.00 ns, 441.0000 ns/op
OverheadActual  19: 1 op, 460.00 ns, 460.0000 ns/op
OverheadActual  20: 1 op, 451.00 ns, 451.0000 ns/op

WorkloadWarmup   1: 1 op, 230765.00 ns, 230.7650 us/op
WorkloadWarmup   2: 1 op, 192194.00 ns, 192.1940 us/op
WorkloadWarmup   3: 1 op, 109031.00 ns, 109.0310 us/op

// BeforeActualRun
WorkloadActual   1: 1 op, 200098.00 ns, 200.0980 us/op
WorkloadActual   2: 1 op, 105254.00 ns, 105.2540 us/op
WorkloadActual   3: 1 op, 119631.00 ns, 119.6310 us/op

// AfterActualRun
WorkloadResult   1: 1 op, 199632.50 ns, 199.6325 us/op
WorkloadResult   2: 1 op, 104788.50 ns, 104.7885 us/op
WorkloadResult   3: 1 op, 119165.50 ns, 119.1655 us/op
// GC:  0 0 0 67832 1
// Threading:  0 0 1

// AfterAll
// Benchmark Process 1628243 has exited with code 0.

Mean = 141.196 us, StdErr = 29.512 us (20.90%), N = 3, StdDev = 51.116 us
Min = 104.788 us, Q1 = 111.977 us, Median = 119.165 us, Q3 = 159.399 us, Max = 199.632 us
IQR = 47.422 us, LowerFence = 40.844 us, UpperFence = 230.532 us
ConfidenceInterval = [-791.349 us; 1,073.740 us] (CI 99.9%), Margin = 932.545 us (660.46% of Mean)
Skewness = 0.35, Kurtosis = 0.67, MValue = 2

// ** Remained 18 (18.2%) benchmark(s) to run. Estimated finish 2026-09-22 17:04 (0h 0m from now) **
// **************************
// Benchmark: SessionSetupDecompositionBenchmarks.ComponentC2b_SessionConstructOnly: ShortRun(InvocationCount=1, IterationCount=3, LaunchCount=1, UnrollFactor=1, WarmupCount=3) [Sessions=1000]
// *** Execute ***
// Launch: 1 / 1
// Execute: dotnet WinForward.Benchmarks-ShortRun-1.dll --anonymousPipes 123 125 --benchmarkName "WinForward.Benchmarks.Perf.SessionSetupDecompositionBenchmarks.ComponentC2b_SessionConstructOnly(Sessions: 1000)" --job ShortRun --benchmarkId 81 in /home/paff/Projects/WinForward/benchmarks/WinForward.Benchmarks/bin/Release/net10.0/WinForward.Benchmarks-ShortRun-1/bin/Release/net10.0
// Failed to set up high priority (Permission denied). In order to run benchmarks with high priority, make sure you have the right permissions.
// BeforeAnythingElse

// Benchmark Process Environment Information:
// BenchmarkDotNet v0.15.8
// Runtime=.NET 10.0.12 (10.0.12, 10.0.1226.42308), X64 RyuJIT x86-64-v4
// GC=Concurrent Workstation
// HardwareIntrinsics=AVX512 BITALG+VBMI2+VNNI+VPOPCNTDQ,AVX512 IFMA+VBMI,AVX512 F+BW+CD+DQ+VL,AVX2+BMI1+BMI2+F16C+FMA+LZCNT+MOVBE,AVX,SSE3+SSSE3+SSE4.1+SSE4.2+POPCNT,X86Base+SSE+SSE2,AES+PCLMUL,AvxVnni VectorSize=256
// Job: ShortRun(InvocationCount=1, IterationCount=3, LaunchCount=1, UnrollFactor=1, WarmupCount=3)

OverheadJitting  1: 1 op, 310532.00 ns, 310.5320 us/op
WorkloadJitting  1: 1 op, 26356947.00 ns, 26.3569 ms/op

OverheadWarmup   1: 1 op, 762.00 ns, 762.0000 ns/op
OverheadWarmup   2: 1 op, 471.00 ns, 471.0000 ns/op
OverheadWarmup   3: 1 op, 802.00 ns, 802.0000 ns/op
OverheadWarmup   4: 1 op, 551.00 ns, 551.0000 ns/op
OverheadWarmup   5: 1 op, 371.00 ns, 371.0000 ns/op
OverheadWarmup   6: 1 op, 400.00 ns, 400.0000 ns/op
OverheadWarmup   7: 1 op, 391.00 ns, 391.0000 ns/op

OverheadActual   1: 1 op, 441.00 ns, 441.0000 ns/op
OverheadActual   2: 1 op, 451.00 ns, 451.0000 ns/op
OverheadActual   3: 1 op, 401.00 ns, 401.0000 ns/op
OverheadActual   4: 1 op, 1062.00 ns, 1.0620 us/op
OverheadActual   5: 1 op, 451.00 ns, 451.0000 ns/op
OverheadActual   6: 1 op, 370.00 ns, 370.0000 ns/op
OverheadActual   7: 1 op, 360.00 ns, 360.0000 ns/op
OverheadActual   8: 1 op, 371.00 ns, 371.0000 ns/op
OverheadActual   9: 1 op, 460.00 ns, 460.0000 ns/op
OverheadActual  10: 1 op, 371.00 ns, 371.0000 ns/op
OverheadActual  11: 1 op, 340.00 ns, 340.0000 ns/op
OverheadActual  12: 1 op, 511.00 ns, 511.0000 ns/op
OverheadActual  13: 1 op, 601.00 ns, 601.0000 ns/op
OverheadActual  14: 1 op, 290.00 ns, 290.0000 ns/op
OverheadActual  15: 1 op, 401.00 ns, 401.0000 ns/op
OverheadActual  16: 1 op, 351.00 ns, 351.0000 ns/op
OverheadActual  17: 1 op, 381.00 ns, 381.0000 ns/op
OverheadActual  18: 1 op, 471.00 ns, 471.0000 ns/op
OverheadActual  19: 1 op, 481.00 ns, 481.0000 ns/op
OverheadActual  20: 1 op, 340.00 ns, 340.0000 ns/op

WorkloadWarmup   1: 1 op, 3484547.00 ns, 3.4845 ms/op
WorkloadWarmup   2: 1 op, 2353995.00 ns, 2.3540 ms/op
WorkloadWarmup   3: 1 op, 2350108.00 ns, 2.3501 ms/op

// BeforeActualRun
WorkloadActual   1: 1 op, 3340631.00 ns, 3.3406 ms/op
WorkloadActual   2: 1 op, 2506316.00 ns, 2.5063 ms/op
WorkloadActual   3: 1 op, 2180154.00 ns, 2.1802 ms/op

// AfterActualRun
WorkloadResult   1: 1 op, 3340230.00 ns, 3.3402 ms/op
WorkloadResult   2: 1 op, 2505915.00 ns, 2.5059 ms/op
WorkloadResult   3: 1 op, 2179753.00 ns, 2.1798 ms/op
// GC:  0 0 0 1533728 1
// Threading:  0 0 1

// AfterAll
// Benchmark Process 1628252 has exited with code 0.

Mean = 2.675 ms, StdErr = 0.346 ms (12.92%), N = 3, StdDev = 0.598 ms
Min = 2.180 ms, Q1 = 2.343 ms, Median = 2.506 ms, Q3 = 2.923 ms, Max = 3.340 ms
IQR = 0.580 ms, LowerFence = 1.472 ms, UpperFence = 3.793 ms
ConfidenceInterval = [-8.243 ms; 13.594 ms] (CI 99.9%), Margin = 10.919 ms (408.13% of Mean)
Skewness = 0.26, Kurtosis = 0.67, MValue = 2

// ** Remained 17 (17.2%) benchmark(s) to run. Estimated finish 2026-09-22 17:04 (0h 0m from now) **
// **************************
// Benchmark: SessionSetupDecompositionBenchmarks.ComponentC2c1_ScopeConstructLinked: ShortRun(InvocationCount=1, IterationCount=3, LaunchCount=1, UnrollFactor=1, WarmupCount=3) [Sessions=1000]
// *** Execute ***
// Launch: 1 / 1
// Execute: dotnet WinForward.Benchmarks-ShortRun-1.dll --anonymousPipes 123 125 --benchmarkName "WinForward.Benchmarks.Perf.SessionSetupDecompositionBenchmarks.ComponentC2c1_ScopeConstructLinked(Sessions: 1000)" --job ShortRun --benchmarkId 82 in /home/paff/Projects/WinForward/benchmarks/WinForward.Benchmarks/bin/Release/net10.0/WinForward.Benchmarks-ShortRun-1/bin/Release/net10.0
// Failed to set up high priority (Permission denied). In order to run benchmarks with high priority, make sure you have the right permissions.
// BeforeAnythingElse

// Benchmark Process Environment Information:
// BenchmarkDotNet v0.15.8
// Runtime=.NET 10.0.12 (10.0.12, 10.0.1226.42308), X64 RyuJIT x86-64-v4
// GC=Concurrent Workstation
// HardwareIntrinsics=AVX512 BITALG+VBMI2+VNNI+VPOPCNTDQ,AVX512 IFMA+VBMI,AVX512 F+BW+CD+DQ+VL,AVX2+BMI1+BMI2+F16C+FMA+LZCNT+MOVBE,AVX,SSE3+SSSE3+SSE4.1+SSE4.2+POPCNT,X86Base+SSE+SSE2,AES+PCLMUL,AvxVnni VectorSize=256
// Job: ShortRun(InvocationCount=1, IterationCount=3, LaunchCount=1, UnrollFactor=1, WarmupCount=3)

OverheadJitting  1: 1 op, 252214.00 ns, 252.2140 us/op
WorkloadJitting  1: 1 op, 1345427.00 ns, 1.3454 ms/op

OverheadWarmup   1: 1 op, 521.00 ns, 521.0000 ns/op
OverheadWarmup   2: 1 op, 381.00 ns, 381.0000 ns/op
OverheadWarmup   3: 1 op, 391.00 ns, 391.0000 ns/op
OverheadWarmup   4: 1 op, 381.00 ns, 381.0000 ns/op
OverheadWarmup   5: 1 op, 431.00 ns, 431.0000 ns/op
OverheadWarmup   6: 1 op, 381.00 ns, 381.0000 ns/op

OverheadActual   1: 1 op, 511.00 ns, 511.0000 ns/op
OverheadActual   2: 1 op, 461.00 ns, 461.0000 ns/op
OverheadActual   3: 1 op, 451.00 ns, 451.0000 ns/op
OverheadActual   4: 1 op, 431.00 ns, 431.0000 ns/op
OverheadActual   5: 1 op, 561.00 ns, 561.0000 ns/op
OverheadActual   6: 1 op, 391.00 ns, 391.0000 ns/op
OverheadActual   7: 1 op, 531.00 ns, 531.0000 ns/op
OverheadActual   8: 1 op, 451.00 ns, 451.0000 ns/op
OverheadActual   9: 1 op, 371.00 ns, 371.0000 ns/op
OverheadActual  10: 1 op, 391.00 ns, 391.0000 ns/op
OverheadActual  11: 1 op, 330.00 ns, 330.0000 ns/op
OverheadActual  12: 1 op, 501.00 ns, 501.0000 ns/op
OverheadActual  13: 1 op, 491.00 ns, 491.0000 ns/op
OverheadActual  14: 1 op, 411.00 ns, 411.0000 ns/op
OverheadActual  15: 1 op, 421.00 ns, 421.0000 ns/op
OverheadActual  16: 1 op, 381.00 ns, 381.0000 ns/op
OverheadActual  17: 1 op, 501.00 ns, 501.0000 ns/op
OverheadActual  18: 1 op, 501.00 ns, 501.0000 ns/op
OverheadActual  19: 1 op, 361.00 ns, 361.0000 ns/op
OverheadActual  20: 1 op, 360.00 ns, 360.0000 ns/op

WorkloadWarmup   1: 1 op, 254899.00 ns, 254.8990 us/op
WorkloadWarmup   2: 1 op, 73846.00 ns, 73.8460 us/op
WorkloadWarmup   3: 1 op, 123488.00 ns, 123.4880 us/op

// BeforeActualRun
WorkloadActual   1: 1 op, 73505.00 ns, 73.5050 us/op
WorkloadActual   2: 1 op, 68967.00 ns, 68.9670 us/op
WorkloadActual   3: 1 op, 67083.00 ns, 67.0830 us/op

// AfterActualRun
WorkloadResult   1: 1 op, 73064.00 ns, 73.0640 us/op
WorkloadResult   2: 1 op, 68526.00 ns, 68.5260 us/op
WorkloadResult   3: 1 op, 66642.00 ns, 66.6420 us/op
// GC:  0 0 0 216200 1
// Threading:  0 0 1

// AfterAll
// Benchmark Process 1628266 has exited with code 0.

Mean = 69.411 us, StdErr = 1.906 us (2.75%), N = 3, StdDev = 3.301 us
Min = 66.642 us, Q1 = 67.584 us, Median = 68.526 us, Q3 = 70.795 us, Max = 73.064 us
IQR = 3.211 us, LowerFence = 62.767 us, UpperFence = 75.612 us
ConfidenceInterval = [9.186 us; 129.636 us] (CI 99.9%), Margin = 60.225 us (86.77% of Mean)
Skewness = 0.25, Kurtosis = 0.67, MValue = 2

// ** Remained 16 (16.2%) benchmark(s) to run. Estimated finish 2026-09-22 17:04 (0h 0m from now) **
// **************************
// Benchmark: SessionSetupDecompositionBenchmarks.ComponentC2c2_ScopeConstructUnlinked: ShortRun(InvocationCount=1, IterationCount=3, LaunchCount=1, UnrollFactor=1, WarmupCount=3) [Sessions=1000]
// *** Execute ***
// Launch: 1 / 1
// Execute: dotnet WinForward.Benchmarks-ShortRun-1.dll --anonymousPipes 123 125 --benchmarkName "WinForward.Benchmarks.Perf.SessionSetupDecompositionBenchmarks.ComponentC2c2_ScopeConstructUnlinked(Sessions: 1000)" --job ShortRun --benchmarkId 83 in /home/paff/Projects/WinForward/benchmarks/WinForward.Benchmarks/bin/Release/net10.0/WinForward.Benchmarks-ShortRun-1/bin/Release/net10.0
// Failed to set up high priority (Permission denied). In order to run benchmarks with high priority, make sure you have the right permissions.
// BeforeAnythingElse

// Benchmark Process Environment Information:
// BenchmarkDotNet v0.15.8
// Runtime=.NET 10.0.12 (10.0.12, 10.0.1226.42308), X64 RyuJIT x86-64-v4
// GC=Concurrent Workstation
// HardwareIntrinsics=AVX512 BITALG+VBMI2+VNNI+VPOPCNTDQ,AVX512 IFMA+VBMI,AVX512 F+BW+CD+DQ+VL,AVX2+BMI1+BMI2+F16C+FMA+LZCNT+MOVBE,AVX,SSE3+SSSE3+SSE4.1+SSE4.2+POPCNT,X86Base+SSE+SSE2,AES+PCLMUL,AvxVnni VectorSize=256
// Job: ShortRun(InvocationCount=1, IterationCount=3, LaunchCount=1, UnrollFactor=1, WarmupCount=3)

OverheadJitting  1: 1 op, 302096.00 ns, 302.0960 us/op
WorkloadJitting  1: 1 op, 1226168.00 ns, 1.2262 ms/op

OverheadWarmup   1: 1 op, 441.00 ns, 441.0000 ns/op
OverheadWarmup   2: 1 op, 260.00 ns, 260.0000 ns/op
OverheadWarmup   3: 1 op, 281.00 ns, 281.0000 ns/op
OverheadWarmup   4: 1 op, 491.00 ns, 491.0000 ns/op
OverheadWarmup   5: 1 op, 371.00 ns, 371.0000 ns/op
OverheadWarmup   6: 1 op, 260.00 ns, 260.0000 ns/op
OverheadWarmup   7: 1 op, 261.00 ns, 261.0000 ns/op
OverheadWarmup   8: 1 op, 290.00 ns, 290.0000 ns/op
OverheadWarmup   9: 1 op, 290.00 ns, 290.0000 ns/op

OverheadActual   1: 1 op, 461.00 ns, 461.0000 ns/op
OverheadActual   2: 1 op, 450.00 ns, 450.0000 ns/op
OverheadActual   3: 1 op, 401.00 ns, 401.0000 ns/op
OverheadActual   4: 1 op, 391.00 ns, 391.0000 ns/op
OverheadActual   5: 1 op, 431.00 ns, 431.0000 ns/op
OverheadActual   6: 1 op, 260.00 ns, 260.0000 ns/op
OverheadActual   7: 1 op, 260.00 ns, 260.0000 ns/op
OverheadActual   8: 1 op, 491.00 ns, 491.0000 ns/op
OverheadActual   9: 1 op, 481.00 ns, 481.0000 ns/op
OverheadActual  10: 1 op, 551.00 ns, 551.0000 ns/op
OverheadActual  11: 1 op, 261.00 ns, 261.0000 ns/op
OverheadActual  12: 1 op, 511.00 ns, 511.0000 ns/op
OverheadActual  13: 1 op, 511.00 ns, 511.0000 ns/op
OverheadActual  14: 1 op, 481.00 ns, 481.0000 ns/op
OverheadActual  15: 1 op, 310.00 ns, 310.0000 ns/op
OverheadActual  16: 1 op, 261.00 ns, 261.0000 ns/op
OverheadActual  17: 1 op, 461.00 ns, 461.0000 ns/op
OverheadActual  18: 1 op, 330.00 ns, 330.0000 ns/op
OverheadActual  19: 1 op, 281.00 ns, 281.0000 ns/op
OverheadActual  20: 1 op, 511.00 ns, 511.0000 ns/op

WorkloadWarmup   1: 1 op, 149796.00 ns, 149.7960 us/op
WorkloadWarmup   2: 1 op, 195550.00 ns, 195.5500 us/op
WorkloadWarmup   3: 1 op, 34554.00 ns, 34.5540 us/op

// BeforeActualRun
WorkloadActual   1: 1 op, 37318.00 ns, 37.3180 us/op
WorkloadActual   2: 1 op, 39853.00 ns, 39.8530 us/op
WorkloadActual   3: 1 op, 37620.00 ns, 37.6200 us/op

// AfterActualRun
WorkloadResult   1: 1 op, 36877.50 ns, 36.8775 us/op
WorkloadResult   2: 1 op, 39412.50 ns, 39.4125 us/op
WorkloadResult   3: 1 op, 37179.50 ns, 37.1795 us/op
// GC:  0 0 0 120088 1
// Threading:  0 0 1

// AfterAll
// Benchmark Process 1628280 has exited with code 0.

Mean = 37.823 us, StdErr = 0.799 us (2.11%), N = 3, StdDev = 1.385 us
Min = 36.877 us, Q1 = 37.029 us, Median = 37.179 us, Q3 = 38.296 us, Max = 39.413 us
IQR = 1.268 us, LowerFence = 35.127 us, UpperFence = 40.197 us
ConfidenceInterval = [12.562 us; 63.085 us] (CI 99.9%), Margin = 25.261 us (66.79% of Mean)
Skewness = 0.36, Kurtosis = 0.67, MValue = 2

// ** Remained 15 (15.2%) benchmark(s) to run. Estimated finish 2026-09-22 17:04 (0h 0m from now) **
// **************************
// Benchmark: SessionSetupDecompositionBenchmarks.ComponentC2e_LockConstruction: ShortRun(InvocationCount=1, IterationCount=3, LaunchCount=1, UnrollFactor=1, WarmupCount=3) [Sessions=1000]
// *** Execute ***
// Launch: 1 / 1
// Execute: dotnet WinForward.Benchmarks-ShortRun-1.dll --anonymousPipes 123 125 --benchmarkName "WinForward.Benchmarks.Perf.SessionSetupDecompositionBenchmarks.ComponentC2e_LockConstruction(Sessions: 1000)" --job ShortRun --benchmarkId 84 in /home/paff/Projects/WinForward/benchmarks/WinForward.Benchmarks/bin/Release/net10.0/WinForward.Benchmarks-ShortRun-1/bin/Release/net10.0
// Failed to set up high priority (Permission denied). In order to run benchmarks with high priority, make sure you have the right permissions.
// BeforeAnythingElse

// Benchmark Process Environment Information:
// BenchmarkDotNet v0.15.8
// Runtime=.NET 10.0.12 (10.0.12, 10.0.1226.42308), X64 RyuJIT x86-64-v4
// GC=Concurrent Workstation
// HardwareIntrinsics=AVX512 BITALG+VBMI2+VNNI+VPOPCNTDQ,AVX512 IFMA+VBMI,AVX512 F+BW+CD+DQ+VL,AVX2+BMI1+BMI2+F16C+FMA+LZCNT+MOVBE,AVX,SSE3+SSSE3+SSE4.1+SSE4.2+POPCNT,X86Base+SSE+SSE2,AES+PCLMUL,AvxVnni VectorSize=256
// Job: ShortRun(InvocationCount=1, IterationCount=3, LaunchCount=1, UnrollFactor=1, WarmupCount=3)

OverheadJitting  1: 1 op, 264837.00 ns, 264.8370 us/op
WorkloadJitting  1: 1 op, 891852.00 ns, 891.8520 us/op

OverheadWarmup   1: 1 op, 501.00 ns, 501.0000 ns/op
OverheadWarmup   2: 1 op, 491.00 ns, 491.0000 ns/op
OverheadWarmup   3: 1 op, 531.00 ns, 531.0000 ns/op
OverheadWarmup   4: 1 op, 531.00 ns, 531.0000 ns/op
OverheadWarmup   5: 1 op, 380.00 ns, 380.0000 ns/op
OverheadWarmup   6: 1 op, 541.00 ns, 541.0000 ns/op

OverheadActual   1: 1 op, 421.00 ns, 421.0000 ns/op
OverheadActual   2: 1 op, 470.00 ns, 470.0000 ns/op
OverheadActual   3: 1 op, 521.00 ns, 521.0000 ns/op
OverheadActual   4: 1 op, 451.00 ns, 451.0000 ns/op
OverheadActual   5: 1 op, 531.00 ns, 531.0000 ns/op
OverheadActual   6: 1 op, 270.00 ns, 270.0000 ns/op
OverheadActual   7: 1 op, 491.00 ns, 491.0000 ns/op
OverheadActual   8: 1 op, 481.00 ns, 481.0000 ns/op
OverheadActual   9: 1 op, 270.00 ns, 270.0000 ns/op
OverheadActual  10: 1 op, 481.00 ns, 481.0000 ns/op
OverheadActual  11: 1 op, 300.00 ns, 300.0000 ns/op
OverheadActual  12: 1 op, 451.00 ns, 451.0000 ns/op
OverheadActual  13: 1 op, 261.00 ns, 261.0000 ns/op
OverheadActual  14: 1 op, 270.00 ns, 270.0000 ns/op
OverheadActual  15: 1 op, 491.00 ns, 491.0000 ns/op
OverheadActual  16: 1 op, 471.00 ns, 471.0000 ns/op
OverheadActual  17: 1 op, 280.00 ns, 280.0000 ns/op
OverheadActual  18: 1 op, 371.00 ns, 371.0000 ns/op
OverheadActual  19: 1 op, 260.00 ns, 260.0000 ns/op
OverheadActual  20: 1 op, 501.00 ns, 501.0000 ns/op

WorkloadWarmup   1: 1 op, 75910.00 ns, 75.9100 us/op
WorkloadWarmup   2: 1 op, 20728.00 ns, 20.7280 us/op
WorkloadWarmup   3: 1 op, 20468.00 ns, 20.4680 us/op

// BeforeActualRun
WorkloadActual   1: 1 op, 86960.00 ns, 86.9600 us/op
WorkloadActual   2: 1 op, 20258.00 ns, 20.2580 us/op
WorkloadActual   3: 1 op, 20007.00 ns, 20.0070 us/op

// AfterActualRun
WorkloadResult   1: 1 op, 86509.00 ns, 86.5090 us/op
WorkloadResult   2: 1 op, 19807.00 ns, 19.8070 us/op
WorkloadResult   3: 1 op, 19556.00 ns, 19.5560 us/op
// GC:  0 0 0 40000 1
// Threading:  0 0 1

// AfterAll
// Benchmark Process 1628289 has exited with code 0.

Mean = 41.957 us, StdErr = 22.276 us (53.09%), N = 3, StdDev = 38.583 us
Min = 19.556 us, Q1 = 19.681 us, Median = 19.807 us, Q3 = 53.158 us, Max = 86.509 us
IQR = 33.477 us, LowerFence = -30.533 us, UpperFence = 103.373 us
ConfidenceInterval = [-661.942 us; 745.856 us] (CI 99.9%), Margin = 703.899 us (1677.65% of Mean)
Skewness = 0.38, Kurtosis = 0.67, MValue = 2

// ** Remained 14 (14.1%) benchmark(s) to run. Estimated finish 2026-09-22 17:04 (0h 0m from now) **
// **************************
// Benchmark: SessionSetupDecompositionBenchmarks.ComponentC2e_TaskCompletionSourceConstruction: ShortRun(InvocationCount=1, IterationCount=3, LaunchCount=1, UnrollFactor=1, WarmupCount=3) [Sessions=1000]
// *** Execute ***
// Launch: 1 / 1
// Execute: dotnet WinForward.Benchmarks-ShortRun-1.dll --anonymousPipes 123 125 --benchmarkName "WinForward.Benchmarks.Perf.SessionSetupDecompositionBenchmarks.ComponentC2e_TaskCompletionSourceConstruction(Sessions: 1000)" --job ShortRun --benchmarkId 85 in /home/paff/Projects/WinForward/benchmarks/WinForward.Benchmarks/bin/Release/net10.0/WinForward.Benchmarks-ShortRun-1/bin/Release/net10.0
// Failed to set up high priority (Permission denied). In order to run benchmarks with high priority, make sure you have the right permissions.
// BeforeAnythingElse

// Benchmark Process Environment Information:
// BenchmarkDotNet v0.15.8
// Runtime=.NET 10.0.12 (10.0.12, 10.0.1226.42308), X64 RyuJIT x86-64-v4
// GC=Concurrent Workstation
// HardwareIntrinsics=AVX512 BITALG+VBMI2+VNNI+VPOPCNTDQ,AVX512 IFMA+VBMI,AVX512 F+BW+CD+DQ+VL,AVX2+BMI1+BMI2+F16C+FMA+LZCNT+MOVBE,AVX,SSE3+SSSE3+SSE4.1+SSE4.2+POPCNT,X86Base+SSE+SSE2,AES+PCLMUL,AvxVnni VectorSize=256
// Job: ShortRun(InvocationCount=1, IterationCount=3, LaunchCount=1, UnrollFactor=1, WarmupCount=3)

OverheadJitting  1: 1 op, 276539.00 ns, 276.5390 us/op
WorkloadJitting  1: 1 op, 718954.00 ns, 718.9540 us/op

OverheadWarmup   1: 1 op, 421.00 ns, 421.0000 ns/op
OverheadWarmup   2: 1 op, 411.00 ns, 411.0000 ns/op
OverheadWarmup   3: 1 op, 440.00 ns, 440.0000 ns/op
OverheadWarmup   4: 1 op, 421.00 ns, 421.0000 ns/op
OverheadWarmup   5: 1 op, 411.00 ns, 411.0000 ns/op
OverheadWarmup   6: 1 op, 381.00 ns, 381.0000 ns/op
OverheadWarmup   7: 1 op, 470.00 ns, 470.0000 ns/op
OverheadWarmup   8: 1 op, 350.00 ns, 350.0000 ns/op

OverheadActual   1: 1 op, 431.00 ns, 431.0000 ns/op
OverheadActual   2: 1 op, 441.00 ns, 441.0000 ns/op
OverheadActual   3: 1 op, 381.00 ns, 381.0000 ns/op
OverheadActual   4: 1 op, 421.00 ns, 421.0000 ns/op
OverheadActual   5: 1 op, 431.00 ns, 431.0000 ns/op
OverheadActual   6: 1 op, 461.00 ns, 461.0000 ns/op
OverheadActual   7: 1 op, 451.00 ns, 451.0000 ns/op
OverheadActual   8: 1 op, 260.00 ns, 260.0000 ns/op
OverheadActual   9: 1 op, 421.00 ns, 421.0000 ns/op
OverheadActual  10: 1 op, 400.00 ns, 400.0000 ns/op
OverheadActual  11: 1 op, 410.00 ns, 410.0000 ns/op
OverheadActual  12: 1 op, 411.00 ns, 411.0000 ns/op
OverheadActual  13: 1 op, 371.00 ns, 371.0000 ns/op
OverheadActual  14: 1 op, 441.00 ns, 441.0000 ns/op
OverheadActual  15: 1 op, 391.00 ns, 391.0000 ns/op
OverheadActual  16: 1 op, 250.00 ns, 250.0000 ns/op
OverheadActual  17: 1 op, 521.00 ns, 521.0000 ns/op
OverheadActual  18: 1 op, 380.00 ns, 380.0000 ns/op
OverheadActual  19: 1 op, 390.00 ns, 390.0000 ns/op
OverheadActual  20: 1 op, 401.00 ns, 401.0000 ns/op

WorkloadWarmup   1: 1 op, 131643.00 ns, 131.6430 us/op
WorkloadWarmup   2: 1 op, 34514.00 ns, 34.5140 us/op
WorkloadWarmup   3: 1 op, 35105.00 ns, 35.1050 us/op

// BeforeActualRun
WorkloadActual   1: 1 op, 131061.00 ns, 131.0610 us/op
WorkloadActual   2: 1 op, 33863.00 ns, 33.8630 us/op
WorkloadActual   3: 1 op, 33482.00 ns, 33.4820 us/op

// AfterActualRun
WorkloadResult   1: 1 op, 130650.50 ns, 130.6505 us/op
WorkloadResult   2: 1 op, 33452.50 ns, 33.4525 us/op
WorkloadResult   3: 1 op, 33071.50 ns, 33.0715 us/op
// GC:  0 0 0 88000 1
// Threading:  0 0 1

// AfterAll
// Benchmark Process 1628300 has exited with code 0.

Mean = 65.725 us, StdErr = 32.463 us (49.39%), N = 3, StdDev = 56.228 us
Min = 33.072 us, Q1 = 33.262 us, Median = 33.453 us, Q3 = 82.052 us, Max = 130.650 us
IQR = 48.789 us, LowerFence = -39.922 us, UpperFence = 155.236 us
ConfidenceInterval = [-960.076 us; 1,091.526 us] (CI 99.9%), Margin = 1,025.801 us (1560.75% of Mean)
Skewness = 0.38, Kurtosis = 0.67, MValue = 2

// ** Remained 13 (13.1%) benchmark(s) to run. Estimated finish 2026-09-22 17:03 (0h 0m from now) **
// **************************
// Benchmark: SessionSetupDecompositionBenchmarks.ComponentC2e_LinkedTokenSourceConstruction: ShortRun(InvocationCount=1, IterationCount=3, LaunchCount=1, UnrollFactor=1, WarmupCount=3) [Sessions=1000]
// *** Execute ***
// Launch: 1 / 1
// Execute: dotnet WinForward.Benchmarks-ShortRun-1.dll --anonymousPipes 123 125 --benchmarkName "WinForward.Benchmarks.Perf.SessionSetupDecompositionBenchmarks.ComponentC2e_LinkedTokenSourceConstruction(Sessions: 1000)" --job ShortRun --benchmarkId 86 in /home/paff/Projects/WinForward/benchmarks/WinForward.Benchmarks/bin/Release/net10.0/WinForward.Benchmarks-ShortRun-1/bin/Release/net10.0
// Failed to set up high priority (Permission denied). In order to run benchmarks with high priority, make sure you have the right permissions.
// BeforeAnythingElse

// Benchmark Process Environment Information:
// BenchmarkDotNet v0.15.8
// Runtime=.NET 10.0.12 (10.0.12, 10.0.1226.42308), X64 RyuJIT x86-64-v4
// GC=Concurrent Workstation
// HardwareIntrinsics=AVX512 BITALG+VBMI2+VNNI+VPOPCNTDQ,AVX512 IFMA+VBMI,AVX512 F+BW+CD+DQ+VL,AVX2+BMI1+BMI2+F16C+FMA+LZCNT+MOVBE,AVX,SSE3+SSSE3+SSE4.1+SSE4.2+POPCNT,X86Base+SSE+SSE2,AES+PCLMUL,AvxVnni VectorSize=256
// Job: ShortRun(InvocationCount=1, IterationCount=3, LaunchCount=1, UnrollFactor=1, WarmupCount=3)

OverheadJitting  1: 1 op, 261883.00 ns, 261.8830 us/op
WorkloadJitting  1: 1 op, 1414214.00 ns, 1.4142 ms/op

OverheadWarmup   1: 1 op, 401.00 ns, 401.0000 ns/op
OverheadWarmup   2: 1 op, 250.00 ns, 250.0000 ns/op
OverheadWarmup   3: 1 op, 260.00 ns, 260.0000 ns/op
OverheadWarmup   4: 1 op, 260.00 ns, 260.0000 ns/op
OverheadWarmup   5: 1 op, 210.00 ns, 210.0000 ns/op
OverheadWarmup   6: 1 op, 491.00 ns, 491.0000 ns/op

OverheadActual   1: 1 op, 411.00 ns, 411.0000 ns/op
OverheadActual   2: 1 op, 410.00 ns, 410.0000 ns/op
OverheadActual   3: 1 op, 401.00 ns, 401.0000 ns/op
OverheadActual   4: 1 op, 501.00 ns, 501.0000 ns/op
OverheadActual   5: 1 op, 421.00 ns, 421.0000 ns/op
OverheadActual   6: 1 op, 280.00 ns, 280.0000 ns/op
OverheadActual   7: 1 op, 441.00 ns, 441.0000 ns/op
OverheadActual   8: 1 op, 511.00 ns, 511.0000 ns/op
OverheadActual   9: 1 op, 260.00 ns, 260.0000 ns/op
OverheadActual  10: 1 op, 260.00 ns, 260.0000 ns/op
OverheadActual  11: 1 op, 260.00 ns, 260.0000 ns/op
OverheadActual  12: 1 op, 261.00 ns, 261.0000 ns/op
OverheadActual  13: 1 op, 471.00 ns, 471.0000 ns/op
OverheadActual  14: 1 op, 431.00 ns, 431.0000 ns/op
OverheadActual  15: 1 op, 1022.00 ns, 1.0220 us/op
OverheadActual  16: 1 op, 420.00 ns, 420.0000 ns/op
OverheadActual  17: 1 op, 431.00 ns, 431.0000 ns/op
OverheadActual  18: 1 op, 441.00 ns, 441.0000 ns/op
OverheadActual  19: 1 op, 561.00 ns, 561.0000 ns/op
OverheadActual  20: 1 op, 481.00 ns, 481.0000 ns/op

WorkloadWarmup   1: 1 op, 288531.00 ns, 288.5310 us/op
WorkloadWarmup   2: 1 op, 64249.00 ns, 64.2490 us/op
WorkloadWarmup   3: 1 op, 62154.00 ns, 62.1540 us/op

// BeforeActualRun
WorkloadActual   1: 1 op, 214645.00 ns, 214.6450 us/op
WorkloadActual   2: 1 op, 90657.00 ns, 90.6570 us/op
WorkloadActual   3: 1 op, 63787.00 ns, 63.7870 us/op

// AfterActualRun
WorkloadResult   1: 1 op, 214219.00 ns, 214.2190 us/op
WorkloadResult   2: 1 op, 90231.00 ns, 90.2310 us/op
WorkloadResult   3: 1 op, 63361.00 ns, 63.3610 us/op
// GC:  0 0 0 152200 1
// Threading:  0 0 1

// AfterAll
// Benchmark Process 1628309 has exited with code 0.

Mean = 122.604 us, StdErr = 46.460 us (37.89%), N = 3, StdDev = 80.471 us
Min = 63.361 us, Q1 = 76.796 us, Median = 90.231 us, Q3 = 152.225 us, Max = 214.219 us
IQR = 75.429 us, LowerFence = -36.347 us, UpperFence = 265.368 us
ConfidenceInterval = [-1,345.481 us; 1,590.688 us] (CI 99.9%), Margin = 1,468.084 us (1197.42% of Mean)
Skewness = 0.34, Kurtosis = 0.67, MValue = 2

// ** Remained 12 (12.1%) benchmark(s) to run. Estimated finish 2026-09-22 17:03 (0h 0m from now) **
// **************************
// Benchmark: SessionSetupDecompositionBenchmarks.ComponentE1_CanceledDelayAwaitAsync: ShortRun(InvocationCount=1, IterationCount=3, LaunchCount=1, UnrollFactor=1, WarmupCount=3) [Sessions=1000]
// *** Execute ***
// Launch: 1 / 1
// Execute: dotnet WinForward.Benchmarks-ShortRun-1.dll --anonymousPipes 123 125 --benchmarkName "WinForward.Benchmarks.Perf.SessionSetupDecompositionBenchmarks.ComponentE1_CanceledDelayAwaitAsync(Sessions: 1000)" --job ShortRun --benchmarkId 87 in /home/paff/Projects/WinForward/benchmarks/WinForward.Benchmarks/bin/Release/net10.0/WinForward.Benchmarks-ShortRun-1/bin/Release/net10.0
// Failed to set up high priority (Permission denied). In order to run benchmarks with high priority, make sure you have the right permissions.
// BeforeAnythingElse

// Benchmark Process Environment Information:
// BenchmarkDotNet v0.15.8
// Runtime=.NET 10.0.12 (10.0.12, 10.0.1226.42308), X64 RyuJIT x86-64-v4
// GC=Concurrent Workstation
// HardwareIntrinsics=AVX512 BITALG+VBMI2+VNNI+VPOPCNTDQ,AVX512 IFMA+VBMI,AVX512 F+BW+CD+DQ+VL,AVX2+BMI1+BMI2+F16C+FMA+LZCNT+MOVBE,AVX,SSE3+SSSE3+SSE4.1+SSE4.2+POPCNT,X86Base+SSE+SSE2,AES+PCLMUL,AvxVnni VectorSize=256
// Job: ShortRun(InvocationCount=1, IterationCount=3, LaunchCount=1, UnrollFactor=1, WarmupCount=3)

OverheadJitting  1: 1 op, 280086.00 ns, 280.0860 us/op
WorkloadJitting  1: 1 op, 8925125.00 ns, 8.9251 ms/op

OverheadWarmup   1: 1 op, 461.00 ns, 461.0000 ns/op
OverheadWarmup   2: 1 op, 511.00 ns, 511.0000 ns/op
OverheadWarmup   3: 1 op, 261.00 ns, 261.0000 ns/op
OverheadWarmup   4: 1 op, 401.00 ns, 401.0000 ns/op
OverheadWarmup   5: 1 op, 451.00 ns, 451.0000 ns/op
OverheadWarmup   6: 1 op, 270.00 ns, 270.0000 ns/op

OverheadActual   1: 1 op, 480.00 ns, 480.0000 ns/op
OverheadActual   2: 1 op, 451.00 ns, 451.0000 ns/op
OverheadActual   3: 1 op, 411.00 ns, 411.0000 ns/op
OverheadActual   4: 1 op, 441.00 ns, 441.0000 ns/op
OverheadActual   5: 1 op, 481.00 ns, 481.0000 ns/op
OverheadActual   6: 1 op, 260.00 ns, 260.0000 ns/op
OverheadActual   7: 1 op, 351.00 ns, 351.0000 ns/op
OverheadActual   8: 1 op, 351.00 ns, 351.0000 ns/op
OverheadActual   9: 1 op, 251.00 ns, 251.0000 ns/op
OverheadActual  10: 1 op, 481.00 ns, 481.0000 ns/op
OverheadActual  11: 1 op, 351.00 ns, 351.0000 ns/op
OverheadActual  12: 1 op, 261.00 ns, 261.0000 ns/op
OverheadActual  13: 1 op, 261.00 ns, 261.0000 ns/op
OverheadActual  14: 1 op, 390.00 ns, 390.0000 ns/op
OverheadActual  15: 1 op, 621.00 ns, 621.0000 ns/op
OverheadActual  16: 1 op, 431.00 ns, 431.0000 ns/op
OverheadActual  17: 1 op, 481.00 ns, 481.0000 ns/op
OverheadActual  18: 1 op, 461.00 ns, 461.0000 ns/op
OverheadActual  19: 1 op, 341.00 ns, 341.0000 ns/op
OverheadActual  20: 1 op, 350.00 ns, 350.0000 ns/op

WorkloadWarmup   1: 1 op, 5163849.00 ns, 5.1638 ms/op
WorkloadWarmup   2: 1 op, 4194685.00 ns, 4.1947 ms/op
WorkloadWarmup   3: 1 op, 4058744.00 ns, 4.0587 ms/op

// BeforeActualRun
WorkloadActual   1: 1 op, 4890696.00 ns, 4.8907 ms/op
WorkloadActual   2: 1 op, 3988244.00 ns, 3.9882 ms/op
WorkloadActual   3: 1 op, 4133091.00 ns, 4.1331 ms/op

// AfterActualRun
WorkloadResult   1: 1 op, 4890295.50 ns, 4.8903 ms/op
WorkloadResult   2: 1 op, 3987843.50 ns, 3.9878 ms/op
WorkloadResult   3: 1 op, 4132690.50 ns, 4.1327 ms/op
// GC:  0 0 0 864000 1
// Threading:  0 0 1
// Exceptions:  1000

// AfterAll
// Benchmark Process 1628318 has exited with code 0.

Mean = 4.337 ms, StdErr = 0.280 ms (6.45%), N = 3, StdDev = 0.485 ms
Min = 3.988 ms, Q1 = 4.060 ms, Median = 4.133 ms, Q3 = 4.511 ms, Max = 4.890 ms
IQR = 0.451 ms, LowerFence = 3.383 ms, UpperFence = 5.188 ms
ConfidenceInterval = [-4.505 ms; 13.179 ms] (CI 99.9%), Margin = 8.842 ms (203.88% of Mean)
Skewness = 0.35, Kurtosis = 0.67, MValue = 2

// ** Remained 11 (11.1%) benchmark(s) to run. Estimated finish 2026-09-22 17:03 (0h 0m from now) **
// **************************
// Benchmark: SessionSetupDecompositionBenchmarks.ComponentE2_SetupExecutorDisposeAsync: ShortRun(InvocationCount=1, IterationCount=3, LaunchCount=1, UnrollFactor=1, WarmupCount=3) [Sessions=1000]
// *** Execute ***
// Launch: 1 / 1
// Execute: dotnet WinForward.Benchmarks-ShortRun-1.dll --anonymousPipes 123 125 --benchmarkName "WinForward.Benchmarks.Perf.SessionSetupDecompositionBenchmarks.ComponentE2_SetupExecutorDisposeAsync(Sessions: 1000)" --job ShortRun --benchmarkId 88 in /home/paff/Projects/WinForward/benchmarks/WinForward.Benchmarks/bin/Release/net10.0/WinForward.Benchmarks-ShortRun-1/bin/Release/net10.0
// Failed to set up high priority (Permission denied). In order to run benchmarks with high priority, make sure you have the right permissions.
// BeforeAnythingElse

// Benchmark Process Environment Information:
// BenchmarkDotNet v0.15.8
// Runtime=.NET 10.0.12 (10.0.12, 10.0.1226.42308), X64 RyuJIT x86-64-v4
// GC=Concurrent Workstation
// HardwareIntrinsics=AVX512 BITALG+VBMI2+VNNI+VPOPCNTDQ,AVX512 IFMA+VBMI,AVX512 F+BW+CD+DQ+VL,AVX2+BMI1+BMI2+F16C+FMA+LZCNT+MOVBE,AVX,SSE3+SSSE3+SSE4.1+SSE4.2+POPCNT,X86Base+SSE+SSE2,AES+PCLMUL,AvxVnni VectorSize=256
// Job: ShortRun(InvocationCount=1, IterationCount=3, LaunchCount=1, UnrollFactor=1, WarmupCount=3)

OverheadJitting  1: 1 op, 264156.00 ns, 264.1560 us/op
WorkloadJitting  1: 1 op, 112066459.00 ns, 112.0665 ms/op

OverheadWarmup   1: 1 op, 722.00 ns, 722.0000 ns/op
OverheadWarmup   2: 1 op, 752.00 ns, 752.0000 ns/op
OverheadWarmup   3: 1 op, 441.00 ns, 441.0000 ns/op
OverheadWarmup   4: 1 op, 481.00 ns, 481.0000 ns/op
OverheadWarmup   5: 1 op, 361.00 ns, 361.0000 ns/op

OverheadActual   1: 1 op, 421.00 ns, 421.0000 ns/op
OverheadActual   2: 1 op, 411.00 ns, 411.0000 ns/op
OverheadActual   3: 1 op, 441.00 ns, 441.0000 ns/op
OverheadActual   4: 1 op, 420.00 ns, 420.0000 ns/op
OverheadActual   5: 1 op, 661.00 ns, 661.0000 ns/op
OverheadActual   6: 1 op, 911.00 ns, 911.0000 ns/op
OverheadActual   7: 1 op, 370.00 ns, 370.0000 ns/op
OverheadActual   8: 1 op, 261.00 ns, 261.0000 ns/op
OverheadActual   9: 1 op, 371.00 ns, 371.0000 ns/op
OverheadActual  10: 1 op, 360.00 ns, 360.0000 ns/op
OverheadActual  11: 1 op, 380.00 ns, 380.0000 ns/op
OverheadActual  12: 1 op, 350.00 ns, 350.0000 ns/op
OverheadActual  13: 1 op, 261.00 ns, 261.0000 ns/op
OverheadActual  14: 1 op, 391.00 ns, 391.0000 ns/op
OverheadActual  15: 1 op, 361.00 ns, 361.0000 ns/op
OverheadActual  16: 1 op, 270.00 ns, 270.0000 ns/op
OverheadActual  17: 1 op, 360.00 ns, 360.0000 ns/op
OverheadActual  18: 1 op, 481.00 ns, 481.0000 ns/op
OverheadActual  19: 1 op, 742.00 ns, 742.0000 ns/op
OverheadActual  20: 1 op, 290.00 ns, 290.0000 ns/op

WorkloadWarmup   1: 1 op, 95392074.00 ns, 95.3921 ms/op
WorkloadWarmup   2: 1 op, 94114090.00 ns, 94.1141 ms/op
WorkloadWarmup   3: 1 op, 94049371.00 ns, 94.0494 ms/op

// BeforeActualRun
WorkloadActual   1: 1 op, 95178007.00 ns, 95.1780 ms/op
WorkloadActual   2: 1 op, 92949875.00 ns, 92.9499 ms/op
WorkloadActual   3: 1 op, 92527646.00 ns, 92.5276 ms/op

// AfterActualRun
WorkloadResult   1: 1 op, 95177631.50 ns, 95.1776 ms/op
WorkloadResult   2: 1 op, 92949499.50 ns, 92.9495 ms/op
WorkloadResult   3: 1 op, 92527270.50 ns, 92.5273 ms/op
// GC:  0 0 0 88888 1
// Threading:  2 64 1
// Exceptions:  128

// AfterAll
// Benchmark Process 1628327 has exited with code 0.

Mean = 93.551 ms, StdErr = 0.822 ms (0.88%), N = 3, StdDev = 1.424 ms
Min = 92.527 ms, Q1 = 92.738 ms, Median = 92.949 ms, Q3 = 94.064 ms, Max = 95.178 ms
IQR = 1.325 ms, LowerFence = 90.751 ms, UpperFence = 96.051 ms
ConfidenceInterval = [67.572 ms; 119.531 ms] (CI 99.9%), Margin = 25.980 ms (27.77% of Mean)
Skewness = 0.35, Kurtosis = 0.67, MValue = 2

// ** Remained 10 (10.1%) benchmark(s) to run. Estimated finish 2026-09-22 17:04 (0h 0m from now) **
// **************************
// Benchmark: SessionSetupDecompositionBenchmarks.ComponentA1_AssociationTablePreSeed: ShortRun(InvocationCount=1, IterationCount=3, LaunchCount=1, UnrollFactor=1, WarmupCount=3) [Sessions=1000]
// *** Execute ***
// Launch: 1 / 1
// Execute: dotnet WinForward.Benchmarks-ShortRun-1.dll --anonymousPipes 123 125 --benchmarkName "WinForward.Benchmarks.Perf.SessionSetupDecompositionBenchmarks.ComponentA1_AssociationTablePreSeed(Sessions: 1000)" --job ShortRun --benchmarkId 89 in /home/paff/Projects/WinForward/benchmarks/WinForward.Benchmarks/bin/Release/net10.0/WinForward.Benchmarks-ShortRun-1/bin/Release/net10.0
// Failed to set up high priority (Permission denied). In order to run benchmarks with high priority, make sure you have the right permissions.
// BeforeAnythingElse

// Benchmark Process Environment Information:
// BenchmarkDotNet v0.15.8
// Runtime=.NET 10.0.12 (10.0.12, 10.0.1226.42308), X64 RyuJIT x86-64-v4
// GC=Concurrent Workstation
// HardwareIntrinsics=AVX512 BITALG+VBMI2+VNNI+VPOPCNTDQ,AVX512 IFMA+VBMI,AVX512 F+BW+CD+DQ+VL,AVX2+BMI1+BMI2+F16C+FMA+LZCNT+MOVBE,AVX,SSE3+SSSE3+SSE4.1+SSE4.2+POPCNT,X86Base+SSE+SSE2,AES+PCLMUL,AvxVnni VectorSize=256
// Job: ShortRun(InvocationCount=1, IterationCount=3, LaunchCount=1, UnrollFactor=1, WarmupCount=3)

OverheadJitting  1: 1 op, 268264.00 ns, 268.2640 us/op
WorkloadJitting  1: 1 op, 3628212.00 ns, 3.6282 ms/op

OverheadWarmup   1: 1 op, 461.00 ns, 461.0000 ns/op
OverheadWarmup   2: 1 op, 832.00 ns, 832.0000 ns/op
OverheadWarmup   3: 1 op, 451.00 ns, 451.0000 ns/op
OverheadWarmup   4: 1 op, 561.00 ns, 561.0000 ns/op
OverheadWarmup   5: 1 op, 471.00 ns, 471.0000 ns/op

OverheadActual   1: 1 op, 501.00 ns, 501.0000 ns/op
OverheadActual   2: 1 op, 1022.00 ns, 1.0220 us/op
OverheadActual   3: 1 op, 671.00 ns, 671.0000 ns/op
OverheadActual   4: 1 op, 581.00 ns, 581.0000 ns/op
OverheadActual   5: 1 op, 471.00 ns, 471.0000 ns/op
OverheadActual   6: 1 op, 281.00 ns, 281.0000 ns/op
OverheadActual   7: 1 op, 471.00 ns, 471.0000 ns/op
OverheadActual   8: 1 op, 581.00 ns, 581.0000 ns/op
OverheadActual   9: 1 op, 500.00 ns, 500.0000 ns/op
OverheadActual  10: 1 op, 281.00 ns, 281.0000 ns/op
OverheadActual  11: 1 op, 470.00 ns, 470.0000 ns/op
OverheadActual  12: 1 op, 270.00 ns, 270.0000 ns/op
OverheadActual  13: 1 op, 471.00 ns, 471.0000 ns/op
OverheadActual  14: 1 op, 481.00 ns, 481.0000 ns/op
OverheadActual  15: 1 op, 451.00 ns, 451.0000 ns/op
OverheadActual  16: 1 op, 621.00 ns, 621.0000 ns/op
OverheadActual  17: 1 op, 561.00 ns, 561.0000 ns/op
OverheadActual  18: 1 op, 411.00 ns, 411.0000 ns/op
OverheadActual  19: 1 op, 370.00 ns, 370.0000 ns/op
OverheadActual  20: 1 op, 481.00 ns, 481.0000 ns/op

WorkloadWarmup   1: 1 op, 75029.00 ns, 75.0290 us/op
WorkloadWarmup   2: 1 op, 533077.00 ns, 533.0770 us/op
WorkloadWarmup   3: 1 op, 432947.00 ns, 432.9470 us/op

// BeforeActualRun
WorkloadActual   1: 1 op, 49021.00 ns, 49.0210 us/op
WorkloadActual   2: 1 op, 13965.00 ns, 13.9650 us/op
WorkloadActual   3: 1 op, 15779.00 ns, 15.7790 us/op

// AfterActualRun
WorkloadResult   1: 1 op, 48545.00 ns, 48.5450 us/op
WorkloadResult   2: 1 op, 13489.00 ns, 13.4890 us/op
WorkloadResult   3: 1 op, 15303.00 ns, 15.3030 us/op
// GC:  0 0 0 327008 1
// Threading:  0 0 1

// AfterAll
// Benchmark Process 1628855 has exited with code 0.

Mean = 25.779 us, StdErr = 11.395 us (44.20%), N = 3, StdDev = 19.737 us
Min = 13.489 us, Q1 = 14.396 us, Median = 15.303 us, Q3 = 31.924 us, Max = 48.545 us
IQR = 17.528 us, LowerFence = -11.896 us, UpperFence = 58.216 us
ConfidenceInterval = [-334.293 us; 385.851 us] (CI 99.9%), Margin = 360.072 us (1396.77% of Mean)
Skewness = 0.38, Kurtosis = 0.67, MValue = 2

// ** Remained 9 (9.1%) benchmark(s) to run. Estimated finish 2026-09-22 17:03 (0h 0m from now) **
// **************************
// Benchmark: SessionSetupDecompositionBenchmarks.ComponentA2_SessionDictionaryPreSeed: ShortRun(InvocationCount=1, IterationCount=3, LaunchCount=1, UnrollFactor=1, WarmupCount=3) [Sessions=1000]
// *** Execute ***
// Launch: 1 / 1
// Execute: dotnet WinForward.Benchmarks-ShortRun-1.dll --anonymousPipes 123 125 --benchmarkName "WinForward.Benchmarks.Perf.SessionSetupDecompositionBenchmarks.ComponentA2_SessionDictionaryPreSeed(Sessions: 1000)" --job ShortRun --benchmarkId 90 in /home/paff/Projects/WinForward/benchmarks/WinForward.Benchmarks/bin/Release/net10.0/WinForward.Benchmarks-ShortRun-1/bin/Release/net10.0
// Failed to set up high priority (Permission denied). In order to run benchmarks with high priority, make sure you have the right permissions.
// BeforeAnythingElse

// Benchmark Process Environment Information:
// BenchmarkDotNet v0.15.8
// Runtime=.NET 10.0.12 (10.0.12, 10.0.1226.42308), X64 RyuJIT x86-64-v4
// GC=Concurrent Workstation
// HardwareIntrinsics=AVX512 BITALG+VBMI2+VNNI+VPOPCNTDQ,AVX512 IFMA+VBMI,AVX512 F+BW+CD+DQ+VL,AVX2+BMI1+BMI2+F16C+FMA+LZCNT+MOVBE,AVX,SSE3+SSSE3+SSE4.1+SSE4.2+POPCNT,X86Base+SSE+SSE2,AES+PCLMUL,AvxVnni VectorSize=256
// Job: ShortRun(InvocationCount=1, IterationCount=3, LaunchCount=1, UnrollFactor=1, WarmupCount=3)

OverheadJitting  1: 1 op, 330148.00 ns, 330.1480 us/op
WorkloadJitting  1: 1 op, 1223844.00 ns, 1.2238 ms/op

OverheadWarmup   1: 1 op, 491.00 ns, 491.0000 ns/op
OverheadWarmup   2: 1 op, 531.00 ns, 531.0000 ns/op
OverheadWarmup   3: 1 op, 291.00 ns, 291.0000 ns/op
OverheadWarmup   4: 1 op, 511.00 ns, 511.0000 ns/op
OverheadWarmup   5: 1 op, 290.00 ns, 290.0000 ns/op

OverheadActual   1: 1 op, 541.00 ns, 541.0000 ns/op
OverheadActual   2: 1 op, 501.00 ns, 501.0000 ns/op
OverheadActual   3: 1 op, 401.00 ns, 401.0000 ns/op
OverheadActual   4: 1 op, 501.00 ns, 501.0000 ns/op
OverheadActual   5: 1 op, 561.00 ns, 561.0000 ns/op
OverheadActual   6: 1 op, 621.00 ns, 621.0000 ns/op
OverheadActual   7: 1 op, 270.00 ns, 270.0000 ns/op
OverheadActual   8: 1 op, 261.00 ns, 261.0000 ns/op
OverheadActual   9: 1 op, 531.00 ns, 531.0000 ns/op
OverheadActual  10: 1 op, 291.00 ns, 291.0000 ns/op
OverheadActual  11: 1 op, 260.00 ns, 260.0000 ns/op
OverheadActual  12: 1 op, 290.00 ns, 290.0000 ns/op
OverheadActual  13: 1 op, 271.00 ns, 271.0000 ns/op
OverheadActual  14: 1 op, 481.00 ns, 481.0000 ns/op
OverheadActual  15: 1 op, 490.00 ns, 490.0000 ns/op
OverheadActual  16: 1 op, 281.00 ns, 281.0000 ns/op
OverheadActual  17: 1 op, 341.00 ns, 341.0000 ns/op
OverheadActual  18: 1 op, 501.00 ns, 501.0000 ns/op
OverheadActual  19: 1 op, 291.00 ns, 291.0000 ns/op
OverheadActual  20: 1 op, 491.00 ns, 491.0000 ns/op

WorkloadWarmup   1: 1 op, 55062.00 ns, 55.0620 us/op
WorkloadWarmup   2: 1 op, 344304.00 ns, 344.3040 us/op
WorkloadWarmup   3: 1 op, 237066.00 ns, 237.0660 us/op

// BeforeActualRun
WorkloadActual   1: 1 op, 42879.00 ns, 42.8790 us/op
WorkloadActual   2: 1 op, 7845.00 ns, 7.8450 us/op
WorkloadActual   3: 1 op, 9067.00 ns, 9.0670 us/op

// AfterActualRun
WorkloadResult   1: 1 op, 42438.00 ns, 42.4380 us/op
WorkloadResult   2: 1 op, 7404.00 ns, 7.4040 us/op
WorkloadResult   3: 1 op, 8626.00 ns, 8.6260 us/op
// GC:  0 0 0 163376 1
// Threading:  0 0 1

// AfterAll
// Benchmark Process 1628865 has exited with code 0.

Mean = 19.489 us, StdErr = 11.480 us (58.90%), N = 3, StdDev = 19.884 us
Min = 7.404 us, Q1 = 8.015 us, Median = 8.626 us, Q3 = 25.532 us, Max = 42.438 us
IQR = 17.517 us, LowerFence = -18.261 us, UpperFence = 51.807 us
ConfidenceInterval = [-343.260 us; 382.239 us] (CI 99.9%), Margin = 362.749 us (1861.27% of Mean)
Skewness = 0.38, Kurtosis = 0.67, MValue = 2

// ** Remained 8 (8.1%) benchmark(s) to run. Estimated finish 2026-09-22 17:03 (0h 0m from now) **
// **************************
// Benchmark: SessionSetupDecompositionBenchmarks.ComponentA3_CooldownTableConstruction: ShortRun(InvocationCount=1, IterationCount=3, LaunchCount=1, UnrollFactor=1, WarmupCount=3) [Sessions=1000]
// *** Execute ***
// Launch: 1 / 1
// Execute: dotnet WinForward.Benchmarks-ShortRun-1.dll --anonymousPipes 123 125 --benchmarkName "WinForward.Benchmarks.Perf.SessionSetupDecompositionBenchmarks.ComponentA3_CooldownTableConstruction(Sessions: 1000)" --job ShortRun --benchmarkId 91 in /home/paff/Projects/WinForward/benchmarks/WinForward.Benchmarks/bin/Release/net10.0/WinForward.Benchmarks-ShortRun-1/bin/Release/net10.0
// Failed to set up high priority (Permission denied). In order to run benchmarks with high priority, make sure you have the right permissions.
// BeforeAnythingElse

// Benchmark Process Environment Information:
// BenchmarkDotNet v0.15.8
// Runtime=.NET 10.0.12 (10.0.12, 10.0.1226.42308), X64 RyuJIT x86-64-v4
// GC=Concurrent Workstation
// HardwareIntrinsics=AVX512 BITALG+VBMI2+VNNI+VPOPCNTDQ,AVX512 IFMA+VBMI,AVX512 F+BW+CD+DQ+VL,AVX2+BMI1+BMI2+F16C+FMA+LZCNT+MOVBE,AVX,SSE3+SSSE3+SSE4.1+SSE4.2+POPCNT,X86Base+SSE+SSE2,AES+PCLMUL,AvxVnni VectorSize=256
// Job: ShortRun(InvocationCount=1, IterationCount=3, LaunchCount=1, UnrollFactor=1, WarmupCount=3)

OverheadJitting  1: 1 op, 278764.00 ns, 278.7640 us/op
WorkloadJitting  1: 1 op, 1733959.00 ns, 1.7340 ms/op

OverheadWarmup   1: 1 op, 471.00 ns, 471.0000 ns/op
OverheadWarmup   2: 1 op, 270.00 ns, 270.0000 ns/op
OverheadWarmup   3: 1 op, 471.00 ns, 471.0000 ns/op
OverheadWarmup   4: 1 op, 1132.00 ns, 1.1320 us/op
OverheadWarmup   5: 1 op, 461.00 ns, 461.0000 ns/op
OverheadWarmup   6: 1 op, 270.00 ns, 270.0000 ns/op
OverheadWarmup   7: 1 op, 461.00 ns, 461.0000 ns/op
OverheadWarmup   8: 1 op, 461.00 ns, 461.0000 ns/op

OverheadActual   1: 1 op, 371.00 ns, 371.0000 ns/op
OverheadActual   2: 1 op, 491.00 ns, 491.0000 ns/op
OverheadActual   3: 1 op, 441.00 ns, 441.0000 ns/op
OverheadActual   4: 1 op, 450.00 ns, 450.0000 ns/op
OverheadActual   5: 1 op, 271.00 ns, 271.0000 ns/op
OverheadActual   6: 1 op, 270.00 ns, 270.0000 ns/op
OverheadActual   7: 1 op, 271.00 ns, 271.0000 ns/op
OverheadActual   8: 1 op, 491.00 ns, 491.0000 ns/op
OverheadActual   9: 1 op, 490.00 ns, 490.0000 ns/op
OverheadActual  10: 1 op, 270.00 ns, 270.0000 ns/op
OverheadActual  11: 1 op, 491.00 ns, 491.0000 ns/op
OverheadActual  12: 1 op, 491.00 ns, 491.0000 ns/op
OverheadActual  13: 1 op, 501.00 ns, 501.0000 ns/op
OverheadActual  14: 1 op, 270.00 ns, 270.0000 ns/op
OverheadActual  15: 1 op, 270.00 ns, 270.0000 ns/op
OverheadActual  16: 1 op, 280.00 ns, 280.0000 ns/op
OverheadActual  17: 1 op, 431.00 ns, 431.0000 ns/op
OverheadActual  18: 1 op, 481.00 ns, 481.0000 ns/op
OverheadActual  19: 1 op, 471.00 ns, 471.0000 ns/op
OverheadActual  20: 1 op, 271.00 ns, 271.0000 ns/op

WorkloadWarmup   1: 1 op, 4829.00 ns, 4.8290 us/op
WorkloadWarmup   2: 1 op, 4028.00 ns, 4.0280 us/op
WorkloadWarmup   3: 1 op, 4017.00 ns, 4.0170 us/op

// BeforeActualRun
WorkloadActual   1: 1 op, 17432.00 ns, 17.4320 us/op
WorkloadActual   2: 1 op, 3977.00 ns, 3.9770 us/op
WorkloadActual   3: 1 op, 3447.00 ns, 3.4470 us/op

// AfterActualRun
WorkloadResult   1: 1 op, 16996.00 ns, 16.9960 us/op
WorkloadResult   2: 1 op, 3541.00 ns, 3.5410 us/op
WorkloadResult   3: 1 op, 3011.00 ns, 3.0110 us/op
// GC:  0 0 0 160 1
// Threading:  0 0 1

// AfterAll
// Benchmark Process 1628874 has exited with code 0.

Mean = 7.849 us, StdErr = 4.576 us (58.30%), N = 3, StdDev = 7.926 us
Min = 3.011 us, Q1 = 3.276 us, Median = 3.541 us, Q3 = 10.268 us, Max = 16.996 us
IQR = 6.992 us, LowerFence = -7.213 us, UpperFence = 20.757 us
ConfidenceInterval = [-136.745 us; 152.443 us] (CI 99.9%), Margin = 144.594 us (1842.12% of Mean)
Skewness = 0.38, Kurtosis = 0.67, MValue = 2

// ** Remained 7 (7.1%) benchmark(s) to run. Estimated finish 2026-09-22 17:03 (0h 0m from now) **
// **************************
// Benchmark: SessionSetupDecompositionBenchmarks.ComponentA4_SlotAndQueueObjects: ShortRun(InvocationCount=1, IterationCount=3, LaunchCount=1, UnrollFactor=1, WarmupCount=3) [Sessions=1000]
// *** Execute ***
// Launch: 1 / 1
// Execute: dotnet WinForward.Benchmarks-ShortRun-1.dll --anonymousPipes 123 125 --benchmarkName "WinForward.Benchmarks.Perf.SessionSetupDecompositionBenchmarks.ComponentA4_SlotAndQueueObjects(Sessions: 1000)" --job ShortRun --benchmarkId 92 in /home/paff/Projects/WinForward/benchmarks/WinForward.Benchmarks/bin/Release/net10.0/WinForward.Benchmarks-ShortRun-1/bin/Release/net10.0
// Failed to set up high priority (Permission denied). In order to run benchmarks with high priority, make sure you have the right permissions.
// BeforeAnythingElse

// Benchmark Process Environment Information:
// BenchmarkDotNet v0.15.8
// Runtime=.NET 10.0.12 (10.0.12, 10.0.1226.42308), X64 RyuJIT x86-64-v4
// GC=Concurrent Workstation
// HardwareIntrinsics=AVX512 BITALG+VBMI2+VNNI+VPOPCNTDQ,AVX512 IFMA+VBMI,AVX512 F+BW+CD+DQ+VL,AVX2+BMI1+BMI2+F16C+FMA+LZCNT+MOVBE,AVX,SSE3+SSSE3+SSE4.1+SSE4.2+POPCNT,X86Base+SSE+SSE2,AES+PCLMUL,AvxVnni VectorSize=256
// Job: ShortRun(InvocationCount=1, IterationCount=3, LaunchCount=1, UnrollFactor=1, WarmupCount=3)

OverheadJitting  1: 1 op, 294412.00 ns, 294.4120 us/op
WorkloadJitting  1: 1 op, 1208395.00 ns, 1.2084 ms/op

OverheadWarmup   1: 1 op, 461.00 ns, 461.0000 ns/op
OverheadWarmup   2: 1 op, 291.00 ns, 291.0000 ns/op
OverheadWarmup   3: 1 op, 451.00 ns, 451.0000 ns/op
OverheadWarmup   4: 1 op, 481.00 ns, 481.0000 ns/op
OverheadWarmup   5: 1 op, 561.00 ns, 561.0000 ns/op
OverheadWarmup   6: 1 op, 471.00 ns, 471.0000 ns/op
OverheadWarmup   7: 1 op, 481.00 ns, 481.0000 ns/op
OverheadWarmup   8: 1 op, 481.00 ns, 481.0000 ns/op

OverheadActual   1: 1 op, 471.00 ns, 471.0000 ns/op
OverheadActual   2: 1 op, 520.00 ns, 520.0000 ns/op
OverheadActual   3: 1 op, 521.00 ns, 521.0000 ns/op
OverheadActual   4: 1 op, 501.00 ns, 501.0000 ns/op
OverheadActual   5: 1 op, 461.00 ns, 461.0000 ns/op
OverheadActual   6: 1 op, 441.00 ns, 441.0000 ns/op
OverheadActual   7: 1 op, 461.00 ns, 461.0000 ns/op
OverheadActual   8: 1 op, 481.00 ns, 481.0000 ns/op
OverheadActual   9: 1 op, 731.00 ns, 731.0000 ns/op
OverheadActual  10: 1 op, 691.00 ns, 691.0000 ns/op
OverheadActual  11: 1 op, 581.00 ns, 581.0000 ns/op
OverheadActual  12: 1 op, 441.00 ns, 441.0000 ns/op
OverheadActual  13: 1 op, 270.00 ns, 270.0000 ns/op
OverheadActual  14: 1 op, 461.00 ns, 461.0000 ns/op
OverheadActual  15: 1 op, 481.00 ns, 481.0000 ns/op
OverheadActual  16: 1 op, 501.00 ns, 501.0000 ns/op
OverheadActual  17: 1 op, 460.00 ns, 460.0000 ns/op
OverheadActual  18: 1 op, 831.00 ns, 831.0000 ns/op
OverheadActual  19: 1 op, 461.00 ns, 461.0000 ns/op
OverheadActual  20: 1 op, 511.00 ns, 511.0000 ns/op

WorkloadWarmup   1: 1 op, 43531.00 ns, 43.5310 us/op
WorkloadWarmup   2: 1 op, 180943.00 ns, 180.9430 us/op
WorkloadWarmup   3: 1 op, 40615.00 ns, 40.6150 us/op

// BeforeActualRun
WorkloadActual   1: 1 op, 193627.00 ns, 193.6270 us/op
WorkloadActual   2: 1 op, 42588.00 ns, 42.5880 us/op
WorkloadActual   3: 1 op, 43620.00 ns, 43.6200 us/op

// AfterActualRun
WorkloadResult   1: 1 op, 193146.00 ns, 193.1460 us/op
WorkloadResult   2: 1 op, 42107.00 ns, 42.1070 us/op
WorkloadResult   3: 1 op, 43139.00 ns, 43.1390 us/op
// GC:  0 0 0 144000 1
// Threading:  0 0 1

// AfterAll
// Benchmark Process 1628883 has exited with code 0.

Mean = 92.797 us, StdErr = 50.175 us (54.07%), N = 3, StdDev = 86.906 us
Min = 42.107 us, Q1 = 42.623 us, Median = 43.139 us, Q3 = 118.142 us, Max = 193.146 us
IQR = 75.519 us, LowerFence = -70.656 us, UpperFence = 231.422 us
ConfidenceInterval = [-1,492.692 us; 1,678.287 us] (CI 99.9%), Margin = 1,585.489 us (1708.55% of Mean)
Skewness = 0.38, Kurtosis = 0.67, MValue = 2

// ** Remained 6 (6.1%) benchmark(s) to run. Estimated finish 2026-09-22 17:03 (0h 0m from now) **
// **************************
// Benchmark: SessionSetupDecompositionBenchmarks.ComponentA5_CompletionCell: ShortRun(InvocationCount=1, IterationCount=3, LaunchCount=1, UnrollFactor=1, WarmupCount=3) [Sessions=1000]
// *** Execute ***
// Launch: 1 / 1
// Execute: dotnet WinForward.Benchmarks-ShortRun-1.dll --anonymousPipes 123 125 --benchmarkName "WinForward.Benchmarks.Perf.SessionSetupDecompositionBenchmarks.ComponentA5_CompletionCell(Sessions: 1000)" --job ShortRun --benchmarkId 93 in /home/paff/Projects/WinForward/benchmarks/WinForward.Benchmarks/bin/Release/net10.0/WinForward.Benchmarks-ShortRun-1/bin/Release/net10.0
// Failed to set up high priority (Permission denied). In order to run benchmarks with high priority, make sure you have the right permissions.
// BeforeAnythingElse

// Benchmark Process Environment Information:
// BenchmarkDotNet v0.15.8
// Runtime=.NET 10.0.12 (10.0.12, 10.0.1226.42308), X64 RyuJIT x86-64-v4
// GC=Concurrent Workstation
// HardwareIntrinsics=AVX512 BITALG+VBMI2+VNNI+VPOPCNTDQ,AVX512 IFMA+VBMI,AVX512 F+BW+CD+DQ+VL,AVX2+BMI1+BMI2+F16C+FMA+LZCNT+MOVBE,AVX,SSE3+SSSE3+SSE4.1+SSE4.2+POPCNT,X86Base+SSE+SSE2,AES+PCLMUL,AvxVnni VectorSize=256
// Job: ShortRun(InvocationCount=1, IterationCount=3, LaunchCount=1, UnrollFactor=1, WarmupCount=3)

OverheadJitting  1: 1 op, 390689.00 ns, 390.6890 us/op
WorkloadJitting  1: 1 op, 833394.00 ns, 833.3940 us/op

OverheadWarmup   1: 1 op, 411.00 ns, 411.0000 ns/op
OverheadWarmup   2: 1 op, 261.00 ns, 261.0000 ns/op
OverheadWarmup   3: 1 op, 481.00 ns, 481.0000 ns/op
OverheadWarmup   4: 1 op, 271.00 ns, 271.0000 ns/op
OverheadWarmup   5: 1 op, 450.00 ns, 450.0000 ns/op
OverheadWarmup   6: 1 op, 260.00 ns, 260.0000 ns/op

OverheadActual   1: 1 op, 571.00 ns, 571.0000 ns/op
OverheadActual   2: 1 op, 521.00 ns, 521.0000 ns/op
OverheadActual   3: 1 op, 481.00 ns, 481.0000 ns/op
OverheadActual   4: 1 op, 411.00 ns, 411.0000 ns/op
OverheadActual   5: 1 op, 430.00 ns, 430.0000 ns/op
OverheadActual   6: 1 op, 260.00 ns, 260.0000 ns/op
OverheadActual   7: 1 op, 260.00 ns, 260.0000 ns/op
OverheadActual   8: 1 op, 251.00 ns, 251.0000 ns/op
OverheadActual   9: 1 op, 460.00 ns, 460.0000 ns/op
OverheadActual  10: 1 op, 451.00 ns, 451.0000 ns/op
OverheadActual  11: 1 op, 441.00 ns, 441.0000 ns/op
OverheadActual  12: 1 op, 491.00 ns, 491.0000 ns/op
OverheadActual  13: 1 op, 511.00 ns, 511.0000 ns/op
OverheadActual  14: 1 op, 471.00 ns, 471.0000 ns/op
OverheadActual  15: 1 op, 381.00 ns, 381.0000 ns/op
OverheadActual  16: 1 op, 481.00 ns, 481.0000 ns/op
OverheadActual  17: 1 op, 501.00 ns, 501.0000 ns/op
OverheadActual  18: 1 op, 421.00 ns, 421.0000 ns/op
OverheadActual  19: 1 op, 260.00 ns, 260.0000 ns/op
OverheadActual  20: 1 op, 461.00 ns, 461.0000 ns/op

WorkloadWarmup   1: 1 op, 166276.00 ns, 166.2760 us/op
WorkloadWarmup   2: 1 op, 115904.00 ns, 115.9040 us/op
WorkloadWarmup   3: 1 op, 41677.00 ns, 41.6770 us/op

// BeforeActualRun
WorkloadActual   1: 1 op, 42348.00 ns, 42.3480 us/op
WorkloadActual   2: 1 op, 40755.00 ns, 40.7550 us/op
WorkloadActual   3: 1 op, 40945.00 ns, 40.9450 us/op

// AfterActualRun
WorkloadResult   1: 1 op, 41892.50 ns, 41.8925 us/op
WorkloadResult   2: 1 op, 40299.50 ns, 40.2995 us/op
WorkloadResult   3: 1 op, 40489.50 ns, 40.4895 us/op
// GC:  0 0 0 88000 1
// Threading:  0 0 1

// AfterAll
// Benchmark Process 1628897 has exited with code 0.

Mean = 40.894 us, StdErr = 0.502 us (1.23%), N = 3, StdDev = 0.870 us
Min = 40.300 us, Q1 = 40.395 us, Median = 40.489 us, Q3 = 41.191 us, Max = 41.892 us
IQR = 0.796 us, LowerFence = 39.200 us, UpperFence = 42.386 us
ConfidenceInterval = [25.020 us; 56.767 us] (CI 99.9%), Margin = 15.873 us (38.82% of Mean)
Skewness = 0.36, Kurtosis = 0.67, MValue = 2

// ** Remained 5 (5.1%) benchmark(s) to run. Estimated finish 2026-09-22 17:03 (0h 0m from now) **
// **************************
// Benchmark: SessionSetupDecompositionBenchmarks.ComponentA6_ColdRent: ShortRun(InvocationCount=1, IterationCount=3, LaunchCount=1, UnrollFactor=1, WarmupCount=3) [Sessions=1000]
// *** Execute ***
// Launch: 1 / 1
// Execute: dotnet WinForward.Benchmarks-ShortRun-1.dll --anonymousPipes 123 125 --benchmarkName "WinForward.Benchmarks.Perf.SessionSetupDecompositionBenchmarks.ComponentA6_ColdRent(Sessions: 1000)" --job ShortRun --benchmarkId 94 in /home/paff/Projects/WinForward/benchmarks/WinForward.Benchmarks/bin/Release/net10.0/WinForward.Benchmarks-ShortRun-1/bin/Release/net10.0
// Failed to set up high priority (Permission denied). In order to run benchmarks with high priority, make sure you have the right permissions.
// BeforeAnythingElse

// Benchmark Process Environment Information:
// BenchmarkDotNet v0.15.8
// Runtime=.NET 10.0.12 (10.0.12, 10.0.1226.42308), X64 RyuJIT x86-64-v4
// GC=Concurrent Workstation
// HardwareIntrinsics=AVX512 BITALG+VBMI2+VNNI+VPOPCNTDQ,AVX512 IFMA+VBMI,AVX512 F+BW+CD+DQ+VL,AVX2+BMI1+BMI2+F16C+FMA+LZCNT+MOVBE,AVX,SSE3+SSSE3+SSE4.1+SSE4.2+POPCNT,X86Base+SSE+SSE2,AES+PCLMUL,AvxVnni VectorSize=256
// Job: ShortRun(InvocationCount=1, IterationCount=3, LaunchCount=1, UnrollFactor=1, WarmupCount=3)

OverheadJitting  1: 1 op, 375982.00 ns, 375.9820 us/op
WorkloadJitting  1: 1 op, 2237801.00 ns, 2.2378 ms/op

OverheadWarmup   1: 1 op, 431.00 ns, 431.0000 ns/op
OverheadWarmup   2: 1 op, 340.00 ns, 340.0000 ns/op
OverheadWarmup   3: 1 op, 331.00 ns, 331.0000 ns/op
OverheadWarmup   4: 1 op, 351.00 ns, 351.0000 ns/op
OverheadWarmup   5: 1 op, 351.00 ns, 351.0000 ns/op
OverheadWarmup   6: 1 op, 331.00 ns, 331.0000 ns/op
OverheadWarmup   7: 1 op, 481.00 ns, 481.0000 ns/op

OverheadActual   1: 1 op, 431.00 ns, 431.0000 ns/op
OverheadActual   2: 1 op, 461.00 ns, 461.0000 ns/op
OverheadActual   3: 1 op, 471.00 ns, 471.0000 ns/op
OverheadActual   4: 1 op, 481.00 ns, 481.0000 ns/op
OverheadActual   5: 1 op, 471.00 ns, 471.0000 ns/op
OverheadActual   6: 1 op, 501.00 ns, 501.0000 ns/op
OverheadActual   7: 1 op, 301.00 ns, 301.0000 ns/op
OverheadActual   8: 1 op, 331.00 ns, 331.0000 ns/op
OverheadActual   9: 1 op, 491.00 ns, 491.0000 ns/op
OverheadActual  10: 1 op, 471.00 ns, 471.0000 ns/op
OverheadActual  11: 1 op, 280.00 ns, 280.0000 ns/op
OverheadActual  12: 1 op, 471.00 ns, 471.0000 ns/op
OverheadActual  13: 1 op, 431.00 ns, 431.0000 ns/op
OverheadActual  14: 1 op, 491.00 ns, 491.0000 ns/op
OverheadActual  15: 1 op, 461.00 ns, 461.0000 ns/op
OverheadActual  16: 1 op, 280.00 ns, 280.0000 ns/op
OverheadActual  17: 1 op, 491.00 ns, 491.0000 ns/op
OverheadActual  18: 1 op, 511.00 ns, 511.0000 ns/op
OverheadActual  19: 1 op, 481.00 ns, 481.0000 ns/op
OverheadActual  20: 1 op, 471.00 ns, 471.0000 ns/op

WorkloadWarmup   1: 1 op, 353150.00 ns, 353.1500 us/op
WorkloadWarmup   2: 1 op, 293541.00 ns, 293.5410 us/op
WorkloadWarmup   3: 1 op, 63597.00 ns, 63.5970 us/op

// BeforeActualRun
WorkloadActual   1: 1 op, 331030.00 ns, 331.0300 us/op
WorkloadActual   2: 1 op, 62315.00 ns, 62.3150 us/op
WorkloadActual   3: 1 op, 62155.00 ns, 62.1550 us/op

// AfterActualRun
WorkloadResult   1: 1 op, 330559.00 ns, 330.5590 us/op
WorkloadResult   2: 1 op, 61844.00 ns, 61.8440 us/op
WorkloadResult   3: 1 op, 61684.00 ns, 61.6840 us/op
// GC:  0 0 0 273976 1
// Threading:  0 0 1

// AfterAll
// Benchmark Process 1628907 has exited with code 0.

Mean = 151.362 us, StdErr = 89.598 us (59.19%), N = 3, StdDev = 155.189 us
Min = 61.684 us, Q1 = 61.764 us, Median = 61.844 us, Q3 = 196.202 us, Max = 330.559 us
IQR = 134.438 us, LowerFence = -139.892 us, UpperFence = 397.858 us
ConfidenceInterval = [-2,679.861 us; 2,982.585 us] (CI 99.9%), Margin = 2,831.223 us (1870.49% of Mean)
Skewness = 0.38, Kurtosis = 0.67, MValue = 2

// ** Remained 4 (4.0%) benchmark(s) to run. Estimated finish 2026-09-22 17:03 (0h 0m from now) **
// **************************
// Benchmark: SessionSetupDecompositionBenchmarks.ComponentA7_EnqueueCycle: ShortRun(InvocationCount=1, IterationCount=3, LaunchCount=1, UnrollFactor=1, WarmupCount=3) [Sessions=1000]
// *** Execute ***
// Launch: 1 / 1
// Execute: dotnet WinForward.Benchmarks-ShortRun-1.dll --anonymousPipes 123 125 --benchmarkName "WinForward.Benchmarks.Perf.SessionSetupDecompositionBenchmarks.ComponentA7_EnqueueCycle(Sessions: 1000)" --job ShortRun --benchmarkId 95 in /home/paff/Projects/WinForward/benchmarks/WinForward.Benchmarks/bin/Release/net10.0/WinForward.Benchmarks-ShortRun-1/bin/Release/net10.0
// Failed to set up high priority (Permission denied). In order to run benchmarks with high priority, make sure you have the right permissions.
// BeforeAnythingElse

// Benchmark Process Environment Information:
// BenchmarkDotNet v0.15.8
// Runtime=.NET 10.0.12 (10.0.12, 10.0.1226.42308), X64 RyuJIT x86-64-v4
// GC=Concurrent Workstation
// HardwareIntrinsics=AVX512 BITALG+VBMI2+VNNI+VPOPCNTDQ,AVX512 IFMA+VBMI,AVX512 F+BW+CD+DQ+VL,AVX2+BMI1+BMI2+F16C+FMA+LZCNT+MOVBE,AVX,SSE3+SSSE3+SSE4.1+SSE4.2+POPCNT,X86Base+SSE+SSE2,AES+PCLMUL,AvxVnni VectorSize=256
// Job: ShortRun(InvocationCount=1, IterationCount=3, LaunchCount=1, UnrollFactor=1, WarmupCount=3)

OverheadJitting  1: 1 op, 259388.00 ns, 259.3880 us/op
WorkloadJitting  1: 1 op, 5324487.00 ns, 5.3245 ms/op

OverheadWarmup   1: 1 op, 491.00 ns, 491.0000 ns/op
OverheadWarmup   2: 1 op, 491.00 ns, 491.0000 ns/op
OverheadWarmup   3: 1 op, 751.00 ns, 751.0000 ns/op
OverheadWarmup   4: 1 op, 481.00 ns, 481.0000 ns/op
OverheadWarmup   5: 1 op, 711.00 ns, 711.0000 ns/op

OverheadActual   1: 1 op, 471.00 ns, 471.0000 ns/op
OverheadActual   2: 1 op, 571.00 ns, 571.0000 ns/op
OverheadActual   3: 1 op, 471.00 ns, 471.0000 ns/op
OverheadActual   4: 1 op, 752.00 ns, 752.0000 ns/op
OverheadActual   5: 1 op, 501.00 ns, 501.0000 ns/op
OverheadActual   6: 1 op, 490.00 ns, 490.0000 ns/op
OverheadActual   7: 1 op, 491.00 ns, 491.0000 ns/op
OverheadActual   8: 1 op, 481.00 ns, 481.0000 ns/op
OverheadActual   9: 1 op, 521.00 ns, 521.0000 ns/op
OverheadActual  10: 1 op, 490.00 ns, 490.0000 ns/op
OverheadActual  11: 1 op, 501.00 ns, 501.0000 ns/op
OverheadActual  12: 1 op, 521.00 ns, 521.0000 ns/op
OverheadActual  13: 1 op, 491.00 ns, 491.0000 ns/op
OverheadActual  14: 1 op, 271.00 ns, 271.0000 ns/op
OverheadActual  15: 1 op, 521.00 ns, 521.0000 ns/op
OverheadActual  16: 1 op, 521.00 ns, 521.0000 ns/op
OverheadActual  17: 1 op, 521.00 ns, 521.0000 ns/op
OverheadActual  18: 1 op, 541.00 ns, 541.0000 ns/op
OverheadActual  19: 1 op, 271.00 ns, 271.0000 ns/op
OverheadActual  20: 1 op, 62786.00 ns, 62.7860 us/op

WorkloadWarmup   1: 1 op, 273423.00 ns, 273.4230 us/op
WorkloadWarmup   2: 1 op, 319048.00 ns, 319.0480 us/op
WorkloadWarmup   3: 1 op, 262013.00 ns, 262.0130 us/op

// BeforeActualRun
WorkloadActual   1: 1 op, 287490.00 ns, 287.4900 us/op
WorkloadActual   2: 1 op, 319108.00 ns, 319.1080 us/op
WorkloadActual   3: 1 op, 259668.00 ns, 259.6680 us/op

// AfterActualRun
WorkloadResult   1: 1 op, 286989.00 ns, 286.9890 us/op
WorkloadResult   2: 1 op, 318607.00 ns, 318.6070 us/op
WorkloadResult   3: 1 op, 259167.00 ns, 259.1670 us/op
// GC:  0 0 0 1912 1
// Threading:  0 0 1

// AfterAll
// Benchmark Process 1628916 has exited with code 0.

Mean = 288.254 us, StdErr = 17.171 us (5.96%), N = 3, StdDev = 29.740 us
Min = 259.167 us, Q1 = 273.078 us, Median = 286.989 us, Q3 = 302.798 us, Max = 318.607 us
IQR = 29.720 us, LowerFence = 228.498 us, UpperFence = 347.378 us
ConfidenceInterval = [-254.318 us; 830.826 us] (CI 99.9%), Margin = 542.572 us (188.23% of Mean)
Skewness = 0.04, Kurtosis = 0.67, MValue = 2

// ** Remained 3 (3.0%) benchmark(s) to run. Estimated finish 2026-09-22 17:03 (0h 0m from now) **
// **************************
// Benchmark: SessionSetupDecompositionBenchmarks.ComponentA8_WarmRentAdmissionAsync: ShortRun(InvocationCount=1, IterationCount=3, LaunchCount=1, UnrollFactor=1, WarmupCount=3) [Sessions=1000]
// *** Execute ***
// Launch: 1 / 1
// Execute: dotnet WinForward.Benchmarks-ShortRun-1.dll --anonymousPipes 123 125 --benchmarkName "WinForward.Benchmarks.Perf.SessionSetupDecompositionBenchmarks.ComponentA8_WarmRentAdmissionAsync(Sessions: 1000)" --job ShortRun --benchmarkId 96 in /home/paff/Projects/WinForward/benchmarks/WinForward.Benchmarks/bin/Release/net10.0/WinForward.Benchmarks-ShortRun-1/bin/Release/net10.0
// Failed to set up high priority (Permission denied). In order to run benchmarks with high priority, make sure you have the right permissions.
// BeforeAnythingElse

// Benchmark Process Environment Information:
// BenchmarkDotNet v0.15.8
// Runtime=.NET 10.0.12 (10.0.12, 10.0.1226.42308), X64 RyuJIT x86-64-v4
// GC=Concurrent Workstation
// HardwareIntrinsics=AVX512 BITALG+VBMI2+VNNI+VPOPCNTDQ,AVX512 IFMA+VBMI,AVX512 F+BW+CD+DQ+VL,AVX2+BMI1+BMI2+F16C+FMA+LZCNT+MOVBE,AVX,SSE3+SSSE3+SSE4.1+SSE4.2+POPCNT,X86Base+SSE+SSE2,AES+PCLMUL,AvxVnni VectorSize=256
// Job: ShortRun(InvocationCount=1, IterationCount=3, LaunchCount=1, UnrollFactor=1, WarmupCount=3)

OverheadJitting  1: 1 op, 255911.00 ns, 255.9110 us/op
WorkloadJitting  1: 1 op, 27393454.00 ns, 27.3935 ms/op

OverheadWarmup   1: 1 op, 521.00 ns, 521.0000 ns/op
OverheadWarmup   2: 1 op, 541.00 ns, 541.0000 ns/op
OverheadWarmup   3: 1 op, 511.00 ns, 511.0000 ns/op
OverheadWarmup   4: 1 op, 491.00 ns, 491.0000 ns/op
OverheadWarmup   5: 1 op, 381.00 ns, 381.0000 ns/op
OverheadWarmup   6: 1 op, 431.00 ns, 431.0000 ns/op
OverheadWarmup   7: 1 op, 431.00 ns, 431.0000 ns/op

OverheadActual   1: 1 op, 431.00 ns, 431.0000 ns/op
OverheadActual   2: 1 op, 511.00 ns, 511.0000 ns/op
OverheadActual   3: 1 op, 481.00 ns, 481.0000 ns/op
OverheadActual   4: 1 op, 421.00 ns, 421.0000 ns/op
OverheadActual   5: 1 op, 341.00 ns, 341.0000 ns/op
OverheadActual   6: 1 op, 461.00 ns, 461.0000 ns/op
OverheadActual   7: 1 op, 491.00 ns, 491.0000 ns/op
OverheadActual   8: 1 op, 521.00 ns, 521.0000 ns/op
OverheadActual   9: 1 op, 461.00 ns, 461.0000 ns/op
OverheadActual  10: 1 op, 391.00 ns, 391.0000 ns/op
OverheadActual  11: 1 op, 391.00 ns, 391.0000 ns/op
OverheadActual  12: 1 op, 451.00 ns, 451.0000 ns/op
OverheadActual  13: 1 op, 371.00 ns, 371.0000 ns/op
OverheadActual  14: 1 op, 511.00 ns, 511.0000 ns/op
OverheadActual  15: 1 op, 471.00 ns, 471.0000 ns/op
OverheadActual  16: 1 op, 511.00 ns, 511.0000 ns/op
OverheadActual  17: 1 op, 371.00 ns, 371.0000 ns/op
OverheadActual  18: 1 op, 501.00 ns, 501.0000 ns/op
OverheadActual  19: 1 op, 481.00 ns, 481.0000 ns/op
OverheadActual  20: 1 op, 501.00 ns, 501.0000 ns/op

WorkloadWarmup   1: 1 op, 3126958.00 ns, 3.1270 ms/op
WorkloadWarmup   2: 1 op, 2189612.00 ns, 2.1896 ms/op
WorkloadWarmup   3: 1 op, 2203668.00 ns, 2.2037 ms/op

// BeforeActualRun
WorkloadActual   1: 1 op, 2684724.00 ns, 2.6847 ms/op
WorkloadActual   2: 1 op, 3050007.00 ns, 3.0500 ms/op
WorkloadActual   3: 1 op, 2216301.00 ns, 2.2163 ms/op

// AfterActualRun
WorkloadResult   1: 1 op, 2684258.00 ns, 2.6843 ms/op
WorkloadResult   2: 1 op, 3049541.00 ns, 3.0495 ms/op
WorkloadResult   3: 1 op, 2215835.00 ns, 2.2158 ms/op
// GC:  0 0 0 1052808 1
// Threading:  0 0 1

// AfterAll
// Benchmark Process 1628932 has exited with code 0.

Mean = 2.650 ms, StdErr = 0.241 ms (9.11%), N = 3, StdDev = 0.418 ms
Min = 2.216 ms, Q1 = 2.450 ms, Median = 2.684 ms, Q3 = 2.867 ms, Max = 3.050 ms
IQR = 0.417 ms, LowerFence = 1.825 ms, UpperFence = 3.492 ms
ConfidenceInterval = [-4.974 ms; 10.274 ms] (CI 99.9%), Margin = 7.624 ms (287.72% of Mean)
Skewness = -0.08, Kurtosis = 0.67, MValue = 2

// ** Remained 2 (2.0%) benchmark(s) to run. Estimated finish 2026-09-22 17:03 (0h 0m from now) **
// **************************
// Benchmark: SessionSetupDecompositionBenchmarks.ComponentA9a_DictionaryGrowthSpansResize: ShortRun(InvocationCount=1, IterationCount=3, LaunchCount=1, UnrollFactor=1, WarmupCount=3) [Sessions=1000]
// *** Execute ***
// Launch: 1 / 1
// Execute: dotnet WinForward.Benchmarks-ShortRun-1.dll --anonymousPipes 123 125 --benchmarkName "WinForward.Benchmarks.Perf.SessionSetupDecompositionBenchmarks.ComponentA9a_DictionaryGrowthSpansResize(Sessions: 1000)" --job ShortRun --benchmarkId 97 in /home/paff/Projects/WinForward/benchmarks/WinForward.Benchmarks/bin/Release/net10.0/WinForward.Benchmarks-ShortRun-1/bin/Release/net10.0
// Failed to set up high priority (Permission denied). In order to run benchmarks with high priority, make sure you have the right permissions.
// BeforeAnythingElse

// Benchmark Process Environment Information:
// BenchmarkDotNet v0.15.8
// Runtime=.NET 10.0.12 (10.0.12, 10.0.1226.42308), X64 RyuJIT x86-64-v4
// GC=Concurrent Workstation
// HardwareIntrinsics=AVX512 BITALG+VBMI2+VNNI+VPOPCNTDQ,AVX512 IFMA+VBMI,AVX512 F+BW+CD+DQ+VL,AVX2+BMI1+BMI2+F16C+FMA+LZCNT+MOVBE,AVX,SSE3+SSSE3+SSE4.1+SSE4.2+POPCNT,X86Base+SSE+SSE2,AES+PCLMUL,AvxVnni VectorSize=256
// Job: ShortRun(InvocationCount=1, IterationCount=3, LaunchCount=1, UnrollFactor=1, WarmupCount=3)

OverheadJitting  1: 1 op, 354092.00 ns, 354.0920 us/op
WorkloadJitting  1: 1 op, 13203062.00 ns, 13.2031 ms/op

OverheadWarmup   1: 1 op, 872.00 ns, 872.0000 ns/op
OverheadWarmup   2: 1 op, 281.00 ns, 281.0000 ns/op
OverheadWarmup   3: 1 op, 591.00 ns, 591.0000 ns/op
OverheadWarmup   4: 1 op, 511.00 ns, 511.0000 ns/op
OverheadWarmup   5: 1 op, 592.00 ns, 592.0000 ns/op
OverheadWarmup   6: 1 op, 491.00 ns, 491.0000 ns/op

OverheadActual   1: 1 op, 471.00 ns, 471.0000 ns/op
OverheadActual   2: 1 op, 451.00 ns, 451.0000 ns/op
OverheadActual   3: 1 op, 431.00 ns, 431.0000 ns/op
OverheadActual   4: 1 op, 431.00 ns, 431.0000 ns/op
OverheadActual   5: 1 op, 461.00 ns, 461.0000 ns/op
OverheadActual   6: 1 op, 270.00 ns, 270.0000 ns/op
OverheadActual   7: 1 op, 271.00 ns, 271.0000 ns/op
OverheadActual   8: 1 op, 571.00 ns, 571.0000 ns/op
OverheadActual   9: 1 op, 280.00 ns, 280.0000 ns/op
OverheadActual  10: 1 op, 270.00 ns, 270.0000 ns/op
OverheadActual  11: 1 op, 270.00 ns, 270.0000 ns/op
OverheadActual  12: 1 op, 271.00 ns, 271.0000 ns/op
OverheadActual  13: 1 op, 280.00 ns, 280.0000 ns/op
OverheadActual  14: 1 op, 271.00 ns, 271.0000 ns/op
OverheadActual  15: 1 op, 260.00 ns, 260.0000 ns/op
OverheadActual  16: 1 op, 481.00 ns, 481.0000 ns/op
OverheadActual  17: 1 op, 501.00 ns, 501.0000 ns/op
OverheadActual  18: 1 op, 311.00 ns, 311.0000 ns/op
OverheadActual  19: 1 op, 301.00 ns, 301.0000 ns/op
OverheadActual  20: 1 op, 321.00 ns, 321.0000 ns/op

WorkloadWarmup   1: 1 op, 2623291.00 ns, 2.6233 ms/op
WorkloadWarmup   2: 1 op, 2103714.00 ns, 2.1037 ms/op
WorkloadWarmup   3: 1 op, 1857801.00 ns, 1.8578 ms/op

// BeforeActualRun
WorkloadActual   1: 1 op, 5963121.00 ns, 5.9631 ms/op
WorkloadActual   2: 1 op, 1905479.00 ns, 1.9055 ms/op
WorkloadActual   3: 1 op, 1726940.00 ns, 1.7269 ms/op

// AfterActualRun
WorkloadResult   1: 1 op, 5962815.00 ns, 5.9628 ms/op
WorkloadResult   2: 1 op, 1905173.00 ns, 1.9052 ms/op
WorkloadResult   3: 1 op, 1726634.00 ns, 1.7266 ms/op
// GC:  0 0 0 950584 1
// Threading:  0 0 1

// AfterAll
// Benchmark Process 1628941 has exited with code 0.

Mean = 3.198 ms, StdErr = 1.383 ms (43.25%), N = 3, StdDev = 2.396 ms
Min = 1.727 ms, Q1 = 1.816 ms, Median = 1.905 ms, Q3 = 3.934 ms, Max = 5.963 ms
IQR = 2.118 ms, LowerFence = -1.361 ms, UpperFence = 7.111 ms
ConfidenceInterval = [-40.512 ms; 46.908 ms] (CI 99.9%), Margin = 43.710 ms (1366.70% of Mean)
Skewness = 0.38, Kurtosis = 0.67, MValue = 2

// ** Remained 1 (1.0%) benchmark(s) to run. Estimated finish 2026-09-22 17:03 (0h 0m from now) **
// **************************
// Benchmark: SessionSetupDecompositionBenchmarks.ComponentA9b_DictionaryGrowthNoResize: ShortRun(InvocationCount=1, IterationCount=3, LaunchCount=1, UnrollFactor=1, WarmupCount=3) [Sessions=1000]
// *** Execute ***
// Launch: 1 / 1
// Execute: dotnet WinForward.Benchmarks-ShortRun-1.dll --anonymousPipes 123 125 --benchmarkName "WinForward.Benchmarks.Perf.SessionSetupDecompositionBenchmarks.ComponentA9b_DictionaryGrowthNoResize(Sessions: 1000)" --job ShortRun --benchmarkId 98 in /home/paff/Projects/WinForward/benchmarks/WinForward.Benchmarks/bin/Release/net10.0/WinForward.Benchmarks-ShortRun-1/bin/Release/net10.0
// Failed to set up high priority (Permission denied). In order to run benchmarks with high priority, make sure you have the right permissions.
// BeforeAnythingElse

// Benchmark Process Environment Information:
// BenchmarkDotNet v0.15.8
// Runtime=.NET 10.0.12 (10.0.12, 10.0.1226.42308), X64 RyuJIT x86-64-v4
// GC=Concurrent Workstation
// HardwareIntrinsics=AVX512 BITALG+VBMI2+VNNI+VPOPCNTDQ,AVX512 IFMA+VBMI,AVX512 F+BW+CD+DQ+VL,AVX2+BMI1+BMI2+F16C+FMA+LZCNT+MOVBE,AVX,SSE3+SSSE3+SSE4.1+SSE4.2+POPCNT,X86Base+SSE+SSE2,AES+PCLMUL,AvxVnni VectorSize=256
// Job: ShortRun(InvocationCount=1, IterationCount=3, LaunchCount=1, UnrollFactor=1, WarmupCount=3)

OverheadJitting  1: 1 op, 257234.00 ns, 257.2340 us/op
WorkloadJitting  1: 1 op, 11667064.00 ns, 11.6671 ms/op

OverheadWarmup   1: 1 op, 811.00 ns, 811.0000 ns/op
OverheadWarmup   2: 1 op, 701.00 ns, 701.0000 ns/op
OverheadWarmup   3: 1 op, 731.00 ns, 731.0000 ns/op
OverheadWarmup   4: 1 op, 731.00 ns, 731.0000 ns/op
OverheadWarmup   5: 1 op, 501.00 ns, 501.0000 ns/op
OverheadWarmup   6: 1 op, 491.00 ns, 491.0000 ns/op
OverheadWarmup   7: 1 op, 501.00 ns, 501.0000 ns/op

OverheadActual   1: 1 op, 541.00 ns, 541.0000 ns/op
OverheadActual   2: 1 op, 611.00 ns, 611.0000 ns/op
OverheadActual   3: 1 op, 591.00 ns, 591.0000 ns/op
OverheadActual   4: 1 op, 521.00 ns, 521.0000 ns/op
OverheadActual   5: 1 op, 722.00 ns, 722.0000 ns/op
OverheadActual   6: 1 op, 481.00 ns, 481.0000 ns/op
OverheadActual   7: 1 op, 531.00 ns, 531.0000 ns/op
OverheadActual   8: 1 op, 471.00 ns, 471.0000 ns/op
OverheadActual   9: 1 op, 471.00 ns, 471.0000 ns/op
OverheadActual  10: 1 op, 631.00 ns, 631.0000 ns/op
OverheadActual  11: 1 op, 541.00 ns, 541.0000 ns/op
OverheadActual  12: 1 op, 521.00 ns, 521.0000 ns/op
OverheadActual  13: 1 op, 551.00 ns, 551.0000 ns/op
OverheadActual  14: 1 op, 531.00 ns, 531.0000 ns/op
OverheadActual  15: 1 op, 531.00 ns, 531.0000 ns/op
OverheadActual  16: 1 op, 500.00 ns, 500.0000 ns/op
OverheadActual  17: 1 op, 411.00 ns, 411.0000 ns/op
OverheadActual  18: 1 op, 561.00 ns, 561.0000 ns/op
OverheadActual  19: 1 op, 571.00 ns, 571.0000 ns/op
OverheadActual  20: 1 op, 541.00 ns, 541.0000 ns/op

WorkloadWarmup   1: 1 op, 2401733.00 ns, 2.4017 ms/op
WorkloadWarmup   2: 1 op, 2859496.00 ns, 2.8595 ms/op
WorkloadWarmup   3: 1 op, 2130884.00 ns, 2.1309 ms/op

// BeforeActualRun
WorkloadActual   1: 1 op, 5619748.00 ns, 5.6197 ms/op
WorkloadActual   2: 1 op, 1689091.00 ns, 1.6891 ms/op
WorkloadActual   3: 1 op, 1607911.00 ns, 1.6079 ms/op

// AfterActualRun
WorkloadResult   1: 1 op, 5619212.00 ns, 5.6192 ms/op
WorkloadResult   2: 1 op, 1688555.00 ns, 1.6886 ms/op
WorkloadResult   3: 1 op, 1607375.00 ns, 1.6074 ms/op
// GC:  0 0 0 787288 1
// Threading:  0 0 1

// AfterAll
// Benchmark Process 1628950 has exited with code 0.

Mean = 2.972 ms, StdErr = 1.324 ms (44.55%), N = 3, StdDev = 2.293 ms
Min = 1.607 ms, Q1 = 1.648 ms, Median = 1.689 ms, Q3 = 3.654 ms, Max = 5.619 ms
IQR = 2.006 ms, LowerFence = -1.361 ms, UpperFence = 6.663 ms
ConfidenceInterval = [-38.864 ms; 44.807 ms] (CI 99.9%), Margin = 41.836 ms (1407.80% of Mean)
Skewness = 0.38, Kurtosis = 0.67, MValue = 2

// ** Remained 0 (0.0%) benchmark(s) to run. Estimated finish 2026-09-22 17:03 (0h 0m from now) **
// ***** BenchmarkRunner: Finish  *****

// * Export *
  BenchmarkDotNet.Artifacts/results/WinForward.Benchmarks.Perf.SessionSetupDecompositionBenchmarks-report.csv
  BenchmarkDotNet.Artifacts/results/WinForward.Benchmarks.Perf.SessionSetupDecompositionBenchmarks-report-github.md
  BenchmarkDotNet.Artifacts/results/WinForward.Benchmarks.Perf.SessionSetupDecompositionBenchmarks-report.html

// * Detailed results *
SessionSetupDecompositionBenchmarks.StageS0_CoordinatorOnly: ShortRun(InvocationCount=1, IterationCount=3, LaunchCount=1, UnrollFactor=1, WarmupCount=3) [Sessions=1]
Runtime = .NET 10.0.12 (10.0.12, 10.0.1226.42308), X64 RyuJIT x86-64-v4; GC = Concurrent Workstation
Mean = 41.610 us, StdErr = 14.850 us (35.69%), N = 3, StdDev = 25.721 us
Min = 14.907 us, Q1 = 29.303 us, Median = 43.700 us, Q3 = 54.961 us, Max = 66.222 us
IQR = 25.657 us, LowerFence = -9.183 us, UpperFence = 93.447 us
ConfidenceInterval = [-427.642 us; 510.862 us] (CI 99.9%), Margin = 469.252 us (1127.75% of Mean)
Skewness = -0.08, Kurtosis = 0.67, MValue = 2
-------------------- Histogram --------------------
[14.907 us ; 31.554 us) | @
[31.554 us ; 78.368 us) | @@
---------------------------------------------------

SessionSetupDecompositionBenchmarks.StageS1_AdmissionOnlyAsync: ShortRun(InvocationCount=1, IterationCount=3, LaunchCount=1, UnrollFactor=1, WarmupCount=3) [Sessions=1]
Runtime = .NET 10.0.12 (10.0.12, 10.0.1226.42308), X64 RyuJIT x86-64-v4; GC = Concurrent Workstation
Mean = 45.084 us, StdErr = 13.716 us (30.42%), N = 3, StdDev = 23.756 us
Min = 30.531 us, Q1 = 31.378 us, Median = 32.224 us, Q3 = 52.361 us, Max = 72.498 us
IQR = 20.983 us, LowerFence = -0.098 us, UpperFence = 83.836 us
ConfidenceInterval = [-388.314 us; 478.483 us] (CI 99.9%), Margin = 433.398 us (961.31% of Mean)
Skewness = 0.38, Kurtosis = 0.67, MValue = 2
-------------------- Histogram --------------------
[29.896 us ; 73.133 us) | @@@
---------------------------------------------------

SessionSetupDecompositionBenchmarks.StageS2_SetupStartedAsync: ShortRun(InvocationCount=1, IterationCount=3, LaunchCount=1, UnrollFactor=1, WarmupCount=3) [Sessions=1]
Runtime = .NET 10.0.12 (10.0.12, 10.0.1226.42308), X64 RyuJIT x86-64-v4; GC = Concurrent Workstation
Mean = 71.479 ms, StdErr = 0.516 ms (0.72%), N = 3, StdDev = 0.893 ms
Min = 70.466 ms, Q1 = 71.141 ms, Median = 71.815 ms, Q3 = 71.985 ms, Max = 72.156 ms
IQR = 0.845 ms, LowerFence = 69.874 ms, UpperFence = 73.252 ms
ConfidenceInterval = [55.181 ms; 87.776 ms] (CI 99.9%), Margin = 16.298 ms (22.80% of Mean)
Skewness = -0.32, Kurtosis = 0.67, MValue = 2
-------------------- Histogram --------------------
[69.653 ms ; 71.172 ms) | @
[71.172 ms ; 72.969 ms) | @@
---------------------------------------------------

SessionSetupDecompositionBenchmarks.StageS3_PipelineNoPayloadAsync: ShortRun(InvocationCount=1, IterationCount=3, LaunchCount=1, UnrollFactor=1, WarmupCount=3) [Sessions=1]
Runtime = .NET 10.0.12 (10.0.12, 10.0.1226.42308), X64 RyuJIT x86-64-v4; GC = Concurrent Workstation
Mean = 30.067 ms, StdErr = 0.353 ms (1.17%), N = 3, StdDev = 0.611 ms
Min = 29.363 ms, Q1 = 29.869 ms, Median = 30.375 ms, Q3 = 30.419 ms, Max = 30.462 ms
IQR = 0.550 ms, LowerFence = 29.045 ms, UpperFence = 31.243 ms
ConfidenceInterval = [18.916 ms; 41.217 ms] (CI 99.9%), Margin = 11.150 ms (37.09% of Mean)
Skewness = -0.38, Kurtosis = 0.67, MValue = 2
-------------------- Histogram --------------------
[29.356 ms ; 30.468 ms) | @@@
---------------------------------------------------

SessionSetupDecompositionBenchmarks.StageS4_ReadinessTeardownOutsideAsync: ShortRun(InvocationCount=1, IterationCount=3, LaunchCount=1, UnrollFactor=1, WarmupCount=3) [Sessions=1]
Runtime = .NET 10.0.12 (10.0.12, 10.0.1226.42308), X64 RyuJIT x86-64-v4; GC = Concurrent Workstation
Mean = 30.547 ms, StdErr = 0.181 ms (0.59%), N = 3, StdDev = 0.314 ms
Min = 30.268 ms, Q1 = 30.376 ms, Median = 30.485 ms, Q3 = 30.686 ms, Max = 30.887 ms
IQR = 0.310 ms, LowerFence = 29.912 ms, UpperFence = 31.150 ms
ConfidenceInterval = [24.815 ms; 36.278 ms] (CI 99.9%), Margin = 5.732 ms (18.76% of Mean)
Skewness = 0.19, Kurtosis = 0.67, MValue = 2
-------------------- Histogram --------------------
[30.073 ms ; 31.173 ms) | @@@
---------------------------------------------------

SessionSetupDecompositionBenchmarks.StageS5_ReadinessTeardownInsideAsync: ShortRun(InvocationCount=1, IterationCount=3, LaunchCount=1, UnrollFactor=1, WarmupCount=3) [Sessions=1]
Runtime = .NET 10.0.12 (10.0.12, 10.0.1226.42308), X64 RyuJIT x86-64-v4; GC = Concurrent Workstation
Mean = 44.644 ms, StdErr = 0.580 ms (1.30%), N = 3, StdDev = 1.004 ms
Min = 43.567 ms, Q1 = 44.187 ms, Median = 44.808 ms, Q3 = 45.182 ms, Max = 45.556 ms
IQR = 0.994 ms, LowerFence = 42.696 ms, UpperFence = 46.673 ms
ConfidenceInterval = [26.319 ms; 62.969 ms] (CI 99.9%), Margin = 18.325 ms (41.05% of Mean)
Skewness = -0.16, Kurtosis = 0.67, MValue = 2
-------------------- Histogram --------------------
[42.653 ms ; 44.268 ms) | @
[44.268 ms ; 46.096 ms) | @@
---------------------------------------------------

SessionSetupDecompositionBenchmarks.StageT1_SessionTeardownInsideAsync: ShortRun(InvocationCount=1, IterationCount=3, LaunchCount=1, UnrollFactor=1, WarmupCount=3) [Sessions=1]
Runtime = .NET 10.0.12 (10.0.12, 10.0.1226.42308), X64 RyuJIT x86-64-v4; GC = Concurrent Workstation
Mean = 318.114 us, StdErr = 25.553 us (8.03%), N = 3, StdDev = 44.259 us
Min = 287.479 us, Q1 = 292.742 us, Median = 298.005 us, Q3 = 333.431 us, Max = 368.857 us
IQR = 40.689 us, LowerFence = 231.708 us, UpperFence = 394.464 us
ConfidenceInterval = [-489.336 us; 1,125.564 us] (CI 99.9%), Margin = 807.450 us (253.82% of Mean)
Skewness = 0.36, Kurtosis = 0.67, MValue = 2
-------------------- Histogram --------------------
[247.202 us ; 333.019 us) | @@
[333.019 us ; 409.134 us) | @
---------------------------------------------------

SessionSetupDecompositionBenchmarks.StageT3_ExpiryRetireInsideAsync: ShortRun(InvocationCount=1, IterationCount=3, LaunchCount=1, UnrollFactor=1, WarmupCount=3) [Sessions=1]
Runtime = .NET 10.0.12 (10.0.12, 10.0.1226.42308), X64 RyuJIT x86-64-v4; GC = Concurrent Workstation
Mean = 31.874 ms, StdErr = 0.553 ms (1.73%), N = 3, StdDev = 0.958 ms
Min = 30.774 ms, Q1 = 31.549 ms, Median = 32.323 ms, Q3 = 32.424 ms, Max = 32.524 ms
IQR = 0.875 ms, LowerFence = 30.236 ms, UpperFence = 33.736 ms
ConfidenceInterval = [14.403 ms; 49.345 ms] (CI 99.9%), Margin = 17.471 ms (54.81% of Mean)
Skewness = -0.37, Kurtosis = 0.67, MValue = 2
-------------------- Histogram --------------------
[29.902 ms ; 31.552 ms) | @
[31.552 ms ; 33.395 ms) | @@
---------------------------------------------------

SessionSetupDecompositionBenchmarks.StageT5_NonThrowingParkTeardownAsync: ShortRun(InvocationCount=1, IterationCount=3, LaunchCount=1, UnrollFactor=1, WarmupCount=3) [Sessions=1]
Runtime = .NET 10.0.12 (10.0.12, 10.0.1226.42308), X64 RyuJIT x86-64-v4; GC = Concurrent Workstation
Mean = 341.153 us, StdErr = 64.366 us (18.87%), N = 3, StdDev = 111.485 us
Min = 269.344 us, Q1 = 276.937 us, Median = 284.529 us, Q3 = 377.058 us, Max = 469.586 us
IQR = 100.121 us, LowerFence = 126.756 us, UpperFence = 527.238 us
ConfidenceInterval = [-1,692.739 us; 2,375.045 us] (CI 99.9%), Margin = 2,033.892 us (596.18% of Mean)
Skewness = 0.38, Kurtosis = 0.67, MValue = 2
-------------------- Histogram --------------------
[268.010 us ; 470.920 us) | @@@
---------------------------------------------------

SessionSetupDecompositionBenchmarks.BaselineF_FakeTransportCreationAsync: ShortRun(InvocationCount=1, IterationCount=3, LaunchCount=1, UnrollFactor=1, WarmupCount=3) [Sessions=1]
Runtime = .NET 10.0.12 (10.0.12, 10.0.1226.42308), X64 RyuJIT x86-64-v4; GC = Concurrent Workstation
Mean = 9.815 us, StdErr = 1.812 us (18.46%), N = 3, StdDev = 3.138 us
Min = 7.884 us, Q1 = 8.005 us, Median = 8.125 us, Q3 = 10.780 us, Max = 13.435 us
IQR = 2.776 us, LowerFence = 3.841 us, UpperFence = 14.943 us
ConfidenceInterval = [-47.427 us; 67.056 us] (CI 99.9%), Margin = 57.242 us (583.23% of Mean)
Skewness = 0.38, Kurtosis = 0.67, MValue = 2
-------------------- Histogram --------------------
[7.804 us ; 13.515 us) | @@@
---------------------------------------------------

SessionSetupDecompositionBenchmarks.BaselineH_FlowKeyConstruction: ShortRun(InvocationCount=1, IterationCount=3, LaunchCount=1, UnrollFactor=1, WarmupCount=3) [Sessions=1]
Runtime = .NET 10.0.12 (10.0.12, 10.0.1226.42308), X64 RyuJIT x86-64-v4; GC = Concurrent Workstation
Mean = 12.163 us, StdErr = 2.044 us (16.80%), N = 3, StdDev = 3.540 us
Min = 10.109 us, Q1 = 10.119 us, Median = 10.129 us, Q3 = 13.190 us, Max = 16.250 us
IQR = 3.071 us, LowerFence = 5.513 us, UpperFence = 17.795 us
ConfidenceInterval = [-52.416 us; 76.741 us] (CI 99.9%), Margin = 64.578 us (530.95% of Mean)
Skewness = 0.38, Kurtosis = 0.67, MValue = 2
-------------------- Histogram --------------------
[9.958 us ; 16.401 us) | @@@
---------------------------------------------------

SessionSetupDecompositionBenchmarks.ComponentC1_AssociationClaimRelease: ShortRun(InvocationCount=1, IterationCount=3, LaunchCount=1, UnrollFactor=1, WarmupCount=3) [Sessions=1]
Runtime = .NET 10.0.12 (10.0.12, 10.0.1226.42308), X64 RyuJIT x86-64-v4; GC = Concurrent Workstation
Mean = 24.385 us, StdErr = 1.423 us (5.83%), N = 3, StdDev = 2.464 us
Min = 22.681 us, Q1 = 22.972 us, Median = 23.263 us, Q3 = 25.236 us, Max = 27.210 us
IQR = 2.264 us, LowerFence = 19.575 us, UpperFence = 28.633 us
ConfidenceInterval = [-20.569 us; 69.338 us] (CI 99.9%), Margin = 44.954 us (184.35% of Mean)
Skewness = 0.36, Kurtosis = 0.67, MValue = 2
-------------------- Histogram --------------------
[20.439 us ; 25.214 us) | @@
[25.214 us ; 29.452 us) | @
---------------------------------------------------

SessionSetupDecompositionBenchmarks.ComponentC2_SessionConstructStartAsync: ShortRun(InvocationCount=1, IterationCount=3, LaunchCount=1, UnrollFactor=1, WarmupCount=3) [Sessions=1]
Runtime = .NET 10.0.12 (10.0.12, 10.0.1226.42308), X64 RyuJIT x86-64-v4; GC = Concurrent Workstation
Mean = 46.956 us, StdErr = 9.744 us (20.75%), N = 3, StdDev = 16.877 us
Min = 36.958 us, Q1 = 37.214 us, Median = 37.469 us, Q3 = 51.956 us, Max = 66.442 us
IQR = 14.742 us, LowerFence = 15.101 us, UpperFence = 74.069 us
ConfidenceInterval = [-260.943 us; 354.856 us] (CI 99.9%), Margin = 307.900 us (655.71% of Mean)
Skewness = 0.38, Kurtosis = 0.67, MValue = 2
-------------------- Histogram --------------------
[36.341 us ; 67.059 us) | @@@
---------------------------------------------------

SessionSetupDecompositionBenchmarks.ComponentC2a1_ContextRecordStaticLambda: ShortRun(InvocationCount=1, IterationCount=3, LaunchCount=1, UnrollFactor=1, WarmupCount=3) [Sessions=1]
Runtime = .NET 10.0.12 (10.0.12, 10.0.1226.42308), X64 RyuJIT x86-64-v4; GC = Concurrent Workstation
Mean = 24.388 us, StdErr = 0.249 us (1.02%), N = 3, StdDev = 0.432 us
Min = 23.890 us, Q1 = 24.250 us, Median = 24.611 us, Q3 = 24.637 us, Max = 24.662 us
IQR = 0.386 us, LowerFence = 23.672 us, UpperFence = 25.215 us
ConfidenceInterval = [16.511 us; 32.264 us] (CI 99.9%), Margin = 7.877 us (32.30% of Mean)
Skewness = -0.38, Kurtosis = 0.67, MValue = 2
-------------------- Histogram --------------------
[23.883 us ; 24.669 us) | @@@
---------------------------------------------------

SessionSetupDecompositionBenchmarks.ComponentC2a2_ContextRecordMethodGroup: ShortRun(InvocationCount=1, IterationCount=3, LaunchCount=1, UnrollFactor=1, WarmupCount=3) [Sessions=1]
Runtime = .NET 10.0.12 (10.0.12, 10.0.1226.42308), X64 RyuJIT x86-64-v4; GC = Concurrent Workstation
Mean = 42.310 us, StdErr = 5.914 us (13.98%), N = 3, StdDev = 10.244 us
Min = 31.764 us, Q1 = 37.354 us, Median = 42.944 us, Q3 = 47.583 us, Max = 52.221 us
IQR = 10.229 us, LowerFence = 22.011 us, UpperFence = 62.926 us
ConfidenceInterval = [-144.574 us; 229.194 us] (CI 99.9%), Margin = 186.884 us (441.70% of Mean)
Skewness = -0.06, Kurtosis = 0.67, MValue = 2
-------------------- Histogram --------------------
[22.441 us ; 38.261 us) | @
[38.261 us ; 56.905 us) | @@
---------------------------------------------------

SessionSetupDecompositionBenchmarks.ComponentC2b_SessionConstructOnly: ShortRun(InvocationCount=1, IterationCount=3, LaunchCount=1, UnrollFactor=1, WarmupCount=3) [Sessions=1]
Runtime = .NET 10.0.12 (10.0.12, 10.0.1226.42308), X64 RyuJIT x86-64-v4; GC = Concurrent Workstation
Mean = 37.334 us, StdErr = 11.062 us (29.63%), N = 3, StdDev = 19.160 us
Min = 23.719 us, Q1 = 26.378 us, Median = 29.038 us, Q3 = 44.141 us, Max = 59.244 us
IQR = 17.762 us, LowerFence = -0.265 us, UpperFence = 70.785 us
ConfidenceInterval = [-312.223 us; 386.890 us] (CI 99.9%), Margin = 349.557 us (936.30% of Mean)
Skewness = 0.35, Kurtosis = 0.67, MValue = 2
-------------------- Histogram --------------------
[ 6.282 us ; 43.815 us) | @@
[43.815 us ; 76.681 us) | @
---------------------------------------------------

SessionSetupDecompositionBenchmarks.ComponentC2c1_ScopeConstructLinked: ShortRun(InvocationCount=1, IterationCount=3, LaunchCount=1, UnrollFactor=1, WarmupCount=3) [Sessions=1]
Runtime = .NET 10.0.12 (10.0.12, 10.0.1226.42308), X64 RyuJIT x86-64-v4; GC = Concurrent Workstation
Mean = 5.803 us, StdErr = 0.521 us (8.97%), N = 3, StdDev = 0.902 us
Min = 5.184 us, Q1 = 5.285 us, Median = 5.386 us, Q3 = 6.112 us, Max = 6.838 us
IQR = 0.827 us, LowerFence = 4.045 us, UpperFence = 7.351 us
ConfidenceInterval = [-10.652 us; 22.257 us] (CI 99.9%), Margin = 16.455 us (283.58% of Mean)
Skewness = 0.36, Kurtosis = 0.67, MValue = 2
-------------------- Histogram --------------------
[4.364 us ; 6.106 us) | @@
[6.106 us ; 7.658 us) | @
---------------------------------------------------

SessionSetupDecompositionBenchmarks.ComponentC2c2_ScopeConstructUnlinked: ShortRun(InvocationCount=1, IterationCount=3, LaunchCount=1, UnrollFactor=1, WarmupCount=3) [Sessions=1]
Runtime = .NET 10.0.12 (10.0.12, 10.0.1226.42308), X64 RyuJIT x86-64-v4; GC = Concurrent Workstation
Mean = 5.687 us, StdErr = 0.509 us (8.96%), N = 3, StdDev = 0.882 us
Min = 4.668 us, Q1 = 5.429 us, Median = 6.191 us, Q3 = 6.196 us, Max = 6.201 us
IQR = 0.766 us, LowerFence = 4.280 us, UpperFence = 7.346 us
ConfidenceInterval = [-10.408 us; 21.781 us] (CI 99.9%), Margin = 16.095 us (283.03% of Mean)
Skewness = -0.38, Kurtosis = 0.67, MValue = 2
-------------------- Histogram --------------------
[4.632 us ; 6.237 us) | @@@
---------------------------------------------------

SessionSetupDecompositionBenchmarks.ComponentC2e_LockConstruction: ShortRun(InvocationCount=1, IterationCount=3, LaunchCount=1, UnrollFactor=1, WarmupCount=3) [Sessions=1]
Runtime = .NET 10.0.12 (10.0.12, 10.0.1226.42308), X64 RyuJIT x86-64-v4; GC = Concurrent Workstation
Mean = 7.778 us, StdErr = 4.998 us (64.26%), N = 3, StdDev = 8.657 us
Min = 2.374 us, Q1 = 2.785 us, Median = 3.196 us, Q3 = 10.479 us, Max = 17.763 us
IQR = 7.694 us, LowerFence = -8.757 us, UpperFence = 22.021 us
ConfidenceInterval = [-150.164 us; 165.719 us] (CI 99.9%), Margin = 157.942 us (2030.71% of Mean)
Skewness = 0.38, Kurtosis = 0.67, MValue = 2
-------------------- Histogram --------------------
[2.190 us ; 17.947 us) | @@@
---------------------------------------------------

SessionSetupDecompositionBenchmarks.ComponentC2e_TaskCompletionSourceConstruction: ShortRun(InvocationCount=1, IterationCount=3, LaunchCount=1, UnrollFactor=1, WarmupCount=3) [Sessions=1]
Runtime = .NET 10.0.12 (10.0.12, 10.0.1226.42308), X64 RyuJIT x86-64-v4; GC = Concurrent Workstation
Mean = 4.068 us, StdErr = 0.081 us (1.98%), N = 3, StdDev = 0.140 us
Min = 3.907 us, Q1 = 4.022 us, Median = 4.138 us, Q3 = 4.148 us, Max = 4.158 us
IQR = 0.126 us, LowerFence = 3.834 us, UpperFence = 4.336 us
ConfidenceInterval = [1.523 us; 6.613 us] (CI 99.9%), Margin = 2.545 us (62.57% of Mean)
Skewness = -0.38, Kurtosis = 0.67, MValue = 2
-------------------- Histogram --------------------
[3.906 us ; 4.159 us) | @@@
---------------------------------------------------

SessionSetupDecompositionBenchmarks.ComponentC2e_LinkedTokenSourceConstruction: ShortRun(InvocationCount=1, IterationCount=3, LaunchCount=1, UnrollFactor=1, WarmupCount=3) [Sessions=1]
Runtime = .NET 10.0.12 (10.0.12, 10.0.1226.42308), X64 RyuJIT x86-64-v4; GC = Concurrent Workstation
Mean = 6.706 us, StdErr = 0.729 us (10.87%), N = 3, StdDev = 1.262 us
Min = 5.250 us, Q1 = 6.322 us, Median = 7.394 us, Q3 = 7.434 us, Max = 7.474 us
IQR = 1.113 us, LowerFence = 4.653 us, UpperFence = 9.103 us
ConfidenceInterval = [-16.320 us; 29.732 us] (CI 99.9%), Margin = 23.026 us (343.36% of Mean)
Skewness = -0.38, Kurtosis = 0.67, MValue = 2
-------------------- Histogram --------------------
[5.213 us ; 7.511 us) | @@@
---------------------------------------------------

SessionSetupDecompositionBenchmarks.ComponentE1_CanceledDelayAwaitAsync: ShortRun(InvocationCount=1, IterationCount=3, LaunchCount=1, UnrollFactor=1, WarmupCount=3) [Sessions=1]
Runtime = .NET 10.0.12 (10.0.12, 10.0.1226.42308), X64 RyuJIT x86-64-v4; GC = Concurrent Workstation
Mean = 43.535 us, StdErr = 0.673 us (1.54%), N = 3, StdDev = 1.165 us
Min = 42.212 us, Q1 = 43.099 us, Median = 43.986 us, Q3 = 44.197 us, Max = 44.407 us
IQR = 1.097 us, LowerFence = 41.453 us, UpperFence = 45.843 us
ConfidenceInterval = [22.282 us; 64.788 us] (CI 99.9%), Margin = 21.253 us (48.82% of Mean)
Skewness = -0.33, Kurtosis = 0.67, MValue = 2
-------------------- Histogram --------------------
[41.152 us ; 43.136 us) | @
[43.136 us ; 45.467 us) | @@
---------------------------------------------------

SessionSetupDecompositionBenchmarks.ComponentE2_SetupExecutorDisposeAsync: ShortRun(InvocationCount=1, IterationCount=3, LaunchCount=1, UnrollFactor=1, WarmupCount=3) [Sessions=1]
Runtime = .NET 10.0.12 (10.0.12, 10.0.1226.42308), X64 RyuJIT x86-64-v4; GC = Concurrent Workstation
Mean = 94.407 ms, StdErr = 0.620 ms (0.66%), N = 3, StdDev = 1.073 ms
Min = 93.193 ms, Q1 = 93.996 ms, Median = 94.798 ms, Q3 = 95.014 ms, Max = 95.229 ms
IQR = 1.018 ms, LowerFence = 92.469 ms, UpperFence = 96.541 ms
ConfidenceInterval = [74.830 ms; 113.984 ms] (CI 99.9%), Margin = 19.577 ms (20.74% of Mean)
Skewness = -0.32, Kurtosis = 0.67, MValue = 2
-------------------- Histogram --------------------
[92.217 ms ; 96.206 ms) | @@@
---------------------------------------------------

SessionSetupDecompositionBenchmarks.ComponentA1_AssociationTablePreSeed: ShortRun(InvocationCount=1, IterationCount=3, LaunchCount=1, UnrollFactor=1, WarmupCount=3) [Sessions=1]
Runtime = .NET 10.0.12 (10.0.12, 10.0.1226.42308), X64 RyuJIT x86-64-v4; GC = Concurrent Workstation
Mean = 9.212 us, StdErr = 4.547 us (49.36%), N = 3, StdDev = 7.876 us
Min = 4.183 us, Q1 = 4.673 us, Median = 5.164 us, Q3 = 11.726 us, Max = 18.289 us
IQR = 7.053 us, LowerFence = -5.906 us, UpperFence = 22.306 us
ConfidenceInterval = [-134.479 us; 152.903 us] (CI 99.9%), Margin = 143.691 us (1559.83% of Mean)
Skewness = 0.38, Kurtosis = 0.67, MValue = 2
-------------------- Histogram --------------------
[4.068 us ; 18.404 us) | @@@
---------------------------------------------------

SessionSetupDecompositionBenchmarks.ComponentA2_SessionDictionaryPreSeed: ShortRun(InvocationCount=1, IterationCount=3, LaunchCount=1, UnrollFactor=1, WarmupCount=3) [Sessions=1]
Runtime = .NET 10.0.12 (10.0.12, 10.0.1226.42308), X64 RyuJIT x86-64-v4; GC = Concurrent Workstation
Mean = 7.687 us, StdErr = 4.551 us (59.20%), N = 3, StdDev = 7.882 us
Min = 2.654 us, Q1 = 3.145 us, Median = 3.636 us, Q3 = 10.204 us, Max = 16.771 us
IQR = 7.059 us, LowerFence = -7.443 us, UpperFence = 20.791 us
ConfidenceInterval = [-136.115 us; 151.489 us] (CI 99.9%), Margin = 143.802 us (1870.72% of Mean)
Skewness = 0.38, Kurtosis = 0.67, MValue = 2
-------------------- Histogram --------------------
[2.539 us ; 16.886 us) | @@@
---------------------------------------------------

SessionSetupDecompositionBenchmarks.ComponentA3_CooldownTableConstruction: ShortRun(InvocationCount=1, IterationCount=3, LaunchCount=1, UnrollFactor=1, WarmupCount=3) [Sessions=1]
Runtime = .NET 10.0.12 (10.0.12, 10.0.1226.42308), X64 RyuJIT x86-64-v4; GC = Concurrent Workstation
Mean = 14.099 us, StdErr = 11.399 us (80.85%), N = 3, StdDev = 19.744 us
Min = 2.605 us, Q1 = 2.700 us, Median = 2.795 us, Q3 = 19.846 us, Max = 36.898 us
IQR = 17.146 us, LowerFence = -23.020 us, UpperFence = 45.566 us
ConfidenceInterval = [-346.113 us; 374.312 us] (CI 99.9%), Margin = 360.212 us (2554.82% of Mean)
Skewness = 0.38, Kurtosis = 0.67, MValue = 2
-------------------- Histogram --------------------
[1.783 us ; 37.720 us) | @@@
---------------------------------------------------

SessionSetupDecompositionBenchmarks.ComponentA4_SlotAndQueueObjects: ShortRun(InvocationCount=1, IterationCount=3, LaunchCount=1, UnrollFactor=1, WarmupCount=3) [Sessions=1]
Runtime = .NET 10.0.12 (10.0.12, 10.0.1226.42308), X64 RyuJIT x86-64-v4; GC = Concurrent Workstation
Mean = 9.230 us, StdErr = 5.738 us (62.16%), N = 3, StdDev = 9.938 us
Min = 2.945 us, Q1 = 3.502 us, Median = 4.058 us, Q3 = 12.373 us, Max = 20.688 us
IQR = 8.871 us, LowerFence = -9.806 us, UpperFence = 25.680 us
ConfidenceInterval = [-172.080 us; 190.541 us] (CI 99.9%), Margin = 181.310 us (1964.29% of Mean)
Skewness = 0.38, Kurtosis = 0.67, MValue = 2
-------------------- Histogram --------------------
[2.772 us ; 20.861 us) | @@@
---------------------------------------------------

SessionSetupDecompositionBenchmarks.ComponentA5_CompletionCell: ShortRun(InvocationCount=1, IterationCount=3, LaunchCount=1, UnrollFactor=1, WarmupCount=3) [Sessions=1]
Runtime = .NET 10.0.12 (10.0.12, 10.0.1226.42308), X64 RyuJIT x86-64-v4; GC = Concurrent Workstation
Mean = 8.607 us, StdErr = 4.740 us (55.07%), N = 3, StdDev = 8.211 us
Min = 3.842 us, Q1 = 3.867 us, Median = 3.892 us, Q3 = 10.990 us, Max = 18.088 us
IQR = 7.123 us, LowerFence = -6.817 us, UpperFence = 21.674 us
ConfidenceInterval = [-141.183 us; 158.398 us] (CI 99.9%), Margin = 149.791 us (1740.27% of Mean)
Skewness = 0.38, Kurtosis = 0.67, MValue = 2
-------------------- Histogram --------------------
[3.493 us ; 18.437 us) | @@@
---------------------------------------------------

SessionSetupDecompositionBenchmarks.ComponentA6_ColdRent: ShortRun(InvocationCount=1, IterationCount=3, LaunchCount=1, UnrollFactor=1, WarmupCount=3) [Sessions=1]
Runtime = .NET 10.0.12 (10.0.12, 10.0.1226.42308), X64 RyuJIT x86-64-v4; GC = Concurrent Workstation
Mean = 8.677 us, StdErr = 0.129 us (1.49%), N = 3, StdDev = 0.224 us
Min = 8.481 us, Q1 = 8.556 us, Median = 8.630 us, Q3 = 8.775 us, Max = 8.921 us
IQR = 0.220 us, LowerFence = 8.226 us, UpperFence = 9.105 us
ConfidenceInterval = [4.595 us; 12.760 us] (CI 99.9%), Margin = 4.083 us (47.05% of Mean)
Skewness = 0.2, Kurtosis = 0.67, MValue = 2
-------------------- Histogram --------------------
[8.352 us ; 8.759 us) | @@
[8.759 us ; 9.125 us) | @
---------------------------------------------------

SessionSetupDecompositionBenchmarks.ComponentA7_EnqueueCycle: ShortRun(InvocationCount=1, IterationCount=3, LaunchCount=1, UnrollFactor=1, WarmupCount=3) [Sessions=1]
Runtime = .NET 10.0.12 (10.0.12, 10.0.1226.42308), X64 RyuJIT x86-64-v4; GC = Concurrent Workstation
Mean = 10.554 us, StdErr = 0.737 us (6.98%), N = 3, StdDev = 1.276 us
Min = 9.121 us, Q1 = 10.048 us, Median = 10.975 us, Q3 = 11.271 us, Max = 11.566 us
IQR = 1.222 us, LowerFence = 8.214 us, UpperFence = 13.104 us
ConfidenceInterval = [-12.720 us; 33.828 us] (CI 99.9%), Margin = 23.274 us (220.52% of Mean)
Skewness = -0.29, Kurtosis = 0.67, MValue = 2
-------------------- Histogram --------------------
[ 7.960 us ; 10.110 us) | @
[10.110 us ; 12.727 us) | @@
---------------------------------------------------

SessionSetupDecompositionBenchmarks.ComponentA8_WarmRentAdmissionAsync: ShortRun(InvocationCount=1, IterationCount=3, LaunchCount=1, UnrollFactor=1, WarmupCount=3) [Sessions=1]
Runtime = .NET 10.0.12 (10.0.12, 10.0.1226.42308), X64 RyuJIT x86-64-v4; GC = Concurrent Workstation
Mean = 43.026 us, StdErr = 10.458 us (24.31%), N = 3, StdDev = 18.115 us
Min = 29.825 us, Q1 = 32.700 us, Median = 35.575 us, Q3 = 49.627 us, Max = 63.678 us
IQR = 16.927 us, LowerFence = 7.310 us, UpperFence = 75.016 us
ConfidenceInterval = [-287.451 us; 373.503 us] (CI 99.9%), Margin = 330.477 us (768.09% of Mean)
Skewness = 0.34, Kurtosis = 0.67, MValue = 2
-------------------- Histogram --------------------
[13.340 us ; 49.185 us) | @@
[49.185 us ; 80.162 us) | @
---------------------------------------------------

SessionSetupDecompositionBenchmarks.ComponentA9a_DictionaryGrowthSpansResize: ShortRun(InvocationCount=1, IterationCount=3, LaunchCount=1, UnrollFactor=1, WarmupCount=3) [Sessions=1]
Runtime = .NET 10.0.12 (10.0.12, 10.0.1226.42308), X64 RyuJIT x86-64-v4; GC = Concurrent Workstation
Mean = 3.160 ms, StdErr = 1.361 ms (43.08%), N = 3, StdDev = 2.357 ms
Min = 1.772 ms, Q1 = 1.799 ms, Median = 1.826 ms, Q3 = 3.854 ms, Max = 5.882 ms
IQR = 2.055 ms, LowerFence = -1.284 ms, UpperFence = 6.936 ms
ConfidenceInterval = [-39.849 ms; 46.168 ms] (CI 99.9%), Margin = 43.009 ms (1361.16% of Mean)
Skewness = 0.38, Kurtosis = 0.67, MValue = 2
-------------------- Histogram --------------------
[1.681 ms ; 5.972 ms) | @@@
---------------------------------------------------

SessionSetupDecompositionBenchmarks.ComponentA9b_DictionaryGrowthNoResize: ShortRun(InvocationCount=1, IterationCount=3, LaunchCount=1, UnrollFactor=1, WarmupCount=3) [Sessions=1]
Runtime = .NET 10.0.12 (10.0.12, 10.0.1226.42308), X64 RyuJIT x86-64-v4; GC = Concurrent Workstation
Mean = 3.148 ms, StdErr = 1.317 ms (41.83%), N = 3, StdDev = 2.281 ms
Min = 1.747 ms, Q1 = 1.832 ms, Median = 1.917 ms, Q3 = 3.848 ms, Max = 5.780 ms
IQR = 2.016 ms, LowerFence = -1.192 ms, UpperFence = 6.873 ms
ConfidenceInterval = [-38.460 ms; 44.756 ms] (CI 99.9%), Margin = 41.608 ms (1321.74% of Mean)
Skewness = 0.38, Kurtosis = 0.67, MValue = 2
-------------------- Histogram --------------------
[1.688 ms ; 5.839 ms) | @@@
---------------------------------------------------

SessionSetupDecompositionBenchmarks.StageS0_CoordinatorOnly: ShortRun(InvocationCount=1, IterationCount=3, LaunchCount=1, UnrollFactor=1, WarmupCount=3) [Sessions=100]
Runtime = .NET 10.0.12 (10.0.12, 10.0.1226.42308), X64 RyuJIT x86-64-v4; GC = Concurrent Workstation
Mean = 42.010 us, StdErr = 28.866 us (68.71%), N = 3, StdDev = 49.998 us
Min = 13.124 us, Q1 = 13.144 us, Median = 13.164 us, Q3 = 56.453 us, Max = 99.743 us
IQR = 43.309 us, LowerFence = -51.820 us, UpperFence = 121.418 us
ConfidenceInterval = [-870.139 us; 954.159 us] (CI 99.9%), Margin = 912.149 us (2171.25% of Mean)
Skewness = 0.38, Kurtosis = 0.67, MValue = 2
-------------------- Histogram --------------------
[10.934 us ; 101.933 us) | @@@
---------------------------------------------------

SessionSetupDecompositionBenchmarks.StageS1_AdmissionOnlyAsync: ShortRun(InvocationCount=1, IterationCount=3, LaunchCount=1, UnrollFactor=1, WarmupCount=3) [Sessions=100]
Runtime = .NET 10.0.12 (10.0.12, 10.0.1226.42308), X64 RyuJIT x86-64-v4; GC = Concurrent Workstation
Mean = 263.018 us, StdErr = 40.245 us (15.30%), N = 3, StdDev = 69.707 us
Min = 216.399 us, Q1 = 222.951 us, Median = 229.503 us, Q3 = 286.327 us, Max = 343.152 us
IQR = 63.377 us, LowerFence = 127.886 us, UpperFence = 381.392 us
ConfidenceInterval = [-1,008.691 us; 1,534.727 us] (CI 99.9%), Margin = 1,271.709 us (483.51% of Mean)
Skewness = 0.37, Kurtosis = 0.67, MValue = 2
-------------------- Histogram --------------------
[216.340 us ; 343.211 us) | @@@
---------------------------------------------------

SessionSetupDecompositionBenchmarks.StageS2_SetupStartedAsync: ShortRun(InvocationCount=1, IterationCount=3, LaunchCount=1, UnrollFactor=1, WarmupCount=3) [Sessions=100]
Runtime = .NET 10.0.12 (10.0.12, 10.0.1226.42308), X64 RyuJIT x86-64-v4; GC = Concurrent Workstation
Mean = 82.073 ms, StdErr = 2.646 ms (3.22%), N = 3, StdDev = 4.583 ms
Min = 78.616 ms, Q1 = 79.473 ms, Median = 80.331 ms, Q3 = 83.801 ms, Max = 87.271 ms
IQR = 4.327 ms, LowerFence = 72.982 ms, UpperFence = 90.292 ms
ConfidenceInterval = [-1.535 ms; 165.680 ms] (CI 99.9%), Margin = 83.608 ms (101.87% of Mean)
Skewness = 0.33, Kurtosis = 0.67, MValue = 2
-------------------- Histogram --------------------
[75.303 ms ; 83.644 ms) | @@
[83.644 ms ; 91.442 ms) | @
---------------------------------------------------

SessionSetupDecompositionBenchmarks.StageS3_PipelineNoPayloadAsync: ShortRun(InvocationCount=1, IterationCount=3, LaunchCount=1, UnrollFactor=1, WarmupCount=3) [Sessions=100]
Runtime = .NET 10.0.12 (10.0.12, 10.0.1226.42308), X64 RyuJIT x86-64-v4; GC = Concurrent Workstation
Mean = 44.042 ms, StdErr = 1.359 ms (3.08%), N = 3, StdDev = 2.353 ms
Min = 42.416 ms, Q1 = 42.692 ms, Median = 42.969 ms, Q3 = 44.854 ms, Max = 46.740 ms
IQR = 2.162 ms, LowerFence = 39.449 ms, UpperFence = 48.098 ms
ConfidenceInterval = [1.109 ms; 86.975 ms] (CI 99.9%), Margin = 42.933 ms (97.48% of Mean)
Skewness = 0.36, Kurtosis = 0.67, MValue = 2
-------------------- Histogram --------------------
[40.274 ms ; 44.834 ms) | @@
[44.834 ms ; 48.882 ms) | @
---------------------------------------------------

SessionSetupDecompositionBenchmarks.StageS4_ReadinessTeardownOutsideAsync: ShortRun(InvocationCount=1, IterationCount=3, LaunchCount=1, UnrollFactor=1, WarmupCount=3) [Sessions=100]
Runtime = .NET 10.0.12 (10.0.12, 10.0.1226.42308), X64 RyuJIT x86-64-v4; GC = Concurrent Workstation
Mean = 39.433 ms, StdErr = 0.051 ms (0.13%), N = 3, StdDev = 0.089 ms
Min = 39.348 ms, Q1 = 39.386 ms, Median = 39.424 ms, Q3 = 39.475 ms, Max = 39.526 ms
IQR = 0.089 ms, LowerFence = 39.253 ms, UpperFence = 39.608 ms
ConfidenceInterval = [37.809 ms; 41.057 ms] (CI 99.9%), Margin = 1.624 ms (4.12% of Mean)
Skewness = 0.1, Kurtosis = 0.67, MValue = 2
-------------------- Histogram --------------------
[39.267 ms ; 39.607 ms) | @@@
---------------------------------------------------

SessionSetupDecompositionBenchmarks.StageS5_ReadinessTeardownInsideAsync: ShortRun(InvocationCount=1, IterationCount=3, LaunchCount=1, UnrollFactor=1, WarmupCount=3) [Sessions=100]
Runtime = .NET 10.0.12 (10.0.12, 10.0.1226.42308), X64 RyuJIT x86-64-v4; GC = Concurrent Workstation
Mean = 53.875 ms, StdErr = 2.026 ms (3.76%), N = 3, StdDev = 3.509 ms
Min = 50.450 ms, Q1 = 52.082 ms, Median = 53.714 ms, Q3 = 55.588 ms, Max = 57.462 ms
IQR = 3.506 ms, LowerFence = 46.822 ms, UpperFence = 60.847 ms
ConfidenceInterval = [-10.143 ms; 117.893 ms] (CI 99.9%), Margin = 64.018 ms (118.83% of Mean)
Skewness = 0.05, Kurtosis = 0.67, MValue = 2
-------------------- Histogram --------------------
[48.888 ms ; 55.275 ms) | @@
[55.275 ms ; 60.656 ms) | @
---------------------------------------------------

SessionSetupDecompositionBenchmarks.StageT1_SessionTeardownInsideAsync: ShortRun(InvocationCount=1, IterationCount=3, LaunchCount=1, UnrollFactor=1, WarmupCount=3) [Sessions=100]
Runtime = .NET 10.0.12 (10.0.12, 10.0.1226.42308), X64 RyuJIT x86-64-v4; GC = Concurrent Workstation
Mean = 6.397 ms, StdErr = 1.788 ms (27.95%), N = 3, StdDev = 3.097 ms
Min = 3.267 ms, Q1 = 4.866 ms, Median = 6.464 ms, Q3 = 7.962 ms, Max = 9.460 ms
IQR = 3.096 ms, LowerFence = 0.221 ms, UpperFence = 12.607 ms
ConfidenceInterval = [-50.104 ms; 62.899 ms] (CI 99.9%), Margin = 56.501 ms (883.21% of Mean)
Skewness = -0.02, Kurtosis = 0.67, MValue = 2
-------------------- Histogram --------------------
[0.449 ms ;  5.144 ms) | @
[5.144 ms ; 10.781 ms) | @@
---------------------------------------------------

SessionSetupDecompositionBenchmarks.StageT3_ExpiryRetireInsideAsync: ShortRun(InvocationCount=1, IterationCount=3, LaunchCount=1, UnrollFactor=1, WarmupCount=3) [Sessions=100]
Runtime = .NET 10.0.12 (10.0.12, 10.0.1226.42308), X64 RyuJIT x86-64-v4; GC = Concurrent Workstation
Mean = 52.188 ms, StdErr = 1.455 ms (2.79%), N = 3, StdDev = 2.519 ms
Min = 50.145 ms, Q1 = 50.780 ms, Median = 51.416 ms, Q3 = 53.209 ms, Max = 55.003 ms
IQR = 2.429 ms, LowerFence = 47.137 ms, UpperFence = 56.853 ms
ConfidenceInterval = [6.226 ms; 98.149 ms] (CI 99.9%), Margin = 45.961 ms (88.07% of Mean)
Skewness = 0.28, Kurtosis = 0.67, MValue = 2
-------------------- Histogram --------------------
[48.488 ms ; 53.073 ms) | @@
[53.073 ms ; 57.295 ms) | @
---------------------------------------------------

SessionSetupDecompositionBenchmarks.StageT5_NonThrowingParkTeardownAsync: ShortRun(InvocationCount=1, IterationCount=3, LaunchCount=1, UnrollFactor=1, WarmupCount=3) [Sessions=100]
Runtime = .NET 10.0.12 (10.0.12, 10.0.1226.42308), X64 RyuJIT x86-64-v4; GC = Concurrent Workstation
Mean = 1.458 ms, StdErr = 0.173 ms (11.84%), N = 3, StdDev = 0.299 ms
Min = 1.258 ms, Q1 = 1.286 ms, Median = 1.313 ms, Q3 = 1.558 ms, Max = 1.802 ms
IQR = 0.272 ms, LowerFence = 0.878 ms, UpperFence = 1.965 ms
ConfidenceInterval = [-3.999 ms; 6.914 ms] (CI 99.9%), Margin = 5.456 ms (374.29% of Mean)
Skewness = 0.37, Kurtosis = 0.67, MValue = 2
-------------------- Histogram --------------------
[1.258 ms ; 1.802 ms) | @@@
---------------------------------------------------

SessionSetupDecompositionBenchmarks.BaselineF_FakeTransportCreationAsync: ShortRun(InvocationCount=1, IterationCount=3, LaunchCount=1, UnrollFactor=1, WarmupCount=3) [Sessions=100]
Runtime = .NET 10.0.12 (10.0.12, 10.0.1226.42308), X64 RyuJIT x86-64-v4; GC = Concurrent Workstation
Mean = 33.346 us, StdErr = 13.485 us (40.44%), N = 3, StdDev = 23.357 us
Min = 19.751 us, Q1 = 19.861 us, Median = 19.972 us, Q3 = 40.144 us, Max = 60.316 us
IQR = 20.282 us, LowerFence = -10.562 us, UpperFence = 70.568 us
ConfidenceInterval = [-392.766 us; 459.459 us] (CI 99.9%), Margin = 426.113 us (1277.84% of Mean)
Skewness = 0.38, Kurtosis = 0.67, MValue = 2
-------------------- Histogram --------------------
[18.778 us ; 61.289 us) | @@@
---------------------------------------------------

SessionSetupDecompositionBenchmarks.BaselineH_FlowKeyConstruction: ShortRun(InvocationCount=1, IterationCount=3, LaunchCount=1, UnrollFactor=1, WarmupCount=3) [Sessions=100]
Runtime = .NET 10.0.12 (10.0.12, 10.0.1226.42308), X64 RyuJIT x86-64-v4; GC = Concurrent Workstation
Mean = 88.156 us, StdErr = 14.195 us (16.10%), N = 3, StdDev = 24.587 us
Min = 69.648 us, Q1 = 74.207 us, Median = 78.764 us, Q3 = 97.409 us, Max = 116.055 us
IQR = 23.203 us, LowerFence = 39.402 us, UpperFence = 132.214 us
ConfidenceInterval = [-360.405 us; 536.717 us] (CI 99.9%), Margin = 448.561 us (508.83% of Mean)
Skewness = 0.33, Kurtosis = 0.67, MValue = 2
-------------------- Histogram --------------------
[51.831 us ;  96.582 us) | @@
[96.582 us ; 138.430 us) | @
---------------------------------------------------

SessionSetupDecompositionBenchmarks.ComponentC1_AssociationClaimRelease: ShortRun(InvocationCount=1, IterationCount=3, LaunchCount=1, UnrollFactor=1, WarmupCount=3) [Sessions=100]
Runtime = .NET 10.0.12 (10.0.12, 10.0.1226.42308), X64 RyuJIT x86-64-v4; GC = Concurrent Workstation
Mean = 415.535 us, StdErr = 69.941 us (16.83%), N = 3, StdDev = 121.142 us
Min = 311.343 us, Q1 = 349.072 us, Median = 386.802 us, Q3 = 467.631 us, Max = 548.460 us
IQR = 118.558 us, LowerFence = 171.235 us, UpperFence = 645.469 us
ConfidenceInterval = [-1,794.540 us; 2,625.610 us] (CI 99.9%), Margin = 2,210.075 us (531.86% of Mean)
Skewness = 0.22, Kurtosis = 0.67, MValue = 2
-------------------- Histogram --------------------
[238.829 us ; 459.316 us) | @@
[459.316 us ; 658.703 us) | @
---------------------------------------------------

SessionSetupDecompositionBenchmarks.ComponentC2_SessionConstructStartAsync: ShortRun(InvocationCount=1, IterationCount=3, LaunchCount=1, UnrollFactor=1, WarmupCount=3) [Sessions=100]
Runtime = .NET 10.0.12 (10.0.12, 10.0.1226.42308), X64 RyuJIT x86-64-v4; GC = Concurrent Workstation
Mean = 471.073 us, StdErr = 69.154 us (14.68%), N = 3, StdDev = 119.778 us
Min = 369.435 us, Q1 = 405.046 us, Median = 440.656 us, Q3 = 521.891 us, Max = 603.126 us
IQR = 116.846 us, LowerFence = 229.778 us, UpperFence = 697.160 us
ConfidenceInterval = [-1,714.121 us; 2,656.267 us] (CI 99.9%), Margin = 2,185.194 us (463.88% of Mean)
Skewness = 0.24, Kurtosis = 0.67, MValue = 2
-------------------- Histogram --------------------
[296.044 us ; 514.048 us) | @@
[514.048 us ; 712.129 us) | @
---------------------------------------------------

SessionSetupDecompositionBenchmarks.ComponentC2a1_ContextRecordStaticLambda: ShortRun(InvocationCount=1, IterationCount=3, LaunchCount=1, UnrollFactor=1, WarmupCount=3) [Sessions=100]
Runtime = .NET 10.0.12 (10.0.12, 10.0.1226.42308), X64 RyuJIT x86-64-v4; GC = Concurrent Workstation
Mean = 31.815 us, StdErr = 0.173 us (0.54%), N = 3, StdDev = 0.300 us
Min = 31.568 us, Q1 = 31.648 us, Median = 31.728 us, Q3 = 31.939 us, Max = 32.149 us
IQR = 0.290 us, LowerFence = 31.212 us, UpperFence = 32.374 us
ConfidenceInterval = [26.340 us; 37.290 us] (CI 99.9%), Margin = 5.475 us (17.21% of Mean)
Skewness = 0.27, Kurtosis = 0.67, MValue = 2
-------------------- Histogram --------------------
[31.295 us ; 32.422 us) | @@@
---------------------------------------------------

SessionSetupDecompositionBenchmarks.ComponentC2a2_ContextRecordMethodGroup: ShortRun(InvocationCount=1, IterationCount=3, LaunchCount=1, UnrollFactor=1, WarmupCount=3) [Sessions=100]
Runtime = .NET 10.0.12 (10.0.12, 10.0.1226.42308), X64 RyuJIT x86-64-v4; GC = Concurrent Workstation
Mean = 61.446 us, StdErr = 30.810 us (50.14%), N = 3, StdDev = 53.364 us
Min = 29.013 us, Q1 = 30.651 us, Median = 32.289 us, Q3 = 77.662 us, Max = 123.036 us
IQR = 47.011 us, LowerFence = -39.866 us, UpperFence = 148.180 us
ConfidenceInterval = [-912.106 us; 1,034.998 us] (CI 99.9%), Margin = 973.552 us (1584.40% of Mean)
Skewness = 0.38, Kurtosis = 0.67, MValue = 2
-------------------- Histogram --------------------
[27.462 us ; 124.587 us) | @@@
---------------------------------------------------

SessionSetupDecompositionBenchmarks.ComponentC2b_SessionConstructOnly: ShortRun(InvocationCount=1, IterationCount=3, LaunchCount=1, UnrollFactor=1, WarmupCount=3) [Sessions=100]
Runtime = .NET 10.0.12 (10.0.12, 10.0.1226.42308), X64 RyuJIT x86-64-v4; GC = Concurrent Workstation
Mean = 371.634 us, StdErr = 58.088 us (15.63%), N = 3, StdDev = 100.612 us
Min = 255.471 us, Q1 = 341.803 us, Median = 428.136 us, Q3 = 429.715 us, Max = 431.294 us
IQR = 87.912 us, LowerFence = 209.936 us, UpperFence = 561.582 us
ConfidenceInterval = [-1,463.908 us; 2,207.175 us] (CI 99.9%), Margin = 1,835.541 us (493.91% of Mean)
Skewness = -0.38, Kurtosis = 0.67, MValue = 2
-------------------- Histogram --------------------
[251.822 us ; 434.943 us) | @@@
---------------------------------------------------

SessionSetupDecompositionBenchmarks.ComponentC2c1_ScopeConstructLinked: ShortRun(InvocationCount=1, IterationCount=3, LaunchCount=1, UnrollFactor=1, WarmupCount=3) [Sessions=100]
Runtime = .NET 10.0.12 (10.0.12, 10.0.1226.42308), X64 RyuJIT x86-64-v4; GC = Concurrent Workstation
Mean = 27.830 us, StdErr = 15.172 us (54.52%), N = 3, StdDev = 26.279 us
Min = 12.368 us, Q1 = 12.659 us, Median = 12.949 us, Q3 = 35.560 us, Max = 58.172 us
IQR = 22.902 us, LowerFence = -21.695 us, UpperFence = 69.913 us
ConfidenceInterval = [-451.594 us; 507.253 us] (CI 99.9%), Margin = 479.424 us (1722.71% of Mean)
Skewness = 0.38, Kurtosis = 0.67, MValue = 2
-------------------- Histogram --------------------
[11.355 us ; 59.185 us) | @@@
---------------------------------------------------

SessionSetupDecompositionBenchmarks.ComponentC2c2_ScopeConstructUnlinked: ShortRun(InvocationCount=1, IterationCount=3, LaunchCount=1, UnrollFactor=1, WarmupCount=3) [Sessions=100]
Runtime = .NET 10.0.12 (10.0.12, 10.0.1226.42308), X64 RyuJIT x86-64-v4; GC = Concurrent Workstation
Mean = 18.165 us, StdErr = 9.244 us (50.89%), N = 3, StdDev = 16.012 us
Min = 8.741 us, Q1 = 8.921 us, Median = 9.102 us, Q3 = 22.878 us, Max = 36.653 us
IQR = 13.956 us, LowerFence = -12.012 us, UpperFence = 43.812 us
ConfidenceInterval = [-273.950 us; 310.280 us] (CI 99.9%), Margin = 292.115 us (1608.09% of Mean)
Skewness = 0.38, Kurtosis = 0.67, MValue = 2
-------------------- Histogram --------------------
[8.126 us ; 37.268 us) | @@@
---------------------------------------------------

SessionSetupDecompositionBenchmarks.ComponentC2e_LockConstruction: ShortRun(InvocationCount=1, IterationCount=3, LaunchCount=1, UnrollFactor=1, WarmupCount=3) [Sessions=100]
Runtime = .NET 10.0.12 (10.0.12, 10.0.1226.42308), X64 RyuJIT x86-64-v4; GC = Concurrent Workstation
Mean = 9.449 us, StdErr = 5.003 us (52.95%), N = 3, StdDev = 8.666 us
Min = 3.983 us, Q1 = 4.454 us, Median = 4.924 us, Q3 = 12.182 us, Max = 19.441 us
IQR = 7.729 us, LowerFence = -7.140 us, UpperFence = 23.776 us
ConfidenceInterval = [-148.647 us; 167.546 us] (CI 99.9%), Margin = 158.097 us (1673.10% of Mean)
Skewness = 0.38, Kurtosis = 0.67, MValue = 2
-------------------- Histogram --------------------
[3.826 us ; 19.598 us) | @@@
---------------------------------------------------

SessionSetupDecompositionBenchmarks.ComponentC2e_TaskCompletionSourceConstruction: ShortRun(InvocationCount=1, IterationCount=3, LaunchCount=1, UnrollFactor=1, WarmupCount=3) [Sessions=100]
Runtime = .NET 10.0.12 (10.0.12, 10.0.1226.42308), X64 RyuJIT x86-64-v4; GC = Concurrent Workstation
Mean = 18.731 us, StdErr = 10.511 us (56.12%), N = 3, StdDev = 18.206 us
Min = 8.055 us, Q1 = 8.220 us, Median = 8.385 us, Q3 = 24.069 us, Max = 39.753 us
IQR = 15.849 us, LowerFence = -15.553 us, UpperFence = 47.843 us
ConfidenceInterval = [-313.420 us; 350.882 us] (CI 99.9%), Margin = 332.151 us (1773.27% of Mean)
Skewness = 0.38, Kurtosis = 0.67, MValue = 2
-------------------- Histogram --------------------
[7.336 us ; 40.472 us) | @@@
---------------------------------------------------

SessionSetupDecompositionBenchmarks.ComponentC2e_LinkedTokenSourceConstruction: ShortRun(InvocationCount=1, IterationCount=3, LaunchCount=1, UnrollFactor=1, WarmupCount=3) [Sessions=100]
Runtime = .NET 10.0.12 (10.0.12, 10.0.1226.42308), X64 RyuJIT x86-64-v4; GC = Concurrent Workstation
Mean = 33.640 us, StdErr = 17.718 us (52.67%), N = 3, StdDev = 30.689 us
Min = 14.251 us, Q1 = 15.949 us, Median = 17.647 us, Q3 = 43.334 us, Max = 69.022 us
IQR = 27.386 us, LowerFence = -25.129 us, UpperFence = 84.413 us
ConfidenceInterval = [-526.237 us; 593.517 us] (CI 99.9%), Margin = 559.877 us (1664.32% of Mean)
Skewness = 0.38, Kurtosis = 0.67, MValue = 2
-------------------- Histogram --------------------
[13.709 us ; 69.564 us) | @@@
---------------------------------------------------

SessionSetupDecompositionBenchmarks.ComponentE1_CanceledDelayAwaitAsync: ShortRun(InvocationCount=1, IterationCount=3, LaunchCount=1, UnrollFactor=1, WarmupCount=3) [Sessions=100]
Runtime = .NET 10.0.12 (10.0.12, 10.0.1226.42308), X64 RyuJIT x86-64-v4; GC = Concurrent Workstation
Mean = 549.433 us, StdErr = 76.846 us (13.99%), N = 3, StdDev = 133.102 us
Min = 440.326 us, Q1 = 475.285 us, Median = 510.244 us, Q3 = 603.987 us, Max = 697.730 us
IQR = 128.702 us, LowerFence = 282.232 us, UpperFence = 797.040 us
ConfidenceInterval = [-1,878.837 us; 2,977.703 us] (CI 99.9%), Margin = 2,428.270 us (441.96% of Mean)
Skewness = 0.27, Kurtosis = 0.67, MValue = 2
-------------------- Histogram --------------------
[354.158 us ; 596.412 us) | @@
[596.412 us ; 818.857 us) | @
---------------------------------------------------

SessionSetupDecompositionBenchmarks.ComponentE2_SetupExecutorDisposeAsync: ShortRun(InvocationCount=1, IterationCount=3, LaunchCount=1, UnrollFactor=1, WarmupCount=3) [Sessions=100]
Runtime = .NET 10.0.12 (10.0.12, 10.0.1226.42308), X64 RyuJIT x86-64-v4; GC = Concurrent Workstation
Mean = 98.482 ms, StdErr = 1.333 ms (1.35%), N = 3, StdDev = 2.308 ms
Min = 96.057 ms, Q1 = 97.396 ms, Median = 98.735 ms, Q3 = 99.694 ms, Max = 100.653 ms
IQR = 2.298 ms, LowerFence = 93.949 ms, UpperFence = 103.141 ms
ConfidenceInterval = [56.368 ms; 140.595 ms] (CI 99.9%), Margin = 42.113 ms (42.76% of Mean)
Skewness = -0.11, Kurtosis = 0.67, MValue = 2
-------------------- Histogram --------------------
[93.956 ms ;  97.593 ms) | @
[97.593 ms ; 101.794 ms) | @@
---------------------------------------------------

SessionSetupDecompositionBenchmarks.ComponentA1_AssociationTablePreSeed: ShortRun(InvocationCount=1, IterationCount=3, LaunchCount=1, UnrollFactor=1, WarmupCount=3) [Sessions=100]
Runtime = .NET 10.0.12 (10.0.12, 10.0.1226.42308), X64 RyuJIT x86-64-v4; GC = Concurrent Workstation
Mean = 27.048 us, StdErr = 17.507 us (64.73%), N = 3, StdDev = 30.324 us
Min = 7.609 us, Q1 = 9.578 us, Median = 11.546 us, Q3 = 36.767 us, Max = 61.989 us
IQR = 27.190 us, LowerFence = -31.207 us, UpperFence = 77.552 us
ConfidenceInterval = [-526.170 us; 580.266 us] (CI 99.9%), Margin = 553.218 us (2045.32% of Mean)
Skewness = 0.38, Kurtosis = 0.67, MValue = 2
-------------------- Histogram --------------------
[7.203 us ; 62.395 us) | @@@
---------------------------------------------------

SessionSetupDecompositionBenchmarks.ComponentA2_SessionDictionaryPreSeed: ShortRun(InvocationCount=1, IterationCount=3, LaunchCount=1, UnrollFactor=1, WarmupCount=3) [Sessions=100]
Runtime = .NET 10.0.12 (10.0.12, 10.0.1226.42308), X64 RyuJIT x86-64-v4; GC = Concurrent Workstation
Mean = 72.069 us, StdErr = 67.236 us (93.29%), N = 3, StdDev = 116.456 us
Min = 4.568 us, Q1 = 4.833 us, Median = 5.099 us, Q3 = 105.820 us, Max = 206.541 us
IQR = 100.987 us, LowerFence = -146.646 us, UpperFence = 257.300 us
ConfidenceInterval = [-2,052.525 us; 2,196.664 us] (CI 99.9%), Margin = 2,124.594 us (2947.99% of Mean)
Skewness = 0.38, Kurtosis = 0.67, MValue = 2
-------------------- Histogram --------------------
[4.568 us ; 211.534 us) | @@@
---------------------------------------------------

SessionSetupDecompositionBenchmarks.ComponentA3_CooldownTableConstruction: ShortRun(InvocationCount=1, IterationCount=3, LaunchCount=1, UnrollFactor=1, WarmupCount=3) [Sessions=100]
Runtime = .NET 10.0.12 (10.0.12, 10.0.1226.42308), X64 RyuJIT x86-64-v4; GC = Concurrent Workstation
Mean = 8.118 us, StdErr = 4.577 us (56.38%), N = 3, StdDev = 7.927 us
Min = 3.476 us, Q1 = 3.541 us, Median = 3.606 us, Q3 = 10.438 us, Max = 17.271 us
IQR = 6.897 us, LowerFence = -6.805 us, UpperFence = 20.785 us
ConfidenceInterval = [-136.506 us; 152.741 us] (CI 99.9%), Margin = 144.623 us (1781.59% of Mean)
Skewness = 0.38, Kurtosis = 0.67, MValue = 2
-------------------- Histogram --------------------
[3.159 us ; 17.588 us) | @@@
---------------------------------------------------

SessionSetupDecompositionBenchmarks.ComponentA4_SlotAndQueueObjects: ShortRun(InvocationCount=1, IterationCount=3, LaunchCount=1, UnrollFactor=1, WarmupCount=3) [Sessions=100]
Runtime = .NET 10.0.12 (10.0.12, 10.0.1226.42308), X64 RyuJIT x86-64-v4; GC = Concurrent Workstation
Mean = 25.819 us, StdErr = 18.757 us (72.65%), N = 3, StdDev = 32.489 us
Min = 6.757 us, Q1 = 7.062 us, Median = 7.368 us, Q3 = 35.350 us, Max = 63.332 us
IQR = 28.288 us, LowerFence = -35.369 us, UpperFence = 77.781 us
ConfidenceInterval = [-566.895 us; 618.533 us] (CI 99.9%), Margin = 592.714 us (2295.65% of Mean)
Skewness = 0.38, Kurtosis = 0.67, MValue = 2
-------------------- Histogram --------------------
[5.479 us ; 64.610 us) | @@@
---------------------------------------------------

SessionSetupDecompositionBenchmarks.ComponentA5_CompletionCell: ShortRun(InvocationCount=1, IterationCount=3, LaunchCount=1, UnrollFactor=1, WarmupCount=3) [Sessions=100]
Runtime = .NET 10.0.12 (10.0.12, 10.0.1226.42308), X64 RyuJIT x86-64-v4; GC = Concurrent Workstation
Mean = 18.666 us, StdErr = 11.391 us (61.02%), N = 3, StdDev = 19.729 us
Min = 6.817 us, Q1 = 7.279 us, Median = 7.739 us, Q3 = 24.590 us, Max = 41.441 us
IQR = 17.312 us, LowerFence = -18.689 us, UpperFence = 50.559 us
ConfidenceInterval = [-341.272 us; 378.604 us] (CI 99.9%), Margin = 359.938 us (1928.29% of Mean)
Skewness = 0.38, Kurtosis = 0.67, MValue = 2
-------------------- Histogram --------------------
[6.175 us ; 42.084 us) | @@@
---------------------------------------------------

SessionSetupDecompositionBenchmarks.ComponentA6_ColdRent: ShortRun(InvocationCount=1, IterationCount=3, LaunchCount=1, UnrollFactor=1, WarmupCount=3) [Sessions=100]
Runtime = .NET 10.0.12 (10.0.12, 10.0.1226.42308), X64 RyuJIT x86-64-v4; GC = Concurrent Workstation
Mean = 38.394 us, StdErr = 12.080 us (31.46%), N = 3, StdDev = 20.924 us
Min = 17.452 us, Q1 = 27.942 us, Median = 38.431 us, Q3 = 48.865 us, Max = 59.299 us
IQR = 20.924 us, LowerFence = -3.444 us, UpperFence = 80.250 us
ConfidenceInterval = [-343.329 us; 420.117 us] (CI 99.9%), Margin = 381.723 us (994.23% of Mean)
Skewness = -0, Kurtosis = 0.67, MValue = 2
-------------------- Histogram --------------------
[17.452 us ; 29.824 us) | @
[29.824 us ; 67.906 us) | @@
---------------------------------------------------

SessionSetupDecompositionBenchmarks.ComponentA7_EnqueueCycle: ShortRun(InvocationCount=1, IterationCount=3, LaunchCount=1, UnrollFactor=1, WarmupCount=3) [Sessions=100]
Runtime = .NET 10.0.12 (10.0.12, 10.0.1226.42308), X64 RyuJIT x86-64-v4; GC = Concurrent Workstation
Mean = 36.723 us, StdErr = 0.108 us (0.30%), N = 3, StdDev = 0.188 us
Min = 36.572 us, Q1 = 36.617 us, Median = 36.663 us, Q3 = 36.798 us, Max = 36.934 us
IQR = 0.180 us, LowerFence = 36.347 us, UpperFence = 37.069 us
ConfidenceInterval = [33.295 us; 40.151 us] (CI 99.9%), Margin = 3.428 us (9.34% of Mean)
Skewness = 0.29, Kurtosis = 0.67, MValue = 2
-------------------- Histogram --------------------
[36.401 us ; 37.105 us) | @@@
---------------------------------------------------

SessionSetupDecompositionBenchmarks.ComponentA8_WarmRentAdmissionAsync: ShortRun(InvocationCount=1, IterationCount=3, LaunchCount=1, UnrollFactor=1, WarmupCount=3) [Sessions=100]
Runtime = .NET 10.0.12 (10.0.12, 10.0.1226.42308), X64 RyuJIT x86-64-v4; GC = Concurrent Workstation
Mean = 286.093 us, StdErr = 17.733 us (6.20%), N = 3, StdDev = 30.714 us
Min = 260.570 us, Q1 = 269.050 us, Median = 277.531 us, Q3 = 298.855 us, Max = 320.180 us
IQR = 29.805 us, LowerFence = 224.343 us, UpperFence = 343.562 us
ConfidenceInterval = [-274.238 us; 846.424 us] (CI 99.9%), Margin = 560.331 us (195.86% of Mean)
Skewness = 0.26, Kurtosis = 0.67, MValue = 2
-------------------- Histogram --------------------
[241.099 us ; 297.001 us) | @@
[297.001 us ; 348.130 us) | @
---------------------------------------------------

SessionSetupDecompositionBenchmarks.ComponentA9a_DictionaryGrowthSpansResize: ShortRun(InvocationCount=1, IterationCount=3, LaunchCount=1, UnrollFactor=1, WarmupCount=3) [Sessions=100]
Runtime = .NET 10.0.12 (10.0.12, 10.0.1226.42308), X64 RyuJIT x86-64-v4; GC = Concurrent Workstation
Mean = 3.136 ms, StdErr = 1.405 ms (44.79%), N = 3, StdDev = 2.433 ms
Min = 1.687 ms, Q1 = 1.731 ms, Median = 1.776 ms, Q3 = 3.860 ms, Max = 5.945 ms
IQR = 2.129 ms, LowerFence = -1.462 ms, UpperFence = 7.054 ms
ConfidenceInterval = [-41.249 ms; 47.521 ms] (CI 99.9%), Margin = 44.385 ms (1415.44% of Mean)
Skewness = 0.38, Kurtosis = 0.67, MValue = 2
-------------------- Histogram --------------------
[1.602 ms ; 6.030 ms) | @@@
---------------------------------------------------

SessionSetupDecompositionBenchmarks.ComponentA9b_DictionaryGrowthNoResize: ShortRun(InvocationCount=1, IterationCount=3, LaunchCount=1, UnrollFactor=1, WarmupCount=3) [Sessions=100]
Runtime = .NET 10.0.12 (10.0.12, 10.0.1226.42308), X64 RyuJIT x86-64-v4; GC = Concurrent Workstation
Mean = 3.031 ms, StdErr = 1.352 ms (44.59%), N = 3, StdDev = 2.341 ms
Min = 1.672 ms, Q1 = 1.679 ms, Median = 1.687 ms, Q3 = 3.710 ms, Max = 5.734 ms
IQR = 2.031 ms, LowerFence = -1.367 ms, UpperFence = 6.757 ms
ConfidenceInterval = [-39.677 ms; 45.738 ms] (CI 99.9%), Margin = 42.708 ms (1409.14% of Mean)
Skewness = 0.38, Kurtosis = 0.67, MValue = 2
-------------------- Histogram --------------------
[1.572 ms ; 5.833 ms) | @@@
---------------------------------------------------

SessionSetupDecompositionBenchmarks.StageS0_CoordinatorOnly: ShortRun(InvocationCount=1, IterationCount=3, LaunchCount=1, UnrollFactor=1, WarmupCount=3) [Sessions=1000]
Runtime = .NET 10.0.12 (10.0.12, 10.0.1226.42308), X64 RyuJIT x86-64-v4; GC = Concurrent Workstation
Mean = 71.082 us, StdErr = 9.723 us (13.68%), N = 3, StdDev = 16.840 us
Min = 60.216 us, Q1 = 61.383 us, Median = 62.550 us, Q3 = 76.516 us, Max = 90.481 us
IQR = 15.133 us, LowerFence = 38.684 us, UpperFence = 99.214 us
ConfidenceInterval = [-236.146 us; 378.311 us] (CI 99.9%), Margin = 307.228 us (432.21% of Mean)
Skewness = 0.38, Kurtosis = 0.67, MValue = 2
-------------------- Histogram --------------------
[60.023 us ; 90.674 us) | @@@
---------------------------------------------------

SessionSetupDecompositionBenchmarks.StageS1_AdmissionOnlyAsync: ShortRun(InvocationCount=1, IterationCount=3, LaunchCount=1, UnrollFactor=1, WarmupCount=3) [Sessions=1000]
Runtime = .NET 10.0.12 (10.0.12, 10.0.1226.42308), X64 RyuJIT x86-64-v4; GC = Concurrent Workstation
Mean = 3.019 ms, StdErr = 0.301 ms (9.97%), N = 3, StdDev = 0.522 ms
Min = 2.417 ms, Q1 = 2.859 ms, Median = 3.301 ms, Q3 = 3.320 ms, Max = 3.340 ms
IQR = 0.461 ms, LowerFence = 2.167 ms, UpperFence = 4.012 ms
ConfidenceInterval = [-6.497 ms; 12.535 ms] (CI 99.9%), Margin = 9.516 ms (315.18% of Mean)
Skewness = -0.38, Kurtosis = 0.67, MValue = 2
-------------------- Histogram --------------------
[2.404 ms ; 3.353 ms) | @@@
---------------------------------------------------

SessionSetupDecompositionBenchmarks.StageS2_SetupStartedAsync: ShortRun(InvocationCount=1, IterationCount=3, LaunchCount=1, UnrollFactor=1, WarmupCount=3) [Sessions=1000]
Runtime = .NET 10.0.12 (10.0.12, 10.0.1226.42308), X64 RyuJIT x86-64-v4; GC = Concurrent Workstation
Mean = 82.198 ms, StdErr = 1.394 ms (1.70%), N = 3, StdDev = 2.414 ms
Min = 80.163 ms, Q1 = 80.864 ms, Median = 81.566 ms, Q3 = 83.215 ms, Max = 84.865 ms
IQR = 2.351 ms, LowerFence = 77.337 ms, UpperFence = 86.742 ms
ConfidenceInterval = [38.156 ms; 126.239 ms] (CI 99.9%), Margin = 44.041 ms (53.58% of Mean)
Skewness = 0.24, Kurtosis = 0.67, MValue = 2
-------------------- Histogram --------------------
[78.667 ms ; 83.061 ms) | @@
[83.061 ms ; 87.062 ms) | @
---------------------------------------------------

SessionSetupDecompositionBenchmarks.StageS3_PipelineNoPayloadAsync: ShortRun(InvocationCount=1, IterationCount=3, LaunchCount=1, UnrollFactor=1, WarmupCount=3) [Sessions=1000]
Runtime = .NET 10.0.12 (10.0.12, 10.0.1226.42308), X64 RyuJIT x86-64-v4; GC = Concurrent Workstation
Mean = 61.750 ms, StdErr = 1.768 ms (2.86%), N = 3, StdDev = 3.062 ms
Min = 59.612 ms, Q1 = 59.996 ms, Median = 60.380 ms, Q3 = 62.819 ms, Max = 65.259 ms
IQR = 2.823 ms, LowerFence = 55.761 ms, UpperFence = 67.054 ms
ConfidenceInterval = [5.879 ms; 117.621 ms] (CI 99.9%), Margin = 55.871 ms (90.48% of Mean)
Skewness = 0.36, Kurtosis = 0.67, MValue = 2
-------------------- Histogram --------------------
[56.825 ms ; 62.783 ms) | @@
[62.783 ms ; 68.045 ms) | @
---------------------------------------------------

SessionSetupDecompositionBenchmarks.StageS4_ReadinessTeardownOutsideAsync: ShortRun(InvocationCount=1, IterationCount=3, LaunchCount=1, UnrollFactor=1, WarmupCount=3) [Sessions=1000]
Runtime = .NET 10.0.12 (10.0.12, 10.0.1226.42308), X64 RyuJIT x86-64-v4; GC = Concurrent Workstation
Mean = 70.077 ms, StdErr = 2.646 ms (3.78%), N = 3, StdDev = 4.583 ms
Min = 65.676 ms, Q1 = 67.704 ms, Median = 69.732 ms, Q3 = 72.277 ms, Max = 74.822 ms
IQR = 4.573 ms, LowerFence = 60.845 ms, UpperFence = 79.136 ms
ConfidenceInterval = [-13.528 ms; 153.681 ms] (CI 99.9%), Margin = 83.605 ms (119.30% of Mean)
Skewness = 0.07, Kurtosis = 0.67, MValue = 2
-------------------- Histogram --------------------
[63.534 ms ; 71.874 ms) | @@
[71.874 ms ; 78.993 ms) | @
---------------------------------------------------

SessionSetupDecompositionBenchmarks.StageS5_ReadinessTeardownInsideAsync: ShortRun(InvocationCount=1, IterationCount=3, LaunchCount=1, UnrollFactor=1, WarmupCount=3) [Sessions=1000]
Runtime = .NET 10.0.12 (10.0.12, 10.0.1226.42308), X64 RyuJIT x86-64-v4; GC = Concurrent Workstation
Mean = 91.142 ms, StdErr = 0.999 ms (1.10%), N = 3, StdDev = 1.731 ms
Min = 89.874 ms, Q1 = 90.155 ms, Median = 90.437 ms, Q3 = 91.775 ms, Max = 93.114 ms
IQR = 1.620 ms, LowerFence = 87.726 ms, UpperFence = 94.205 ms
ConfidenceInterval = [59.561 ms; 122.722 ms] (CI 99.9%), Margin = 31.580 ms (34.65% of Mean)
Skewness = 0.34, Kurtosis = 0.67, MValue = 2
-------------------- Histogram --------------------
[88.299 ms ; 91.731 ms) | @@
[91.731 ms ; 94.689 ms) | @
---------------------------------------------------

SessionSetupDecompositionBenchmarks.StageT1_SessionTeardownInsideAsync: ShortRun(InvocationCount=1, IterationCount=3, LaunchCount=1, UnrollFactor=1, WarmupCount=3) [Sessions=1000]
Runtime = .NET 10.0.12 (10.0.12, 10.0.1226.42308), X64 RyuJIT x86-64-v4; GC = Concurrent Workstation
Mean = 64.432 ms, StdErr = 9.737 ms (15.11%), N = 3, StdDev = 16.864 ms
Min = 51.727 ms, Q1 = 54.865 ms, Median = 58.003 ms, Q3 = 70.784 ms, Max = 83.565 ms
IQR = 15.919 ms, LowerFence = 30.987 ms, UpperFence = 94.663 ms
ConfidenceInterval = [-243.238 ms; 372.102 ms] (CI 99.9%), Margin = 307.670 ms (477.51% of Mean)
Skewness = 0.33, Kurtosis = 0.67, MValue = 2
-------------------- Histogram --------------------
[39.518 ms ; 70.212 ms) | @@
[70.212 ms ; 98.912 ms) | @
---------------------------------------------------

SessionSetupDecompositionBenchmarks.StageT3_ExpiryRetireInsideAsync: ShortRun(InvocationCount=1, IterationCount=3, LaunchCount=1, UnrollFactor=1, WarmupCount=3) [Sessions=1000]
Runtime = .NET 10.0.12 (10.0.12, 10.0.1226.42308), X64 RyuJIT x86-64-v4; GC = Concurrent Workstation
Mean = 129.188 ms, StdErr = 5.015 ms (3.88%), N = 3, StdDev = 8.687 ms
Min = 120.981 ms, Q1 = 124.639 ms, Median = 128.297 ms, Q3 = 133.292 ms, Max = 138.286 ms
IQR = 8.653 ms, LowerFence = 111.660 ms, UpperFence = 146.271 ms
ConfidenceInterval = [-29.297 ms; 287.673 ms] (CI 99.9%), Margin = 158.485 ms (122.68% of Mean)
Skewness = 0.1, Kurtosis = 0.67, MValue = 2
-------------------- Histogram --------------------
[116.733 ms ; 132.544 ms) | @@
[132.544 ms ; 146.192 ms) | @
---------------------------------------------------

SessionSetupDecompositionBenchmarks.StageT5_NonThrowingParkTeardownAsync: ShortRun(InvocationCount=1, IterationCount=3, LaunchCount=1, UnrollFactor=1, WarmupCount=3) [Sessions=1000]
Runtime = .NET 10.0.12 (10.0.12, 10.0.1226.42308), X64 RyuJIT x86-64-v4; GC = Concurrent Workstation
Mean = 8.230 ms, StdErr = 1.062 ms (12.90%), N = 3, StdDev = 1.839 ms
Min = 7.020 ms, Q1 = 7.172 ms, Median = 7.324 ms, Q3 = 8.835 ms, Max = 10.346 ms
IQR = 1.663 ms, LowerFence = 4.677 ms, UpperFence = 11.330 ms
ConfidenceInterval = [-25.323 ms; 41.783 ms] (CI 99.9%), Margin = 33.553 ms (407.69% of Mean)
Skewness = 0.37, Kurtosis = 0.67, MValue = 2
-------------------- Histogram --------------------
[7.009 ms ; 10.357 ms) | @@@
---------------------------------------------------

SessionSetupDecompositionBenchmarks.BaselineF_FakeTransportCreationAsync: ShortRun(InvocationCount=1, IterationCount=3, LaunchCount=1, UnrollFactor=1, WarmupCount=3) [Sessions=1000]
Runtime = .NET 10.0.12 (10.0.12, 10.0.1226.42308), X64 RyuJIT x86-64-v4; GC = Concurrent Workstation
Mean = 177.017 us, StdErr = 58.024 us (32.78%), N = 3, StdDev = 100.500 us
Min = 118.913 us, Q1 = 118.993 us, Median = 119.074 us, Q3 = 206.070 us, Max = 293.065 us
IQR = 87.076 us, LowerFence = -11.620 us, UpperFence = 336.683 us
ConfidenceInterval = [-1,656.482 us; 2,010.516 us] (CI 99.9%), Margin = 1,833.499 us (1035.77% of Mean)
Skewness = 0.38, Kurtosis = 0.67, MValue = 2
-------------------- Histogram --------------------
[114.530 us ; 297.448 us) | @@@
---------------------------------------------------

SessionSetupDecompositionBenchmarks.BaselineH_FlowKeyConstruction: ShortRun(InvocationCount=1, IterationCount=3, LaunchCount=1, UnrollFactor=1, WarmupCount=3) [Sessions=1000]
Runtime = .NET 10.0.12 (10.0.12, 10.0.1226.42308), X64 RyuJIT x86-64-v4; GC = Concurrent Workstation
Mean = 674.653 us, StdErr = 53.918 us (7.99%), N = 3, StdDev = 93.389 us
Min = 618.369 us, Q1 = 620.753 us, Median = 623.137 us, Q3 = 702.795 us, Max = 782.454 us
IQR = 82.043 us, LowerFence = 497.689 us, UpperFence = 825.859 us
ConfidenceInterval = [-1,029.101 us; 2,378.408 us] (CI 99.9%), Margin = 1,703.755 us (252.54% of Mean)
Skewness = 0.38, Kurtosis = 0.67, MValue = 2
-------------------- Histogram --------------------
[615.424 us ; 785.399 us) | @@@
---------------------------------------------------

SessionSetupDecompositionBenchmarks.ComponentC1_AssociationClaimRelease: ShortRun(InvocationCount=1, IterationCount=3, LaunchCount=1, UnrollFactor=1, WarmupCount=3) [Sessions=1000]
Runtime = .NET 10.0.12 (10.0.12, 10.0.1226.42308), X64 RyuJIT x86-64-v4; GC = Concurrent Workstation
Mean = 3.304 ms, StdErr = 0.186 ms (5.62%), N = 3, StdDev = 0.321 ms
Min = 3.112 ms, Q1 = 3.118 ms, Median = 3.124 ms, Q3 = 3.400 ms, Max = 3.675 ms
IQR = 0.281 ms, LowerFence = 2.696 ms, UpperFence = 3.822 ms
ConfidenceInterval = [-2.561 ms; 9.168 ms] (CI 99.9%), Margin = 5.864 ms (177.51% of Mean)
Skewness = 0.38, Kurtosis = 0.67, MValue = 2
-------------------- Histogram --------------------
[3.101 ms ; 3.686 ms) | @@@
---------------------------------------------------

SessionSetupDecompositionBenchmarks.ComponentC2_SessionConstructStartAsync: ShortRun(InvocationCount=1, IterationCount=3, LaunchCount=1, UnrollFactor=1, WarmupCount=3) [Sessions=1000]
Runtime = .NET 10.0.12 (10.0.12, 10.0.1226.42308), X64 RyuJIT x86-64-v4; GC = Concurrent Workstation
Mean = 4.483 ms, StdErr = 0.669 ms (14.93%), N = 3, StdDev = 1.159 ms
Min = 3.231 ms, Q1 = 3.965 ms, Median = 4.698 ms, Q3 = 5.108 ms, Max = 5.519 ms
IQR = 1.144 ms, LowerFence = 2.249 ms, UpperFence = 6.824 ms
ConfidenceInterval = [-16.659 ms; 25.624 ms] (CI 99.9%), Margin = 21.142 ms (471.64% of Mean)
Skewness = -0.18, Kurtosis = 0.67, MValue = 2
-------------------- Histogram --------------------
[2.177 ms ; 4.054 ms) | @
[4.054 ms ; 6.573 ms) | @@
---------------------------------------------------

SessionSetupDecompositionBenchmarks.ComponentC2a1_ContextRecordStaticLambda: ShortRun(InvocationCount=1, IterationCount=3, LaunchCount=1, UnrollFactor=1, WarmupCount=3) [Sessions=1000]
Runtime = .NET 10.0.12 (10.0.12, 10.0.1226.42308), X64 RyuJIT x86-64-v4; GC = Concurrent Workstation
Mean = 93.101 us, StdErr = 1.553 us (1.67%), N = 3, StdDev = 2.690 us
Min = 91.539 us, Q1 = 91.549 us, Median = 91.558 us, Q3 = 93.882 us, Max = 96.207 us
IQR = 2.334 us, LowerFence = 88.047 us, UpperFence = 97.383 us
ConfidenceInterval = [44.033 us; 142.170 us] (CI 99.9%), Margin = 49.068 us (52.70% of Mean)
Skewness = 0.38, Kurtosis = 0.67, MValue = 2
-------------------- Histogram --------------------
[91.425 us ; 96.321 us) | @@@
---------------------------------------------------

SessionSetupDecompositionBenchmarks.ComponentC2a2_ContextRecordMethodGroup: ShortRun(InvocationCount=1, IterationCount=3, LaunchCount=1, UnrollFactor=1, WarmupCount=3) [Sessions=1000]
Runtime = .NET 10.0.12 (10.0.12, 10.0.1226.42308), X64 RyuJIT x86-64-v4; GC = Concurrent Workstation
Mean = 141.196 us, StdErr = 29.512 us (20.90%), N = 3, StdDev = 51.116 us
Min = 104.788 us, Q1 = 111.977 us, Median = 119.165 us, Q3 = 159.399 us, Max = 199.632 us
IQR = 47.422 us, LowerFence = 40.844 us, UpperFence = 230.532 us
ConfidenceInterval = [-791.349 us; 1,073.740 us] (CI 99.9%), Margin = 932.545 us (660.46% of Mean)
Skewness = 0.35, Kurtosis = 0.67, MValue = 2
-------------------- Histogram --------------------
[ 58.271 us ; 158.494 us) | @@
[158.494 us ; 246.150 us) | @
---------------------------------------------------

SessionSetupDecompositionBenchmarks.ComponentC2b_SessionConstructOnly: ShortRun(InvocationCount=1, IterationCount=3, LaunchCount=1, UnrollFactor=1, WarmupCount=3) [Sessions=1000]
Runtime = .NET 10.0.12 (10.0.12, 10.0.1226.42308), X64 RyuJIT x86-64-v4; GC = Concurrent Workstation
Mean = 2.675 ms, StdErr = 0.346 ms (12.92%), N = 3, StdDev = 0.598 ms
Min = 2.180 ms, Q1 = 2.343 ms, Median = 2.506 ms, Q3 = 2.923 ms, Max = 3.340 ms
IQR = 0.580 ms, LowerFence = 1.472 ms, UpperFence = 3.793 ms
ConfidenceInterval = [-8.243 ms; 13.594 ms] (CI 99.9%), Margin = 10.919 ms (408.13% of Mean)
Skewness = 0.26, Kurtosis = 0.67, MValue = 2
-------------------- Histogram --------------------
[1.798 ms ; 2.887 ms) | @@
[2.887 ms ; 3.885 ms) | @
---------------------------------------------------

SessionSetupDecompositionBenchmarks.ComponentC2c1_ScopeConstructLinked: ShortRun(InvocationCount=1, IterationCount=3, LaunchCount=1, UnrollFactor=1, WarmupCount=3) [Sessions=1000]
Runtime = .NET 10.0.12 (10.0.12, 10.0.1226.42308), X64 RyuJIT x86-64-v4; GC = Concurrent Workstation
Mean = 69.411 us, StdErr = 1.906 us (2.75%), N = 3, StdDev = 3.301 us
Min = 66.642 us, Q1 = 67.584 us, Median = 68.526 us, Q3 = 70.795 us, Max = 73.064 us
IQR = 3.211 us, LowerFence = 62.767 us, UpperFence = 75.612 us
ConfidenceInterval = [9.186 us; 129.636 us] (CI 99.9%), Margin = 60.225 us (86.77% of Mean)
Skewness = 0.25, Kurtosis = 0.67, MValue = 2
-------------------- Histogram --------------------
[64.580 us ; 70.588 us) | @@
[70.588 us ; 76.068 us) | @
---------------------------------------------------

SessionSetupDecompositionBenchmarks.ComponentC2c2_ScopeConstructUnlinked: ShortRun(InvocationCount=1, IterationCount=3, LaunchCount=1, UnrollFactor=1, WarmupCount=3) [Sessions=1000]
Runtime = .NET 10.0.12 (10.0.12, 10.0.1226.42308), X64 RyuJIT x86-64-v4; GC = Concurrent Workstation
Mean = 37.823 us, StdErr = 0.799 us (2.11%), N = 3, StdDev = 1.385 us
Min = 36.877 us, Q1 = 37.029 us, Median = 37.179 us, Q3 = 38.296 us, Max = 39.413 us
IQR = 1.268 us, LowerFence = 35.127 us, UpperFence = 40.197 us
ConfidenceInterval = [12.562 us; 63.085 us] (CI 99.9%), Margin = 25.261 us (66.79% of Mean)
Skewness = 0.36, Kurtosis = 0.67, MValue = 2
-------------------- Histogram --------------------
[35.617 us ; 38.289 us) | @@
[38.289 us ; 40.673 us) | @
---------------------------------------------------

SessionSetupDecompositionBenchmarks.ComponentC2e_LockConstruction: ShortRun(InvocationCount=1, IterationCount=3, LaunchCount=1, UnrollFactor=1, WarmupCount=3) [Sessions=1000]
Runtime = .NET 10.0.12 (10.0.12, 10.0.1226.42308), X64 RyuJIT x86-64-v4; GC = Concurrent Workstation
Mean = 41.957 us, StdErr = 22.276 us (53.09%), N = 3, StdDev = 38.583 us
Min = 19.556 us, Q1 = 19.681 us, Median = 19.807 us, Q3 = 53.158 us, Max = 86.509 us
IQR = 33.477 us, LowerFence = -30.533 us, UpperFence = 103.373 us
ConfidenceInterval = [-661.942 us; 745.856 us] (CI 99.9%), Margin = 703.899 us (1677.65% of Mean)
Skewness = 0.38, Kurtosis = 0.67, MValue = 2
-------------------- Histogram --------------------
[17.920 us ; 88.145 us) | @@@
---------------------------------------------------

SessionSetupDecompositionBenchmarks.ComponentC2e_TaskCompletionSourceConstruction: ShortRun(InvocationCount=1, IterationCount=3, LaunchCount=1, UnrollFactor=1, WarmupCount=3) [Sessions=1000]
Runtime = .NET 10.0.12 (10.0.12, 10.0.1226.42308), X64 RyuJIT x86-64-v4; GC = Concurrent Workstation
Mean = 65.725 us, StdErr = 32.463 us (49.39%), N = 3, StdDev = 56.228 us
Min = 33.072 us, Q1 = 33.262 us, Median = 33.453 us, Q3 = 82.052 us, Max = 130.650 us
IQR = 48.789 us, LowerFence = -39.922 us, UpperFence = 155.236 us
ConfidenceInterval = [-960.076 us; 1,091.526 us] (CI 99.9%), Margin = 1,025.801 us (1560.75% of Mean)
Skewness = 0.38, Kurtosis = 0.67, MValue = 2
-------------------- Histogram --------------------
[30.692 us ; 133.030 us) | @@@
---------------------------------------------------

SessionSetupDecompositionBenchmarks.ComponentC2e_LinkedTokenSourceConstruction: ShortRun(InvocationCount=1, IterationCount=3, LaunchCount=1, UnrollFactor=1, WarmupCount=3) [Sessions=1000]
Runtime = .NET 10.0.12 (10.0.12, 10.0.1226.42308), X64 RyuJIT x86-64-v4; GC = Concurrent Workstation
Mean = 122.604 us, StdErr = 46.460 us (37.89%), N = 3, StdDev = 80.471 us
Min = 63.361 us, Q1 = 76.796 us, Median = 90.231 us, Q3 = 152.225 us, Max = 214.219 us
IQR = 75.429 us, LowerFence = -36.347 us, UpperFence = 265.368 us
ConfidenceInterval = [-1,345.481 us; 1,590.688 us] (CI 99.9%), Margin = 1,468.084 us (1197.42% of Mean)
Skewness = 0.34, Kurtosis = 0.67, MValue = 2
-------------------- Histogram --------------------
[ 63.361 us ; 150.027 us) | @@
[150.027 us ; 287.450 us) | @
---------------------------------------------------

SessionSetupDecompositionBenchmarks.ComponentE1_CanceledDelayAwaitAsync: ShortRun(InvocationCount=1, IterationCount=3, LaunchCount=1, UnrollFactor=1, WarmupCount=3) [Sessions=1000]
Runtime = .NET 10.0.12 (10.0.12, 10.0.1226.42308), X64 RyuJIT x86-64-v4; GC = Concurrent Workstation
Mean = 4.337 ms, StdErr = 0.280 ms (6.45%), N = 3, StdDev = 0.485 ms
Min = 3.988 ms, Q1 = 4.060 ms, Median = 4.133 ms, Q3 = 4.511 ms, Max = 4.890 ms
IQR = 0.451 ms, LowerFence = 3.383 ms, UpperFence = 5.188 ms
ConfidenceInterval = [-4.505 ms; 13.179 ms] (CI 99.9%), Margin = 8.842 ms (203.88% of Mean)
Skewness = 0.35, Kurtosis = 0.67, MValue = 2
-------------------- Histogram --------------------
[3.547 ms ; 4.501 ms) | @@
[4.501 ms ; 5.331 ms) | @
---------------------------------------------------

SessionSetupDecompositionBenchmarks.ComponentE2_SetupExecutorDisposeAsync: ShortRun(InvocationCount=1, IterationCount=3, LaunchCount=1, UnrollFactor=1, WarmupCount=3) [Sessions=1000]
Runtime = .NET 10.0.12 (10.0.12, 10.0.1226.42308), X64 RyuJIT x86-64-v4; GC = Concurrent Workstation
Mean = 93.551 ms, StdErr = 0.822 ms (0.88%), N = 3, StdDev = 1.424 ms
Min = 92.527 ms, Q1 = 92.738 ms, Median = 92.949 ms, Q3 = 94.064 ms, Max = 95.178 ms
IQR = 1.325 ms, LowerFence = 90.751 ms, UpperFence = 96.051 ms
ConfidenceInterval = [67.572 ms; 119.531 ms] (CI 99.9%), Margin = 25.980 ms (27.77% of Mean)
Skewness = 0.35, Kurtosis = 0.67, MValue = 2
-------------------- Histogram --------------------
[91.231 ms ; 94.034 ms) | @@
[94.034 ms ; 96.474 ms) | @
---------------------------------------------------

SessionSetupDecompositionBenchmarks.ComponentA1_AssociationTablePreSeed: ShortRun(InvocationCount=1, IterationCount=3, LaunchCount=1, UnrollFactor=1, WarmupCount=3) [Sessions=1000]
Runtime = .NET 10.0.12 (10.0.12, 10.0.1226.42308), X64 RyuJIT x86-64-v4; GC = Concurrent Workstation
Mean = 25.779 us, StdErr = 11.395 us (44.20%), N = 3, StdDev = 19.737 us
Min = 13.489 us, Q1 = 14.396 us, Median = 15.303 us, Q3 = 31.924 us, Max = 48.545 us
IQR = 17.528 us, LowerFence = -11.896 us, UpperFence = 58.216 us
ConfidenceInterval = [-334.293 us; 385.851 us] (CI 99.9%), Margin = 360.072 us (1396.77% of Mean)
Skewness = 0.38, Kurtosis = 0.67, MValue = 2
-------------------- Histogram --------------------
[13.056 us ; 48.978 us) | @@@
---------------------------------------------------

SessionSetupDecompositionBenchmarks.ComponentA2_SessionDictionaryPreSeed: ShortRun(InvocationCount=1, IterationCount=3, LaunchCount=1, UnrollFactor=1, WarmupCount=3) [Sessions=1000]
Runtime = .NET 10.0.12 (10.0.12, 10.0.1226.42308), X64 RyuJIT x86-64-v4; GC = Concurrent Workstation
Mean = 19.489 us, StdErr = 11.480 us (58.90%), N = 3, StdDev = 19.884 us
Min = 7.404 us, Q1 = 8.015 us, Median = 8.626 us, Q3 = 25.532 us, Max = 42.438 us
IQR = 17.517 us, LowerFence = -18.261 us, UpperFence = 51.807 us
ConfidenceInterval = [-343.260 us; 382.239 us] (CI 99.9%), Margin = 362.749 us (1861.27% of Mean)
Skewness = 0.38, Kurtosis = 0.67, MValue = 2
-------------------- Histogram --------------------
[6.826 us ; 43.016 us) | @@@
---------------------------------------------------

SessionSetupDecompositionBenchmarks.ComponentA3_CooldownTableConstruction: ShortRun(InvocationCount=1, IterationCount=3, LaunchCount=1, UnrollFactor=1, WarmupCount=3) [Sessions=1000]
Runtime = .NET 10.0.12 (10.0.12, 10.0.1226.42308), X64 RyuJIT x86-64-v4; GC = Concurrent Workstation
Mean = 7.849 us, StdErr = 4.576 us (58.30%), N = 3, StdDev = 7.926 us
Min = 3.011 us, Q1 = 3.276 us, Median = 3.541 us, Q3 = 10.268 us, Max = 16.996 us
IQR = 6.992 us, LowerFence = -7.213 us, UpperFence = 20.757 us
ConfidenceInterval = [-136.745 us; 152.443 us] (CI 99.9%), Margin = 144.594 us (1842.12% of Mean)
Skewness = 0.38, Kurtosis = 0.67, MValue = 2
-------------------- Histogram --------------------
[2.791 us ; 17.216 us) | @@@
---------------------------------------------------

SessionSetupDecompositionBenchmarks.ComponentA4_SlotAndQueueObjects: ShortRun(InvocationCount=1, IterationCount=3, LaunchCount=1, UnrollFactor=1, WarmupCount=3) [Sessions=1000]
Runtime = .NET 10.0.12 (10.0.12, 10.0.1226.42308), X64 RyuJIT x86-64-v4; GC = Concurrent Workstation
Mean = 92.797 us, StdErr = 50.175 us (54.07%), N = 3, StdDev = 86.906 us
Min = 42.107 us, Q1 = 42.623 us, Median = 43.139 us, Q3 = 118.142 us, Max = 193.146 us
IQR = 75.519 us, LowerFence = -70.656 us, UpperFence = 231.422 us
ConfidenceInterval = [-1,492.692 us; 1,678.287 us] (CI 99.9%), Margin = 1,585.489 us (1708.55% of Mean)
Skewness = 0.38, Kurtosis = 0.67, MValue = 2
-------------------- Histogram --------------------
[38.539 us ; 196.714 us) | @@@
---------------------------------------------------

SessionSetupDecompositionBenchmarks.ComponentA5_CompletionCell: ShortRun(InvocationCount=1, IterationCount=3, LaunchCount=1, UnrollFactor=1, WarmupCount=3) [Sessions=1000]
Runtime = .NET 10.0.12 (10.0.12, 10.0.1226.42308), X64 RyuJIT x86-64-v4; GC = Concurrent Workstation
Mean = 40.894 us, StdErr = 0.502 us (1.23%), N = 3, StdDev = 0.870 us
Min = 40.300 us, Q1 = 40.395 us, Median = 40.489 us, Q3 = 41.191 us, Max = 41.892 us
IQR = 0.796 us, LowerFence = 39.200 us, UpperFence = 42.386 us
ConfidenceInterval = [25.020 us; 56.767 us] (CI 99.9%), Margin = 15.873 us (38.82% of Mean)
Skewness = 0.36, Kurtosis = 0.67, MValue = 2
-------------------- Histogram --------------------
[39.508 us ; 41.186 us) | @@
[41.186 us ; 42.684 us) | @
---------------------------------------------------

SessionSetupDecompositionBenchmarks.ComponentA6_ColdRent: ShortRun(InvocationCount=1, IterationCount=3, LaunchCount=1, UnrollFactor=1, WarmupCount=3) [Sessions=1000]
Runtime = .NET 10.0.12 (10.0.12, 10.0.1226.42308), X64 RyuJIT x86-64-v4; GC = Concurrent Workstation
Mean = 151.362 us, StdErr = 89.598 us (59.19%), N = 3, StdDev = 155.189 us
Min = 61.684 us, Q1 = 61.764 us, Median = 61.844 us, Q3 = 196.202 us, Max = 330.559 us
IQR = 134.438 us, LowerFence = -139.892 us, UpperFence = 397.858 us
ConfidenceInterval = [-2,679.861 us; 2,982.585 us] (CI 99.9%), Margin = 2,831.223 us (1870.49% of Mean)
Skewness = 0.38, Kurtosis = 0.67, MValue = 2
-------------------- Histogram --------------------
[54.894 us ; 337.349 us) | @@@
---------------------------------------------------

SessionSetupDecompositionBenchmarks.ComponentA7_EnqueueCycle: ShortRun(InvocationCount=1, IterationCount=3, LaunchCount=1, UnrollFactor=1, WarmupCount=3) [Sessions=1000]
Runtime = .NET 10.0.12 (10.0.12, 10.0.1226.42308), X64 RyuJIT x86-64-v4; GC = Concurrent Workstation
Mean = 288.254 us, StdErr = 17.171 us (5.96%), N = 3, StdDev = 29.740 us
Min = 259.167 us, Q1 = 273.078 us, Median = 286.989 us, Q3 = 302.798 us, Max = 318.607 us
IQR = 29.720 us, LowerFence = 228.498 us, UpperFence = 347.378 us
ConfidenceInterval = [-254.318 us; 830.826 us] (CI 99.9%), Margin = 542.572 us (188.23% of Mean)
Skewness = 0.04, Kurtosis = 0.67, MValue = 2
-------------------- Histogram --------------------
[246.013 us ; 300.143 us) | @@
[300.143 us ; 345.672 us) | @
---------------------------------------------------

SessionSetupDecompositionBenchmarks.ComponentA8_WarmRentAdmissionAsync: ShortRun(InvocationCount=1, IterationCount=3, LaunchCount=1, UnrollFactor=1, WarmupCount=3) [Sessions=1000]
Runtime = .NET 10.0.12 (10.0.12, 10.0.1226.42308), X64 RyuJIT x86-64-v4; GC = Concurrent Workstation
Mean = 2.650 ms, StdErr = 0.241 ms (9.11%), N = 3, StdDev = 0.418 ms
Min = 2.216 ms, Q1 = 2.450 ms, Median = 2.684 ms, Q3 = 2.867 ms, Max = 3.050 ms
IQR = 0.417 ms, LowerFence = 1.825 ms, UpperFence = 3.492 ms
ConfidenceInterval = [-4.974 ms; 10.274 ms] (CI 99.9%), Margin = 7.624 ms (287.72% of Mean)
Skewness = -0.08, Kurtosis = 0.67, MValue = 2
-------------------- Histogram --------------------
[1.836 ms ; 2.487 ms) | @
[2.487 ms ; 3.247 ms) | @@
---------------------------------------------------

SessionSetupDecompositionBenchmarks.ComponentA9a_DictionaryGrowthSpansResize: ShortRun(InvocationCount=1, IterationCount=3, LaunchCount=1, UnrollFactor=1, WarmupCount=3) [Sessions=1000]
Runtime = .NET 10.0.12 (10.0.12, 10.0.1226.42308), X64 RyuJIT x86-64-v4; GC = Concurrent Workstation
Mean = 3.198 ms, StdErr = 1.383 ms (43.25%), N = 3, StdDev = 2.396 ms
Min = 1.727 ms, Q1 = 1.816 ms, Median = 1.905 ms, Q3 = 3.934 ms, Max = 5.963 ms
IQR = 2.118 ms, LowerFence = -1.361 ms, UpperFence = 7.111 ms
ConfidenceInterval = [-40.512 ms; 46.908 ms] (CI 99.9%), Margin = 43.710 ms (1366.70% of Mean)
Skewness = 0.38, Kurtosis = 0.67, MValue = 2
-------------------- Histogram --------------------
[1.664 ms ; 6.025 ms) | @@@
---------------------------------------------------

SessionSetupDecompositionBenchmarks.ComponentA9b_DictionaryGrowthNoResize: ShortRun(InvocationCount=1, IterationCount=3, LaunchCount=1, UnrollFactor=1, WarmupCount=3) [Sessions=1000]
Runtime = .NET 10.0.12 (10.0.12, 10.0.1226.42308), X64 RyuJIT x86-64-v4; GC = Concurrent Workstation
Mean = 2.972 ms, StdErr = 1.324 ms (44.55%), N = 3, StdDev = 2.293 ms
Min = 1.607 ms, Q1 = 1.648 ms, Median = 1.689 ms, Q3 = 3.654 ms, Max = 5.619 ms
IQR = 2.006 ms, LowerFence = -1.361 ms, UpperFence = 6.663 ms
ConfidenceInterval = [-38.864 ms; 44.807 ms] (CI 99.9%), Margin = 41.836 ms (1407.80% of Mean)
Skewness = 0.38, Kurtosis = 0.67, MValue = 2
-------------------- Histogram --------------------
[1.526 ms ; 5.700 ms) | @@@
---------------------------------------------------

// * Summary *

BenchmarkDotNet v0.15.8, Linux NixOS 26.11 (Zokor)
AMD Ryzen 9 9955HX 2.50GHz, 1 CPU, 32 logical and 16 physical cores
.NET SDK 10.0.401
  [Host]   : .NET 10.0.12 (10.0.12, 10.0.1226.42308), X64 RyuJIT x86-64-v4
  ShortRun : .NET 10.0.12 (10.0.12, 10.0.1226.42308), X64 RyuJIT x86-64-v4

Job=ShortRun  InvocationCount=1  IterationCount=3  
LaunchCount=1  UnrollFactor=1  WarmupCount=3  

| Method                                        | Sessions | Mean           | Error          | StdDev         | Median         | Allocated |
|---------------------------------------------- |--------- |---------------:|---------------:|---------------:|---------------:|----------:|
| StageS0_CoordinatorOnly                       | 1        |      41.610 us |     469.252 us |     25.7213 us |      43.700 us |    8424 B |
| StageS1_AdmissionOnlyAsync                    | 1        |      45.084 us |     433.398 us |     23.7560 us |      32.224 us |    7320 B |
| StageS2_SetupStartedAsync                     | 1        |  71,478.948 us |  16,297.547 us |    893.3236 us |  71,814.698 us |   34968 B |
| StageS3_PipelineNoPayloadAsync                | 1        |  30,066.523 us |  11,150.270 us |    611.1839 us |  30,375.355 us |   36448 B |
| StageS4_ReadinessTeardownOutsideAsync         | 1        |  30,546.620 us |   5,731.729 us |    314.1754 us |  30,484.665 us |   33032 B |
| StageS5_ReadinessTeardownInsideAsync          | 1        |  44,643.679 us |  18,325.054 us |  1,004.4581 us |  44,807.590 us |  100080 B |
| StageT1_SessionTeardownInsideAsync            | 1        |     318.114 us |     807.450 us |     44.2591 us |     298.005 us |    7760 B |
| StageT3_ExpiryRetireInsideAsync               | 1        |  31,873.682 us |  17,470.961 us |    957.6423 us |  32,323.417 us |   36064 B |
| StageT5_NonThrowingParkTeardownAsync          | 1        |     341.153 us |   2,033.892 us |    111.4845 us |     284.529 us |    6464 B |
| BaselineF_FakeTransportCreationAsync          | 1        |       9.815 us |      57.242 us |      3.1376 us |       8.125 us |     136 B |
| BaselineH_FlowKeyConstruction                 | 1        |      12.163 us |      64.578 us |      3.5397 us |      10.129 us |     352 B |
| ComponentC1_AssociationClaimRelease           | 1        |      24.385 us |      44.954 us |      2.4641 us |      23.263 us |    2120 B |
| ComponentC2_SessionConstructStartAsync        | 1        |      46.956 us |     307.900 us |     16.8770 us |      37.469 us |    5480 B |
| ComponentC2a1_ContextRecordStaticLambda       | 1        |      24.388 us |       7.877 us |      0.4317 us |      24.611 us |    3808 B |
| ComponentC2a2_ContextRecordMethodGroup        | 1        |      42.310 us |     186.884 us |     10.2438 us |      42.944 us |    3896 B |
| ComponentC2b_SessionConstructOnly             | 1        |      37.334 us |     349.557 us |     19.1604 us |      29.038 us |    4528 B |
| ComponentC2c1_ScopeConstructLinked            | 1        |       5.803 us |      16.455 us |      0.9020 us |       5.386 us |     416 B |
| ComponentC2c2_ScopeConstructUnlinked          | 1        |       5.687 us |      16.095 us |      0.8822 us |       6.191 us |     208 B |
| ComponentC2e_LockConstruction                 | 1        |       7.778 us |     157.942 us |      8.6573 us |       3.196 us |      40 B |
| ComponentC2e_TaskCompletionSourceConstruction | 1        |       4.068 us |       2.545 us |      0.1395 us |       4.138 us |      88 B |
| ComponentC2e_LinkedTokenSourceConstruction    | 1        |       6.706 us |      23.026 us |      1.2621 us |       7.394 us |     352 B |
| ComponentE1_CanceledDelayAwaitAsync           | 1        |      43.535 us |      21.253 us |      1.1649 us |      43.986 us |     864 B |
| ComponentE2_SetupExecutorDisposeAsync         | 1        |  94,406.926 us |  19,576.820 us |  1,073.0716 us |  94,798.374 us |   90424 B |
| ComponentA1_AssociationTablePreSeed           | 1        |       9.212 us |     143.691 us |      7.8762 us |       5.164 us |    1408 B |
| ComponentA2_SessionDictionaryPreSeed          | 1        |       7.687 us |     143.802 us |      7.8823 us |       3.636 us |     576 B |
| ComponentA3_CooldownTableConstruction         | 1        |      14.099 us |     360.212 us |     19.7445 us |       2.795 us |     160 B |
| ComponentA4_SlotAndQueueObjects               | 1        |       9.230 us |     181.310 us |      9.9382 us |       4.058 us |     144 B |
| ComponentA5_CompletionCell                    | 1        |       8.607 us |     149.791 us |      8.2105 us |       3.892 us |      88 B |
| ComponentA6_ColdRent                          | 1        |       8.677 us |       4.083 us |      0.2238 us |       8.630 us |    2248 B |
| ComponentA7_EnqueueCycle                      | 1        |      10.554 us |      23.274 us |      1.2757 us |      10.975 us |    1912 B |
| ComponentA8_WarmRentAdmissionAsync            | 1        |      43.026 us |     330.477 us |     18.1146 us |      35.575 us |    8160 B |
| ComponentA9a_DictionaryGrowthSpansResize      | 1        |   3,159.698 us |  43,008.628 us |  2,357.4480 us |   1,825.558 us |  950584 B |
| ComponentA9b_DictionaryGrowthNoResize         | 1        |   3,147.955 us |  41,607.789 us |  2,280.6633 us |   1,916.951 us |  787288 B |
| StageS0_CoordinatorOnly                       | 100      |      42.010 us |     912.149 us |     49.9980 us |      13.164 us |   54600 B |
| StageS1_AdmissionOnlyAsync                    | 100      |     263.018 us |   1,271.709 us |     69.7067 us |     229.503 us |  135072 B |
| StageS2_SetupStartedAsync                     | 100      |  82,072.627 us |  83,607.747 us |  4,582.8228 us |  80,330.672 us |  221248 B |
| StageS3_PipelineNoPayloadAsync                | 100      |  44,041.584 us |  42,933.022 us |  2,353.3038 us |  42,968.865 us |  459888 B |
| StageS4_ReadinessTeardownOutsideAsync         | 100      |  39,432.722 us |   1,624.016 us |     89.0178 us |  39,423.889 us |  410416 B |
| StageS5_ReadinessTeardownInsideAsync          | 100      |  53,875.221 us |  64,018.119 us |  3,509.0491 us |  53,713.643 us |  700288 B |
| StageT1_SessionTeardownInsideAsync            | 100      |   6,397.291 us |  56,501.431 us |  3,097.0341 us |   6,463.890 us |  448280 B |
| StageT3_ExpiryRetireInsideAsync               | 100      |  52,187.649 us |  45,961.497 us |  2,519.3048 us |  51,415.719 us |  667360 B |
| StageT5_NonThrowingParkTeardownAsync          | 100      |   1,457.793 us |   5,456.351 us |    299.0810 us |   1,313.459 us |  318800 B |
| BaselineF_FakeTransportCreationAsync          | 100      |      33.346 us |     426.113 us |     23.3567 us |      19.972 us |   10432 B |
| BaselineH_FlowKeyConstruction                 | 100      |      88.156 us |     448.561 us |     24.5871 us |      78.764 us |   35200 B |
| ComponentC1_AssociationClaimRelease           | 100      |     415.535 us |   2,210.075 us |    121.1417 us |     386.802 us |   82800 B |
| ComponentC2_SessionConstructStartAsync        | 100      |     471.073 us |   2,185.194 us |    119.7779 us |     440.656 us |  235848 B |
| ComponentC2a1_ContextRecordStaticLambda       | 100      |      31.815 us |       5.475 us |      0.3001 us |      31.728 us |    3808 B |
| ComponentC2a2_ContextRecordMethodGroup        | 100      |      61.446 us |     973.552 us |     53.3636 us |      32.289 us |   10232 B |
| ComponentC2b_SessionConstructOnly             | 100      |     371.634 us |   1,835.541 us |    100.6122 us |     428.136 us |  154112 B |
| ComponentC2c1_ScopeConstructLinked            | 100      |      27.830 us |     479.424 us |     26.2788 us |      12.949 us |   21800 B |
| ComponentC2c2_ScopeConstructUnlinked          | 100      |      18.165 us |     292.115 us |     16.0118 us |       9.102 us |   12088 B |
| ComponentC2e_LockConstruction                 | 100      |       9.449 us |     158.097 us |      8.6658 us |       4.924 us |    4000 B |
| ComponentC2e_TaskCompletionSourceConstruction | 100      |      18.731 us |     332.151 us |     18.2063 us |       8.385 us |    8800 B |
| ComponentC2e_LinkedTokenSourceConstruction    | 100      |      33.640 us |     559.877 us |     30.6887 us |      17.647 us |   15400 B |
| ComponentE1_CanceledDelayAwaitAsync           | 100      |     549.433 us |   2,428.270 us |    133.1017 us |     510.244 us |   86400 B |
| ComponentE2_SetupExecutorDisposeAsync         | 100      |  98,481.594 us |  42,113.163 us |  2,308.3646 us |  98,734.517 us |   88888 B |
| ComponentA1_AssociationTablePreSeed           | 100      |      27.048 us |     553.218 us |     30.3238 us |      11.546 us |   32192 B |
| ComponentA2_SessionDictionaryPreSeed          | 100      |      72.069 us |   2,124.594 us |    116.4562 us |       5.099 us |   15968 B |
| ComponentA3_CooldownTableConstruction         | 100      |       8.118 us |     144.623 us |      7.9273 us |       3.606 us |     160 B |
| ComponentA4_SlotAndQueueObjects               | 100      |      25.819 us |     592.714 us |     32.4886 us |       7.368 us |   14400 B |
| ComponentA5_CompletionCell                    | 100      |      18.666 us |     359.938 us |     19.7294 us |       7.739 us |    8800 B |
| ComponentA6_ColdRent                          | 100      |      38.394 us |     381.723 us |     20.9235 us |      38.431 us |   29176 B |
| ComponentA7_EnqueueCycle                      | 100      |      36.723 us |       3.428 us |      0.1879 us |      36.663 us |    1912 B |
| ComponentA8_WarmRentAdmissionAsync            | 100      |     286.093 us |     560.331 us |     30.7136 us |     277.531 us |  108984 B |
| ComponentA9a_DictionaryGrowthSpansResize      | 100      |   3,135.778 us |  44,385.119 us |  2,432.8982 us |   1,775.966 us |  950584 B |
| ComponentA9b_DictionaryGrowthNoResize         | 100      |   3,030.757 us |  42,707.736 us |  2,340.9551 us |   1,686.782 us |  787288 B |
| StageS0_CoordinatorOnly                       | 1000     |      71.082 us |     307.228 us |     16.8402 us |      62.550 us |  496824 B |
| StageS1_AdmissionOnlyAsync                    | 1000     |   3,019.204 us |   9,516.000 us |    521.6041 us |   3,300.789 us | 1323696 B |
| StageS2_SetupStartedAsync                     | 1000     |  82,197.836 us |  44,041.386 us |  2,414.0570 us |  81,565.981 us | 1352808 B |
| StageS3_PipelineNoPayloadAsync                | 1000     |  61,750.164 us |  55,870.717 us |  3,062.4625 us |  60,379.663 us | 4508760 B |
| StageS4_ReadinessTeardownOutsideAsync         | 1000     |  70,076.739 us |  83,604.711 us |  4,582.6563 us |  69,731.560 us | 3928624 B |
| StageS5_ReadinessTeardownInsideAsync          | 1000     |  91,141.538 us |  31,580.349 us |  1,731.0255 us |  90,436.860 us | 5918816 B |
| StageT1_SessionTeardownInsideAsync            | 1000     |  64,431.786 us | 307,670.250 us | 16,864.4446 us |  58,003.178 us | 4408792 B |
| StageT3_ExpiryRetireInsideAsync               | 1000     | 129,187.963 us | 158,484.773 us |  8,687.0852 us | 128,296.737 us | 6212016 B |
| StageT5_NonThrowingParkTeardownAsync          | 1000     |   8,229.995 us |  33,553.158 us |  1,839.1618 us |   7,323.987 us | 3112792 B |
| BaselineF_FakeTransportCreationAsync          | 1000     |     177.017 us |   1,833.499 us |    100.5003 us |     119.074 us |  104032 B |
| BaselineH_FlowKeyConstruction                 | 1000     |     674.653 us |   1,703.755 us |     93.3885 us |     623.137 us |  356800 B |
| ComponentC1_AssociationClaimRelease           | 1000     |   3,303.579 us |   5,864.184 us |    321.4357 us |   3,124.395 us |  836016 B |
| ComponentC2_SessionConstructStartAsync        | 1000     |   4,482.615 us |  21,141.728 us |  1,158.8494 us |   4,698.092 us | 2349864 B |
| ComponentC2a1_ContextRecordStaticLambda       | 1000     |      93.101 us |      49.068 us |      2.6896 us |      91.558 us |    3808 B |
| ComponentC2a2_ContextRecordMethodGroup        | 1000     |     141.196 us |     932.545 us |     51.1159 us |     119.165 us |   67832 B |
| ComponentC2b_SessionConstructOnly             | 1000     |   2,675.299 us |  10,918.758 us |    598.4939 us |   2,505.915 us | 1533728 B |
| ComponentC2c1_ScopeConstructLinked            | 1000     |      69.411 us |      60.225 us |      3.3011 us |      68.526 us |  216200 B |
| ComponentC2c2_ScopeConstructUnlinked          | 1000     |      37.823 us |      25.261 us |      1.3847 us |      37.179 us |  120088 B |
| ComponentC2e_LockConstruction                 | 1000     |      41.957 us |     703.899 us |     38.5831 us |      19.807 us |   40000 B |
| ComponentC2e_TaskCompletionSourceConstruction | 1000     |      65.725 us |   1,025.801 us |     56.2276 us |      33.453 us |   88000 B |
| ComponentC2e_LinkedTokenSourceConstruction    | 1000     |     122.604 us |   1,468.084 us |     80.4707 us |      90.231 us |  152200 B |
| ComponentE1_CanceledDelayAwaitAsync           | 1000     |   4,336.943 us |   8,841.983 us |    484.6589 us |   4,132.690 us |  864000 B |
| ComponentE2_SetupExecutorDisposeAsync         | 1000     |  93,551.467 us |  25,979.709 us |  1,424.0355 us |  92,949.500 us |   88888 B |
| ComponentA1_AssociationTablePreSeed           | 1000     |      25.779 us |     360.072 us |     19.7368 us |      15.303 us |  327008 B |
| ComponentA2_SessionDictionaryPreSeed          | 1000     |      19.489 us |     362.749 us |     19.8835 us |       8.626 us |  163376 B |
| ComponentA3_CooldownTableConstruction         | 1000     |       7.849 us |     144.594 us |      7.9257 us |       3.541 us |     160 B |
| ComponentA4_SlotAndQueueObjects               | 1000     |      92.797 us |   1,585.489 us |     86.9060 us |      43.139 us |  144000 B |
| ComponentA5_CompletionCell                    | 1000     |      40.894 us |      15.873 us |      0.8701 us |      40.489 us |   88000 B |
| ComponentA6_ColdRent                          | 1000     |     151.362 us |   2,831.223 us |    155.1889 us |      61.844 us |  273976 B |
| ComponentA7_EnqueueCycle                      | 1000     |     288.254 us |     542.572 us |     29.7402 us |     286.989 us |    1912 B |
| ComponentA8_WarmRentAdmissionAsync            | 1000     |   2,649.878 us |   7,624.325 us |    417.9150 us |   2,684.258 us | 1052808 B |
| ComponentA9a_DictionaryGrowthSpansResize      | 1000     |   3,198.207 us |  43,709.845 us |  2,395.8841 us |   1,905.173 us |  950584 B |
| ComponentA9b_DictionaryGrowthNoResize         | 1000     |   2,971.714 us |  41,835.771 us |  2,293.1598 us |   1,688.555 us |  787288 B |

// * Warnings *
MinIterationTime
  SessionSetupDecompositionBenchmarks.StageS0_CoordinatorOnly: ShortRun                       -> The minimum observed iteration time is 15.368us which is very small. It's recommended to increase it to at least 100ms using more operations.
  SessionSetupDecompositionBenchmarks.StageS1_AdmissionOnlyAsync: ShortRun                    -> The minimum observed iteration time is 31.057us which is very small. It's recommended to increase it to at least 100ms using more operations.
  SessionSetupDecompositionBenchmarks.StageS2_SetupStartedAsync: ShortRun                     -> The minimum observed iteration time is 70.467ms which is very small. It's recommended to increase it to at least 100ms using more operations.
  SessionSetupDecompositionBenchmarks.StageS3_PipelineNoPayloadAsync: ShortRun                -> The minimum observed iteration time is 29.363ms which is very small. It's recommended to increase it to at least 100ms using more operations.
  SessionSetupDecompositionBenchmarks.StageS4_ReadinessTeardownOutsideAsync: ShortRun         -> The minimum observed iteration time is 30.268ms which is very small. It's recommended to increase it to at least 100ms using more operations.
  SessionSetupDecompositionBenchmarks.StageS5_ReadinessTeardownInsideAsync: ShortRun          -> The minimum observed iteration time is 43.568ms which is very small. It's recommended to increase it to at least 100ms using more operations.
  SessionSetupDecompositionBenchmarks.StageT1_SessionTeardownInsideAsync: ShortRun            -> The minimum observed iteration time is 287.95us which is very small. It's recommended to increase it to at least 100ms using more operations.
  SessionSetupDecompositionBenchmarks.StageT3_ExpiryRetireInsideAsync: ShortRun               -> The minimum observed iteration time is 30.774ms which is very small. It's recommended to increase it to at least 100ms using more operations.
  SessionSetupDecompositionBenchmarks.StageT5_NonThrowingParkTeardownAsync: ShortRun          -> The minimum observed iteration time is 269.765us which is very small. It's recommended to increase it to at least 100ms using more operations.
  SessionSetupDecompositionBenchmarks.BaselineF_FakeTransportCreationAsync: ShortRun          -> The minimum observed iteration time is 8.385us which is very small. It's recommended to increase it to at least 100ms using more operations.
  SessionSetupDecompositionBenchmarks.BaselineH_FlowKeyConstruction: ShortRun                 -> The minimum observed iteration time is 10.56us which is very small. It's recommended to increase it to at least 100ms using more operations.
  SessionSetupDecompositionBenchmarks.ComponentC1_AssociationClaimRelease: ShortRun           -> The minimum observed iteration time is 23.132us which is very small. It's recommended to increase it to at least 100ms using more operations.
  SessionSetupDecompositionBenchmarks.ComponentC2_SessionConstructStartAsync: ShortRun        -> The minimum observed iteration time is 37.429us which is very small. It's recommended to increase it to at least 100ms using more operations.
  SessionSetupDecompositionBenchmarks.ComponentC2a1_ContextRecordStaticLambda: ShortRun       -> The minimum observed iteration time is 24.305us which is very small. It's recommended to increase it to at least 100ms using more operations.
  SessionSetupDecompositionBenchmarks.ComponentC2a2_ContextRecordMethodGroup: ShortRun        -> The minimum observed iteration time is 32.149us which is very small. It's recommended to increase it to at least 100ms using more operations.
  SessionSetupDecompositionBenchmarks.ComponentC2b_SessionConstructOnly: ShortRun             -> The minimum observed iteration time is 24.205us which is very small. It's recommended to increase it to at least 100ms using more operations.
  SessionSetupDecompositionBenchmarks.ComponentC2c1_ScopeConstructLinked: ShortRun            -> The minimum observed iteration time is 5.62us which is very small. It's recommended to increase it to at least 100ms using more operations.
  SessionSetupDecompositionBenchmarks.ComponentC2c2_ScopeConstructUnlinked: ShortRun          -> The minimum observed iteration time is 5.109us which is very small. It's recommended to increase it to at least 100ms using more operations.
  SessionSetupDecompositionBenchmarks.ComponentC2e_LockConstruction: ShortRun                 -> The minimum observed iteration time is 2.835us which is very small. It's recommended to increase it to at least 100ms using more operations.
  SessionSetupDecompositionBenchmarks.ComponentC2e_TaskCompletionSourceConstruction: ShortRun -> The minimum observed iteration time is 4.338us which is very small. It's recommended to increase it to at least 100ms using more operations.
  SessionSetupDecompositionBenchmarks.ComponentC2e_LinkedTokenSourceConstruction: ShortRun    -> The minimum observed iteration time is 5.67us which is very small. It's recommended to increase it to at least 100ms using more operations.
  SessionSetupDecompositionBenchmarks.ComponentE1_CanceledDelayAwaitAsync: ShortRun           -> The minimum observed iteration time is 42.648us which is very small. It's recommended to increase it to at least 100ms using more operations.
  SessionSetupDecompositionBenchmarks.ComponentE2_SetupExecutorDisposeAsync: ShortRun         -> The minimum observed iteration time is 93.193ms which is very small. It's recommended to increase it to at least 100ms using more operations.
  SessionSetupDecompositionBenchmarks.ComponentA1_AssociationTablePreSeed: ShortRun           -> The minimum observed iteration time is 4.669us which is very small. It's recommended to increase it to at least 100ms using more operations.
  SessionSetupDecompositionBenchmarks.ComponentA2_SessionDictionaryPreSeed: ShortRun          -> The minimum observed iteration time is 3.005us which is very small. It's recommended to increase it to at least 100ms using more operations.
  SessionSetupDecompositionBenchmarks.ComponentA3_CooldownTableConstruction: ShortRun         -> The minimum observed iteration time is 3.006us which is very small. It's recommended to increase it to at least 100ms using more operations.
  SessionSetupDecompositionBenchmarks.ComponentA4_SlotAndQueueObjects: ShortRun               -> The minimum observed iteration time is 3.426us which is very small. It's recommended to increase it to at least 100ms using more operations.
  SessionSetupDecompositionBenchmarks.ComponentA5_CompletionCell: ShortRun                    -> The minimum observed iteration time is 4.288us which is very small. It's recommended to increase it to at least 100ms using more operations.
  SessionSetupDecompositionBenchmarks.ComponentA6_ColdRent: ShortRun                          -> The minimum observed iteration time is 8.947us which is very small. It's recommended to increase it to at least 100ms using more operations.
  SessionSetupDecompositionBenchmarks.ComponentA7_EnqueueCycle: ShortRun                      -> The minimum observed iteration time is 9.537us which is very small. It's recommended to increase it to at least 100ms using more operations.
  SessionSetupDecompositionBenchmarks.ComponentA8_WarmRentAdmissionAsync: ShortRun            -> The minimum observed iteration time is 30.215us which is very small. It's recommended to increase it to at least 100ms using more operations.
  SessionSetupDecompositionBenchmarks.ComponentA9a_DictionaryGrowthSpansResize: ShortRun      -> The minimum observed iteration time is 1.772ms which is very small. It's recommended to increase it to at least 100ms using more operations.
  SessionSetupDecompositionBenchmarks.ComponentA9b_DictionaryGrowthNoResize: ShortRun         -> The minimum observed iteration time is 1.748ms which is very small. It's recommended to increase it to at least 100ms using more operations.
  SessionSetupDecompositionBenchmarks.StageS0_CoordinatorOnly: ShortRun                       -> The minimum observed iteration time is 13.515us which is very small. It's recommended to increase it to at least 100ms using more operations.
  SessionSetupDecompositionBenchmarks.StageS1_AdmissionOnlyAsync: ShortRun                    -> The minimum observed iteration time is 216.85us which is very small. It's recommended to increase it to at least 100ms using more operations.
  SessionSetupDecompositionBenchmarks.StageS2_SetupStartedAsync: ShortRun                     -> The minimum observed iteration time is 78.617ms which is very small. It's recommended to increase it to at least 100ms using more operations.
  SessionSetupDecompositionBenchmarks.StageS3_PipelineNoPayloadAsync: ShortRun                -> The minimum observed iteration time is 42.416ms which is very small. It's recommended to increase it to at least 100ms using more operations.
  SessionSetupDecompositionBenchmarks.StageS4_ReadinessTeardownOutsideAsync: ShortRun         -> The minimum observed iteration time is 39.349ms which is very small. It's recommended to increase it to at least 100ms using more operations.
  SessionSetupDecompositionBenchmarks.StageS5_ReadinessTeardownInsideAsync: ShortRun          -> The minimum observed iteration time is 50.45ms which is very small. It's recommended to increase it to at least 100ms using more operations.
  SessionSetupDecompositionBenchmarks.StageT1_SessionTeardownInsideAsync: ShortRun            -> The minimum observed iteration time is 3.268ms which is very small. It's recommended to increase it to at least 100ms using more operations.
  SessionSetupDecompositionBenchmarks.StageT3_ExpiryRetireInsideAsync: ShortRun               -> The minimum observed iteration time is 50.145ms which is very small. It's recommended to increase it to at least 100ms using more operations.
  SessionSetupDecompositionBenchmarks.StageT5_NonThrowingParkTeardownAsync: ShortRun          -> The minimum observed iteration time is 1.259ms which is very small. It's recommended to increase it to at least 100ms using more operations.
  SessionSetupDecompositionBenchmarks.BaselineF_FakeTransportCreationAsync: ShortRun          -> The minimum observed iteration time is 20.277us which is very small. It's recommended to increase it to at least 100ms using more operations.
  SessionSetupDecompositionBenchmarks.BaselineH_FlowKeyConstruction: ShortRun                 -> The minimum observed iteration time is 70.079us which is very small. It's recommended to increase it to at least 100ms using more operations.
  SessionSetupDecompositionBenchmarks.ComponentC1_AssociationClaimRelease: ShortRun           -> The minimum observed iteration time is 311.724us which is very small. It's recommended to increase it to at least 100ms using more operations.
  SessionSetupDecompositionBenchmarks.ComponentC2_SessionConstructStartAsync: ShortRun        -> The minimum observed iteration time is 369.871us which is very small. It's recommended to increase it to at least 100ms using more operations.
  SessionSetupDecompositionBenchmarks.ComponentC2a1_ContextRecordStaticLambda: ShortRun       -> The minimum observed iteration time is 32.049us which is very small. It's recommended to increase it to at least 100ms using more operations.
  SessionSetupDecompositionBenchmarks.ComponentC2a2_ContextRecordMethodGroup: ShortRun        -> The minimum observed iteration time is 29.504us which is very small. It's recommended to increase it to at least 100ms using more operations.
  SessionSetupDecompositionBenchmarks.ComponentC2b_SessionConstructOnly: ShortRun             -> The minimum observed iteration time is 255.882us which is very small. It's recommended to increase it to at least 100ms using more operations.
  SessionSetupDecompositionBenchmarks.ComponentC2c1_ScopeConstructLinked: ShortRun            -> The minimum observed iteration time is 12.824us which is very small. It's recommended to increase it to at least 100ms using more operations.
  SessionSetupDecompositionBenchmarks.ComponentC2c2_ScopeConstructUnlinked: ShortRun          -> The minimum observed iteration time is 9.217us which is very small. It's recommended to increase it to at least 100ms using more operations.
  SessionSetupDecompositionBenchmarks.ComponentC2e_LockConstruction: ShortRun                 -> The minimum observed iteration time is 4.519us which is very small. It's recommended to increase it to at least 100ms using more operations.
  SessionSetupDecompositionBenchmarks.ComponentC2e_TaskCompletionSourceConstruction: ShortRun -> The minimum observed iteration time is 8.506us which is very small. It's recommended to increase it to at least 100ms using more operations.
  SessionSetupDecompositionBenchmarks.ComponentC2e_LinkedTokenSourceConstruction: ShortRun    -> The minimum observed iteration time is 14.737us which is very small. It's recommended to increase it to at least 100ms using more operations.
  SessionSetupDecompositionBenchmarks.ComponentE1_CanceledDelayAwaitAsync: ShortRun           -> The minimum observed iteration time is 440.762us which is very small. It's recommended to increase it to at least 100ms using more operations.
  SessionSetupDecompositionBenchmarks.ComponentE2_SetupExecutorDisposeAsync: ShortRun         -> The minimum observed iteration time is 96.058ms which is very small. It's recommended to increase it to at least 100ms using more operations.
  SessionSetupDecompositionBenchmarks.ComponentA1_AssociationTablePreSeed: ShortRun           -> The minimum observed iteration time is 8.115us which is very small. It's recommended to increase it to at least 100ms using more operations.
  SessionSetupDecompositionBenchmarks.ComponentA2_SessionDictionaryPreSeed: ShortRun          -> The minimum observed iteration time is 5.039us which is very small. It's recommended to increase it to at least 100ms using more operations.
  SessionSetupDecompositionBenchmarks.ComponentA3_CooldownTableConstruction: ShortRun         -> The minimum observed iteration time is 3.927us which is very small. It's recommended to increase it to at least 100ms using more operations.
  SessionSetupDecompositionBenchmarks.ComponentA4_SlotAndQueueObjects: ShortRun               -> The minimum observed iteration time is 7.223us which is very small. It's recommended to increase it to at least 100ms using more operations.
  SessionSetupDecompositionBenchmarks.ComponentA5_CompletionCell: ShortRun                    -> The minimum observed iteration time is 7.303us which is very small. It's recommended to increase it to at least 100ms using more operations.
  SessionSetupDecompositionBenchmarks.ComponentA6_ColdRent: ShortRun                          -> The minimum observed iteration time is 17.903us which is very small. It's recommended to increase it to at least 100ms using more operations.
  SessionSetupDecompositionBenchmarks.ComponentA7_EnqueueCycle: ShortRun                      -> The minimum observed iteration time is 36.968us which is very small. It's recommended to increase it to at least 100ms using more operations.
  SessionSetupDecompositionBenchmarks.ComponentA8_WarmRentAdmissionAsync: ShortRun            -> The minimum observed iteration time is 260.94us which is very small. It's recommended to increase it to at least 100ms using more operations.
  SessionSetupDecompositionBenchmarks.ComponentA9a_DictionaryGrowthSpansResize: ShortRun      -> The minimum observed iteration time is 1.687ms which is very small. It's recommended to increase it to at least 100ms using more operations.
  SessionSetupDecompositionBenchmarks.ComponentA9b_DictionaryGrowthNoResize: ShortRun         -> The minimum observed iteration time is 1.672ms which is very small. It's recommended to increase it to at least 100ms using more operations.
  SessionSetupDecompositionBenchmarks.StageS0_CoordinatorOnly: ShortRun                       -> The minimum observed iteration time is 60.702us which is very small. It's recommended to increase it to at least 100ms using more operations.
  SessionSetupDecompositionBenchmarks.StageS1_AdmissionOnlyAsync: ShortRun                    -> The minimum observed iteration time is 2.418ms which is very small. It's recommended to increase it to at least 100ms using more operations.
  SessionSetupDecompositionBenchmarks.StageS2_SetupStartedAsync: ShortRun                     -> The minimum observed iteration time is 80.163ms which is very small. It's recommended to increase it to at least 100ms using more operations.
  SessionSetupDecompositionBenchmarks.StageS3_PipelineNoPayloadAsync: ShortRun                -> The minimum observed iteration time is 59.613ms which is very small. It's recommended to increase it to at least 100ms using more operations.
  SessionSetupDecompositionBenchmarks.StageS4_ReadinessTeardownOutsideAsync: ShortRun         -> The minimum observed iteration time is 65.677ms which is very small. It's recommended to increase it to at least 100ms using more operations.
  SessionSetupDecompositionBenchmarks.StageS5_ReadinessTeardownInsideAsync: ShortRun          -> The minimum observed iteration time is 89.875ms which is very small. It's recommended to increase it to at least 100ms using more operations.
  SessionSetupDecompositionBenchmarks.StageT1_SessionTeardownInsideAsync: ShortRun            -> The minimum observed iteration time is 51.728ms which is very small. It's recommended to increase it to at least 100ms using more operations.
  SessionSetupDecompositionBenchmarks.StageT5_NonThrowingParkTeardownAsync: ShortRun          -> The minimum observed iteration time is 7.02ms which is very small. It's recommended to increase it to at least 100ms using more operations.
  SessionSetupDecompositionBenchmarks.BaselineF_FakeTransportCreationAsync: ShortRun          -> The minimum observed iteration time is 119.259us which is very small. It's recommended to increase it to at least 100ms using more operations.
  SessionSetupDecompositionBenchmarks.BaselineH_FlowKeyConstruction: ShortRun                 -> The minimum observed iteration time is 618.73us which is very small. It's recommended to increase it to at least 100ms using more operations.
  SessionSetupDecompositionBenchmarks.ComponentC1_AssociationClaimRelease: ShortRun           -> The minimum observed iteration time is 3.112ms which is very small. It's recommended to increase it to at least 100ms using more operations.
  SessionSetupDecompositionBenchmarks.ComponentC2_SessionConstructStartAsync: ShortRun        -> The minimum observed iteration time is 3.232ms which is very small. It's recommended to increase it to at least 100ms using more operations.
  SessionSetupDecompositionBenchmarks.ComponentC2a1_ContextRecordStaticLambda: ShortRun       -> The minimum observed iteration time is 91.96us which is very small. It's recommended to increase it to at least 100ms using more operations.
  SessionSetupDecompositionBenchmarks.ComponentC2a2_ContextRecordMethodGroup: ShortRun        -> The minimum observed iteration time is 105.254us which is very small. It's recommended to increase it to at least 100ms using more operations.
  SessionSetupDecompositionBenchmarks.ComponentC2b_SessionConstructOnly: ShortRun             -> The minimum observed iteration time is 2.18ms which is very small. It's recommended to increase it to at least 100ms using more operations.
  SessionSetupDecompositionBenchmarks.ComponentC2c1_ScopeConstructLinked: ShortRun            -> The minimum observed iteration time is 67.083us which is very small. It's recommended to increase it to at least 100ms using more operations.
  SessionSetupDecompositionBenchmarks.ComponentC2c2_ScopeConstructUnlinked: ShortRun          -> The minimum observed iteration time is 37.318us which is very small. It's recommended to increase it to at least 100ms using more operations.
  SessionSetupDecompositionBenchmarks.ComponentC2e_LockConstruction: ShortRun                 -> The minimum observed iteration time is 20.007us which is very small. It's recommended to increase it to at least 100ms using more operations.
  SessionSetupDecompositionBenchmarks.ComponentC2e_TaskCompletionSourceConstruction: ShortRun -> The minimum observed iteration time is 33.482us which is very small. It's recommended to increase it to at least 100ms using more operations.
  SessionSetupDecompositionBenchmarks.ComponentC2e_LinkedTokenSourceConstruction: ShortRun    -> The minimum observed iteration time is 63.787us which is very small. It's recommended to increase it to at least 100ms using more operations.
  SessionSetupDecompositionBenchmarks.ComponentE1_CanceledDelayAwaitAsync: ShortRun           -> The minimum observed iteration time is 3.988ms which is very small. It's recommended to increase it to at least 100ms using more operations.
  SessionSetupDecompositionBenchmarks.ComponentE2_SetupExecutorDisposeAsync: ShortRun         -> The minimum observed iteration time is 92.528ms which is very small. It's recommended to increase it to at least 100ms using more operations.
  SessionSetupDecompositionBenchmarks.ComponentA1_AssociationTablePreSeed: ShortRun           -> The minimum observed iteration time is 13.965us which is very small. It's recommended to increase it to at least 100ms using more operations.
  SessionSetupDecompositionBenchmarks.ComponentA2_SessionDictionaryPreSeed: ShortRun          -> The minimum observed iteration time is 7.845us which is very small. It's recommended to increase it to at least 100ms using more operations.
  SessionSetupDecompositionBenchmarks.ComponentA3_CooldownTableConstruction: ShortRun         -> The minimum observed iteration time is 3.447us which is very small. It's recommended to increase it to at least 100ms using more operations.
  SessionSetupDecompositionBenchmarks.ComponentA4_SlotAndQueueObjects: ShortRun               -> The minimum observed iteration time is 42.588us which is very small. It's recommended to increase it to at least 100ms using more operations.
  SessionSetupDecompositionBenchmarks.ComponentA5_CompletionCell: ShortRun                    -> The minimum observed iteration time is 40.755us which is very small. It's recommended to increase it to at least 100ms using more operations.
  SessionSetupDecompositionBenchmarks.ComponentA6_ColdRent: ShortRun                          -> The minimum observed iteration time is 62.155us which is very small. It's recommended to increase it to at least 100ms using more operations.
  SessionSetupDecompositionBenchmarks.ComponentA7_EnqueueCycle: ShortRun                      -> The minimum observed iteration time is 259.668us which is very small. It's recommended to increase it to at least 100ms using more operations.
  SessionSetupDecompositionBenchmarks.ComponentA8_WarmRentAdmissionAsync: ShortRun            -> The minimum observed iteration time is 2.216ms which is very small. It's recommended to increase it to at least 100ms using more operations.
  SessionSetupDecompositionBenchmarks.ComponentA9a_DictionaryGrowthSpansResize: ShortRun      -> The minimum observed iteration time is 1.727ms which is very small. It's recommended to increase it to at least 100ms using more operations.
  SessionSetupDecompositionBenchmarks.ComponentA9b_DictionaryGrowthNoResize: ShortRun         -> The minimum observed iteration time is 1.608ms which is very small. It's recommended to increase it to at least 100ms using more operations.

// * Legends *
  Sessions  : Value of the 'Sessions' parameter
  Mean      : Arithmetic mean of all measurements
  Error     : Half of 99.9% confidence interval
  StdDev    : Standard deviation of all measurements
  Median    : Value separating the higher half of all measurements (50th percentile)
  Allocated : Allocated memory per single operation (managed only, inclusive, 1KB = 1024B)
  1 us      : 1 Microsecond (0.000001 sec)

// * Diagnostic Output - MemoryDiagnoser *


// ***** BenchmarkRunner: End *****
Run time: 00:00:45 (45.18 sec), executed benchmarks: 99

Global total time: 00:01:24 (84.33 sec), executed benchmarks: 99
// * Artifacts cleanup *
Artifacts cleanup is finished
