// Validating benchmarks:
// ***** BenchmarkRunner: Start   *****
// ***** Found 99 benchmark(s) in total *****
// ***** Building 1 exe(s) in Parallel: Start   *****
// start dotnet  restore --nodeReuse:false /p:UseSharedCompilation=false /p:Deterministic=true /p:Optimize=true /p:ArtifactsPath="/home/paff/Projects/WinForward/benchmarks/WinForward.Benchmarks/bin/Release/net10.0/WinForward.Benchmarks-ShortRun-1/" /p:OutDir="/home/paff/Projects/WinForward/benchmarks/WinForward.Benchmarks/bin/Release/net10.0/WinForward.Benchmarks-ShortRun-1/bin/Release/net10.0/" /p:OutputPath="/home/paff/Projects/WinForward/benchmarks/WinForward.Benchmarks/bin/Release/net10.0/WinForward.Benchmarks-ShortRun-1/bin/Release/net10.0/" /p:PublishDir="/home/paff/Projects/WinForward/benchmarks/WinForward.Benchmarks/bin/Release/net10.0/WinForward.Benchmarks-ShortRun-1/publish/" in /home/paff/Projects/WinForward/benchmarks/WinForward.Benchmarks/bin/Release/net10.0/WinForward.Benchmarks-ShortRun-1
// command took 3.13 sec and exited with 0
// start dotnet  build -c Release --no-restore --nodeReuse:false /p:UseSharedCompilation=false /p:Deterministic=true /p:Optimize=true /p:ArtifactsPath="/home/paff/Projects/WinForward/benchmarks/WinForward.Benchmarks/bin/Release/net10.0/WinForward.Benchmarks-ShortRun-1/" /p:OutDir="/home/paff/Projects/WinForward/benchmarks/WinForward.Benchmarks/bin/Release/net10.0/WinForward.Benchmarks-ShortRun-1/bin/Release/net10.0/" /p:OutputPath="/home/paff/Projects/WinForward/benchmarks/WinForward.Benchmarks/bin/Release/net10.0/WinForward.Benchmarks-ShortRun-1/bin/Release/net10.0/" /p:PublishDir="/home/paff/Projects/WinForward/benchmarks/WinForward.Benchmarks/bin/Release/net10.0/WinForward.Benchmarks-ShortRun-1/publish/" --output "/home/paff/Projects/WinForward/benchmarks/WinForward.Benchmarks/bin/Release/net10.0/WinForward.Benchmarks-ShortRun-1/bin/Release/net10.0/" in /home/paff/Projects/WinForward/benchmarks/WinForward.Benchmarks/bin/Release/net10.0/WinForward.Benchmarks-ShortRun-1
// command took 34.38 sec and exited with 0
// ***** Done, took 00:00:37 (37.7 sec)   *****
// Found 99 benchmarks:
//   SessionSetupDecompositionBenchmarks.StageS0_CoordinatorOnly: ShortRun(InvocationCount=1, IterationCount=3, LaunchCount=1, UnrollFactor=1, WarmupCount=3) [Sessions=1]
//   SessionSetupDecompositionBenchmarks.StageS1_AdmissionOnlyAsync: ShortRun(InvocationCount=1, IterationCount=3, LaunchCount=1, UnrollFactor=1, WarmupCount=3) [Sessions=1]
//   SessionSetupDecompositionBenchmarks.StageS2_SetupStartedAsync: ShortRun(InvocationCount=1, IterationCount=3, LaunchCount=1, UnrollFactor=1, WarmupCount=3) [Sessions=1]
//   SessionSetupDecompositionBenchmarks.StageS3_PipelineNoPayloadAsync: ShortRun(InvocationCount=1, IterationCount=3, LaunchCount=1, UnrollFactor=1, WarmupCount=3) [Sessions=1]
//   SessionSetupDecompositionBenchmarks.StageS4_ReadinessTeardownOutsideAsync: ShortRun(InvocationCount=1, IterationCount=3, LaunchCount=1, UnrollFactor=1, WarmupCount=3) [Sessions=1]
//   SessionSetupDecompositionBenchmarks.StageS5_ReadinessTeardownInsideAsync: ShortRun(InvocationCount=1, IterationCount=3, LaunchCount=1, UnrollFactor=1, WarmupCount=3) [Sessions=1]
//   SessionSetupDecompositionBenchmarks.StageT1_SessionTeardownInsideAsync: ShortRun(InvocationCount=1, IterationCount=3, LaunchCount=1, UnrollFactor=1, WarmupCount=3) [Sessions=1]
//   SessionSetupDecompositionBenchmarks.StageT3_ExpiryRetireInsideAsync: ShortRun(InvocationCount=1, IterationCount=3, LaunchCount=1, UnrollFactor=1, WarmupCount=3) [Sessions=1]
//   SessionSetupDecompositionBenchmarks.StageT5_NonThrowingParkTeardownAsync: ShortRun(InvocationCount=1, IterationCount=3, LaunchCount=1, UnrollFactor=1, WarmupCount=3) [Sessions=1]
//   SessionSetupDecompositionBenchmarks.BaselineF_FakeTransportCreationAsync: ShortRun(InvocationCount=1, IterationCount=3, LaunchCount=1, UnrollFactor=1, WarmupCount=3) [Sessions=1]
//   SessionSetupDecompositionBenchmarks.BaselineH_FlowKeyConstruction: ShortRun(InvocationCount=1, IterationCount=3, LaunchCount=1, UnrollFactor=1, WarmupCount=3) [Sessions=1]
//   SessionSetupDecompositionBenchmarks.ComponentC1_AssociationClaimRelease: ShortRun(InvocationCount=1, IterationCount=3, LaunchCount=1, UnrollFactor=1, WarmupCount=3) [Sessions=1]
//   SessionSetupDecompositionBenchmarks.ComponentC2_SessionConstructStartAsync: ShortRun(InvocationCount=1, IterationCount=3, LaunchCount=1, UnrollFactor=1, WarmupCount=3) [Sessions=1]
//   SessionSetupDecompositionBenchmarks.ComponentC2a1_ContextRecordStaticLambda: ShortRun(InvocationCount=1, IterationCount=3, LaunchCount=1, UnrollFactor=1, WarmupCount=3) [Sessions=1]
//   SessionSetupDecompositionBenchmarks.ComponentC2a2_ContextRecordMethodGroup: ShortRun(InvocationCount=1, IterationCount=3, LaunchCount=1, UnrollFactor=1, WarmupCount=3) [Sessions=1]
//   SessionSetupDecompositionBenchmarks.ComponentC2b_SessionConstructOnly: ShortRun(InvocationCount=1, IterationCount=3, LaunchCount=1, UnrollFactor=1, WarmupCount=3) [Sessions=1]
//   SessionSetupDecompositionBenchmarks.ComponentC2c1_ScopeConstructLinked: ShortRun(InvocationCount=1, IterationCount=3, LaunchCount=1, UnrollFactor=1, WarmupCount=3) [Sessions=1]
//   SessionSetupDecompositionBenchmarks.ComponentC2c2_ScopeConstructUnlinked: ShortRun(InvocationCount=1, IterationCount=3, LaunchCount=1, UnrollFactor=1, WarmupCount=3) [Sessions=1]
//   SessionSetupDecompositionBenchmarks.ComponentC2e_LockConstruction: ShortRun(InvocationCount=1, IterationCount=3, LaunchCount=1, UnrollFactor=1, WarmupCount=3) [Sessions=1]
//   SessionSetupDecompositionBenchmarks.ComponentC2e_TaskCompletionSourceConstruction: ShortRun(InvocationCount=1, IterationCount=3, LaunchCount=1, UnrollFactor=1, WarmupCount=3) [Sessions=1]
//   SessionSetupDecompositionBenchmarks.ComponentC2e_LinkedTokenSourceConstruction: ShortRun(InvocationCount=1, IterationCount=3, LaunchCount=1, UnrollFactor=1, WarmupCount=3) [Sessions=1]
//   SessionSetupDecompositionBenchmarks.ComponentE1_CanceledDelayAwaitAsync: ShortRun(InvocationCount=1, IterationCount=3, LaunchCount=1, UnrollFactor=1, WarmupCount=3) [Sessions=1]
//   SessionSetupDecompositionBenchmarks.ComponentE2_SetupExecutorDisposeAsync: ShortRun(InvocationCount=1, IterationCount=3, LaunchCount=1, UnrollFactor=1, WarmupCount=3) [Sessions=1]
//   SessionSetupDecompositionBenchmarks.ComponentA1_AssociationTablePreSeed: ShortRun(InvocationCount=1, IterationCount=3, LaunchCount=1, UnrollFactor=1, WarmupCount=3) [Sessions=1]
//   SessionSetupDecompositionBenchmarks.ComponentA2_SessionDictionaryPreSeed: ShortRun(InvocationCount=1, IterationCount=3, LaunchCount=1, UnrollFactor=1, WarmupCount=3) [Sessions=1]
//   SessionSetupDecompositionBenchmarks.ComponentA3_CooldownTableConstruction: ShortRun(InvocationCount=1, IterationCount=3, LaunchCount=1, UnrollFactor=1, WarmupCount=3) [Sessions=1]
//   SessionSetupDecompositionBenchmarks.ComponentA4_SlotAndQueueObjects: ShortRun(InvocationCount=1, IterationCount=3, LaunchCount=1, UnrollFactor=1, WarmupCount=3) [Sessions=1]
//   SessionSetupDecompositionBenchmarks.ComponentA5_CompletionCell: ShortRun(InvocationCount=1, IterationCount=3, LaunchCount=1, UnrollFactor=1, WarmupCount=3) [Sessions=1]
//   SessionSetupDecompositionBenchmarks.ComponentA6_ColdRent: ShortRun(InvocationCount=1, IterationCount=3, LaunchCount=1, UnrollFactor=1, WarmupCount=3) [Sessions=1]
//   SessionSetupDecompositionBenchmarks.ComponentA7_EnqueueCycle: ShortRun(InvocationCount=1, IterationCount=3, LaunchCount=1, UnrollFactor=1, WarmupCount=3) [Sessions=1]
//   SessionSetupDecompositionBenchmarks.ComponentA8_WarmRentAdmissionAsync: ShortRun(InvocationCount=1, IterationCount=3, LaunchCount=1, UnrollFactor=1, WarmupCount=3) [Sessions=1]
//   SessionSetupDecompositionBenchmarks.ComponentA9a_DictionaryGrowthSpansResize: ShortRun(InvocationCount=1, IterationCount=3, LaunchCount=1, UnrollFactor=1, WarmupCount=3) [Sessions=1]
//   SessionSetupDecompositionBenchmarks.ComponentA9b_DictionaryGrowthNoResize: ShortRun(InvocationCount=1, IterationCount=3, LaunchCount=1, UnrollFactor=1, WarmupCount=3) [Sessions=1]
//   SessionSetupDecompositionBenchmarks.StageS0_CoordinatorOnly: ShortRun(InvocationCount=1, IterationCount=3, LaunchCount=1, UnrollFactor=1, WarmupCount=3) [Sessions=100]
//   SessionSetupDecompositionBenchmarks.StageS1_AdmissionOnlyAsync: ShortRun(InvocationCount=1, IterationCount=3, LaunchCount=1, UnrollFactor=1, WarmupCount=3) [Sessions=100]
//   SessionSetupDecompositionBenchmarks.StageS2_SetupStartedAsync: ShortRun(InvocationCount=1, IterationCount=3, LaunchCount=1, UnrollFactor=1, WarmupCount=3) [Sessions=100]
//   SessionSetupDecompositionBenchmarks.StageS3_PipelineNoPayloadAsync: ShortRun(InvocationCount=1, IterationCount=3, LaunchCount=1, UnrollFactor=1, WarmupCount=3) [Sessions=100]
//   SessionSetupDecompositionBenchmarks.StageS4_ReadinessTeardownOutsideAsync: ShortRun(InvocationCount=1, IterationCount=3, LaunchCount=1, UnrollFactor=1, WarmupCount=3) [Sessions=100]
//   SessionSetupDecompositionBenchmarks.StageS5_ReadinessTeardownInsideAsync: ShortRun(InvocationCount=1, IterationCount=3, LaunchCount=1, UnrollFactor=1, WarmupCount=3) [Sessions=100]
//   SessionSetupDecompositionBenchmarks.StageT1_SessionTeardownInsideAsync: ShortRun(InvocationCount=1, IterationCount=3, LaunchCount=1, UnrollFactor=1, WarmupCount=3) [Sessions=100]
//   SessionSetupDecompositionBenchmarks.StageT3_ExpiryRetireInsideAsync: ShortRun(InvocationCount=1, IterationCount=3, LaunchCount=1, UnrollFactor=1, WarmupCount=3) [Sessions=100]
//   SessionSetupDecompositionBenchmarks.StageT5_NonThrowingParkTeardownAsync: ShortRun(InvocationCount=1, IterationCount=3, LaunchCount=1, UnrollFactor=1, WarmupCount=3) [Sessions=100]
//   SessionSetupDecompositionBenchmarks.BaselineF_FakeTransportCreationAsync: ShortRun(InvocationCount=1, IterationCount=3, LaunchCount=1, UnrollFactor=1, WarmupCount=3) [Sessions=100]
//   SessionSetupDecompositionBenchmarks.BaselineH_FlowKeyConstruction: ShortRun(InvocationCount=1, IterationCount=3, LaunchCount=1, UnrollFactor=1, WarmupCount=3) [Sessions=100]
//   SessionSetupDecompositionBenchmarks.ComponentC1_AssociationClaimRelease: ShortRun(InvocationCount=1, IterationCount=3, LaunchCount=1, UnrollFactor=1, WarmupCount=3) [Sessions=100]
//   SessionSetupDecompositionBenchmarks.ComponentC2_SessionConstructStartAsync: ShortRun(InvocationCount=1, IterationCount=3, LaunchCount=1, UnrollFactor=1, WarmupCount=3) [Sessions=100]
//   SessionSetupDecompositionBenchmarks.ComponentC2a1_ContextRecordStaticLambda: ShortRun(InvocationCount=1, IterationCount=3, LaunchCount=1, UnrollFactor=1, WarmupCount=3) [Sessions=100]
//   SessionSetupDecompositionBenchmarks.ComponentC2a2_ContextRecordMethodGroup: ShortRun(InvocationCount=1, IterationCount=3, LaunchCount=1, UnrollFactor=1, WarmupCount=3) [Sessions=100]
//   SessionSetupDecompositionBenchmarks.ComponentC2b_SessionConstructOnly: ShortRun(InvocationCount=1, IterationCount=3, LaunchCount=1, UnrollFactor=1, WarmupCount=3) [Sessions=100]
//   SessionSetupDecompositionBenchmarks.ComponentC2c1_ScopeConstructLinked: ShortRun(InvocationCount=1, IterationCount=3, LaunchCount=1, UnrollFactor=1, WarmupCount=3) [Sessions=100]
//   SessionSetupDecompositionBenchmarks.ComponentC2c2_ScopeConstructUnlinked: ShortRun(InvocationCount=1, IterationCount=3, LaunchCount=1, UnrollFactor=1, WarmupCount=3) [Sessions=100]
//   SessionSetupDecompositionBenchmarks.ComponentC2e_LockConstruction: ShortRun(InvocationCount=1, IterationCount=3, LaunchCount=1, UnrollFactor=1, WarmupCount=3) [Sessions=100]
//   SessionSetupDecompositionBenchmarks.ComponentC2e_TaskCompletionSourceConstruction: ShortRun(InvocationCount=1, IterationCount=3, LaunchCount=1, UnrollFactor=1, WarmupCount=3) [Sessions=100]
//   SessionSetupDecompositionBenchmarks.ComponentC2e_LinkedTokenSourceConstruction: ShortRun(InvocationCount=1, IterationCount=3, LaunchCount=1, UnrollFactor=1, WarmupCount=3) [Sessions=100]
//   SessionSetupDecompositionBenchmarks.ComponentE1_CanceledDelayAwaitAsync: ShortRun(InvocationCount=1, IterationCount=3, LaunchCount=1, UnrollFactor=1, WarmupCount=3) [Sessions=100]
//   SessionSetupDecompositionBenchmarks.ComponentE2_SetupExecutorDisposeAsync: ShortRun(InvocationCount=1, IterationCount=3, LaunchCount=1, UnrollFactor=1, WarmupCount=3) [Sessions=100]
//   SessionSetupDecompositionBenchmarks.ComponentA1_AssociationTablePreSeed: ShortRun(InvocationCount=1, IterationCount=3, LaunchCount=1, UnrollFactor=1, WarmupCount=3) [Sessions=100]
//   SessionSetupDecompositionBenchmarks.ComponentA2_SessionDictionaryPreSeed: ShortRun(InvocationCount=1, IterationCount=3, LaunchCount=1, UnrollFactor=1, WarmupCount=3) [Sessions=100]
//   SessionSetupDecompositionBenchmarks.ComponentA3_CooldownTableConstruction: ShortRun(InvocationCount=1, IterationCount=3, LaunchCount=1, UnrollFactor=1, WarmupCount=3) [Sessions=100]
//   SessionSetupDecompositionBenchmarks.ComponentA4_SlotAndQueueObjects: ShortRun(InvocationCount=1, IterationCount=3, LaunchCount=1, UnrollFactor=1, WarmupCount=3) [Sessions=100]
//   SessionSetupDecompositionBenchmarks.ComponentA5_CompletionCell: ShortRun(InvocationCount=1, IterationCount=3, LaunchCount=1, UnrollFactor=1, WarmupCount=3) [Sessions=100]
//   SessionSetupDecompositionBenchmarks.ComponentA6_ColdRent: ShortRun(InvocationCount=1, IterationCount=3, LaunchCount=1, UnrollFactor=1, WarmupCount=3) [Sessions=100]
//   SessionSetupDecompositionBenchmarks.ComponentA7_EnqueueCycle: ShortRun(InvocationCount=1, IterationCount=3, LaunchCount=1, UnrollFactor=1, WarmupCount=3) [Sessions=100]
//   SessionSetupDecompositionBenchmarks.ComponentA8_WarmRentAdmissionAsync: ShortRun(InvocationCount=1, IterationCount=3, LaunchCount=1, UnrollFactor=1, WarmupCount=3) [Sessions=100]
//   SessionSetupDecompositionBenchmarks.ComponentA9a_DictionaryGrowthSpansResize: ShortRun(InvocationCount=1, IterationCount=3, LaunchCount=1, UnrollFactor=1, WarmupCount=3) [Sessions=100]
//   SessionSetupDecompositionBenchmarks.ComponentA9b_DictionaryGrowthNoResize: ShortRun(InvocationCount=1, IterationCount=3, LaunchCount=1, UnrollFactor=1, WarmupCount=3) [Sessions=100]
//   SessionSetupDecompositionBenchmarks.StageS0_CoordinatorOnly: ShortRun(InvocationCount=1, IterationCount=3, LaunchCount=1, UnrollFactor=1, WarmupCount=3) [Sessions=1000]
//   SessionSetupDecompositionBenchmarks.StageS1_AdmissionOnlyAsync: ShortRun(InvocationCount=1, IterationCount=3, LaunchCount=1, UnrollFactor=1, WarmupCount=3) [Sessions=1000]
//   SessionSetupDecompositionBenchmarks.StageS2_SetupStartedAsync: ShortRun(InvocationCount=1, IterationCount=3, LaunchCount=1, UnrollFactor=1, WarmupCount=3) [Sessions=1000]
//   SessionSetupDecompositionBenchmarks.StageS3_PipelineNoPayloadAsync: ShortRun(InvocationCount=1, IterationCount=3, LaunchCount=1, UnrollFactor=1, WarmupCount=3) [Sessions=1000]
//   SessionSetupDecompositionBenchmarks.StageS4_ReadinessTeardownOutsideAsync: ShortRun(InvocationCount=1, IterationCount=3, LaunchCount=1, UnrollFactor=1, WarmupCount=3) [Sessions=1000]
//   SessionSetupDecompositionBenchmarks.StageS5_ReadinessTeardownInsideAsync: ShortRun(InvocationCount=1, IterationCount=3, LaunchCount=1, UnrollFactor=1, WarmupCount=3) [Sessions=1000]
//   SessionSetupDecompositionBenchmarks.StageT1_SessionTeardownInsideAsync: ShortRun(InvocationCount=1, IterationCount=3, LaunchCount=1, UnrollFactor=1, WarmupCount=3) [Sessions=1000]
//   SessionSetupDecompositionBenchmarks.StageT3_ExpiryRetireInsideAsync: ShortRun(InvocationCount=1, IterationCount=3, LaunchCount=1, UnrollFactor=1, WarmupCount=3) [Sessions=1000]
//   SessionSetupDecompositionBenchmarks.StageT5_NonThrowingParkTeardownAsync: ShortRun(InvocationCount=1, IterationCount=3, LaunchCount=1, UnrollFactor=1, WarmupCount=3) [Sessions=1000]
//   SessionSetupDecompositionBenchmarks.BaselineF_FakeTransportCreationAsync: ShortRun(InvocationCount=1, IterationCount=3, LaunchCount=1, UnrollFactor=1, WarmupCount=3) [Sessions=1000]
//   SessionSetupDecompositionBenchmarks.BaselineH_FlowKeyConstruction: ShortRun(InvocationCount=1, IterationCount=3, LaunchCount=1, UnrollFactor=1, WarmupCount=3) [Sessions=1000]
//   SessionSetupDecompositionBenchmarks.ComponentC1_AssociationClaimRelease: ShortRun(InvocationCount=1, IterationCount=3, LaunchCount=1, UnrollFactor=1, WarmupCount=3) [Sessions=1000]
//   SessionSetupDecompositionBenchmarks.ComponentC2_SessionConstructStartAsync: ShortRun(InvocationCount=1, IterationCount=3, LaunchCount=1, UnrollFactor=1, WarmupCount=3) [Sessions=1000]
//   SessionSetupDecompositionBenchmarks.ComponentC2a1_ContextRecordStaticLambda: ShortRun(InvocationCount=1, IterationCount=3, LaunchCount=1, UnrollFactor=1, WarmupCount=3) [Sessions=1000]
//   SessionSetupDecompositionBenchmarks.ComponentC2a2_ContextRecordMethodGroup: ShortRun(InvocationCount=1, IterationCount=3, LaunchCount=1, UnrollFactor=1, WarmupCount=3) [Sessions=1000]
//   SessionSetupDecompositionBenchmarks.ComponentC2b_SessionConstructOnly: ShortRun(InvocationCount=1, IterationCount=3, LaunchCount=1, UnrollFactor=1, WarmupCount=3) [Sessions=1000]
//   SessionSetupDecompositionBenchmarks.ComponentC2c1_ScopeConstructLinked: ShortRun(InvocationCount=1, IterationCount=3, LaunchCount=1, UnrollFactor=1, WarmupCount=3) [Sessions=1000]
//   SessionSetupDecompositionBenchmarks.ComponentC2c2_ScopeConstructUnlinked: ShortRun(InvocationCount=1, IterationCount=3, LaunchCount=1, UnrollFactor=1, WarmupCount=3) [Sessions=1000]
//   SessionSetupDecompositionBenchmarks.ComponentC2e_LockConstruction: ShortRun(InvocationCount=1, IterationCount=3, LaunchCount=1, UnrollFactor=1, WarmupCount=3) [Sessions=1000]
//   SessionSetupDecompositionBenchmarks.ComponentC2e_TaskCompletionSourceConstruction: ShortRun(InvocationCount=1, IterationCount=3, LaunchCount=1, UnrollFactor=1, WarmupCount=3) [Sessions=1000]
//   SessionSetupDecompositionBenchmarks.ComponentC2e_LinkedTokenSourceConstruction: ShortRun(InvocationCount=1, IterationCount=3, LaunchCount=1, UnrollFactor=1, WarmupCount=3) [Sessions=1000]
//   SessionSetupDecompositionBenchmarks.ComponentE1_CanceledDelayAwaitAsync: ShortRun(InvocationCount=1, IterationCount=3, LaunchCount=1, UnrollFactor=1, WarmupCount=3) [Sessions=1000]
//   SessionSetupDecompositionBenchmarks.ComponentE2_SetupExecutorDisposeAsync: ShortRun(InvocationCount=1, IterationCount=3, LaunchCount=1, UnrollFactor=1, WarmupCount=3) [Sessions=1000]
//   SessionSetupDecompositionBenchmarks.ComponentA1_AssociationTablePreSeed: ShortRun(InvocationCount=1, IterationCount=3, LaunchCount=1, UnrollFactor=1, WarmupCount=3) [Sessions=1000]
//   SessionSetupDecompositionBenchmarks.ComponentA2_SessionDictionaryPreSeed: ShortRun(InvocationCount=1, IterationCount=3, LaunchCount=1, UnrollFactor=1, WarmupCount=3) [Sessions=1000]
//   SessionSetupDecompositionBenchmarks.ComponentA3_CooldownTableConstruction: ShortRun(InvocationCount=1, IterationCount=3, LaunchCount=1, UnrollFactor=1, WarmupCount=3) [Sessions=1000]
//   SessionSetupDecompositionBenchmarks.ComponentA4_SlotAndQueueObjects: ShortRun(InvocationCount=1, IterationCount=3, LaunchCount=1, UnrollFactor=1, WarmupCount=3) [Sessions=1000]
//   SessionSetupDecompositionBenchmarks.ComponentA5_CompletionCell: ShortRun(InvocationCount=1, IterationCount=3, LaunchCount=1, UnrollFactor=1, WarmupCount=3) [Sessions=1000]
//   SessionSetupDecompositionBenchmarks.ComponentA6_ColdRent: ShortRun(InvocationCount=1, IterationCount=3, LaunchCount=1, UnrollFactor=1, WarmupCount=3) [Sessions=1000]
//   SessionSetupDecompositionBenchmarks.ComponentA7_EnqueueCycle: ShortRun(InvocationCount=1, IterationCount=3, LaunchCount=1, UnrollFactor=1, WarmupCount=3) [Sessions=1000]
//   SessionSetupDecompositionBenchmarks.ComponentA8_WarmRentAdmissionAsync: ShortRun(InvocationCount=1, IterationCount=3, LaunchCount=1, UnrollFactor=1, WarmupCount=3) [Sessions=1000]
//   SessionSetupDecompositionBenchmarks.ComponentA9a_DictionaryGrowthSpansResize: ShortRun(InvocationCount=1, IterationCount=3, LaunchCount=1, UnrollFactor=1, WarmupCount=3) [Sessions=1000]
//   SessionSetupDecompositionBenchmarks.ComponentA9b_DictionaryGrowthNoResize: ShortRun(InvocationCount=1, IterationCount=3, LaunchCount=1, UnrollFactor=1, WarmupCount=3) [Sessions=1000]

// **************************
// Benchmark: SessionSetupDecompositionBenchmarks.StageS0_CoordinatorOnly: ShortRun(InvocationCount=1, IterationCount=3, LaunchCount=1, UnrollFactor=1, WarmupCount=3) [Sessions=1]
// *** Execute ***
// Launch: 1 / 1
// Execute: dotnet WinForward.Benchmarks-ShortRun-1.dll --anonymousPipes 123 125 --benchmarkName "WinForward.Benchmarks.Perf.SessionSetupDecompositionBenchmarks.StageS0_CoordinatorOnly(Sessions: 1)" --job ShortRun --benchmarkId 0 in /home/paff/Projects/WinForward/benchmarks/WinForward.Benchmarks/bin/Release/net10.0/WinForward.Benchmarks-ShortRun-1/bin/Release/net10.0
// Failed to set up high priority (Permission denied). In order to run benchmarks with high priority, make sure you have the right permissions.
// BeforeAnythingElse

// Benchmark Process Environment Information:
// BenchmarkDotNet v0.15.8
// Runtime=.NET 10.0.12 (10.0.12, 10.0.1226.42308), X64 RyuJIT x86-64-v4
// GC=Concurrent Workstation
// HardwareIntrinsics=AVX512 BITALG+VBMI2+VNNI+VPOPCNTDQ,AVX512 IFMA+VBMI,AVX512 F+BW+CD+DQ+VL,AVX2+BMI1+BMI2+F16C+FMA+LZCNT+MOVBE,AVX,SSE3+SSSE3+SSE4.1+SSE4.2+POPCNT,X86Base+SSE+SSE2,AES+PCLMUL,AvxVnni VectorSize=256
// Job: ShortRun(InvocationCount=1, IterationCount=3, LaunchCount=1, UnrollFactor=1, WarmupCount=3)

OverheadJitting  1: 1 op, 332523.00 ns, 332.5230 us/op
WorkloadJitting  1: 1 op, 6816731.00 ns, 6.8167 ms/op

OverheadWarmup   1: 1 op, 510.00 ns, 510.0000 ns/op
OverheadWarmup   2: 1 op, 270.00 ns, 270.0000 ns/op
OverheadWarmup   3: 1 op, 431.00 ns, 431.0000 ns/op
OverheadWarmup   4: 1 op, 321.00 ns, 321.0000 ns/op
OverheadWarmup   5: 1 op, 491.00 ns, 491.0000 ns/op
OverheadWarmup   6: 1 op, 341.00 ns, 341.0000 ns/op

OverheadActual   1: 1 op, 571.00 ns, 571.0000 ns/op
OverheadActual   2: 1 op, 561.00 ns, 561.0000 ns/op
OverheadActual   3: 1 op, 671.00 ns, 671.0000 ns/op
OverheadActual   4: 1 op, 471.00 ns, 471.0000 ns/op
OverheadActual   5: 1 op, 481.00 ns, 481.0000 ns/op
OverheadActual   6: 1 op, 451.00 ns, 451.0000 ns/op
OverheadActual   7: 1 op, 461.00 ns, 461.0000 ns/op
OverheadActual   8: 1 op, 471.00 ns, 471.0000 ns/op
OverheadActual   9: 1 op, 420.00 ns, 420.0000 ns/op
OverheadActual  10: 1 op, 671.00 ns, 671.0000 ns/op
OverheadActual  11: 1 op, 461.00 ns, 461.0000 ns/op
OverheadActual  12: 1 op, 461.00 ns, 461.0000 ns/op
OverheadActual  13: 1 op, 471.00 ns, 471.0000 ns/op
OverheadActual  14: 1 op, 541.00 ns, 541.0000 ns/op
OverheadActual  15: 1 op, 441.00 ns, 441.0000 ns/op
OverheadActual  16: 1 op, 361.00 ns, 361.0000 ns/op
OverheadActual  17: 1 op, 340.00 ns, 340.0000 ns/op
OverheadActual  18: 1 op, 451.00 ns, 451.0000 ns/op
OverheadActual  19: 1 op, 461.00 ns, 461.0000 ns/op
OverheadActual  20: 1 op, 451.00 ns, 451.0000 ns/op

WorkloadWarmup   1: 1 op, 59720.00 ns, 59.7200 us/op
WorkloadWarmup   2: 1 op, 18985.00 ns, 18.9850 us/op
WorkloadWarmup   3: 1 op, 27090.00 ns, 27.0900 us/op

// BeforeActualRun
WorkloadActual   1: 1 op, 55071.00 ns, 55.0710 us/op
WorkloadActual   2: 1 op, 17092.00 ns, 17.0920 us/op
WorkloadActual   3: 1 op, 13776.00 ns, 13.7760 us/op

// AfterActualRun
WorkloadResult   1: 1 op, 54610.00 ns, 54.6100 us/op
WorkloadResult   2: 1 op, 16631.00 ns, 16.6310 us/op
WorkloadResult   3: 1 op, 13315.00 ns, 13.3150 us/op
// GC:  0 0 0 8424 1
// Threading:  0 0 1

// AfterAll
// Benchmark Process 1605725 has exited with code 0.

Mean = 28.185 us, StdErr = 13.247 us (47.00%), N = 3, StdDev = 22.944 us
Min = 13.315 us, Q1 = 14.973 us, Median = 16.631 us, Q3 = 35.620 us, Max = 54.610 us
IQR = 20.648 us, LowerFence = -15.998 us, UpperFence = 66.592 us
ConfidenceInterval = [-390.406 us; 446.777 us] (CI 99.9%), Margin = 418.592 us (1485.14% of Mean)
Skewness = 0.38, Kurtosis = 0.67, MValue = 2

// ** Remained 98 (99.0%) benchmark(s) to run. Estimated finish 2026-09-22 17:02 (0h 0m from now) **
// **************************
// Benchmark: SessionSetupDecompositionBenchmarks.StageS1_AdmissionOnlyAsync: ShortRun(InvocationCount=1, IterationCount=3, LaunchCount=1, UnrollFactor=1, WarmupCount=3) [Sessions=1]
// *** Execute ***
// Launch: 1 / 1
// Execute: dotnet WinForward.Benchmarks-ShortRun-1.dll --anonymousPipes 123 125 --benchmarkName "WinForward.Benchmarks.Perf.SessionSetupDecompositionBenchmarks.StageS1_AdmissionOnlyAsync(Sessions: 1)" --job ShortRun --benchmarkId 1 in /home/paff/Projects/WinForward/benchmarks/WinForward.Benchmarks/bin/Release/net10.0/WinForward.Benchmarks-ShortRun-1/bin/Release/net10.0
// Failed to set up high priority (Permission denied). In order to run benchmarks with high priority, make sure you have the right permissions.
// BeforeAnythingElse

// Benchmark Process Environment Information:
// BenchmarkDotNet v0.15.8
// Runtime=.NET 10.0.12 (10.0.12, 10.0.1226.42308), X64 RyuJIT x86-64-v4
// GC=Concurrent Workstation
// HardwareIntrinsics=AVX512 BITALG+VBMI2+VNNI+VPOPCNTDQ,AVX512 IFMA+VBMI,AVX512 F+BW+CD+DQ+VL,AVX2+BMI1+BMI2+F16C+FMA+LZCNT+MOVBE,AVX,SSE3+SSSE3+SSE4.1+SSE4.2+POPCNT,X86Base+SSE+SSE2,AES+PCLMUL,AvxVnni VectorSize=256
// Job: ShortRun(InvocationCount=1, IterationCount=3, LaunchCount=1, UnrollFactor=1, WarmupCount=3)

OverheadJitting  1: 1 op, 302899.00 ns, 302.8990 us/op
WorkloadJitting  1: 1 op, 24389315.00 ns, 24.3893 ms/op

OverheadWarmup   1: 1 op, 652.00 ns, 652.0000 ns/op
OverheadWarmup   2: 1 op, 270.00 ns, 270.0000 ns/op
OverheadWarmup   3: 1 op, 521.00 ns, 521.0000 ns/op
OverheadWarmup   4: 1 op, 510.00 ns, 510.0000 ns/op
OverheadWarmup   5: 1 op, 1032.00 ns, 1.0320 us/op
OverheadWarmup   6: 1 op, 501.00 ns, 501.0000 ns/op

OverheadActual   1: 1 op, 491.00 ns, 491.0000 ns/op
OverheadActual   2: 1 op, 441.00 ns, 441.0000 ns/op
OverheadActual   3: 1 op, 471.00 ns, 471.0000 ns/op
OverheadActual   4: 1 op, 441.00 ns, 441.0000 ns/op
OverheadActual   5: 1 op, 441.00 ns, 441.0000 ns/op
OverheadActual   6: 1 op, 260.00 ns, 260.0000 ns/op
OverheadActual   7: 1 op, 290.00 ns, 290.0000 ns/op
OverheadActual   8: 1 op, 250.00 ns, 250.0000 ns/op
OverheadActual   9: 1 op, 561.00 ns, 561.0000 ns/op
OverheadActual  10: 1 op, 561.00 ns, 561.0000 ns/op
OverheadActual  11: 1 op, 471.00 ns, 471.0000 ns/op
OverheadActual  12: 1 op, 481.00 ns, 481.0000 ns/op
OverheadActual  13: 1 op, 501.00 ns, 501.0000 ns/op
OverheadActual  14: 1 op, 471.00 ns, 471.0000 ns/op
OverheadActual  15: 1 op, 470.00 ns, 470.0000 ns/op
OverheadActual  16: 1 op, 521.00 ns, 521.0000 ns/op
OverheadActual  17: 1 op, 571.00 ns, 571.0000 ns/op
OverheadActual  18: 1 op, 481.00 ns, 481.0000 ns/op
OverheadActual  19: 1 op, 290.00 ns, 290.0000 ns/op
OverheadActual  20: 1 op, 291.00 ns, 291.0000 ns/op

WorkloadWarmup   1: 1 op, 247587.00 ns, 247.5870 us/op
WorkloadWarmup   2: 1 op, 59891.00 ns, 59.8910 us/op
WorkloadWarmup   3: 1 op, 259558.00 ns, 259.5580 us/op

// BeforeActualRun
WorkloadActual   1: 1 op, 136792.00 ns, 136.7920 us/op
WorkloadActual   2: 1 op, 36087.00 ns, 36.0870 us/op
WorkloadActual   3: 1 op, 35997.00 ns, 35.9970 us/op

// AfterActualRun
WorkloadResult   1: 1 op, 136321.00 ns, 136.3210 us/op
WorkloadResult   2: 1 op, 35616.00 ns, 35.6160 us/op
WorkloadResult   3: 1 op, 35526.00 ns, 35.5260 us/op
// GC:  0 0 0 7320 1
// Threading:  0 0 1

// AfterAll
// Benchmark Process 1605735 has exited with code 0.

Mean = 69.154 us, StdErr = 33.583 us (48.56%), N = 3, StdDev = 58.168 us
Min = 35.526 us, Q1 = 35.571 us, Median = 35.616 us, Q3 = 85.969 us, Max = 136.321 us
IQR = 50.398 us, LowerFence = -40.025 us, UpperFence = 161.565 us
ConfidenceInterval = [-992.048 us; 1,130.356 us] (CI 99.9%), Margin = 1,061.202 us (1534.54% of Mean)
Skewness = 0.38, Kurtosis = 0.67, MValue = 2

// ** Remained 97 (98.0%) benchmark(s) to run. Estimated finish 2026-09-22 17:02 (0h 0m from now) **
// **************************
// Benchmark: SessionSetupDecompositionBenchmarks.StageS2_SetupStartedAsync: ShortRun(InvocationCount=1, IterationCount=3, LaunchCount=1, UnrollFactor=1, WarmupCount=3) [Sessions=1]
// *** Execute ***
// Launch: 1 / 1
// Execute: dotnet WinForward.Benchmarks-ShortRun-1.dll --anonymousPipes 123 125 --benchmarkName "WinForward.Benchmarks.Perf.SessionSetupDecompositionBenchmarks.StageS2_SetupStartedAsync(Sessions: 1)" --job ShortRun --benchmarkId 2 in /home/paff/Projects/WinForward/benchmarks/WinForward.Benchmarks/bin/Release/net10.0/WinForward.Benchmarks-ShortRun-1/bin/Release/net10.0
// Failed to set up high priority (Permission denied). In order to run benchmarks with high priority, make sure you have the right permissions.
// BeforeAnythingElse

// Benchmark Process Environment Information:
// BenchmarkDotNet v0.15.8
// Runtime=.NET 10.0.12 (10.0.12, 10.0.1226.42308), X64 RyuJIT x86-64-v4
// GC=Concurrent Workstation
// HardwareIntrinsics=AVX512 BITALG+VBMI2+VNNI+VPOPCNTDQ,AVX512 IFMA+VBMI,AVX512 F+BW+CD+DQ+VL,AVX2+BMI1+BMI2+F16C+FMA+LZCNT+MOVBE,AVX,SSE3+SSSE3+SSE4.1+SSE4.2+POPCNT,X86Base+SSE+SSE2,AES+PCLMUL,AvxVnni VectorSize=256
// Job: ShortRun(InvocationCount=1, IterationCount=3, LaunchCount=1, UnrollFactor=1, WarmupCount=3)

OverheadJitting  1: 1 op, 306285.00 ns, 306.2850 us/op
WorkloadJitting  1: 1 op, 109378140.00 ns, 109.3781 ms/op

OverheadWarmup   1: 1 op, 762.00 ns, 762.0000 ns/op
OverheadWarmup   2: 1 op, 561.00 ns, 561.0000 ns/op
OverheadWarmup   3: 1 op, 521.00 ns, 521.0000 ns/op
OverheadWarmup   4: 1 op, 762.00 ns, 762.0000 ns/op
OverheadWarmup   5: 1 op, 601.00 ns, 601.0000 ns/op
OverheadWarmup   6: 1 op, 692.00 ns, 692.0000 ns/op
OverheadWarmup   7: 1 op, 641.00 ns, 641.0000 ns/op

OverheadActual   1: 1 op, 541.00 ns, 541.0000 ns/op
OverheadActual   2: 1 op, 952.00 ns, 952.0000 ns/op
OverheadActual   3: 1 op, 1513.00 ns, 1.5130 us/op
OverheadActual   4: 1 op, 551.00 ns, 551.0000 ns/op
OverheadActual   5: 1 op, 471.00 ns, 471.0000 ns/op
OverheadActual   6: 1 op, 480.00 ns, 480.0000 ns/op
OverheadActual   7: 1 op, 581.00 ns, 581.0000 ns/op
OverheadActual   8: 1 op, 371.00 ns, 371.0000 ns/op
OverheadActual   9: 1 op, 260.00 ns, 260.0000 ns/op
OverheadActual  10: 1 op, 381.00 ns, 381.0000 ns/op
OverheadActual  11: 1 op, 451.00 ns, 451.0000 ns/op
OverheadActual  12: 1 op, 441.00 ns, 441.0000 ns/op
OverheadActual  13: 1 op, 471.00 ns, 471.0000 ns/op
OverheadActual  14: 1 op, 441.00 ns, 441.0000 ns/op
OverheadActual  15: 1 op, 421.00 ns, 421.0000 ns/op
OverheadActual  16: 1 op, 271.00 ns, 271.0000 ns/op
OverheadActual  17: 1 op, 271.00 ns, 271.0000 ns/op
OverheadActual  18: 1 op, 430.00 ns, 430.0000 ns/op
OverheadActual  19: 1 op, 391.00 ns, 391.0000 ns/op
OverheadActual  20: 1 op, 490.00 ns, 490.0000 ns/op

WorkloadWarmup   1: 1 op, 72903217.00 ns, 72.9032 ms/op
WorkloadWarmup   2: 1 op, 73597898.00 ns, 73.5979 ms/op
WorkloadWarmup   3: 1 op, 72249771.00 ns, 72.2498 ms/op

// BeforeActualRun
WorkloadActual   1: 1 op, 71342438.00 ns, 71.3424 ms/op
WorkloadActual   2: 1 op, 71572794.00 ns, 71.5728 ms/op
WorkloadActual   3: 1 op, 71059991.00 ns, 71.0600 ms/op

// AfterActualRun
WorkloadResult   1: 1 op, 71341992.00 ns, 71.3420 ms/op
WorkloadResult   2: 1 op, 71572348.00 ns, 71.5723 ms/op
WorkloadResult   3: 1 op, 71059545.00 ns, 71.0595 ms/op
// GC:  0 0 0 34968 1
// Threading:  4 0 1

// AfterAll
// Benchmark Process 1605744 has exited with code 0.

Mean = 71.325 ms, StdErr = 0.148 ms (0.21%), N = 3, StdDev = 0.257 ms
Min = 71.060 ms, Q1 = 71.201 ms, Median = 71.342 ms, Q3 = 71.457 ms, Max = 71.572 ms
IQR = 0.256 ms, LowerFence = 70.816 ms, UpperFence = 71.842 ms
ConfidenceInterval = [66.639 ms; 76.010 ms] (CI 99.9%), Margin = 4.686 ms (6.57% of Mean)
Skewness = -0.07, Kurtosis = 0.67, MValue = 2

// ** Remained 96 (97.0%) benchmark(s) to run. Estimated finish 2026-09-22 17:02 (0h 0m from now) **
// **************************
// Benchmark: SessionSetupDecompositionBenchmarks.StageS3_PipelineNoPayloadAsync: ShortRun(InvocationCount=1, IterationCount=3, LaunchCount=1, UnrollFactor=1, WarmupCount=3) [Sessions=1]
// *** Execute ***
// Launch: 1 / 1
// Execute: dotnet WinForward.Benchmarks-ShortRun-1.dll --anonymousPipes 123 125 --benchmarkName "WinForward.Benchmarks.Perf.SessionSetupDecompositionBenchmarks.StageS3_PipelineNoPayloadAsync(Sessions: 1)" --job ShortRun --benchmarkId 3 in /home/paff/Projects/WinForward/benchmarks/WinForward.Benchmarks/bin/Release/net10.0/WinForward.Benchmarks-ShortRun-1/bin/Release/net10.0
// Failed to set up high priority (Permission denied). In order to run benchmarks with high priority, make sure you have the right permissions.
// BeforeAnythingElse

// Benchmark Process Environment Information:
// BenchmarkDotNet v0.15.8
// Runtime=.NET 10.0.12 (10.0.12, 10.0.1226.42308), X64 RyuJIT x86-64-v4
// GC=Concurrent Workstation
// HardwareIntrinsics=AVX512 BITALG+VBMI2+VNNI+VPOPCNTDQ,AVX512 IFMA+VBMI,AVX512 F+BW+CD+DQ+VL,AVX2+BMI1+BMI2+F16C+FMA+LZCNT+MOVBE,AVX,SSE3+SSSE3+SSE4.1+SSE4.2+POPCNT,X86Base+SSE+SSE2,AES+PCLMUL,AvxVnni VectorSize=256
// Job: ShortRun(InvocationCount=1, IterationCount=3, LaunchCount=1, UnrollFactor=1, WarmupCount=3)

OverheadJitting  1: 1 op, 377627.00 ns, 377.6270 us/op
WorkloadJitting  1: 1 op, 83363054.00 ns, 83.3631 ms/op

OverheadWarmup   1: 1 op, 662.00 ns, 662.0000 ns/op
OverheadWarmup   2: 1 op, 551.00 ns, 551.0000 ns/op
OverheadWarmup   3: 1 op, 421.00 ns, 421.0000 ns/op
OverheadWarmup   4: 1 op, 411.00 ns, 411.0000 ns/op
OverheadWarmup   5: 1 op, 371.00 ns, 371.0000 ns/op
OverheadWarmup   6: 1 op, 450.00 ns, 450.0000 ns/op
OverheadWarmup   7: 1 op, 481.00 ns, 481.0000 ns/op
OverheadWarmup   8: 1 op, 471.00 ns, 471.0000 ns/op
OverheadWarmup   9: 1 op, 351.00 ns, 351.0000 ns/op
OverheadWarmup  10: 1 op, 400.00 ns, 400.0000 ns/op

OverheadActual   1: 1 op, 431.00 ns, 431.0000 ns/op
OverheadActual   2: 1 op, 421.00 ns, 421.0000 ns/op
OverheadActual   3: 1 op, 431.00 ns, 431.0000 ns/op
OverheadActual   4: 1 op, 471.00 ns, 471.0000 ns/op
OverheadActual   5: 1 op, 471.00 ns, 471.0000 ns/op
OverheadActual   6: 1 op, 391.00 ns, 391.0000 ns/op
OverheadActual   7: 1 op, 441.00 ns, 441.0000 ns/op
OverheadActual   8: 1 op, 431.00 ns, 431.0000 ns/op
OverheadActual   9: 1 op, 371.00 ns, 371.0000 ns/op
OverheadActual  10: 1 op, 471.00 ns, 471.0000 ns/op
OverheadActual  11: 1 op, 511.00 ns, 511.0000 ns/op
OverheadActual  12: 1 op, 491.00 ns, 491.0000 ns/op
OverheadActual  13: 1 op, 461.00 ns, 461.0000 ns/op
OverheadActual  14: 1 op, 461.00 ns, 461.0000 ns/op
OverheadActual  15: 1 op, 381.00 ns, 381.0000 ns/op
OverheadActual  16: 1 op, 391.00 ns, 391.0000 ns/op
OverheadActual  17: 1 op, 461.00 ns, 461.0000 ns/op
OverheadActual  18: 1 op, 441.00 ns, 441.0000 ns/op
OverheadActual  19: 1 op, 390.00 ns, 390.0000 ns/op
OverheadActual  20: 1 op, 451.00 ns, 451.0000 ns/op

WorkloadWarmup   1: 1 op, 31425650.00 ns, 31.4257 ms/op
WorkloadWarmup   2: 1 op, 29369669.00 ns, 29.3697 ms/op
WorkloadWarmup   3: 1 op, 30629422.00 ns, 30.6294 ms/op

// BeforeActualRun
WorkloadActual   1: 1 op, 30906327.00 ns, 30.9063 ms/op
WorkloadActual   2: 1 op, 31692525.00 ns, 31.6925 ms/op
WorkloadActual   3: 1 op, 31099539.00 ns, 31.0995 ms/op

// AfterActualRun
WorkloadResult   1: 1 op, 30905886.00 ns, 30.9059 ms/op
WorkloadResult   2: 1 op, 31692084.00 ns, 31.6921 ms/op
WorkloadResult   3: 1 op, 31099098.00 ns, 31.0991 ms/op
// GC:  0 0 0 36232 1
// Threading:  0 0 1

// AfterAll
// Benchmark Process 1606276 has exited with code 0.

Mean = 31.232 ms, StdErr = 0.237 ms (0.76%), N = 3, StdDev = 0.410 ms
Min = 30.906 ms, Q1 = 31.002 ms, Median = 31.099 ms, Q3 = 31.396 ms, Max = 31.692 ms
IQR = 0.393 ms, LowerFence = 30.413 ms, UpperFence = 31.985 ms
ConfidenceInterval = [23.758 ms; 38.707 ms] (CI 99.9%), Margin = 7.474 ms (23.93% of Mean)
Skewness = 0.29, Kurtosis = 0.67, MValue = 2

// ** Remained 95 (96.0%) benchmark(s) to run. Estimated finish 2026-09-22 17:02 (0h 1m from now) **
// **************************
// Benchmark: SessionSetupDecompositionBenchmarks.StageS4_ReadinessTeardownOutsideAsync: ShortRun(InvocationCount=1, IterationCount=3, LaunchCount=1, UnrollFactor=1, WarmupCount=3) [Sessions=1]
// *** Execute ***
// Launch: 1 / 1
// Execute: dotnet WinForward.Benchmarks-ShortRun-1.dll --anonymousPipes 123 125 --benchmarkName "WinForward.Benchmarks.Perf.SessionSetupDecompositionBenchmarks.StageS4_ReadinessTeardownOutsideAsync(Sessions: 1)" --job ShortRun --benchmarkId 4 in /home/paff/Projects/WinForward/benchmarks/WinForward.Benchmarks/bin/Release/net10.0/WinForward.Benchmarks-ShortRun-1/bin/Release/net10.0
// Failed to set up high priority (Permission denied). In order to run benchmarks with high priority, make sure you have the right permissions.
// BeforeAnythingElse

// Benchmark Process Environment Information:
// BenchmarkDotNet v0.15.8
// Runtime=.NET 10.0.12 (10.0.12, 10.0.1226.42308), X64 RyuJIT x86-64-v4
// GC=Concurrent Workstation
// HardwareIntrinsics=AVX512 BITALG+VBMI2+VNNI+VPOPCNTDQ,AVX512 IFMA+VBMI,AVX512 F+BW+CD+DQ+VL,AVX2+BMI1+BMI2+F16C+FMA+LZCNT+MOVBE,AVX,SSE3+SSSE3+SSE4.1+SSE4.2+POPCNT,X86Base+SSE+SSE2,AES+PCLMUL,AvxVnni VectorSize=256
// Job: ShortRun(InvocationCount=1, IterationCount=3, LaunchCount=1, UnrollFactor=1, WarmupCount=3)

OverheadJitting  1: 1 op, 289113.00 ns, 289.1130 us/op
WorkloadJitting  1: 1 op, 88707396.00 ns, 88.7074 ms/op

OverheadWarmup   1: 1 op, 632.00 ns, 632.0000 ns/op
OverheadWarmup   2: 1 op, 481.00 ns, 481.0000 ns/op
OverheadWarmup   3: 1 op, 521.00 ns, 521.0000 ns/op
OverheadWarmup   4: 1 op, 381.00 ns, 381.0000 ns/op
OverheadWarmup   5: 1 op, 491.00 ns, 491.0000 ns/op
OverheadWarmup   6: 1 op, 421.00 ns, 421.0000 ns/op

OverheadActual   1: 1 op, 531.00 ns, 531.0000 ns/op
OverheadActual   2: 1 op, 761.00 ns, 761.0000 ns/op
OverheadActual   3: 1 op, 511.00 ns, 511.0000 ns/op
OverheadActual   4: 1 op, 501.00 ns, 501.0000 ns/op
OverheadActual   5: 1 op, 1022.00 ns, 1.0220 us/op
OverheadActual   6: 1 op, 531.00 ns, 531.0000 ns/op
OverheadActual   7: 1 op, 521.00 ns, 521.0000 ns/op
OverheadActual   8: 1 op, 511.00 ns, 511.0000 ns/op
OverheadActual   9: 1 op, 521.00 ns, 521.0000 ns/op
OverheadActual  10: 1 op, 481.00 ns, 481.0000 ns/op
OverheadActual  11: 1 op, 471.00 ns, 471.0000 ns/op
OverheadActual  12: 1 op, 531.00 ns, 531.0000 ns/op
OverheadActual  13: 1 op, 371.00 ns, 371.0000 ns/op
OverheadActual  14: 1 op, 411.00 ns, 411.0000 ns/op
OverheadActual  15: 1 op, 561.00 ns, 561.0000 ns/op
OverheadActual  16: 1 op, 440.00 ns, 440.0000 ns/op
OverheadActual  17: 1 op, 701.00 ns, 701.0000 ns/op
OverheadActual  18: 1 op, 481.00 ns, 481.0000 ns/op
OverheadActual  19: 1 op, 551.00 ns, 551.0000 ns/op
OverheadActual  20: 1 op, 832.00 ns, 832.0000 ns/op

WorkloadWarmup   1: 1 op, 31626359.00 ns, 31.6264 ms/op
WorkloadWarmup   2: 1 op, 30466200.00 ns, 30.4662 ms/op
WorkloadWarmup   3: 1 op, 30053870.00 ns, 30.0539 ms/op

// BeforeActualRun
WorkloadActual   1: 1 op, 30996047.00 ns, 30.9960 ms/op
WorkloadActual   2: 1 op, 30889498.00 ns, 30.8895 ms/op
WorkloadActual   3: 1 op, 31319620.00 ns, 31.3196 ms/op

// AfterActualRun
WorkloadResult   1: 1 op, 30995526.00 ns, 30.9955 ms/op
WorkloadResult   2: 1 op, 30888977.00 ns, 30.8890 ms/op
WorkloadResult   3: 1 op, 31319099.00 ns, 31.3191 ms/op
// GC:  0 0 0 34736 1
// Threading:  0 0 1

// AfterAll
// Benchmark Process 1606826 has exited with code 0.

Mean = 31.068 ms, StdErr = 0.129 ms (0.42%), N = 3, StdDev = 0.224 ms
Min = 30.889 ms, Q1 = 30.942 ms, Median = 30.996 ms, Q3 = 31.157 ms, Max = 31.319 ms
IQR = 0.215 ms, LowerFence = 30.620 ms, UpperFence = 31.480 ms
ConfidenceInterval = [26.981 ms; 35.154 ms] (CI 99.9%), Margin = 4.087 ms (13.15% of Mean)
Skewness = 0.29, Kurtosis = 0.67, MValue = 2

// ** Remained 94 (94.9%) benchmark(s) to run. Estimated finish 2026-09-22 17:02 (0h 1m from now) **
// **************************
// Benchmark: SessionSetupDecompositionBenchmarks.StageS5_ReadinessTeardownInsideAsync: ShortRun(InvocationCount=1, IterationCount=3, LaunchCount=1, UnrollFactor=1, WarmupCount=3) [Sessions=1]
// *** Execute ***
// Launch: 1 / 1
// Execute: dotnet WinForward.Benchmarks-ShortRun-1.dll --anonymousPipes 123 125 --benchmarkName "WinForward.Benchmarks.Perf.SessionSetupDecompositionBenchmarks.StageS5_ReadinessTeardownInsideAsync(Sessions: 1)" --job ShortRun --benchmarkId 5 in /home/paff/Projects/WinForward/benchmarks/WinForward.Benchmarks/bin/Release/net10.0/WinForward.Benchmarks-ShortRun-1/bin/Release/net10.0
// Failed to set up high priority (Permission denied). In order to run benchmarks with high priority, make sure you have the right permissions.
// BeforeAnythingElse

// Benchmark Process Environment Information:
// BenchmarkDotNet v0.15.8
// Runtime=.NET 10.0.12 (10.0.12, 10.0.1226.42308), X64 RyuJIT x86-64-v4
// GC=Concurrent Workstation
// HardwareIntrinsics=AVX512 BITALG+VBMI2+VNNI+VPOPCNTDQ,AVX512 IFMA+VBMI,AVX512 F+BW+CD+DQ+VL,AVX2+BMI1+BMI2+F16C+FMA+LZCNT+MOVBE,AVX,SSE3+SSSE3+SSE4.1+SSE4.2+POPCNT,X86Base+SSE+SSE2,AES+PCLMUL,AvxVnni VectorSize=256
// Job: ShortRun(InvocationCount=1, IterationCount=3, LaunchCount=1, UnrollFactor=1, WarmupCount=3)

OverheadJitting  1: 1 op, 260040.00 ns, 260.0400 us/op
WorkloadJitting  1: 1 op, 113325615.00 ns, 113.3256 ms/op

OverheadWarmup   1: 1 op, 782.00 ns, 782.0000 ns/op
OverheadWarmup   2: 1 op, 491.00 ns, 491.0000 ns/op
OverheadWarmup   3: 1 op, 441.00 ns, 441.0000 ns/op
OverheadWarmup   4: 1 op, 250.00 ns, 250.0000 ns/op
OverheadWarmup   5: 1 op, 261.00 ns, 261.0000 ns/op
OverheadWarmup   6: 1 op, 261.00 ns, 261.0000 ns/op
OverheadWarmup   7: 1 op, 461.00 ns, 461.0000 ns/op
OverheadWarmup   8: 1 op, 782.00 ns, 782.0000 ns/op
OverheadWarmup   9: 1 op, 381.00 ns, 381.0000 ns/op

OverheadActual   1: 1 op, 621.00 ns, 621.0000 ns/op
OverheadActual   2: 1 op, 470.00 ns, 470.0000 ns/op
OverheadActual   3: 1 op, 621.00 ns, 621.0000 ns/op
OverheadActual   4: 1 op, 451.00 ns, 451.0000 ns/op
OverheadActual   5: 1 op, 450.00 ns, 450.0000 ns/op
OverheadActual   6: 1 op, 271.00 ns, 271.0000 ns/op
OverheadActual   7: 1 op, 450.00 ns, 450.0000 ns/op
OverheadActual   8: 1 op, 261.00 ns, 261.0000 ns/op
OverheadActual   9: 1 op, 281.00 ns, 281.0000 ns/op
OverheadActual  10: 1 op, 521.00 ns, 521.0000 ns/op
OverheadActual  11: 1 op, 521.00 ns, 521.0000 ns/op
OverheadActual  12: 1 op, 541.00 ns, 541.0000 ns/op
OverheadActual  13: 1 op, 451.00 ns, 451.0000 ns/op
OverheadActual  14: 1 op, 461.00 ns, 461.0000 ns/op
OverheadActual  15: 1 op, 270.00 ns, 270.0000 ns/op
OverheadActual  16: 1 op, 511.00 ns, 511.0000 ns/op
OverheadActual  17: 1 op, 341.00 ns, 341.0000 ns/op
OverheadActual  18: 1 op, 400.00 ns, 400.0000 ns/op
OverheadActual  19: 1 op, 431.00 ns, 431.0000 ns/op
OverheadActual  20: 1 op, 461.00 ns, 461.0000 ns/op

WorkloadWarmup   1: 1 op, 48340579.00 ns, 48.3406 ms/op
WorkloadWarmup   2: 1 op, 44437101.00 ns, 44.4371 ms/op
WorkloadWarmup   3: 1 op, 44501429.00 ns, 44.5014 ms/op

// BeforeActualRun
WorkloadActual   1: 1 op, 46176348.00 ns, 46.1763 ms/op
WorkloadActual   2: 1 op, 43127197.00 ns, 43.1272 ms/op
WorkloadActual   3: 1 op, 44038186.00 ns, 44.0382 ms/op

// AfterActualRun
WorkloadResult   1: 1 op, 46175897.00 ns, 46.1759 ms/op
WorkloadResult   2: 1 op, 43126746.00 ns, 43.1267 ms/op
WorkloadResult   3: 1 op, 44037735.00 ns, 44.0377 ms/op
// GC:  0 0 0 100080 1
// Threading:  1 64 1
// Exceptions:  130

// AfterAll
// Benchmark Process 1607360 has exited with code 0.

Mean = 44.447 ms, StdErr = 0.904 ms (2.03%), N = 3, StdDev = 1.565 ms
Min = 43.127 ms, Q1 = 43.582 ms, Median = 44.038 ms, Q3 = 45.107 ms, Max = 46.176 ms
IQR = 1.525 ms, LowerFence = 41.295 ms, UpperFence = 47.394 ms
ConfidenceInterval = [15.892 ms; 73.002 ms] (CI 99.9%), Margin = 28.555 ms (64.25% of Mean)
Skewness = 0.24, Kurtosis = 0.67, MValue = 2

// ** Remained 93 (93.9%) benchmark(s) to run. Estimated finish 2026-09-22 17:02 (0h 1m from now) **
// **************************
// Benchmark: SessionSetupDecompositionBenchmarks.StageT1_SessionTeardownInsideAsync: ShortRun(InvocationCount=1, IterationCount=3, LaunchCount=1, UnrollFactor=1, WarmupCount=3) [Sessions=1]
// *** Execute ***
// Launch: 1 / 1
// Execute: dotnet WinForward.Benchmarks-ShortRun-1.dll --anonymousPipes 123 125 --benchmarkName "WinForward.Benchmarks.Perf.SessionSetupDecompositionBenchmarks.StageT1_SessionTeardownInsideAsync(Sessions: 1)" --job ShortRun --benchmarkId 6 in /home/paff/Projects/WinForward/benchmarks/WinForward.Benchmarks/bin/Release/net10.0/WinForward.Benchmarks-ShortRun-1/bin/Release/net10.0
// Failed to set up high priority (Permission denied). In order to run benchmarks with high priority, make sure you have the right permissions.
// BeforeAnythingElse

// Benchmark Process Environment Information:
// BenchmarkDotNet v0.15.8
// Runtime=.NET 10.0.12 (10.0.12, 10.0.1226.42308), X64 RyuJIT x86-64-v4
// GC=Concurrent Workstation
// HardwareIntrinsics=AVX512 BITALG+VBMI2+VNNI+VPOPCNTDQ,AVX512 IFMA+VBMI,AVX512 F+BW+CD+DQ+VL,AVX2+BMI1+BMI2+F16C+FMA+LZCNT+MOVBE,AVX,SSE3+SSSE3+SSE4.1+SSE4.2+POPCNT,X86Base+SSE+SSE2,AES+PCLMUL,AvxVnni VectorSize=256
// Job: ShortRun(InvocationCount=1, IterationCount=3, LaunchCount=1, UnrollFactor=1, WarmupCount=3)

OverheadJitting  1: 1 op, 283313.00 ns, 283.3130 us/op
WorkloadJitting  1: 1 op, 39381479.00 ns, 39.3815 ms/op

OverheadWarmup   1: 1 op, 411.00 ns, 411.0000 ns/op
OverheadWarmup   2: 1 op, 410.00 ns, 410.0000 ns/op
OverheadWarmup   3: 1 op, 381.00 ns, 381.0000 ns/op
OverheadWarmup   4: 1 op, 411.00 ns, 411.0000 ns/op
OverheadWarmup   5: 1 op, 361.00 ns, 361.0000 ns/op
OverheadWarmup   6: 1 op, 411.00 ns, 411.0000 ns/op
OverheadWarmup   7: 1 op, 491.00 ns, 491.0000 ns/op
OverheadWarmup   8: 1 op, 370.00 ns, 370.0000 ns/op

OverheadActual   1: 1 op, 401.00 ns, 401.0000 ns/op
OverheadActual   2: 1 op, 410.00 ns, 410.0000 ns/op
OverheadActual   3: 1 op, 411.00 ns, 411.0000 ns/op
OverheadActual   4: 1 op, 401.00 ns, 401.0000 ns/op
OverheadActual   5: 1 op, 401.00 ns, 401.0000 ns/op
OverheadActual   6: 1 op, 391.00 ns, 391.0000 ns/op
OverheadActual   7: 1 op, 361.00 ns, 361.0000 ns/op
OverheadActual   8: 1 op, 410.00 ns, 410.0000 ns/op
OverheadActual   9: 1 op, 340.00 ns, 340.0000 ns/op
OverheadActual  10: 1 op, 351.00 ns, 351.0000 ns/op
OverheadActual  11: 1 op, 491.00 ns, 491.0000 ns/op
OverheadActual  12: 1 op, 371.00 ns, 371.0000 ns/op
OverheadActual  13: 1 op, 341.00 ns, 341.0000 ns/op
OverheadActual  14: 1 op, 381.00 ns, 381.0000 ns/op
OverheadActual  15: 1 op, 391.00 ns, 391.0000 ns/op
OverheadActual  16: 1 op, 361.00 ns, 361.0000 ns/op
OverheadActual  17: 1 op, 350.00 ns, 350.0000 ns/op
OverheadActual  18: 1 op, 401.00 ns, 401.0000 ns/op
OverheadActual  19: 1 op, 280.00 ns, 280.0000 ns/op
OverheadActual  20: 1 op, 511.00 ns, 511.0000 ns/op

WorkloadWarmup   1: 1 op, 703352.00 ns, 703.3520 us/op
WorkloadWarmup   2: 1 op, 454406.00 ns, 454.4060 us/op
WorkloadWarmup   3: 1 op, 279125.00 ns, 279.1250 us/op

// BeforeActualRun
WorkloadActual   1: 1 op, 352459.00 ns, 352.4590 us/op
WorkloadActual   2: 1 op, 331271.00 ns, 331.2710 us/op
WorkloadActual   3: 1 op, 275707.00 ns, 275.7070 us/op

// AfterActualRun
WorkloadResult   1: 1 op, 352068.00 ns, 352.0680 us/op
WorkloadResult   2: 1 op, 330880.00 ns, 330.8800 us/op
WorkloadResult   3: 1 op, 275316.00 ns, 275.3160 us/op
// GC:  0 0 0 7760 1
// Threading:  1 0 1
// Exceptions:  2

// AfterAll
// Benchmark Process 1607888 has exited with code 0.

Mean = 319.421 us, StdErr = 22.885 us (7.16%), N = 3, StdDev = 39.638 us
Min = 275.316 us, Q1 = 303.098 us, Median = 330.880 us, Q3 = 341.474 us, Max = 352.068 us
IQR = 38.376 us, LowerFence = 245.534 us, UpperFence = 399.038 us
ConfidenceInterval = [-403.728 us; 1,042.571 us] (CI 99.9%), Margin = 723.150 us (226.39% of Mean)
Skewness = -0.26, Kurtosis = 0.67, MValue = 2

// ** Remained 92 (92.9%) benchmark(s) to run. Estimated finish 2026-09-22 17:02 (0h 0m from now) **
// **************************
// Benchmark: SessionSetupDecompositionBenchmarks.StageT3_ExpiryRetireInsideAsync: ShortRun(InvocationCount=1, IterationCount=3, LaunchCount=1, UnrollFactor=1, WarmupCount=3) [Sessions=1]
// *** Execute ***
// Launch: 1 / 1
// Execute: dotnet WinForward.Benchmarks-ShortRun-1.dll --anonymousPipes 123 125 --benchmarkName "WinForward.Benchmarks.Perf.SessionSetupDecompositionBenchmarks.StageT3_ExpiryRetireInsideAsync(Sessions: 1)" --job ShortRun --benchmarkId 7 in /home/paff/Projects/WinForward/benchmarks/WinForward.Benchmarks/bin/Release/net10.0/WinForward.Benchmarks-ShortRun-1/bin/Release/net10.0
// Failed to set up high priority (Permission denied). In order to run benchmarks with high priority, make sure you have the right permissions.
// BeforeAnythingElse

// Benchmark Process Environment Information:
// BenchmarkDotNet v0.15.8
// Runtime=.NET 10.0.12 (10.0.12, 10.0.1226.42308), X64 RyuJIT x86-64-v4
// GC=Concurrent Workstation
// HardwareIntrinsics=AVX512 BITALG+VBMI2+VNNI+VPOPCNTDQ,AVX512 IFMA+VBMI,AVX512 F+BW+CD+DQ+VL,AVX2+BMI1+BMI2+F16C+FMA+LZCNT+MOVBE,AVX,SSE3+SSSE3+SSE4.1+SSE4.2+POPCNT,X86Base+SSE+SSE2,AES+PCLMUL,AvxVnni VectorSize=256
// Job: ShortRun(InvocationCount=1, IterationCount=3, LaunchCount=1, UnrollFactor=1, WarmupCount=3)

OverheadJitting  1: 1 op, 243389.00 ns, 243.3890 us/op
WorkloadJitting  1: 1 op, 96499743.00 ns, 96.4997 ms/op

OverheadWarmup   1: 1 op, 1012.00 ns, 1.0120 us/op
OverheadWarmup   2: 1 op, 451.00 ns, 451.0000 ns/op
OverheadWarmup   3: 1 op, 470.00 ns, 470.0000 ns/op
OverheadWarmup   4: 1 op, 390.00 ns, 390.0000 ns/op
OverheadWarmup   5: 1 op, 391.00 ns, 391.0000 ns/op
OverheadWarmup   6: 1 op, 401.00 ns, 401.0000 ns/op
OverheadWarmup   7: 1 op, 461.00 ns, 461.0000 ns/op
OverheadWarmup   8: 1 op, 641.00 ns, 641.0000 ns/op
OverheadWarmup   9: 1 op, 361.00 ns, 361.0000 ns/op

OverheadActual   1: 1 op, 461.00 ns, 461.0000 ns/op
OverheadActual   2: 1 op, 460.00 ns, 460.0000 ns/op
OverheadActual   3: 1 op, 461.00 ns, 461.0000 ns/op
OverheadActual   4: 1 op, 431.00 ns, 431.0000 ns/op
OverheadActual   5: 1 op, 461.00 ns, 461.0000 ns/op
OverheadActual   6: 1 op, 391.00 ns, 391.0000 ns/op
OverheadActual   7: 1 op, 371.00 ns, 371.0000 ns/op
OverheadActual   8: 1 op, 451.00 ns, 451.0000 ns/op
OverheadActual   9: 1 op, 441.00 ns, 441.0000 ns/op
OverheadActual  10: 1 op, 421.00 ns, 421.0000 ns/op
OverheadActual  11: 1 op, 351.00 ns, 351.0000 ns/op
OverheadActual  12: 1 op, 400.00 ns, 400.0000 ns/op
OverheadActual  13: 1 op, 451.00 ns, 451.0000 ns/op
OverheadActual  14: 1 op, 441.00 ns, 441.0000 ns/op
OverheadActual  15: 1 op, 451.00 ns, 451.0000 ns/op
OverheadActual  16: 1 op, 440.00 ns, 440.0000 ns/op
OverheadActual  17: 1 op, 360.00 ns, 360.0000 ns/op
OverheadActual  18: 1 op, 341.00 ns, 341.0000 ns/op
OverheadActual  19: 1 op, 441.00 ns, 441.0000 ns/op
OverheadActual  20: 1 op, 390.00 ns, 390.0000 ns/op

WorkloadWarmup   1: 1 op, 31381005.00 ns, 31.3810 ms/op
WorkloadWarmup   2: 1 op, 30268223.00 ns, 30.2682 ms/op
WorkloadWarmup   3: 1 op, 30518364.00 ns, 30.5184 ms/op

// BeforeActualRun
WorkloadActual   1: 1 op, 30118567.00 ns, 30.1186 ms/op
WorkloadActual   2: 1 op, 30630762.00 ns, 30.6308 ms/op
WorkloadActual   3: 1 op, 30070268.00 ns, 30.0703 ms/op

// AfterActualRun
WorkloadResult   1: 1 op, 30118126.50 ns, 30.1181 ms/op
WorkloadResult   2: 1 op, 30630321.50 ns, 30.6303 ms/op
WorkloadResult   3: 1 op, 30069827.50 ns, 30.0698 ms/op
// GC:  0 0 0 36064 1
// Threading:  1 0 1
// Exceptions:  2

// AfterAll
// Benchmark Process 1607900 has exited with code 0.

Mean = 30.273 ms, StdErr = 0.179 ms (0.59%), N = 3, StdDev = 0.311 ms
Min = 30.070 ms, Q1 = 30.094 ms, Median = 30.118 ms, Q3 = 30.374 ms, Max = 30.630 ms
IQR = 0.280 ms, LowerFence = 29.674 ms, UpperFence = 30.795 ms
ConfidenceInterval = [24.606 ms; 35.939 ms] (CI 99.9%), Margin = 5.666 ms (18.72% of Mean)
Skewness = 0.37, Kurtosis = 0.67, MValue = 2

// ** Remained 91 (91.9%) benchmark(s) to run. Estimated finish 2026-09-22 17:02 (0h 0m from now) **
// **************************
// Benchmark: SessionSetupDecompositionBenchmarks.StageT5_NonThrowingParkTeardownAsync: ShortRun(InvocationCount=1, IterationCount=3, LaunchCount=1, UnrollFactor=1, WarmupCount=3) [Sessions=1]
// *** Execute ***
// Launch: 1 / 1
// Execute: dotnet WinForward.Benchmarks-ShortRun-1.dll --anonymousPipes 123 125 --benchmarkName "WinForward.Benchmarks.Perf.SessionSetupDecompositionBenchmarks.StageT5_NonThrowingParkTeardownAsync(Sessions: 1)" --job ShortRun --benchmarkId 8 in /home/paff/Projects/WinForward/benchmarks/WinForward.Benchmarks/bin/Release/net10.0/WinForward.Benchmarks-ShortRun-1/bin/Release/net10.0
// Failed to set up high priority (Permission denied). In order to run benchmarks with high priority, make sure you have the right permissions.
// BeforeAnythingElse

// Benchmark Process Environment Information:
// BenchmarkDotNet v0.15.8
// Runtime=.NET 10.0.12 (10.0.12, 10.0.1226.42308), X64 RyuJIT x86-64-v4
// GC=Concurrent Workstation
// HardwareIntrinsics=AVX512 BITALG+VBMI2+VNNI+VPOPCNTDQ,AVX512 IFMA+VBMI,AVX512 F+BW+CD+DQ+VL,AVX2+BMI1+BMI2+F16C+FMA+LZCNT+MOVBE,AVX,SSE3+SSSE3+SSE4.1+SSE4.2+POPCNT,X86Base+SSE+SSE2,AES+PCLMUL,AvxVnni VectorSize=256
// Job: ShortRun(InvocationCount=1, IterationCount=3, LaunchCount=1, UnrollFactor=1, WarmupCount=3)

OverheadJitting  1: 1 op, 258546.00 ns, 258.5460 us/op
WorkloadJitting  1: 1 op, 38958497.00 ns, 38.9585 ms/op

OverheadWarmup   1: 1 op, 521.00 ns, 521.0000 ns/op
OverheadWarmup   2: 1 op, 451.00 ns, 451.0000 ns/op
OverheadWarmup   3: 1 op, 571.00 ns, 571.0000 ns/op
OverheadWarmup   4: 1 op, 591.00 ns, 591.0000 ns/op
OverheadWarmup   5: 1 op, 331.00 ns, 331.0000 ns/op
OverheadWarmup   6: 1 op, 471.00 ns, 471.0000 ns/op
OverheadWarmup   7: 1 op, 501.00 ns, 501.0000 ns/op
OverheadWarmup   8: 1 op, 481.00 ns, 481.0000 ns/op

OverheadActual   1: 1 op, 561.00 ns, 561.0000 ns/op
OverheadActual   2: 1 op, 421.00 ns, 421.0000 ns/op
OverheadActual   3: 1 op, 440.00 ns, 440.0000 ns/op
OverheadActual   4: 1 op, 581.00 ns, 581.0000 ns/op
OverheadActual   5: 1 op, 441.00 ns, 441.0000 ns/op
OverheadActual   6: 1 op, 380.00 ns, 380.0000 ns/op
OverheadActual   7: 1 op, 471.00 ns, 471.0000 ns/op
OverheadActual   8: 1 op, 481.00 ns, 481.0000 ns/op
OverheadActual   9: 1 op, 391.00 ns, 391.0000 ns/op
OverheadActual  10: 1 op, 470.00 ns, 470.0000 ns/op
OverheadActual  11: 1 op, 501.00 ns, 501.0000 ns/op
OverheadActual  12: 1 op, 480.00 ns, 480.0000 ns/op
OverheadActual  13: 1 op, 471.00 ns, 471.0000 ns/op
OverheadActual  14: 1 op, 380.00 ns, 380.0000 ns/op
OverheadActual  15: 1 op, 371.00 ns, 371.0000 ns/op
OverheadActual  16: 1 op, 390.00 ns, 390.0000 ns/op
OverheadActual  17: 1 op, 451.00 ns, 451.0000 ns/op
OverheadActual  18: 1 op, 551.00 ns, 551.0000 ns/op
OverheadActual  19: 1 op, 471.00 ns, 471.0000 ns/op
OverheadActual  20: 1 op, 481.00 ns, 481.0000 ns/op

WorkloadWarmup   1: 1 op, 596971.00 ns, 596.9710 us/op
WorkloadWarmup   2: 1 op, 277193.00 ns, 277.1930 us/op
WorkloadWarmup   3: 1 op, 243935.00 ns, 243.9350 us/op

// BeforeActualRun
WorkloadActual   1: 1 op, 302073.00 ns, 302.0730 us/op
WorkloadActual   2: 1 op, 252175.00 ns, 252.1750 us/op
WorkloadActual   3: 1 op, 313452.00 ns, 313.4520 us/op

// AfterActualRun
WorkloadResult   1: 1 op, 301602.50 ns, 301.6025 us/op
WorkloadResult   2: 1 op, 251704.50 ns, 251.7045 us/op
WorkloadResult   3: 1 op, 312981.50 ns, 312.9815 us/op
// GC:  0 0 0 6464 1
// Threading:  1 0 1

// AfterAll
// Benchmark Process 1608427 has exited with code 0.

Mean = 288.763 us, StdErr = 18.818 us (6.52%), N = 3, StdDev = 32.594 us
Min = 251.704 us, Q1 = 276.654 us, Median = 301.603 us, Q3 = 307.292 us, Max = 312.981 us
IQR = 30.639 us, LowerFence = 230.696 us, UpperFence = 353.250 us
ConfidenceInterval = [-305.871 us; 883.396 us] (CI 99.9%), Margin = 594.634 us (205.92% of Mean)
Skewness = -0.33, Kurtosis = 0.67, MValue = 2

// ** Remained 90 (90.9%) benchmark(s) to run. Estimated finish 2026-09-22 17:02 (0h 0m from now) **
// **************************
// Benchmark: SessionSetupDecompositionBenchmarks.BaselineF_FakeTransportCreationAsync: ShortRun(InvocationCount=1, IterationCount=3, LaunchCount=1, UnrollFactor=1, WarmupCount=3) [Sessions=1]
// *** Execute ***
// Launch: 1 / 1
// Execute: dotnet WinForward.Benchmarks-ShortRun-1.dll --anonymousPipes 123 125 --benchmarkName "WinForward.Benchmarks.Perf.SessionSetupDecompositionBenchmarks.BaselineF_FakeTransportCreationAsync(Sessions: 1)" --job ShortRun --benchmarkId 9 in /home/paff/Projects/WinForward/benchmarks/WinForward.Benchmarks/bin/Release/net10.0/WinForward.Benchmarks-ShortRun-1/bin/Release/net10.0
// Failed to set up high priority (Permission denied). In order to run benchmarks with high priority, make sure you have the right permissions.
// BeforeAnythingElse

// Benchmark Process Environment Information:
// BenchmarkDotNet v0.15.8
// Runtime=.NET 10.0.12 (10.0.12, 10.0.1226.42308), X64 RyuJIT x86-64-v4
// GC=Concurrent Workstation
// HardwareIntrinsics=AVX512 BITALG+VBMI2+VNNI+VPOPCNTDQ,AVX512 IFMA+VBMI,AVX512 F+BW+CD+DQ+VL,AVX2+BMI1+BMI2+F16C+FMA+LZCNT+MOVBE,AVX,SSE3+SSSE3+SSE4.1+SSE4.2+POPCNT,X86Base+SSE+SSE2,AES+PCLMUL,AvxVnni VectorSize=256
// Job: ShortRun(InvocationCount=1, IterationCount=3, LaunchCount=1, UnrollFactor=1, WarmupCount=3)

OverheadJitting  1: 1 op, 290395.00 ns, 290.3950 us/op
WorkloadJitting  1: 1 op, 6095630.00 ns, 6.0956 ms/op

OverheadWarmup   1: 1 op, 461.00 ns, 461.0000 ns/op
OverheadWarmup   2: 1 op, 641.00 ns, 641.0000 ns/op
OverheadWarmup   3: 1 op, 280.00 ns, 280.0000 ns/op
OverheadWarmup   4: 1 op, 261.00 ns, 261.0000 ns/op
OverheadWarmup   5: 1 op, 481.00 ns, 481.0000 ns/op
OverheadWarmup   6: 1 op, 491.00 ns, 491.0000 ns/op
OverheadWarmup   7: 1 op, 261.00 ns, 261.0000 ns/op

OverheadActual   1: 1 op, 441.00 ns, 441.0000 ns/op
OverheadActual   2: 1 op, 441.00 ns, 441.0000 ns/op
OverheadActual   3: 1 op, 591.00 ns, 591.0000 ns/op
OverheadActual   4: 1 op, 461.00 ns, 461.0000 ns/op
OverheadActual   5: 1 op, 491.00 ns, 491.0000 ns/op
OverheadActual   6: 1 op, 461.00 ns, 461.0000 ns/op
OverheadActual   7: 1 op, 260.00 ns, 260.0000 ns/op
OverheadActual   8: 1 op, 260.00 ns, 260.0000 ns/op
OverheadActual   9: 1 op, 481.00 ns, 481.0000 ns/op
OverheadActual  10: 1 op, 371.00 ns, 371.0000 ns/op
OverheadActual  11: 1 op, 250.00 ns, 250.0000 ns/op
OverheadActual  12: 1 op, 271.00 ns, 271.0000 ns/op
OverheadActual  13: 1 op, 461.00 ns, 461.0000 ns/op
OverheadActual  14: 1 op, 491.00 ns, 491.0000 ns/op
OverheadActual  15: 1 op, 440.00 ns, 440.0000 ns/op
OverheadActual  16: 1 op, 280.00 ns, 280.0000 ns/op
OverheadActual  17: 1 op, 261.00 ns, 261.0000 ns/op
OverheadActual  18: 1 op, 450.00 ns, 450.0000 ns/op
OverheadActual  19: 1 op, 1012.00 ns, 1.0120 us/op
OverheadActual  20: 1 op, 431.00 ns, 431.0000 ns/op

WorkloadWarmup   1: 1 op, 167499.00 ns, 167.4990 us/op
WorkloadWarmup   2: 1 op, 8897.00 ns, 8.8970 us/op
WorkloadWarmup   3: 1 op, 8636.00 ns, 8.6360 us/op

// BeforeActualRun
WorkloadActual   1: 1 op, 8195.00 ns, 8.1950 us/op
WorkloadActual   2: 1 op, 7905.00 ns, 7.9050 us/op
WorkloadActual   3: 1 op, 7133.00 ns, 7.1330 us/op

// AfterActualRun
WorkloadResult   1: 1 op, 7754.00 ns, 7.7540 us/op
WorkloadResult   2: 1 op, 7464.00 ns, 7.4640 us/op
WorkloadResult   3: 1 op, 6692.00 ns, 6.6920 us/op
// GC:  0 0 0 136 1
// Threading:  0 0 1

// AfterAll
// Benchmark Process 1608439 has exited with code 0.

Mean = 7.303 us, StdErr = 0.317 us (4.34%), N = 3, StdDev = 0.549 us
Min = 6.692 us, Q1 = 7.078 us, Median = 7.464 us, Q3 = 7.609 us, Max = 7.754 us
IQR = 0.531 us, LowerFence = 6.282 us, UpperFence = 8.405 us
ConfidenceInterval = [-2.711 us; 17.318 us] (CI 99.9%), Margin = 10.014 us (137.12% of Mean)
Skewness = -0.27, Kurtosis = 0.67, MValue = 2

// ** Remained 89 (89.9%) benchmark(s) to run. Estimated finish 2026-09-22 17:02 (0h 0m from now) **
// **************************
// Benchmark: SessionSetupDecompositionBenchmarks.BaselineH_FlowKeyConstruction: ShortRun(InvocationCount=1, IterationCount=3, LaunchCount=1, UnrollFactor=1, WarmupCount=3) [Sessions=1]
// *** Execute ***
// Launch: 1 / 1
// Execute: dotnet WinForward.Benchmarks-ShortRun-1.dll --anonymousPipes 123 125 --benchmarkName "WinForward.Benchmarks.Perf.SessionSetupDecompositionBenchmarks.BaselineH_FlowKeyConstruction(Sessions: 1)" --job ShortRun --benchmarkId 10 in /home/paff/Projects/WinForward/benchmarks/WinForward.Benchmarks/bin/Release/net10.0/WinForward.Benchmarks-ShortRun-1/bin/Release/net10.0
// Failed to set up high priority (Permission denied). In order to run benchmarks with high priority, make sure you have the right permissions.
// BeforeAnythingElse

// Benchmark Process Environment Information:
// BenchmarkDotNet v0.15.8
// Runtime=.NET 10.0.12 (10.0.12, 10.0.1226.42308), X64 RyuJIT x86-64-v4
// GC=Concurrent Workstation
// HardwareIntrinsics=AVX512 BITALG+VBMI2+VNNI+VPOPCNTDQ,AVX512 IFMA+VBMI,AVX512 F+BW+CD+DQ+VL,AVX2+BMI1+BMI2+F16C+FMA+LZCNT+MOVBE,AVX,SSE3+SSSE3+SSE4.1+SSE4.2+POPCNT,X86Base+SSE+SSE2,AES+PCLMUL,AvxVnni VectorSize=256
// Job: ShortRun(InvocationCount=1, IterationCount=3, LaunchCount=1, UnrollFactor=1, WarmupCount=3)

OverheadJitting  1: 1 op, 270068.00 ns, 270.0680 us/op
WorkloadJitting  1: 1 op, 8805587.00 ns, 8.8056 ms/op

OverheadWarmup   1: 1 op, 1152.00 ns, 1.1520 us/op
OverheadWarmup   2: 1 op, 511.00 ns, 511.0000 ns/op
OverheadWarmup   3: 1 op, 320.00 ns, 320.0000 ns/op
OverheadWarmup   4: 1 op, 451.00 ns, 451.0000 ns/op
OverheadWarmup   5: 1 op, 421.00 ns, 421.0000 ns/op
OverheadWarmup   6: 1 op, 441.00 ns, 441.0000 ns/op
OverheadWarmup   7: 1 op, 571.00 ns, 571.0000 ns/op
OverheadWarmup   8: 1 op, 451.00 ns, 451.0000 ns/op

OverheadActual   1: 1 op, 470.00 ns, 470.0000 ns/op
OverheadActual   2: 1 op, 491.00 ns, 491.0000 ns/op
OverheadActual   3: 1 op, 611.00 ns, 611.0000 ns/op
OverheadActual   4: 1 op, 841.00 ns, 841.0000 ns/op
OverheadActual   5: 1 op, 401.00 ns, 401.0000 ns/op
OverheadActual   6: 1 op, 491.00 ns, 491.0000 ns/op
OverheadActual   7: 1 op, 411.00 ns, 411.0000 ns/op
OverheadActual   8: 1 op, 481.00 ns, 481.0000 ns/op
OverheadActual   9: 1 op, 460.00 ns, 460.0000 ns/op
OverheadActual  10: 1 op, 621.00 ns, 621.0000 ns/op
OverheadActual  11: 1 op, 631.00 ns, 631.0000 ns/op
OverheadActual  12: 1 op, 421.00 ns, 421.0000 ns/op
OverheadActual  13: 1 op, 281.00 ns, 281.0000 ns/op
OverheadActual  14: 1 op, 451.00 ns, 451.0000 ns/op
OverheadActual  15: 1 op, 461.00 ns, 461.0000 ns/op
OverheadActual  16: 1 op, 451.00 ns, 451.0000 ns/op
OverheadActual  17: 1 op, 511.00 ns, 511.0000 ns/op
OverheadActual  18: 1 op, 451.00 ns, 451.0000 ns/op
OverheadActual  19: 1 op, 450.00 ns, 450.0000 ns/op
OverheadActual  20: 1 op, 301.00 ns, 301.0000 ns/op

WorkloadWarmup   1: 1 op, 22040.00 ns, 22.0400 us/op
WorkloadWarmup   2: 1 op, 15568.00 ns, 15.5680 us/op
WorkloadWarmup   3: 1 op, 12784.00 ns, 12.7840 us/op

// BeforeActualRun
WorkloadActual   1: 1 op, 14307.00 ns, 14.3070 us/op
WorkloadActual   2: 1 op, 14176.00 ns, 14.1760 us/op
WorkloadActual   3: 1 op, 13976.00 ns, 13.9760 us/op

// AfterActualRun
WorkloadResult   1: 1 op, 13846.50 ns, 13.8465 us/op
WorkloadResult   2: 1 op, 13715.50 ns, 13.7155 us/op
WorkloadResult   3: 1 op, 13515.50 ns, 13.5155 us/op
// GC:  0 0 0 352 1
// Threading:  0 0 1

// AfterAll
// Benchmark Process 1608453 has exited with code 0.

Mean = 13.693 us, StdErr = 0.096 us (0.70%), N = 3, StdDev = 0.167 us
Min = 13.515 us, Q1 = 13.616 us, Median = 13.716 us, Q3 = 13.781 us, Max = 13.847 us
IQR = 0.166 us, LowerFence = 13.367 us, UpperFence = 14.029 us
ConfidenceInterval = [10.651 us; 16.734 us] (CI 99.9%), Margin = 3.041 us (22.21% of Mean)
Skewness = -0.14, Kurtosis = 0.67, MValue = 2

// ** Remained 88 (88.9%) benchmark(s) to run. Estimated finish 2026-09-22 17:02 (0h 0m from now) **
// **************************
// Benchmark: SessionSetupDecompositionBenchmarks.ComponentC1_AssociationClaimRelease: ShortRun(InvocationCount=1, IterationCount=3, LaunchCount=1, UnrollFactor=1, WarmupCount=3) [Sessions=1]
// *** Execute ***
// Launch: 1 / 1
// Execute: dotnet WinForward.Benchmarks-ShortRun-1.dll --anonymousPipes 123 125 --benchmarkName "WinForward.Benchmarks.Perf.SessionSetupDecompositionBenchmarks.ComponentC1_AssociationClaimRelease(Sessions: 1)" --job ShortRun --benchmarkId 11 in /home/paff/Projects/WinForward/benchmarks/WinForward.Benchmarks/bin/Release/net10.0/WinForward.Benchmarks-ShortRun-1/bin/Release/net10.0
// Failed to set up high priority (Permission denied). In order to run benchmarks with high priority, make sure you have the right permissions.
// BeforeAnythingElse

// Benchmark Process Environment Information:
// BenchmarkDotNet v0.15.8
// Runtime=.NET 10.0.12 (10.0.12, 10.0.1226.42308), X64 RyuJIT x86-64-v4
// GC=Concurrent Workstation
// HardwareIntrinsics=AVX512 BITALG+VBMI2+VNNI+VPOPCNTDQ,AVX512 IFMA+VBMI,AVX512 F+BW+CD+DQ+VL,AVX2+BMI1+BMI2+F16C+FMA+LZCNT+MOVBE,AVX,SSE3+SSSE3+SSE4.1+SSE4.2+POPCNT,X86Base+SSE+SSE2,AES+PCLMUL,AvxVnni VectorSize=256
// Job: ShortRun(InvocationCount=1, IterationCount=3, LaunchCount=1, UnrollFactor=1, WarmupCount=3)

OverheadJitting  1: 1 op, 286308.00 ns, 286.3080 us/op
WorkloadJitting  1: 1 op, 18470658.00 ns, 18.4707 ms/op

OverheadWarmup   1: 1 op, 611.00 ns, 611.0000 ns/op
OverheadWarmup   2: 1 op, 320.00 ns, 320.0000 ns/op
OverheadWarmup   3: 1 op, 410.00 ns, 410.0000 ns/op
OverheadWarmup   4: 1 op, 421.00 ns, 421.0000 ns/op
OverheadWarmup   5: 1 op, 481.00 ns, 481.0000 ns/op
OverheadWarmup   6: 1 op, 521.00 ns, 521.0000 ns/op
OverheadWarmup   7: 1 op, 291.00 ns, 291.0000 ns/op
OverheadWarmup   8: 1 op, 581.00 ns, 581.0000 ns/op
OverheadWarmup   9: 1 op, 451.00 ns, 451.0000 ns/op

OverheadActual   1: 1 op, 481.00 ns, 481.0000 ns/op
OverheadActual   2: 1 op, 481.00 ns, 481.0000 ns/op
OverheadActual   3: 1 op, 481.00 ns, 481.0000 ns/op
OverheadActual   4: 1 op, 471.00 ns, 471.0000 ns/op
OverheadActual   5: 1 op, 481.00 ns, 481.0000 ns/op
OverheadActual   6: 1 op, 330.00 ns, 330.0000 ns/op
OverheadActual   7: 1 op, 471.00 ns, 471.0000 ns/op
OverheadActual   8: 1 op, 491.00 ns, 491.0000 ns/op
OverheadActual   9: 1 op, 481.00 ns, 481.0000 ns/op
OverheadActual  10: 1 op, 341.00 ns, 341.0000 ns/op
OverheadActual  11: 1 op, 681.00 ns, 681.0000 ns/op
OverheadActual  12: 1 op, 421.00 ns, 421.0000 ns/op
OverheadActual  13: 1 op, 390.00 ns, 390.0000 ns/op
OverheadActual  14: 1 op, 511.00 ns, 511.0000 ns/op
OverheadActual  15: 1 op, 491.00 ns, 491.0000 ns/op
OverheadActual  16: 1 op, 341.00 ns, 341.0000 ns/op
OverheadActual  17: 1 op, 421.00 ns, 421.0000 ns/op
OverheadActual  18: 1 op, 441.00 ns, 441.0000 ns/op
OverheadActual  19: 1 op, 420.00 ns, 420.0000 ns/op
OverheadActual  20: 1 op, 391.00 ns, 391.0000 ns/op

WorkloadWarmup   1: 1 op, 44713.00 ns, 44.7130 us/op
WorkloadWarmup   2: 1 op, 27009.00 ns, 27.0090 us/op
WorkloadWarmup   3: 1 op, 25176.00 ns, 25.1760 us/op

// BeforeActualRun
WorkloadActual   1: 1 op, 25808.00 ns, 25.8080 us/op
WorkloadActual   2: 1 op, 26699.00 ns, 26.6990 us/op
WorkloadActual   3: 1 op, 22031.00 ns, 22.0310 us/op

// AfterActualRun
WorkloadResult   1: 1 op, 25337.00 ns, 25.3370 us/op
WorkloadResult   2: 1 op, 26228.00 ns, 26.2280 us/op
WorkloadResult   3: 1 op, 21560.00 ns, 21.5600 us/op
// GC:  0 0 0 2120 1
// Threading:  0 0 1

// AfterAll
// Benchmark Process 1608462 has exited with code 0.

Mean = 24.375 us, StdErr = 1.431 us (5.87%), N = 3, StdDev = 2.478 us
Min = 21.560 us, Q1 = 23.448 us, Median = 25.337 us, Q3 = 25.782 us, Max = 26.228 us
IQR = 2.334 us, LowerFence = 19.948 us, UpperFence = 29.284 us
ConfidenceInterval = [-20.837 us; 69.587 us] (CI 99.9%), Margin = 45.212 us (185.49% of Mean)
Skewness = -0.33, Kurtosis = 0.67, MValue = 2

// ** Remained 87 (87.9%) benchmark(s) to run. Estimated finish 2026-09-22 17:02 (0h 0m from now) **
// **************************
// Benchmark: SessionSetupDecompositionBenchmarks.ComponentC2_SessionConstructStartAsync: ShortRun(InvocationCount=1, IterationCount=3, LaunchCount=1, UnrollFactor=1, WarmupCount=3) [Sessions=1]
// *** Execute ***
// Launch: 1 / 1
// Execute: dotnet WinForward.Benchmarks-ShortRun-1.dll --anonymousPipes 123 125 --benchmarkName "WinForward.Benchmarks.Perf.SessionSetupDecompositionBenchmarks.ComponentC2_SessionConstructStartAsync(Sessions: 1)" --job ShortRun --benchmarkId 12 in /home/paff/Projects/WinForward/benchmarks/WinForward.Benchmarks/bin/Release/net10.0/WinForward.Benchmarks-ShortRun-1/bin/Release/net10.0
// Failed to set up high priority (Permission denied). In order to run benchmarks with high priority, make sure you have the right permissions.
// BeforeAnythingElse

// Benchmark Process Environment Information:
// BenchmarkDotNet v0.15.8
// Runtime=.NET 10.0.12 (10.0.12, 10.0.1226.42308), X64 RyuJIT x86-64-v4
// GC=Concurrent Workstation
// HardwareIntrinsics=AVX512 BITALG+VBMI2+VNNI+VPOPCNTDQ,AVX512 IFMA+VBMI,AVX512 F+BW+CD+DQ+VL,AVX2+BMI1+BMI2+F16C+FMA+LZCNT+MOVBE,AVX,SSE3+SSSE3+SSE4.1+SSE4.2+POPCNT,X86Base+SSE+SSE2,AES+PCLMUL,AvxVnni VectorSize=256
// Job: ShortRun(InvocationCount=1, IterationCount=3, LaunchCount=1, UnrollFactor=1, WarmupCount=3)

OverheadJitting  1: 1 op, 267413.00 ns, 267.4130 us/op
WorkloadJitting  1: 1 op, 33424257.00 ns, 33.4243 ms/op

OverheadWarmup   1: 1 op, 872.00 ns, 872.0000 ns/op
OverheadWarmup   2: 1 op, 922.00 ns, 922.0000 ns/op
OverheadWarmup   3: 1 op, 791.00 ns, 791.0000 ns/op
OverheadWarmup   4: 1 op, 501.00 ns, 501.0000 ns/op
OverheadWarmup   5: 1 op, 681.00 ns, 681.0000 ns/op
OverheadWarmup   6: 1 op, 401.00 ns, 401.0000 ns/op

OverheadActual   1: 1 op, 501.00 ns, 501.0000 ns/op
OverheadActual   2: 1 op, 551.00 ns, 551.0000 ns/op
OverheadActual   3: 1 op, 521.00 ns, 521.0000 ns/op
OverheadActual   4: 1 op, 401.00 ns, 401.0000 ns/op
OverheadActual   5: 1 op, 411.00 ns, 411.0000 ns/op
OverheadActual   6: 1 op, 411.00 ns, 411.0000 ns/op
OverheadActual   7: 1 op, 311.00 ns, 311.0000 ns/op
OverheadActual   8: 1 op, 270.00 ns, 270.0000 ns/op
OverheadActual   9: 1 op, 401.00 ns, 401.0000 ns/op
OverheadActual  10: 1 op, 441.00 ns, 441.0000 ns/op
OverheadActual  11: 1 op, 340.00 ns, 340.0000 ns/op
OverheadActual  12: 1 op, 361.00 ns, 361.0000 ns/op
OverheadActual  13: 1 op, 270.00 ns, 270.0000 ns/op
OverheadActual  14: 1 op, 381.00 ns, 381.0000 ns/op
OverheadActual  15: 1 op, 401.00 ns, 401.0000 ns/op
OverheadActual  16: 1 op, 301.00 ns, 301.0000 ns/op
OverheadActual  17: 1 op, 381.00 ns, 381.0000 ns/op
OverheadActual  18: 1 op, 491.00 ns, 491.0000 ns/op
OverheadActual  19: 1 op, 271.00 ns, 271.0000 ns/op
OverheadActual  20: 1 op, 271.00 ns, 271.0000 ns/op

WorkloadWarmup   1: 1 op, 143665.00 ns, 143.6650 us/op
WorkloadWarmup   2: 1 op, 40294.00 ns, 40.2940 us/op
WorkloadWarmup   3: 1 op, 39163.00 ns, 39.1630 us/op

// BeforeActualRun
WorkloadActual   1: 1 op, 77503.00 ns, 77.5030 us/op
WorkloadActual   2: 1 op, 40254.00 ns, 40.2540 us/op
WorkloadActual   3: 1 op, 33923.00 ns, 33.9230 us/op

// AfterActualRun
WorkloadResult   1: 1 op, 77112.00 ns, 77.1120 us/op
WorkloadResult   2: 1 op, 39863.00 ns, 39.8630 us/op
WorkloadResult   3: 1 op, 33532.00 ns, 33.5320 us/op
// GC:  0 0 0 5480 1
// Threading:  0 0 1

// AfterAll
// Benchmark Process 1608471 has exited with code 0.

Mean = 50.169 us, StdErr = 13.595 us (27.10%), N = 3, StdDev = 23.547 us
Min = 33.532 us, Q1 = 36.697 us, Median = 39.863 us, Q3 = 58.487 us, Max = 77.112 us
IQR = 21.790 us, LowerFence = 4.013 us, UpperFence = 91.172 us
ConfidenceInterval = [-379.417 us; 479.755 us] (CI 99.9%), Margin = 429.586 us (856.28% of Mean)
Skewness = 0.35, Kurtosis = 0.67, MValue = 2

// ** Remained 86 (86.9%) benchmark(s) to run. Estimated finish 2026-09-22 17:02 (0h 0m from now) **
// **************************
// Benchmark: SessionSetupDecompositionBenchmarks.ComponentC2a1_ContextRecordStaticLambda: ShortRun(InvocationCount=1, IterationCount=3, LaunchCount=1, UnrollFactor=1, WarmupCount=3) [Sessions=1]
// *** Execute ***
// Launch: 1 / 1
// Execute: dotnet WinForward.Benchmarks-ShortRun-1.dll --anonymousPipes 123 125 --benchmarkName "WinForward.Benchmarks.Perf.SessionSetupDecompositionBenchmarks.ComponentC2a1_ContextRecordStaticLambda(Sessions: 1)" --job ShortRun --benchmarkId 13 in /home/paff/Projects/WinForward/benchmarks/WinForward.Benchmarks/bin/Release/net10.0/WinForward.Benchmarks-ShortRun-1/bin/Release/net10.0
// Failed to set up high priority (Permission denied). In order to run benchmarks with high priority, make sure you have the right permissions.
// BeforeAnythingElse

// Benchmark Process Environment Information:
// BenchmarkDotNet v0.15.8
// Runtime=.NET 10.0.12 (10.0.12, 10.0.1226.42308), X64 RyuJIT x86-64-v4
// GC=Concurrent Workstation
// HardwareIntrinsics=AVX512 BITALG+VBMI2+VNNI+VPOPCNTDQ,AVX512 IFMA+VBMI,AVX512 F+BW+CD+DQ+VL,AVX2+BMI1+BMI2+F16C+FMA+LZCNT+MOVBE,AVX,SSE3+SSSE3+SSE4.1+SSE4.2+POPCNT,X86Base+SSE+SSE2,AES+PCLMUL,AvxVnni VectorSize=256
// Job: ShortRun(InvocationCount=1, IterationCount=3, LaunchCount=1, UnrollFactor=1, WarmupCount=3)

OverheadJitting  1: 1 op, 282361.00 ns, 282.3610 us/op
WorkloadJitting  1: 1 op, 16692762.00 ns, 16.6928 ms/op

OverheadWarmup   1: 1 op, 611.00 ns, 611.0000 ns/op
OverheadWarmup   2: 1 op, 261.00 ns, 261.0000 ns/op
OverheadWarmup   3: 1 op, 611.00 ns, 611.0000 ns/op
OverheadWarmup   4: 1 op, 391.00 ns, 391.0000 ns/op
OverheadWarmup   5: 1 op, 642.00 ns, 642.0000 ns/op
OverheadWarmup   6: 1 op, 351.00 ns, 351.0000 ns/op

OverheadActual   1: 1 op, 531.00 ns, 531.0000 ns/op
OverheadActual   2: 1 op, 471.00 ns, 471.0000 ns/op
OverheadActual   3: 1 op, 501.00 ns, 501.0000 ns/op
OverheadActual   4: 1 op, 490.00 ns, 490.0000 ns/op
OverheadActual   5: 1 op, 461.00 ns, 461.0000 ns/op
OverheadActual   6: 1 op, 531.00 ns, 531.0000 ns/op
OverheadActual   7: 1 op, 481.00 ns, 481.0000 ns/op
OverheadActual   8: 1 op, 291.00 ns, 291.0000 ns/op
OverheadActual   9: 1 op, 1303.00 ns, 1.3030 us/op
OverheadActual  10: 1 op, 521.00 ns, 521.0000 ns/op
OverheadActual  11: 1 op, 491.00 ns, 491.0000 ns/op
OverheadActual  12: 1 op, 391.00 ns, 391.0000 ns/op
OverheadActual  13: 1 op, 621.00 ns, 621.0000 ns/op
OverheadActual  14: 1 op, 511.00 ns, 511.0000 ns/op
OverheadActual  15: 1 op, 491.00 ns, 491.0000 ns/op
OverheadActual  16: 1 op, 531.00 ns, 531.0000 ns/op
OverheadActual  17: 1 op, 672.00 ns, 672.0000 ns/op
OverheadActual  18: 1 op, 491.00 ns, 491.0000 ns/op
OverheadActual  19: 1 op, 501.00 ns, 501.0000 ns/op
OverheadActual  20: 1 op, 601.00 ns, 601.0000 ns/op

WorkloadWarmup   1: 1 op, 49852.00 ns, 49.8520 us/op
WorkloadWarmup   2: 1 op, 27491.00 ns, 27.4910 us/op
WorkloadWarmup   3: 1 op, 25387.00 ns, 25.3870 us/op

// BeforeActualRun
WorkloadActual   1: 1 op, 25307.00 ns, 25.3070 us/op
WorkloadActual   2: 1 op, 25156.00 ns, 25.1560 us/op
WorkloadActual   3: 1 op, 28112.00 ns, 28.1120 us/op

// AfterActualRun
WorkloadResult   1: 1 op, 24806.00 ns, 24.8060 us/op
WorkloadResult   2: 1 op, 24655.00 ns, 24.6550 us/op
WorkloadResult   3: 1 op, 27611.00 ns, 27.6110 us/op
// GC:  0 0 0 3808 1
// Threading:  0 0 1

// AfterAll
// Benchmark Process 1608488 has exited with code 0.

Mean = 25.691 us, StdErr = 0.961 us (3.74%), N = 3, StdDev = 1.665 us
Min = 24.655 us, Q1 = 24.730 us, Median = 24.806 us, Q3 = 26.209 us, Max = 27.611 us
IQR = 1.478 us, LowerFence = 22.514 us, UpperFence = 28.425 us
ConfidenceInterval = [-4.681 us; 56.062 us] (CI 99.9%), Margin = 30.372 us (118.22% of Mean)
Skewness = 0.38, Kurtosis = 0.67, MValue = 2

// ** Remained 85 (85.9%) benchmark(s) to run. Estimated finish 2026-09-22 17:02 (0h 0m from now) **
// **************************
// Benchmark: SessionSetupDecompositionBenchmarks.ComponentC2a2_ContextRecordMethodGroup: ShortRun(InvocationCount=1, IterationCount=3, LaunchCount=1, UnrollFactor=1, WarmupCount=3) [Sessions=1]
// *** Execute ***
// Launch: 1 / 1
// Execute: dotnet WinForward.Benchmarks-ShortRun-1.dll --anonymousPipes 123 125 --benchmarkName "WinForward.Benchmarks.Perf.SessionSetupDecompositionBenchmarks.ComponentC2a2_ContextRecordMethodGroup(Sessions: 1)" --job ShortRun --benchmarkId 14 in /home/paff/Projects/WinForward/benchmarks/WinForward.Benchmarks/bin/Release/net10.0/WinForward.Benchmarks-ShortRun-1/bin/Release/net10.0
// Failed to set up high priority (Permission denied). In order to run benchmarks with high priority, make sure you have the right permissions.
// BeforeAnythingElse

// Benchmark Process Environment Information:
// BenchmarkDotNet v0.15.8
// Runtime=.NET 10.0.12 (10.0.12, 10.0.1226.42308), X64 RyuJIT x86-64-v4
// GC=Concurrent Workstation
// HardwareIntrinsics=AVX512 BITALG+VBMI2+VNNI+VPOPCNTDQ,AVX512 IFMA+VBMI,AVX512 F+BW+CD+DQ+VL,AVX2+BMI1+BMI2+F16C+FMA+LZCNT+MOVBE,AVX,SSE3+SSSE3+SSE4.1+SSE4.2+POPCNT,X86Base+SSE+SSE2,AES+PCLMUL,AvxVnni VectorSize=256
// Job: ShortRun(InvocationCount=1, IterationCount=3, LaunchCount=1, UnrollFactor=1, WarmupCount=3)

OverheadJitting  1: 1 op, 288361.00 ns, 288.3610 us/op
WorkloadJitting  1: 1 op, 17083781.00 ns, 17.0838 ms/op

OverheadWarmup   1: 1 op, 521.00 ns, 521.0000 ns/op
OverheadWarmup   2: 1 op, 291.00 ns, 291.0000 ns/op
OverheadWarmup   3: 1 op, 451.00 ns, 451.0000 ns/op
OverheadWarmup   4: 1 op, 270.00 ns, 270.0000 ns/op
OverheadWarmup   5: 1 op, 271.00 ns, 271.0000 ns/op
OverheadWarmup   6: 1 op, 261.00 ns, 261.0000 ns/op

OverheadActual   1: 1 op, 451.00 ns, 451.0000 ns/op
OverheadActual   2: 1 op, 450.00 ns, 450.0000 ns/op
OverheadActual   3: 1 op, 451.00 ns, 451.0000 ns/op
OverheadActual   4: 1 op, 451.00 ns, 451.0000 ns/op
OverheadActual   5: 1 op, 491.00 ns, 491.0000 ns/op
OverheadActual   6: 1 op, 371.00 ns, 371.0000 ns/op
OverheadActual   7: 1 op, 280.00 ns, 280.0000 ns/op
OverheadActual   8: 1 op, 270.00 ns, 270.0000 ns/op
OverheadActual   9: 1 op, 280.00 ns, 280.0000 ns/op
OverheadActual  10: 1 op, 271.00 ns, 271.0000 ns/op
OverheadActual  11: 1 op, 260.00 ns, 260.0000 ns/op
OverheadActual  12: 1 op, 270.00 ns, 270.0000 ns/op
OverheadActual  13: 1 op, 471.00 ns, 471.0000 ns/op
OverheadActual  14: 1 op, 491.00 ns, 491.0000 ns/op
OverheadActual  15: 1 op, 350.00 ns, 350.0000 ns/op
OverheadActual  16: 1 op, 361.00 ns, 361.0000 ns/op
OverheadActual  17: 1 op, 471.00 ns, 471.0000 ns/op
OverheadActual  18: 1 op, 511.00 ns, 511.0000 ns/op
OverheadActual  19: 1 op, 341.00 ns, 341.0000 ns/op
OverheadActual  20: 1 op, 400.00 ns, 400.0000 ns/op

WorkloadWarmup   1: 1 op, 42859.00 ns, 42.8590 us/op
WorkloadWarmup   2: 1 op, 23484.00 ns, 23.4840 us/op
WorkloadWarmup   3: 1 op, 25106.00 ns, 25.1060 us/op

// BeforeActualRun
WorkloadActual   1: 1 op, 24155.00 ns, 24.1550 us/op
WorkloadActual   2: 1 op, 25628.00 ns, 25.6280 us/op
WorkloadActual   3: 1 op, 25076.00 ns, 25.0760 us/op

// AfterActualRun
WorkloadResult   1: 1 op, 23769.50 ns, 23.7695 us/op
WorkloadResult   2: 1 op, 25242.50 ns, 25.2425 us/op
WorkloadResult   3: 1 op, 24690.50 ns, 24.6905 us/op
// GC:  0 0 0 3896 1
// Threading:  0 0 1

// AfterAll
// Benchmark Process 1608497 has exited with code 0.

Mean = 24.567 us, StdErr = 0.430 us (1.75%), N = 3, StdDev = 0.744 us
Min = 23.770 us, Q1 = 24.230 us, Median = 24.691 us, Q3 = 24.966 us, Max = 25.242 us
IQR = 0.737 us, LowerFence = 23.125 us, UpperFence = 26.071 us
ConfidenceInterval = [10.991 us; 38.144 us] (CI 99.9%), Margin = 13.576 us (55.26% of Mean)
Skewness = -0.16, Kurtosis = 0.67, MValue = 2

// ** Remained 84 (84.8%) benchmark(s) to run. Estimated finish 2026-09-22 17:02 (0h 0m from now) **
// **************************
// Benchmark: SessionSetupDecompositionBenchmarks.ComponentC2b_SessionConstructOnly: ShortRun(InvocationCount=1, IterationCount=3, LaunchCount=1, UnrollFactor=1, WarmupCount=3) [Sessions=1]
// *** Execute ***
// Launch: 1 / 1
// Execute: dotnet WinForward.Benchmarks-ShortRun-1.dll --anonymousPipes 123 125 --benchmarkName "WinForward.Benchmarks.Perf.SessionSetupDecompositionBenchmarks.ComponentC2b_SessionConstructOnly(Sessions: 1)" --job ShortRun --benchmarkId 15 in /home/paff/Projects/WinForward/benchmarks/WinForward.Benchmarks/bin/Release/net10.0/WinForward.Benchmarks-ShortRun-1/bin/Release/net10.0
// Failed to set up high priority (Permission denied). In order to run benchmarks with high priority, make sure you have the right permissions.
// BeforeAnythingElse

// Benchmark Process Environment Information:
// BenchmarkDotNet v0.15.8
// Runtime=.NET 10.0.12 (10.0.12, 10.0.1226.42308), X64 RyuJIT x86-64-v4
// GC=Concurrent Workstation
// HardwareIntrinsics=AVX512 BITALG+VBMI2+VNNI+VPOPCNTDQ,AVX512 IFMA+VBMI,AVX512 F+BW+CD+DQ+VL,AVX2+BMI1+BMI2+F16C+FMA+LZCNT+MOVBE,AVX,SSE3+SSSE3+SSE4.1+SSE4.2+POPCNT,X86Base+SSE+SSE2,AES+PCLMUL,AvxVnni VectorSize=256
// Job: ShortRun(InvocationCount=1, IterationCount=3, LaunchCount=1, UnrollFactor=1, WarmupCount=3)

OverheadJitting  1: 1 op, 259809.00 ns, 259.8090 us/op
WorkloadJitting  1: 1 op, 17912308.00 ns, 17.9123 ms/op

OverheadWarmup   1: 1 op, 421.00 ns, 421.0000 ns/op
OverheadWarmup   2: 1 op, 1202.00 ns, 1.2020 us/op
OverheadWarmup   3: 1 op, 491.00 ns, 491.0000 ns/op
OverheadWarmup   4: 1 op, 461.00 ns, 461.0000 ns/op
OverheadWarmup   5: 1 op, 491.00 ns, 491.0000 ns/op
OverheadWarmup   6: 1 op, 501.00 ns, 501.0000 ns/op
OverheadWarmup   7: 1 op, 521.00 ns, 521.0000 ns/op
OverheadWarmup   8: 1 op, 491.00 ns, 491.0000 ns/op

OverheadActual   1: 1 op, 391.00 ns, 391.0000 ns/op
OverheadActual   2: 1 op, 421.00 ns, 421.0000 ns/op
OverheadActual   3: 1 op, 1072.00 ns, 1.0720 us/op
OverheadActual   4: 1 op, 501.00 ns, 501.0000 ns/op
OverheadActual   5: 1 op, 401.00 ns, 401.0000 ns/op
OverheadActual   6: 1 op, 471.00 ns, 471.0000 ns/op
OverheadActual   7: 1 op, 481.00 ns, 481.0000 ns/op
OverheadActual   8: 1 op, 541.00 ns, 541.0000 ns/op
OverheadActual   9: 1 op, 511.00 ns, 511.0000 ns/op
OverheadActual  10: 1 op, 521.00 ns, 521.0000 ns/op
OverheadActual  11: 1 op, 642.00 ns, 642.0000 ns/op
OverheadActual  12: 1 op, 260.00 ns, 260.0000 ns/op
OverheadActual  13: 1 op, 501.00 ns, 501.0000 ns/op
OverheadActual  14: 1 op, 561.00 ns, 561.0000 ns/op
OverheadActual  15: 1 op, 601.00 ns, 601.0000 ns/op
OverheadActual  16: 1 op, 491.00 ns, 491.0000 ns/op
OverheadActual  17: 1 op, 451.00 ns, 451.0000 ns/op
OverheadActual  18: 1 op, 510.00 ns, 510.0000 ns/op
OverheadActual  19: 1 op, 491.00 ns, 491.0000 ns/op
OverheadActual  20: 1 op, 511.00 ns, 511.0000 ns/op

WorkloadWarmup   1: 1 op, 78876.00 ns, 78.8760 us/op
WorkloadWarmup   2: 1 op, 57066.00 ns, 57.0660 us/op
WorkloadWarmup   3: 1 op, 31047.00 ns, 31.0470 us/op

// BeforeActualRun
WorkloadActual   1: 1 op, 112207.00 ns, 112.2070 us/op
WorkloadActual   2: 1 op, 28502.00 ns, 28.5020 us/op
WorkloadActual   3: 1 op, 28963.00 ns, 28.9630 us/op

// AfterActualRun
WorkloadResult   1: 1 op, 111706.00 ns, 111.7060 us/op
WorkloadResult   2: 1 op, 28001.00 ns, 28.0010 us/op
WorkloadResult   3: 1 op, 28462.00 ns, 28.4620 us/op
// GC:  0 0 0 4528 1
// Threading:  0 0 1

// AfterAll
// Benchmark Process 1608508 has exited with code 0.

Mean = 56.056 us, StdErr = 27.825 us (49.64%), N = 3, StdDev = 48.195 us
Min = 28.001 us, Q1 = 28.232 us, Median = 28.462 us, Q3 = 70.084 us, Max = 111.706 us
IQR = 41.852 us, LowerFence = -34.547 us, UpperFence = 132.863 us
ConfidenceInterval = [-823.192 us; 935.305 us] (CI 99.9%), Margin = 879.248 us (1568.51% of Mean)
Skewness = 0.38, Kurtosis = 0.67, MValue = 2

// ** Remained 83 (83.8%) benchmark(s) to run. Estimated finish 2026-09-22 17:02 (0h 0m from now) **
// **************************
// Benchmark: SessionSetupDecompositionBenchmarks.ComponentC2c1_ScopeConstructLinked: ShortRun(InvocationCount=1, IterationCount=3, LaunchCount=1, UnrollFactor=1, WarmupCount=3) [Sessions=1]
// *** Execute ***
// Launch: 1 / 1
// Execute: dotnet WinForward.Benchmarks-ShortRun-1.dll --anonymousPipes 123 125 --benchmarkName "WinForward.Benchmarks.Perf.SessionSetupDecompositionBenchmarks.ComponentC2c1_ScopeConstructLinked(Sessions: 1)" --job ShortRun --benchmarkId 16 in /home/paff/Projects/WinForward/benchmarks/WinForward.Benchmarks/bin/Release/net10.0/WinForward.Benchmarks-ShortRun-1/bin/Release/net10.0
// Failed to set up high priority (Permission denied). In order to run benchmarks with high priority, make sure you have the right permissions.
// BeforeAnythingElse

// Benchmark Process Environment Information:
// BenchmarkDotNet v0.15.8
// Runtime=.NET 10.0.12 (10.0.12, 10.0.1226.42308), X64 RyuJIT x86-64-v4
// GC=Concurrent Workstation
// HardwareIntrinsics=AVX512 BITALG+VBMI2+VNNI+VPOPCNTDQ,AVX512 IFMA+VBMI,AVX512 F+BW+CD+DQ+VL,AVX2+BMI1+BMI2+F16C+FMA+LZCNT+MOVBE,AVX,SSE3+SSSE3+SSE4.1+SSE4.2+POPCNT,X86Base+SSE+SSE2,AES+PCLMUL,AvxVnni VectorSize=256
// Job: ShortRun(InvocationCount=1, IterationCount=3, LaunchCount=1, UnrollFactor=1, WarmupCount=3)

OverheadJitting  1: 1 op, 289805.00 ns, 289.8050 us/op
WorkloadJitting  1: 1 op, 1613659.00 ns, 1.6137 ms/op

OverheadWarmup   1: 1 op, 511.00 ns, 511.0000 ns/op
OverheadWarmup   2: 1 op, 360.00 ns, 360.0000 ns/op
OverheadWarmup   3: 1 op, 500.00 ns, 500.0000 ns/op
OverheadWarmup   4: 1 op, 461.00 ns, 461.0000 ns/op
OverheadWarmup   5: 1 op, 250.00 ns, 250.0000 ns/op
OverheadWarmup   6: 1 op, 270.00 ns, 270.0000 ns/op
OverheadWarmup   7: 1 op, 260.00 ns, 260.0000 ns/op

OverheadActual   1: 1 op, 461.00 ns, 461.0000 ns/op
OverheadActual   2: 1 op, 531.00 ns, 531.0000 ns/op
OverheadActual   3: 1 op, 481.00 ns, 481.0000 ns/op
OverheadActual   4: 1 op, 451.00 ns, 451.0000 ns/op
OverheadActual   5: 1 op, 481.00 ns, 481.0000 ns/op
OverheadActual   6: 1 op, 270.00 ns, 270.0000 ns/op
OverheadActual   7: 1 op, 481.00 ns, 481.0000 ns/op
OverheadActual   8: 1 op, 481.00 ns, 481.0000 ns/op
OverheadActual   9: 1 op, 260.00 ns, 260.0000 ns/op
OverheadActual  10: 1 op, 671.00 ns, 671.0000 ns/op
OverheadActual  11: 1 op, 441.00 ns, 441.0000 ns/op
OverheadActual  12: 1 op, 261.00 ns, 261.0000 ns/op
OverheadActual  13: 1 op, 261.00 ns, 261.0000 ns/op
OverheadActual  14: 1 op, 260.00 ns, 260.0000 ns/op
OverheadActual  15: 1 op, 260.00 ns, 260.0000 ns/op
OverheadActual  16: 1 op, 261.00 ns, 261.0000 ns/op
OverheadActual  17: 1 op, 260.00 ns, 260.0000 ns/op
OverheadActual  18: 1 op, 631.00 ns, 631.0000 ns/op
OverheadActual  19: 1 op, 480.00 ns, 480.0000 ns/op
OverheadActual  20: 1 op, 481.00 ns, 481.0000 ns/op

WorkloadWarmup   1: 1 op, 15188.00 ns, 15.1880 us/op
WorkloadWarmup   2: 1 op, 9257.00 ns, 9.2570 us/op
WorkloadWarmup   3: 1 op, 8546.00 ns, 8.5460 us/op

// BeforeActualRun
WorkloadActual   1: 1 op, 8045.00 ns, 8.0450 us/op
WorkloadActual   2: 1 op, 6071.00 ns, 6.0710 us/op
WorkloadActual   3: 1 op, 7684.00 ns, 7.6840 us/op

// AfterActualRun
WorkloadResult   1: 1 op, 7589.00 ns, 7.5890 us/op
WorkloadResult   2: 1 op, 5615.00 ns, 5.6150 us/op
WorkloadResult   3: 1 op, 7228.00 ns, 7.2280 us/op
// GC:  0 0 0 416 1
// Threading:  0 0 1

// AfterAll
// Benchmark Process 1608517 has exited with code 0.

Mean = 6.811 us, StdErr = 0.607 us (8.91%), N = 3, StdDev = 1.051 us
Min = 5.615 us, Q1 = 6.421 us, Median = 7.228 us, Q3 = 7.409 us, Max = 7.589 us
IQR = 0.987 us, LowerFence = 4.941 us, UpperFence = 8.889 us
ConfidenceInterval = [-12.365 us; 25.986 us] (CI 99.9%), Margin = 19.176 us (281.56% of Mean)
Skewness = -0.33, Kurtosis = 0.67, MValue = 2

// ** Remained 82 (82.8%) benchmark(s) to run. Estimated finish 2026-09-22 17:02 (0h 0m from now) **
// **************************
// Benchmark: SessionSetupDecompositionBenchmarks.ComponentC2c2_ScopeConstructUnlinked: ShortRun(InvocationCount=1, IterationCount=3, LaunchCount=1, UnrollFactor=1, WarmupCount=3) [Sessions=1]
// *** Execute ***
// Launch: 1 / 1
// Execute: dotnet WinForward.Benchmarks-ShortRun-1.dll --anonymousPipes 123 125 --benchmarkName "WinForward.Benchmarks.Perf.SessionSetupDecompositionBenchmarks.ComponentC2c2_ScopeConstructUnlinked(Sessions: 1)" --job ShortRun --benchmarkId 17 in /home/paff/Projects/WinForward/benchmarks/WinForward.Benchmarks/bin/Release/net10.0/WinForward.Benchmarks-ShortRun-1/bin/Release/net10.0
// Failed to set up high priority (Permission denied). In order to run benchmarks with high priority, make sure you have the right permissions.
// BeforeAnythingElse

// Benchmark Process Environment Information:
// BenchmarkDotNet v0.15.8
// Runtime=.NET 10.0.12 (10.0.12, 10.0.1226.42308), X64 RyuJIT x86-64-v4
// GC=Concurrent Workstation
// HardwareIntrinsics=AVX512 BITALG+VBMI2+VNNI+VPOPCNTDQ,AVX512 IFMA+VBMI,AVX512 F+BW+CD+DQ+VL,AVX2+BMI1+BMI2+F16C+FMA+LZCNT+MOVBE,AVX,SSE3+SSSE3+SSE4.1+SSE4.2+POPCNT,X86Base+SSE+SSE2,AES+PCLMUL,AvxVnni VectorSize=256
// Job: ShortRun(InvocationCount=1, IterationCount=3, LaunchCount=1, UnrollFactor=1, WarmupCount=3)

OverheadJitting  1: 1 op, 303269.00 ns, 303.2690 us/op
WorkloadJitting  1: 1 op, 1143107.00 ns, 1.1431 ms/op

OverheadWarmup   1: 1 op, 431.00 ns, 431.0000 ns/op
OverheadWarmup   2: 1 op, 271.00 ns, 271.0000 ns/op
OverheadWarmup   3: 1 op, 351.00 ns, 351.0000 ns/op
OverheadWarmup   4: 1 op, 421.00 ns, 421.0000 ns/op
OverheadWarmup   5: 1 op, 300.00 ns, 300.0000 ns/op
OverheadWarmup   6: 1 op, 341.00 ns, 341.0000 ns/op
OverheadWarmup   7: 1 op, 451.00 ns, 451.0000 ns/op
OverheadWarmup   8: 1 op, 270.00 ns, 270.0000 ns/op

OverheadActual   1: 1 op, 421.00 ns, 421.0000 ns/op
OverheadActual   2: 1 op, 440.00 ns, 440.0000 ns/op
OverheadActual   3: 1 op, 421.00 ns, 421.0000 ns/op
OverheadActual   4: 1 op, 441.00 ns, 441.0000 ns/op
OverheadActual   5: 1 op, 441.00 ns, 441.0000 ns/op
OverheadActual   6: 1 op, 271.00 ns, 271.0000 ns/op
OverheadActual   7: 1 op, 260.00 ns, 260.0000 ns/op
OverheadActual   8: 1 op, 300.00 ns, 300.0000 ns/op
OverheadActual   9: 1 op, 291.00 ns, 291.0000 ns/op
OverheadActual  10: 1 op, 291.00 ns, 291.0000 ns/op
OverheadActual  11: 1 op, 341.00 ns, 341.0000 ns/op
OverheadActual  12: 1 op, 320.00 ns, 320.0000 ns/op
OverheadActual  13: 1 op, 270.00 ns, 270.0000 ns/op
OverheadActual  14: 1 op, 461.00 ns, 461.0000 ns/op
OverheadActual  15: 1 op, 451.00 ns, 451.0000 ns/op
OverheadActual  16: 1 op, 271.00 ns, 271.0000 ns/op
OverheadActual  17: 1 op, 451.00 ns, 451.0000 ns/op
OverheadActual  18: 1 op, 301.00 ns, 301.0000 ns/op
OverheadActual  19: 1 op, 421.00 ns, 421.0000 ns/op
OverheadActual  20: 1 op, 321.00 ns, 321.0000 ns/op

WorkloadWarmup   1: 1 op, 6432.00 ns, 6.4320 us/op
WorkloadWarmup   2: 1 op, 5280.00 ns, 5.2800 us/op
WorkloadWarmup   3: 1 op, 4678.00 ns, 4.6780 us/op

// BeforeActualRun
WorkloadActual   1: 1 op, 5981.00 ns, 5.9810 us/op
WorkloadActual   2: 1 op, 4719.00 ns, 4.7190 us/op
WorkloadActual   3: 1 op, 6512.00 ns, 6.5120 us/op

// AfterActualRun
WorkloadResult   1: 1 op, 5650.00 ns, 5.6500 us/op
WorkloadResult   2: 1 op, 4388.00 ns, 4.3880 us/op
WorkloadResult   3: 1 op, 6181.00 ns, 6.1810 us/op
// GC:  0 0 0 208 1
// Threading:  0 0 1

// AfterAll
// Benchmark Process 1608528 has exited with code 0.

Mean = 5.406 us, StdErr = 0.532 us (9.84%), N = 3, StdDev = 0.921 us
Min = 4.388 us, Q1 = 5.019 us, Median = 5.650 us, Q3 = 5.915 us, Max = 6.181 us
IQR = 0.896 us, LowerFence = 3.674 us, UpperFence = 7.260 us
ConfidenceInterval = [-11.396 us; 22.209 us] (CI 99.9%), Margin = 16.802 us (310.79% of Mean)
Skewness = -0.25, Kurtosis = 0.67, MValue = 2

// ** Remained 81 (81.8%) benchmark(s) to run. Estimated finish 2026-09-22 17:02 (0h 0m from now) **
// **************************
// Benchmark: SessionSetupDecompositionBenchmarks.ComponentC2e_LockConstruction: ShortRun(InvocationCount=1, IterationCount=3, LaunchCount=1, UnrollFactor=1, WarmupCount=3) [Sessions=1]
// *** Execute ***
// Launch: 1 / 1
// Execute: dotnet WinForward.Benchmarks-ShortRun-1.dll --anonymousPipes 123 125 --benchmarkName "WinForward.Benchmarks.Perf.SessionSetupDecompositionBenchmarks.ComponentC2e_LockConstruction(Sessions: 1)" --job ShortRun --benchmarkId 18 in /home/paff/Projects/WinForward/benchmarks/WinForward.Benchmarks/bin/Release/net10.0/WinForward.Benchmarks-ShortRun-1/bin/Release/net10.0
// Failed to set up high priority (Permission denied). In order to run benchmarks with high priority, make sure you have the right permissions.
// BeforeAnythingElse

// Benchmark Process Environment Information:
// BenchmarkDotNet v0.15.8
// Runtime=.NET 10.0.12 (10.0.12, 10.0.1226.42308), X64 RyuJIT x86-64-v4
// GC=Concurrent Workstation
// HardwareIntrinsics=AVX512 BITALG+VBMI2+VNNI+VPOPCNTDQ,AVX512 IFMA+VBMI,AVX512 F+BW+CD+DQ+VL,AVX2+BMI1+BMI2+F16C+FMA+LZCNT+MOVBE,AVX,SSE3+SSSE3+SSE4.1+SSE4.2+POPCNT,X86Base+SSE+SSE2,AES+PCLMUL,AvxVnni VectorSize=256
// Job: ShortRun(InvocationCount=1, IterationCount=3, LaunchCount=1, UnrollFactor=1, WarmupCount=3)

OverheadJitting  1: 1 op, 331442.00 ns, 331.4420 us/op
WorkloadJitting  1: 1 op, 1012407.00 ns, 1.0124 ms/op

OverheadWarmup   1: 1 op, 521.00 ns, 521.0000 ns/op
OverheadWarmup   2: 1 op, 531.00 ns, 531.0000 ns/op
OverheadWarmup   3: 1 op, 471.00 ns, 471.0000 ns/op
OverheadWarmup   4: 1 op, 310.00 ns, 310.0000 ns/op
OverheadWarmup   5: 1 op, 641.00 ns, 641.0000 ns/op
OverheadWarmup   6: 1 op, 421.00 ns, 421.0000 ns/op

OverheadActual   1: 1 op, 501.00 ns, 501.0000 ns/op
OverheadActual   2: 1 op, 481.00 ns, 481.0000 ns/op
OverheadActual   3: 1 op, 461.00 ns, 461.0000 ns/op
OverheadActual   4: 1 op, 451.00 ns, 451.0000 ns/op
OverheadActual   5: 1 op, 371.00 ns, 371.0000 ns/op
OverheadActual   6: 1 op, 601.00 ns, 601.0000 ns/op
OverheadActual   7: 1 op, 421.00 ns, 421.0000 ns/op
OverheadActual   8: 1 op, 481.00 ns, 481.0000 ns/op
OverheadActual   9: 1 op, 531.00 ns, 531.0000 ns/op
OverheadActual  10: 1 op, 521.00 ns, 521.0000 ns/op
OverheadActual  11: 1 op, 511.00 ns, 511.0000 ns/op
OverheadActual  12: 1 op, 541.00 ns, 541.0000 ns/op
OverheadActual  13: 1 op, 310.00 ns, 310.0000 ns/op
OverheadActual  14: 1 op, 591.00 ns, 591.0000 ns/op
OverheadActual  15: 1 op, 511.00 ns, 511.0000 ns/op
OverheadActual  16: 1 op, 290.00 ns, 290.0000 ns/op
OverheadActual  17: 1 op, 501.00 ns, 501.0000 ns/op
OverheadActual  18: 1 op, 310.00 ns, 310.0000 ns/op
OverheadActual  19: 1 op, 290.00 ns, 290.0000 ns/op
OverheadActual  20: 1 op, 541.00 ns, 541.0000 ns/op

WorkloadWarmup   1: 1 op, 3377.00 ns, 3.3770 us/op
WorkloadWarmup   2: 1 op, 2815.00 ns, 2.8150 us/op
WorkloadWarmup   3: 1 op, 2866.00 ns, 2.8660 us/op

// BeforeActualRun
WorkloadActual   1: 1 op, 17031.00 ns, 17.0310 us/op
WorkloadActual   2: 1 op, 4117.00 ns, 4.1170 us/op
WorkloadActual   3: 1 op, 3727.00 ns, 3.7270 us/op

// AfterActualRun
WorkloadResult   1: 1 op, 16540.00 ns, 16.5400 us/op
WorkloadResult   2: 1 op, 3626.00 ns, 3.6260 us/op
WorkloadResult   3: 1 op, 3236.00 ns, 3.2360 us/op
// GC:  0 0 0 40 1
// Threading:  0 0 1

// AfterAll
// Benchmark Process 1608537 has exited with code 0.

Mean = 7.801 us, StdErr = 4.371 us (56.04%), N = 3, StdDev = 7.571 us
Min = 3.236 us, Q1 = 3.431 us, Median = 3.626 us, Q3 = 10.083 us, Max = 16.540 us
IQR = 6.652 us, LowerFence = -6.547 us, UpperFence = 20.061 us
ConfidenceInterval = [-130.322 us; 145.924 us] (CI 99.9%), Margin = 138.123 us (1770.66% of Mean)
Skewness = 0.38, Kurtosis = 0.67, MValue = 2

// ** Remained 80 (80.8%) benchmark(s) to run. Estimated finish 2026-09-22 17:02 (0h 0m from now) **
// **************************
// Benchmark: SessionSetupDecompositionBenchmarks.ComponentC2e_TaskCompletionSourceConstruction: ShortRun(InvocationCount=1, IterationCount=3, LaunchCount=1, UnrollFactor=1, WarmupCount=3) [Sessions=1]
// *** Execute ***
// Launch: 1 / 1
// Execute: dotnet WinForward.Benchmarks-ShortRun-1.dll --anonymousPipes 123 125 --benchmarkName "WinForward.Benchmarks.Perf.SessionSetupDecompositionBenchmarks.ComponentC2e_TaskCompletionSourceConstruction(Sessions: 1)" --job ShortRun --benchmarkId 19 in /home/paff/Projects/WinForward/benchmarks/WinForward.Benchmarks/bin/Release/net10.0/WinForward.Benchmarks-ShortRun-1/bin/Release/net10.0
// Failed to set up high priority (Permission denied). In order to run benchmarks with high priority, make sure you have the right permissions.
// BeforeAnythingElse

// Benchmark Process Environment Information:
// BenchmarkDotNet v0.15.8
// Runtime=.NET 10.0.12 (10.0.12, 10.0.1226.42308), X64 RyuJIT x86-64-v4
// GC=Concurrent Workstation
// HardwareIntrinsics=AVX512 BITALG+VBMI2+VNNI+VPOPCNTDQ,AVX512 IFMA+VBMI,AVX512 F+BW+CD+DQ+VL,AVX2+BMI1+BMI2+F16C+FMA+LZCNT+MOVBE,AVX,SSE3+SSSE3+SSE4.1+SSE4.2+POPCNT,X86Base+SSE+SSE2,AES+PCLMUL,AvxVnni VectorSize=256
// Job: ShortRun(InvocationCount=1, IterationCount=3, LaunchCount=1, UnrollFactor=1, WarmupCount=3)

OverheadJitting  1: 1 op, 261652.00 ns, 261.6520 us/op
WorkloadJitting  1: 1 op, 712865.00 ns, 712.8650 us/op

OverheadWarmup   1: 1 op, 601.00 ns, 601.0000 ns/op
OverheadWarmup   2: 1 op, 481.00 ns, 481.0000 ns/op
OverheadWarmup   3: 1 op, 370.00 ns, 370.0000 ns/op
OverheadWarmup   4: 1 op, 531.00 ns, 531.0000 ns/op
OverheadWarmup   5: 1 op, 461.00 ns, 461.0000 ns/op
OverheadWarmup   6: 1 op, 631.00 ns, 631.0000 ns/op
OverheadWarmup   7: 1 op, 541.00 ns, 541.0000 ns/op

OverheadActual   1: 1 op, 521.00 ns, 521.0000 ns/op
OverheadActual   2: 1 op, 612.00 ns, 612.0000 ns/op
OverheadActual   3: 1 op, 501.00 ns, 501.0000 ns/op
OverheadActual   4: 1 op, 471.00 ns, 471.0000 ns/op
OverheadActual   5: 1 op, 511.00 ns, 511.0000 ns/op
OverheadActual   6: 1 op, 351.00 ns, 351.0000 ns/op
OverheadActual   7: 1 op, 561.00 ns, 561.0000 ns/op
OverheadActual   8: 1 op, 941.00 ns, 941.0000 ns/op
OverheadActual   9: 1 op, 641.00 ns, 641.0000 ns/op
OverheadActual  10: 1 op, 520.00 ns, 520.0000 ns/op
OverheadActual  11: 1 op, 361.00 ns, 361.0000 ns/op
OverheadActual  12: 1 op, 380.00 ns, 380.0000 ns/op
OverheadActual  13: 1 op, 551.00 ns, 551.0000 ns/op
OverheadActual  14: 1 op, 571.00 ns, 571.0000 ns/op
OverheadActual  15: 1 op, 501.00 ns, 501.0000 ns/op
OverheadActual  16: 1 op, 510.00 ns, 510.0000 ns/op
OverheadActual  17: 1 op, 531.00 ns, 531.0000 ns/op
OverheadActual  18: 1 op, 461.00 ns, 461.0000 ns/op
OverheadActual  19: 1 op, 501.00 ns, 501.0000 ns/op
OverheadActual  20: 1 op, 481.00 ns, 481.0000 ns/op

WorkloadWarmup   1: 1 op, 10630.00 ns, 10.6300 us/op
WorkloadWarmup   2: 1 op, 5029.00 ns, 5.0290 us/op
WorkloadWarmup   3: 1 op, 6141.00 ns, 6.1410 us/op

// BeforeActualRun
WorkloadActual   1: 1 op, 5009.00 ns, 5.0090 us/op
WorkloadActual   2: 1 op, 4729.00 ns, 4.7290 us/op
WorkloadActual   3: 1 op, 3366.00 ns, 3.3660 us/op

// AfterActualRun
WorkloadResult   1: 1 op, 4498.50 ns, 4.4985 us/op
WorkloadResult   2: 1 op, 4218.50 ns, 4.2185 us/op
WorkloadResult   3: 1 op, 2855.50 ns, 2.8555 us/op
// GC:  0 0 0 88 1
// Threading:  0 0 1

// AfterAll
// Benchmark Process 1608546 has exited with code 0.

Mean = 3.857 us, StdErr = 0.507 us (13.16%), N = 3, StdDev = 0.879 us
Min = 2.856 us, Q1 = 3.537 us, Median = 4.218 us, Q3 = 4.359 us, Max = 4.498 us
IQR = 0.822 us, LowerFence = 2.305 us, UpperFence = 5.591 us
ConfidenceInterval = [-12.178 us; 19.893 us] (CI 99.9%), Margin = 16.036 us (415.71% of Mean)
Skewness = -0.34, Kurtosis = 0.67, MValue = 2

// ** Remained 79 (79.8%) benchmark(s) to run. Estimated finish 2026-09-22 17:02 (0h 0m from now) **
// **************************
// Benchmark: SessionSetupDecompositionBenchmarks.ComponentC2e_LinkedTokenSourceConstruction: ShortRun(InvocationCount=1, IterationCount=3, LaunchCount=1, UnrollFactor=1, WarmupCount=3) [Sessions=1]
// *** Execute ***
// Launch: 1 / 1
// Execute: dotnet WinForward.Benchmarks-ShortRun-1.dll --anonymousPipes 123 125 --benchmarkName "WinForward.Benchmarks.Perf.SessionSetupDecompositionBenchmarks.ComponentC2e_LinkedTokenSourceConstruction(Sessions: 1)" --job ShortRun --benchmarkId 20 in /home/paff/Projects/WinForward/benchmarks/WinForward.Benchmarks/bin/Release/net10.0/WinForward.Benchmarks-ShortRun-1/bin/Release/net10.0
// Failed to set up high priority (Permission denied). In order to run benchmarks with high priority, make sure you have the right permissions.
// BeforeAnythingElse

// Benchmark Process Environment Information:
// BenchmarkDotNet v0.15.8
// Runtime=.NET 10.0.12 (10.0.12, 10.0.1226.42308), X64 RyuJIT x86-64-v4
// GC=Concurrent Workstation
// HardwareIntrinsics=AVX512 BITALG+VBMI2+VNNI+VPOPCNTDQ,AVX512 IFMA+VBMI,AVX512 F+BW+CD+DQ+VL,AVX2+BMI1+BMI2+F16C+FMA+LZCNT+MOVBE,AVX,SSE3+SSSE3+SSE4.1+SSE4.2+POPCNT,X86Base+SSE+SSE2,AES+PCLMUL,AvxVnni VectorSize=256
// Job: ShortRun(InvocationCount=1, IterationCount=3, LaunchCount=1, UnrollFactor=1, WarmupCount=3)

OverheadJitting  1: 1 op, 258467.00 ns, 258.4670 us/op
WorkloadJitting  1: 1 op, 1255886.00 ns, 1.2559 ms/op

OverheadWarmup   1: 1 op, 471.00 ns, 471.0000 ns/op
OverheadWarmup   2: 1 op, 441.00 ns, 441.0000 ns/op
OverheadWarmup   3: 1 op, 281.00 ns, 281.0000 ns/op
OverheadWarmup   4: 1 op, 491.00 ns, 491.0000 ns/op
OverheadWarmup   5: 1 op, 471.00 ns, 471.0000 ns/op
OverheadWarmup   6: 1 op, 261.00 ns, 261.0000 ns/op
OverheadWarmup   7: 1 op, 261.00 ns, 261.0000 ns/op
OverheadWarmup   8: 1 op, 260.00 ns, 260.0000 ns/op

OverheadActual   1: 1 op, 471.00 ns, 471.0000 ns/op
OverheadActual   2: 1 op, 431.00 ns, 431.0000 ns/op
OverheadActual   3: 1 op, 521.00 ns, 521.0000 ns/op
OverheadActual   4: 1 op, 511.00 ns, 511.0000 ns/op
OverheadActual   5: 1 op, 491.00 ns, 491.0000 ns/op
OverheadActual   6: 1 op, 481.00 ns, 481.0000 ns/op
OverheadActual   7: 1 op, 481.00 ns, 481.0000 ns/op
OverheadActual   8: 1 op, 451.00 ns, 451.0000 ns/op
OverheadActual   9: 1 op, 431.00 ns, 431.0000 ns/op
OverheadActual  10: 1 op, 1172.00 ns, 1.1720 us/op
OverheadActual  11: 1 op, 661.00 ns, 661.0000 ns/op
OverheadActual  12: 1 op, 481.00 ns, 481.0000 ns/op
OverheadActual  13: 1 op, 471.00 ns, 471.0000 ns/op
OverheadActual  14: 1 op, 270.00 ns, 270.0000 ns/op
OverheadActual  15: 1 op, 491.00 ns, 491.0000 ns/op
OverheadActual  16: 1 op, 671.00 ns, 671.0000 ns/op
OverheadActual  17: 1 op, 270.00 ns, 270.0000 ns/op
OverheadActual  18: 1 op, 521.00 ns, 521.0000 ns/op
OverheadActual  19: 1 op, 441.00 ns, 441.0000 ns/op
OverheadActual  20: 1 op, 260.00 ns, 260.0000 ns/op

WorkloadWarmup   1: 1 op, 16680.00 ns, 16.6800 us/op
WorkloadWarmup   2: 1 op, 8556.00 ns, 8.5560 us/op
WorkloadWarmup   3: 1 op, 6662.00 ns, 6.6620 us/op

// BeforeActualRun
WorkloadActual   1: 1 op, 8245.00 ns, 8.2450 us/op
WorkloadActual   2: 1 op, 7784.00 ns, 7.7840 us/op
WorkloadActual   3: 1 op, 6442.00 ns, 6.4420 us/op

// AfterActualRun
WorkloadResult   1: 1 op, 7764.00 ns, 7.7640 us/op
WorkloadResult   2: 1 op, 7303.00 ns, 7.3030 us/op
WorkloadResult   3: 1 op, 5961.00 ns, 5.9610 us/op
// GC:  0 0 0 352 1
// Threading:  0 0 1

// AfterAll
// Benchmark Process 1608555 has exited with code 0.

Mean = 7.009 us, StdErr = 0.541 us (7.72%), N = 3, StdDev = 0.937 us
Min = 5.961 us, Q1 = 6.632 us, Median = 7.303 us, Q3 = 7.534 us, Max = 7.764 us
IQR = 0.901 us, LowerFence = 5.280 us, UpperFence = 8.886 us
ConfidenceInterval = [-10.079 us; 24.098 us] (CI 99.9%), Margin = 17.089 us (243.80% of Mean)
Skewness = -0.28, Kurtosis = 0.67, MValue = 2

// ** Remained 78 (78.8%) benchmark(s) to run. Estimated finish 2026-09-22 17:02 (0h 0m from now) **
// **************************
// Benchmark: SessionSetupDecompositionBenchmarks.ComponentE1_CanceledDelayAwaitAsync: ShortRun(InvocationCount=1, IterationCount=3, LaunchCount=1, UnrollFactor=1, WarmupCount=3) [Sessions=1]
// *** Execute ***
// Launch: 1 / 1
// Execute: dotnet WinForward.Benchmarks-ShortRun-1.dll --anonymousPipes 123 125 --benchmarkName "WinForward.Benchmarks.Perf.SessionSetupDecompositionBenchmarks.ComponentE1_CanceledDelayAwaitAsync(Sessions: 1)" --job ShortRun --benchmarkId 21 in /home/paff/Projects/WinForward/benchmarks/WinForward.Benchmarks/bin/Release/net10.0/WinForward.Benchmarks-ShortRun-1/bin/Release/net10.0
// Failed to set up high priority (Permission denied). In order to run benchmarks with high priority, make sure you have the right permissions.
// BeforeAnythingElse

// Benchmark Process Environment Information:
// BenchmarkDotNet v0.15.8
// Runtime=.NET 10.0.12 (10.0.12, 10.0.1226.42308), X64 RyuJIT x86-64-v4
// GC=Concurrent Workstation
// HardwareIntrinsics=AVX512 BITALG+VBMI2+VNNI+VPOPCNTDQ,AVX512 IFMA+VBMI,AVX512 F+BW+CD+DQ+VL,AVX2+BMI1+BMI2+F16C+FMA+LZCNT+MOVBE,AVX,SSE3+SSSE3+SSE4.1+SSE4.2+POPCNT,X86Base+SSE+SSE2,AES+PCLMUL,AvxVnni VectorSize=256
// Job: ShortRun(InvocationCount=1, IterationCount=3, LaunchCount=1, UnrollFactor=1, WarmupCount=3)

OverheadJitting  1: 1 op, 446974.00 ns, 446.9740 us/op
WorkloadJitting  1: 1 op, 4272397.00 ns, 4.2724 ms/op

OverheadWarmup   1: 1 op, 420.00 ns, 420.0000 ns/op
OverheadWarmup   2: 1 op, 490.00 ns, 490.0000 ns/op
OverheadWarmup   3: 1 op, 491.00 ns, 491.0000 ns/op
OverheadWarmup   4: 1 op, 491.00 ns, 491.0000 ns/op
OverheadWarmup   5: 1 op, 461.00 ns, 461.0000 ns/op
OverheadWarmup   6: 1 op, 281.00 ns, 281.0000 ns/op
OverheadWarmup   7: 1 op, 481.00 ns, 481.0000 ns/op

OverheadActual   1: 1 op, 511.00 ns, 511.0000 ns/op
OverheadActual   2: 1 op, 571.00 ns, 571.0000 ns/op
OverheadActual   3: 1 op, 491.00 ns, 491.0000 ns/op
OverheadActual   4: 1 op, 411.00 ns, 411.0000 ns/op
OverheadActual   5: 1 op, 271.00 ns, 271.0000 ns/op
OverheadActual   6: 1 op, 270.00 ns, 270.0000 ns/op
OverheadActual   7: 1 op, 271.00 ns, 271.0000 ns/op
OverheadActual   8: 1 op, 270.00 ns, 270.0000 ns/op
OverheadActual   9: 1 op, 511.00 ns, 511.0000 ns/op
OverheadActual  10: 1 op, 291.00 ns, 291.0000 ns/op
OverheadActual  11: 1 op, 561.00 ns, 561.0000 ns/op
OverheadActual  12: 1 op, 501.00 ns, 501.0000 ns/op
OverheadActual  13: 1 op, 441.00 ns, 441.0000 ns/op
OverheadActual  14: 1 op, 271.00 ns, 271.0000 ns/op
OverheadActual  15: 1 op, 451.00 ns, 451.0000 ns/op
OverheadActual  16: 1 op, 270.00 ns, 270.0000 ns/op
OverheadActual  17: 1 op, 441.00 ns, 441.0000 ns/op
OverheadActual  18: 1 op, 1313.00 ns, 1.3130 us/op
OverheadActual  19: 1 op, 431.00 ns, 431.0000 ns/op
OverheadActual  20: 1 op, 491.00 ns, 491.0000 ns/op

WorkloadWarmup   1: 1 op, 227079.00 ns, 227.0790 us/op
WorkloadWarmup   2: 1 op, 55111.00 ns, 55.1110 us/op
WorkloadWarmup   3: 1 op, 46506.00 ns, 46.5060 us/op

// BeforeActualRun
WorkloadActual   1: 1 op, 40836.00 ns, 40.8360 us/op
WorkloadActual   2: 1 op, 41046.00 ns, 41.0460 us/op
WorkloadActual   3: 1 op, 35766.00 ns, 35.7660 us/op

// AfterActualRun
WorkloadResult   1: 1 op, 40395.00 ns, 40.3950 us/op
WorkloadResult   2: 1 op, 40605.00 ns, 40.6050 us/op
WorkloadResult   3: 1 op, 35325.00 ns, 35.3250 us/op
// GC:  0 0 0 864 1
// Threading:  0 0 1
// Exceptions:  1

// AfterAll
// Benchmark Process 1608564 has exited with code 0.

Mean = 38.775 us, StdErr = 1.726 us (4.45%), N = 3, StdDev = 2.990 us
Min = 35.325 us, Q1 = 37.860 us, Median = 40.395 us, Q3 = 40.500 us, Max = 40.605 us
IQR = 2.640 us, LowerFence = 33.900 us, UpperFence = 44.460 us
ConfidenceInterval = [-15.767 us; 93.317 us] (CI 99.9%), Margin = 54.542 us (140.66% of Mean)
Skewness = -0.38, Kurtosis = 0.67, MValue = 2

// ** Remained 77 (77.8%) benchmark(s) to run. Estimated finish 2026-09-22 17:02 (0h 0m from now) **
// **************************
// Benchmark: SessionSetupDecompositionBenchmarks.ComponentE2_SetupExecutorDisposeAsync: ShortRun(InvocationCount=1, IterationCount=3, LaunchCount=1, UnrollFactor=1, WarmupCount=3) [Sessions=1]
// *** Execute ***
// Launch: 1 / 1
// Execute: dotnet WinForward.Benchmarks-ShortRun-1.dll --anonymousPipes 123 125 --benchmarkName "WinForward.Benchmarks.Perf.SessionSetupDecompositionBenchmarks.ComponentE2_SetupExecutorDisposeAsync(Sessions: 1)" --job ShortRun --benchmarkId 22 in /home/paff/Projects/WinForward/benchmarks/WinForward.Benchmarks/bin/Release/net10.0/WinForward.Benchmarks-ShortRun-1/bin/Release/net10.0
// Failed to set up high priority (Permission denied). In order to run benchmarks with high priority, make sure you have the right permissions.
// BeforeAnythingElse

// Benchmark Process Environment Information:
// BenchmarkDotNet v0.15.8
// Runtime=.NET 10.0.12 (10.0.12, 10.0.1226.42308), X64 RyuJIT x86-64-v4
// GC=Concurrent Workstation
// HardwareIntrinsics=AVX512 BITALG+VBMI2+VNNI+VPOPCNTDQ,AVX512 IFMA+VBMI,AVX512 F+BW+CD+DQ+VL,AVX2+BMI1+BMI2+F16C+FMA+LZCNT+MOVBE,AVX,SSE3+SSSE3+SSE4.1+SSE4.2+POPCNT,X86Base+SSE+SSE2,AES+PCLMUL,AvxVnni VectorSize=256
// Job: ShortRun(InvocationCount=1, IterationCount=3, LaunchCount=1, UnrollFactor=1, WarmupCount=3)

OverheadJitting  1: 1 op, 319409.00 ns, 319.4090 us/op
WorkloadJitting  1: 1 op, 116917446.00 ns, 116.9174 ms/op

OverheadWarmup   1: 1 op, 521.00 ns, 521.0000 ns/op
OverheadWarmup   2: 1 op, 541.00 ns, 541.0000 ns/op
OverheadWarmup   3: 1 op, 411.00 ns, 411.0000 ns/op
OverheadWarmup   4: 1 op, 431.00 ns, 431.0000 ns/op
OverheadWarmup   5: 1 op, 491.00 ns, 491.0000 ns/op
OverheadWarmup   6: 1 op, 460.00 ns, 460.0000 ns/op

OverheadActual   1: 1 op, 431.00 ns, 431.0000 ns/op
OverheadActual   2: 1 op, 421.00 ns, 421.0000 ns/op
OverheadActual   3: 1 op, 401.00 ns, 401.0000 ns/op
OverheadActual   4: 1 op, 491.00 ns, 491.0000 ns/op
OverheadActual   5: 1 op, 461.00 ns, 461.0000 ns/op
OverheadActual   6: 1 op, 461.00 ns, 461.0000 ns/op
OverheadActual   7: 1 op, 441.00 ns, 441.0000 ns/op
OverheadActual   8: 1 op, 411.00 ns, 411.0000 ns/op
OverheadActual   9: 1 op, 420.00 ns, 420.0000 ns/op
OverheadActual  10: 1 op, 261.00 ns, 261.0000 ns/op
OverheadActual  11: 1 op, 260.00 ns, 260.0000 ns/op
OverheadActual  12: 1 op, 271.00 ns, 271.0000 ns/op
OverheadActual  13: 1 op, 261.00 ns, 261.0000 ns/op
OverheadActual  14: 1 op, 431.00 ns, 431.0000 ns/op
OverheadActual  15: 1 op, 431.00 ns, 431.0000 ns/op
OverheadActual  16: 1 op, 430.00 ns, 430.0000 ns/op
OverheadActual  17: 1 op, 481.00 ns, 481.0000 ns/op
OverheadActual  18: 1 op, 421.00 ns, 421.0000 ns/op
OverheadActual  19: 1 op, 431.00 ns, 431.0000 ns/op
OverheadActual  20: 1 op, 481.00 ns, 481.0000 ns/op

WorkloadWarmup   1: 1 op, 95232274.00 ns, 95.2323 ms/op
WorkloadWarmup   2: 1 op, 95945428.00 ns, 95.9454 ms/op
WorkloadWarmup   3: 1 op, 96267352.00 ns, 96.2674 ms/op

// BeforeActualRun
WorkloadActual   1: 1 op, 96454746.00 ns, 96.4547 ms/op
WorkloadActual   2: 1 op, 95835728.00 ns, 95.8357 ms/op
WorkloadActual   3: 1 op, 95199381.00 ns, 95.1994 ms/op

// AfterActualRun
WorkloadResult   1: 1 op, 96454315.50 ns, 96.4543 ms/op
WorkloadResult   2: 1 op, 95835297.50 ns, 95.8353 ms/op
WorkloadResult   3: 1 op, 95198950.50 ns, 95.1990 ms/op
// GC:  0 0 0 89016 1
// Threading:  2 64 1
// Exceptions:  128

// AfterAll
// Benchmark Process 1608573 has exited with code 0.

Mean = 95.830 ms, StdErr = 0.362 ms (0.38%), N = 3, StdDev = 0.628 ms
Min = 95.199 ms, Q1 = 95.517 ms, Median = 95.835 ms, Q3 = 96.145 ms, Max = 96.454 ms
IQR = 0.628 ms, LowerFence = 94.576 ms, UpperFence = 97.086 ms
ConfidenceInterval = [84.378 ms; 107.281 ms] (CI 99.9%), Margin = 11.452 ms (11.95% of Mean)
Skewness = -0.01, Kurtosis = 0.67, MValue = 2

// ** Remained 76 (76.8%) benchmark(s) to run. Estimated finish 2026-09-22 17:02 (0h 0m from now) **
// **************************
// Benchmark: SessionSetupDecompositionBenchmarks.ComponentA1_AssociationTablePreSeed: ShortRun(InvocationCount=1, IterationCount=3, LaunchCount=1, UnrollFactor=1, WarmupCount=3) [Sessions=1]
// *** Execute ***
// Launch: 1 / 1
// Execute: dotnet WinForward.Benchmarks-ShortRun-1.dll --anonymousPipes 123 125 --benchmarkName "WinForward.Benchmarks.Perf.SessionSetupDecompositionBenchmarks.ComponentA1_AssociationTablePreSeed(Sessions: 1)" --job ShortRun --benchmarkId 23 in /home/paff/Projects/WinForward/benchmarks/WinForward.Benchmarks/bin/Release/net10.0/WinForward.Benchmarks-ShortRun-1/bin/Release/net10.0
// Failed to set up high priority (Permission denied). In order to run benchmarks with high priority, make sure you have the right permissions.
// BeforeAnythingElse

// Benchmark Process Environment Information:
// BenchmarkDotNet v0.15.8
// Runtime=.NET 10.0.12 (10.0.12, 10.0.1226.42308), X64 RyuJIT x86-64-v4
// GC=Concurrent Workstation
// HardwareIntrinsics=AVX512 BITALG+VBMI2+VNNI+VPOPCNTDQ,AVX512 IFMA+VBMI,AVX512 F+BW+CD+DQ+VL,AVX2+BMI1+BMI2+F16C+FMA+LZCNT+MOVBE,AVX,SSE3+SSSE3+SSE4.1+SSE4.2+POPCNT,X86Base+SSE+SSE2,AES+PCLMUL,AvxVnni VectorSize=256
// Job: ShortRun(InvocationCount=1, IterationCount=3, LaunchCount=1, UnrollFactor=1, WarmupCount=3)

OverheadJitting  1: 1 op, 280788.00 ns, 280.7880 us/op
WorkloadJitting  1: 1 op, 2383765.00 ns, 2.3838 ms/op

OverheadWarmup   1: 1 op, 420.00 ns, 420.0000 ns/op
OverheadWarmup   2: 1 op, 420.00 ns, 420.0000 ns/op
OverheadWarmup   3: 1 op, 511.00 ns, 511.0000 ns/op
OverheadWarmup   4: 1 op, 541.00 ns, 541.0000 ns/op
OverheadWarmup   5: 1 op, 431.00 ns, 431.0000 ns/op
OverheadWarmup   6: 1 op, 561.00 ns, 561.0000 ns/op

OverheadActual   1: 1 op, 481.00 ns, 481.0000 ns/op
OverheadActual   2: 1 op, 501.00 ns, 501.0000 ns/op
OverheadActual   3: 1 op, 491.00 ns, 491.0000 ns/op
OverheadActual   4: 1 op, 481.00 ns, 481.0000 ns/op
OverheadActual   5: 1 op, 341.00 ns, 341.0000 ns/op
OverheadActual   6: 1 op, 531.00 ns, 531.0000 ns/op
OverheadActual   7: 1 op, 501.00 ns, 501.0000 ns/op
OverheadActual   8: 1 op, 501.00 ns, 501.0000 ns/op
OverheadActual   9: 1 op, 521.00 ns, 521.0000 ns/op
OverheadActual  10: 1 op, 541.00 ns, 541.0000 ns/op
OverheadActual  11: 1 op, 471.00 ns, 471.0000 ns/op
OverheadActual  12: 1 op, 731.00 ns, 731.0000 ns/op
OverheadActual  13: 1 op, 521.00 ns, 521.0000 ns/op
OverheadActual  14: 1 op, 501.00 ns, 501.0000 ns/op
OverheadActual  15: 1 op, 430.00 ns, 430.0000 ns/op
OverheadActual  16: 1 op, 280.00 ns, 280.0000 ns/op
OverheadActual  17: 1 op, 471.00 ns, 471.0000 ns/op
OverheadActual  18: 1 op, 491.00 ns, 491.0000 ns/op
OverheadActual  19: 1 op, 541.00 ns, 541.0000 ns/op
OverheadActual  20: 1 op, 481.00 ns, 481.0000 ns/op

WorkloadWarmup   1: 1 op, 10189.00 ns, 10.1890 us/op
WorkloadWarmup   2: 1 op, 7704.00 ns, 7.7040 us/op
WorkloadWarmup   3: 1 op, 5861.00 ns, 5.8610 us/op

// BeforeActualRun
WorkloadActual   1: 1 op, 20458.00 ns, 20.4580 us/op
WorkloadActual   2: 1 op, 5721.00 ns, 5.7210 us/op
WorkloadActual   3: 1 op, 5551.00 ns, 5.5510 us/op

// AfterActualRun
WorkloadResult   1: 1 op, 19962.00 ns, 19.9620 us/op
WorkloadResult   2: 1 op, 5225.00 ns, 5.2250 us/op
WorkloadResult   3: 1 op, 5055.00 ns, 5.0550 us/op
// GC:  0 0 0 1408 1
// Threading:  0 0 1

// AfterAll
// Benchmark Process 1609104 has exited with code 0.

Mean = 10.081 us, StdErr = 4.941 us (49.01%), N = 3, StdDev = 8.558 us
Min = 5.055 us, Q1 = 5.140 us, Median = 5.225 us, Q3 = 12.594 us, Max = 19.962 us
IQR = 7.454 us, LowerFence = -6.040 us, UpperFence = 23.774 us
ConfidenceInterval = [-146.047 us; 166.209 us] (CI 99.9%), Margin = 156.128 us (1548.79% of Mean)
Skewness = 0.38, Kurtosis = 0.67, MValue = 2

// ** Remained 75 (75.8%) benchmark(s) to run. Estimated finish 2026-09-22 17:02 (0h 0m from now) **
// **************************
// Benchmark: SessionSetupDecompositionBenchmarks.ComponentA2_SessionDictionaryPreSeed: ShortRun(InvocationCount=1, IterationCount=3, LaunchCount=1, UnrollFactor=1, WarmupCount=3) [Sessions=1]
// *** Execute ***
// Launch: 1 / 1
// Execute: dotnet WinForward.Benchmarks-ShortRun-1.dll --anonymousPipes 123 125 --benchmarkName "WinForward.Benchmarks.Perf.SessionSetupDecompositionBenchmarks.ComponentA2_SessionDictionaryPreSeed(Sessions: 1)" --job ShortRun --benchmarkId 24 in /home/paff/Projects/WinForward/benchmarks/WinForward.Benchmarks/bin/Release/net10.0/WinForward.Benchmarks-ShortRun-1/bin/Release/net10.0
// Failed to set up high priority (Permission denied). In order to run benchmarks with high priority, make sure you have the right permissions.
// BeforeAnythingElse

// Benchmark Process Environment Information:
// BenchmarkDotNet v0.15.8
// Runtime=.NET 10.0.12 (10.0.12, 10.0.1226.42308), X64 RyuJIT x86-64-v4
// GC=Concurrent Workstation
// HardwareIntrinsics=AVX512 BITALG+VBMI2+VNNI+VPOPCNTDQ,AVX512 IFMA+VBMI,AVX512 F+BW+CD+DQ+VL,AVX2+BMI1+BMI2+F16C+FMA+LZCNT+MOVBE,AVX,SSE3+SSSE3+SSE4.1+SSE4.2+POPCNT,X86Base+SSE+SSE2,AES+PCLMUL,AvxVnni VectorSize=256
// Job: ShortRun(InvocationCount=1, IterationCount=3, LaunchCount=1, UnrollFactor=1, WarmupCount=3)

OverheadJitting  1: 1 op, 298901.00 ns, 298.9010 us/op
WorkloadJitting  1: 1 op, 1320775.00 ns, 1.3208 ms/op

OverheadWarmup   1: 1 op, 420.00 ns, 420.0000 ns/op
OverheadWarmup   2: 1 op, 431.00 ns, 431.0000 ns/op
OverheadWarmup   3: 1 op, 461.00 ns, 461.0000 ns/op
OverheadWarmup   4: 1 op, 451.00 ns, 451.0000 ns/op
OverheadWarmup   5: 1 op, 501.00 ns, 501.0000 ns/op
OverheadWarmup   6: 1 op, 521.00 ns, 521.0000 ns/op
OverheadWarmup   7: 1 op, 420.00 ns, 420.0000 ns/op

OverheadActual   1: 1 op, 421.00 ns, 421.0000 ns/op
OverheadActual   2: 1 op, 430.00 ns, 430.0000 ns/op
OverheadActual   3: 1 op, 461.00 ns, 461.0000 ns/op
OverheadActual   4: 1 op, 431.00 ns, 431.0000 ns/op
OverheadActual   5: 1 op, 421.00 ns, 421.0000 ns/op
OverheadActual   6: 1 op, 341.00 ns, 341.0000 ns/op
OverheadActual   7: 1 op, 471.00 ns, 471.0000 ns/op
OverheadActual   8: 1 op, 441.00 ns, 441.0000 ns/op
OverheadActual   9: 1 op, 451.00 ns, 451.0000 ns/op
OverheadActual  10: 1 op, 340.00 ns, 340.0000 ns/op
OverheadActual  11: 1 op, 261.00 ns, 261.0000 ns/op
OverheadActual  12: 1 op, 421.00 ns, 421.0000 ns/op
OverheadActual  13: 1 op, 371.00 ns, 371.0000 ns/op
OverheadActual  14: 1 op, 350.00 ns, 350.0000 ns/op
OverheadActual  15: 1 op, 451.00 ns, 451.0000 ns/op
OverheadActual  16: 1 op, 441.00 ns, 441.0000 ns/op
OverheadActual  17: 1 op, 421.00 ns, 421.0000 ns/op
OverheadActual  18: 1 op, 841.00 ns, 841.0000 ns/op
OverheadActual  19: 1 op, 491.00 ns, 491.0000 ns/op
OverheadActual  20: 1 op, 470.00 ns, 470.0000 ns/op

WorkloadWarmup   1: 1 op, 4588.00 ns, 4.5880 us/op
WorkloadWarmup   2: 1 op, 3376.00 ns, 3.3760 us/op
WorkloadWarmup   3: 1 op, 3917.00 ns, 3.9170 us/op

// BeforeActualRun
WorkloadActual   1: 1 op, 17392.00 ns, 17.3920 us/op
WorkloadActual   2: 1 op, 4148.00 ns, 4.1480 us/op
WorkloadActual   3: 1 op, 4077.00 ns, 4.0770 us/op

// AfterActualRun
WorkloadResult   1: 1 op, 16961.50 ns, 16.9615 us/op
WorkloadResult   2: 1 op, 3717.50 ns, 3.7175 us/op
WorkloadResult   3: 1 op, 3646.50 ns, 3.6465 us/op
// GC:  0 0 0 576 1
// Threading:  0 0 1

// AfterAll
// Benchmark Process 1609118 has exited with code 0.

Mean = 8.108 us, StdErr = 4.427 us (54.59%), N = 3, StdDev = 7.667 us
Min = 3.647 us, Q1 = 3.682 us, Median = 3.717 us, Q3 = 10.339 us, Max = 16.962 us
IQR = 6.657 us, LowerFence = -6.304 us, UpperFence = 20.326 us
ConfidenceInterval = [-131.766 us; 147.983 us] (CI 99.9%), Margin = 139.875 us (1725.04% of Mean)
Skewness = 0.38, Kurtosis = 0.67, MValue = 2

// ** Remained 74 (74.7%) benchmark(s) to run. Estimated finish 2026-09-22 17:02 (0h 0m from now) **
// **************************
// Benchmark: SessionSetupDecompositionBenchmarks.ComponentA3_CooldownTableConstruction: ShortRun(InvocationCount=1, IterationCount=3, LaunchCount=1, UnrollFactor=1, WarmupCount=3) [Sessions=1]
// *** Execute ***
// Launch: 1 / 1
// Execute: dotnet WinForward.Benchmarks-ShortRun-1.dll --anonymousPipes 123 125 --benchmarkName "WinForward.Benchmarks.Perf.SessionSetupDecompositionBenchmarks.ComponentA3_CooldownTableConstruction(Sessions: 1)" --job ShortRun --benchmarkId 25 in /home/paff/Projects/WinForward/benchmarks/WinForward.Benchmarks/bin/Release/net10.0/WinForward.Benchmarks-ShortRun-1/bin/Release/net10.0
// Failed to set up high priority (Permission denied). In order to run benchmarks with high priority, make sure you have the right permissions.
// BeforeAnythingElse

// Benchmark Process Environment Information:
// BenchmarkDotNet v0.15.8
// Runtime=.NET 10.0.12 (10.0.12, 10.0.1226.42308), X64 RyuJIT x86-64-v4
// GC=Concurrent Workstation
// HardwareIntrinsics=AVX512 BITALG+VBMI2+VNNI+VPOPCNTDQ,AVX512 IFMA+VBMI,AVX512 F+BW+CD+DQ+VL,AVX2+BMI1+BMI2+F16C+FMA+LZCNT+MOVBE,AVX,SSE3+SSSE3+SSE4.1+SSE4.2+POPCNT,X86Base+SSE+SSE2,AES+PCLMUL,AvxVnni VectorSize=256
// Job: ShortRun(InvocationCount=1, IterationCount=3, LaunchCount=1, UnrollFactor=1, WarmupCount=3)

OverheadJitting  1: 1 op, 253126.00 ns, 253.1260 us/op
WorkloadJitting  1: 1 op, 1361010.00 ns, 1.3610 ms/op

OverheadWarmup   1: 1 op, 440.00 ns, 440.0000 ns/op
OverheadWarmup   2: 1 op, 261.00 ns, 261.0000 ns/op
OverheadWarmup   3: 1 op, 261.00 ns, 261.0000 ns/op
OverheadWarmup   4: 1 op, 270.00 ns, 270.0000 ns/op
OverheadWarmup   5: 1 op, 351.00 ns, 351.0000 ns/op
OverheadWarmup   6: 1 op, 571.00 ns, 571.0000 ns/op
OverheadWarmup   7: 1 op, 360.00 ns, 360.0000 ns/op
OverheadWarmup   8: 1 op, 531.00 ns, 531.0000 ns/op

OverheadActual   1: 1 op, 420.00 ns, 420.0000 ns/op
OverheadActual   2: 1 op, 471.00 ns, 471.0000 ns/op
OverheadActual   3: 1 op, 471.00 ns, 471.0000 ns/op
OverheadActual   4: 1 op, 431.00 ns, 431.0000 ns/op
OverheadActual   5: 1 op, 431.00 ns, 431.0000 ns/op
OverheadActual   6: 1 op, 391.00 ns, 391.0000 ns/op
OverheadActual   7: 1 op, 261.00 ns, 261.0000 ns/op
OverheadActual   8: 1 op, 291.00 ns, 291.0000 ns/op
OverheadActual   9: 1 op, 410.00 ns, 410.0000 ns/op
OverheadActual  10: 1 op, 51556.00 ns, 51.5560 us/op
OverheadActual  11: 1 op, 381.00 ns, 381.0000 ns/op
OverheadActual  12: 1 op, 271.00 ns, 271.0000 ns/op
OverheadActual  13: 1 op, 390.00 ns, 390.0000 ns/op
OverheadActual  14: 1 op, 481.00 ns, 481.0000 ns/op
OverheadActual  15: 1 op, 480.00 ns, 480.0000 ns/op
OverheadActual  16: 1 op, 451.00 ns, 451.0000 ns/op
OverheadActual  17: 1 op, 441.00 ns, 441.0000 ns/op
OverheadActual  18: 1 op, 451.00 ns, 451.0000 ns/op
OverheadActual  19: 1 op, 491.00 ns, 491.0000 ns/op
OverheadActual  20: 1 op, 471.00 ns, 471.0000 ns/op

WorkloadWarmup   1: 1 op, 3957.00 ns, 3.9570 us/op
WorkloadWarmup   2: 1 op, 3837.00 ns, 3.8370 us/op
WorkloadWarmup   3: 1 op, 3156.00 ns, 3.1560 us/op

// BeforeActualRun
WorkloadActual   1: 1 op, 17503.00 ns, 17.5030 us/op
WorkloadActual   2: 1 op, 3196.00 ns, 3.1960 us/op
WorkloadActual   3: 1 op, 3847.00 ns, 3.8470 us/op

// AfterActualRun
WorkloadResult   1: 1 op, 17067.00 ns, 17.0670 us/op
WorkloadResult   2: 1 op, 2760.00 ns, 2.7600 us/op
WorkloadResult   3: 1 op, 3411.00 ns, 3.4110 us/op
// GC:  0 0 0 160 1
// Threading:  0 0 1

// AfterAll
// Benchmark Process 1609127 has exited with code 0.

Mean = 7.746 us, StdErr = 4.664 us (60.22%), N = 3, StdDev = 8.079 us
Min = 2.760 us, Q1 = 3.086 us, Median = 3.411 us, Q3 = 10.239 us, Max = 17.067 us
IQR = 7.154 us, LowerFence = -7.645 us, UpperFence = 20.969 us
ConfidenceInterval = [-139.641 us; 155.133 us] (CI 99.9%), Margin = 147.387 us (1902.75% of Mean)
Skewness = 0.38, Kurtosis = 0.67, MValue = 2

// ** Remained 73 (73.7%) benchmark(s) to run. Estimated finish 2026-09-22 17:02 (0h 0m from now) **
// **************************
// Benchmark: SessionSetupDecompositionBenchmarks.ComponentA4_SlotAndQueueObjects: ShortRun(InvocationCount=1, IterationCount=3, LaunchCount=1, UnrollFactor=1, WarmupCount=3) [Sessions=1]
// *** Execute ***
// Launch: 1 / 1
// Execute: dotnet WinForward.Benchmarks-ShortRun-1.dll --anonymousPipes 123 125 --benchmarkName "WinForward.Benchmarks.Perf.SessionSetupDecompositionBenchmarks.ComponentA4_SlotAndQueueObjects(Sessions: 1)" --job ShortRun --benchmarkId 26 in /home/paff/Projects/WinForward/benchmarks/WinForward.Benchmarks/bin/Release/net10.0/WinForward.Benchmarks-ShortRun-1/bin/Release/net10.0
// Failed to set up high priority (Permission denied). In order to run benchmarks with high priority, make sure you have the right permissions.
// BeforeAnythingElse

// Benchmark Process Environment Information:
// BenchmarkDotNet v0.15.8
// Runtime=.NET 10.0.12 (10.0.12, 10.0.1226.42308), X64 RyuJIT x86-64-v4
// GC=Concurrent Workstation
// HardwareIntrinsics=AVX512 BITALG+VBMI2+VNNI+VPOPCNTDQ,AVX512 IFMA+VBMI,AVX512 F+BW+CD+DQ+VL,AVX2+BMI1+BMI2+F16C+FMA+LZCNT+MOVBE,AVX,SSE3+SSSE3+SSE4.1+SSE4.2+POPCNT,X86Base+SSE+SSE2,AES+PCLMUL,AvxVnni VectorSize=256
// Job: ShortRun(InvocationCount=1, IterationCount=3, LaunchCount=1, UnrollFactor=1, WarmupCount=3)

OverheadJitting  1: 1 op, 254038.00 ns, 254.0380 us/op
WorkloadJitting  1: 1 op, 1371689.00 ns, 1.3717 ms/op

OverheadWarmup   1: 1 op, 471.00 ns, 471.0000 ns/op
OverheadWarmup   2: 1 op, 931.00 ns, 931.0000 ns/op
OverheadWarmup   3: 1 op, 451.00 ns, 451.0000 ns/op
OverheadWarmup   4: 1 op, 451.00 ns, 451.0000 ns/op
OverheadWarmup   5: 1 op, 431.00 ns, 431.0000 ns/op

OverheadActual   1: 1 op, 451.00 ns, 451.0000 ns/op
OverheadActual   2: 1 op, 451.00 ns, 451.0000 ns/op
OverheadActual   3: 1 op, 431.00 ns, 431.0000 ns/op
OverheadActual   4: 1 op, 411.00 ns, 411.0000 ns/op
OverheadActual   5: 1 op, 261.00 ns, 261.0000 ns/op
OverheadActual   6: 1 op, 451.00 ns, 451.0000 ns/op
OverheadActual   7: 1 op, 430.00 ns, 430.0000 ns/op
OverheadActual   8: 1 op, 481.00 ns, 481.0000 ns/op
OverheadActual   9: 1 op, 471.00 ns, 471.0000 ns/op
OverheadActual  10: 1 op, 441.00 ns, 441.0000 ns/op
OverheadActual  11: 1 op, 481.00 ns, 481.0000 ns/op
OverheadActual  12: 1 op, 411.00 ns, 411.0000 ns/op
OverheadActual  13: 1 op, 571.00 ns, 571.0000 ns/op
OverheadActual  14: 1 op, 471.00 ns, 471.0000 ns/op
OverheadActual  15: 1 op, 381.00 ns, 381.0000 ns/op
OverheadActual  16: 1 op, 491.00 ns, 491.0000 ns/op
OverheadActual  17: 1 op, 410.00 ns, 410.0000 ns/op
OverheadActual  18: 1 op, 481.00 ns, 481.0000 ns/op
OverheadActual  19: 1 op, 471.00 ns, 471.0000 ns/op
OverheadActual  20: 1 op, 431.00 ns, 431.0000 ns/op

WorkloadWarmup   1: 1 op, 83093.00 ns, 83.0930 us/op
WorkloadWarmup   2: 1 op, 4458.00 ns, 4.4580 us/op
WorkloadWarmup   3: 1 op, 4418.00 ns, 4.4180 us/op

// BeforeActualRun
WorkloadActual   1: 1 op, 18103.00 ns, 18.1030 us/op
WorkloadActual   2: 1 op, 4488.00 ns, 4.4880 us/op
WorkloadActual   3: 1 op, 4307.00 ns, 4.3070 us/op

// AfterActualRun
WorkloadResult   1: 1 op, 17652.00 ns, 17.6520 us/op
WorkloadResult   2: 1 op, 4037.00 ns, 4.0370 us/op
WorkloadResult   3: 1 op, 3856.00 ns, 3.8560 us/op
// GC:  0 0 0 144 1
// Threading:  0 0 1

// AfterAll
// Benchmark Process 1609136 has exited with code 0.

Mean = 8.515 us, StdErr = 4.569 us (53.66%), N = 3, StdDev = 7.913 us
Min = 3.856 us, Q1 = 3.946 us, Median = 4.037 us, Q3 = 10.845 us, Max = 17.652 us
IQR = 6.898 us, LowerFence = -6.401 us, UpperFence = 21.192 us
ConfidenceInterval = [-135.855 us; 152.885 us] (CI 99.9%), Margin = 144.370 us (1695.48% of Mean)
Skewness = 0.38, Kurtosis = 0.67, MValue = 2

// ** Remained 72 (72.7%) benchmark(s) to run. Estimated finish 2026-09-22 17:02 (0h 0m from now) **
// **************************
// Benchmark: SessionSetupDecompositionBenchmarks.ComponentA5_CompletionCell: ShortRun(InvocationCount=1, IterationCount=3, LaunchCount=1, UnrollFactor=1, WarmupCount=3) [Sessions=1]
// *** Execute ***
// Launch: 1 / 1
// Execute: dotnet WinForward.Benchmarks-ShortRun-1.dll --anonymousPipes 123 125 --benchmarkName "WinForward.Benchmarks.Perf.SessionSetupDecompositionBenchmarks.ComponentA5_CompletionCell(Sessions: 1)" --job ShortRun --benchmarkId 27 in /home/paff/Projects/WinForward/benchmarks/WinForward.Benchmarks/bin/Release/net10.0/WinForward.Benchmarks-ShortRun-1/bin/Release/net10.0
// Failed to set up high priority (Permission denied). In order to run benchmarks with high priority, make sure you have the right permissions.
// BeforeAnythingElse

// Benchmark Process Environment Information:
// BenchmarkDotNet v0.15.8
// Runtime=.NET 10.0.12 (10.0.12, 10.0.1226.42308), X64 RyuJIT x86-64-v4
// GC=Concurrent Workstation
// HardwareIntrinsics=AVX512 BITALG+VBMI2+VNNI+VPOPCNTDQ,AVX512 IFMA+VBMI,AVX512 F+BW+CD+DQ+VL,AVX2+BMI1+BMI2+F16C+FMA+LZCNT+MOVBE,AVX,SSE3+SSSE3+SSE4.1+SSE4.2+POPCNT,X86Base+SSE+SSE2,AES+PCLMUL,AvxVnni VectorSize=256
// Job: ShortRun(InvocationCount=1, IterationCount=3, LaunchCount=1, UnrollFactor=1, WarmupCount=3)

OverheadJitting  1: 1 op, 284654.00 ns, 284.6540 us/op
WorkloadJitting  1: 1 op, 780890.00 ns, 780.8900 us/op

OverheadWarmup   1: 1 op, 581.00 ns, 581.0000 ns/op
OverheadWarmup   2: 1 op, 471.00 ns, 471.0000 ns/op
OverheadWarmup   3: 1 op, 430.00 ns, 430.0000 ns/op
OverheadWarmup   4: 1 op, 461.00 ns, 461.0000 ns/op
OverheadWarmup   5: 1 op, 260.00 ns, 260.0000 ns/op
OverheadWarmup   6: 1 op, 260.00 ns, 260.0000 ns/op
OverheadWarmup   7: 1 op, 421.00 ns, 421.0000 ns/op

OverheadActual   1: 1 op, 420.00 ns, 420.0000 ns/op
OverheadActual   2: 1 op, 490.00 ns, 490.0000 ns/op
OverheadActual   3: 1 op, 1133.00 ns, 1.1330 us/op
OverheadActual   4: 1 op, 481.00 ns, 481.0000 ns/op
OverheadActual   5: 1 op, 360.00 ns, 360.0000 ns/op
OverheadActual   6: 1 op, 250.00 ns, 250.0000 ns/op
OverheadActual   7: 1 op, 271.00 ns, 271.0000 ns/op
OverheadActual   8: 1 op, 281.00 ns, 281.0000 ns/op
OverheadActual   9: 1 op, 260.00 ns, 260.0000 ns/op
OverheadActual  10: 1 op, 380.00 ns, 380.0000 ns/op
OverheadActual  11: 1 op, 440.00 ns, 440.0000 ns/op
OverheadActual  12: 1 op, 471.00 ns, 471.0000 ns/op
OverheadActual  13: 1 op, 401.00 ns, 401.0000 ns/op
OverheadActual  14: 1 op, 451.00 ns, 451.0000 ns/op
OverheadActual  15: 1 op, 491.00 ns, 491.0000 ns/op
OverheadActual  16: 1 op, 431.00 ns, 431.0000 ns/op
OverheadActual  17: 1 op, 250.00 ns, 250.0000 ns/op
OverheadActual  18: 1 op, 371.00 ns, 371.0000 ns/op
OverheadActual  19: 1 op, 451.00 ns, 451.0000 ns/op
OverheadActual  20: 1 op, 481.00 ns, 481.0000 ns/op

WorkloadWarmup   1: 1 op, 10079.00 ns, 10.0790 us/op
WorkloadWarmup   2: 1 op, 5470.00 ns, 5.4700 us/op
WorkloadWarmup   3: 1 op, 5009.00 ns, 5.0090 us/op

// BeforeActualRun
WorkloadActual   1: 1 op, 20268.00 ns, 20.2680 us/op
WorkloadActual   2: 1 op, 4969.00 ns, 4.9690 us/op
WorkloadActual   3: 1 op, 3988.00 ns, 3.9880 us/op

// AfterActualRun
WorkloadResult   1: 1 op, 19842.50 ns, 19.8425 us/op
WorkloadResult   2: 1 op, 4543.50 ns, 4.5435 us/op
WorkloadResult   3: 1 op, 3562.50 ns, 3.5625 us/op
// GC:  0 0 0 88 1
// Threading:  0 0 1

// AfterAll
// Benchmark Process 1609149 has exited with code 0.

Mean = 9.316 us, StdErr = 5.271 us (56.58%), N = 3, StdDev = 9.129 us
Min = 3.562 us, Q1 = 4.053 us, Median = 4.543 us, Q3 = 12.193 us, Max = 19.843 us
IQR = 8.140 us, LowerFence = -8.157 us, UpperFence = 24.403 us
ConfidenceInterval = [-157.235 us; 175.868 us] (CI 99.9%), Margin = 166.552 us (1787.77% of Mean)
Skewness = 0.38, Kurtosis = 0.67, MValue = 2

// ** Remained 71 (71.7%) benchmark(s) to run. Estimated finish 2026-09-22 17:02 (0h 0m from now) **
// **************************
// Benchmark: SessionSetupDecompositionBenchmarks.ComponentA6_ColdRent: ShortRun(InvocationCount=1, IterationCount=3, LaunchCount=1, UnrollFactor=1, WarmupCount=3) [Sessions=1]
// *** Execute ***
// Launch: 1 / 1
// Execute: dotnet WinForward.Benchmarks-ShortRun-1.dll --anonymousPipes 123 125 --benchmarkName "WinForward.Benchmarks.Perf.SessionSetupDecompositionBenchmarks.ComponentA6_ColdRent(Sessions: 1)" --job ShortRun --benchmarkId 28 in /home/paff/Projects/WinForward/benchmarks/WinForward.Benchmarks/bin/Release/net10.0/WinForward.Benchmarks-ShortRun-1/bin/Release/net10.0
// Failed to set up high priority (Permission denied). In order to run benchmarks with high priority, make sure you have the right permissions.
// BeforeAnythingElse

// Benchmark Process Environment Information:
// BenchmarkDotNet v0.15.8
// Runtime=.NET 10.0.12 (10.0.12, 10.0.1226.42308), X64 RyuJIT x86-64-v4
// GC=Concurrent Workstation
// HardwareIntrinsics=AVX512 BITALG+VBMI2+VNNI+VPOPCNTDQ,AVX512 IFMA+VBMI,AVX512 F+BW+CD+DQ+VL,AVX2+BMI1+BMI2+F16C+FMA+LZCNT+MOVBE,AVX,SSE3+SSSE3+SSE4.1+SSE4.2+POPCNT,X86Base+SSE+SSE2,AES+PCLMUL,AvxVnni VectorSize=256
// Job: ShortRun(InvocationCount=1, IterationCount=3, LaunchCount=1, UnrollFactor=1, WarmupCount=3)

OverheadJitting  1: 1 op, 293892.00 ns, 293.8920 us/op
WorkloadJitting  1: 1 op, 2263784.00 ns, 2.2638 ms/op

OverheadWarmup   1: 1 op, 491.00 ns, 491.0000 ns/op
OverheadWarmup   2: 1 op, 490.00 ns, 490.0000 ns/op
OverheadWarmup   3: 1 op, 501.00 ns, 501.0000 ns/op
OverheadWarmup   4: 1 op, 481.00 ns, 481.0000 ns/op
OverheadWarmup   5: 1 op, 361.00 ns, 361.0000 ns/op
OverheadWarmup   6: 1 op, 251.00 ns, 251.0000 ns/op
OverheadWarmup   7: 1 op, 521.00 ns, 521.0000 ns/op
OverheadWarmup   8: 1 op, 481.00 ns, 481.0000 ns/op

OverheadActual   1: 1 op, 481.00 ns, 481.0000 ns/op
OverheadActual   2: 1 op, 491.00 ns, 491.0000 ns/op
OverheadActual   3: 1 op, 601.00 ns, 601.0000 ns/op
OverheadActual   4: 1 op, 1522.00 ns, 1.5220 us/op
OverheadActual   5: 1 op, 601.00 ns, 601.0000 ns/op
OverheadActual   6: 1 op, 401.00 ns, 401.0000 ns/op
OverheadActual   7: 1 op, 491.00 ns, 491.0000 ns/op
OverheadActual   8: 1 op, 301.00 ns, 301.0000 ns/op
OverheadActual   9: 1 op, 491.00 ns, 491.0000 ns/op
OverheadActual  10: 1 op, 491.00 ns, 491.0000 ns/op
OverheadActual  11: 1 op, 481.00 ns, 481.0000 ns/op
OverheadActual  12: 1 op, 300.00 ns, 300.0000 ns/op
OverheadActual  13: 1 op, 511.00 ns, 511.0000 ns/op
OverheadActual  14: 1 op, 501.00 ns, 501.0000 ns/op
OverheadActual  15: 1 op, 491.00 ns, 491.0000 ns/op
OverheadActual  16: 1 op, 531.00 ns, 531.0000 ns/op
OverheadActual  17: 1 op, 581.00 ns, 581.0000 ns/op
OverheadActual  18: 1 op, 440.00 ns, 440.0000 ns/op
OverheadActual  19: 1 op, 500.00 ns, 500.0000 ns/op
OverheadActual  20: 1 op, 491.00 ns, 491.0000 ns/op

WorkloadWarmup   1: 1 op, 16701.00 ns, 16.7010 us/op
WorkloadWarmup   2: 1 op, 16761.00 ns, 16.7610 us/op
WorkloadWarmup   3: 1 op, 10840.00 ns, 10.8400 us/op

// BeforeActualRun
WorkloadActual   1: 1 op, 9928.00 ns, 9.9280 us/op
WorkloadActual   2: 1 op, 12774.00 ns, 12.7740 us/op
WorkloadActual   3: 1 op, 40865.00 ns, 40.8650 us/op

// AfterActualRun
WorkloadResult   1: 1 op, 9437.00 ns, 9.4370 us/op
WorkloadResult   2: 1 op, 12283.00 ns, 12.2830 us/op
WorkloadResult   3: 1 op, 40374.00 ns, 40.3740 us/op
// GC:  0 0 0 2248 1
// Threading:  0 0 1

// AfterAll
// Benchmark Process 1609158 has exited with code 0.

Mean = 20.698 us, StdErr = 9.872 us (47.70%), N = 3, StdDev = 17.099 us
Min = 9.437 us, Q1 = 10.860 us, Median = 12.283 us, Q3 = 26.328 us, Max = 40.374 us
IQR = 15.469 us, LowerFence = -12.343 us, UpperFence = 49.531 us
ConfidenceInterval = [-291.256 us; 332.652 us] (CI 99.9%), Margin = 311.954 us (1507.17% of Mean)
Skewness = 0.37, Kurtosis = 0.67, MValue = 2

// ** Remained 70 (70.7%) benchmark(s) to run. Estimated finish 2026-09-22 17:02 (0h 0m from now) **
// **************************
// Benchmark: SessionSetupDecompositionBenchmarks.ComponentA7_EnqueueCycle: ShortRun(InvocationCount=1, IterationCount=3, LaunchCount=1, UnrollFactor=1, WarmupCount=3) [Sessions=1]
// *** Execute ***
// Launch: 1 / 1
// Execute: dotnet WinForward.Benchmarks-ShortRun-1.dll --anonymousPipes 123 125 --benchmarkName "WinForward.Benchmarks.Perf.SessionSetupDecompositionBenchmarks.ComponentA7_EnqueueCycle(Sessions: 1)" --job ShortRun --benchmarkId 29 in /home/paff/Projects/WinForward/benchmarks/WinForward.Benchmarks/bin/Release/net10.0/WinForward.Benchmarks-ShortRun-1/bin/Release/net10.0
// Failed to set up high priority (Permission denied). In order to run benchmarks with high priority, make sure you have the right permissions.
// BeforeAnythingElse

// Benchmark Process Environment Information:
// BenchmarkDotNet v0.15.8
// Runtime=.NET 10.0.12 (10.0.12, 10.0.1226.42308), X64 RyuJIT x86-64-v4
// GC=Concurrent Workstation
// HardwareIntrinsics=AVX512 BITALG+VBMI2+VNNI+VPOPCNTDQ,AVX512 IFMA+VBMI,AVX512 F+BW+CD+DQ+VL,AVX2+BMI1+BMI2+F16C+FMA+LZCNT+MOVBE,AVX,SSE3+SSSE3+SSE4.1+SSE4.2+POPCNT,X86Base+SSE+SSE2,AES+PCLMUL,AvxVnni VectorSize=256
// Job: ShortRun(InvocationCount=1, IterationCount=3, LaunchCount=1, UnrollFactor=1, WarmupCount=3)

OverheadJitting  1: 1 op, 273965.00 ns, 273.9650 us/op
WorkloadJitting  1: 1 op, 4675431.00 ns, 4.6754 ms/op

OverheadWarmup   1: 1 op, 451.00 ns, 451.0000 ns/op
OverheadWarmup   2: 1 op, 251.00 ns, 251.0000 ns/op
OverheadWarmup   3: 1 op, 411.00 ns, 411.0000 ns/op
OverheadWarmup   4: 1 op, 371.00 ns, 371.0000 ns/op
OverheadWarmup   5: 1 op, 410.00 ns, 410.0000 ns/op
OverheadWarmup   6: 1 op, 491.00 ns, 491.0000 ns/op
OverheadWarmup   7: 1 op, 451.00 ns, 451.0000 ns/op

OverheadActual   1: 1 op, 431.00 ns, 431.0000 ns/op
OverheadActual   2: 1 op, 431.00 ns, 431.0000 ns/op
OverheadActual   3: 1 op, 461.00 ns, 461.0000 ns/op
OverheadActual   4: 1 op, 431.00 ns, 431.0000 ns/op
OverheadActual   5: 1 op, 480.00 ns, 480.0000 ns/op
OverheadActual   6: 1 op, 280.00 ns, 280.0000 ns/op
OverheadActual   7: 1 op, 270.00 ns, 270.0000 ns/op
OverheadActual   8: 1 op, 271.00 ns, 271.0000 ns/op
OverheadActual   9: 1 op, 501.00 ns, 501.0000 ns/op
OverheadActual  10: 1 op, 290.00 ns, 290.0000 ns/op
OverheadActual  11: 1 op, 271.00 ns, 271.0000 ns/op
OverheadActual  12: 1 op, 270.00 ns, 270.0000 ns/op
OverheadActual  13: 1 op, 1112.00 ns, 1.1120 us/op
OverheadActual  14: 1 op, 261.00 ns, 261.0000 ns/op
OverheadActual  15: 1 op, 251.00 ns, 251.0000 ns/op
OverheadActual  16: 1 op, 260.00 ns, 260.0000 ns/op
OverheadActual  17: 1 op, 250.00 ns, 250.0000 ns/op
OverheadActual  18: 1 op, 260.00 ns, 260.0000 ns/op
OverheadActual  19: 1 op, 390.00 ns, 390.0000 ns/op
OverheadActual  20: 1 op, 271.00 ns, 271.0000 ns/op

WorkloadWarmup   1: 1 op, 22602.00 ns, 22.6020 us/op
WorkloadWarmup   2: 1 op, 16140.00 ns, 16.1400 us/op
WorkloadWarmup   3: 1 op, 13074.00 ns, 13.0740 us/op

// BeforeActualRun
WorkloadActual   1: 1 op, 12232.00 ns, 12.2320 us/op
WorkloadActual   2: 1 op, 22722.00 ns, 22.7220 us/op
WorkloadActual   3: 1 op, 12483.00 ns, 12.4830 us/op

// AfterActualRun
WorkloadResult   1: 1 op, 11956.50 ns, 11.9565 us/op
WorkloadResult   2: 1 op, 22446.50 ns, 22.4465 us/op
WorkloadResult   3: 1 op, 12207.50 ns, 12.2075 us/op
// GC:  0 0 0 1912 1
// Threading:  0 0 1

// AfterAll
// Benchmark Process 1609168 has exited with code 0.

Mean = 15.537 us, StdErr = 3.456 us (22.24%), N = 3, StdDev = 5.985 us
Min = 11.957 us, Q1 = 12.082 us, Median = 12.207 us, Q3 = 17.327 us, Max = 22.447 us
IQR = 5.245 us, LowerFence = 4.215 us, UpperFence = 25.195 us
ConfidenceInterval = [-93.657 us; 124.730 us] (CI 99.9%), Margin = 109.193 us (702.80% of Mean)
Skewness = 0.38, Kurtosis = 0.67, MValue = 2

// ** Remained 69 (69.7%) benchmark(s) to run. Estimated finish 2026-09-22 17:02 (0h 0m from now) **
// **************************
// Benchmark: SessionSetupDecompositionBenchmarks.ComponentA8_WarmRentAdmissionAsync: ShortRun(InvocationCount=1, IterationCount=3, LaunchCount=1, UnrollFactor=1, WarmupCount=3) [Sessions=1]
// *** Execute ***
// Launch: 1 / 1
// Execute: dotnet WinForward.Benchmarks-ShortRun-1.dll --anonymousPipes 123 125 --benchmarkName "WinForward.Benchmarks.Perf.SessionSetupDecompositionBenchmarks.ComponentA8_WarmRentAdmissionAsync(Sessions: 1)" --job ShortRun --benchmarkId 30 in /home/paff/Projects/WinForward/benchmarks/WinForward.Benchmarks/bin/Release/net10.0/WinForward.Benchmarks-ShortRun-1/bin/Release/net10.0
// Failed to set up high priority (Permission denied). In order to run benchmarks with high priority, make sure you have the right permissions.
// BeforeAnythingElse

// Benchmark Process Environment Information:
// BenchmarkDotNet v0.15.8
// Runtime=.NET 10.0.12 (10.0.12, 10.0.1226.42308), X64 RyuJIT x86-64-v4
// GC=Concurrent Workstation
// HardwareIntrinsics=AVX512 BITALG+VBMI2+VNNI+VPOPCNTDQ,AVX512 IFMA+VBMI,AVX512 F+BW+CD+DQ+VL,AVX2+BMI1+BMI2+F16C+FMA+LZCNT+MOVBE,AVX,SSE3+SSSE3+SSE4.1+SSE4.2+POPCNT,X86Base+SSE+SSE2,AES+PCLMUL,AvxVnni VectorSize=256
// Job: ShortRun(InvocationCount=1, IterationCount=3, LaunchCount=1, UnrollFactor=1, WarmupCount=3)

OverheadJitting  1: 1 op, 390761.00 ns, 390.7610 us/op
WorkloadJitting  1: 1 op, 23784022.00 ns, 23.7840 ms/op

OverheadWarmup   1: 1 op, 652.00 ns, 652.0000 ns/op
OverheadWarmup   2: 1 op, 541.00 ns, 541.0000 ns/op
OverheadWarmup   3: 1 op, 451.00 ns, 451.0000 ns/op
OverheadWarmup   4: 1 op, 460.00 ns, 460.0000 ns/op
OverheadWarmup   5: 1 op, 461.00 ns, 461.0000 ns/op
OverheadWarmup   6: 1 op, 461.00 ns, 461.0000 ns/op
OverheadWarmup   7: 1 op, 350.00 ns, 350.0000 ns/op
OverheadWarmup   8: 1 op, 481.00 ns, 481.0000 ns/op

OverheadActual   1: 1 op, 441.00 ns, 441.0000 ns/op
OverheadActual   2: 1 op, 1182.00 ns, 1.1820 us/op
OverheadActual   3: 1 op, 571.00 ns, 571.0000 ns/op
OverheadActual   4: 1 op, 461.00 ns, 461.0000 ns/op
OverheadActual   5: 1 op, 460.00 ns, 460.0000 ns/op
OverheadActual   6: 1 op, 451.00 ns, 451.0000 ns/op
OverheadActual   7: 1 op, 480.00 ns, 480.0000 ns/op
OverheadActual   8: 1 op, 341.00 ns, 341.0000 ns/op
OverheadActual   9: 1 op, 471.00 ns, 471.0000 ns/op
OverheadActual  10: 1 op, 501.00 ns, 501.0000 ns/op
OverheadActual  11: 1 op, 490.00 ns, 490.0000 ns/op
OverheadActual  12: 1 op, 511.00 ns, 511.0000 ns/op
OverheadActual  13: 1 op, 551.00 ns, 551.0000 ns/op
OverheadActual  14: 1 op, 451.00 ns, 451.0000 ns/op
OverheadActual  15: 1 op, 721.00 ns, 721.0000 ns/op
OverheadActual  16: 1 op, 521.00 ns, 521.0000 ns/op
OverheadActual  17: 1 op, 481.00 ns, 481.0000 ns/op
OverheadActual  18: 1 op, 441.00 ns, 441.0000 ns/op
OverheadActual  19: 1 op, 571.00 ns, 571.0000 ns/op
OverheadActual  20: 1 op, 491.00 ns, 491.0000 ns/op

WorkloadWarmup   1: 1 op, 178499.00 ns, 178.4990 us/op
WorkloadWarmup   2: 1 op, 44282.00 ns, 44.2820 us/op
WorkloadWarmup   3: 1 op, 39423.00 ns, 39.4230 us/op

// BeforeActualRun
WorkloadActual   1: 1 op, 75509.00 ns, 75.5090 us/op
WorkloadActual   2: 1 op, 37910.00 ns, 37.9100 us/op
WorkloadActual   3: 1 op, 34393.00 ns, 34.3930 us/op

// AfterActualRun
WorkloadResult   1: 1 op, 75023.50 ns, 75.0235 us/op
WorkloadResult   2: 1 op, 37424.50 ns, 37.4245 us/op
WorkloadResult   3: 1 op, 33907.50 ns, 33.9075 us/op
// GC:  0 0 0 8160 1
// Threading:  0 0 1

// AfterAll
// Benchmark Process 1609177 has exited with code 0.

Mean = 48.785 us, StdErr = 13.158 us (26.97%), N = 3, StdDev = 22.791 us
Min = 33.907 us, Q1 = 35.666 us, Median = 37.425 us, Q3 = 56.224 us, Max = 75.023 us
IQR = 20.558 us, LowerFence = 4.829 us, UpperFence = 87.061 us
ConfidenceInterval = [-367.008 us; 464.578 us] (CI 99.9%), Margin = 415.793 us (852.29% of Mean)
Skewness = 0.37, Kurtosis = 0.67, MValue = 2

// ** Remained 68 (68.7%) benchmark(s) to run. Estimated finish 2026-09-22 17:02 (0h 0m from now) **
// **************************
// Benchmark: SessionSetupDecompositionBenchmarks.ComponentA9a_DictionaryGrowthSpansResize: ShortRun(InvocationCount=1, IterationCount=3, LaunchCount=1, UnrollFactor=1, WarmupCount=3) [Sessions=1]
// *** Execute ***
// Launch: 1 / 1
// Execute: dotnet WinForward.Benchmarks-ShortRun-1.dll --anonymousPipes 123 125 --benchmarkName "WinForward.Benchmarks.Perf.SessionSetupDecompositionBenchmarks.ComponentA9a_DictionaryGrowthSpansResize(Sessions: 1)" --job ShortRun --benchmarkId 31 in /home/paff/Projects/WinForward/benchmarks/WinForward.Benchmarks/bin/Release/net10.0/WinForward.Benchmarks-ShortRun-1/bin/Release/net10.0
// Failed to set up high priority (Permission denied). In order to run benchmarks with high priority, make sure you have the right permissions.
// BeforeAnythingElse

// Benchmark Process Environment Information:
// BenchmarkDotNet v0.15.8
// Runtime=.NET 10.0.12 (10.0.12, 10.0.1226.42308), X64 RyuJIT x86-64-v4
// GC=Concurrent Workstation
// HardwareIntrinsics=AVX512 BITALG+VBMI2+VNNI+VPOPCNTDQ,AVX512 IFMA+VBMI,AVX512 F+BW+CD+DQ+VL,AVX2+BMI1+BMI2+F16C+FMA+LZCNT+MOVBE,AVX,SSE3+SSSE3+SSE4.1+SSE4.2+POPCNT,X86Base+SSE+SSE2,AES+PCLMUL,AvxVnni VectorSize=256
// Job: ShortRun(InvocationCount=1, IterationCount=3, LaunchCount=1, UnrollFactor=1, WarmupCount=3)

OverheadJitting  1: 1 op, 318888.00 ns, 318.8880 us/op
WorkloadJitting  1: 1 op, 14030348.00 ns, 14.0303 ms/op

OverheadWarmup   1: 1 op, 801.00 ns, 801.0000 ns/op
OverheadWarmup   2: 1 op, 1273.00 ns, 1.2730 us/op
OverheadWarmup   3: 1 op, 651.00 ns, 651.0000 ns/op
OverheadWarmup   4: 1 op, 361.00 ns, 361.0000 ns/op
OverheadWarmup   5: 1 op, 561.00 ns, 561.0000 ns/op
OverheadWarmup   6: 1 op, 471.00 ns, 471.0000 ns/op

OverheadActual   1: 1 op, 551.00 ns, 551.0000 ns/op
OverheadActual   2: 1 op, 541.00 ns, 541.0000 ns/op
OverheadActual   3: 1 op, 711.00 ns, 711.0000 ns/op
OverheadActual   4: 1 op, 491.00 ns, 491.0000 ns/op
OverheadActual   5: 1 op, 521.00 ns, 521.0000 ns/op
OverheadActual   6: 1 op, 501.00 ns, 501.0000 ns/op
OverheadActual   7: 1 op, 521.00 ns, 521.0000 ns/op
OverheadActual   8: 1 op, 531.00 ns, 531.0000 ns/op
OverheadActual   9: 1 op, 581.00 ns, 581.0000 ns/op
OverheadActual  10: 1 op, 521.00 ns, 521.0000 ns/op
OverheadActual  11: 1 op, 471.00 ns, 471.0000 ns/op
OverheadActual  12: 1 op, 561.00 ns, 561.0000 ns/op
OverheadActual  13: 1 op, 481.00 ns, 481.0000 ns/op
OverheadActual  14: 1 op, 490.00 ns, 490.0000 ns/op
OverheadActual  15: 1 op, 481.00 ns, 481.0000 ns/op
OverheadActual  16: 1 op, 511.00 ns, 511.0000 ns/op
OverheadActual  17: 1 op, 511.00 ns, 511.0000 ns/op
OverheadActual  18: 1 op, 471.00 ns, 471.0000 ns/op
OverheadActual  19: 1 op, 581.00 ns, 581.0000 ns/op
OverheadActual  20: 1 op, 621.00 ns, 621.0000 ns/op

WorkloadWarmup   1: 1 op, 2723906.00 ns, 2.7239 ms/op
WorkloadWarmup   2: 1 op, 1894723.00 ns, 1.8947 ms/op
WorkloadWarmup   3: 1 op, 2028975.00 ns, 2.0290 ms/op

// BeforeActualRun
WorkloadActual   1: 1 op, 6217030.00 ns, 6.2170 ms/op
WorkloadActual   2: 1 op, 1858427.00 ns, 1.8584 ms/op
WorkloadActual   3: 1 op, 2681383.00 ns, 2.6814 ms/op

// AfterActualRun
WorkloadResult   1: 1 op, 6216509.00 ns, 6.2165 ms/op
WorkloadResult   2: 1 op, 1857906.00 ns, 1.8579 ms/op
WorkloadResult   3: 1 op, 2680862.00 ns, 2.6809 ms/op
// GC:  0 0 0 950584 1
// Threading:  0 0 1

// AfterAll
// Benchmark Process 1609186 has exited with code 0.

Mean = 3.585 ms, StdErr = 1.337 ms (37.29%), N = 3, StdDev = 2.316 ms
Min = 1.858 ms, Q1 = 2.269 ms, Median = 2.681 ms, Q3 = 4.449 ms, Max = 6.217 ms
IQR = 2.179 ms, LowerFence = -1.000 ms, UpperFence = 7.718 ms
ConfidenceInterval = [-38.662 ms; 45.833 ms] (CI 99.9%), Margin = 42.247 ms (1178.42% of Mean)
Skewness = 0.33, Kurtosis = 0.67, MValue = 2

// ** Remained 67 (67.7%) benchmark(s) to run. Estimated finish 2026-09-22 17:02 (0h 0m from now) **
// **************************
// Benchmark: SessionSetupDecompositionBenchmarks.ComponentA9b_DictionaryGrowthNoResize: ShortRun(InvocationCount=1, IterationCount=3, LaunchCount=1, UnrollFactor=1, WarmupCount=3) [Sessions=1]
// *** Execute ***
// Launch: 1 / 1
// Execute: dotnet WinForward.Benchmarks-ShortRun-1.dll --anonymousPipes 123 125 --benchmarkName "WinForward.Benchmarks.Perf.SessionSetupDecompositionBenchmarks.ComponentA9b_DictionaryGrowthNoResize(Sessions: 1)" --job ShortRun --benchmarkId 32 in /home/paff/Projects/WinForward/benchmarks/WinForward.Benchmarks/bin/Release/net10.0/WinForward.Benchmarks-ShortRun-1/bin/Release/net10.0
// Failed to set up high priority (Permission denied). In order to run benchmarks with high priority, make sure you have the right permissions.
// BeforeAnythingElse

// Benchmark Process Environment Information:
// BenchmarkDotNet v0.15.8
// Runtime=.NET 10.0.12 (10.0.12, 10.0.1226.42308), X64 RyuJIT x86-64-v4
// GC=Concurrent Workstation
// HardwareIntrinsics=AVX512 BITALG+VBMI2+VNNI+VPOPCNTDQ,AVX512 IFMA+VBMI,AVX512 F+BW+CD+DQ+VL,AVX2+BMI1+BMI2+F16C+FMA+LZCNT+MOVBE,AVX,SSE3+SSSE3+SSE4.1+SSE4.2+POPCNT,X86Base+SSE+SSE2,AES+PCLMUL,AvxVnni VectorSize=256
// Job: ShortRun(InvocationCount=1, IterationCount=3, LaunchCount=1, UnrollFactor=1, WarmupCount=3)

OverheadJitting  1: 1 op, 261442.00 ns, 261.4420 us/op
WorkloadJitting  1: 1 op, 12132970.00 ns, 12.1330 ms/op

OverheadWarmup   1: 1 op, 721.00 ns, 721.0000 ns/op
OverheadWarmup   2: 1 op, 581.00 ns, 581.0000 ns/op
OverheadWarmup   3: 1 op, 922.00 ns, 922.0000 ns/op
OverheadWarmup   4: 1 op, 631.00 ns, 631.0000 ns/op
OverheadWarmup   5: 1 op, 310.00 ns, 310.0000 ns/op
OverheadWarmup   6: 1 op, 491.00 ns, 491.0000 ns/op
OverheadWarmup   7: 1 op, 511.00 ns, 511.0000 ns/op
OverheadWarmup   8: 1 op, 461.00 ns, 461.0000 ns/op

OverheadActual   1: 1 op, 421.00 ns, 421.0000 ns/op
OverheadActual   2: 1 op, 421.00 ns, 421.0000 ns/op
OverheadActual   3: 1 op, 511.00 ns, 511.0000 ns/op
OverheadActual   4: 1 op, 441.00 ns, 441.0000 ns/op
OverheadActual   5: 1 op, 421.00 ns, 421.0000 ns/op
OverheadActual   6: 1 op, 441.00 ns, 441.0000 ns/op
OverheadActual   7: 1 op, 250.00 ns, 250.0000 ns/op
OverheadActual   8: 1 op, 491.00 ns, 491.0000 ns/op
OverheadActual   9: 1 op, 260.00 ns, 260.0000 ns/op
OverheadActual  10: 1 op, 270.00 ns, 270.0000 ns/op
OverheadActual  11: 1 op, 270.00 ns, 270.0000 ns/op
OverheadActual  12: 1 op, 270.00 ns, 270.0000 ns/op
OverheadActual  13: 1 op, 491.00 ns, 491.0000 ns/op
OverheadActual  14: 1 op, 481.00 ns, 481.0000 ns/op
OverheadActual  15: 1 op, 441.00 ns, 441.0000 ns/op
OverheadActual  16: 1 op, 270.00 ns, 270.0000 ns/op
OverheadActual  17: 1 op, 371.00 ns, 371.0000 ns/op
OverheadActual  18: 1 op, 431.00 ns, 431.0000 ns/op
OverheadActual  19: 1 op, 251.00 ns, 251.0000 ns/op
OverheadActual  20: 1 op, 411.00 ns, 411.0000 ns/op

WorkloadWarmup   1: 1 op, 2455587.00 ns, 2.4556 ms/op
WorkloadWarmup   2: 1 op, 1902929.00 ns, 1.9029 ms/op
WorkloadWarmup   3: 1 op, 1891017.00 ns, 1.8910 ms/op

// BeforeActualRun
WorkloadActual   1: 1 op, 6041930.00 ns, 6.0419 ms/op
WorkloadActual   2: 1 op, 1742031.00 ns, 1.7420 ms/op
WorkloadActual   3: 1 op, 1770284.00 ns, 1.7703 ms/op

// AfterActualRun
WorkloadResult   1: 1 op, 6041509.00 ns, 6.0415 ms/op
WorkloadResult   2: 1 op, 1741610.00 ns, 1.7416 ms/op
WorkloadResult   3: 1 op, 1769863.00 ns, 1.7699 ms/op
// GC:  0 0 0 787288 1
// Threading:  0 0 1

// AfterAll
// Benchmark Process 1609242 has exited with code 0.

Mean = 3.184 ms, StdErr = 1.429 ms (44.86%), N = 3, StdDev = 2.474 ms
Min = 1.742 ms, Q1 = 1.756 ms, Median = 1.770 ms, Q3 = 3.906 ms, Max = 6.042 ms
IQR = 2.150 ms, LowerFence = -1.469 ms, UpperFence = 7.131 ms
ConfidenceInterval = [-41.959 ms; 48.327 ms] (CI 99.9%), Margin = 45.143 ms (1417.66% of Mean)
Skewness = 0.38, Kurtosis = 0.67, MValue = 2

// ** Remained 66 (66.7%) benchmark(s) to run. Estimated finish 2026-09-22 17:02 (0h 0m from now) **
// **************************
// Benchmark: SessionSetupDecompositionBenchmarks.StageS0_CoordinatorOnly: ShortRun(InvocationCount=1, IterationCount=3, LaunchCount=1, UnrollFactor=1, WarmupCount=3) [Sessions=100]
// *** Execute ***
// Launch: 1 / 1
// Execute: dotnet WinForward.Benchmarks-ShortRun-1.dll --anonymousPipes 123 125 --benchmarkName "WinForward.Benchmarks.Perf.SessionSetupDecompositionBenchmarks.StageS0_CoordinatorOnly(Sessions: 100)" --job ShortRun --benchmarkId 33 in /home/paff/Projects/WinForward/benchmarks/WinForward.Benchmarks/bin/Release/net10.0/WinForward.Benchmarks-ShortRun-1/bin/Release/net10.0
// Failed to set up high priority (Permission denied). In order to run benchmarks with high priority, make sure you have the right permissions.
// BeforeAnythingElse

// Benchmark Process Environment Information:
// BenchmarkDotNet v0.15.8
// Runtime=.NET 10.0.12 (10.0.12, 10.0.1226.42308), X64 RyuJIT x86-64-v4
// GC=Concurrent Workstation
// HardwareIntrinsics=AVX512 BITALG+VBMI2+VNNI+VPOPCNTDQ,AVX512 IFMA+VBMI,AVX512 F+BW+CD+DQ+VL,AVX2+BMI1+BMI2+F16C+FMA+LZCNT+MOVBE,AVX,SSE3+SSSE3+SSE4.1+SSE4.2+POPCNT,X86Base+SSE+SSE2,AES+PCLMUL,AvxVnni VectorSize=256
// Job: ShortRun(InvocationCount=1, IterationCount=3, LaunchCount=1, UnrollFactor=1, WarmupCount=3)

OverheadJitting  1: 1 op, 344565.00 ns, 344.5650 us/op
WorkloadJitting  1: 1 op, 7964207.00 ns, 7.9642 ms/op

OverheadWarmup   1: 1 op, 602.00 ns, 602.0000 ns/op
OverheadWarmup   2: 1 op, 691.00 ns, 691.0000 ns/op
OverheadWarmup   3: 1 op, 271.00 ns, 271.0000 ns/op
OverheadWarmup   4: 1 op, 480.00 ns, 480.0000 ns/op
OverheadWarmup   5: 1 op, 341.00 ns, 341.0000 ns/op

OverheadActual   1: 1 op, 431.00 ns, 431.0000 ns/op
OverheadActual   2: 1 op, 521.00 ns, 521.0000 ns/op
OverheadActual   3: 1 op, 480.00 ns, 480.0000 ns/op
OverheadActual   4: 1 op, 430.00 ns, 430.0000 ns/op
OverheadActual   5: 1 op, 551.00 ns, 551.0000 ns/op
OverheadActual   6: 1 op, 541.00 ns, 541.0000 ns/op
OverheadActual   7: 1 op, 351.00 ns, 351.0000 ns/op
OverheadActual   8: 1 op, 551.00 ns, 551.0000 ns/op
OverheadActual   9: 1 op, 350.00 ns, 350.0000 ns/op
OverheadActual  10: 1 op, 340.00 ns, 340.0000 ns/op
OverheadActual  11: 1 op, 520.00 ns, 520.0000 ns/op
OverheadActual  12: 1 op, 611.00 ns, 611.0000 ns/op
OverheadActual  13: 1 op, 461.00 ns, 461.0000 ns/op
OverheadActual  14: 1 op, 381.00 ns, 381.0000 ns/op
OverheadActual  15: 1 op, 511.00 ns, 511.0000 ns/op
OverheadActual  16: 1 op, 501.00 ns, 501.0000 ns/op
OverheadActual  17: 1 op, 521.00 ns, 521.0000 ns/op
OverheadActual  18: 1 op, 361.00 ns, 361.0000 ns/op
OverheadActual  19: 1 op, 521.00 ns, 521.0000 ns/op
OverheadActual  20: 1 op, 340.00 ns, 340.0000 ns/op

WorkloadWarmup   1: 1 op, 105345.00 ns, 105.3450 us/op
WorkloadWarmup   2: 1 op, 17151.00 ns, 17.1510 us/op
WorkloadWarmup   3: 1 op, 17893.00 ns, 17.8930 us/op

// BeforeActualRun
WorkloadActual   1: 1 op, 126554.00 ns, 126.5540 us/op
WorkloadActual   2: 1 op, 18564.00 ns, 18.5640 us/op
WorkloadActual   3: 1 op, 18204.00 ns, 18.2040 us/op

// AfterActualRun
WorkloadResult   1: 1 op, 126063.50 ns, 126.0635 us/op
WorkloadResult   2: 1 op, 18073.50 ns, 18.0735 us/op
WorkloadResult   3: 1 op, 17713.50 ns, 17.7135 us/op
// GC:  0 0 0 54600 1
// Threading:  0 0 1

// AfterAll
// Benchmark Process 1609255 has exited with code 0.

Mean = 53.950 us, StdErr = 36.057 us (66.83%), N = 3, StdDev = 62.452 us
Min = 17.713 us, Q1 = 17.893 us, Median = 18.073 us, Q3 = 72.069 us, Max = 126.064 us
IQR = 54.175 us, LowerFence = -63.369 us, UpperFence = 153.331 us
ConfidenceInterval = [-1,085.411 us; 1,193.311 us] (CI 99.9%), Margin = 1,139.361 us (2111.88% of Mean)
Skewness = 0.38, Kurtosis = 0.67, MValue = 2

// ** Remained 65 (65.7%) benchmark(s) to run. Estimated finish 2026-09-22 17:02 (0h 0m from now) **
// **************************
// Benchmark: SessionSetupDecompositionBenchmarks.StageS1_AdmissionOnlyAsync: ShortRun(InvocationCount=1, IterationCount=3, LaunchCount=1, UnrollFactor=1, WarmupCount=3) [Sessions=100]
// *** Execute ***
// Launch: 1 / 1
// Execute: dotnet WinForward.Benchmarks-ShortRun-1.dll --anonymousPipes 123 125 --benchmarkName "WinForward.Benchmarks.Perf.SessionSetupDecompositionBenchmarks.StageS1_AdmissionOnlyAsync(Sessions: 100)" --job ShortRun --benchmarkId 34 in /home/paff/Projects/WinForward/benchmarks/WinForward.Benchmarks/bin/Release/net10.0/WinForward.Benchmarks-ShortRun-1/bin/Release/net10.0
// Failed to set up high priority (Permission denied). In order to run benchmarks with high priority, make sure you have the right permissions.
// BeforeAnythingElse

// Benchmark Process Environment Information:
// BenchmarkDotNet v0.15.8
// Runtime=.NET 10.0.12 (10.0.12, 10.0.1226.42308), X64 RyuJIT x86-64-v4
// GC=Concurrent Workstation
// HardwareIntrinsics=AVX512 BITALG+VBMI2+VNNI+VPOPCNTDQ,AVX512 IFMA+VBMI,AVX512 F+BW+CD+DQ+VL,AVX2+BMI1+BMI2+F16C+FMA+LZCNT+MOVBE,AVX,SSE3+SSSE3+SSE4.1+SSE4.2+POPCNT,X86Base+SSE+SSE2,AES+PCLMUL,AvxVnni VectorSize=256
// Job: ShortRun(InvocationCount=1, IterationCount=3, LaunchCount=1, UnrollFactor=1, WarmupCount=3)

OverheadJitting  1: 1 op, 364292.00 ns, 364.2920 us/op
WorkloadJitting  1: 1 op, 23014653.00 ns, 23.0147 ms/op

OverheadWarmup   1: 1 op, 801.00 ns, 801.0000 ns/op
OverheadWarmup   2: 1 op, 471.00 ns, 471.0000 ns/op
OverheadWarmup   3: 1 op, 441.00 ns, 441.0000 ns/op
OverheadWarmup   4: 1 op, 441.00 ns, 441.0000 ns/op
OverheadWarmup   5: 1 op, 431.00 ns, 431.0000 ns/op
OverheadWarmup   6: 1 op, 350.00 ns, 350.0000 ns/op
OverheadWarmup   7: 1 op, 391.00 ns, 391.0000 ns/op
OverheadWarmup   8: 1 op, 380.00 ns, 380.0000 ns/op

OverheadActual   1: 1 op, 451.00 ns, 451.0000 ns/op
OverheadActual   2: 1 op, 481.00 ns, 481.0000 ns/op
OverheadActual   3: 1 op, 882.00 ns, 882.0000 ns/op
OverheadActual   4: 1 op, 501.00 ns, 501.0000 ns/op
OverheadActual   5: 1 op, 561.00 ns, 561.0000 ns/op
OverheadActual   6: 1 op, 501.00 ns, 501.0000 ns/op
OverheadActual   7: 1 op, 451.00 ns, 451.0000 ns/op
OverheadActual   8: 1 op, 681.00 ns, 681.0000 ns/op
OverheadActual   9: 1 op, 460.00 ns, 460.0000 ns/op
OverheadActual  10: 1 op, 481.00 ns, 481.0000 ns/op
OverheadActual  11: 1 op, 511.00 ns, 511.0000 ns/op
OverheadActual  12: 1 op, 431.00 ns, 431.0000 ns/op
OverheadActual  13: 1 op, 481.00 ns, 481.0000 ns/op
OverheadActual  14: 1 op, 260.00 ns, 260.0000 ns/op
OverheadActual  15: 1 op, 501.00 ns, 501.0000 ns/op
OverheadActual  16: 1 op, 511.00 ns, 511.0000 ns/op
OverheadActual  17: 1 op, 521.00 ns, 521.0000 ns/op
OverheadActual  18: 1 op, 481.00 ns, 481.0000 ns/op
OverheadActual  19: 1 op, 441.00 ns, 441.0000 ns/op
OverheadActual  20: 1 op, 561.00 ns, 561.0000 ns/op

WorkloadWarmup   1: 1 op, 383737.00 ns, 383.7370 us/op
WorkloadWarmup   2: 1 op, 294773.00 ns, 294.7730 us/op
WorkloadWarmup   3: 1 op, 269808.00 ns, 269.8080 us/op

// BeforeActualRun
WorkloadActual   1: 1 op, 231507.00 ns, 231.5070 us/op
WorkloadActual   2: 1 op, 221849.00 ns, 221.8490 us/op
WorkloadActual   3: 1 op, 239332.00 ns, 239.3320 us/op

// AfterActualRun
WorkloadResult   1: 1 op, 231016.00 ns, 231.0160 us/op
WorkloadResult   2: 1 op, 221358.00 ns, 221.3580 us/op
WorkloadResult   3: 1 op, 238841.00 ns, 238.8410 us/op
// GC:  0 0 0 135072 1
// Threading:  0 0 1

// AfterAll
// Benchmark Process 1609264 has exited with code 0.

Mean = 230.405 us, StdErr = 5.056 us (2.19%), N = 3, StdDev = 8.758 us
Min = 221.358 us, Q1 = 226.187 us, Median = 231.016 us, Q3 = 234.929 us, Max = 238.841 us
IQR = 8.742 us, LowerFence = 213.075 us, UpperFence = 248.041 us
ConfidenceInterval = [70.636 us; 390.174 us] (CI 99.9%), Margin = 159.769 us (69.34% of Mean)
Skewness = -0.07, Kurtosis = 0.67, MValue = 2

// ** Remained 64 (64.6%) benchmark(s) to run. Estimated finish 2026-09-22 17:02 (0h 0m from now) **
// **************************
// Benchmark: SessionSetupDecompositionBenchmarks.StageS2_SetupStartedAsync: ShortRun(InvocationCount=1, IterationCount=3, LaunchCount=1, UnrollFactor=1, WarmupCount=3) [Sessions=100]
// *** Execute ***
// Launch: 1 / 1
// Execute: dotnet WinForward.Benchmarks-ShortRun-1.dll --anonymousPipes 123 125 --benchmarkName "WinForward.Benchmarks.Perf.SessionSetupDecompositionBenchmarks.StageS2_SetupStartedAsync(Sessions: 100)" --job ShortRun --benchmarkId 35 in /home/paff/Projects/WinForward/benchmarks/WinForward.Benchmarks/bin/Release/net10.0/WinForward.Benchmarks-ShortRun-1/bin/Release/net10.0
// Failed to set up high priority (Permission denied). In order to run benchmarks with high priority, make sure you have the right permissions.
// BeforeAnythingElse

// Benchmark Process Environment Information:
// BenchmarkDotNet v0.15.8
// Runtime=.NET 10.0.12 (10.0.12, 10.0.1226.42308), X64 RyuJIT x86-64-v4
// GC=Concurrent Workstation
// HardwareIntrinsics=AVX512 BITALG+VBMI2+VNNI+VPOPCNTDQ,AVX512 IFMA+VBMI,AVX512 F+BW+CD+DQ+VL,AVX2+BMI1+BMI2+F16C+FMA+LZCNT+MOVBE,AVX,SSE3+SSSE3+SSE4.1+SSE4.2+POPCNT,X86Base+SSE+SSE2,AES+PCLMUL,AvxVnni VectorSize=256
// Job: ShortRun(InvocationCount=1, IterationCount=3, LaunchCount=1, UnrollFactor=1, WarmupCount=3)

OverheadJitting  1: 1 op, 280037.00 ns, 280.0370 us/op
WorkloadJitting  1: 1 op, 123063361.00 ns, 123.0634 ms/op

OverheadWarmup   1: 1 op, 782.00 ns, 782.0000 ns/op
OverheadWarmup   2: 1 op, 521.00 ns, 521.0000 ns/op
OverheadWarmup   3: 1 op, 601.00 ns, 601.0000 ns/op
OverheadWarmup   4: 1 op, 541.00 ns, 541.0000 ns/op
OverheadWarmup   5: 1 op, 621.00 ns, 621.0000 ns/op
OverheadWarmup   6: 1 op, 521.00 ns, 521.0000 ns/op

OverheadActual   1: 1 op, 651.00 ns, 651.0000 ns/op
OverheadActual   2: 1 op, 622.00 ns, 622.0000 ns/op
OverheadActual   3: 1 op, 571.00 ns, 571.0000 ns/op
OverheadActual   4: 1 op, 602.00 ns, 602.0000 ns/op
OverheadActual   5: 1 op, 671.00 ns, 671.0000 ns/op
OverheadActual   6: 1 op, 451.00 ns, 451.0000 ns/op
OverheadActual   7: 1 op, 471.00 ns, 471.0000 ns/op
OverheadActual   8: 1 op, 491.00 ns, 491.0000 ns/op
OverheadActual   9: 1 op, 270.00 ns, 270.0000 ns/op
OverheadActual  10: 1 op, 290.00 ns, 290.0000 ns/op
OverheadActual  11: 1 op, 461.00 ns, 461.0000 ns/op
OverheadActual  12: 1 op, 460.00 ns, 460.0000 ns/op
OverheadActual  13: 1 op, 451.00 ns, 451.0000 ns/op
OverheadActual  14: 1 op, 260.00 ns, 260.0000 ns/op
OverheadActual  15: 1 op, 331.00 ns, 331.0000 ns/op
OverheadActual  16: 1 op, 330.00 ns, 330.0000 ns/op
OverheadActual  17: 1 op, 271.00 ns, 271.0000 ns/op
OverheadActual  18: 1 op, 360.00 ns, 360.0000 ns/op
OverheadActual  19: 1 op, 281.00 ns, 281.0000 ns/op
OverheadActual  20: 1 op, 361.00 ns, 361.0000 ns/op

WorkloadWarmup   1: 1 op, 79554906.00 ns, 79.5549 ms/op
WorkloadWarmup   2: 1 op, 78159674.00 ns, 78.1597 ms/op
WorkloadWarmup   3: 1 op, 79920772.00 ns, 79.9208 ms/op

// BeforeActualRun
WorkloadActual   1: 1 op, 78712609.00 ns, 78.7126 ms/op
WorkloadActual   2: 1 op, 77999638.00 ns, 77.9996 ms/op
WorkloadActual   3: 1 op, 78487726.00 ns, 78.4877 ms/op

// AfterActualRun
WorkloadResult   1: 1 op, 78712158.00 ns, 78.7122 ms/op
WorkloadResult   2: 1 op, 77999187.00 ns, 77.9992 ms/op
WorkloadResult   3: 1 op, 78487275.00 ns, 78.4873 ms/op
// GC:  0 0 0 221248 1
// Threading:  5 17 1

// AfterAll
// Benchmark Process 1609273 has exited with code 0.

Mean = 78.400 ms, StdErr = 0.210 ms (0.27%), N = 3, StdDev = 0.364 ms
Min = 77.999 ms, Q1 = 78.243 ms, Median = 78.487 ms, Q3 = 78.600 ms, Max = 78.712 ms
IQR = 0.356 ms, LowerFence = 77.709 ms, UpperFence = 79.134 ms
ConfidenceInterval = [71.750 ms; 85.049 ms] (CI 99.9%), Margin = 6.650 ms (8.48% of Mean)
Skewness = -0.23, Kurtosis = 0.67, MValue = 2

// ** Remained 63 (63.6%) benchmark(s) to run. Estimated finish 2026-09-22 17:02 (0h 0m from now) **
// **************************
// Benchmark: SessionSetupDecompositionBenchmarks.StageS3_PipelineNoPayloadAsync: ShortRun(InvocationCount=1, IterationCount=3, LaunchCount=1, UnrollFactor=1, WarmupCount=3) [Sessions=100]
// *** Execute ***
// Launch: 1 / 1
// Execute: dotnet WinForward.Benchmarks-ShortRun-1.dll --anonymousPipes 123 125 --benchmarkName "WinForward.Benchmarks.Perf.SessionSetupDecompositionBenchmarks.StageS3_PipelineNoPayloadAsync(Sessions: 100)" --job ShortRun --benchmarkId 36 in /home/paff/Projects/WinForward/benchmarks/WinForward.Benchmarks/bin/Release/net10.0/WinForward.Benchmarks-ShortRun-1/bin/Release/net10.0
// Failed to set up high priority (Permission denied). In order to run benchmarks with high priority, make sure you have the right permissions.
// BeforeAnythingElse

// Benchmark Process Environment Information:
// BenchmarkDotNet v0.15.8
// Runtime=.NET 10.0.12 (10.0.12, 10.0.1226.42308), X64 RyuJIT x86-64-v4
// GC=Concurrent Workstation
// HardwareIntrinsics=AVX512 BITALG+VBMI2+VNNI+VPOPCNTDQ,AVX512 IFMA+VBMI,AVX512 F+BW+CD+DQ+VL,AVX2+BMI1+BMI2+F16C+FMA+LZCNT+MOVBE,AVX,SSE3+SSSE3+SSE4.1+SSE4.2+POPCNT,X86Base+SSE+SSE2,AES+PCLMUL,AvxVnni VectorSize=256
// Job: ShortRun(InvocationCount=1, IterationCount=3, LaunchCount=1, UnrollFactor=1, WarmupCount=3)

OverheadJitting  1: 1 op, 279816.00 ns, 279.8160 us/op
WorkloadJitting  1: 1 op, 99892099.00 ns, 99.8921 ms/op

OverheadWarmup   1: 1 op, 421.00 ns, 421.0000 ns/op
OverheadWarmup   2: 1 op, 481.00 ns, 481.0000 ns/op
OverheadWarmup   3: 1 op, 301.00 ns, 301.0000 ns/op
OverheadWarmup   4: 1 op, 521.00 ns, 521.0000 ns/op
OverheadWarmup   5: 1 op, 390.00 ns, 390.0000 ns/op

OverheadActual   1: 1 op, 521.00 ns, 521.0000 ns/op
OverheadActual   2: 1 op, 471.00 ns, 471.0000 ns/op
OverheadActual   3: 1 op, 451.00 ns, 451.0000 ns/op
OverheadActual   4: 1 op, 451.00 ns, 451.0000 ns/op
OverheadActual   5: 1 op, 491.00 ns, 491.0000 ns/op
OverheadActual   6: 1 op, 291.00 ns, 291.0000 ns/op
OverheadActual   7: 1 op, 270.00 ns, 270.0000 ns/op
OverheadActual   8: 1 op, 461.00 ns, 461.0000 ns/op
OverheadActual   9: 1 op, 461.00 ns, 461.0000 ns/op
OverheadActual  10: 1 op, 281.00 ns, 281.0000 ns/op
OverheadActual  11: 1 op, 591.00 ns, 591.0000 ns/op
OverheadActual  12: 1 op, 471.00 ns, 471.0000 ns/op
OverheadActual  13: 1 op, 280.00 ns, 280.0000 ns/op
OverheadActual  14: 1 op, 271.00 ns, 271.0000 ns/op
OverheadActual  15: 1 op, 461.00 ns, 461.0000 ns/op
OverheadActual  16: 1 op, 461.00 ns, 461.0000 ns/op
OverheadActual  17: 1 op, 271.00 ns, 271.0000 ns/op
OverheadActual  18: 1 op, 401.00 ns, 401.0000 ns/op
OverheadActual  19: 1 op, 521.00 ns, 521.0000 ns/op
OverheadActual  20: 1 op, 340.00 ns, 340.0000 ns/op

WorkloadWarmup   1: 1 op, 39981232.00 ns, 39.9812 ms/op
WorkloadWarmup   2: 1 op, 43602460.00 ns, 43.6025 ms/op
WorkloadWarmup   3: 1 op, 39416362.00 ns, 39.4164 ms/op

// BeforeActualRun
WorkloadActual   1: 1 op, 41134056.00 ns, 41.1341 ms/op
WorkloadActual   2: 1 op, 41442347.00 ns, 41.4423 ms/op
WorkloadActual   3: 1 op, 43517000.00 ns, 43.5170 ms/op

// AfterActualRun
WorkloadResult   1: 1 op, 41133600.00 ns, 41.1336 ms/op
WorkloadResult   2: 1 op, 41441891.00 ns, 41.4419 ms/op
WorkloadResult   3: 1 op, 43516544.00 ns, 43.5165 ms/op
// GC:  0 0 0 438112 1
// Threading:  92 57 1

// AfterAll
// Benchmark Process 1609832 has exited with code 0.

Mean = 42.031 ms, StdErr = 0.748 ms (1.78%), N = 3, StdDev = 1.296 ms
Min = 41.134 ms, Q1 = 41.288 ms, Median = 41.442 ms, Q3 = 42.479 ms, Max = 43.517 ms
IQR = 1.191 ms, LowerFence = 39.501 ms, UpperFence = 44.266 ms
ConfidenceInterval = [18.387 ms; 65.674 ms] (CI 99.9%), Margin = 23.644 ms (56.25% of Mean)
Skewness = 0.36, Kurtosis = 0.67, MValue = 2

// ** Remained 62 (62.6%) benchmark(s) to run. Estimated finish 2026-09-22 17:02 (0h 0m from now) **
// **************************
// Benchmark: SessionSetupDecompositionBenchmarks.StageS4_ReadinessTeardownOutsideAsync: ShortRun(InvocationCount=1, IterationCount=3, LaunchCount=1, UnrollFactor=1, WarmupCount=3) [Sessions=100]
// *** Execute ***
// Launch: 1 / 1
// Execute: dotnet WinForward.Benchmarks-ShortRun-1.dll --anonymousPipes 123 125 --benchmarkName "WinForward.Benchmarks.Perf.SessionSetupDecompositionBenchmarks.StageS4_ReadinessTeardownOutsideAsync(Sessions: 100)" --job ShortRun --benchmarkId 37 in /home/paff/Projects/WinForward/benchmarks/WinForward.Benchmarks/bin/Release/net10.0/WinForward.Benchmarks-ShortRun-1/bin/Release/net10.0
// Failed to set up high priority (Permission denied). In order to run benchmarks with high priority, make sure you have the right permissions.
// BeforeAnythingElse

// Benchmark Process Environment Information:
// BenchmarkDotNet v0.15.8
// Runtime=.NET 10.0.12 (10.0.12, 10.0.1226.42308), X64 RyuJIT x86-64-v4
// GC=Concurrent Workstation
// HardwareIntrinsics=AVX512 BITALG+VBMI2+VNNI+VPOPCNTDQ,AVX512 IFMA+VBMI,AVX512 F+BW+CD+DQ+VL,AVX2+BMI1+BMI2+F16C+FMA+LZCNT+MOVBE,AVX,SSE3+SSSE3+SSE4.1+SSE4.2+POPCNT,X86Base+SSE+SSE2,AES+PCLMUL,AvxVnni VectorSize=256
// Job: ShortRun(InvocationCount=1, IterationCount=3, LaunchCount=1, UnrollFactor=1, WarmupCount=3)

OverheadJitting  1: 1 op, 252957.00 ns, 252.9570 us/op
WorkloadJitting  1: 1 op, 100965577.00 ns, 100.9656 ms/op

OverheadWarmup   1: 1 op, 641.00 ns, 641.0000 ns/op
OverheadWarmup   2: 1 op, 521.00 ns, 521.0000 ns/op
OverheadWarmup   3: 1 op, 511.00 ns, 511.0000 ns/op
OverheadWarmup   4: 1 op, 701.00 ns, 701.0000 ns/op
OverheadWarmup   5: 1 op, 521.00 ns, 521.0000 ns/op
OverheadWarmup   6: 1 op, 511.00 ns, 511.0000 ns/op
OverheadWarmup   7: 1 op, 491.00 ns, 491.0000 ns/op
OverheadWarmup   8: 1 op, 521.00 ns, 521.0000 ns/op
OverheadWarmup   9: 1 op, 431.00 ns, 431.0000 ns/op

OverheadActual   1: 1 op, 591.00 ns, 591.0000 ns/op
OverheadActual   2: 1 op, 651.00 ns, 651.0000 ns/op
OverheadActual   3: 1 op, 490.00 ns, 490.0000 ns/op
OverheadActual   4: 1 op, 461.00 ns, 461.0000 ns/op
OverheadActual   5: 1 op, 471.00 ns, 471.0000 ns/op
OverheadActual   6: 1 op, 391.00 ns, 391.0000 ns/op
OverheadActual   7: 1 op, 601.00 ns, 601.0000 ns/op
OverheadActual   8: 1 op, 491.00 ns, 491.0000 ns/op
OverheadActual   9: 1 op, 531.00 ns, 531.0000 ns/op
OverheadActual  10: 1 op, 581.00 ns, 581.0000 ns/op
OverheadActual  11: 1 op, 281.00 ns, 281.0000 ns/op
OverheadActual  12: 1 op, 932.00 ns, 932.0000 ns/op
OverheadActual  13: 1 op, 411.00 ns, 411.0000 ns/op
OverheadActual  14: 1 op, 441.00 ns, 441.0000 ns/op
OverheadActual  15: 1 op, 411.00 ns, 411.0000 ns/op
OverheadActual  16: 1 op, 420.00 ns, 420.0000 ns/op
OverheadActual  17: 1 op, 410.00 ns, 410.0000 ns/op
OverheadActual  18: 1 op, 511.00 ns, 511.0000 ns/op
OverheadActual  19: 1 op, 521.00 ns, 521.0000 ns/op
OverheadActual  20: 1 op, 501.00 ns, 501.0000 ns/op

WorkloadWarmup   1: 1 op, 40111196.00 ns, 40.1112 ms/op
WorkloadWarmup   2: 1 op, 37993197.00 ns, 37.9932 ms/op
WorkloadWarmup   3: 1 op, 41083885.00 ns, 41.0839 ms/op

// BeforeActualRun
WorkloadActual   1: 1 op, 39346782.00 ns, 39.3468 ms/op
WorkloadActual   2: 1 op, 40538531.00 ns, 40.5385 ms/op
WorkloadActual   3: 1 op, 39068018.00 ns, 39.0680 ms/op

// AfterActualRun
WorkloadResult   1: 1 op, 39346291.50 ns, 39.3463 ms/op
WorkloadResult   2: 1 op, 40538040.50 ns, 40.5380 ms/op
WorkloadResult   3: 1 op, 39067527.50 ns, 39.0675 ms/op
// GC:  0 0 0 419744 1
// Threading:  92 71 1

// AfterAll
// Benchmark Process 1610384 has exited with code 0.

Mean = 39.651 ms, StdErr = 0.451 ms (1.14%), N = 3, StdDev = 0.781 ms
Min = 39.068 ms, Q1 = 39.207 ms, Median = 39.346 ms, Q3 = 39.942 ms, Max = 40.538 ms
IQR = 0.735 ms, LowerFence = 38.104 ms, UpperFence = 41.045 ms
ConfidenceInterval = [25.401 ms; 53.900 ms] (CI 99.9%), Margin = 14.250 ms (35.94% of Mean)
Skewness = 0.33, Kurtosis = 0.67, MValue = 2

// ** Remained 61 (61.6%) benchmark(s) to run. Estimated finish 2026-09-22 17:02 (0h 0m from now) **
// **************************
// Benchmark: SessionSetupDecompositionBenchmarks.StageS5_ReadinessTeardownInsideAsync: ShortRun(InvocationCount=1, IterationCount=3, LaunchCount=1, UnrollFactor=1, WarmupCount=3) [Sessions=100]
// *** Execute ***
// Launch: 1 / 1
// Execute: dotnet WinForward.Benchmarks-ShortRun-1.dll --anonymousPipes 123 125 --benchmarkName "WinForward.Benchmarks.Perf.SessionSetupDecompositionBenchmarks.StageS5_ReadinessTeardownInsideAsync(Sessions: 100)" --job ShortRun --benchmarkId 38 in /home/paff/Projects/WinForward/benchmarks/WinForward.Benchmarks/bin/Release/net10.0/WinForward.Benchmarks-ShortRun-1/bin/Release/net10.0
// Failed to set up high priority (Permission denied). In order to run benchmarks with high priority, make sure you have the right permissions.
// BeforeAnythingElse

// Benchmark Process Environment Information:
// BenchmarkDotNet v0.15.8
// Runtime=.NET 10.0.12 (10.0.12, 10.0.1226.42308), X64 RyuJIT x86-64-v4
// GC=Concurrent Workstation
// HardwareIntrinsics=AVX512 BITALG+VBMI2+VNNI+VPOPCNTDQ,AVX512 IFMA+VBMI,AVX512 F+BW+CD+DQ+VL,AVX2+BMI1+BMI2+F16C+FMA+LZCNT+MOVBE,AVX,SSE3+SSSE3+SSE4.1+SSE4.2+POPCNT,X86Base+SSE+SSE2,AES+PCLMUL,AvxVnni VectorSize=256
// Job: ShortRun(InvocationCount=1, IterationCount=3, LaunchCount=1, UnrollFactor=1, WarmupCount=3)

OverheadJitting  1: 1 op, 272663.00 ns, 272.6630 us/op
WorkloadJitting  1: 1 op, 124276118.00 ns, 124.2761 ms/op

OverheadWarmup   1: 1 op, 511.00 ns, 511.0000 ns/op
OverheadWarmup   2: 1 op, 572.00 ns, 572.0000 ns/op
OverheadWarmup   3: 1 op, 471.00 ns, 471.0000 ns/op
OverheadWarmup   4: 1 op, 521.00 ns, 521.0000 ns/op
OverheadWarmup   5: 1 op, 461.00 ns, 461.0000 ns/op

OverheadActual   1: 1 op, 410.00 ns, 410.0000 ns/op
OverheadActual   2: 1 op, 451.00 ns, 451.0000 ns/op
OverheadActual   3: 1 op, 441.00 ns, 441.0000 ns/op
OverheadActual   4: 1 op, 391.00 ns, 391.0000 ns/op
OverheadActual   5: 1 op, 471.00 ns, 471.0000 ns/op
OverheadActual   6: 1 op, 290.00 ns, 290.0000 ns/op
OverheadActual   7: 1 op, 631.00 ns, 631.0000 ns/op
OverheadActual   8: 1 op, 261.00 ns, 261.0000 ns/op
OverheadActual   9: 1 op, 491.00 ns, 491.0000 ns/op
OverheadActual  10: 1 op, 291.00 ns, 291.0000 ns/op
OverheadActual  11: 1 op, 330.00 ns, 330.0000 ns/op
OverheadActual  12: 1 op, 431.00 ns, 431.0000 ns/op
OverheadActual  13: 1 op, 280.00 ns, 280.0000 ns/op
OverheadActual  14: 1 op, 551.00 ns, 551.0000 ns/op
OverheadActual  15: 1 op, 521.00 ns, 521.0000 ns/op
OverheadActual  16: 1 op, 470.00 ns, 470.0000 ns/op
OverheadActual  17: 1 op, 460.00 ns, 460.0000 ns/op
OverheadActual  18: 1 op, 431.00 ns, 431.0000 ns/op
OverheadActual  19: 1 op, 261.00 ns, 261.0000 ns/op
OverheadActual  20: 1 op, 270.00 ns, 270.0000 ns/op

WorkloadWarmup   1: 1 op, 52648615.00 ns, 52.6486 ms/op
WorkloadWarmup   2: 1 op, 51716487.00 ns, 51.7165 ms/op
WorkloadWarmup   3: 1 op, 54514564.00 ns, 54.5146 ms/op

// BeforeActualRun
WorkloadActual   1: 1 op, 57707592.00 ns, 57.7076 ms/op
WorkloadActual   2: 1 op, 54036594.00 ns, 54.0366 ms/op
WorkloadActual   3: 1 op, 58013013.00 ns, 58.0130 ms/op

// AfterActualRun
WorkloadResult   1: 1 op, 57707161.00 ns, 57.7072 ms/op
WorkloadResult   2: 1 op, 54036163.00 ns, 54.0362 ms/op
WorkloadResult   3: 1 op, 58012582.00 ns, 58.0126 ms/op
// GC:  0 0 0 679408 1
// Threading:  192 125 1
// Exceptions:  328

// AfterAll
// Benchmark Process 1610931 has exited with code 0.

Mean = 56.585 ms, StdErr = 1.278 ms (2.26%), N = 3, StdDev = 2.213 ms
Min = 54.036 ms, Q1 = 55.872 ms, Median = 57.707 ms, Q3 = 57.860 ms, Max = 58.013 ms
IQR = 1.988 ms, LowerFence = 52.889 ms, UpperFence = 60.842 ms
ConfidenceInterval = [16.214 ms; 96.957 ms] (CI 99.9%), Margin = 40.371 ms (71.35% of Mean)
Skewness = -0.38, Kurtosis = 0.67, MValue = 2

// ** Remained 60 (60.6%) benchmark(s) to run. Estimated finish 2026-09-22 17:02 (0h 0m from now) **
// **************************
// Benchmark: SessionSetupDecompositionBenchmarks.StageT1_SessionTeardownInsideAsync: ShortRun(InvocationCount=1, IterationCount=3, LaunchCount=1, UnrollFactor=1, WarmupCount=3) [Sessions=100]
// *** Execute ***
// Launch: 1 / 1
// Execute: dotnet WinForward.Benchmarks-ShortRun-1.dll --anonymousPipes 123 125 --benchmarkName "WinForward.Benchmarks.Perf.SessionSetupDecompositionBenchmarks.StageT1_SessionTeardownInsideAsync(Sessions: 100)" --job ShortRun --benchmarkId 39 in /home/paff/Projects/WinForward/benchmarks/WinForward.Benchmarks/bin/Release/net10.0/WinForward.Benchmarks-ShortRun-1/bin/Release/net10.0
// Failed to set up high priority (Permission denied). In order to run benchmarks with high priority, make sure you have the right permissions.
// BeforeAnythingElse

// Benchmark Process Environment Information:
// BenchmarkDotNet v0.15.8
// Runtime=.NET 10.0.12 (10.0.12, 10.0.1226.42308), X64 RyuJIT x86-64-v4
// GC=Concurrent Workstation
// HardwareIntrinsics=AVX512 BITALG+VBMI2+VNNI+VPOPCNTDQ,AVX512 IFMA+VBMI,AVX512 F+BW+CD+DQ+VL,AVX2+BMI1+BMI2+F16C+FMA+LZCNT+MOVBE,AVX,SSE3+SSSE3+SSE4.1+SSE4.2+POPCNT,X86Base+SSE+SSE2,AES+PCLMUL,AvxVnni VectorSize=256
// Job: ShortRun(InvocationCount=1, IterationCount=3, LaunchCount=1, UnrollFactor=1, WarmupCount=3)

OverheadJitting  1: 1 op, 258056.00 ns, 258.0560 us/op
WorkloadJitting  1: 1 op, 44242697.00 ns, 44.2427 ms/op

OverheadWarmup   1: 1 op, 441.00 ns, 441.0000 ns/op
OverheadWarmup   2: 1 op, 451.00 ns, 451.0000 ns/op
OverheadWarmup   3: 1 op, 491.00 ns, 491.0000 ns/op
OverheadWarmup   4: 1 op, 461.00 ns, 461.0000 ns/op
OverheadWarmup   5: 1 op, 511.00 ns, 511.0000 ns/op
OverheadWarmup   6: 1 op, 281.00 ns, 281.0000 ns/op

OverheadActual   1: 1 op, 431.00 ns, 431.0000 ns/op
OverheadActual   2: 1 op, 521.00 ns, 521.0000 ns/op
OverheadActual   3: 1 op, 481.00 ns, 481.0000 ns/op
OverheadActual   4: 1 op, 481.00 ns, 481.0000 ns/op
OverheadActual   5: 1 op, 261.00 ns, 261.0000 ns/op
OverheadActual   6: 1 op, 531.00 ns, 531.0000 ns/op
OverheadActual   7: 1 op, 341.00 ns, 341.0000 ns/op
OverheadActual   8: 1 op, 351.00 ns, 351.0000 ns/op
OverheadActual   9: 1 op, 321.00 ns, 321.0000 ns/op
OverheadActual  10: 1 op, 491.00 ns, 491.0000 ns/op
OverheadActual  11: 1 op, 471.00 ns, 471.0000 ns/op
OverheadActual  12: 1 op, 350.00 ns, 350.0000 ns/op
OverheadActual  13: 1 op, 360.00 ns, 360.0000 ns/op
OverheadActual  14: 1 op, 281.00 ns, 281.0000 ns/op
OverheadActual  15: 1 op, 491.00 ns, 491.0000 ns/op
OverheadActual  16: 1 op, 601.00 ns, 601.0000 ns/op
OverheadActual  17: 1 op, 561.00 ns, 561.0000 ns/op
OverheadActual  18: 1 op, 451.00 ns, 451.0000 ns/op
OverheadActual  19: 1 op, 411.00 ns, 411.0000 ns/op
OverheadActual  20: 1 op, 471.00 ns, 471.0000 ns/op

WorkloadWarmup   1: 1 op, 7443103.00 ns, 7.4431 ms/op
WorkloadWarmup   2: 1 op, 9872426.00 ns, 9.8724 ms/op
WorkloadWarmup   3: 1 op, 6706509.00 ns, 6.7065 ms/op

// BeforeActualRun
WorkloadActual   1: 1 op, 8828517.00 ns, 8.8285 ms/op
WorkloadActual   2: 1 op, 7582389.00 ns, 7.5824 ms/op
WorkloadActual   3: 1 op, 7526927.00 ns, 7.5269 ms/op

// AfterActualRun
WorkloadResult   1: 1 op, 8828056.00 ns, 8.8281 ms/op
WorkloadResult   2: 1 op, 7581928.00 ns, 7.5819 ms/op
WorkloadResult   3: 1 op, 7526466.00 ns, 7.5265 ms/op
// GC:  0 0 0 448280 1
// Threading:  100 0 1
// Exceptions:  200

// AfterAll
// Benchmark Process 1611481 has exited with code 0.

Mean = 7.979 ms, StdErr = 0.425 ms (5.33%), N = 3, StdDev = 0.736 ms
Min = 7.526 ms, Q1 = 7.554 ms, Median = 7.582 ms, Q3 = 8.205 ms, Max = 8.828 ms
IQR = 0.651 ms, LowerFence = 6.578 ms, UpperFence = 9.181 ms
ConfidenceInterval = [-5.448 ms; 21.406 ms] (CI 99.9%), Margin = 13.427 ms (168.28% of Mean)
Skewness = 0.38, Kurtosis = 0.67, MValue = 2

// ** Remained 59 (59.6%) benchmark(s) to run. Estimated finish 2026-09-22 17:02 (0h 0m from now) **
// **************************
// Benchmark: SessionSetupDecompositionBenchmarks.StageT3_ExpiryRetireInsideAsync: ShortRun(InvocationCount=1, IterationCount=3, LaunchCount=1, UnrollFactor=1, WarmupCount=3) [Sessions=100]
// *** Execute ***
// Launch: 1 / 1
// Execute: dotnet WinForward.Benchmarks-ShortRun-1.dll --anonymousPipes 123 125 --benchmarkName "WinForward.Benchmarks.Perf.SessionSetupDecompositionBenchmarks.StageT3_ExpiryRetireInsideAsync(Sessions: 100)" --job ShortRun --benchmarkId 40 in /home/paff/Projects/WinForward/benchmarks/WinForward.Benchmarks/bin/Release/net10.0/WinForward.Benchmarks-ShortRun-1/bin/Release/net10.0
// Failed to set up high priority (Permission denied). In order to run benchmarks with high priority, make sure you have the right permissions.
// BeforeAnythingElse

// Benchmark Process Environment Information:
// BenchmarkDotNet v0.15.8
// Runtime=.NET 10.0.12 (10.0.12, 10.0.1226.42308), X64 RyuJIT x86-64-v4
// GC=Concurrent Workstation
// HardwareIntrinsics=AVX512 BITALG+VBMI2+VNNI+VPOPCNTDQ,AVX512 IFMA+VBMI,AVX512 F+BW+CD+DQ+VL,AVX2+BMI1+BMI2+F16C+FMA+LZCNT+MOVBE,AVX,SSE3+SSSE3+SSE4.1+SSE4.2+POPCNT,X86Base+SSE+SSE2,AES+PCLMUL,AvxVnni VectorSize=256
// Job: ShortRun(InvocationCount=1, IterationCount=3, LaunchCount=1, UnrollFactor=1, WarmupCount=3)

OverheadJitting  1: 1 op, 259728.00 ns, 259.7280 us/op
WorkloadJitting  1: 1 op, 134961047.00 ns, 134.9610 ms/op

OverheadWarmup   1: 1 op, 691.00 ns, 691.0000 ns/op
OverheadWarmup   2: 1 op, 511.00 ns, 511.0000 ns/op
OverheadWarmup   3: 1 op, 601.00 ns, 601.0000 ns/op
OverheadWarmup   4: 1 op, 591.00 ns, 591.0000 ns/op
OverheadWarmup   5: 1 op, 451.00 ns, 451.0000 ns/op
OverheadWarmup   6: 1 op, 371.00 ns, 371.0000 ns/op
OverheadWarmup   7: 1 op, 501.00 ns, 501.0000 ns/op
OverheadWarmup   8: 1 op, 451.00 ns, 451.0000 ns/op

OverheadActual   1: 1 op, 530.00 ns, 530.0000 ns/op
OverheadActual   2: 1 op, 491.00 ns, 491.0000 ns/op
OverheadActual   3: 1 op, 431.00 ns, 431.0000 ns/op
OverheadActual   4: 1 op, 440.00 ns, 440.0000 ns/op
OverheadActual   5: 1 op, 481.00 ns, 481.0000 ns/op
OverheadActual   6: 1 op, 451.00 ns, 451.0000 ns/op
OverheadActual   7: 1 op, 591.00 ns, 591.0000 ns/op
OverheadActual   8: 1 op, 451.00 ns, 451.0000 ns/op
OverheadActual   9: 1 op, 481.00 ns, 481.0000 ns/op
OverheadActual  10: 1 op, 541.00 ns, 541.0000 ns/op
OverheadActual  11: 1 op, 340.00 ns, 340.0000 ns/op
OverheadActual  12: 1 op, 461.00 ns, 461.0000 ns/op
OverheadActual  13: 1 op, 361.00 ns, 361.0000 ns/op
OverheadActual  14: 1 op, 511.00 ns, 511.0000 ns/op
OverheadActual  15: 1 op, 541.00 ns, 541.0000 ns/op
OverheadActual  16: 1 op, 360.00 ns, 360.0000 ns/op
OverheadActual  17: 1 op, 360.00 ns, 360.0000 ns/op
OverheadActual  18: 1 op, 271.00 ns, 271.0000 ns/op
OverheadActual  19: 1 op, 261.00 ns, 261.0000 ns/op
OverheadActual  20: 1 op, 361.00 ns, 361.0000 ns/op

WorkloadWarmup   1: 1 op, 51779822.00 ns, 51.7798 ms/op
WorkloadWarmup   2: 1 op, 47027912.00 ns, 47.0279 ms/op
WorkloadWarmup   3: 1 op, 49679670.00 ns, 49.6797 ms/op

// BeforeActualRun
WorkloadActual   1: 1 op, 47820843.00 ns, 47.8208 ms/op
WorkloadActual   2: 1 op, 43573903.00 ns, 43.5739 ms/op
WorkloadActual   3: 1 op, 49035697.00 ns, 49.0357 ms/op

// AfterActualRun
WorkloadResult   1: 1 op, 47820392.00 ns, 47.8204 ms/op
WorkloadResult   2: 1 op, 43573452.00 ns, 43.5735 ms/op
WorkloadResult   3: 1 op, 49035246.00 ns, 49.0352 ms/op
// GC:  0 0 0 677896 1
// Threading:  195 61 1
// Exceptions:  200

// AfterAll
// Benchmark Process 1611496 has exited with code 0.

Mean = 46.810 ms, StdErr = 1.656 ms (3.54%), N = 3, StdDev = 2.868 ms
Min = 43.573 ms, Q1 = 45.697 ms, Median = 47.820 ms, Q3 = 48.428 ms, Max = 49.035 ms
IQR = 2.731 ms, LowerFence = 41.601 ms, UpperFence = 52.524 ms
ConfidenceInterval = [-5.509 ms; 99.128 ms] (CI 99.9%), Margin = 52.318 ms (111.77% of Mean)
Skewness = -0.31, Kurtosis = 0.67, MValue = 2

// ** Remained 58 (58.6%) benchmark(s) to run. Estimated finish 2026-09-22 17:02 (0h 0m from now) **
// **************************
// Benchmark: SessionSetupDecompositionBenchmarks.StageT5_NonThrowingParkTeardownAsync: ShortRun(InvocationCount=1, IterationCount=3, LaunchCount=1, UnrollFactor=1, WarmupCount=3) [Sessions=100]
// *** Execute ***
// Launch: 1 / 1
// Execute: dotnet WinForward.Benchmarks-ShortRun-1.dll --anonymousPipes 123 125 --benchmarkName "WinForward.Benchmarks.Perf.SessionSetupDecompositionBenchmarks.StageT5_NonThrowingParkTeardownAsync(Sessions: 100)" --job ShortRun --benchmarkId 41 in /home/paff/Projects/WinForward/benchmarks/WinForward.Benchmarks/bin/Release/net10.0/WinForward.Benchmarks-ShortRun-1/bin/Release/net10.0
// Failed to set up high priority (Permission denied). In order to run benchmarks with high priority, make sure you have the right permissions.
// BeforeAnythingElse

// Benchmark Process Environment Information:
// BenchmarkDotNet v0.15.8
// Runtime=.NET 10.0.12 (10.0.12, 10.0.1226.42308), X64 RyuJIT x86-64-v4
// GC=Concurrent Workstation
// HardwareIntrinsics=AVX512 BITALG+VBMI2+VNNI+VPOPCNTDQ,AVX512 IFMA+VBMI,AVX512 F+BW+CD+DQ+VL,AVX2+BMI1+BMI2+F16C+FMA+LZCNT+MOVBE,AVX,SSE3+SSSE3+SSE4.1+SSE4.2+POPCNT,X86Base+SSE+SSE2,AES+PCLMUL,AvxVnni VectorSize=256
// Job: ShortRun(InvocationCount=1, IterationCount=3, LaunchCount=1, UnrollFactor=1, WarmupCount=3)

OverheadJitting  1: 1 op, 310983.00 ns, 310.9830 us/op
WorkloadJitting  1: 1 op, 47193246.00 ns, 47.1932 ms/op

OverheadWarmup   1: 1 op, 490.00 ns, 490.0000 ns/op
OverheadWarmup   2: 1 op, 430.00 ns, 430.0000 ns/op
OverheadWarmup   3: 1 op, 381.00 ns, 381.0000 ns/op
OverheadWarmup   4: 1 op, 391.00 ns, 391.0000 ns/op
OverheadWarmup   5: 1 op, 491.00 ns, 491.0000 ns/op
OverheadWarmup   6: 1 op, 340.00 ns, 340.0000 ns/op
OverheadWarmup   7: 1 op, 471.00 ns, 471.0000 ns/op
OverheadWarmup   8: 1 op, 481.00 ns, 481.0000 ns/op
OverheadWarmup   9: 1 op, 461.00 ns, 461.0000 ns/op

OverheadActual   1: 1 op, 471.00 ns, 471.0000 ns/op
OverheadActual   2: 1 op, 461.00 ns, 461.0000 ns/op
OverheadActual   3: 1 op, 511.00 ns, 511.0000 ns/op
OverheadActual   4: 1 op, 431.00 ns, 431.0000 ns/op
OverheadActual   5: 1 op, 471.00 ns, 471.0000 ns/op
OverheadActual   6: 1 op, 751.00 ns, 751.0000 ns/op
OverheadActual   7: 1 op, 521.00 ns, 521.0000 ns/op
OverheadActual   8: 1 op, 471.00 ns, 471.0000 ns/op
OverheadActual   9: 1 op, 701.00 ns, 701.0000 ns/op
OverheadActual  10: 1 op, 271.00 ns, 271.0000 ns/op
OverheadActual  11: 1 op, 702.00 ns, 702.0000 ns/op
OverheadActual  12: 1 op, 271.00 ns, 271.0000 ns/op
OverheadActual  13: 1 op, 471.00 ns, 471.0000 ns/op
OverheadActual  14: 1 op, 521.00 ns, 521.0000 ns/op
OverheadActual  15: 1 op, 481.00 ns, 481.0000 ns/op
OverheadActual  16: 1 op, 490.00 ns, 490.0000 ns/op
OverheadActual  17: 1 op, 450.00 ns, 450.0000 ns/op
OverheadActual  18: 1 op, 400.00 ns, 400.0000 ns/op
OverheadActual  19: 1 op, 471.00 ns, 471.0000 ns/op
OverheadActual  20: 1 op, 340.00 ns, 340.0000 ns/op

WorkloadWarmup   1: 1 op, 1856874.00 ns, 1.8569 ms/op
WorkloadWarmup   2: 1 op, 2086907.00 ns, 2.0869 ms/op
WorkloadWarmup   3: 1 op, 1266198.00 ns, 1.2662 ms/op

// BeforeActualRun
WorkloadActual   1: 1 op, 2989681.00 ns, 2.9897 ms/op
WorkloadActual   2: 1 op, 2120800.00 ns, 2.1208 ms/op
WorkloadActual   3: 1 op, 1237321.00 ns, 1.2373 ms/op

// AfterActualRun
WorkloadResult   1: 1 op, 2989210.00 ns, 2.9892 ms/op
WorkloadResult   2: 1 op, 2120329.00 ns, 2.1203 ms/op
WorkloadResult   3: 1 op, 1236850.00 ns, 1.2369 ms/op
// GC:  0 0 0 318680 1
// Threading:  107 0 1

// AfterAll
// Benchmark Process 1612046 has exited with code 0.

Mean = 2.115 ms, StdErr = 0.506 ms (23.91%), N = 3, StdDev = 0.876 ms
Min = 1.237 ms, Q1 = 1.679 ms, Median = 2.120 ms, Q3 = 2.555 ms, Max = 2.989 ms
IQR = 0.876 ms, LowerFence = 0.364 ms, UpperFence = 3.869 ms
ConfidenceInterval = [-13.870 ms; 18.100 ms] (CI 99.9%), Margin = 15.985 ms (755.63% of Mean)
Skewness = -0.01, Kurtosis = 0.67, MValue = 2

// ** Remained 57 (57.6%) benchmark(s) to run. Estimated finish 2026-09-22 17:02 (0h 0m from now) **
// **************************
// Benchmark: SessionSetupDecompositionBenchmarks.BaselineF_FakeTransportCreationAsync: ShortRun(InvocationCount=1, IterationCount=3, LaunchCount=1, UnrollFactor=1, WarmupCount=3) [Sessions=100]
// *** Execute ***
// Launch: 1 / 1
// Execute: dotnet WinForward.Benchmarks-ShortRun-1.dll --anonymousPipes 123 125 --benchmarkName "WinForward.Benchmarks.Perf.SessionSetupDecompositionBenchmarks.BaselineF_FakeTransportCreationAsync(Sessions: 100)" --job ShortRun --benchmarkId 42 in /home/paff/Projects/WinForward/benchmarks/WinForward.Benchmarks/bin/Release/net10.0/WinForward.Benchmarks-ShortRun-1/bin/Release/net10.0
// Failed to set up high priority (Permission denied). In order to run benchmarks with high priority, make sure you have the right permissions.
// BeforeAnythingElse

// Benchmark Process Environment Information:
// BenchmarkDotNet v0.15.8
// Runtime=.NET 10.0.12 (10.0.12, 10.0.1226.42308), X64 RyuJIT x86-64-v4
// GC=Concurrent Workstation
// HardwareIntrinsics=AVX512 BITALG+VBMI2+VNNI+VPOPCNTDQ,AVX512 IFMA+VBMI,AVX512 F+BW+CD+DQ+VL,AVX2+BMI1+BMI2+F16C+FMA+LZCNT+MOVBE,AVX,SSE3+SSSE3+SSE4.1+SSE4.2+POPCNT,X86Base+SSE+SSE2,AES+PCLMUL,AvxVnni VectorSize=256
// Job: ShortRun(InvocationCount=1, IterationCount=3, LaunchCount=1, UnrollFactor=1, WarmupCount=3)

OverheadJitting  1: 1 op, 325119.00 ns, 325.1190 us/op
WorkloadJitting  1: 1 op, 5483769.00 ns, 5.4838 ms/op

OverheadWarmup   1: 1 op, 481.00 ns, 481.0000 ns/op
OverheadWarmup   2: 1 op, 450.00 ns, 450.0000 ns/op
OverheadWarmup   3: 1 op, 260.00 ns, 260.0000 ns/op
OverheadWarmup   4: 1 op, 450.00 ns, 450.0000 ns/op
OverheadWarmup   5: 1 op, 451.00 ns, 451.0000 ns/op
OverheadWarmup   6: 1 op, 261.00 ns, 261.0000 ns/op
OverheadWarmup   7: 1 op, 260.00 ns, 260.0000 ns/op
OverheadWarmup   8: 1 op, 601.00 ns, 601.0000 ns/op
OverheadWarmup   9: 1 op, 461.00 ns, 461.0000 ns/op

OverheadActual   1: 1 op, 461.00 ns, 461.0000 ns/op
OverheadActual   2: 1 op, 451.00 ns, 451.0000 ns/op
OverheadActual   3: 1 op, 451.00 ns, 451.0000 ns/op
OverheadActual   4: 1 op, 450.00 ns, 450.0000 ns/op
OverheadActual   5: 1 op, 471.00 ns, 471.0000 ns/op
OverheadActual   6: 1 op, 351.00 ns, 351.0000 ns/op
OverheadActual   7: 1 op, 361.00 ns, 361.0000 ns/op
OverheadActual   8: 1 op, 351.00 ns, 351.0000 ns/op
OverheadActual   9: 1 op, 441.00 ns, 441.0000 ns/op
OverheadActual  10: 1 op, 341.00 ns, 341.0000 ns/op
OverheadActual  11: 1 op, 270.00 ns, 270.0000 ns/op
OverheadActual  12: 1 op, 441.00 ns, 441.0000 ns/op
OverheadActual  13: 1 op, 421.00 ns, 421.0000 ns/op
OverheadActual  14: 1 op, 430.00 ns, 430.0000 ns/op
OverheadActual  15: 1 op, 331.00 ns, 331.0000 ns/op
OverheadActual  16: 1 op, 341.00 ns, 341.0000 ns/op
OverheadActual  17: 1 op, 341.00 ns, 341.0000 ns/op
OverheadActual  18: 1 op, 441.00 ns, 441.0000 ns/op
OverheadActual  19: 1 op, 351.00 ns, 351.0000 ns/op
OverheadActual  20: 1 op, 471.00 ns, 471.0000 ns/op

WorkloadWarmup   1: 1 op, 79246.00 ns, 79.2460 us/op
WorkloadWarmup   2: 1 op, 21700.00 ns, 21.7000 us/op
WorkloadWarmup   3: 1 op, 20999.00 ns, 20.9990 us/op

// BeforeActualRun
WorkloadActual   1: 1 op, 53879.00 ns, 53.8790 us/op
WorkloadActual   2: 1 op, 17703.00 ns, 17.7030 us/op
WorkloadActual   3: 1 op, 19947.00 ns, 19.9470 us/op

// AfterActualRun
WorkloadResult   1: 1 op, 53453.50 ns, 53.4535 us/op
WorkloadResult   2: 1 op, 17277.50 ns, 17.2775 us/op
WorkloadResult   3: 1 op, 19521.50 ns, 19.5215 us/op
// GC:  0 0 0 10432 1
// Threading:  0 0 1

// AfterAll
// Benchmark Process 1612062 has exited with code 0.

Mean = 30.084 us, StdErr = 11.703 us (38.90%), N = 3, StdDev = 20.270 us
Min = 17.277 us, Q1 = 18.399 us, Median = 19.521 us, Q3 = 36.487 us, Max = 53.453 us
IQR = 18.088 us, LowerFence = -8.732 us, UpperFence = 63.620 us
ConfidenceInterval = [-339.707 us; 399.876 us] (CI 99.9%), Margin = 369.791 us (1229.19% of Mean)
Skewness = 0.38, Kurtosis = 0.67, MValue = 2

// ** Remained 56 (56.6%) benchmark(s) to run. Estimated finish 2026-09-22 17:02 (0h 0m from now) **
// **************************
// Benchmark: SessionSetupDecompositionBenchmarks.BaselineH_FlowKeyConstruction: ShortRun(InvocationCount=1, IterationCount=3, LaunchCount=1, UnrollFactor=1, WarmupCount=3) [Sessions=100]
// *** Execute ***
// Launch: 1 / 1
// Execute: dotnet WinForward.Benchmarks-ShortRun-1.dll --anonymousPipes 123 125 --benchmarkName "WinForward.Benchmarks.Perf.SessionSetupDecompositionBenchmarks.BaselineH_FlowKeyConstruction(Sessions: 100)" --job ShortRun --benchmarkId 43 in /home/paff/Projects/WinForward/benchmarks/WinForward.Benchmarks/bin/Release/net10.0/WinForward.Benchmarks-ShortRun-1/bin/Release/net10.0
// Failed to set up high priority (Permission denied). In order to run benchmarks with high priority, make sure you have the right permissions.
// BeforeAnythingElse

// Benchmark Process Environment Information:
// BenchmarkDotNet v0.15.8
// Runtime=.NET 10.0.12 (10.0.12, 10.0.1226.42308), X64 RyuJIT x86-64-v4
// GC=Concurrent Workstation
// HardwareIntrinsics=AVX512 BITALG+VBMI2+VNNI+VPOPCNTDQ,AVX512 IFMA+VBMI,AVX512 F+BW+CD+DQ+VL,AVX2+BMI1+BMI2+F16C+FMA+LZCNT+MOVBE,AVX,SSE3+SSSE3+SSE4.1+SSE4.2+POPCNT,X86Base+SSE+SSE2,AES+PCLMUL,AvxVnni VectorSize=256
// Job: ShortRun(InvocationCount=1, IterationCount=3, LaunchCount=1, UnrollFactor=1, WarmupCount=3)

OverheadJitting  1: 1 op, 252225.00 ns, 252.2250 us/op
WorkloadJitting  1: 1 op, 6498611.00 ns, 6.4986 ms/op

OverheadWarmup   1: 1 op, 391.00 ns, 391.0000 ns/op
OverheadWarmup   2: 1 op, 260.00 ns, 260.0000 ns/op
OverheadWarmup   3: 1 op, 260.00 ns, 260.0000 ns/op
OverheadWarmup   4: 1 op, 521.00 ns, 521.0000 ns/op
OverheadWarmup   5: 1 op, 260.00 ns, 260.0000 ns/op
OverheadWarmup   6: 1 op, 260.00 ns, 260.0000 ns/op

OverheadActual   1: 1 op, 411.00 ns, 411.0000 ns/op
OverheadActual   2: 1 op, 500.00 ns, 500.0000 ns/op
OverheadActual   3: 1 op, 411.00 ns, 411.0000 ns/op
OverheadActual   4: 1 op, 421.00 ns, 421.0000 ns/op
OverheadActual   5: 1 op, 270.00 ns, 270.0000 ns/op
OverheadActual   6: 1 op, 270.00 ns, 270.0000 ns/op
OverheadActual   7: 1 op, 471.00 ns, 471.0000 ns/op
OverheadActual   8: 1 op, 291.00 ns, 291.0000 ns/op
OverheadActual   9: 1 op, 270.00 ns, 270.0000 ns/op
OverheadActual  10: 1 op, 411.00 ns, 411.0000 ns/op
OverheadActual  11: 1 op, 411.00 ns, 411.0000 ns/op
OverheadActual  12: 1 op, 250.00 ns, 250.0000 ns/op
OverheadActual  13: 1 op, 450.00 ns, 450.0000 ns/op
OverheadActual  14: 1 op, 511.00 ns, 511.0000 ns/op
OverheadActual  15: 1 op, 461.00 ns, 461.0000 ns/op
OverheadActual  16: 1 op, 420.00 ns, 420.0000 ns/op
OverheadActual  17: 1 op, 291.00 ns, 291.0000 ns/op
OverheadActual  18: 1 op, 490.00 ns, 490.0000 ns/op
OverheadActual  19: 1 op, 441.00 ns, 441.0000 ns/op
OverheadActual  20: 1 op, 260.00 ns, 260.0000 ns/op

WorkloadWarmup   1: 1 op, 153653.00 ns, 153.6530 us/op
WorkloadWarmup   2: 1 op, 90346.00 ns, 90.3460 us/op
WorkloadWarmup   3: 1 op, 75279.00 ns, 75.2790 us/op

// BeforeActualRun
WorkloadActual   1: 1 op, 125892.00 ns, 125.8920 us/op
WorkloadActual   2: 1 op, 80638.00 ns, 80.6380 us/op
WorkloadActual   3: 1 op, 75018.00 ns, 75.0180 us/op

// AfterActualRun
WorkloadResult   1: 1 op, 125481.00 ns, 125.4810 us/op
WorkloadResult   2: 1 op, 80227.00 ns, 80.2270 us/op
WorkloadResult   3: 1 op, 74607.00 ns, 74.6070 us/op
// GC:  0 0 0 35200 1
// Threading:  0 0 1

// AfterAll
// Benchmark Process 1612073 has exited with code 0.

Mean = 93.438 us, StdErr = 16.103 us (17.23%), N = 3, StdDev = 27.892 us
Min = 74.607 us, Q1 = 77.417 us, Median = 80.227 us, Q3 = 102.854 us, Max = 125.481 us
IQR = 25.437 us, LowerFence = 39.261 us, UpperFence = 141.010 us
ConfidenceInterval = [-415.410 us; 602.286 us] (CI 99.9%), Margin = 508.848 us (544.58% of Mean)
Skewness = 0.37, Kurtosis = 0.67, MValue = 2

// ** Remained 55 (55.6%) benchmark(s) to run. Estimated finish 2026-09-22 17:02 (0h 0m from now) **
// **************************
// Benchmark: SessionSetupDecompositionBenchmarks.ComponentC1_AssociationClaimRelease: ShortRun(InvocationCount=1, IterationCount=3, LaunchCount=1, UnrollFactor=1, WarmupCount=3) [Sessions=100]
// *** Execute ***
// Launch: 1 / 1
// Execute: dotnet WinForward.Benchmarks-ShortRun-1.dll --anonymousPipes 123 125 --benchmarkName "WinForward.Benchmarks.Perf.SessionSetupDecompositionBenchmarks.ComponentC1_AssociationClaimRelease(Sessions: 100)" --job ShortRun --benchmarkId 44 in /home/paff/Projects/WinForward/benchmarks/WinForward.Benchmarks/bin/Release/net10.0/WinForward.Benchmarks-ShortRun-1/bin/Release/net10.0
// Failed to set up high priority (Permission denied). In order to run benchmarks with high priority, make sure you have the right permissions.
// BeforeAnythingElse

// Benchmark Process Environment Information:
// BenchmarkDotNet v0.15.8
// Runtime=.NET 10.0.12 (10.0.12, 10.0.1226.42308), X64 RyuJIT x86-64-v4
// GC=Concurrent Workstation
// HardwareIntrinsics=AVX512 BITALG+VBMI2+VNNI+VPOPCNTDQ,AVX512 IFMA+VBMI,AVX512 F+BW+CD+DQ+VL,AVX2+BMI1+BMI2+F16C+FMA+LZCNT+MOVBE,AVX,SSE3+SSSE3+SSE4.1+SSE4.2+POPCNT,X86Base+SSE+SSE2,AES+PCLMUL,AvxVnni VectorSize=256
// Job: ShortRun(InvocationCount=1, IterationCount=3, LaunchCount=1, UnrollFactor=1, WarmupCount=3)

OverheadJitting  1: 1 op, 262463.00 ns, 262.4630 us/op
WorkloadJitting  1: 1 op, 19554129.00 ns, 19.5541 ms/op

OverheadWarmup   1: 1 op, 451.00 ns, 451.0000 ns/op
OverheadWarmup   2: 1 op, 281.00 ns, 281.0000 ns/op
OverheadWarmup   3: 1 op, 270.00 ns, 270.0000 ns/op
OverheadWarmup   4: 1 op, 280.00 ns, 280.0000 ns/op
OverheadWarmup   5: 1 op, 261.00 ns, 261.0000 ns/op
OverheadWarmup   6: 1 op, 270.00 ns, 270.0000 ns/op
OverheadWarmup   7: 1 op, 260.00 ns, 260.0000 ns/op

OverheadActual   1: 1 op, 431.00 ns, 431.0000 ns/op
OverheadActual   2: 1 op, 440.00 ns, 440.0000 ns/op
OverheadActual   3: 1 op, 410.00 ns, 410.0000 ns/op
OverheadActual   4: 1 op, 491.00 ns, 491.0000 ns/op
OverheadActual   5: 1 op, 471.00 ns, 471.0000 ns/op
OverheadActual   6: 1 op, 732.00 ns, 732.0000 ns/op
OverheadActual   7: 1 op, 260.00 ns, 260.0000 ns/op
OverheadActual   8: 1 op, 221.00 ns, 221.0000 ns/op
OverheadActual   9: 1 op, 531.00 ns, 531.0000 ns/op
OverheadActual  10: 1 op, 271.00 ns, 271.0000 ns/op
OverheadActual  11: 1 op, 251.00 ns, 251.0000 ns/op
OverheadActual  12: 1 op, 281.00 ns, 281.0000 ns/op
OverheadActual  13: 1 op, 441.00 ns, 441.0000 ns/op
OverheadActual  14: 1 op, 371.00 ns, 371.0000 ns/op
OverheadActual  15: 1 op, 441.00 ns, 441.0000 ns/op
OverheadActual  16: 1 op, 280.00 ns, 280.0000 ns/op
OverheadActual  17: 1 op, 261.00 ns, 261.0000 ns/op
OverheadActual  18: 1 op, 441.00 ns, 441.0000 ns/op
OverheadActual  19: 1 op, 270.00 ns, 270.0000 ns/op
OverheadActual  20: 1 op, 430.00 ns, 430.0000 ns/op

WorkloadWarmup   1: 1 op, 577064.00 ns, 577.0640 us/op
WorkloadWarmup   2: 1 op, 324468.00 ns, 324.4680 us/op
WorkloadWarmup   3: 1 op, 323918.00 ns, 323.9180 us/op

// BeforeActualRun
WorkloadActual   1: 1 op, 446583.00 ns, 446.5830 us/op
WorkloadActual   2: 1 op, 322285.00 ns, 322.2850 us/op
WorkloadActual   3: 1 op, 355916.00 ns, 355.9160 us/op

// AfterActualRun
WorkloadResult   1: 1 op, 446163.00 ns, 446.1630 us/op
WorkloadResult   2: 1 op, 321865.00 ns, 321.8650 us/op
WorkloadResult   3: 1 op, 355496.00 ns, 355.4960 us/op
// GC:  0 0 0 82800 1
// Threading:  0 0 1

// AfterAll
// Benchmark Process 1612082 has exited with code 0.

Mean = 374.508 us, StdErr = 37.120 us (9.91%), N = 3, StdDev = 64.293 us
Min = 321.865 us, Q1 = 338.680 us, Median = 355.496 us, Q3 = 400.829 us, Max = 446.163 us
IQR = 62.149 us, LowerFence = 245.457 us, UpperFence = 494.053 us
ConfidenceInterval = [-798.436 us; 1,547.452 us] (CI 99.9%), Margin = 1,172.944 us (313.20% of Mean)
Skewness = 0.27, Kurtosis = 0.67, MValue = 2

// ** Remained 54 (54.5%) benchmark(s) to run. Estimated finish 2026-09-22 17:02 (0h 0m from now) **
// **************************
// Benchmark: SessionSetupDecompositionBenchmarks.ComponentC2_SessionConstructStartAsync: ShortRun(InvocationCount=1, IterationCount=3, LaunchCount=1, UnrollFactor=1, WarmupCount=3) [Sessions=100]
// *** Execute ***
// Launch: 1 / 1
// Execute: dotnet WinForward.Benchmarks-ShortRun-1.dll --anonymousPipes 123 125 --benchmarkName "WinForward.Benchmarks.Perf.SessionSetupDecompositionBenchmarks.ComponentC2_SessionConstructStartAsync(Sessions: 100)" --job ShortRun --benchmarkId 45 in /home/paff/Projects/WinForward/benchmarks/WinForward.Benchmarks/bin/Release/net10.0/WinForward.Benchmarks-ShortRun-1/bin/Release/net10.0
// Failed to set up high priority (Permission denied). In order to run benchmarks with high priority, make sure you have the right permissions.
// BeforeAnythingElse

// Benchmark Process Environment Information:
// BenchmarkDotNet v0.15.8
// Runtime=.NET 10.0.12 (10.0.12, 10.0.1226.42308), X64 RyuJIT x86-64-v4
// GC=Concurrent Workstation
// HardwareIntrinsics=AVX512 BITALG+VBMI2+VNNI+VPOPCNTDQ,AVX512 IFMA+VBMI,AVX512 F+BW+CD+DQ+VL,AVX2+BMI1+BMI2+F16C+FMA+LZCNT+MOVBE,AVX,SSE3+SSSE3+SSE4.1+SSE4.2+POPCNT,X86Base+SSE+SSE2,AES+PCLMUL,AvxVnni VectorSize=256
// Job: ShortRun(InvocationCount=1, IterationCount=3, LaunchCount=1, UnrollFactor=1, WarmupCount=3)

OverheadJitting  1: 1 op, 273795.00 ns, 273.7950 us/op
WorkloadJitting  1: 1 op, 33576119.00 ns, 33.5761 ms/op

OverheadWarmup   1: 1 op, 491.00 ns, 491.0000 ns/op
OverheadWarmup   2: 1 op, 551.00 ns, 551.0000 ns/op
OverheadWarmup   3: 1 op, 451.00 ns, 451.0000 ns/op
OverheadWarmup   4: 1 op, 471.00 ns, 471.0000 ns/op
OverheadWarmup   5: 1 op, 331.00 ns, 331.0000 ns/op

OverheadActual   1: 1 op, 441.00 ns, 441.0000 ns/op
OverheadActual   2: 1 op, 421.00 ns, 421.0000 ns/op
OverheadActual   3: 1 op, 421.00 ns, 421.0000 ns/op
OverheadActual   4: 1 op, 440.00 ns, 440.0000 ns/op
OverheadActual   5: 1 op, 501.00 ns, 501.0000 ns/op
OverheadActual   6: 1 op, 391.00 ns, 391.0000 ns/op
OverheadActual   7: 1 op, 301.00 ns, 301.0000 ns/op
OverheadActual   8: 1 op, 471.00 ns, 471.0000 ns/op
OverheadActual   9: 1 op, 260.00 ns, 260.0000 ns/op
OverheadActual  10: 1 op, 370.00 ns, 370.0000 ns/op
OverheadActual  11: 1 op, 521.00 ns, 521.0000 ns/op
OverheadActual  12: 1 op, 351.00 ns, 351.0000 ns/op
OverheadActual  13: 1 op, 521.00 ns, 521.0000 ns/op
OverheadActual  14: 1 op, 341.00 ns, 341.0000 ns/op
OverheadActual  15: 1 op, 481.00 ns, 481.0000 ns/op
OverheadActual  16: 1 op, 461.00 ns, 461.0000 ns/op
OverheadActual  17: 1 op, 932.00 ns, 932.0000 ns/op
OverheadActual  18: 1 op, 551.00 ns, 551.0000 ns/op
OverheadActual  19: 1 op, 421.00 ns, 421.0000 ns/op
OverheadActual  20: 1 op, 291.00 ns, 291.0000 ns/op

WorkloadWarmup   1: 1 op, 604966.00 ns, 604.9660 us/op
WorkloadWarmup   2: 1 op, 358340.00 ns, 358.3400 us/op
WorkloadWarmup   3: 1 op, 350376.00 ns, 350.3760 us/op

// BeforeActualRun
WorkloadActual   1: 1 op, 364922.00 ns, 364.9220 us/op
WorkloadActual   2: 1 op, 447144.00 ns, 447.1440 us/op
WorkloadActual   3: 1 op, 355405.00 ns, 355.4050 us/op

// AfterActualRun
WorkloadResult   1: 1 op, 364491.50 ns, 364.4915 us/op
WorkloadResult   2: 1 op, 446713.50 ns, 446.7135 us/op
WorkloadResult   3: 1 op, 354974.50 ns, 354.9745 us/op
// GC:  0 0 0 235848 1
// Threading:  0 0 1

// AfterAll
// Benchmark Process 1612091 has exited with code 0.

Mean = 388.726 us, StdErr = 29.123 us (7.49%), N = 3, StdDev = 50.443 us
Min = 354.974 us, Q1 = 359.733 us, Median = 364.491 us, Q3 = 405.603 us, Max = 446.714 us
IQR = 45.870 us, LowerFence = 290.929 us, UpperFence = 474.407 us
ConfidenceInterval = [-531.545 us; 1,308.998 us] (CI 99.9%), Margin = 920.271 us (236.74% of Mean)
Skewness = 0.37, Kurtosis = 0.67, MValue = 2

// ** Remained 53 (53.5%) benchmark(s) to run. Estimated finish 2026-09-22 17:02 (0h 0m from now) **
// **************************
// Benchmark: SessionSetupDecompositionBenchmarks.ComponentC2a1_ContextRecordStaticLambda: ShortRun(InvocationCount=1, IterationCount=3, LaunchCount=1, UnrollFactor=1, WarmupCount=3) [Sessions=100]
// *** Execute ***
// Launch: 1 / 1
// Execute: dotnet WinForward.Benchmarks-ShortRun-1.dll --anonymousPipes 123 125 --benchmarkName "WinForward.Benchmarks.Perf.SessionSetupDecompositionBenchmarks.ComponentC2a1_ContextRecordStaticLambda(Sessions: 100)" --job ShortRun --benchmarkId 46 in /home/paff/Projects/WinForward/benchmarks/WinForward.Benchmarks/bin/Release/net10.0/WinForward.Benchmarks-ShortRun-1/bin/Release/net10.0
// Failed to set up high priority (Permission denied). In order to run benchmarks with high priority, make sure you have the right permissions.
// BeforeAnythingElse

// Benchmark Process Environment Information:
// BenchmarkDotNet v0.15.8
// Runtime=.NET 10.0.12 (10.0.12, 10.0.1226.42308), X64 RyuJIT x86-64-v4
// GC=Concurrent Workstation
// HardwareIntrinsics=AVX512 BITALG+VBMI2+VNNI+VPOPCNTDQ,AVX512 IFMA+VBMI,AVX512 F+BW+CD+DQ+VL,AVX2+BMI1+BMI2+F16C+FMA+LZCNT+MOVBE,AVX,SSE3+SSSE3+SSE4.1+SSE4.2+POPCNT,X86Base+SSE+SSE2,AES+PCLMUL,AvxVnni VectorSize=256
// Job: ShortRun(InvocationCount=1, IterationCount=3, LaunchCount=1, UnrollFactor=1, WarmupCount=3)

OverheadJitting  1: 1 op, 334306.00 ns, 334.3060 us/op
WorkloadJitting  1: 1 op, 19915337.00 ns, 19.9153 ms/op

OverheadWarmup   1: 1 op, 1072.00 ns, 1.0720 us/op
OverheadWarmup   2: 1 op, 511.00 ns, 511.0000 ns/op
OverheadWarmup   3: 1 op, 1042.00 ns, 1.0420 us/op
OverheadWarmup   4: 1 op, 511.00 ns, 511.0000 ns/op
OverheadWarmup   5: 1 op, 691.00 ns, 691.0000 ns/op
OverheadWarmup   6: 1 op, 562.00 ns, 562.0000 ns/op

OverheadActual   1: 1 op, 731.00 ns, 731.0000 ns/op
OverheadActual   2: 1 op, 751.00 ns, 751.0000 ns/op
OverheadActual   3: 1 op, 1062.00 ns, 1.0620 us/op
OverheadActual   4: 1 op, 661.00 ns, 661.0000 ns/op
OverheadActual   5: 1 op, 531.00 ns, 531.0000 ns/op
OverheadActual   6: 1 op, 581.00 ns, 581.0000 ns/op
OverheadActual   7: 1 op, 751.00 ns, 751.0000 ns/op
OverheadActual   8: 1 op, 451.00 ns, 451.0000 ns/op
OverheadActual   9: 1 op, 501.00 ns, 501.0000 ns/op
OverheadActual  10: 1 op, 952.00 ns, 952.0000 ns/op
OverheadActual  11: 1 op, 471.00 ns, 471.0000 ns/op
OverheadActual  12: 1 op, 270.00 ns, 270.0000 ns/op
OverheadActual  13: 1 op, 420.00 ns, 420.0000 ns/op
OverheadActual  14: 1 op, 872.00 ns, 872.0000 ns/op
OverheadActual  15: 1 op, 491.00 ns, 491.0000 ns/op
OverheadActual  16: 1 op, 421.00 ns, 421.0000 ns/op
OverheadActual  17: 1 op, 491.00 ns, 491.0000 ns/op
OverheadActual  18: 1 op, 781.00 ns, 781.0000 ns/op
OverheadActual  19: 1 op, 671.00 ns, 671.0000 ns/op
OverheadActual  20: 1 op, 521.00 ns, 521.0000 ns/op

WorkloadWarmup   1: 1 op, 63517.00 ns, 63.5170 us/op
WorkloadWarmup   2: 1 op, 51555.00 ns, 51.5550 us/op
WorkloadWarmup   3: 1 op, 60361.00 ns, 60.3610 us/op

// BeforeActualRun
WorkloadActual   1: 1 op, 45364.00 ns, 45.3640 us/op
WorkloadActual   2: 1 op, 40274.00 ns, 40.2740 us/op
WorkloadActual   3: 1 op, 38701.00 ns, 38.7010 us/op

// AfterActualRun
WorkloadResult   1: 1 op, 44808.00 ns, 44.8080 us/op
WorkloadResult   2: 1 op, 39718.00 ns, 39.7180 us/op
WorkloadResult   3: 1 op, 38145.00 ns, 38.1450 us/op
// GC:  0 0 0 3808 1
// Threading:  0 0 1

// AfterAll
// Benchmark Process 1612107 has exited with code 0.

Mean = 40.890 us, StdErr = 2.011 us (4.92%), N = 3, StdDev = 3.483 us
Min = 38.145 us, Q1 = 38.931 us, Median = 39.718 us, Q3 = 42.263 us, Max = 44.808 us
IQR = 3.332 us, LowerFence = 33.934 us, UpperFence = 47.260 us
ConfidenceInterval = [-22.648 us; 104.429 us] (CI 99.9%), Margin = 63.539 us (155.39% of Mean)
Skewness = 0.3, Kurtosis = 0.67, MValue = 2

// ** Remained 52 (52.5%) benchmark(s) to run. Estimated finish 2026-09-22 17:02 (0h 0m from now) **
// **************************
// Benchmark: SessionSetupDecompositionBenchmarks.ComponentC2a2_ContextRecordMethodGroup: ShortRun(InvocationCount=1, IterationCount=3, LaunchCount=1, UnrollFactor=1, WarmupCount=3) [Sessions=100]
// *** Execute ***
// Launch: 1 / 1
// Execute: dotnet WinForward.Benchmarks-ShortRun-1.dll --anonymousPipes 123 125 --benchmarkName "WinForward.Benchmarks.Perf.SessionSetupDecompositionBenchmarks.ComponentC2a2_ContextRecordMethodGroup(Sessions: 100)" --job ShortRun --benchmarkId 47 in /home/paff/Projects/WinForward/benchmarks/WinForward.Benchmarks/bin/Release/net10.0/WinForward.Benchmarks-ShortRun-1/bin/Release/net10.0
// Failed to set up high priority (Permission denied). In order to run benchmarks with high priority, make sure you have the right permissions.
// BeforeAnythingElse

// Benchmark Process Environment Information:
// BenchmarkDotNet v0.15.8
// Runtime=.NET 10.0.12 (10.0.12, 10.0.1226.42308), X64 RyuJIT x86-64-v4
// GC=Concurrent Workstation
// HardwareIntrinsics=AVX512 BITALG+VBMI2+VNNI+VPOPCNTDQ,AVX512 IFMA+VBMI,AVX512 F+BW+CD+DQ+VL,AVX2+BMI1+BMI2+F16C+FMA+LZCNT+MOVBE,AVX,SSE3+SSSE3+SSE4.1+SSE4.2+POPCNT,X86Base+SSE+SSE2,AES+PCLMUL,AvxVnni VectorSize=256
// Job: ShortRun(InvocationCount=1, IterationCount=3, LaunchCount=1, UnrollFactor=1, WarmupCount=3)

OverheadJitting  1: 1 op, 296847.00 ns, 296.8470 us/op
WorkloadJitting  1: 1 op, 16784854.00 ns, 16.7849 ms/op

OverheadWarmup   1: 1 op, 461.00 ns, 461.0000 ns/op
OverheadWarmup   2: 1 op, 361.00 ns, 361.0000 ns/op
OverheadWarmup   3: 1 op, 411.00 ns, 411.0000 ns/op
OverheadWarmup   4: 1 op, 521.00 ns, 521.0000 ns/op
OverheadWarmup   5: 1 op, 441.00 ns, 441.0000 ns/op
OverheadWarmup   6: 1 op, 481.00 ns, 481.0000 ns/op
OverheadWarmup   7: 1 op, 451.00 ns, 451.0000 ns/op

OverheadActual   1: 1 op, 451.00 ns, 451.0000 ns/op
OverheadActual   2: 1 op, 481.00 ns, 481.0000 ns/op
OverheadActual   3: 1 op, 430.00 ns, 430.0000 ns/op
OverheadActual   4: 1 op, 481.00 ns, 481.0000 ns/op
OverheadActual   5: 1 op, 301.00 ns, 301.0000 ns/op
OverheadActual   6: 1 op, 341.00 ns, 341.0000 ns/op
OverheadActual   7: 1 op, 460.00 ns, 460.0000 ns/op
OverheadActual   8: 1 op, 431.00 ns, 431.0000 ns/op
OverheadActual   9: 1 op, 431.00 ns, 431.0000 ns/op
OverheadActual  10: 1 op, 501.00 ns, 501.0000 ns/op
OverheadActual  11: 1 op, 511.00 ns, 511.0000 ns/op
OverheadActual  12: 1 op, 400.00 ns, 400.0000 ns/op
OverheadActual  13: 1 op, 370.00 ns, 370.0000 ns/op
OverheadActual  14: 1 op, 1213.00 ns, 1.2130 us/op
OverheadActual  15: 1 op, 410.00 ns, 410.0000 ns/op
OverheadActual  16: 1 op, 401.00 ns, 401.0000 ns/op
OverheadActual  17: 1 op, 511.00 ns, 511.0000 ns/op
OverheadActual  18: 1 op, 291.00 ns, 291.0000 ns/op
OverheadActual  19: 1 op, 511.00 ns, 511.0000 ns/op
OverheadActual  20: 1 op, 691.00 ns, 691.0000 ns/op

WorkloadWarmup   1: 1 op, 81831.00 ns, 81.8310 us/op
WorkloadWarmup   2: 1 op, 55112.00 ns, 55.1120 us/op
WorkloadWarmup   3: 1 op, 34884.00 ns, 34.8840 us/op

// BeforeActualRun
WorkloadActual   1: 1 op, 64018.00 ns, 64.0180 us/op
WorkloadActual   2: 1 op, 28973.00 ns, 28.9730 us/op
WorkloadActual   3: 1 op, 29023.00 ns, 29.0230 us/op

// AfterActualRun
WorkloadResult   1: 1 op, 63577.00 ns, 63.5770 us/op
WorkloadResult   2: 1 op, 28532.00 ns, 28.5320 us/op
WorkloadResult   3: 1 op, 28582.00 ns, 28.5820 us/op
// GC:  0 0 0 10232 1
// Threading:  0 0 1

// AfterAll
// Benchmark Process 1612116 has exited with code 0.

Mean = 40.230 us, StdErr = 11.673 us (29.02%), N = 3, StdDev = 20.219 us
Min = 28.532 us, Q1 = 28.557 us, Median = 28.582 us, Q3 = 46.080 us, Max = 63.577 us
IQR = 17.523 us, LowerFence = 2.273 us, UpperFence = 72.363 us
ConfidenceInterval = [-328.636 us; 409.097 us] (CI 99.9%), Margin = 368.867 us (916.89% of Mean)
Skewness = 0.38, Kurtosis = 0.67, MValue = 2

// ** Remained 51 (51.5%) benchmark(s) to run. Estimated finish 2026-09-22 17:02 (0h 0m from now) **
// **************************
// Benchmark: SessionSetupDecompositionBenchmarks.ComponentC2b_SessionConstructOnly: ShortRun(InvocationCount=1, IterationCount=3, LaunchCount=1, UnrollFactor=1, WarmupCount=3) [Sessions=100]
// *** Execute ***
// Launch: 1 / 1
// Execute: dotnet WinForward.Benchmarks-ShortRun-1.dll --anonymousPipes 123 125 --benchmarkName "WinForward.Benchmarks.Perf.SessionSetupDecompositionBenchmarks.ComponentC2b_SessionConstructOnly(Sessions: 100)" --job ShortRun --benchmarkId 48 in /home/paff/Projects/WinForward/benchmarks/WinForward.Benchmarks/bin/Release/net10.0/WinForward.Benchmarks-ShortRun-1/bin/Release/net10.0
// Failed to set up high priority (Permission denied). In order to run benchmarks with high priority, make sure you have the right permissions.
// BeforeAnythingElse

// Benchmark Process Environment Information:
// BenchmarkDotNet v0.15.8
// Runtime=.NET 10.0.12 (10.0.12, 10.0.1226.42308), X64 RyuJIT x86-64-v4
// GC=Concurrent Workstation
// HardwareIntrinsics=AVX512 BITALG+VBMI2+VNNI+VPOPCNTDQ,AVX512 IFMA+VBMI,AVX512 F+BW+CD+DQ+VL,AVX2+BMI1+BMI2+F16C+FMA+LZCNT+MOVBE,AVX,SSE3+SSSE3+SSE4.1+SSE4.2+POPCNT,X86Base+SSE+SSE2,AES+PCLMUL,AvxVnni VectorSize=256
// Job: ShortRun(InvocationCount=1, IterationCount=3, LaunchCount=1, UnrollFactor=1, WarmupCount=3)

OverheadJitting  1: 1 op, 281229.00 ns, 281.2290 us/op
WorkloadJitting  1: 1 op, 18246929.00 ns, 18.2469 ms/op

OverheadWarmup   1: 1 op, 401.00 ns, 401.0000 ns/op
OverheadWarmup   2: 1 op, 261.00 ns, 261.0000 ns/op
OverheadWarmup   3: 1 op, 460.00 ns, 460.0000 ns/op
OverheadWarmup   4: 1 op, 461.00 ns, 461.0000 ns/op
OverheadWarmup   5: 1 op, 350.00 ns, 350.0000 ns/op
OverheadWarmup   6: 1 op, 331.00 ns, 331.0000 ns/op
OverheadWarmup   7: 1 op, 270.00 ns, 270.0000 ns/op
OverheadWarmup   8: 1 op, 270.00 ns, 270.0000 ns/op
OverheadWarmup   9: 1 op, 450.00 ns, 450.0000 ns/op

OverheadActual   1: 1 op, 441.00 ns, 441.0000 ns/op
OverheadActual   2: 1 op, 431.00 ns, 431.0000 ns/op
OverheadActual   3: 1 op, 431.00 ns, 431.0000 ns/op
OverheadActual   4: 1 op, 421.00 ns, 421.0000 ns/op
OverheadActual   5: 1 op, 431.00 ns, 431.0000 ns/op
OverheadActual   6: 1 op, 430.00 ns, 430.0000 ns/op
OverheadActual   7: 1 op, 281.00 ns, 281.0000 ns/op
OverheadActual   8: 1 op, 441.00 ns, 441.0000 ns/op
OverheadActual   9: 1 op, 481.00 ns, 481.0000 ns/op
OverheadActual  10: 1 op, 691.00 ns, 691.0000 ns/op
OverheadActual  11: 1 op, 261.00 ns, 261.0000 ns/op
OverheadActual  12: 1 op, 261.00 ns, 261.0000 ns/op
OverheadActual  13: 1 op, 271.00 ns, 271.0000 ns/op
OverheadActual  14: 1 op, 411.00 ns, 411.0000 ns/op
OverheadActual  15: 1 op, 421.00 ns, 421.0000 ns/op
OverheadActual  16: 1 op, 260.00 ns, 260.0000 ns/op
OverheadActual  17: 1 op, 460.00 ns, 460.0000 ns/op
OverheadActual  18: 1 op, 310.00 ns, 310.0000 ns/op
OverheadActual  19: 1 op, 221.00 ns, 221.0000 ns/op
OverheadActual  20: 1 op, 441.00 ns, 441.0000 ns/op

WorkloadWarmup   1: 1 op, 401910.00 ns, 401.9100 us/op
WorkloadWarmup   2: 1 op, 233089.00 ns, 233.0890 us/op
WorkloadWarmup   3: 1 op, 263536.00 ns, 263.5360 us/op

// BeforeActualRun
WorkloadActual   1: 1 op, 374080.00 ns, 374.0800 us/op
WorkloadActual   2: 1 op, 299001.00 ns, 299.0010 us/op
WorkloadActual   3: 1 op, 332503.00 ns, 332.5030 us/op

// AfterActualRun
WorkloadResult   1: 1 op, 373654.50 ns, 373.6545 us/op
WorkloadResult   2: 1 op, 298575.50 ns, 298.5755 us/op
WorkloadResult   3: 1 op, 332077.50 ns, 332.0775 us/op
// GC:  0 0 0 154112 1
// Threading:  0 0 1

// AfterAll
// Benchmark Process 1612127 has exited with code 0.

Mean = 334.769 us, StdErr = 21.715 us (6.49%), N = 3, StdDev = 37.612 us
Min = 298.575 us, Q1 = 315.327 us, Median = 332.077 us, Q3 = 352.866 us, Max = 373.654 us
IQR = 37.539 us, LowerFence = 259.017 us, UpperFence = 409.175 us
ConfidenceInterval = [-351.410 us; 1,020.949 us] (CI 99.9%), Margin = 686.179 us (204.97% of Mean)
Skewness = 0.07, Kurtosis = 0.67, MValue = 2

// ** Remained 50 (50.5%) benchmark(s) to run. Estimated finish 2026-09-22 17:02 (0h 0m from now) **
// **************************
// Benchmark: SessionSetupDecompositionBenchmarks.ComponentC2c1_ScopeConstructLinked: ShortRun(InvocationCount=1, IterationCount=3, LaunchCount=1, UnrollFactor=1, WarmupCount=3) [Sessions=100]
// *** Execute ***
// Launch: 1 / 1
// Execute: dotnet WinForward.Benchmarks-ShortRun-1.dll --anonymousPipes 123 125 --benchmarkName "WinForward.Benchmarks.Perf.SessionSetupDecompositionBenchmarks.ComponentC2c1_ScopeConstructLinked(Sessions: 100)" --job ShortRun --benchmarkId 49 in /home/paff/Projects/WinForward/benchmarks/WinForward.Benchmarks/bin/Release/net10.0/WinForward.Benchmarks-ShortRun-1/bin/Release/net10.0
// Failed to set up high priority (Permission denied). In order to run benchmarks with high priority, make sure you have the right permissions.
// BeforeAnythingElse

// Benchmark Process Environment Information:
// BenchmarkDotNet v0.15.8
// Runtime=.NET 10.0.12 (10.0.12, 10.0.1226.42308), X64 RyuJIT x86-64-v4
// GC=Concurrent Workstation
// HardwareIntrinsics=AVX512 BITALG+VBMI2+VNNI+VPOPCNTDQ,AVX512 IFMA+VBMI,AVX512 F+BW+CD+DQ+VL,AVX2+BMI1+BMI2+F16C+FMA+LZCNT+MOVBE,AVX,SSE3+SSSE3+SSE4.1+SSE4.2+POPCNT,X86Base+SSE+SSE2,AES+PCLMUL,AvxVnni VectorSize=256
// Job: ShortRun(InvocationCount=1, IterationCount=3, LaunchCount=1, UnrollFactor=1, WarmupCount=3)

OverheadJitting  1: 1 op, 298059.00 ns, 298.0590 us/op
WorkloadJitting  1: 1 op, 1196516.00 ns, 1.1965 ms/op

OverheadWarmup   1: 1 op, 471.00 ns, 471.0000 ns/op
OverheadWarmup   2: 1 op, 320.00 ns, 320.0000 ns/op
OverheadWarmup   3: 1 op, 882.00 ns, 882.0000 ns/op
OverheadWarmup   4: 1 op, 461.00 ns, 461.0000 ns/op
OverheadWarmup   5: 1 op, 511.00 ns, 511.0000 ns/op
OverheadWarmup   6: 1 op, 270.00 ns, 270.0000 ns/op

OverheadActual   1: 1 op, 431.00 ns, 431.0000 ns/op
OverheadActual   2: 1 op, 891.00 ns, 891.0000 ns/op
OverheadActual   3: 1 op, 501.00 ns, 501.0000 ns/op
OverheadActual   4: 1 op, 491.00 ns, 491.0000 ns/op
OverheadActual   5: 1 op, 491.00 ns, 491.0000 ns/op
OverheadActual   6: 1 op, 381.00 ns, 381.0000 ns/op
OverheadActual   7: 1 op, 371.00 ns, 371.0000 ns/op
OverheadActual   8: 1 op, 391.00 ns, 391.0000 ns/op
OverheadActual   9: 1 op, 431.00 ns, 431.0000 ns/op
OverheadActual  10: 1 op, 501.00 ns, 501.0000 ns/op
OverheadActual  11: 1 op, 341.00 ns, 341.0000 ns/op
OverheadActual  12: 1 op, 510.00 ns, 510.0000 ns/op
OverheadActual  13: 1 op, 470.00 ns, 470.0000 ns/op
OverheadActual  14: 1 op, 581.00 ns, 581.0000 ns/op
OverheadActual  15: 1 op, 511.00 ns, 511.0000 ns/op
OverheadActual  16: 1 op, 461.00 ns, 461.0000 ns/op
OverheadActual  17: 1 op, 480.00 ns, 480.0000 ns/op
OverheadActual  18: 1 op, 461.00 ns, 461.0000 ns/op
OverheadActual  19: 1 op, 511.00 ns, 511.0000 ns/op
OverheadActual  20: 1 op, 872.00 ns, 872.0000 ns/op

WorkloadWarmup   1: 1 op, 65691.00 ns, 65.6910 us/op
WorkloadWarmup   2: 1 op, 13675.00 ns, 13.6750 us/op
WorkloadWarmup   3: 1 op, 12834.00 ns, 12.8340 us/op

// BeforeActualRun
WorkloadActual   1: 1 op, 53108.00 ns, 53.1080 us/op
WorkloadActual   2: 1 op, 14697.00 ns, 14.6970 us/op
WorkloadActual   3: 1 op, 14717.00 ns, 14.7170 us/op

// AfterActualRun
WorkloadResult   1: 1 op, 52622.50 ns, 52.6225 us/op
WorkloadResult   2: 1 op, 14211.50 ns, 14.2115 us/op
WorkloadResult   3: 1 op, 14231.50 ns, 14.2315 us/op
// GC:  0 0 0 21800 1
// Threading:  0 0 1

// AfterAll
// Benchmark Process 1612136 has exited with code 0.

Mean = 27.022 us, StdErr = 12.800 us (47.37%), N = 3, StdDev = 22.171 us
Min = 14.211 us, Q1 = 14.222 us, Median = 14.232 us, Q3 = 33.427 us, Max = 52.623 us
IQR = 19.206 us, LowerFence = -14.587 us, UpperFence = 62.235 us
ConfidenceInterval = [-377.457 us; 431.500 us] (CI 99.9%), Margin = 404.478 us (1496.86% of Mean)
Skewness = 0.38, Kurtosis = 0.67, MValue = 2

// ** Remained 49 (49.5%) benchmark(s) to run. Estimated finish 2026-09-22 17:02 (0h 0m from now) **
// **************************
// Benchmark: SessionSetupDecompositionBenchmarks.ComponentC2c2_ScopeConstructUnlinked: ShortRun(InvocationCount=1, IterationCount=3, LaunchCount=1, UnrollFactor=1, WarmupCount=3) [Sessions=100]
// *** Execute ***
// Launch: 1 / 1
// Execute: dotnet WinForward.Benchmarks-ShortRun-1.dll --anonymousPipes 123 125 --benchmarkName "WinForward.Benchmarks.Perf.SessionSetupDecompositionBenchmarks.ComponentC2c2_ScopeConstructUnlinked(Sessions: 100)" --job ShortRun --benchmarkId 50 in /home/paff/Projects/WinForward/benchmarks/WinForward.Benchmarks/bin/Release/net10.0/WinForward.Benchmarks-ShortRun-1/bin/Release/net10.0
// Failed to set up high priority (Permission denied). In order to run benchmarks with high priority, make sure you have the right permissions.
// BeforeAnythingElse

// Benchmark Process Environment Information:
// BenchmarkDotNet v0.15.8
// Runtime=.NET 10.0.12 (10.0.12, 10.0.1226.42308), X64 RyuJIT x86-64-v4
// GC=Concurrent Workstation
// HardwareIntrinsics=AVX512 BITALG+VBMI2+VNNI+VPOPCNTDQ,AVX512 IFMA+VBMI,AVX512 F+BW+CD+DQ+VL,AVX2+BMI1+BMI2+F16C+FMA+LZCNT+MOVBE,AVX,SSE3+SSSE3+SSE4.1+SSE4.2+POPCNT,X86Base+SSE+SSE2,AES+PCLMUL,AvxVnni VectorSize=256
// Job: ShortRun(InvocationCount=1, IterationCount=3, LaunchCount=1, UnrollFactor=1, WarmupCount=3)

OverheadJitting  1: 1 op, 320330.00 ns, 320.3300 us/op
WorkloadJitting  1: 1 op, 1165900.00 ns, 1.1659 ms/op

OverheadWarmup   1: 1 op, 441.00 ns, 441.0000 ns/op
OverheadWarmup   2: 1 op, 280.00 ns, 280.0000 ns/op
OverheadWarmup   3: 1 op, 470.00 ns, 470.0000 ns/op
OverheadWarmup   4: 1 op, 451.00 ns, 451.0000 ns/op
OverheadWarmup   5: 1 op, 451.00 ns, 451.0000 ns/op
OverheadWarmup   6: 1 op, 471.00 ns, 471.0000 ns/op

OverheadActual   1: 1 op, 451.00 ns, 451.0000 ns/op
OverheadActual   2: 1 op, 421.00 ns, 421.0000 ns/op
OverheadActual   3: 1 op, 1112.00 ns, 1.1120 us/op
OverheadActual   4: 1 op, 481.00 ns, 481.0000 ns/op
OverheadActual   5: 1 op, 451.00 ns, 451.0000 ns/op
OverheadActual   6: 1 op, 541.00 ns, 541.0000 ns/op
OverheadActual   7: 1 op, 460.00 ns, 460.0000 ns/op
OverheadActual   8: 1 op, 271.00 ns, 271.0000 ns/op
OverheadActual   9: 1 op, 281.00 ns, 281.0000 ns/op
OverheadActual  10: 1 op, 461.00 ns, 461.0000 ns/op
OverheadActual  11: 1 op, 271.00 ns, 271.0000 ns/op
OverheadActual  12: 1 op, 290.00 ns, 290.0000 ns/op
OverheadActual  13: 1 op, 300.00 ns, 300.0000 ns/op
OverheadActual  14: 1 op, 511.00 ns, 511.0000 ns/op
OverheadActual  15: 1 op, 290.00 ns, 290.0000 ns/op
OverheadActual  16: 1 op, 290.00 ns, 290.0000 ns/op
OverheadActual  17: 1 op, 461.00 ns, 461.0000 ns/op
OverheadActual  18: 1 op, 401.00 ns, 401.0000 ns/op
OverheadActual  19: 1 op, 261.00 ns, 261.0000 ns/op
OverheadActual  20: 1 op, 281.00 ns, 281.0000 ns/op

WorkloadWarmup   1: 1 op, 36847.00 ns, 36.8470 us/op
WorkloadWarmup   2: 1 op, 7894.00 ns, 7.8940 us/op
WorkloadWarmup   3: 1 op, 7754.00 ns, 7.7540 us/op

// BeforeActualRun
WorkloadActual   1: 1 op, 38732.00 ns, 38.7320 us/op
WorkloadActual   2: 1 op, 9648.00 ns, 9.6480 us/op
WorkloadActual   3: 1 op, 8245.00 ns, 8.2450 us/op

// AfterActualRun
WorkloadResult   1: 1 op, 38321.00 ns, 38.3210 us/op
WorkloadResult   2: 1 op, 9237.00 ns, 9.2370 us/op
WorkloadResult   3: 1 op, 7834.00 ns, 7.8340 us/op
// GC:  0 0 0 12088 1
// Threading:  0 0 1

// AfterAll
// Benchmark Process 1612145 has exited with code 0.

Mean = 18.464 us, StdErr = 9.937 us (53.82%), N = 3, StdDev = 17.211 us
Min = 7.834 us, Q1 = 8.536 us, Median = 9.237 us, Q3 = 23.779 us, Max = 38.321 us
IQR = 15.243 us, LowerFence = -14.330 us, UpperFence = 46.644 us
ConfidenceInterval = [-295.528 us; 332.456 us] (CI 99.9%), Margin = 313.992 us (1700.56% of Mean)
Skewness = 0.38, Kurtosis = 0.67, MValue = 2

// ** Remained 48 (48.5%) benchmark(s) to run. Estimated finish 2026-09-22 17:02 (0h 0m from now) **
// **************************
// Benchmark: SessionSetupDecompositionBenchmarks.ComponentC2e_LockConstruction: ShortRun(InvocationCount=1, IterationCount=3, LaunchCount=1, UnrollFactor=1, WarmupCount=3) [Sessions=100]
// *** Execute ***
// Launch: 1 / 1
// Execute: dotnet WinForward.Benchmarks-ShortRun-1.dll --anonymousPipes 123 125 --benchmarkName "WinForward.Benchmarks.Perf.SessionSetupDecompositionBenchmarks.ComponentC2e_LockConstruction(Sessions: 100)" --job ShortRun --benchmarkId 51 in /home/paff/Projects/WinForward/benchmarks/WinForward.Benchmarks/bin/Release/net10.0/WinForward.Benchmarks-ShortRun-1/bin/Release/net10.0
// Failed to set up high priority (Permission denied). In order to run benchmarks with high priority, make sure you have the right permissions.
// BeforeAnythingElse

// Benchmark Process Environment Information:
// BenchmarkDotNet v0.15.8
// Runtime=.NET 10.0.12 (10.0.12, 10.0.1226.42308), X64 RyuJIT x86-64-v4
// GC=Concurrent Workstation
// HardwareIntrinsics=AVX512 BITALG+VBMI2+VNNI+VPOPCNTDQ,AVX512 IFMA+VBMI,AVX512 F+BW+CD+DQ+VL,AVX2+BMI1+BMI2+F16C+FMA+LZCNT+MOVBE,AVX,SSE3+SSSE3+SSE4.1+SSE4.2+POPCNT,X86Base+SSE+SSE2,AES+PCLMUL,AvxVnni VectorSize=256
// Job: ShortRun(InvocationCount=1, IterationCount=3, LaunchCount=1, UnrollFactor=1, WarmupCount=3)

OverheadJitting  1: 1 op, 266491.00 ns, 266.4910 us/op
WorkloadJitting  1: 1 op, 712613.00 ns, 712.6130 us/op

OverheadWarmup   1: 1 op, 491.00 ns, 491.0000 ns/op
OverheadWarmup   2: 1 op, 301.00 ns, 301.0000 ns/op
OverheadWarmup   3: 1 op, 531.00 ns, 531.0000 ns/op
OverheadWarmup   4: 1 op, 501.00 ns, 501.0000 ns/op
OverheadWarmup   5: 1 op, 521.00 ns, 521.0000 ns/op
OverheadWarmup   6: 1 op, 501.00 ns, 501.0000 ns/op

OverheadActual   1: 1 op, 501.00 ns, 501.0000 ns/op
OverheadActual   2: 1 op, 521.00 ns, 521.0000 ns/op
OverheadActual   3: 1 op, 501.00 ns, 501.0000 ns/op
OverheadActual   4: 1 op, 461.00 ns, 461.0000 ns/op
OverheadActual   5: 1 op, 461.00 ns, 461.0000 ns/op
OverheadActual   6: 1 op, 270.00 ns, 270.0000 ns/op
OverheadActual   7: 1 op, 511.00 ns, 511.0000 ns/op
OverheadActual   8: 1 op, 280.00 ns, 280.0000 ns/op
OverheadActual   9: 1 op, 281.00 ns, 281.0000 ns/op
OverheadActual  10: 1 op, 531.00 ns, 531.0000 ns/op
OverheadActual  11: 1 op, 511.00 ns, 511.0000 ns/op
OverheadActual  12: 1 op, 291.00 ns, 291.0000 ns/op
OverheadActual  13: 1 op, 281.00 ns, 281.0000 ns/op
OverheadActual  14: 1 op, 531.00 ns, 531.0000 ns/op
OverheadActual  15: 1 op, 481.00 ns, 481.0000 ns/op
OverheadActual  16: 1 op, 501.00 ns, 501.0000 ns/op
OverheadActual  17: 1 op, 290.00 ns, 290.0000 ns/op
OverheadActual  18: 1 op, 500.00 ns, 500.0000 ns/op
OverheadActual  19: 1 op, 531.00 ns, 531.0000 ns/op
OverheadActual  20: 1 op, 310.00 ns, 310.0000 ns/op

WorkloadWarmup   1: 1 op, 4739.00 ns, 4.7390 us/op
WorkloadWarmup   2: 1 op, 4297.00 ns, 4.2970 us/op
WorkloadWarmup   3: 1 op, 4318.00 ns, 4.3180 us/op

// BeforeActualRun
WorkloadActual   1: 1 op, 18965.00 ns, 18.9650 us/op
WorkloadActual   2: 1 op, 4358.00 ns, 4.3580 us/op
WorkloadActual   3: 1 op, 4318.00 ns, 4.3180 us/op

// AfterActualRun
WorkloadResult   1: 1 op, 18474.50 ns, 18.4745 us/op
WorkloadResult   2: 1 op, 3867.50 ns, 3.8675 us/op
WorkloadResult   3: 1 op, 3827.50 ns, 3.8275 us/op
// GC:  0 0 0 4000 1
// Threading:  0 0 1

// AfterAll
// Benchmark Process 1612154 has exited with code 0.

Mean = 8.723 us, StdErr = 4.876 us (55.89%), N = 3, StdDev = 8.445 us
Min = 3.828 us, Q1 = 3.848 us, Median = 3.868 us, Q3 = 11.171 us, Max = 18.474 us
IQR = 7.324 us, LowerFence = -7.138 us, UpperFence = 22.156 us
ConfidenceInterval = [-145.344 us; 162.790 us] (CI 99.9%), Margin = 154.067 us (1766.18% of Mean)
Skewness = 0.38, Kurtosis = 0.67, MValue = 2

// ** Remained 47 (47.5%) benchmark(s) to run. Estimated finish 2026-09-22 17:02 (0h 0m from now) **
// **************************
// Benchmark: SessionSetupDecompositionBenchmarks.ComponentC2e_TaskCompletionSourceConstruction: ShortRun(InvocationCount=1, IterationCount=3, LaunchCount=1, UnrollFactor=1, WarmupCount=3) [Sessions=100]
// *** Execute ***
// Launch: 1 / 1
// Execute: dotnet WinForward.Benchmarks-ShortRun-1.dll --anonymousPipes 123 125 --benchmarkName "WinForward.Benchmarks.Perf.SessionSetupDecompositionBenchmarks.ComponentC2e_TaskCompletionSourceConstruction(Sessions: 100)" --job ShortRun --benchmarkId 52 in /home/paff/Projects/WinForward/benchmarks/WinForward.Benchmarks/bin/Release/net10.0/WinForward.Benchmarks-ShortRun-1/bin/Release/net10.0
// Failed to set up high priority (Permission denied). In order to run benchmarks with high priority, make sure you have the right permissions.
// BeforeAnythingElse

// Benchmark Process Environment Information:
// BenchmarkDotNet v0.15.8
// Runtime=.NET 10.0.12 (10.0.12, 10.0.1226.42308), X64 RyuJIT x86-64-v4
// GC=Concurrent Workstation
// HardwareIntrinsics=AVX512 BITALG+VBMI2+VNNI+VPOPCNTDQ,AVX512 IFMA+VBMI,AVX512 F+BW+CD+DQ+VL,AVX2+BMI1+BMI2+F16C+FMA+LZCNT+MOVBE,AVX,SSE3+SSSE3+SSE4.1+SSE4.2+POPCNT,X86Base+SSE+SSE2,AES+PCLMUL,AvxVnni VectorSize=256
// Job: ShortRun(InvocationCount=1, IterationCount=3, LaunchCount=1, UnrollFactor=1, WarmupCount=3)

OverheadJitting  1: 1 op, 295926.00 ns, 295.9260 us/op
WorkloadJitting  1: 1 op, 901782.00 ns, 901.7820 us/op

OverheadWarmup   1: 1 op, 501.00 ns, 501.0000 ns/op
OverheadWarmup   2: 1 op, 581.00 ns, 581.0000 ns/op
OverheadWarmup   3: 1 op, 511.00 ns, 511.0000 ns/op
OverheadWarmup   4: 1 op, 470.00 ns, 470.0000 ns/op
OverheadWarmup   5: 1 op, 501.00 ns, 501.0000 ns/op
OverheadWarmup   6: 1 op, 460.00 ns, 460.0000 ns/op

OverheadActual   1: 1 op, 481.00 ns, 481.0000 ns/op
OverheadActual   2: 1 op, 471.00 ns, 471.0000 ns/op
OverheadActual   3: 1 op, 471.00 ns, 471.0000 ns/op
OverheadActual   4: 1 op, 471.00 ns, 471.0000 ns/op
OverheadActual   5: 1 op, 441.00 ns, 441.0000 ns/op
OverheadActual   6: 1 op, 361.00 ns, 361.0000 ns/op
OverheadActual   7: 1 op, 370.00 ns, 370.0000 ns/op
OverheadActual   8: 1 op, 411.00 ns, 411.0000 ns/op
OverheadActual   9: 1 op, 501.00 ns, 501.0000 ns/op
OverheadActual  10: 1 op, 471.00 ns, 471.0000 ns/op
OverheadActual  11: 1 op, 451.00 ns, 451.0000 ns/op
OverheadActual  12: 1 op, 451.00 ns, 451.0000 ns/op
OverheadActual  13: 1 op, 451.00 ns, 451.0000 ns/op
OverheadActual  14: 1 op, 470.00 ns, 470.0000 ns/op
OverheadActual  15: 1 op, 480.00 ns, 480.0000 ns/op
OverheadActual  16: 1 op, 461.00 ns, 461.0000 ns/op
OverheadActual  17: 1 op, 260.00 ns, 260.0000 ns/op
OverheadActual  18: 1 op, 361.00 ns, 361.0000 ns/op
OverheadActual  19: 1 op, 461.00 ns, 461.0000 ns/op
OverheadActual  20: 1 op, 471.00 ns, 471.0000 ns/op

WorkloadWarmup   1: 1 op, 35365.00 ns, 35.3650 us/op
WorkloadWarmup   2: 1 op, 7303.00 ns, 7.3030 us/op
WorkloadWarmup   3: 1 op, 6752.00 ns, 6.7520 us/op

// BeforeActualRun
WorkloadActual   1: 1 op, 34985.00 ns, 34.9850 us/op
WorkloadActual   2: 1 op, 6653.00 ns, 6.6530 us/op
WorkloadActual   3: 1 op, 7504.00 ns, 7.5040 us/op

// AfterActualRun
WorkloadResult   1: 1 op, 34524.00 ns, 34.5240 us/op
WorkloadResult   2: 1 op, 6192.00 ns, 6.1920 us/op
WorkloadResult   3: 1 op, 7043.00 ns, 7.0430 us/op
// GC:  0 0 0 8800 1
// Threading:  0 0 1

// AfterAll
// Benchmark Process 1612168 has exited with code 0.

Mean = 15.920 us, StdErr = 9.305 us (58.45%), N = 3, StdDev = 16.117 us
Min = 6.192 us, Q1 = 6.617 us, Median = 7.043 us, Q3 = 20.784 us, Max = 34.524 us
IQR = 14.166 us, LowerFence = -14.632 us, UpperFence = 42.032 us
ConfidenceInterval = [-278.122 us; 309.962 us] (CI 99.9%), Margin = 294.042 us (1847.04% of Mean)
Skewness = 0.38, Kurtosis = 0.67, MValue = 2

// ** Remained 46 (46.5%) benchmark(s) to run. Estimated finish 2026-09-22 17:02 (0h 0m from now) **
// **************************
// Benchmark: SessionSetupDecompositionBenchmarks.ComponentC2e_LinkedTokenSourceConstruction: ShortRun(InvocationCount=1, IterationCount=3, LaunchCount=1, UnrollFactor=1, WarmupCount=3) [Sessions=100]
// *** Execute ***
// Launch: 1 / 1
// Execute: dotnet WinForward.Benchmarks-ShortRun-1.dll --anonymousPipes 123 125 --benchmarkName "WinForward.Benchmarks.Perf.SessionSetupDecompositionBenchmarks.ComponentC2e_LinkedTokenSourceConstruction(Sessions: 100)" --job ShortRun --benchmarkId 53 in /home/paff/Projects/WinForward/benchmarks/WinForward.Benchmarks/bin/Release/net10.0/WinForward.Benchmarks-ShortRun-1/bin/Release/net10.0
// Failed to set up high priority (Permission denied). In order to run benchmarks with high priority, make sure you have the right permissions.
// BeforeAnythingElse

// Benchmark Process Environment Information:
// BenchmarkDotNet v0.15.8
// Runtime=.NET 10.0.12 (10.0.12, 10.0.1226.42308), X64 RyuJIT x86-64-v4
// GC=Concurrent Workstation
// HardwareIntrinsics=AVX512 BITALG+VBMI2+VNNI+VPOPCNTDQ,AVX512 IFMA+VBMI,AVX512 F+BW+CD+DQ+VL,AVX2+BMI1+BMI2+F16C+FMA+LZCNT+MOVBE,AVX,SSE3+SSSE3+SSE4.1+SSE4.2+POPCNT,X86Base+SSE+SSE2,AES+PCLMUL,AvxVnni VectorSize=256
// Job: ShortRun(InvocationCount=1, IterationCount=3, LaunchCount=1, UnrollFactor=1, WarmupCount=3)

OverheadJitting  1: 1 op, 265219.00 ns, 265.2190 us/op
WorkloadJitting  1: 1 op, 1260895.00 ns, 1.2609 ms/op

OverheadWarmup   1: 1 op, 511.00 ns, 511.0000 ns/op
OverheadWarmup   2: 1 op, 301.00 ns, 301.0000 ns/op
OverheadWarmup   3: 1 op, 321.00 ns, 321.0000 ns/op
OverheadWarmup   4: 1 op, 581.00 ns, 581.0000 ns/op
OverheadWarmup   5: 1 op, 491.00 ns, 491.0000 ns/op
OverheadWarmup   6: 1 op, 521.00 ns, 521.0000 ns/op
OverheadWarmup   7: 1 op, 401.00 ns, 401.0000 ns/op

OverheadActual   1: 1 op, 551.00 ns, 551.0000 ns/op
OverheadActual   2: 1 op, 411.00 ns, 411.0000 ns/op
OverheadActual   3: 1 op, 451.00 ns, 451.0000 ns/op
OverheadActual   4: 1 op, 551.00 ns, 551.0000 ns/op
OverheadActual   5: 1 op, 561.00 ns, 561.0000 ns/op
OverheadActual   6: 1 op, 511.00 ns, 511.0000 ns/op
OverheadActual   7: 1 op, 341.00 ns, 341.0000 ns/op
OverheadActual   8: 1 op, 291.00 ns, 291.0000 ns/op
OverheadActual   9: 1 op, 270.00 ns, 270.0000 ns/op
OverheadActual  10: 1 op, 481.00 ns, 481.0000 ns/op
OverheadActual  11: 1 op, 541.00 ns, 541.0000 ns/op
OverheadActual  12: 1 op, 421.00 ns, 421.0000 ns/op
OverheadActual  13: 1 op, 1051.00 ns, 1.0510 us/op
OverheadActual  14: 1 op, 451.00 ns, 451.0000 ns/op
OverheadActual  15: 1 op, 291.00 ns, 291.0000 ns/op
OverheadActual  16: 1 op, 281.00 ns, 281.0000 ns/op
OverheadActual  17: 1 op, 591.00 ns, 591.0000 ns/op
OverheadActual  18: 1 op, 531.00 ns, 531.0000 ns/op
OverheadActual  19: 1 op, 430.00 ns, 430.0000 ns/op
OverheadActual  20: 1 op, 561.00 ns, 561.0000 ns/op

WorkloadWarmup   1: 1 op, 112898.00 ns, 112.8980 us/op
WorkloadWarmup   2: 1 op, 14026.00 ns, 14.0260 us/op
WorkloadWarmup   3: 1 op, 13595.00 ns, 13.5950 us/op

// BeforeActualRun
WorkloadActual   1: 1 op, 55643.00 ns, 55.6430 us/op
WorkloadActual   2: 1 op, 13725.00 ns, 13.7250 us/op
WorkloadActual   3: 1 op, 12523.00 ns, 12.5230 us/op

// AfterActualRun
WorkloadResult   1: 1 op, 55177.00 ns, 55.1770 us/op
WorkloadResult   2: 1 op, 13259.00 ns, 13.2590 us/op
WorkloadResult   3: 1 op, 12057.00 ns, 12.0570 us/op
// GC:  0 0 0 15400 1
// Threading:  0 0 1

// AfterAll
// Benchmark Process 1612177 has exited with code 0.

Mean = 26.831 us, StdErr = 14.177 us (52.84%), N = 3, StdDev = 24.556 us
Min = 12.057 us, Q1 = 12.658 us, Median = 13.259 us, Q3 = 34.218 us, Max = 55.177 us
IQR = 21.560 us, LowerFence = -19.682 us, UpperFence = 66.558 us
ConfidenceInterval = [-421.157 us; 474.819 us] (CI 99.9%), Margin = 447.988 us (1669.66% of Mean)
Skewness = 0.38, Kurtosis = 0.67, MValue = 2

// ** Remained 45 (45.5%) benchmark(s) to run. Estimated finish 2026-09-22 17:02 (0h 0m from now) **
// **************************
// Benchmark: SessionSetupDecompositionBenchmarks.ComponentE1_CanceledDelayAwaitAsync: ShortRun(InvocationCount=1, IterationCount=3, LaunchCount=1, UnrollFactor=1, WarmupCount=3) [Sessions=100]
// *** Execute ***
// Launch: 1 / 1
// Execute: dotnet WinForward.Benchmarks-ShortRun-1.dll --anonymousPipes 123 125 --benchmarkName "WinForward.Benchmarks.Perf.SessionSetupDecompositionBenchmarks.ComponentE1_CanceledDelayAwaitAsync(Sessions: 100)" --job ShortRun --benchmarkId 54 in /home/paff/Projects/WinForward/benchmarks/WinForward.Benchmarks/bin/Release/net10.0/WinForward.Benchmarks-ShortRun-1/bin/Release/net10.0
// Failed to set up high priority (Permission denied). In order to run benchmarks with high priority, make sure you have the right permissions.
// BeforeAnythingElse

// Benchmark Process Environment Information:
// BenchmarkDotNet v0.15.8
// Runtime=.NET 10.0.12 (10.0.12, 10.0.1226.42308), X64 RyuJIT x86-64-v4
// GC=Concurrent Workstation
// HardwareIntrinsics=AVX512 BITALG+VBMI2+VNNI+VPOPCNTDQ,AVX512 IFMA+VBMI,AVX512 F+BW+CD+DQ+VL,AVX2+BMI1+BMI2+F16C+FMA+LZCNT+MOVBE,AVX,SSE3+SSSE3+SSE4.1+SSE4.2+POPCNT,X86Base+SSE+SSE2,AES+PCLMUL,AvxVnni VectorSize=256
// Job: ShortRun(InvocationCount=1, IterationCount=3, LaunchCount=1, UnrollFactor=1, WarmupCount=3)

OverheadJitting  1: 1 op, 273304.00 ns, 273.3040 us/op
WorkloadJitting  1: 1 op, 4295008.00 ns, 4.2950 ms/op

OverheadWarmup   1: 1 op, 440.00 ns, 440.0000 ns/op
OverheadWarmup   2: 1 op, 261.00 ns, 261.0000 ns/op
OverheadWarmup   3: 1 op, 500.00 ns, 500.0000 ns/op
OverheadWarmup   4: 1 op, 260.00 ns, 260.0000 ns/op
OverheadWarmup   5: 1 op, 681.00 ns, 681.0000 ns/op
OverheadWarmup   6: 1 op, 361.00 ns, 361.0000 ns/op

OverheadActual   1: 1 op, 461.00 ns, 461.0000 ns/op
OverheadActual   2: 1 op, 420.00 ns, 420.0000 ns/op
OverheadActual   3: 1 op, 511.00 ns, 511.0000 ns/op
OverheadActual   4: 1 op, 431.00 ns, 431.0000 ns/op
OverheadActual   5: 1 op, 431.00 ns, 431.0000 ns/op
OverheadActual   6: 1 op, 261.00 ns, 261.0000 ns/op
OverheadActual   7: 1 op, 571.00 ns, 571.0000 ns/op
OverheadActual   8: 1 op, 521.00 ns, 521.0000 ns/op
OverheadActual   9: 1 op, 270.00 ns, 270.0000 ns/op
OverheadActual  10: 1 op, 280.00 ns, 280.0000 ns/op
OverheadActual  11: 1 op, 271.00 ns, 271.0000 ns/op
OverheadActual  12: 1 op, 260.00 ns, 260.0000 ns/op
OverheadActual  13: 1 op, 260.00 ns, 260.0000 ns/op
OverheadActual  14: 1 op, 491.00 ns, 491.0000 ns/op
OverheadActual  15: 1 op, 270.00 ns, 270.0000 ns/op
OverheadActual  16: 1 op, 261.00 ns, 261.0000 ns/op
OverheadActual  17: 1 op, 271.00 ns, 271.0000 ns/op
OverheadActual  18: 1 op, 380.00 ns, 380.0000 ns/op
OverheadActual  19: 1 op, 501.00 ns, 501.0000 ns/op
OverheadActual  20: 1 op, 271.00 ns, 271.0000 ns/op

WorkloadWarmup   1: 1 op, 513246.00 ns, 513.2460 us/op
WorkloadWarmup   2: 1 op, 524071.00 ns, 524.0710 us/op
WorkloadWarmup   3: 1 op, 478441.00 ns, 478.4410 us/op

// BeforeActualRun
WorkloadActual   1: 1 op, 590759.00 ns, 590.7590 us/op
WorkloadActual   2: 1 op, 421898.00 ns, 421.8980 us/op
WorkloadActual   3: 1 op, 412119.00 ns, 412.1190 us/op

// AfterActualRun
WorkloadResult   1: 1 op, 590429.00 ns, 590.4290 us/op
WorkloadResult   2: 1 op, 421568.00 ns, 421.5680 us/op
WorkloadResult   3: 1 op, 411789.00 ns, 411.7890 us/op
// GC:  0 0 0 86400 1
// Threading:  0 0 1
// Exceptions:  100

// AfterAll
// Benchmark Process 1612186 has exited with code 0.

Mean = 474.595 us, StdErr = 57.986 us (12.22%), N = 3, StdDev = 100.434 us
Min = 411.789 us, Q1 = 416.678 us, Median = 421.568 us, Q3 = 505.998 us, Max = 590.429 us
IQR = 89.320 us, LowerFence = 282.699 us, UpperFence = 639.979 us
ConfidenceInterval = [-1,357.694 us; 2,306.885 us] (CI 99.9%), Margin = 1,832.290 us (386.07% of Mean)
Skewness = 0.38, Kurtosis = 0.67, MValue = 2

// ** Remained 44 (44.4%) benchmark(s) to run. Estimated finish 2026-09-22 17:02 (0h 0m from now) **
// **************************
// Benchmark: SessionSetupDecompositionBenchmarks.ComponentE2_SetupExecutorDisposeAsync: ShortRun(InvocationCount=1, IterationCount=3, LaunchCount=1, UnrollFactor=1, WarmupCount=3) [Sessions=100]
// *** Execute ***
// Launch: 1 / 1
// Execute: dotnet WinForward.Benchmarks-ShortRun-1.dll --anonymousPipes 123 125 --benchmarkName "WinForward.Benchmarks.Perf.SessionSetupDecompositionBenchmarks.ComponentE2_SetupExecutorDisposeAsync(Sessions: 100)" --job ShortRun --benchmarkId 55 in /home/paff/Projects/WinForward/benchmarks/WinForward.Benchmarks/bin/Release/net10.0/WinForward.Benchmarks-ShortRun-1/bin/Release/net10.0
// Failed to set up high priority (Permission denied). In order to run benchmarks with high priority, make sure you have the right permissions.
// BeforeAnythingElse

// Benchmark Process Environment Information:
// BenchmarkDotNet v0.15.8
// Runtime=.NET 10.0.12 (10.0.12, 10.0.1226.42308), X64 RyuJIT x86-64-v4
// GC=Concurrent Workstation
// HardwareIntrinsics=AVX512 BITALG+VBMI2+VNNI+VPOPCNTDQ,AVX512 IFMA+VBMI,AVX512 F+BW+CD+DQ+VL,AVX2+BMI1+BMI2+F16C+FMA+LZCNT+MOVBE,AVX,SSE3+SSSE3+SSE4.1+SSE4.2+POPCNT,X86Base+SSE+SSE2,AES+PCLMUL,AvxVnni VectorSize=256
// Job: ShortRun(InvocationCount=1, IterationCount=3, LaunchCount=1, UnrollFactor=1, WarmupCount=3)

OverheadJitting  1: 1 op, 384499.00 ns, 384.4990 us/op
WorkloadJitting  1: 1 op, 112076652.00 ns, 112.0767 ms/op

OverheadWarmup   1: 1 op, 501.00 ns, 501.0000 ns/op
OverheadWarmup   2: 1 op, 872.00 ns, 872.0000 ns/op
OverheadWarmup   3: 1 op, 370.00 ns, 370.0000 ns/op
OverheadWarmup   4: 1 op, 481.00 ns, 481.0000 ns/op
OverheadWarmup   5: 1 op, 491.00 ns, 491.0000 ns/op
OverheadWarmup   6: 1 op, 380.00 ns, 380.0000 ns/op

OverheadActual   1: 1 op, 441.00 ns, 441.0000 ns/op
OverheadActual   2: 1 op, 531.00 ns, 531.0000 ns/op
OverheadActual   3: 1 op, 541.00 ns, 541.0000 ns/op
OverheadActual   4: 1 op, 421.00 ns, 421.0000 ns/op
OverheadActual   5: 1 op, 461.00 ns, 461.0000 ns/op
OverheadActual   6: 1 op, 380.00 ns, 380.0000 ns/op
OverheadActual   7: 1 op, 431.00 ns, 431.0000 ns/op
OverheadActual   8: 1 op, 501.00 ns, 501.0000 ns/op
OverheadActual   9: 1 op, 360.00 ns, 360.0000 ns/op
OverheadActual  10: 1 op, 370.00 ns, 370.0000 ns/op
OverheadActual  11: 1 op, 381.00 ns, 381.0000 ns/op
OverheadActual  12: 1 op, 360.00 ns, 360.0000 ns/op
OverheadActual  13: 1 op, 371.00 ns, 371.0000 ns/op
OverheadActual  14: 1 op, 370.00 ns, 370.0000 ns/op
OverheadActual  15: 1 op, 371.00 ns, 371.0000 ns/op
OverheadActual  16: 1 op, 341.00 ns, 341.0000 ns/op
OverheadActual  17: 1 op, 381.00 ns, 381.0000 ns/op
OverheadActual  18: 1 op, 371.00 ns, 371.0000 ns/op
OverheadActual  19: 1 op, 491.00 ns, 491.0000 ns/op
OverheadActual  20: 1 op, 511.00 ns, 511.0000 ns/op

WorkloadWarmup   1: 1 op, 94873649.00 ns, 94.8736 ms/op
WorkloadWarmup   2: 1 op, 95473756.00 ns, 95.4738 ms/op
WorkloadWarmup   3: 1 op, 97974536.00 ns, 97.9745 ms/op

// BeforeActualRun
WorkloadActual   1: 1 op, 95409226.00 ns, 95.4092 ms/op
WorkloadActual   2: 1 op, 94025669.00 ns, 94.0257 ms/op
WorkloadActual   3: 1 op, 96336192.00 ns, 96.3362 ms/op

// AfterActualRun
WorkloadResult   1: 1 op, 95408845.00 ns, 95.4088 ms/op
WorkloadResult   2: 1 op, 94025288.00 ns, 94.0253 ms/op
WorkloadResult   3: 1 op, 96335811.00 ns, 96.3358 ms/op
// GC:  0 0 0 88888 1
// Threading:  2 64 1
// Exceptions:  128

// AfterAll
// Benchmark Process 1612200 has exited with code 0.

Mean = 95.257 ms, StdErr = 0.671 ms (0.70%), N = 3, StdDev = 1.163 ms
Min = 94.025 ms, Q1 = 94.717 ms, Median = 95.409 ms, Q3 = 95.872 ms, Max = 96.336 ms
IQR = 1.155 ms, LowerFence = 92.984 ms, UpperFence = 97.605 ms
ConfidenceInterval = [74.044 ms; 116.470 ms] (CI 99.9%), Margin = 21.213 ms (22.27% of Mean)
Skewness = -0.13, Kurtosis = 0.67, MValue = 2

// ** Remained 43 (43.4%) benchmark(s) to run. Estimated finish 2026-09-22 17:02 (0h 0m from now) **
// **************************
// Benchmark: SessionSetupDecompositionBenchmarks.ComponentA1_AssociationTablePreSeed: ShortRun(InvocationCount=1, IterationCount=3, LaunchCount=1, UnrollFactor=1, WarmupCount=3) [Sessions=100]
// *** Execute ***
// Launch: 1 / 1
// Execute: dotnet WinForward.Benchmarks-ShortRun-1.dll --anonymousPipes 123 125 --benchmarkName "WinForward.Benchmarks.Perf.SessionSetupDecompositionBenchmarks.ComponentA1_AssociationTablePreSeed(Sessions: 100)" --job ShortRun --benchmarkId 56 in /home/paff/Projects/WinForward/benchmarks/WinForward.Benchmarks/bin/Release/net10.0/WinForward.Benchmarks-ShortRun-1/bin/Release/net10.0
// Failed to set up high priority (Permission denied). In order to run benchmarks with high priority, make sure you have the right permissions.
// BeforeAnythingElse

// Benchmark Process Environment Information:
// BenchmarkDotNet v0.15.8
// Runtime=.NET 10.0.12 (10.0.12, 10.0.1226.42308), X64 RyuJIT x86-64-v4
// GC=Concurrent Workstation
// HardwareIntrinsics=AVX512 BITALG+VBMI2+VNNI+VPOPCNTDQ,AVX512 IFMA+VBMI,AVX512 F+BW+CD+DQ+VL,AVX2+BMI1+BMI2+F16C+FMA+LZCNT+MOVBE,AVX,SSE3+SSSE3+SSE4.1+SSE4.2+POPCNT,X86Base+SSE+SSE2,AES+PCLMUL,AvxVnni VectorSize=256
// Job: ShortRun(InvocationCount=1, IterationCount=3, LaunchCount=1, UnrollFactor=1, WarmupCount=3)

OverheadJitting  1: 1 op, 256483.00 ns, 256.4830 us/op
WorkloadJitting  1: 1 op, 2111563.00 ns, 2.1116 ms/op

OverheadWarmup   1: 1 op, 471.00 ns, 471.0000 ns/op
OverheadWarmup   2: 1 op, 451.00 ns, 451.0000 ns/op
OverheadWarmup   3: 1 op, 280.00 ns, 280.0000 ns/op
OverheadWarmup   4: 1 op, 311.00 ns, 311.0000 ns/op
OverheadWarmup   5: 1 op, 310.00 ns, 310.0000 ns/op
OverheadWarmup   6: 1 op, 461.00 ns, 461.0000 ns/op
OverheadWarmup   7: 1 op, 451.00 ns, 451.0000 ns/op

OverheadActual   1: 1 op, 460.00 ns, 460.0000 ns/op
OverheadActual   2: 1 op, 451.00 ns, 451.0000 ns/op
OverheadActual   3: 1 op, 531.00 ns, 531.0000 ns/op
OverheadActual   4: 1 op, 471.00 ns, 471.0000 ns/op
OverheadActual   5: 1 op, 501.00 ns, 501.0000 ns/op
OverheadActual   6: 1 op, 401.00 ns, 401.0000 ns/op
OverheadActual   7: 1 op, 461.00 ns, 461.0000 ns/op
OverheadActual   8: 1 op, 361.00 ns, 361.0000 ns/op
OverheadActual   9: 1 op, 531.00 ns, 531.0000 ns/op
OverheadActual  10: 1 op, 381.00 ns, 381.0000 ns/op
OverheadActual  11: 1 op, 321.00 ns, 321.0000 ns/op
OverheadActual  12: 1 op, 371.00 ns, 371.0000 ns/op
OverheadActual  13: 1 op, 471.00 ns, 471.0000 ns/op
OverheadActual  14: 1 op, 371.00 ns, 371.0000 ns/op
OverheadActual  15: 1 op, 350.00 ns, 350.0000 ns/op
OverheadActual  16: 1 op, 361.00 ns, 361.0000 ns/op
OverheadActual  17: 1 op, 271.00 ns, 271.0000 ns/op
OverheadActual  18: 1 op, 411.00 ns, 411.0000 ns/op
OverheadActual  19: 1 op, 481.00 ns, 481.0000 ns/op
OverheadActual  20: 1 op, 381.00 ns, 381.0000 ns/op

WorkloadWarmup   1: 1 op, 135684.00 ns, 135.6840 us/op
WorkloadWarmup   2: 1 op, 9277.00 ns, 9.2770 us/op
WorkloadWarmup   3: 1 op, 5860.00 ns, 5.8600 us/op

// BeforeActualRun
WorkloadActual   1: 1 op, 72163.00 ns, 72.1630 us/op
WorkloadActual   2: 1 op, 6172.00 ns, 6.1720 us/op
WorkloadActual   3: 1 op, 5601.00 ns, 5.6010 us/op

// AfterActualRun
WorkloadResult   1: 1 op, 71757.00 ns, 71.7570 us/op
WorkloadResult   2: 1 op, 5766.00 ns, 5.7660 us/op
WorkloadResult   3: 1 op, 5195.00 ns, 5.1950 us/op
// GC:  0 0 0 32192 1
// Threading:  0 0 1

// AfterAll
// Benchmark Process 1612753 has exited with code 0.

Mean = 27.573 us, StdErr = 22.093 us (80.13%), N = 3, StdDev = 38.266 us
Min = 5.195 us, Q1 = 5.481 us, Median = 5.766 us, Q3 = 38.761 us, Max = 71.757 us
IQR = 33.281 us, LowerFence = -44.441 us, UpperFence = 88.683 us
ConfidenceInterval = [-670.538 us; 725.684 us] (CI 99.9%), Margin = 698.111 us (2531.90% of Mean)
Skewness = 0.38, Kurtosis = 0.67, MValue = 2

// ** Remained 42 (42.4%) benchmark(s) to run. Estimated finish 2026-09-22 17:02 (0h 0m from now) **
// **************************
// Benchmark: SessionSetupDecompositionBenchmarks.ComponentA2_SessionDictionaryPreSeed: ShortRun(InvocationCount=1, IterationCount=3, LaunchCount=1, UnrollFactor=1, WarmupCount=3) [Sessions=100]
// *** Execute ***
// Launch: 1 / 1
// Execute: dotnet WinForward.Benchmarks-ShortRun-1.dll --anonymousPipes 123 125 --benchmarkName "WinForward.Benchmarks.Perf.SessionSetupDecompositionBenchmarks.ComponentA2_SessionDictionaryPreSeed(Sessions: 100)" --job ShortRun --benchmarkId 57 in /home/paff/Projects/WinForward/benchmarks/WinForward.Benchmarks/bin/Release/net10.0/WinForward.Benchmarks-ShortRun-1/bin/Release/net10.0
// Failed to set up high priority (Permission denied). In order to run benchmarks with high priority, make sure you have the right permissions.
// BeforeAnythingElse

// Benchmark Process Environment Information:
// BenchmarkDotNet v0.15.8
// Runtime=.NET 10.0.12 (10.0.12, 10.0.1226.42308), X64 RyuJIT x86-64-v4
// GC=Concurrent Workstation
// HardwareIntrinsics=AVX512 BITALG+VBMI2+VNNI+VPOPCNTDQ,AVX512 IFMA+VBMI,AVX512 F+BW+CD+DQ+VL,AVX2+BMI1+BMI2+F16C+FMA+LZCNT+MOVBE,AVX,SSE3+SSSE3+SSE4.1+SSE4.2+POPCNT,X86Base+SSE+SSE2,AES+PCLMUL,AvxVnni VectorSize=256
// Job: ShortRun(InvocationCount=1, IterationCount=3, LaunchCount=1, UnrollFactor=1, WarmupCount=3)

OverheadJitting  1: 1 op, 391031.00 ns, 391.0310 us/op
WorkloadJitting  1: 1 op, 1770082.00 ns, 1.7701 ms/op

OverheadWarmup   1: 1 op, 391.00 ns, 391.0000 ns/op
OverheadWarmup   2: 1 op, 381.00 ns, 381.0000 ns/op
OverheadWarmup   3: 1 op, 390.00 ns, 390.0000 ns/op
OverheadWarmup   4: 1 op, 360.00 ns, 360.0000 ns/op
OverheadWarmup   5: 1 op, 441.00 ns, 441.0000 ns/op
OverheadWarmup   6: 1 op, 692.00 ns, 692.0000 ns/op
OverheadWarmup   7: 1 op, 501.00 ns, 501.0000 ns/op

OverheadActual   1: 1 op, 461.00 ns, 461.0000 ns/op
OverheadActual   2: 1 op, 431.00 ns, 431.0000 ns/op
OverheadActual   3: 1 op, 440.00 ns, 440.0000 ns/op
OverheadActual   4: 1 op, 421.00 ns, 421.0000 ns/op
OverheadActual   5: 1 op, 441.00 ns, 441.0000 ns/op
OverheadActual   6: 1 op, 441.00 ns, 441.0000 ns/op
OverheadActual   7: 1 op, 431.00 ns, 431.0000 ns/op
OverheadActual   8: 1 op, 481.00 ns, 481.0000 ns/op
OverheadActual   9: 1 op, 431.00 ns, 431.0000 ns/op
OverheadActual  10: 1 op, 391.00 ns, 391.0000 ns/op
OverheadActual  11: 1 op, 530.00 ns, 530.0000 ns/op
OverheadActual  12: 1 op, 441.00 ns, 441.0000 ns/op
OverheadActual  13: 1 op, 421.00 ns, 421.0000 ns/op
OverheadActual  14: 1 op, 361.00 ns, 361.0000 ns/op
OverheadActual  15: 1 op, 450.00 ns, 450.0000 ns/op
OverheadActual  16: 1 op, 351.00 ns, 351.0000 ns/op
OverheadActual  17: 1 op, 270.00 ns, 270.0000 ns/op
OverheadActual  18: 1 op, 421.00 ns, 421.0000 ns/op
OverheadActual  19: 1 op, 381.00 ns, 381.0000 ns/op
OverheadActual  20: 1 op, 451.00 ns, 451.0000 ns/op

WorkloadWarmup   1: 1 op, 45484.00 ns, 45.4840 us/op
WorkloadWarmup   2: 1 op, 6121.00 ns, 6.1210 us/op
WorkloadWarmup   3: 1 op, 4728.00 ns, 4.7280 us/op

// BeforeActualRun
WorkloadActual   1: 1 op, 59479.00 ns, 59.4790 us/op
WorkloadActual   2: 1 op, 4458.00 ns, 4.4580 us/op
WorkloadActual   3: 1 op, 4348.00 ns, 4.3480 us/op

// AfterActualRun
WorkloadResult   1: 1 op, 59048.00 ns, 59.0480 us/op
WorkloadResult   2: 1 op, 4027.00 ns, 4.0270 us/op
WorkloadResult   3: 1 op, 3917.00 ns, 3.9170 us/op
// GC:  0 0 0 15968 1
// Threading:  0 0 1

// AfterAll
// Benchmark Process 1612762 has exited with code 0.

Mean = 22.331 us, StdErr = 18.359 us (82.21%), N = 3, StdDev = 31.798 us
Min = 3.917 us, Q1 = 3.972 us, Median = 4.027 us, Q3 = 31.538 us, Max = 59.048 us
IQR = 27.566 us, LowerFence = -37.376 us, UpperFence = 72.886 us
ConfidenceInterval = [-557.787 us; 602.448 us] (CI 99.9%), Margin = 580.117 us (2597.85% of Mean)
Skewness = 0.38, Kurtosis = 0.67, MValue = 2

// ** Remained 41 (41.4%) benchmark(s) to run. Estimated finish 2026-09-22 17:02 (0h 0m from now) **
// **************************
// Benchmark: SessionSetupDecompositionBenchmarks.ComponentA3_CooldownTableConstruction: ShortRun(InvocationCount=1, IterationCount=3, LaunchCount=1, UnrollFactor=1, WarmupCount=3) [Sessions=100]
// *** Execute ***
// Launch: 1 / 1
// Execute: dotnet WinForward.Benchmarks-ShortRun-1.dll --anonymousPipes 123 125 --benchmarkName "WinForward.Benchmarks.Perf.SessionSetupDecompositionBenchmarks.ComponentA3_CooldownTableConstruction(Sessions: 100)" --job ShortRun --benchmarkId 58 in /home/paff/Projects/WinForward/benchmarks/WinForward.Benchmarks/bin/Release/net10.0/WinForward.Benchmarks-ShortRun-1/bin/Release/net10.0
// Failed to set up high priority (Permission denied). In order to run benchmarks with high priority, make sure you have the right permissions.
// BeforeAnythingElse

// Benchmark Process Environment Information:
// BenchmarkDotNet v0.15.8
// Runtime=.NET 10.0.12 (10.0.12, 10.0.1226.42308), X64 RyuJIT x86-64-v4
// GC=Concurrent Workstation
// HardwareIntrinsics=AVX512 BITALG+VBMI2+VNNI+VPOPCNTDQ,AVX512 IFMA+VBMI,AVX512 F+BW+CD+DQ+VL,AVX2+BMI1+BMI2+F16C+FMA+LZCNT+MOVBE,AVX,SSE3+SSSE3+SSE4.1+SSE4.2+POPCNT,X86Base+SSE+SSE2,AES+PCLMUL,AvxVnni VectorSize=256
// Job: ShortRun(InvocationCount=1, IterationCount=3, LaunchCount=1, UnrollFactor=1, WarmupCount=3)

OverheadJitting  1: 1 op, 354314.00 ns, 354.3140 us/op
WorkloadJitting  1: 1 op, 1704021.00 ns, 1.7040 ms/op

OverheadWarmup   1: 1 op, 541.00 ns, 541.0000 ns/op
OverheadWarmup   2: 1 op, 501.00 ns, 501.0000 ns/op
OverheadWarmup   3: 1 op, 331.00 ns, 331.0000 ns/op
OverheadWarmup   4: 1 op, 651.00 ns, 651.0000 ns/op
OverheadWarmup   5: 1 op, 461.00 ns, 461.0000 ns/op
OverheadWarmup   6: 1 op, 270.00 ns, 270.0000 ns/op
OverheadWarmup   7: 1 op, 531.00 ns, 531.0000 ns/op
OverheadWarmup   8: 1 op, 330.00 ns, 330.0000 ns/op

OverheadActual   1: 1 op, 451.00 ns, 451.0000 ns/op
OverheadActual   2: 1 op, 621.00 ns, 621.0000 ns/op
OverheadActual   3: 1 op, 421.00 ns, 421.0000 ns/op
OverheadActual   4: 1 op, 551.00 ns, 551.0000 ns/op
OverheadActual   5: 1 op, 491.00 ns, 491.0000 ns/op
OverheadActual   6: 1 op, 281.00 ns, 281.0000 ns/op
OverheadActual   7: 1 op, 511.00 ns, 511.0000 ns/op
OverheadActual   8: 1 op, 491.00 ns, 491.0000 ns/op
OverheadActual   9: 1 op, 411.00 ns, 411.0000 ns/op
OverheadActual  10: 1 op, 381.00 ns, 381.0000 ns/op
OverheadActual  11: 1 op, 431.00 ns, 431.0000 ns/op
OverheadActual  12: 1 op, 361.00 ns, 361.0000 ns/op
OverheadActual  13: 1 op, 561.00 ns, 561.0000 ns/op
OverheadActual  14: 1 op, 481.00 ns, 481.0000 ns/op
OverheadActual  15: 1 op, 601.00 ns, 601.0000 ns/op
OverheadActual  16: 1 op, 351.00 ns, 351.0000 ns/op
OverheadActual  17: 1 op, 511.00 ns, 511.0000 ns/op
OverheadActual  18: 1 op, 471.00 ns, 471.0000 ns/op
OverheadActual  19: 1 op, 461.00 ns, 461.0000 ns/op
OverheadActual  20: 1 op, 350.00 ns, 350.0000 ns/op

WorkloadWarmup   1: 1 op, 4588.00 ns, 4.5880 us/op
WorkloadWarmup   2: 1 op, 3466.00 ns, 3.4660 us/op
WorkloadWarmup   3: 1 op, 3246.00 ns, 3.2460 us/op

// BeforeActualRun
WorkloadActual   1: 1 op, 18665.00 ns, 18.6650 us/op
WorkloadActual   2: 1 op, 3997.00 ns, 3.9970 us/op
WorkloadActual   3: 1 op, 3246.00 ns, 3.2460 us/op

// AfterActualRun
WorkloadResult   1: 1 op, 18199.00 ns, 18.1990 us/op
WorkloadResult   2: 1 op, 3531.00 ns, 3.5310 us/op
WorkloadResult   3: 1 op, 2780.00 ns, 2.7800 us/op
// GC:  0 0 0 160 1
// Threading:  0 0 1

// AfterAll
// Benchmark Process 1612773 has exited with code 0.

Mean = 8.170 us, StdErr = 5.019 us (61.43%), N = 3, StdDev = 8.693 us
Min = 2.780 us, Q1 = 3.155 us, Median = 3.531 us, Q3 = 10.865 us, Max = 18.199 us
IQR = 7.710 us, LowerFence = -8.409 us, UpperFence = 22.429 us
ConfidenceInterval = [-150.431 us; 166.771 us] (CI 99.9%), Margin = 158.601 us (1941.27% of Mean)
Skewness = 0.38, Kurtosis = 0.67, MValue = 2

// ** Remained 40 (40.4%) benchmark(s) to run. Estimated finish 2026-09-22 17:02 (0h 0m from now) **
// **************************
// Benchmark: SessionSetupDecompositionBenchmarks.ComponentA4_SlotAndQueueObjects: ShortRun(InvocationCount=1, IterationCount=3, LaunchCount=1, UnrollFactor=1, WarmupCount=3) [Sessions=100]
// *** Execute ***
// Launch: 1 / 1
// Execute: dotnet WinForward.Benchmarks-ShortRun-1.dll --anonymousPipes 123 125 --benchmarkName "WinForward.Benchmarks.Perf.SessionSetupDecompositionBenchmarks.ComponentA4_SlotAndQueueObjects(Sessions: 100)" --job ShortRun --benchmarkId 59 in /home/paff/Projects/WinForward/benchmarks/WinForward.Benchmarks/bin/Release/net10.0/WinForward.Benchmarks-ShortRun-1/bin/Release/net10.0
// Failed to set up high priority (Permission denied). In order to run benchmarks with high priority, make sure you have the right permissions.
// BeforeAnythingElse

// Benchmark Process Environment Information:
// BenchmarkDotNet v0.15.8
// Runtime=.NET 10.0.12 (10.0.12, 10.0.1226.42308), X64 RyuJIT x86-64-v4
// GC=Concurrent Workstation
// HardwareIntrinsics=AVX512 BITALG+VBMI2+VNNI+VPOPCNTDQ,AVX512 IFMA+VBMI,AVX512 F+BW+CD+DQ+VL,AVX2+BMI1+BMI2+F16C+FMA+LZCNT+MOVBE,AVX,SSE3+SSSE3+SSE4.1+SSE4.2+POPCNT,X86Base+SSE+SSE2,AES+PCLMUL,AvxVnni VectorSize=256
// Job: ShortRun(InvocationCount=1, IterationCount=3, LaunchCount=1, UnrollFactor=1, WarmupCount=3)

OverheadJitting  1: 1 op, 259268.00 ns, 259.2680 us/op
WorkloadJitting  1: 1 op, 1008960.00 ns, 1.0090 ms/op

OverheadWarmup   1: 1 op, 511.00 ns, 511.0000 ns/op
OverheadWarmup   2: 1 op, 460.00 ns, 460.0000 ns/op
OverheadWarmup   3: 1 op, 281.00 ns, 281.0000 ns/op
OverheadWarmup   4: 1 op, 270.00 ns, 270.0000 ns/op
OverheadWarmup   5: 1 op, 281.00 ns, 281.0000 ns/op
OverheadWarmup   6: 1 op, 461.00 ns, 461.0000 ns/op
OverheadWarmup   7: 1 op, 370.00 ns, 370.0000 ns/op
OverheadWarmup   8: 1 op, 401.00 ns, 401.0000 ns/op
OverheadWarmup   9: 1 op, 471.00 ns, 471.0000 ns/op
OverheadWarmup  10: 1 op, 461.00 ns, 461.0000 ns/op

OverheadActual   1: 1 op, 441.00 ns, 441.0000 ns/op
OverheadActual   2: 1 op, 461.00 ns, 461.0000 ns/op
OverheadActual   3: 1 op, 451.00 ns, 451.0000 ns/op
OverheadActual   4: 1 op, 461.00 ns, 461.0000 ns/op
OverheadActual   5: 1 op, 521.00 ns, 521.0000 ns/op
OverheadActual   6: 1 op, 351.00 ns, 351.0000 ns/op
OverheadActual   7: 1 op, 381.00 ns, 381.0000 ns/op
OverheadActual   8: 1 op, 361.00 ns, 361.0000 ns/op
OverheadActual   9: 1 op, 281.00 ns, 281.0000 ns/op
OverheadActual  10: 1 op, 491.00 ns, 491.0000 ns/op
OverheadActual  11: 1 op, 280.00 ns, 280.0000 ns/op
OverheadActual  12: 1 op, 281.00 ns, 281.0000 ns/op
OverheadActual  13: 1 op, 281.00 ns, 281.0000 ns/op
OverheadActual  14: 1 op, 270.00 ns, 270.0000 ns/op
OverheadActual  15: 1 op, 280.00 ns, 280.0000 ns/op
OverheadActual  16: 1 op, 280.00 ns, 280.0000 ns/op
OverheadActual  17: 1 op, 491.00 ns, 491.0000 ns/op
OverheadActual  18: 1 op, 481.00 ns, 481.0000 ns/op
OverheadActual  19: 1 op, 491.00 ns, 491.0000 ns/op
OverheadActual  20: 1 op, 271.00 ns, 271.0000 ns/op

WorkloadWarmup   1: 1 op, 44823.00 ns, 44.8230 us/op
WorkloadWarmup   2: 1 op, 7073.00 ns, 7.0730 us/op
WorkloadWarmup   3: 1 op, 7012.00 ns, 7.0120 us/op

// BeforeActualRun
WorkloadActual   1: 1 op, 54461.00 ns, 54.4610 us/op
WorkloadActual   2: 1 op, 6973.00 ns, 6.9730 us/op
WorkloadActual   3: 1 op, 7144.00 ns, 7.1440 us/op

// AfterActualRun
WorkloadResult   1: 1 op, 54090.00 ns, 54.0900 us/op
WorkloadResult   2: 1 op, 6602.00 ns, 6.6020 us/op
WorkloadResult   3: 1 op, 6773.00 ns, 6.7730 us/op
// GC:  0 0 0 14400 1
// Threading:  0 0 1

// AfterAll
// Benchmark Process 1612782 has exited with code 0.

Mean = 22.488 us, StdErr = 15.801 us (70.26%), N = 3, StdDev = 27.368 us
Min = 6.602 us, Q1 = 6.688 us, Median = 6.773 us, Q3 = 30.431 us, Max = 54.090 us
IQR = 23.744 us, LowerFence = -28.928 us, UpperFence = 66.047 us
ConfidenceInterval = [-476.805 us; 521.782 us] (CI 99.9%), Margin = 499.294 us (2220.23% of Mean)
Skewness = 0.38, Kurtosis = 0.67, MValue = 2

// ** Remained 39 (39.4%) benchmark(s) to run. Estimated finish 2026-09-22 17:02 (0h 0m from now) **
// **************************
// Benchmark: SessionSetupDecompositionBenchmarks.ComponentA5_CompletionCell: ShortRun(InvocationCount=1, IterationCount=3, LaunchCount=1, UnrollFactor=1, WarmupCount=3) [Sessions=100]
// *** Execute ***
// Launch: 1 / 1
// Execute: dotnet WinForward.Benchmarks-ShortRun-1.dll --anonymousPipes 123 125 --benchmarkName "WinForward.Benchmarks.Perf.SessionSetupDecompositionBenchmarks.ComponentA5_CompletionCell(Sessions: 100)" --job ShortRun --benchmarkId 60 in /home/paff/Projects/WinForward/benchmarks/WinForward.Benchmarks/bin/Release/net10.0/WinForward.Benchmarks-ShortRun-1/bin/Release/net10.0
// Failed to set up high priority (Permission denied). In order to run benchmarks with high priority, make sure you have the right permissions.
// BeforeAnythingElse

// Benchmark Process Environment Information:
// BenchmarkDotNet v0.15.8
// Runtime=.NET 10.0.12 (10.0.12, 10.0.1226.42308), X64 RyuJIT x86-64-v4
// GC=Concurrent Workstation
// HardwareIntrinsics=AVX512 BITALG+VBMI2+VNNI+VPOPCNTDQ,AVX512 IFMA+VBMI,AVX512 F+BW+CD+DQ+VL,AVX2+BMI1+BMI2+F16C+FMA+LZCNT+MOVBE,AVX,SSE3+SSSE3+SSE4.1+SSE4.2+POPCNT,X86Base+SSE+SSE2,AES+PCLMUL,AvxVnni VectorSize=256
// Job: ShortRun(InvocationCount=1, IterationCount=3, LaunchCount=1, UnrollFactor=1, WarmupCount=3)

OverheadJitting  1: 1 op, 244981.00 ns, 244.9810 us/op
WorkloadJitting  1: 1 op, 1197155.00 ns, 1.1972 ms/op

OverheadWarmup   1: 1 op, 441.00 ns, 441.0000 ns/op
OverheadWarmup   2: 1 op, 430.00 ns, 430.0000 ns/op
OverheadWarmup   3: 1 op, 431.00 ns, 431.0000 ns/op
OverheadWarmup   4: 1 op, 280.00 ns, 280.0000 ns/op
OverheadWarmup   5: 1 op, 270.00 ns, 270.0000 ns/op
OverheadWarmup   6: 1 op, 451.00 ns, 451.0000 ns/op
OverheadWarmup   7: 1 op, 461.00 ns, 461.0000 ns/op
OverheadWarmup   8: 1 op, 261.00 ns, 261.0000 ns/op

OverheadActual   1: 1 op, 421.00 ns, 421.0000 ns/op
OverheadActual   2: 1 op, 541.00 ns, 541.0000 ns/op
OverheadActual   3: 1 op, 541.00 ns, 541.0000 ns/op
OverheadActual   4: 1 op, 451.00 ns, 451.0000 ns/op
OverheadActual   5: 1 op, 461.00 ns, 461.0000 ns/op
OverheadActual   6: 1 op, 451.00 ns, 451.0000 ns/op
OverheadActual   7: 1 op, 280.00 ns, 280.0000 ns/op
OverheadActual   8: 1 op, 430.00 ns, 430.0000 ns/op
OverheadActual   9: 1 op, 461.00 ns, 461.0000 ns/op
OverheadActual  10: 1 op, 441.00 ns, 441.0000 ns/op
OverheadActual  11: 1 op, 450.00 ns, 450.0000 ns/op
OverheadActual  12: 1 op, 260.00 ns, 260.0000 ns/op
OverheadActual  13: 1 op, 261.00 ns, 261.0000 ns/op
OverheadActual  14: 1 op, 431.00 ns, 431.0000 ns/op
OverheadActual  15: 1 op, 270.00 ns, 270.0000 ns/op
OverheadActual  16: 1 op, 851.00 ns, 851.0000 ns/op
OverheadActual  17: 1 op, 481.00 ns, 481.0000 ns/op
OverheadActual  18: 1 op, 461.00 ns, 461.0000 ns/op
OverheadActual  19: 1 op, 450.00 ns, 450.0000 ns/op
OverheadActual  20: 1 op, 451.00 ns, 451.0000 ns/op

WorkloadWarmup   1: 1 op, 37579.00 ns, 37.5790 us/op
WorkloadWarmup   2: 1 op, 7794.00 ns, 7.7940 us/op
WorkloadWarmup   3: 1 op, 7504.00 ns, 7.5040 us/op

// BeforeActualRun
WorkloadActual   1: 1 op, 42979.00 ns, 42.9790 us/op
WorkloadActual   2: 1 op, 8415.00 ns, 8.4150 us/op
WorkloadActual   3: 1 op, 8045.00 ns, 8.0450 us/op

// AfterActualRun
WorkloadResult   1: 1 op, 42528.50 ns, 42.5285 us/op
WorkloadResult   2: 1 op, 7964.50 ns, 7.9645 us/op
WorkloadResult   3: 1 op, 7594.50 ns, 7.5945 us/op
// GC:  0 0 0 8800 1
// Threading:  0 0 1

// AfterAll
// Benchmark Process 1612791 has exited with code 0.

Mean = 19.363 us, StdErr = 11.583 us (59.82%), N = 3, StdDev = 20.063 us
Min = 7.595 us, Q1 = 7.779 us, Median = 7.965 us, Q3 = 25.247 us, Max = 42.529 us
IQR = 17.467 us, LowerFence = -18.421 us, UpperFence = 51.447 us
ConfidenceInterval = [-346.665 us; 385.390 us] (CI 99.9%), Margin = 366.027 us (1890.39% of Mean)
Skewness = 0.38, Kurtosis = 0.67, MValue = 2

// ** Remained 38 (38.4%) benchmark(s) to run. Estimated finish 2026-09-22 17:02 (0h 0m from now) **
// **************************
// Benchmark: SessionSetupDecompositionBenchmarks.ComponentA6_ColdRent: ShortRun(InvocationCount=1, IterationCount=3, LaunchCount=1, UnrollFactor=1, WarmupCount=3) [Sessions=100]
// *** Execute ***
// Launch: 1 / 1
// Execute: dotnet WinForward.Benchmarks-ShortRun-1.dll --anonymousPipes 123 125 --benchmarkName "WinForward.Benchmarks.Perf.SessionSetupDecompositionBenchmarks.ComponentA6_ColdRent(Sessions: 100)" --job ShortRun --benchmarkId 61 in /home/paff/Projects/WinForward/benchmarks/WinForward.Benchmarks/bin/Release/net10.0/WinForward.Benchmarks-ShortRun-1/bin/Release/net10.0
// Failed to set up high priority (Permission denied). In order to run benchmarks with high priority, make sure you have the right permissions.
// BeforeAnythingElse

// Benchmark Process Environment Information:
// BenchmarkDotNet v0.15.8
// Runtime=.NET 10.0.12 (10.0.12, 10.0.1226.42308), X64 RyuJIT x86-64-v4
// GC=Concurrent Workstation
// HardwareIntrinsics=AVX512 BITALG+VBMI2+VNNI+VPOPCNTDQ,AVX512 IFMA+VBMI,AVX512 F+BW+CD+DQ+VL,AVX2+BMI1+BMI2+F16C+FMA+LZCNT+MOVBE,AVX,SSE3+SSSE3+SSE4.1+SSE4.2+POPCNT,X86Base+SSE+SSE2,AES+PCLMUL,AvxVnni VectorSize=256
// Job: ShortRun(InvocationCount=1, IterationCount=3, LaunchCount=1, UnrollFactor=1, WarmupCount=3)

OverheadJitting  1: 1 op, 328386.00 ns, 328.3860 us/op
WorkloadJitting  1: 1 op, 2664502.00 ns, 2.6645 ms/op

OverheadWarmup   1: 1 op, 391.00 ns, 391.0000 ns/op
OverheadWarmup   2: 1 op, 260.00 ns, 260.0000 ns/op
OverheadWarmup   3: 1 op, 260.00 ns, 260.0000 ns/op
OverheadWarmup   4: 1 op, 260.00 ns, 260.0000 ns/op
OverheadWarmup   5: 1 op, 541.00 ns, 541.0000 ns/op
OverheadWarmup   6: 1 op, 281.00 ns, 281.0000 ns/op

OverheadActual   1: 1 op, 441.00 ns, 441.0000 ns/op
OverheadActual   2: 1 op, 511.00 ns, 511.0000 ns/op
OverheadActual   3: 1 op, 511.00 ns, 511.0000 ns/op
OverheadActual   4: 1 op, 511.00 ns, 511.0000 ns/op
OverheadActual   5: 1 op, 481.00 ns, 481.0000 ns/op
OverheadActual   6: 1 op, 360.00 ns, 360.0000 ns/op
OverheadActual   7: 1 op, 441.00 ns, 441.0000 ns/op
OverheadActual   8: 1 op, 551.00 ns, 551.0000 ns/op
OverheadActual   9: 1 op, 531.00 ns, 531.0000 ns/op
OverheadActual  10: 1 op, 431.00 ns, 431.0000 ns/op
OverheadActual  11: 1 op, 270.00 ns, 270.0000 ns/op
OverheadActual  12: 1 op, 531.00 ns, 531.0000 ns/op
OverheadActual  13: 1 op, 371.00 ns, 371.0000 ns/op
OverheadActual  14: 1 op, 340.00 ns, 340.0000 ns/op
OverheadActual  15: 1 op, 451.00 ns, 451.0000 ns/op
OverheadActual  16: 1 op, 581.00 ns, 581.0000 ns/op
OverheadActual  17: 1 op, 491.00 ns, 491.0000 ns/op
OverheadActual  18: 1 op, 450.00 ns, 450.0000 ns/op
OverheadActual  19: 1 op, 561.00 ns, 561.0000 ns/op
OverheadActual  20: 1 op, 351.00 ns, 351.0000 ns/op

WorkloadWarmup   1: 1 op, 69438.00 ns, 69.4380 us/op
WorkloadWarmup   2: 1 op, 49982.00 ns, 49.9820 us/op
WorkloadWarmup   3: 1 op, 12103.00 ns, 12.1030 us/op

// BeforeActualRun
WorkloadActual   1: 1 op, 65751.00 ns, 65.7510 us/op
WorkloadActual   2: 1 op, 12283.00 ns, 12.2830 us/op
WorkloadActual   3: 1 op, 15248.00 ns, 15.2480 us/op

// AfterActualRun
WorkloadResult   1: 1 op, 65285.00 ns, 65.2850 us/op
WorkloadResult   2: 1 op, 11817.00 ns, 11.8170 us/op
WorkloadResult   3: 1 op, 14782.00 ns, 14.7820 us/op
// GC:  0 0 0 29176 1
// Threading:  0 0 1

// AfterAll
// Benchmark Process 1612800 has exited with code 0.

Mean = 30.628 us, StdErr = 17.350 us (56.65%), N = 3, StdDev = 30.050 us
Min = 11.817 us, Q1 = 13.300 us, Median = 14.782 us, Q3 = 40.033 us, Max = 65.285 us
IQR = 26.734 us, LowerFence = -26.802 us, UpperFence = 80.135 us
ConfidenceInterval = [-517.604 us; 578.860 us] (CI 99.9%), Margin = 548.232 us (1789.97% of Mean)
Skewness = 0.38, Kurtosis = 0.67, MValue = 2

// ** Remained 37 (37.4%) benchmark(s) to run. Estimated finish 2026-09-22 17:02 (0h 0m from now) **
// **************************
// Benchmark: SessionSetupDecompositionBenchmarks.ComponentA7_EnqueueCycle: ShortRun(InvocationCount=1, IterationCount=3, LaunchCount=1, UnrollFactor=1, WarmupCount=3) [Sessions=100]
// *** Execute ***
// Launch: 1 / 1
// Execute: dotnet WinForward.Benchmarks-ShortRun-1.dll --anonymousPipes 123 125 --benchmarkName "WinForward.Benchmarks.Perf.SessionSetupDecompositionBenchmarks.ComponentA7_EnqueueCycle(Sessions: 100)" --job ShortRun --benchmarkId 62 in /home/paff/Projects/WinForward/benchmarks/WinForward.Benchmarks/bin/Release/net10.0/WinForward.Benchmarks-ShortRun-1/bin/Release/net10.0
// Failed to set up high priority (Permission denied). In order to run benchmarks with high priority, make sure you have the right permissions.
// BeforeAnythingElse

// Benchmark Process Environment Information:
// BenchmarkDotNet v0.15.8
// Runtime=.NET 10.0.12 (10.0.12, 10.0.1226.42308), X64 RyuJIT x86-64-v4
// GC=Concurrent Workstation
// HardwareIntrinsics=AVX512 BITALG+VBMI2+VNNI+VPOPCNTDQ,AVX512 IFMA+VBMI,AVX512 F+BW+CD+DQ+VL,AVX2+BMI1+BMI2+F16C+FMA+LZCNT+MOVBE,AVX,SSE3+SSSE3+SSE4.1+SSE4.2+POPCNT,X86Base+SSE+SSE2,AES+PCLMUL,AvxVnni VectorSize=256
// Job: ShortRun(InvocationCount=1, IterationCount=3, LaunchCount=1, UnrollFactor=1, WarmupCount=3)

OverheadJitting  1: 1 op, 348112.00 ns, 348.1120 us/op
WorkloadJitting  1: 1 op, 5620290.00 ns, 5.6203 ms/op

OverheadWarmup   1: 1 op, 480.00 ns, 480.0000 ns/op
OverheadWarmup   2: 1 op, 381.00 ns, 381.0000 ns/op
OverheadWarmup   3: 1 op, 270.00 ns, 270.0000 ns/op
OverheadWarmup   4: 1 op, 511.00 ns, 511.0000 ns/op
OverheadWarmup   5: 1 op, 271.00 ns, 271.0000 ns/op
OverheadWarmup   6: 1 op, 270.00 ns, 270.0000 ns/op
OverheadWarmup   7: 1 op, 281.00 ns, 281.0000 ns/op
OverheadWarmup   8: 1 op, 230.00 ns, 230.0000 ns/op

OverheadActual   1: 1 op, 511.00 ns, 511.0000 ns/op
OverheadActual   2: 1 op, 491.00 ns, 491.0000 ns/op
OverheadActual   3: 1 op, 862.00 ns, 862.0000 ns/op
OverheadActual   4: 1 op, 470.00 ns, 470.0000 ns/op
OverheadActual   5: 1 op, 461.00 ns, 461.0000 ns/op
OverheadActual   6: 1 op, 531.00 ns, 531.0000 ns/op
OverheadActual   7: 1 op, 271.00 ns, 271.0000 ns/op
OverheadActual   8: 1 op, 281.00 ns, 281.0000 ns/op
OverheadActual   9: 1 op, 671.00 ns, 671.0000 ns/op
OverheadActual  10: 1 op, 471.00 ns, 471.0000 ns/op
OverheadActual  11: 1 op, 281.00 ns, 281.0000 ns/op
OverheadActual  12: 1 op, 491.00 ns, 491.0000 ns/op
OverheadActual  13: 1 op, 290.00 ns, 290.0000 ns/op
OverheadActual  14: 1 op, 441.00 ns, 441.0000 ns/op
OverheadActual  15: 1 op, 281.00 ns, 281.0000 ns/op
OverheadActual  16: 1 op, 410.00 ns, 410.0000 ns/op
OverheadActual  17: 1 op, 471.00 ns, 471.0000 ns/op
OverheadActual  18: 1 op, 390.00 ns, 390.0000 ns/op
OverheadActual  19: 1 op, 481.00 ns, 481.0000 ns/op
OverheadActual  20: 1 op, 320.00 ns, 320.0000 ns/op

WorkloadWarmup   1: 1 op, 45183.00 ns, 45.1830 us/op
WorkloadWarmup   2: 1 op, 35426.00 ns, 35.4260 us/op
WorkloadWarmup   3: 1 op, 34253.00 ns, 34.2530 us/op

// BeforeActualRun
WorkloadActual   1: 1 op, 36637.00 ns, 36.6370 us/op
WorkloadActual   2: 1 op, 36568.00 ns, 36.5680 us/op
WorkloadActual   3: 1 op, 80628.00 ns, 80.6280 us/op

// AfterActualRun
WorkloadResult   1: 1 op, 36171.50 ns, 36.1715 us/op
WorkloadResult   2: 1 op, 36102.50 ns, 36.1025 us/op
WorkloadResult   3: 1 op, 80162.50 ns, 80.1625 us/op
// GC:  0 0 0 1912 1
// Threading:  0 0 1

// AfterAll
// Benchmark Process 1612809 has exited with code 0.

Mean = 50.812 us, StdErr = 14.675 us (28.88%), N = 3, StdDev = 25.418 us
Min = 36.102 us, Q1 = 36.137 us, Median = 36.172 us, Q3 = 58.167 us, Max = 80.162 us
IQR = 22.030 us, LowerFence = 3.092 us, UpperFence = 91.212 us
ConfidenceInterval = [-412.910 us; 514.534 us] (CI 99.9%), Margin = 463.722 us (912.62% of Mean)
Skewness = 0.38, Kurtosis = 0.67, MValue = 2

// ** Remained 36 (36.4%) benchmark(s) to run. Estimated finish 2026-09-22 17:02 (0h 0m from now) **
// **************************
// Benchmark: SessionSetupDecompositionBenchmarks.ComponentA8_WarmRentAdmissionAsync: ShortRun(InvocationCount=1, IterationCount=3, LaunchCount=1, UnrollFactor=1, WarmupCount=3) [Sessions=100]
// *** Execute ***
// Launch: 1 / 1
// Execute: dotnet WinForward.Benchmarks-ShortRun-1.dll --anonymousPipes 123 125 --benchmarkName "WinForward.Benchmarks.Perf.SessionSetupDecompositionBenchmarks.ComponentA8_WarmRentAdmissionAsync(Sessions: 100)" --job ShortRun --benchmarkId 63 in /home/paff/Projects/WinForward/benchmarks/WinForward.Benchmarks/bin/Release/net10.0/WinForward.Benchmarks-ShortRun-1/bin/Release/net10.0
// Failed to set up high priority (Permission denied). In order to run benchmarks with high priority, make sure you have the right permissions.
// BeforeAnythingElse

// Benchmark Process Environment Information:
// BenchmarkDotNet v0.15.8
// Runtime=.NET 10.0.12 (10.0.12, 10.0.1226.42308), X64 RyuJIT x86-64-v4
// GC=Concurrent Workstation
// HardwareIntrinsics=AVX512 BITALG+VBMI2+VNNI+VPOPCNTDQ,AVX512 IFMA+VBMI,AVX512 F+BW+CD+DQ+VL,AVX2+BMI1+BMI2+F16C+FMA+LZCNT+MOVBE,AVX,SSE3+SSSE3+SSE4.1+SSE4.2+POPCNT,X86Base+SSE+SSE2,AES+PCLMUL,AvxVnni VectorSize=256
// Job: ShortRun(InvocationCount=1, IterationCount=3, LaunchCount=1, UnrollFactor=1, WarmupCount=3)

OverheadJitting  1: 1 op, 261121.00 ns, 261.1210 us/op
WorkloadJitting  1: 1 op, 26230153.00 ns, 26.2302 ms/op

OverheadWarmup   1: 1 op, 992.00 ns, 992.0000 ns/op
OverheadWarmup   2: 1 op, 551.00 ns, 551.0000 ns/op
OverheadWarmup   3: 1 op, 501.00 ns, 501.0000 ns/op
OverheadWarmup   4: 1 op, 471.00 ns, 471.0000 ns/op
OverheadWarmup   5: 1 op, 481.00 ns, 481.0000 ns/op
OverheadWarmup   6: 1 op, 271.00 ns, 271.0000 ns/op
OverheadWarmup   7: 1 op, 450.00 ns, 450.0000 ns/op
OverheadWarmup   8: 1 op, 261.00 ns, 261.0000 ns/op

OverheadActual   1: 1 op, 441.00 ns, 441.0000 ns/op
OverheadActual   2: 1 op, 461.00 ns, 461.0000 ns/op
OverheadActual   3: 1 op, 441.00 ns, 441.0000 ns/op
OverheadActual   4: 1 op, 481.00 ns, 481.0000 ns/op
OverheadActual   5: 1 op, 461.00 ns, 461.0000 ns/op
OverheadActual   6: 1 op, 261.00 ns, 261.0000 ns/op
OverheadActual   7: 1 op, 260.00 ns, 260.0000 ns/op
OverheadActual   8: 1 op, 260.00 ns, 260.0000 ns/op
OverheadActual   9: 1 op, 481.00 ns, 481.0000 ns/op
OverheadActual  10: 1 op, 471.00 ns, 471.0000 ns/op
OverheadActual  11: 1 op, 260.00 ns, 260.0000 ns/op
OverheadActual  12: 1 op, 471.00 ns, 471.0000 ns/op
OverheadActual  13: 1 op, 491.00 ns, 491.0000 ns/op
OverheadActual  14: 1 op, 240.00 ns, 240.0000 ns/op
OverheadActual  15: 1 op, 491.00 ns, 491.0000 ns/op
OverheadActual  16: 1 op, 500.00 ns, 500.0000 ns/op
OverheadActual  17: 1 op, 481.00 ns, 481.0000 ns/op
OverheadActual  18: 1 op, 511.00 ns, 511.0000 ns/op
OverheadActual  19: 1 op, 481.00 ns, 481.0000 ns/op
OverheadActual  20: 1 op, 471.00 ns, 471.0000 ns/op

WorkloadWarmup   1: 1 op, 465768.00 ns, 465.7680 us/op
WorkloadWarmup   2: 1 op, 229213.00 ns, 229.2130 us/op
WorkloadWarmup   3: 1 op, 327204.00 ns, 327.2040 us/op

// BeforeActualRun
WorkloadActual   1: 1 op, 321933.00 ns, 321.9330 us/op
WorkloadActual   2: 1 op, 225095.00 ns, 225.0950 us/op
WorkloadActual   3: 1 op, 290696.00 ns, 290.6960 us/op

// AfterActualRun
WorkloadResult   1: 1 op, 321462.00 ns, 321.4620 us/op
WorkloadResult   2: 1 op, 224624.00 ns, 224.6240 us/op
WorkloadResult   3: 1 op, 290225.00 ns, 290.2250 us/op
// GC:  0 0 0 108984 1
// Threading:  0 0 1

// AfterAll
// Benchmark Process 1612824 has exited with code 0.

Mean = 278.770 us, StdErr = 28.535 us (10.24%), N = 3, StdDev = 49.425 us
Min = 224.624 us, Q1 = 257.425 us, Median = 290.225 us, Q3 = 305.844 us, Max = 321.462 us
IQR = 48.419 us, LowerFence = 184.796 us, UpperFence = 378.472 us
ConfidenceInterval = [-622.921 us; 1,180.462 us] (CI 99.9%), Margin = 901.692 us (323.45% of Mean)
Skewness = -0.22, Kurtosis = 0.67, MValue = 2

// ** Remained 35 (35.4%) benchmark(s) to run. Estimated finish 2026-09-22 17:02 (0h 0m from now) **
// **************************
// Benchmark: SessionSetupDecompositionBenchmarks.ComponentA9a_DictionaryGrowthSpansResize: ShortRun(InvocationCount=1, IterationCount=3, LaunchCount=1, UnrollFactor=1, WarmupCount=3) [Sessions=100]
// *** Execute ***
// Launch: 1 / 1
// Execute: dotnet WinForward.Benchmarks-ShortRun-1.dll --anonymousPipes 123 125 --benchmarkName "WinForward.Benchmarks.Perf.SessionSetupDecompositionBenchmarks.ComponentA9a_DictionaryGrowthSpansResize(Sessions: 100)" --job ShortRun --benchmarkId 64 in /home/paff/Projects/WinForward/benchmarks/WinForward.Benchmarks/bin/Release/net10.0/WinForward.Benchmarks-ShortRun-1/bin/Release/net10.0
// Failed to set up high priority (Permission denied). In order to run benchmarks with high priority, make sure you have the right permissions.
// BeforeAnythingElse

// Benchmark Process Environment Information:
// BenchmarkDotNet v0.15.8
// Runtime=.NET 10.0.12 (10.0.12, 10.0.1226.42308), X64 RyuJIT x86-64-v4
// GC=Concurrent Workstation
// HardwareIntrinsics=AVX512 BITALG+VBMI2+VNNI+VPOPCNTDQ,AVX512 IFMA+VBMI,AVX512 F+BW+CD+DQ+VL,AVX2+BMI1+BMI2+F16C+FMA+LZCNT+MOVBE,AVX,SSE3+SSSE3+SSE4.1+SSE4.2+POPCNT,X86Base+SSE+SSE2,AES+PCLMUL,AvxVnni VectorSize=256
// Job: ShortRun(InvocationCount=1, IterationCount=3, LaunchCount=1, UnrollFactor=1, WarmupCount=3)

OverheadJitting  1: 1 op, 291017.00 ns, 291.0170 us/op
WorkloadJitting  1: 1 op, 14067072.00 ns, 14.0671 ms/op

OverheadWarmup   1: 1 op, 631.00 ns, 631.0000 ns/op
OverheadWarmup   2: 1 op, 270.00 ns, 270.0000 ns/op
OverheadWarmup   3: 1 op, 280.00 ns, 280.0000 ns/op
OverheadWarmup   4: 1 op, 290.00 ns, 290.0000 ns/op
OverheadWarmup   5: 1 op, 301.00 ns, 301.0000 ns/op
OverheadWarmup   6: 1 op, 461.00 ns, 461.0000 ns/op
OverheadWarmup   7: 1 op, 321.00 ns, 321.0000 ns/op
OverheadWarmup   8: 1 op, 361.00 ns, 361.0000 ns/op
OverheadWarmup   9: 1 op, 491.00 ns, 491.0000 ns/op
OverheadWarmup  10: 1 op, 521.00 ns, 521.0000 ns/op

OverheadActual   1: 1 op, 541.00 ns, 541.0000 ns/op
OverheadActual   2: 1 op, 420.00 ns, 420.0000 ns/op
OverheadActual   3: 1 op, 501.00 ns, 501.0000 ns/op
OverheadActual   4: 1 op, 431.00 ns, 431.0000 ns/op
OverheadActual   5: 1 op, 430.00 ns, 430.0000 ns/op
OverheadActual   6: 1 op, 611.00 ns, 611.0000 ns/op
OverheadActual   7: 1 op, 380.00 ns, 380.0000 ns/op
OverheadActual   8: 1 op, 381.00 ns, 381.0000 ns/op
OverheadActual   9: 1 op, 291.00 ns, 291.0000 ns/op
OverheadActual  10: 1 op, 281.00 ns, 281.0000 ns/op
OverheadActual  11: 1 op, 430.00 ns, 430.0000 ns/op
OverheadActual  12: 1 op, 501.00 ns, 501.0000 ns/op
OverheadActual  13: 1 op, 261.00 ns, 261.0000 ns/op
OverheadActual  14: 1 op, 280.00 ns, 280.0000 ns/op
OverheadActual  15: 1 op, 501.00 ns, 501.0000 ns/op
OverheadActual  16: 1 op, 541.00 ns, 541.0000 ns/op
OverheadActual  17: 1 op, 280.00 ns, 280.0000 ns/op
OverheadActual  18: 1 op, 451.00 ns, 451.0000 ns/op
OverheadActual  19: 1 op, 291.00 ns, 291.0000 ns/op
OverheadActual  20: 1 op, 461.00 ns, 461.0000 ns/op

WorkloadWarmup   1: 1 op, 2559699.00 ns, 2.5597 ms/op
WorkloadWarmup   2: 1 op, 1850070.00 ns, 1.8501 ms/op
WorkloadWarmup   3: 1 op, 1967557.00 ns, 1.9676 ms/op

// BeforeActualRun
WorkloadActual   1: 1 op, 6167068.00 ns, 6.1671 ms/op
WorkloadActual   2: 1 op, 1909130.00 ns, 1.9091 ms/op
WorkloadActual   3: 1 op, 2026426.00 ns, 2.0264 ms/op

// AfterActualRun
WorkloadResult   1: 1 op, 6166638.00 ns, 6.1666 ms/op
WorkloadResult   2: 1 op, 1908700.00 ns, 1.9087 ms/op
WorkloadResult   3: 1 op, 2025996.00 ns, 2.0260 ms/op
// GC:  0 0 0 950584 1
// Threading:  0 0 1

// AfterAll
// Benchmark Process 1612833 has exited with code 0.

Mean = 3.367 ms, StdErr = 1.400 ms (41.58%), N = 3, StdDev = 2.425 ms
Min = 1.909 ms, Q1 = 1.967 ms, Median = 2.026 ms, Q3 = 4.096 ms, Max = 6.167 ms
IQR = 2.129 ms, LowerFence = -1.226 ms, UpperFence = 7.290 ms
ConfidenceInterval = [-40.877 ms; 47.611 ms] (CI 99.9%), Margin = 44.244 ms (1314.01% of Mean)
Skewness = 0.38, Kurtosis = 0.67, MValue = 2

// ** Remained 34 (34.3%) benchmark(s) to run. Estimated finish 2026-09-22 17:02 (0h 0m from now) **
// **************************
// Benchmark: SessionSetupDecompositionBenchmarks.ComponentA9b_DictionaryGrowthNoResize: ShortRun(InvocationCount=1, IterationCount=3, LaunchCount=1, UnrollFactor=1, WarmupCount=3) [Sessions=100]
// *** Execute ***
// Launch: 1 / 1
// Execute: dotnet WinForward.Benchmarks-ShortRun-1.dll --anonymousPipes 123 125 --benchmarkName "WinForward.Benchmarks.Perf.SessionSetupDecompositionBenchmarks.ComponentA9b_DictionaryGrowthNoResize(Sessions: 100)" --job ShortRun --benchmarkId 65 in /home/paff/Projects/WinForward/benchmarks/WinForward.Benchmarks/bin/Release/net10.0/WinForward.Benchmarks-ShortRun-1/bin/Release/net10.0
// Failed to set up high priority (Permission denied). In order to run benchmarks with high priority, make sure you have the right permissions.
// BeforeAnythingElse

// Benchmark Process Environment Information:
// BenchmarkDotNet v0.15.8
// Runtime=.NET 10.0.12 (10.0.12, 10.0.1226.42308), X64 RyuJIT x86-64-v4
// GC=Concurrent Workstation
// HardwareIntrinsics=AVX512 BITALG+VBMI2+VNNI+VPOPCNTDQ,AVX512 IFMA+VBMI,AVX512 F+BW+CD+DQ+VL,AVX2+BMI1+BMI2+F16C+FMA+LZCNT+MOVBE,AVX,SSE3+SSSE3+SSE4.1+SSE4.2+POPCNT,X86Base+SSE+SSE2,AES+PCLMUL,AvxVnni VectorSize=256
// Job: ShortRun(InvocationCount=1, IterationCount=3, LaunchCount=1, UnrollFactor=1, WarmupCount=3)

OverheadJitting  1: 1 op, 263967.00 ns, 263.9670 us/op
WorkloadJitting  1: 1 op, 12200310.00 ns, 12.2003 ms/op

OverheadWarmup   1: 1 op, 441.00 ns, 441.0000 ns/op
OverheadWarmup   2: 1 op, 461.00 ns, 461.0000 ns/op
OverheadWarmup   3: 1 op, 350.00 ns, 350.0000 ns/op
OverheadWarmup   4: 1 op, 421.00 ns, 421.0000 ns/op
OverheadWarmup   5: 1 op, 380.00 ns, 380.0000 ns/op

OverheadActual   1: 1 op, 461.00 ns, 461.0000 ns/op
OverheadActual   2: 1 op, 421.00 ns, 421.0000 ns/op
OverheadActual   3: 1 op, 460.00 ns, 460.0000 ns/op
OverheadActual   4: 1 op, 481.00 ns, 481.0000 ns/op
OverheadActual   5: 1 op, 671.00 ns, 671.0000 ns/op
OverheadActual   6: 1 op, 501.00 ns, 501.0000 ns/op
OverheadActual   7: 1 op, 291.00 ns, 291.0000 ns/op
OverheadActual   8: 1 op, 281.00 ns, 281.0000 ns/op
OverheadActual   9: 1 op, 390.00 ns, 390.0000 ns/op
OverheadActual  10: 1 op, 341.00 ns, 341.0000 ns/op
OverheadActual  11: 1 op, 460.00 ns, 460.0000 ns/op
OverheadActual  12: 1 op, 380.00 ns, 380.0000 ns/op
OverheadActual  13: 1 op, 361.00 ns, 361.0000 ns/op
OverheadActual  14: 1 op, 330.00 ns, 330.0000 ns/op
OverheadActual  15: 1 op, 491.00 ns, 491.0000 ns/op
OverheadActual  16: 1 op, 380.00 ns, 380.0000 ns/op
OverheadActual  17: 1 op, 481.00 ns, 481.0000 ns/op
OverheadActual  18: 1 op, 471.00 ns, 471.0000 ns/op
OverheadActual  19: 1 op, 371.00 ns, 371.0000 ns/op
OverheadActual  20: 1 op, 420.00 ns, 420.0000 ns/op

WorkloadWarmup   1: 1 op, 2851837.00 ns, 2.8518 ms/op
WorkloadWarmup   2: 1 op, 1752140.00 ns, 1.7521 ms/op
WorkloadWarmup   3: 1 op, 1822490.00 ns, 1.8225 ms/op

// BeforeActualRun
WorkloadActual   1: 1 op, 6208154.00 ns, 6.2082 ms/op
WorkloadActual   2: 1 op, 1813723.00 ns, 1.8137 ms/op
WorkloadActual   3: 1 op, 1636597.00 ns, 1.6366 ms/op

// AfterActualRun
WorkloadResult   1: 1 op, 6207733.50 ns, 6.2077 ms/op
WorkloadResult   2: 1 op, 1813302.50 ns, 1.8133 ms/op
WorkloadResult   3: 1 op, 1636176.50 ns, 1.6362 ms/op
// GC:  0 0 0 787288 1
// Threading:  0 0 1

// AfterAll
// Benchmark Process 1612842 has exited with code 0.

Mean = 3.219 ms, StdErr = 1.495 ms (46.45%), N = 3, StdDev = 2.590 ms
Min = 1.636 ms, Q1 = 1.725 ms, Median = 1.813 ms, Q3 = 4.011 ms, Max = 6.208 ms
IQR = 2.286 ms, LowerFence = -1.704 ms, UpperFence = 7.439 ms
ConfidenceInterval = [-44.028 ms; 50.466 ms] (CI 99.9%), Margin = 47.247 ms (1467.72% of Mean)
Skewness = 0.38, Kurtosis = 0.67, MValue = 2

// ** Remained 33 (33.3%) benchmark(s) to run. Estimated finish 2026-09-22 17:02 (0h 0m from now) **
// **************************
// Benchmark: SessionSetupDecompositionBenchmarks.StageS0_CoordinatorOnly: ShortRun(InvocationCount=1, IterationCount=3, LaunchCount=1, UnrollFactor=1, WarmupCount=3) [Sessions=1000]
// *** Execute ***
// Launch: 1 / 1
// Execute: dotnet WinForward.Benchmarks-ShortRun-1.dll --anonymousPipes 123 125 --benchmarkName "WinForward.Benchmarks.Perf.SessionSetupDecompositionBenchmarks.StageS0_CoordinatorOnly(Sessions: 1000)" --job ShortRun --benchmarkId 66 in /home/paff/Projects/WinForward/benchmarks/WinForward.Benchmarks/bin/Release/net10.0/WinForward.Benchmarks-ShortRun-1/bin/Release/net10.0
// Failed to set up high priority (Permission denied). In order to run benchmarks with high priority, make sure you have the right permissions.
// BeforeAnythingElse

// Benchmark Process Environment Information:
// BenchmarkDotNet v0.15.8
// Runtime=.NET 10.0.12 (10.0.12, 10.0.1226.42308), X64 RyuJIT x86-64-v4
// GC=Concurrent Workstation
// HardwareIntrinsics=AVX512 BITALG+VBMI2+VNNI+VPOPCNTDQ,AVX512 IFMA+VBMI,AVX512 F+BW+CD+DQ+VL,AVX2+BMI1+BMI2+F16C+FMA+LZCNT+MOVBE,AVX,SSE3+SSSE3+SSE4.1+SSE4.2+POPCNT,X86Base+SSE+SSE2,AES+PCLMUL,AvxVnni VectorSize=256
// Job: ShortRun(InvocationCount=1, IterationCount=3, LaunchCount=1, UnrollFactor=1, WarmupCount=3)

OverheadJitting  1: 1 op, 262714.00 ns, 262.7140 us/op
WorkloadJitting  1: 1 op, 6365464.00 ns, 6.3655 ms/op

OverheadWarmup   1: 1 op, 421.00 ns, 421.0000 ns/op
OverheadWarmup   2: 1 op, 261.00 ns, 261.0000 ns/op
OverheadWarmup   3: 1 op, 440.00 ns, 440.0000 ns/op
OverheadWarmup   4: 1 op, 441.00 ns, 441.0000 ns/op
OverheadWarmup   5: 1 op, 501.00 ns, 501.0000 ns/op
OverheadWarmup   6: 1 op, 431.00 ns, 431.0000 ns/op
OverheadWarmup   7: 1 op, 260.00 ns, 260.0000 ns/op
OverheadWarmup   8: 1 op, 261.00 ns, 261.0000 ns/op
OverheadWarmup   9: 1 op, 270.00 ns, 270.0000 ns/op
OverheadWarmup  10: 1 op, 260.00 ns, 260.0000 ns/op

OverheadActual   1: 1 op, 411.00 ns, 411.0000 ns/op
OverheadActual   2: 1 op, 411.00 ns, 411.0000 ns/op
OverheadActual   3: 1 op, 421.00 ns, 421.0000 ns/op
OverheadActual   4: 1 op, 411.00 ns, 411.0000 ns/op
OverheadActual   5: 1 op, 421.00 ns, 421.0000 ns/op
OverheadActual   6: 1 op, 260.00 ns, 260.0000 ns/op
OverheadActual   7: 1 op, 260.00 ns, 260.0000 ns/op
OverheadActual   8: 1 op, 421.00 ns, 421.0000 ns/op
OverheadActual   9: 1 op, 441.00 ns, 441.0000 ns/op
OverheadActual  10: 1 op, 260.00 ns, 260.0000 ns/op
OverheadActual  11: 1 op, 440.00 ns, 440.0000 ns/op
OverheadActual  12: 1 op, 431.00 ns, 431.0000 ns/op
OverheadActual  13: 1 op, 451.00 ns, 451.0000 ns/op
OverheadActual  14: 1 op, 421.00 ns, 421.0000 ns/op
OverheadActual  15: 1 op, 451.00 ns, 451.0000 ns/op
OverheadActual  16: 1 op, 271.00 ns, 271.0000 ns/op
OverheadActual  17: 1 op, 261.00 ns, 261.0000 ns/op
OverheadActual  18: 1 op, 350.00 ns, 350.0000 ns/op
OverheadActual  19: 1 op, 260.00 ns, 260.0000 ns/op
OverheadActual  20: 1 op, 260.00 ns, 260.0000 ns/op

WorkloadWarmup   1: 1 op, 241195.00 ns, 241.1950 us/op
WorkloadWarmup   2: 1 op, 61754.00 ns, 61.7540 us/op
WorkloadWarmup   3: 1 op, 57937.00 ns, 57.9370 us/op

// BeforeActualRun
WorkloadActual   1: 1 op, 80238.00 ns, 80.2380 us/op
WorkloadActual   2: 1 op, 60110.00 ns, 60.1100 us/op
WorkloadActual   3: 1 op, 57987.00 ns, 57.9870 us/op

// AfterActualRun
WorkloadResult   1: 1 op, 79827.00 ns, 79.8270 us/op
WorkloadResult   2: 1 op, 59699.00 ns, 59.6990 us/op
WorkloadResult   3: 1 op, 57576.00 ns, 57.5760 us/op
// GC:  0 0 0 496824 1
// Threading:  0 0 1

// AfterAll
// Benchmark Process 1612853 has exited with code 0.

Mean = 65.701 us, StdErr = 7.090 us (10.79%), N = 3, StdDev = 12.280 us
Min = 57.576 us, Q1 = 58.638 us, Median = 59.699 us, Q3 = 69.763 us, Max = 79.827 us
IQR = 11.126 us, LowerFence = 41.949 us, UpperFence = 86.451 us
ConfidenceInterval = [-158.327 us; 289.729 us] (CI 99.9%), Margin = 224.028 us (340.98% of Mean)
Skewness = 0.37, Kurtosis = 0.67, MValue = 2

// ** Remained 32 (32.3%) benchmark(s) to run. Estimated finish 2026-09-22 17:02 (0h 0m from now) **
// **************************
// Benchmark: SessionSetupDecompositionBenchmarks.StageS1_AdmissionOnlyAsync: ShortRun(InvocationCount=1, IterationCount=3, LaunchCount=1, UnrollFactor=1, WarmupCount=3) [Sessions=1000]
// *** Execute ***
// Launch: 1 / 1
// Execute: dotnet WinForward.Benchmarks-ShortRun-1.dll --anonymousPipes 123 125 --benchmarkName "WinForward.Benchmarks.Perf.SessionSetupDecompositionBenchmarks.StageS1_AdmissionOnlyAsync(Sessions: 1000)" --job ShortRun --benchmarkId 67 in /home/paff/Projects/WinForward/benchmarks/WinForward.Benchmarks/bin/Release/net10.0/WinForward.Benchmarks-ShortRun-1/bin/Release/net10.0
// Failed to set up high priority (Permission denied). In order to run benchmarks with high priority, make sure you have the right permissions.
// BeforeAnythingElse

// Benchmark Process Environment Information:
// BenchmarkDotNet v0.15.8
// Runtime=.NET 10.0.12 (10.0.12, 10.0.1226.42308), X64 RyuJIT x86-64-v4
// GC=Concurrent Workstation
// HardwareIntrinsics=AVX512 BITALG+VBMI2+VNNI+VPOPCNTDQ,AVX512 IFMA+VBMI,AVX512 F+BW+CD+DQ+VL,AVX2+BMI1+BMI2+F16C+FMA+LZCNT+MOVBE,AVX,SSE3+SSSE3+SSE4.1+SSE4.2+POPCNT,X86Base+SSE+SSE2,AES+PCLMUL,AvxVnni VectorSize=256
// Job: ShortRun(InvocationCount=1, IterationCount=3, LaunchCount=1, UnrollFactor=1, WarmupCount=3)

OverheadJitting  1: 1 op, 259509.00 ns, 259.5090 us/op
WorkloadJitting  1: 1 op, 27960931.00 ns, 27.9609 ms/op

OverheadWarmup   1: 1 op, 972.00 ns, 972.0000 ns/op
OverheadWarmup   2: 1 op, 581.00 ns, 581.0000 ns/op
OverheadWarmup   3: 1 op, 471.00 ns, 471.0000 ns/op
OverheadWarmup   4: 1 op, 521.00 ns, 521.0000 ns/op
OverheadWarmup   5: 1 op, 491.00 ns, 491.0000 ns/op
OverheadWarmup   6: 1 op, 331.00 ns, 331.0000 ns/op
OverheadWarmup   7: 1 op, 260.00 ns, 260.0000 ns/op
OverheadWarmup   8: 1 op, 491.00 ns, 491.0000 ns/op
OverheadWarmup   9: 1 op, 261.00 ns, 261.0000 ns/op

OverheadActual   1: 1 op, 441.00 ns, 441.0000 ns/op
OverheadActual   2: 1 op, 531.00 ns, 531.0000 ns/op
OverheadActual   3: 1 op, 501.00 ns, 501.0000 ns/op
OverheadActual   4: 1 op, 471.00 ns, 471.0000 ns/op
OverheadActual   5: 1 op, 371.00 ns, 371.0000 ns/op
OverheadActual   6: 1 op, 481.00 ns, 481.0000 ns/op
OverheadActual   7: 1 op, 271.00 ns, 271.0000 ns/op
OverheadActual   8: 1 op, 411.00 ns, 411.0000 ns/op
OverheadActual   9: 1 op, 501.00 ns, 501.0000 ns/op
OverheadActual  10: 1 op, 511.00 ns, 511.0000 ns/op
OverheadActual  11: 1 op, 271.00 ns, 271.0000 ns/op
OverheadActual  12: 1 op, 461.00 ns, 461.0000 ns/op
OverheadActual  13: 1 op, 521.00 ns, 521.0000 ns/op
OverheadActual  14: 1 op, 531.00 ns, 531.0000 ns/op
OverheadActual  15: 1 op, 260.00 ns, 260.0000 ns/op
OverheadActual  16: 1 op, 271.00 ns, 271.0000 ns/op
OverheadActual  17: 1 op, 261.00 ns, 261.0000 ns/op
OverheadActual  18: 1 op, 451.00 ns, 451.0000 ns/op
OverheadActual  19: 1 op, 270.00 ns, 270.0000 ns/op
OverheadActual  20: 1 op, 491.00 ns, 491.0000 ns/op

WorkloadWarmup   1: 1 op, 3135480.00 ns, 3.1355 ms/op
WorkloadWarmup   2: 1 op, 2390556.00 ns, 2.3906 ms/op
WorkloadWarmup   3: 1 op, 2360181.00 ns, 2.3602 ms/op

// BeforeActualRun
WorkloadActual   1: 1 op, 3055566.00 ns, 3.0556 ms/op
WorkloadActual   2: 1 op, 3189009.00 ns, 3.1890 ms/op
WorkloadActual   3: 1 op, 2337679.00 ns, 2.3377 ms/op

// AfterActualRun
WorkloadResult   1: 1 op, 3055110.00 ns, 3.0551 ms/op
WorkloadResult   2: 1 op, 3188553.00 ns, 3.1886 ms/op
WorkloadResult   3: 1 op, 2337223.00 ns, 2.3372 ms/op
// GC:  0 0 0 1323696 1
// Threading:  0 0 1

// AfterAll
// Benchmark Process 1612867 has exited with code 0.

Mean = 2.860 ms, StdErr = 0.264 ms (9.24%), N = 3, StdDev = 0.458 ms
Min = 2.337 ms, Q1 = 2.696 ms, Median = 3.055 ms, Q3 = 3.122 ms, Max = 3.189 ms
IQR = 0.426 ms, LowerFence = 2.058 ms, UpperFence = 3.760 ms
ConfidenceInterval = [-5.493 ms; 11.214 ms] (CI 99.9%), Margin = 8.353 ms (292.05% of Mean)
Skewness = -0.35, Kurtosis = 0.67, MValue = 2

// ** Remained 31 (31.3%) benchmark(s) to run. Estimated finish 2026-09-22 17:02 (0h 0m from now) **
// **************************
// Benchmark: SessionSetupDecompositionBenchmarks.StageS2_SetupStartedAsync: ShortRun(InvocationCount=1, IterationCount=3, LaunchCount=1, UnrollFactor=1, WarmupCount=3) [Sessions=1000]
// *** Execute ***
// Launch: 1 / 1
// Execute: dotnet WinForward.Benchmarks-ShortRun-1.dll --anonymousPipes 123 125 --benchmarkName "WinForward.Benchmarks.Perf.SessionSetupDecompositionBenchmarks.StageS2_SetupStartedAsync(Sessions: 1000)" --job ShortRun --benchmarkId 68 in /home/paff/Projects/WinForward/benchmarks/WinForward.Benchmarks/bin/Release/net10.0/WinForward.Benchmarks-ShortRun-1/bin/Release/net10.0
// Failed to set up high priority (Permission denied). In order to run benchmarks with high priority, make sure you have the right permissions.
// BeforeAnythingElse

// Benchmark Process Environment Information:
// BenchmarkDotNet v0.15.8
// Runtime=.NET 10.0.12 (10.0.12, 10.0.1226.42308), X64 RyuJIT x86-64-v4
// GC=Concurrent Workstation
// HardwareIntrinsics=AVX512 BITALG+VBMI2+VNNI+VPOPCNTDQ,AVX512 IFMA+VBMI,AVX512 F+BW+CD+DQ+VL,AVX2+BMI1+BMI2+F16C+FMA+LZCNT+MOVBE,AVX,SSE3+SSSE3+SSE4.1+SSE4.2+POPCNT,X86Base+SSE+SSE2,AES+PCLMUL,AvxVnni VectorSize=256
// Job: ShortRun(InvocationCount=1, IterationCount=3, LaunchCount=1, UnrollFactor=1, WarmupCount=3)

OverheadJitting  1: 1 op, 296757.00 ns, 296.7570 us/op
WorkloadJitting  1: 1 op, 118159023.00 ns, 118.1590 ms/op

OverheadWarmup   1: 1 op, 701.00 ns, 701.0000 ns/op
OverheadWarmup   2: 1 op, 571.00 ns, 571.0000 ns/op
OverheadWarmup   3: 1 op, 551.00 ns, 551.0000 ns/op
OverheadWarmup   4: 1 op, 521.00 ns, 521.0000 ns/op
OverheadWarmup   5: 1 op, 471.00 ns, 471.0000 ns/op
OverheadWarmup   6: 1 op, 460.00 ns, 460.0000 ns/op
OverheadWarmup   7: 1 op, 531.00 ns, 531.0000 ns/op
OverheadWarmup   8: 1 op, 541.00 ns, 541.0000 ns/op
OverheadWarmup   9: 1 op, 450.00 ns, 450.0000 ns/op
OverheadWarmup  10: 1 op, 481.00 ns, 481.0000 ns/op

OverheadActual   1: 1 op, 501.00 ns, 501.0000 ns/op
OverheadActual   2: 1 op, 451.00 ns, 451.0000 ns/op
OverheadActual   3: 1 op, 551.00 ns, 551.0000 ns/op
OverheadActual   4: 1 op, 471.00 ns, 471.0000 ns/op
OverheadActual   5: 1 op, 461.00 ns, 461.0000 ns/op
OverheadActual   6: 1 op, 271.00 ns, 271.0000 ns/op
OverheadActual   7: 1 op, 261.00 ns, 261.0000 ns/op
OverheadActual   8: 1 op, 270.00 ns, 270.0000 ns/op
OverheadActual   9: 1 op, 481.00 ns, 481.0000 ns/op
OverheadActual  10: 1 op, 882.00 ns, 882.0000 ns/op
OverheadActual  11: 1 op, 461.00 ns, 461.0000 ns/op
OverheadActual  12: 1 op, 281.00 ns, 281.0000 ns/op
OverheadActual  13: 1 op, 451.00 ns, 451.0000 ns/op
OverheadActual  14: 1 op, 280.00 ns, 280.0000 ns/op
OverheadActual  15: 1 op, 491.00 ns, 491.0000 ns/op
OverheadActual  16: 1 op, 281.00 ns, 281.0000 ns/op
OverheadActual  17: 1 op, 511.00 ns, 511.0000 ns/op
OverheadActual  18: 1 op, 400.00 ns, 400.0000 ns/op
OverheadActual  19: 1 op, 491.00 ns, 491.0000 ns/op
OverheadActual  20: 1 op, 260.00 ns, 260.0000 ns/op

WorkloadWarmup   1: 1 op, 81125275.00 ns, 81.1253 ms/op
WorkloadWarmup   2: 1 op, 82633717.00 ns, 82.6337 ms/op
WorkloadWarmup   3: 1 op, 80937891.00 ns, 80.9379 ms/op

// BeforeActualRun
WorkloadActual   1: 1 op, 79777730.00 ns, 79.7777 ms/op
WorkloadActual   2: 1 op, 81412793.00 ns, 81.4128 ms/op
WorkloadActual   3: 1 op, 79727846.00 ns, 79.7278 ms/op

// AfterActualRun
WorkloadResult   1: 1 op, 79777274.00 ns, 79.7773 ms/op
WorkloadResult   2: 1 op, 81412337.00 ns, 81.4123 ms/op
WorkloadResult   3: 1 op, 79727390.00 ns, 79.7274 ms/op
// GC:  0 0 0 1352808 1
// Threading:  4 9 1

// AfterAll
// Benchmark Process 1612876 has exited with code 0.

Mean = 80.306 ms, StdErr = 0.554 ms (0.69%), N = 3, StdDev = 0.959 ms
Min = 79.727 ms, Q1 = 79.752 ms, Median = 79.777 ms, Q3 = 80.595 ms, Max = 81.412 ms
IQR = 0.842 ms, LowerFence = 78.489 ms, UpperFence = 81.859 ms
ConfidenceInterval = [62.815 ms; 97.796 ms] (CI 99.9%), Margin = 17.491 ms (21.78% of Mean)
Skewness = 0.38, Kurtosis = 0.67, MValue = 2

// ** Remained 30 (30.3%) benchmark(s) to run. Estimated finish 2026-09-22 17:02 (0h 0m from now) **
// **************************
// Benchmark: SessionSetupDecompositionBenchmarks.StageS3_PipelineNoPayloadAsync: ShortRun(InvocationCount=1, IterationCount=3, LaunchCount=1, UnrollFactor=1, WarmupCount=3) [Sessions=1000]
// *** Execute ***
// Launch: 1 / 1
// Execute: dotnet WinForward.Benchmarks-ShortRun-1.dll --anonymousPipes 123 125 --benchmarkName "WinForward.Benchmarks.Perf.SessionSetupDecompositionBenchmarks.StageS3_PipelineNoPayloadAsync(Sessions: 1000)" --job ShortRun --benchmarkId 69 in /home/paff/Projects/WinForward/benchmarks/WinForward.Benchmarks/bin/Release/net10.0/WinForward.Benchmarks-ShortRun-1/bin/Release/net10.0
// Failed to set up high priority (Permission denied). In order to run benchmarks with high priority, make sure you have the right permissions.
// BeforeAnythingElse

// Benchmark Process Environment Information:
// BenchmarkDotNet v0.15.8
// Runtime=.NET 10.0.12 (10.0.12, 10.0.1226.42308), X64 RyuJIT x86-64-v4
// GC=Concurrent Workstation
// HardwareIntrinsics=AVX512 BITALG+VBMI2+VNNI+VPOPCNTDQ,AVX512 IFMA+VBMI,AVX512 F+BW+CD+DQ+VL,AVX2+BMI1+BMI2+F16C+FMA+LZCNT+MOVBE,AVX,SSE3+SSSE3+SSE4.1+SSE4.2+POPCNT,X86Base+SSE+SSE2,AES+PCLMUL,AvxVnni VectorSize=256
// Job: ShortRun(InvocationCount=1, IterationCount=3, LaunchCount=1, UnrollFactor=1, WarmupCount=3)

OverheadJitting  1: 1 op, 416227.00 ns, 416.2270 us/op
WorkloadJitting  1: 1 op, 124960277.00 ns, 124.9603 ms/op

OverheadWarmup   1: 1 op, 1383.00 ns, 1.3830 us/op
OverheadWarmup   2: 1 op, 652.00 ns, 652.0000 ns/op
OverheadWarmup   3: 1 op, 541.00 ns, 541.0000 ns/op
OverheadWarmup   4: 1 op, 521.00 ns, 521.0000 ns/op
OverheadWarmup   5: 1 op, 561.00 ns, 561.0000 ns/op
OverheadWarmup   6: 1 op, 551.00 ns, 551.0000 ns/op
OverheadWarmup   7: 1 op, 290.00 ns, 290.0000 ns/op
OverheadWarmup   8: 1 op, 511.00 ns, 511.0000 ns/op
OverheadWarmup   9: 1 op, 541.00 ns, 541.0000 ns/op
OverheadWarmup  10: 1 op, 270.00 ns, 270.0000 ns/op

OverheadActual   1: 1 op, 501.00 ns, 501.0000 ns/op
OverheadActual   2: 1 op, 551.00 ns, 551.0000 ns/op
OverheadActual   3: 1 op, 521.00 ns, 521.0000 ns/op
OverheadActual   4: 1 op, 501.00 ns, 501.0000 ns/op
OverheadActual   5: 1 op, 290.00 ns, 290.0000 ns/op
OverheadActual   6: 1 op, 291.00 ns, 291.0000 ns/op
OverheadActual   7: 1 op, 300.00 ns, 300.0000 ns/op
OverheadActual   8: 1 op, 291.00 ns, 291.0000 ns/op
OverheadActual   9: 1 op, 290.00 ns, 290.0000 ns/op
OverheadActual  10: 1 op, 280.00 ns, 280.0000 ns/op
OverheadActual  11: 1 op, 531.00 ns, 531.0000 ns/op
OverheadActual  12: 1 op, 280.00 ns, 280.0000 ns/op
OverheadActual  13: 1 op, 291.00 ns, 291.0000 ns/op
OverheadActual  14: 1 op, 581.00 ns, 581.0000 ns/op
OverheadActual  15: 1 op, 281.00 ns, 281.0000 ns/op
OverheadActual  16: 1 op, 281.00 ns, 281.0000 ns/op
OverheadActual  17: 1 op, 270.00 ns, 270.0000 ns/op
OverheadActual  18: 1 op, 421.00 ns, 421.0000 ns/op
OverheadActual  19: 1 op, 280.00 ns, 280.0000 ns/op
OverheadActual  20: 1 op, 281.00 ns, 281.0000 ns/op

WorkloadWarmup   1: 1 op, 62414118.00 ns, 62.4141 ms/op
WorkloadWarmup   2: 1 op, 67926163.00 ns, 67.9262 ms/op
WorkloadWarmup   3: 1 op, 63660438.00 ns, 63.6604 ms/op

// BeforeActualRun
WorkloadActual   1: 1 op, 76330158.00 ns, 76.3302 ms/op
WorkloadActual   2: 1 op, 69329125.00 ns, 69.3291 ms/op
WorkloadActual   3: 1 op, 58388560.00 ns, 58.3886 ms/op

// AfterActualRun
WorkloadResult   1: 1 op, 76329867.00 ns, 76.3299 ms/op
WorkloadResult   2: 1 op, 69328834.00 ns, 69.3288 ms/op
WorkloadResult   3: 1 op, 58388269.00 ns, 58.3883 ms/op
// GC:  0 0 0 4035200 1
// Threading:  991 393 1

// AfterAll
// Benchmark Process 1613431 has exited with code 0.

Mean = 68.016 ms, StdErr = 5.221 ms (7.68%), N = 3, StdDev = 9.043 ms
Min = 58.388 ms, Q1 = 63.859 ms, Median = 69.329 ms, Q3 = 72.829 ms, Max = 76.330 ms
IQR = 8.971 ms, LowerFence = 50.402 ms, UpperFence = 86.286 ms
ConfidenceInterval = [-96.955 ms; 232.986 ms] (CI 99.9%), Margin = 164.971 ms (242.55% of Mean)
Skewness = -0.14, Kurtosis = 0.67, MValue = 2

// ** Remained 29 (29.3%) benchmark(s) to run. Estimated finish 2026-09-22 17:02 (0h 0m from now) **
// **************************
// Benchmark: SessionSetupDecompositionBenchmarks.StageS4_ReadinessTeardownOutsideAsync: ShortRun(InvocationCount=1, IterationCount=3, LaunchCount=1, UnrollFactor=1, WarmupCount=3) [Sessions=1000]
// *** Execute ***
// Launch: 1 / 1
// Execute: dotnet WinForward.Benchmarks-ShortRun-1.dll --anonymousPipes 123 125 --benchmarkName "WinForward.Benchmarks.Perf.SessionSetupDecompositionBenchmarks.StageS4_ReadinessTeardownOutsideAsync(Sessions: 1000)" --job ShortRun --benchmarkId 70 in /home/paff/Projects/WinForward/benchmarks/WinForward.Benchmarks/bin/Release/net10.0/WinForward.Benchmarks-ShortRun-1/bin/Release/net10.0
// Failed to set up high priority (Permission denied). In order to run benchmarks with high priority, make sure you have the right permissions.
// BeforeAnythingElse

// Benchmark Process Environment Information:
// BenchmarkDotNet v0.15.8
// Runtime=.NET 10.0.12 (10.0.12, 10.0.1226.42308), X64 RyuJIT x86-64-v4
// GC=Concurrent Workstation
// HardwareIntrinsics=AVX512 BITALG+VBMI2+VNNI+VPOPCNTDQ,AVX512 IFMA+VBMI,AVX512 F+BW+CD+DQ+VL,AVX2+BMI1+BMI2+F16C+FMA+LZCNT+MOVBE,AVX,SSE3+SSSE3+SSE4.1+SSE4.2+POPCNT,X86Base+SSE+SSE2,AES+PCLMUL,AvxVnni VectorSize=256
// Job: ShortRun(InvocationCount=1, IterationCount=3, LaunchCount=1, UnrollFactor=1, WarmupCount=3)

OverheadJitting  1: 1 op, 262354.00 ns, 262.3540 us/op
WorkloadJitting  1: 1 op, 124098496.00 ns, 124.0985 ms/op

OverheadWarmup   1: 1 op, 581.00 ns, 581.0000 ns/op
OverheadWarmup   2: 1 op, 371.00 ns, 371.0000 ns/op
OverheadWarmup   3: 1 op, 681.00 ns, 681.0000 ns/op
OverheadWarmup   4: 1 op, 471.00 ns, 471.0000 ns/op
OverheadWarmup   5: 1 op, 481.00 ns, 481.0000 ns/op
OverheadWarmup   6: 1 op, 511.00 ns, 511.0000 ns/op
OverheadWarmup   7: 1 op, 531.00 ns, 531.0000 ns/op
OverheadWarmup   8: 1 op, 461.00 ns, 461.0000 ns/op

OverheadActual   1: 1 op, 501.00 ns, 501.0000 ns/op
OverheadActual   2: 1 op, 490.00 ns, 490.0000 ns/op
OverheadActual   3: 1 op, 501.00 ns, 501.0000 ns/op
OverheadActual   4: 1 op, 481.00 ns, 481.0000 ns/op
OverheadActual   5: 1 op, 501.00 ns, 501.0000 ns/op
OverheadActual   6: 1 op, 290.00 ns, 290.0000 ns/op
OverheadActual   7: 1 op, 501.00 ns, 501.0000 ns/op
OverheadActual   8: 1 op, 380.00 ns, 380.0000 ns/op
OverheadActual   9: 1 op, 370.00 ns, 370.0000 ns/op
OverheadActual  10: 1 op, 370.00 ns, 370.0000 ns/op
OverheadActual  11: 1 op, 381.00 ns, 381.0000 ns/op
OverheadActual  12: 1 op, 431.00 ns, 431.0000 ns/op
OverheadActual  13: 1 op, 501.00 ns, 501.0000 ns/op
OverheadActual  14: 1 op, 381.00 ns, 381.0000 ns/op
OverheadActual  15: 1 op, 370.00 ns, 370.0000 ns/op
OverheadActual  16: 1 op, 260.00 ns, 260.0000 ns/op
OverheadActual  17: 1 op, 280.00 ns, 280.0000 ns/op
OverheadActual  18: 1 op, 290.00 ns, 290.0000 ns/op
OverheadActual  19: 1 op, 230.00 ns, 230.0000 ns/op
OverheadActual  20: 1 op, 370.00 ns, 370.0000 ns/op

WorkloadWarmup   1: 1 op, 65690920.00 ns, 65.6909 ms/op
WorkloadWarmup   2: 1 op, 59597991.00 ns, 59.5980 ms/op
WorkloadWarmup   3: 1 op, 61689249.00 ns, 61.6892 ms/op

// BeforeActualRun
WorkloadActual   1: 1 op, 63975607.00 ns, 63.9756 ms/op
WorkloadActual   2: 1 op, 63397031.00 ns, 63.3970 ms/op
WorkloadActual   3: 1 op, 60052825.00 ns, 60.0528 ms/op

// AfterActualRun
WorkloadResult   1: 1 op, 63975226.50 ns, 63.9752 ms/op
WorkloadResult   2: 1 op, 63396650.50 ns, 63.3967 ms/op
WorkloadResult   3: 1 op, 60052444.50 ns, 60.0524 ms/op
// GC:  0 0 0 3757912 1
// Threading:  994 524 1

// AfterAll
// Benchmark Process 1613995 has exited with code 0.

Mean = 62.475 ms, StdErr = 1.223 ms (1.96%), N = 3, StdDev = 2.118 ms
Min = 60.052 ms, Q1 = 61.725 ms, Median = 63.397 ms, Q3 = 63.686 ms, Max = 63.975 ms
IQR = 1.961 ms, LowerFence = 58.782 ms, UpperFence = 66.628 ms
ConfidenceInterval = [23.841 ms; 101.109 ms] (CI 99.9%), Margin = 38.634 ms (61.84% of Mean)
Skewness = -0.35, Kurtosis = 0.67, MValue = 2

// ** Remained 28 (28.3%) benchmark(s) to run. Estimated finish 2026-09-22 17:02 (0h 0m from now) **
// **************************
// Benchmark: SessionSetupDecompositionBenchmarks.StageS5_ReadinessTeardownInsideAsync: ShortRun(InvocationCount=1, IterationCount=3, LaunchCount=1, UnrollFactor=1, WarmupCount=3) [Sessions=1000]
// *** Execute ***
// Launch: 1 / 1
// Execute: dotnet WinForward.Benchmarks-ShortRun-1.dll --anonymousPipes 123 125 --benchmarkName "WinForward.Benchmarks.Perf.SessionSetupDecompositionBenchmarks.StageS5_ReadinessTeardownInsideAsync(Sessions: 1000)" --job ShortRun --benchmarkId 71 in /home/paff/Projects/WinForward/benchmarks/WinForward.Benchmarks/bin/Release/net10.0/WinForward.Benchmarks-ShortRun-1/bin/Release/net10.0
// Failed to set up high priority (Permission denied). In order to run benchmarks with high priority, make sure you have the right permissions.
// BeforeAnythingElse

// Benchmark Process Environment Information:
// BenchmarkDotNet v0.15.8
// Runtime=.NET 10.0.12 (10.0.12, 10.0.1226.42308), X64 RyuJIT x86-64-v4
// GC=Concurrent Workstation
// HardwareIntrinsics=AVX512 BITALG+VBMI2+VNNI+VPOPCNTDQ,AVX512 IFMA+VBMI,AVX512 F+BW+CD+DQ+VL,AVX2+BMI1+BMI2+F16C+FMA+LZCNT+MOVBE,AVX,SSE3+SSSE3+SSE4.1+SSE4.2+POPCNT,X86Base+SSE+SSE2,AES+PCLMUL,AvxVnni VectorSize=256
// Job: ShortRun(InvocationCount=1, IterationCount=3, LaunchCount=1, UnrollFactor=1, WarmupCount=3)

OverheadJitting  1: 1 op, 261312.00 ns, 261.3120 us/op
WorkloadJitting  1: 1 op, 151478422.00 ns, 151.4784 ms/op

OverheadWarmup   1: 1 op, 421.00 ns, 421.0000 ns/op
OverheadWarmup   2: 1 op, 1062.00 ns, 1.0620 us/op
OverheadWarmup   3: 1 op, 480.00 ns, 480.0000 ns/op
OverheadWarmup   4: 1 op, 301.00 ns, 301.0000 ns/op
OverheadWarmup   5: 1 op, 301.00 ns, 301.0000 ns/op
OverheadWarmup   6: 1 op, 291.00 ns, 291.0000 ns/op

OverheadActual   1: 1 op, 501.00 ns, 501.0000 ns/op
OverheadActual   2: 1 op, 471.00 ns, 471.0000 ns/op
OverheadActual   3: 1 op, 441.00 ns, 441.0000 ns/op
OverheadActual   4: 1 op, 431.00 ns, 431.0000 ns/op
OverheadActual   5: 1 op, 430.00 ns, 430.0000 ns/op
OverheadActual   6: 1 op, 261.00 ns, 261.0000 ns/op
OverheadActual   7: 1 op, 260.00 ns, 260.0000 ns/op
OverheadActual   8: 1 op, 261.00 ns, 261.0000 ns/op
OverheadActual   9: 1 op, 260.00 ns, 260.0000 ns/op
OverheadActual  10: 1 op, 261.00 ns, 261.0000 ns/op
OverheadActual  11: 1 op, 471.00 ns, 471.0000 ns/op
OverheadActual  12: 1 op, 260.00 ns, 260.0000 ns/op
OverheadActual  13: 1 op, 591.00 ns, 591.0000 ns/op
OverheadActual  14: 1 op, 541.00 ns, 541.0000 ns/op
OverheadActual  15: 1 op, 501.00 ns, 501.0000 ns/op
OverheadActual  16: 1 op, 270.00 ns, 270.0000 ns/op
OverheadActual  17: 1 op, 571.00 ns, 571.0000 ns/op
OverheadActual  18: 1 op, 391.00 ns, 391.0000 ns/op
OverheadActual  19: 1 op, 351.00 ns, 351.0000 ns/op
OverheadActual  20: 1 op, 321.00 ns, 321.0000 ns/op

WorkloadWarmup   1: 1 op, 86027393.00 ns, 86.0274 ms/op
WorkloadWarmup   2: 1 op, 82493711.00 ns, 82.4937 ms/op
WorkloadWarmup   3: 1 op, 82427949.00 ns, 82.4279 ms/op

// BeforeActualRun
WorkloadActual   1: 1 op, 89879855.00 ns, 89.8799 ms/op
WorkloadActual   2: 1 op, 80271183.00 ns, 80.2712 ms/op
WorkloadActual   3: 1 op, 81713719.00 ns, 81.7137 ms/op

// AfterActualRun
WorkloadResult   1: 1 op, 89879444.50 ns, 89.8794 ms/op
WorkloadResult   2: 1 op, 80270772.50 ns, 80.2708 ms/op
WorkloadResult   3: 1 op, 81713308.50 ns, 81.7133 ms/op
// GC:  0 0 0 5715584 1
// Threading:  1994 566 1
// Exceptions:  2128

// AfterAll
// Benchmark Process 1614554 has exited with code 0.

Mean = 83.955 ms, StdErr = 2.992 ms (3.56%), N = 3, StdDev = 5.182 ms
Min = 80.271 ms, Q1 = 80.992 ms, Median = 81.713 ms, Q3 = 85.796 ms, Max = 89.879 ms
IQR = 4.804 ms, LowerFence = 73.786 ms, UpperFence = 93.003 ms
ConfidenceInterval = [-10.577 ms; 178.486 ms] (CI 99.9%), Margin = 94.531 ms (112.60% of Mean)
Skewness = 0.35, Kurtosis = 0.67, MValue = 2

// ** Remained 27 (27.3%) benchmark(s) to run. Estimated finish 2026-09-22 17:02 (0h 0m from now) **
// **************************
// Benchmark: SessionSetupDecompositionBenchmarks.StageT1_SessionTeardownInsideAsync: ShortRun(InvocationCount=1, IterationCount=3, LaunchCount=1, UnrollFactor=1, WarmupCount=3) [Sessions=1000]
// *** Execute ***
// Launch: 1 / 1
// Execute: dotnet WinForward.Benchmarks-ShortRun-1.dll --anonymousPipes 123 125 --benchmarkName "WinForward.Benchmarks.Perf.SessionSetupDecompositionBenchmarks.StageT1_SessionTeardownInsideAsync(Sessions: 1000)" --job ShortRun --benchmarkId 72 in /home/paff/Projects/WinForward/benchmarks/WinForward.Benchmarks/bin/Release/net10.0/WinForward.Benchmarks-ShortRun-1/bin/Release/net10.0
// Failed to set up high priority (Permission denied). In order to run benchmarks with high priority, make sure you have the right permissions.
// BeforeAnythingElse

// Benchmark Process Environment Information:
// BenchmarkDotNet v0.15.8
// Runtime=.NET 10.0.12 (10.0.12, 10.0.1226.42308), X64 RyuJIT x86-64-v4
// GC=Concurrent Workstation
// HardwareIntrinsics=AVX512 BITALG+VBMI2+VNNI+VPOPCNTDQ,AVX512 IFMA+VBMI,AVX512 F+BW+CD+DQ+VL,AVX2+BMI1+BMI2+F16C+FMA+LZCNT+MOVBE,AVX,SSE3+SSSE3+SSE4.1+SSE4.2+POPCNT,X86Base+SSE+SSE2,AES+PCLMUL,AvxVnni VectorSize=256
// Job: ShortRun(InvocationCount=1, IterationCount=3, LaunchCount=1, UnrollFactor=1, WarmupCount=3)

OverheadJitting  1: 1 op, 351447.00 ns, 351.4470 us/op
WorkloadJitting  1: 1 op, 107837476.00 ns, 107.8375 ms/op

OverheadWarmup   1: 1 op, 441.00 ns, 441.0000 ns/op
OverheadWarmup   2: 1 op, 250.00 ns, 250.0000 ns/op
OverheadWarmup   3: 1 op, 261.00 ns, 261.0000 ns/op
OverheadWarmup   4: 1 op, 521.00 ns, 521.0000 ns/op
OverheadWarmup   5: 1 op, 401.00 ns, 401.0000 ns/op
OverheadWarmup   6: 1 op, 491.00 ns, 491.0000 ns/op
OverheadWarmup   7: 1 op, 331.00 ns, 331.0000 ns/op

OverheadActual   1: 1 op, 481.00 ns, 481.0000 ns/op
OverheadActual   2: 1 op, 451.00 ns, 451.0000 ns/op
OverheadActual   3: 1 op, 461.00 ns, 461.0000 ns/op
OverheadActual   4: 1 op, 491.00 ns, 491.0000 ns/op
OverheadActual   5: 1 op, 421.00 ns, 421.0000 ns/op
OverheadActual   6: 1 op, 471.00 ns, 471.0000 ns/op
OverheadActual   7: 1 op, 500.00 ns, 500.0000 ns/op
OverheadActual   8: 1 op, 310.00 ns, 310.0000 ns/op
OverheadActual   9: 1 op, 491.00 ns, 491.0000 ns/op
OverheadActual  10: 1 op, 260.00 ns, 260.0000 ns/op
OverheadActual  11: 1 op, 261.00 ns, 261.0000 ns/op
OverheadActual  12: 1 op, 511.00 ns, 511.0000 ns/op
OverheadActual  13: 1 op, 251.00 ns, 251.0000 ns/op
OverheadActual  14: 1 op, 270.00 ns, 270.0000 ns/op
OverheadActual  15: 1 op, 260.00 ns, 260.0000 ns/op
OverheadActual  16: 1 op, 250.00 ns, 250.0000 ns/op
OverheadActual  17: 1 op, 471.00 ns, 471.0000 ns/op
OverheadActual  18: 1 op, 521.00 ns, 521.0000 ns/op
OverheadActual  19: 1 op, 261.00 ns, 261.0000 ns/op
OverheadActual  20: 1 op, 261.00 ns, 261.0000 ns/op

WorkloadWarmup   1: 1 op, 72938926.00 ns, 72.9389 ms/op
WorkloadWarmup   2: 1 op, 28651176.00 ns, 28.6512 ms/op
WorkloadWarmup   3: 1 op, 35432773.00 ns, 35.4328 ms/op

// BeforeActualRun
WorkloadActual   1: 1 op, 81542924.00 ns, 81.5429 ms/op
WorkloadActual   2: 1 op, 60949015.00 ns, 60.9490 ms/op
WorkloadActual   3: 1 op, 55069285.00 ns, 55.0693 ms/op

// AfterActualRun
WorkloadResult   1: 1 op, 81542488.00 ns, 81.5425 ms/op
WorkloadResult   2: 1 op, 60948579.00 ns, 60.9486 ms/op
WorkloadResult   3: 1 op, 55068849.00 ns, 55.0688 ms/op
// GC:  0 0 0 4408792 1
// Threading:  1000 0 1
// Exceptions:  2000

// AfterAll
// Benchmark Process 1615117 has exited with code 0.

Mean = 65.853 ms, StdErr = 8.026 ms (12.19%), N = 3, StdDev = 13.902 ms
Min = 55.069 ms, Q1 = 58.009 ms, Median = 60.949 ms, Q3 = 71.246 ms, Max = 81.542 ms
IQR = 13.237 ms, LowerFence = 38.153 ms, UpperFence = 91.101 ms
ConfidenceInterval = [-187.764 ms; 319.471 ms] (CI 99.9%), Margin = 253.618 ms (385.13% of Mean)
Skewness = 0.31, Kurtosis = 0.67, MValue = 2

// ** Remained 26 (26.3%) benchmark(s) to run. Estimated finish 2026-09-22 17:02 (0h 0m from now) **
// **************************
// Benchmark: SessionSetupDecompositionBenchmarks.StageT3_ExpiryRetireInsideAsync: ShortRun(InvocationCount=1, IterationCount=3, LaunchCount=1, UnrollFactor=1, WarmupCount=3) [Sessions=1000]
// *** Execute ***
// Launch: 1 / 1
// Execute: dotnet WinForward.Benchmarks-ShortRun-1.dll --anonymousPipes 123 125 --benchmarkName "WinForward.Benchmarks.Perf.SessionSetupDecompositionBenchmarks.StageT3_ExpiryRetireInsideAsync(Sessions: 1000)" --job ShortRun --benchmarkId 73 in /home/paff/Projects/WinForward/benchmarks/WinForward.Benchmarks/bin/Release/net10.0/WinForward.Benchmarks-ShortRun-1/bin/Release/net10.0
// Failed to set up high priority (Permission denied). In order to run benchmarks with high priority, make sure you have the right permissions.
// BeforeAnythingElse

// Benchmark Process Environment Information:
// BenchmarkDotNet v0.15.8
// Runtime=.NET 10.0.12 (10.0.12, 10.0.1226.42308), X64 RyuJIT x86-64-v4
// GC=Concurrent Workstation
// HardwareIntrinsics=AVX512 BITALG+VBMI2+VNNI+VPOPCNTDQ,AVX512 IFMA+VBMI,AVX512 F+BW+CD+DQ+VL,AVX2+BMI1+BMI2+F16C+FMA+LZCNT+MOVBE,AVX,SSE3+SSSE3+SSE4.1+SSE4.2+POPCNT,X86Base+SSE+SSE2,AES+PCLMUL,AvxVnni VectorSize=256
// Job: ShortRun(InvocationCount=1, IterationCount=3, LaunchCount=1, UnrollFactor=1, WarmupCount=3)

OverheadJitting  1: 1 op, 348683.00 ns, 348.6830 us/op
WorkloadJitting  1: 1 op, 227069400.00 ns, 227.0694 ms/op

OverheadWarmup   1: 1 op, 531.00 ns, 531.0000 ns/op
OverheadWarmup   2: 1 op, 281.00 ns, 281.0000 ns/op
OverheadWarmup   3: 1 op, 281.00 ns, 281.0000 ns/op
OverheadWarmup   4: 1 op, 281.00 ns, 281.0000 ns/op
OverheadWarmup   5: 1 op, 491.00 ns, 491.0000 ns/op
OverheadWarmup   6: 1 op, 271.00 ns, 271.0000 ns/op

OverheadActual   1: 1 op, 441.00 ns, 441.0000 ns/op
OverheadActual   2: 1 op, 491.00 ns, 491.0000 ns/op
OverheadActual   3: 1 op, 591.00 ns, 591.0000 ns/op
OverheadActual   4: 1 op, 440.00 ns, 440.0000 ns/op
OverheadActual   5: 1 op, 481.00 ns, 481.0000 ns/op
OverheadActual   6: 1 op, 260.00 ns, 260.0000 ns/op
OverheadActual   7: 1 op, 260.00 ns, 260.0000 ns/op
OverheadActual   8: 1 op, 261.00 ns, 261.0000 ns/op
OverheadActual   9: 1 op, 270.00 ns, 270.0000 ns/op
OverheadActual  10: 1 op, 481.00 ns, 481.0000 ns/op
OverheadActual  11: 1 op, 491.00 ns, 491.0000 ns/op
OverheadActual  12: 1 op, 270.00 ns, 270.0000 ns/op
OverheadActual  13: 1 op, 271.00 ns, 271.0000 ns/op
OverheadActual  14: 1 op, 271.00 ns, 271.0000 ns/op
OverheadActual  15: 1 op, 310.00 ns, 310.0000 ns/op
OverheadActual  16: 1 op, 341.00 ns, 341.0000 ns/op
OverheadActual  17: 1 op, 250.00 ns, 250.0000 ns/op
OverheadActual  18: 1 op, 270.00 ns, 270.0000 ns/op
OverheadActual  19: 1 op, 270.00 ns, 270.0000 ns/op
OverheadActual  20: 1 op, 261.00 ns, 261.0000 ns/op

WorkloadWarmup   1: 1 op, 155039726.00 ns, 155.0397 ms/op
WorkloadWarmup   2: 1 op, 140781223.00 ns, 140.7812 ms/op
WorkloadWarmup   3: 1 op, 145983895.00 ns, 145.9839 ms/op

// BeforeActualRun
WorkloadActual   1: 1 op, 157653319.00 ns, 157.6533 ms/op
WorkloadActual   2: 1 op, 120337499.00 ns, 120.3375 ms/op
WorkloadActual   3: 1 op, 110278731.00 ns, 110.2787 ms/op

// AfterActualRun
WorkloadResult   1: 1 op, 157653048.00 ns, 157.6530 ms/op
WorkloadResult   2: 1 op, 120337228.00 ns, 120.3372 ms/op
WorkloadResult   3: 1 op, 110278460.00 ns, 110.2785 ms/op
// GC:  0 0 0 6211952 1
// Threading:  2019 326 1
// Exceptions:  2000

// AfterAll
// Benchmark Process 1615131 has exited with code 0.

Mean = 129.423 ms, StdErr = 14.411 ms (11.13%), N = 3, StdDev = 24.960 ms
Min = 110.278 ms, Q1 = 115.308 ms, Median = 120.337 ms, Q3 = 138.995 ms, Max = 157.653 ms
IQR = 23.687 ms, LowerFence = 79.777 ms, UpperFence = 174.526 ms
ConfidenceInterval = [-325.940 ms; 584.786 ms] (CI 99.9%), Margin = 455.363 ms (351.84% of Mean)
Skewness = 0.32, Kurtosis = 0.67, MValue = 2

// ** Remained 25 (25.3%) benchmark(s) to run. Estimated finish 2026-09-22 17:02 (0h 0m from now) **
// **************************
// Benchmark: SessionSetupDecompositionBenchmarks.StageT5_NonThrowingParkTeardownAsync: ShortRun(InvocationCount=1, IterationCount=3, LaunchCount=1, UnrollFactor=1, WarmupCount=3) [Sessions=1000]
// *** Execute ***
// Launch: 1 / 1
// Execute: dotnet WinForward.Benchmarks-ShortRun-1.dll --anonymousPipes 123 125 --benchmarkName "WinForward.Benchmarks.Perf.SessionSetupDecompositionBenchmarks.StageT5_NonThrowingParkTeardownAsync(Sessions: 1000)" --job ShortRun --benchmarkId 74 in /home/paff/Projects/WinForward/benchmarks/WinForward.Benchmarks/bin/Release/net10.0/WinForward.Benchmarks-ShortRun-1/bin/Release/net10.0
// Failed to set up high priority (Permission denied). In order to run benchmarks with high priority, make sure you have the right permissions.
// BeforeAnythingElse

// Benchmark Process Environment Information:
// BenchmarkDotNet v0.15.8
// Runtime=.NET 10.0.12 (10.0.12, 10.0.1226.42308), X64 RyuJIT x86-64-v4
// GC=Concurrent Workstation
// HardwareIntrinsics=AVX512 BITALG+VBMI2+VNNI+VPOPCNTDQ,AVX512 IFMA+VBMI,AVX512 F+BW+CD+DQ+VL,AVX2+BMI1+BMI2+F16C+FMA+LZCNT+MOVBE,AVX,SSE3+SSSE3+SSE4.1+SSE4.2+POPCNT,X86Base+SSE+SSE2,AES+PCLMUL,AvxVnni VectorSize=256
// Job: ShortRun(InvocationCount=1, IterationCount=3, LaunchCount=1, UnrollFactor=1, WarmupCount=3)

OverheadJitting  1: 1 op, 292960.00 ns, 292.9600 us/op
WorkloadJitting  1: 1 op, 60782876.00 ns, 60.7829 ms/op

OverheadWarmup   1: 1 op, 521.00 ns, 521.0000 ns/op
OverheadWarmup   2: 1 op, 361.00 ns, 361.0000 ns/op
OverheadWarmup   3: 1 op, 451.00 ns, 451.0000 ns/op
OverheadWarmup   4: 1 op, 280.00 ns, 280.0000 ns/op
OverheadWarmup   5: 1 op, 261.00 ns, 261.0000 ns/op
OverheadWarmup   6: 1 op, 260.00 ns, 260.0000 ns/op
OverheadWarmup   7: 1 op, 280.00 ns, 280.0000 ns/op
OverheadWarmup   8: 1 op, 420.00 ns, 420.0000 ns/op
OverheadWarmup   9: 1 op, 300.00 ns, 300.0000 ns/op

OverheadActual   1: 1 op, 521.00 ns, 521.0000 ns/op
OverheadActual   2: 1 op, 441.00 ns, 441.0000 ns/op
OverheadActual   3: 1 op, 491.00 ns, 491.0000 ns/op
OverheadActual   4: 1 op, 460.00 ns, 460.0000 ns/op
OverheadActual   5: 1 op, 461.00 ns, 461.0000 ns/op
OverheadActual   6: 1 op, 291.00 ns, 291.0000 ns/op
OverheadActual   7: 1 op, 260.00 ns, 260.0000 ns/op
OverheadActual   8: 1 op, 260.00 ns, 260.0000 ns/op
OverheadActual   9: 1 op, 261.00 ns, 261.0000 ns/op
OverheadActual  10: 1 op, 261.00 ns, 261.0000 ns/op
OverheadActual  11: 1 op, 451.00 ns, 451.0000 ns/op
OverheadActual  12: 1 op, 260.00 ns, 260.0000 ns/op
OverheadActual  13: 1 op, 451.00 ns, 451.0000 ns/op
OverheadActual  14: 1 op, 271.00 ns, 271.0000 ns/op
OverheadActual  15: 1 op, 291.00 ns, 291.0000 ns/op
OverheadActual  16: 1 op, 551.00 ns, 551.0000 ns/op
OverheadActual  17: 1 op, 451.00 ns, 451.0000 ns/op
OverheadActual  18: 1 op, 411.00 ns, 411.0000 ns/op
OverheadActual  19: 1 op, 541.00 ns, 541.0000 ns/op
OverheadActual  20: 1 op, 261.00 ns, 261.0000 ns/op

WorkloadWarmup   1: 1 op, 13808547.00 ns, 13.8085 ms/op
WorkloadWarmup   2: 1 op, 9665345.00 ns, 9.6653 ms/op
WorkloadWarmup   3: 1 op, 8570714.00 ns, 8.5707 ms/op

// BeforeActualRun
WorkloadActual   1: 1 op, 11147395.00 ns, 11.1474 ms/op
WorkloadActual   2: 1 op, 7936459.00 ns, 7.9365 ms/op
WorkloadActual   3: 1 op, 7314492.00 ns, 7.3145 ms/op

// AfterActualRun
WorkloadResult   1: 1 op, 11146969.00 ns, 11.1470 ms/op
WorkloadResult   2: 1 op, 7936033.00 ns, 7.9360 ms/op
WorkloadResult   3: 1 op, 7314066.00 ns, 7.3141 ms/op
// GC:  0 0 0 3112912 1
// Threading:  1297 0 1

// AfterAll
// Benchmark Process 1615707 has exited with code 0.

Mean = 8.799 ms, StdErr = 1.188 ms (13.50%), N = 3, StdDev = 2.057 ms
Min = 7.314 ms, Q1 = 7.625 ms, Median = 7.936 ms, Q3 = 9.542 ms, Max = 11.147 ms
IQR = 1.916 ms, LowerFence = 4.750 ms, UpperFence = 12.416 ms
ConfidenceInterval = [-28.729 ms; 46.327 ms] (CI 99.9%), Margin = 37.528 ms (426.50% of Mean)
Skewness = 0.35, Kurtosis = 0.67, MValue = 2

// ** Remained 24 (24.2%) benchmark(s) to run. Estimated finish 2026-09-22 17:02 (0h 0m from now) **
// **************************
// Benchmark: SessionSetupDecompositionBenchmarks.BaselineF_FakeTransportCreationAsync: ShortRun(InvocationCount=1, IterationCount=3, LaunchCount=1, UnrollFactor=1, WarmupCount=3) [Sessions=1000]
// *** Execute ***
// Launch: 1 / 1
// Execute: dotnet WinForward.Benchmarks-ShortRun-1.dll --anonymousPipes 123 125 --benchmarkName "WinForward.Benchmarks.Perf.SessionSetupDecompositionBenchmarks.BaselineF_FakeTransportCreationAsync(Sessions: 1000)" --job ShortRun --benchmarkId 75 in /home/paff/Projects/WinForward/benchmarks/WinForward.Benchmarks/bin/Release/net10.0/WinForward.Benchmarks-ShortRun-1/bin/Release/net10.0
// Failed to set up high priority (Permission denied). In order to run benchmarks with high priority, make sure you have the right permissions.
// BeforeAnythingElse

// Benchmark Process Environment Information:
// BenchmarkDotNet v0.15.8
// Runtime=.NET 10.0.12 (10.0.12, 10.0.1226.42308), X64 RyuJIT x86-64-v4
// GC=Concurrent Workstation
// HardwareIntrinsics=AVX512 BITALG+VBMI2+VNNI+VPOPCNTDQ,AVX512 IFMA+VBMI,AVX512 F+BW+CD+DQ+VL,AVX2+BMI1+BMI2+F16C+FMA+LZCNT+MOVBE,AVX,SSE3+SSSE3+SSE4.1+SSE4.2+POPCNT,X86Base+SSE+SSE2,AES+PCLMUL,AvxVnni VectorSize=256
// Job: ShortRun(InvocationCount=1, IterationCount=3, LaunchCount=1, UnrollFactor=1, WarmupCount=3)

OverheadJitting  1: 1 op, 282331.00 ns, 282.3310 us/op
WorkloadJitting  1: 1 op, 5617705.00 ns, 5.6177 ms/op

OverheadWarmup   1: 1 op, 621.00 ns, 621.0000 ns/op
OverheadWarmup   2: 1 op, 431.00 ns, 431.0000 ns/op
OverheadWarmup   3: 1 op, 271.00 ns, 271.0000 ns/op
OverheadWarmup   4: 1 op, 270.00 ns, 270.0000 ns/op
OverheadWarmup   5: 1 op, 611.00 ns, 611.0000 ns/op
OverheadWarmup   6: 1 op, 341.00 ns, 341.0000 ns/op
OverheadWarmup   7: 1 op, 511.00 ns, 511.0000 ns/op
OverheadWarmup   8: 1 op, 511.00 ns, 511.0000 ns/op

OverheadActual   1: 1 op, 601.00 ns, 601.0000 ns/op
OverheadActual   2: 1 op, 521.00 ns, 521.0000 ns/op
OverheadActual   3: 1 op, 571.00 ns, 571.0000 ns/op
OverheadActual   4: 1 op, 561.00 ns, 561.0000 ns/op
OverheadActual   5: 1 op, 500.00 ns, 500.0000 ns/op
OverheadActual   6: 1 op, 291.00 ns, 291.0000 ns/op
OverheadActual   7: 1 op, 300.00 ns, 300.0000 ns/op
OverheadActual   8: 1 op, 291.00 ns, 291.0000 ns/op
OverheadActual   9: 1 op, 541.00 ns, 541.0000 ns/op
OverheadActual  10: 1 op, 290.00 ns, 290.0000 ns/op
OverheadActual  11: 1 op, 501.00 ns, 501.0000 ns/op
OverheadActual  12: 1 op, 301.00 ns, 301.0000 ns/op
OverheadActual  13: 1 op, 290.00 ns, 290.0000 ns/op
OverheadActual  14: 1 op, 300.00 ns, 300.0000 ns/op
OverheadActual  15: 1 op, 1273.00 ns, 1.2730 us/op
OverheadActual  16: 1 op, 531.00 ns, 531.0000 ns/op
OverheadActual  17: 1 op, 351.00 ns, 351.0000 ns/op
OverheadActual  18: 1 op, 300.00 ns, 300.0000 ns/op
OverheadActual  19: 1 op, 471.00 ns, 471.0000 ns/op
OverheadActual  20: 1 op, 481.00 ns, 481.0000 ns/op

WorkloadWarmup   1: 1 op, 261983.00 ns, 261.9830 us/op
WorkloadWarmup   2: 1 op, 384409.00 ns, 384.4090 us/op
WorkloadWarmup   3: 1 op, 124729.00 ns, 124.7290 us/op

// BeforeActualRun
WorkloadActual   1: 1 op, 228882.00 ns, 228.8820 us/op
WorkloadActual   2: 1 op, 125641.00 ns, 125.6410 us/op
WorkloadActual   3: 1 op, 191323.00 ns, 191.3230 us/op

// AfterActualRun
WorkloadResult   1: 1 op, 228406.00 ns, 228.4060 us/op
WorkloadResult   2: 1 op, 125165.00 ns, 125.1650 us/op
WorkloadResult   3: 1 op, 190847.00 ns, 190.8470 us/op
// GC:  0 0 0 104032 1
// Threading:  0 0 1

// AfterAll
// Benchmark Process 1615726 has exited with code 0.

Mean = 181.473 us, StdErr = 30.169 us (16.62%), N = 3, StdDev = 52.255 us
Min = 125.165 us, Q1 = 158.006 us, Median = 190.847 us, Q3 = 209.626 us, Max = 228.406 us
IQR = 51.620 us, LowerFence = 80.575 us, UpperFence = 287.057 us
ConfidenceInterval = [-771.853 us; 1,134.798 us] (CI 99.9%), Margin = 953.326 us (525.33% of Mean)
Skewness = -0.17, Kurtosis = 0.67, MValue = 2

// ** Remained 23 (23.2%) benchmark(s) to run. Estimated finish 2026-09-22 17:02 (0h 0m from now) **
// **************************
// Benchmark: SessionSetupDecompositionBenchmarks.BaselineH_FlowKeyConstruction: ShortRun(InvocationCount=1, IterationCount=3, LaunchCount=1, UnrollFactor=1, WarmupCount=3) [Sessions=1000]
// *** Execute ***
// Launch: 1 / 1
// Execute: dotnet WinForward.Benchmarks-ShortRun-1.dll --anonymousPipes 123 125 --benchmarkName "WinForward.Benchmarks.Perf.SessionSetupDecompositionBenchmarks.BaselineH_FlowKeyConstruction(Sessions: 1000)" --job ShortRun --benchmarkId 76 in /home/paff/Projects/WinForward/benchmarks/WinForward.Benchmarks/bin/Release/net10.0/WinForward.Benchmarks-ShortRun-1/bin/Release/net10.0
// Failed to set up high priority (Permission denied). In order to run benchmarks with high priority, make sure you have the right permissions.
// BeforeAnythingElse

// Benchmark Process Environment Information:
// BenchmarkDotNet v0.15.8
// Runtime=.NET 10.0.12 (10.0.12, 10.0.1226.42308), X64 RyuJIT x86-64-v4
// GC=Concurrent Workstation
// HardwareIntrinsics=AVX512 BITALG+VBMI2+VNNI+VPOPCNTDQ,AVX512 IFMA+VBMI,AVX512 F+BW+CD+DQ+VL,AVX2+BMI1+BMI2+F16C+FMA+LZCNT+MOVBE,AVX,SSE3+SSSE3+SSE4.1+SSE4.2+POPCNT,X86Base+SSE+SSE2,AES+PCLMUL,AvxVnni VectorSize=256
// Job: ShortRun(InvocationCount=1, IterationCount=3, LaunchCount=1, UnrollFactor=1, WarmupCount=3)

OverheadJitting  1: 1 op, 350005.00 ns, 350.0050 us/op
WorkloadJitting  1: 1 op, 7034085.00 ns, 7.0341 ms/op

OverheadWarmup   1: 1 op, 410.00 ns, 410.0000 ns/op
OverheadWarmup   2: 1 op, 441.00 ns, 441.0000 ns/op
OverheadWarmup   3: 1 op, 271.00 ns, 271.0000 ns/op
OverheadWarmup   4: 1 op, 281.00 ns, 281.0000 ns/op
OverheadWarmup   5: 1 op, 370.00 ns, 370.0000 ns/op
OverheadWarmup   6: 1 op, 261.00 ns, 261.0000 ns/op

OverheadActual   1: 1 op, 421.00 ns, 421.0000 ns/op
OverheadActual   2: 1 op, 461.00 ns, 461.0000 ns/op
OverheadActual   3: 1 op, 571.00 ns, 571.0000 ns/op
OverheadActual   4: 1 op, 451.00 ns, 451.0000 ns/op
OverheadActual   5: 1 op, 521.00 ns, 521.0000 ns/op
OverheadActual   6: 1 op, 370.00 ns, 370.0000 ns/op
OverheadActual   7: 1 op, 451.00 ns, 451.0000 ns/op
OverheadActual   8: 1 op, 601.00 ns, 601.0000 ns/op
OverheadActual   9: 1 op, 431.00 ns, 431.0000 ns/op
OverheadActual  10: 1 op, 381.00 ns, 381.0000 ns/op
OverheadActual  11: 1 op, 491.00 ns, 491.0000 ns/op
OverheadActual  12: 1 op, 451.00 ns, 451.0000 ns/op
OverheadActual  13: 1 op, 711.00 ns, 711.0000 ns/op
OverheadActual  14: 1 op, 431.00 ns, 431.0000 ns/op
OverheadActual  15: 1 op, 842.00 ns, 842.0000 ns/op
OverheadActual  16: 1 op, 280.00 ns, 280.0000 ns/op
OverheadActual  17: 1 op, 281.00 ns, 281.0000 ns/op
OverheadActual  18: 1 op, 261.00 ns, 261.0000 ns/op
OverheadActual  19: 1 op, 270.00 ns, 270.0000 ns/op
OverheadActual  20: 1 op, 460.00 ns, 460.0000 ns/op

WorkloadWarmup   1: 1 op, 1012276.00 ns, 1.0123 ms/op
WorkloadWarmup   2: 1 op, 626245.00 ns, 626.2450 us/op
WorkloadWarmup   3: 1 op, 626225.00 ns, 626.2250 us/op

// BeforeActualRun
WorkloadActual   1: 1 op, 627416.00 ns, 627.4160 us/op
WorkloadActual   2: 1 op, 623148.00 ns, 623.1480 us/op
WorkloadActual   3: 1 op, 718875.00 ns, 718.8750 us/op

// AfterActualRun
WorkloadResult   1: 1 op, 626965.00 ns, 626.9650 us/op
WorkloadResult   2: 1 op, 622697.00 ns, 622.6970 us/op
WorkloadResult   3: 1 op, 718424.00 ns, 718.4240 us/op
// GC:  0 0 0 356800 1
// Threading:  0 0 1

// AfterAll
// Benchmark Process 1615735 has exited with code 0.

Mean = 656.029 us, StdErr = 31.222 us (4.76%), N = 3, StdDev = 54.078 us
Min = 622.697 us, Q1 = 624.831 us, Median = 626.965 us, Q3 = 672.694 us, Max = 718.424 us
IQR = 47.864 us, LowerFence = 553.036 us, UpperFence = 744.490 us
ConfidenceInterval = [-330.557 us; 1,642.614 us] (CI 99.9%), Margin = 986.585 us (150.39% of Mean)
Skewness = 0.38, Kurtosis = 0.67, MValue = 2

// ** Remained 22 (22.2%) benchmark(s) to run. Estimated finish 2026-09-22 17:02 (0h 0m from now) **
// **************************
// Benchmark: SessionSetupDecompositionBenchmarks.ComponentC1_AssociationClaimRelease: ShortRun(InvocationCount=1, IterationCount=3, LaunchCount=1, UnrollFactor=1, WarmupCount=3) [Sessions=1000]
// *** Execute ***
// Launch: 1 / 1
// Execute: dotnet WinForward.Benchmarks-ShortRun-1.dll --anonymousPipes 123 125 --benchmarkName "WinForward.Benchmarks.Perf.SessionSetupDecompositionBenchmarks.ComponentC1_AssociationClaimRelease(Sessions: 1000)" --job ShortRun --benchmarkId 77 in /home/paff/Projects/WinForward/benchmarks/WinForward.Benchmarks/bin/Release/net10.0/WinForward.Benchmarks-ShortRun-1/bin/Release/net10.0
// Failed to set up high priority (Permission denied). In order to run benchmarks with high priority, make sure you have the right permissions.
// BeforeAnythingElse

// Benchmark Process Environment Information:
// BenchmarkDotNet v0.15.8
// Runtime=.NET 10.0.12 (10.0.12, 10.0.1226.42308), X64 RyuJIT x86-64-v4
// GC=Concurrent Workstation
// HardwareIntrinsics=AVX512 BITALG+VBMI2+VNNI+VPOPCNTDQ,AVX512 IFMA+VBMI,AVX512 F+BW+CD+DQ+VL,AVX2+BMI1+BMI2+F16C+FMA+LZCNT+MOVBE,AVX,SSE3+SSSE3+SSE4.1+SSE4.2+POPCNT,X86Base+SSE+SSE2,AES+PCLMUL,AvxVnni VectorSize=256
// Job: ShortRun(InvocationCount=1, IterationCount=3, LaunchCount=1, UnrollFactor=1, WarmupCount=3)

OverheadJitting  1: 1 op, 388716.00 ns, 388.7160 us/op
WorkloadJitting  1: 1 op, 20661163.00 ns, 20.6612 ms/op

OverheadWarmup   1: 1 op, 651.00 ns, 651.0000 ns/op
OverheadWarmup   2: 1 op, 331.00 ns, 331.0000 ns/op
OverheadWarmup   3: 1 op, 301.00 ns, 301.0000 ns/op
OverheadWarmup   4: 1 op, 270.00 ns, 270.0000 ns/op
OverheadWarmup   5: 1 op, 381.00 ns, 381.0000 ns/op
OverheadWarmup   6: 1 op, 461.00 ns, 461.0000 ns/op
OverheadWarmup   7: 1 op, 451.00 ns, 451.0000 ns/op
OverheadWarmup   8: 1 op, 481.00 ns, 481.0000 ns/op
OverheadWarmup   9: 1 op, 541.00 ns, 541.0000 ns/op
OverheadWarmup  10: 1 op, 280.00 ns, 280.0000 ns/op

OverheadActual   1: 1 op, 451.00 ns, 451.0000 ns/op
OverheadActual   2: 1 op, 441.00 ns, 441.0000 ns/op
OverheadActual   3: 1 op, 481.00 ns, 481.0000 ns/op
OverheadActual   4: 1 op, 491.00 ns, 491.0000 ns/op
OverheadActual   5: 1 op, 460.00 ns, 460.0000 ns/op
OverheadActual   6: 1 op, 430.00 ns, 430.0000 ns/op
OverheadActual   7: 1 op, 491.00 ns, 491.0000 ns/op
OverheadActual   8: 1 op, 281.00 ns, 281.0000 ns/op
OverheadActual   9: 1 op, 280.00 ns, 280.0000 ns/op
OverheadActual  10: 1 op, 281.00 ns, 281.0000 ns/op
OverheadActual  11: 1 op, 290.00 ns, 290.0000 ns/op
OverheadActual  12: 1 op, 351.00 ns, 351.0000 ns/op
OverheadActual  13: 1 op, 281.00 ns, 281.0000 ns/op
OverheadActual  14: 1 op, 511.00 ns, 511.0000 ns/op
OverheadActual  15: 1 op, 471.00 ns, 471.0000 ns/op
OverheadActual  16: 1 op, 351.00 ns, 351.0000 ns/op
OverheadActual  17: 1 op, 341.00 ns, 341.0000 ns/op
OverheadActual  18: 1 op, 461.00 ns, 461.0000 ns/op
OverheadActual  19: 1 op, 341.00 ns, 341.0000 ns/op
OverheadActual  20: 1 op, 340.00 ns, 340.0000 ns/op

WorkloadWarmup   1: 1 op, 3846685.00 ns, 3.8467 ms/op
WorkloadWarmup   2: 1 op, 3215329.00 ns, 3.2153 ms/op
WorkloadWarmup   3: 1 op, 3212622.00 ns, 3.2126 ms/op

// BeforeActualRun
WorkloadActual   1: 1 op, 3515690.00 ns, 3.5157 ms/op
WorkloadActual   2: 1 op, 3143865.00 ns, 3.1439 ms/op
WorkloadActual   3: 1 op, 3102709.00 ns, 3.1027 ms/op

// AfterActualRun
WorkloadResult   1: 1 op, 3515299.50 ns, 3.5153 ms/op
WorkloadResult   2: 1 op, 3143474.50 ns, 3.1435 ms/op
WorkloadResult   3: 1 op, 3102318.50 ns, 3.1023 ms/op
// GC:  0 0 0 836016 1
// Threading:  0 0 1

// AfterAll
// Benchmark Process 1615744 has exited with code 0.

Mean = 3.254 ms, StdErr = 0.131 ms (4.04%), N = 3, StdDev = 0.227 ms
Min = 3.102 ms, Q1 = 3.123 ms, Median = 3.143 ms, Q3 = 3.329 ms, Max = 3.515 ms
IQR = 0.206 ms, LowerFence = 2.813 ms, UpperFence = 3.639 ms
ConfidenceInterval = [-0.897 ms; 7.404 ms] (CI 99.9%), Margin = 4.150 ms (127.55% of Mean)
Skewness = 0.37, Kurtosis = 0.67, MValue = 2

// ** Remained 21 (21.2%) benchmark(s) to run. Estimated finish 2026-09-22 17:02 (0h 0m from now) **
// **************************
// Benchmark: SessionSetupDecompositionBenchmarks.ComponentC2_SessionConstructStartAsync: ShortRun(InvocationCount=1, IterationCount=3, LaunchCount=1, UnrollFactor=1, WarmupCount=3) [Sessions=1000]
// *** Execute ***
// Launch: 1 / 1
// Execute: dotnet WinForward.Benchmarks-ShortRun-1.dll --anonymousPipes 123 125 --benchmarkName "WinForward.Benchmarks.Perf.SessionSetupDecompositionBenchmarks.ComponentC2_SessionConstructStartAsync(Sessions: 1000)" --job ShortRun --benchmarkId 78 in /home/paff/Projects/WinForward/benchmarks/WinForward.Benchmarks/bin/Release/net10.0/WinForward.Benchmarks-ShortRun-1/bin/Release/net10.0
// Failed to set up high priority (Permission denied). In order to run benchmarks with high priority, make sure you have the right permissions.
// BeforeAnythingElse

// Benchmark Process Environment Information:
// BenchmarkDotNet v0.15.8
// Runtime=.NET 10.0.12 (10.0.12, 10.0.1226.42308), X64 RyuJIT x86-64-v4
// GC=Concurrent Workstation
// HardwareIntrinsics=AVX512 BITALG+VBMI2+VNNI+VPOPCNTDQ,AVX512 IFMA+VBMI,AVX512 F+BW+CD+DQ+VL,AVX2+BMI1+BMI2+F16C+FMA+LZCNT+MOVBE,AVX,SSE3+SSSE3+SSE4.1+SSE4.2+POPCNT,X86Base+SSE+SSE2,AES+PCLMUL,AvxVnni VectorSize=256
// Job: ShortRun(InvocationCount=1, IterationCount=3, LaunchCount=1, UnrollFactor=1, WarmupCount=3)

OverheadJitting  1: 1 op, 285266.00 ns, 285.2660 us/op
WorkloadJitting  1: 1 op, 34173179.00 ns, 34.1732 ms/op

OverheadWarmup   1: 1 op, 1022.00 ns, 1.0220 us/op
OverheadWarmup   2: 1 op, 360.00 ns, 360.0000 ns/op
OverheadWarmup   3: 1 op, 270.00 ns, 270.0000 ns/op
OverheadWarmup   4: 1 op, 481.00 ns, 481.0000 ns/op
OverheadWarmup   5: 1 op, 520.00 ns, 520.0000 ns/op
OverheadWarmup   6: 1 op, 260.00 ns, 260.0000 ns/op
OverheadWarmup   7: 1 op, 461.00 ns, 461.0000 ns/op
OverheadWarmup   8: 1 op, 260.00 ns, 260.0000 ns/op

OverheadActual   1: 1 op, 420.00 ns, 420.0000 ns/op
OverheadActual   2: 1 op, 430.00 ns, 430.0000 ns/op
OverheadActual   3: 1 op, 461.00 ns, 461.0000 ns/op
OverheadActual   4: 1 op, 441.00 ns, 441.0000 ns/op
OverheadActual   5: 1 op, 511.00 ns, 511.0000 ns/op
OverheadActual   6: 1 op, 271.00 ns, 271.0000 ns/op
OverheadActual   7: 1 op, 260.00 ns, 260.0000 ns/op
OverheadActual   8: 1 op, 461.00 ns, 461.0000 ns/op
OverheadActual   9: 1 op, 260.00 ns, 260.0000 ns/op
OverheadActual  10: 1 op, 491.00 ns, 491.0000 ns/op
OverheadActual  11: 1 op, 261.00 ns, 261.0000 ns/op
OverheadActual  12: 1 op, 451.00 ns, 451.0000 ns/op
OverheadActual  13: 1 op, 261.00 ns, 261.0000 ns/op
OverheadActual  14: 1 op, 260.00 ns, 260.0000 ns/op
OverheadActual  15: 1 op, 260.00 ns, 260.0000 ns/op
OverheadActual  16: 1 op, 261.00 ns, 261.0000 ns/op
OverheadActual  17: 1 op, 491.00 ns, 491.0000 ns/op
OverheadActual  18: 1 op, 271.00 ns, 271.0000 ns/op
OverheadActual  19: 1 op, 521.00 ns, 521.0000 ns/op
OverheadActual  20: 1 op, 491.00 ns, 491.0000 ns/op

WorkloadWarmup   1: 1 op, 5191098.00 ns, 5.1911 ms/op
WorkloadWarmup   2: 1 op, 3481618.00 ns, 3.4816 ms/op
WorkloadWarmup   3: 1 op, 3280797.00 ns, 3.2808 ms/op

// BeforeActualRun
WorkloadActual   1: 1 op, 5510121.00 ns, 5.5101 ms/op
WorkloadActual   2: 1 op, 3361897.00 ns, 3.3619 ms/op
WorkloadActual   3: 1 op, 3774058.00 ns, 3.7741 ms/op

// AfterActualRun
WorkloadResult   1: 1 op, 5509696.00 ns, 5.5097 ms/op
WorkloadResult   2: 1 op, 3361472.00 ns, 3.3615 ms/op
WorkloadResult   3: 1 op, 3773633.00 ns, 3.7736 ms/op
// GC:  0 0 0 2349864 1
// Threading:  0 0 1

// AfterAll
// Benchmark Process 1615753 has exited with code 0.

Mean = 4.215 ms, StdErr = 0.658 ms (15.62%), N = 3, StdDev = 1.140 ms
Min = 3.361 ms, Q1 = 3.568 ms, Median = 3.774 ms, Q3 = 4.642 ms, Max = 5.510 ms
IQR = 1.074 ms, LowerFence = 1.956 ms, UpperFence = 6.253 ms
ConfidenceInterval = [-16.584 ms; 25.014 ms] (CI 99.9%), Margin = 20.799 ms (493.47% of Mean)
Skewness = 0.33, Kurtosis = 0.67, MValue = 2

// ** Remained 20 (20.2%) benchmark(s) to run. Estimated finish 2026-09-22 17:02 (0h 0m from now) **
// **************************
// Benchmark: SessionSetupDecompositionBenchmarks.ComponentC2a1_ContextRecordStaticLambda: ShortRun(InvocationCount=1, IterationCount=3, LaunchCount=1, UnrollFactor=1, WarmupCount=3) [Sessions=1000]
// *** Execute ***
// Launch: 1 / 1
// Execute: dotnet WinForward.Benchmarks-ShortRun-1.dll --anonymousPipes 123 125 --benchmarkName "WinForward.Benchmarks.Perf.SessionSetupDecompositionBenchmarks.ComponentC2a1_ContextRecordStaticLambda(Sessions: 1000)" --job ShortRun --benchmarkId 79 in /home/paff/Projects/WinForward/benchmarks/WinForward.Benchmarks/bin/Release/net10.0/WinForward.Benchmarks-ShortRun-1/bin/Release/net10.0
// Failed to set up high priority (Permission denied). In order to run benchmarks with high priority, make sure you have the right permissions.
// BeforeAnythingElse

// Benchmark Process Environment Information:
// BenchmarkDotNet v0.15.8
// Runtime=.NET 10.0.12 (10.0.12, 10.0.1226.42308), X64 RyuJIT x86-64-v4
// GC=Concurrent Workstation
// HardwareIntrinsics=AVX512 BITALG+VBMI2+VNNI+VPOPCNTDQ,AVX512 IFMA+VBMI,AVX512 F+BW+CD+DQ+VL,AVX2+BMI1+BMI2+F16C+FMA+LZCNT+MOVBE,AVX,SSE3+SSSE3+SSE4.1+SSE4.2+POPCNT,X86Base+SSE+SSE2,AES+PCLMUL,AvxVnni VectorSize=256
// Job: ShortRun(InvocationCount=1, IterationCount=3, LaunchCount=1, UnrollFactor=1, WarmupCount=3)

OverheadJitting  1: 1 op, 280166.00 ns, 280.1660 us/op
WorkloadJitting  1: 1 op, 16953438.00 ns, 16.9534 ms/op

OverheadWarmup   1: 1 op, 471.00 ns, 471.0000 ns/op
OverheadWarmup   2: 1 op, 401.00 ns, 401.0000 ns/op
OverheadWarmup   3: 1 op, 391.00 ns, 391.0000 ns/op
OverheadWarmup   4: 1 op, 431.00 ns, 431.0000 ns/op
OverheadWarmup   5: 1 op, 441.00 ns, 441.0000 ns/op
OverheadWarmup   6: 1 op, 431.00 ns, 431.0000 ns/op
OverheadWarmup   7: 1 op, 461.00 ns, 461.0000 ns/op
OverheadWarmup   8: 1 op, 291.00 ns, 291.0000 ns/op

OverheadActual   1: 1 op, 431.00 ns, 431.0000 ns/op
OverheadActual   2: 1 op, 451.00 ns, 451.0000 ns/op
OverheadActual   3: 1 op, 430.00 ns, 430.0000 ns/op
OverheadActual   4: 1 op, 431.00 ns, 431.0000 ns/op
OverheadActual   5: 1 op, 381.00 ns, 381.0000 ns/op
OverheadActual   6: 1 op, 361.00 ns, 361.0000 ns/op
OverheadActual   7: 1 op, 541.00 ns, 541.0000 ns/op
OverheadActual   8: 1 op, 371.00 ns, 371.0000 ns/op
OverheadActual   9: 1 op, 330.00 ns, 330.0000 ns/op
OverheadActual  10: 1 op, 360.00 ns, 360.0000 ns/op
OverheadActual  11: 1 op, 270.00 ns, 270.0000 ns/op
OverheadActual  12: 1 op, 481.00 ns, 481.0000 ns/op
OverheadActual  13: 1 op, 471.00 ns, 471.0000 ns/op
OverheadActual  14: 1 op, 361.00 ns, 361.0000 ns/op
OverheadActual  15: 1 op, 481.00 ns, 481.0000 ns/op
OverheadActual  16: 1 op, 411.00 ns, 411.0000 ns/op
OverheadActual  17: 1 op, 391.00 ns, 391.0000 ns/op
OverheadActual  18: 1 op, 381.00 ns, 381.0000 ns/op
OverheadActual  19: 1 op, 431.00 ns, 431.0000 ns/op
OverheadActual  20: 1 op, 491.00 ns, 491.0000 ns/op

WorkloadWarmup   1: 1 op, 183348.00 ns, 183.3480 us/op
WorkloadWarmup   2: 1 op, 94745.00 ns, 94.7450 us/op
WorkloadWarmup   3: 1 op, 91608.00 ns, 91.6080 us/op

// BeforeActualRun
WorkloadActual   1: 1 op, 134598.00 ns, 134.5980 us/op
WorkloadActual   2: 1 op, 91078.00 ns, 91.0780 us/op
WorkloadActual   3: 1 op, 127535.00 ns, 127.5350 us/op

// AfterActualRun
WorkloadResult   1: 1 op, 134177.50 ns, 134.1775 us/op
WorkloadResult   2: 1 op, 90657.50 ns, 90.6575 us/op
WorkloadResult   3: 1 op, 127114.50 ns, 127.1145 us/op
// GC:  0 0 0 3808 1
// Threading:  0 0 1

// AfterAll
// Benchmark Process 1615772 has exited with code 0.

Mean = 117.317 us, StdErr = 13.485 us (11.49%), N = 3, StdDev = 23.356 us
Min = 90.657 us, Q1 = 108.886 us, Median = 127.115 us, Q3 = 130.646 us, Max = 134.178 us
IQR = 21.760 us, LowerFence = 76.246 us, UpperFence = 163.286 us
ConfidenceInterval = [-308.782 us; 543.415 us] (CI 99.9%), Margin = 426.099 us (363.20% of Mean)
Skewness = -0.35, Kurtosis = 0.67, MValue = 2

// ** Remained 19 (19.2%) benchmark(s) to run. Estimated finish 2026-09-22 17:02 (0h 0m from now) **
// **************************
// Benchmark: SessionSetupDecompositionBenchmarks.ComponentC2a2_ContextRecordMethodGroup: ShortRun(InvocationCount=1, IterationCount=3, LaunchCount=1, UnrollFactor=1, WarmupCount=3) [Sessions=1000]
// *** Execute ***
// Launch: 1 / 1
// Execute: dotnet WinForward.Benchmarks-ShortRun-1.dll --anonymousPipes 123 125 --benchmarkName "WinForward.Benchmarks.Perf.SessionSetupDecompositionBenchmarks.ComponentC2a2_ContextRecordMethodGroup(Sessions: 1000)" --job ShortRun --benchmarkId 80 in /home/paff/Projects/WinForward/benchmarks/WinForward.Benchmarks/bin/Release/net10.0/WinForward.Benchmarks-ShortRun-1/bin/Release/net10.0
// Failed to set up high priority (Permission denied). In order to run benchmarks with high priority, make sure you have the right permissions.
// BeforeAnythingElse

// Benchmark Process Environment Information:
// BenchmarkDotNet v0.15.8
// Runtime=.NET 10.0.12 (10.0.12, 10.0.1226.42308), X64 RyuJIT x86-64-v4
// GC=Concurrent Workstation
// HardwareIntrinsics=AVX512 BITALG+VBMI2+VNNI+VPOPCNTDQ,AVX512 IFMA+VBMI,AVX512 F+BW+CD+DQ+VL,AVX2+BMI1+BMI2+F16C+FMA+LZCNT+MOVBE,AVX,SSE3+SSSE3+SSE4.1+SSE4.2+POPCNT,X86Base+SSE+SSE2,AES+PCLMUL,AvxVnni VectorSize=256
// Job: ShortRun(InvocationCount=1, IterationCount=3, LaunchCount=1, UnrollFactor=1, WarmupCount=3)

OverheadJitting  1: 1 op, 311975.00 ns, 311.9750 us/op
WorkloadJitting  1: 1 op, 17053092.00 ns, 17.0531 ms/op

OverheadWarmup   1: 1 op, 471.00 ns, 471.0000 ns/op
OverheadWarmup   2: 1 op, 381.00 ns, 381.0000 ns/op
OverheadWarmup   3: 1 op, 401.00 ns, 401.0000 ns/op
OverheadWarmup   4: 1 op, 411.00 ns, 411.0000 ns/op
OverheadWarmup   5: 1 op, 331.00 ns, 331.0000 ns/op
OverheadWarmup   6: 1 op, 381.00 ns, 381.0000 ns/op
OverheadWarmup   7: 1 op, 410.00 ns, 410.0000 ns/op
OverheadWarmup   8: 1 op, 541.00 ns, 541.0000 ns/op
OverheadWarmup   9: 1 op, 401.00 ns, 401.0000 ns/op

OverheadActual   1: 1 op, 491.00 ns, 491.0000 ns/op
OverheadActual   2: 1 op, 471.00 ns, 471.0000 ns/op
OverheadActual   3: 1 op, 421.00 ns, 421.0000 ns/op
OverheadActual   4: 1 op, 461.00 ns, 461.0000 ns/op
OverheadActual   5: 1 op, 521.00 ns, 521.0000 ns/op
OverheadActual   6: 1 op, 440.00 ns, 440.0000 ns/op
OverheadActual   7: 1 op, 401.00 ns, 401.0000 ns/op
OverheadActual   8: 1 op, 491.00 ns, 491.0000 ns/op
OverheadActual   9: 1 op, 24315.00 ns, 24.3150 us/op
OverheadActual  10: 1 op, 370.00 ns, 370.0000 ns/op
OverheadActual  11: 1 op, 391.00 ns, 391.0000 ns/op
OverheadActual  12: 1 op, 410.00 ns, 410.0000 ns/op
OverheadActual  13: 1 op, 561.00 ns, 561.0000 ns/op
OverheadActual  14: 1 op, 421.00 ns, 421.0000 ns/op
OverheadActual  15: 1 op, 361.00 ns, 361.0000 ns/op
OverheadActual  16: 1 op, 400.00 ns, 400.0000 ns/op
OverheadActual  17: 1 op, 381.00 ns, 381.0000 ns/op
OverheadActual  18: 1 op, 381.00 ns, 381.0000 ns/op
OverheadActual  19: 1 op, 391.00 ns, 391.0000 ns/op
OverheadActual  20: 1 op, 391.00 ns, 391.0000 ns/op

WorkloadWarmup   1: 1 op, 190732.00 ns, 190.7320 us/op
WorkloadWarmup   2: 1 op, 242858.00 ns, 242.8580 us/op
WorkloadWarmup   3: 1 op, 159744.00 ns, 159.7440 us/op

// BeforeActualRun
WorkloadActual   1: 1 op, 108520.00 ns, 108.5200 us/op
WorkloadActual   2: 1 op, 118979.00 ns, 118.9790 us/op
WorkloadActual   3: 1 op, 99503.00 ns, 99.5030 us/op

// AfterActualRun
WorkloadResult   1: 1 op, 108104.50 ns, 108.1045 us/op
WorkloadResult   2: 1 op, 118563.50 ns, 118.5635 us/op
WorkloadResult   3: 1 op, 99087.50 ns, 99.0875 us/op
// GC:  0 0 0 67832 1
// Threading:  0 0 1

// AfterAll
// Benchmark Process 1615781 has exited with code 0.

Mean = 108.585 us, StdErr = 5.627 us (5.18%), N = 3, StdDev = 9.747 us
Min = 99.088 us, Q1 = 103.596 us, Median = 108.105 us, Q3 = 113.334 us, Max = 118.564 us
IQR = 9.738 us, LowerFence = 88.989 us, UpperFence = 127.941 us
ConfidenceInterval = [-69.234 us; 286.405 us] (CI 99.9%), Margin = 177.820 us (163.76% of Mean)
Skewness = 0.05, Kurtosis = 0.67, MValue = 2

// ** Remained 18 (18.2%) benchmark(s) to run. Estimated finish 2026-09-22 17:02 (0h 0m from now) **
// **************************
// Benchmark: SessionSetupDecompositionBenchmarks.ComponentC2b_SessionConstructOnly: ShortRun(InvocationCount=1, IterationCount=3, LaunchCount=1, UnrollFactor=1, WarmupCount=3) [Sessions=1000]
// *** Execute ***
// Launch: 1 / 1
// Execute: dotnet WinForward.Benchmarks-ShortRun-1.dll --anonymousPipes 123 125 --benchmarkName "WinForward.Benchmarks.Perf.SessionSetupDecompositionBenchmarks.ComponentC2b_SessionConstructOnly(Sessions: 1000)" --job ShortRun --benchmarkId 81 in /home/paff/Projects/WinForward/benchmarks/WinForward.Benchmarks/bin/Release/net10.0/WinForward.Benchmarks-ShortRun-1/bin/Release/net10.0
// Failed to set up high priority (Permission denied). In order to run benchmarks with high priority, make sure you have the right permissions.
// BeforeAnythingElse

// Benchmark Process Environment Information:
// BenchmarkDotNet v0.15.8
// Runtime=.NET 10.0.12 (10.0.12, 10.0.1226.42308), X64 RyuJIT x86-64-v4
// GC=Concurrent Workstation
// HardwareIntrinsics=AVX512 BITALG+VBMI2+VNNI+VPOPCNTDQ,AVX512 IFMA+VBMI,AVX512 F+BW+CD+DQ+VL,AVX2+BMI1+BMI2+F16C+FMA+LZCNT+MOVBE,AVX,SSE3+SSSE3+SSE4.1+SSE4.2+POPCNT,X86Base+SSE+SSE2,AES+PCLMUL,AvxVnni VectorSize=256
// Job: ShortRun(InvocationCount=1, IterationCount=3, LaunchCount=1, UnrollFactor=1, WarmupCount=3)

OverheadJitting  1: 1 op, 332664.00 ns, 332.6640 us/op
WorkloadJitting  1: 1 op, 22054881.00 ns, 22.0549 ms/op

OverheadWarmup   1: 1 op, 561.00 ns, 561.0000 ns/op
OverheadWarmup   2: 1 op, 461.00 ns, 461.0000 ns/op
OverheadWarmup   3: 1 op, 450.00 ns, 450.0000 ns/op
OverheadWarmup   4: 1 op, 451.00 ns, 451.0000 ns/op
OverheadWarmup   5: 1 op, 401.00 ns, 401.0000 ns/op
OverheadWarmup   6: 1 op, 501.00 ns, 501.0000 ns/op
OverheadWarmup   7: 1 op, 270.00 ns, 270.0000 ns/op

OverheadActual   1: 1 op, 460.00 ns, 460.0000 ns/op
OverheadActual   2: 1 op, 501.00 ns, 501.0000 ns/op
OverheadActual   3: 1 op, 510.00 ns, 510.0000 ns/op
OverheadActual   4: 1 op, 441.00 ns, 441.0000 ns/op
OverheadActual   5: 1 op, 491.00 ns, 491.0000 ns/op
OverheadActual   6: 1 op, 521.00 ns, 521.0000 ns/op
OverheadActual   7: 1 op, 501.00 ns, 501.0000 ns/op
OverheadActual   8: 1 op, 541.00 ns, 541.0000 ns/op
OverheadActual   9: 1 op, 280.00 ns, 280.0000 ns/op
OverheadActual  10: 1 op, 471.00 ns, 471.0000 ns/op
OverheadActual  11: 1 op, 461.00 ns, 461.0000 ns/op
OverheadActual  12: 1 op, 491.00 ns, 491.0000 ns/op
OverheadActual  13: 1 op, 281.00 ns, 281.0000 ns/op
OverheadActual  14: 1 op, 290.00 ns, 290.0000 ns/op
OverheadActual  15: 1 op, 281.00 ns, 281.0000 ns/op
OverheadActual  16: 1 op, 281.00 ns, 281.0000 ns/op
OverheadActual  17: 1 op, 481.00 ns, 481.0000 ns/op
OverheadActual  18: 1 op, 581.00 ns, 581.0000 ns/op
OverheadActual  19: 1 op, 361.00 ns, 361.0000 ns/op
OverheadActual  20: 1 op, 301.00 ns, 301.0000 ns/op

WorkloadWarmup   1: 1 op, 3451492.00 ns, 3.4515 ms/op
WorkloadWarmup   2: 1 op, 2220844.00 ns, 2.2208 ms/op
WorkloadWarmup   3: 1 op, 2240529.00 ns, 2.2405 ms/op

// BeforeActualRun
WorkloadActual   1: 1 op, 3433070.00 ns, 3.4331 ms/op
WorkloadActual   2: 1 op, 2193303.00 ns, 2.1933 ms/op
WorkloadActual   3: 1 op, 2451420.00 ns, 2.4514 ms/op

// AfterActualRun
WorkloadResult   1: 1 op, 3432604.00 ns, 3.4326 ms/op
WorkloadResult   2: 1 op, 2192837.00 ns, 2.1928 ms/op
WorkloadResult   3: 1 op, 2450954.00 ns, 2.4510 ms/op
// GC:  0 0 0 1533728 1
// Threading:  0 0 1

// AfterAll
// Benchmark Process 1615790 has exited with code 0.

Mean = 2.692 ms, StdErr = 0.378 ms (14.03%), N = 3, StdDev = 0.654 ms
Min = 2.193 ms, Q1 = 2.322 ms, Median = 2.451 ms, Q3 = 2.942 ms, Max = 3.433 ms
IQR = 0.620 ms, LowerFence = 1.392 ms, UpperFence = 3.872 ms
ConfidenceInterval = [-9.242 ms; 14.626 ms] (CI 99.9%), Margin = 11.934 ms (443.28% of Mean)
Skewness = 0.32, Kurtosis = 0.67, MValue = 2

// ** Remained 17 (17.2%) benchmark(s) to run. Estimated finish 2026-09-22 17:02 (0h 0m from now) **
// **************************
// Benchmark: SessionSetupDecompositionBenchmarks.ComponentC2c1_ScopeConstructLinked: ShortRun(InvocationCount=1, IterationCount=3, LaunchCount=1, UnrollFactor=1, WarmupCount=3) [Sessions=1000]
// *** Execute ***
// Launch: 1 / 1
// Execute: dotnet WinForward.Benchmarks-ShortRun-1.dll --anonymousPipes 123 125 --benchmarkName "WinForward.Benchmarks.Perf.SessionSetupDecompositionBenchmarks.ComponentC2c1_ScopeConstructLinked(Sessions: 1000)" --job ShortRun --benchmarkId 82 in /home/paff/Projects/WinForward/benchmarks/WinForward.Benchmarks/bin/Release/net10.0/WinForward.Benchmarks-ShortRun-1/bin/Release/net10.0
// Failed to set up high priority (Permission denied). In order to run benchmarks with high priority, make sure you have the right permissions.
// BeforeAnythingElse

// Benchmark Process Environment Information:
// BenchmarkDotNet v0.15.8
// Runtime=.NET 10.0.12 (10.0.12, 10.0.1226.42308), X64 RyuJIT x86-64-v4
// GC=Concurrent Workstation
// HardwareIntrinsics=AVX512 BITALG+VBMI2+VNNI+VPOPCNTDQ,AVX512 IFMA+VBMI,AVX512 F+BW+CD+DQ+VL,AVX2+BMI1+BMI2+F16C+FMA+LZCNT+MOVBE,AVX,SSE3+SSSE3+SSE4.1+SSE4.2+POPCNT,X86Base+SSE+SSE2,AES+PCLMUL,AvxVnni VectorSize=256
// Job: ShortRun(InvocationCount=1, IterationCount=3, LaunchCount=1, UnrollFactor=1, WarmupCount=3)

OverheadJitting  1: 1 op, 259489.00 ns, 259.4890 us/op
WorkloadJitting  1: 1 op, 1694248.00 ns, 1.6942 ms/op

OverheadWarmup   1: 1 op, 461.00 ns, 461.0000 ns/op
OverheadWarmup   2: 1 op, 701.00 ns, 701.0000 ns/op
OverheadWarmup   3: 1 op, 270.00 ns, 270.0000 ns/op
OverheadWarmup   4: 1 op, 401.00 ns, 401.0000 ns/op
OverheadWarmup   5: 1 op, 391.00 ns, 391.0000 ns/op

OverheadActual   1: 1 op, 410.00 ns, 410.0000 ns/op
OverheadActual   2: 1 op, 411.00 ns, 411.0000 ns/op
OverheadActual   3: 1 op, 421.00 ns, 421.0000 ns/op
OverheadActual   4: 1 op, 431.00 ns, 431.0000 ns/op
OverheadActual   5: 1 op, 431.00 ns, 431.0000 ns/op
OverheadActual   6: 1 op, 350.00 ns, 350.0000 ns/op
OverheadActual   7: 1 op, 972.00 ns, 972.0000 ns/op
OverheadActual   8: 1 op, 280.00 ns, 280.0000 ns/op
OverheadActual   9: 1 op, 501.00 ns, 501.0000 ns/op
OverheadActual  10: 1 op, 902.00 ns, 902.0000 ns/op
OverheadActual  11: 1 op, 391.00 ns, 391.0000 ns/op
OverheadActual  12: 1 op, 510.00 ns, 510.0000 ns/op
OverheadActual  13: 1 op, 280.00 ns, 280.0000 ns/op
OverheadActual  14: 1 op, 290.00 ns, 290.0000 ns/op
OverheadActual  15: 1 op, 501.00 ns, 501.0000 ns/op
OverheadActual  16: 1 op, 331.00 ns, 331.0000 ns/op
OverheadActual  17: 1 op, 461.00 ns, 461.0000 ns/op
OverheadActual  18: 1 op, 331.00 ns, 331.0000 ns/op
OverheadActual  19: 1 op, 541.00 ns, 541.0000 ns/op
OverheadActual  20: 1 op, 380.00 ns, 380.0000 ns/op

WorkloadWarmup   1: 1 op, 283202.00 ns, 283.2020 us/op
WorkloadWarmup   2: 1 op, 70640.00 ns, 70.6400 us/op
WorkloadWarmup   3: 1 op, 68917.00 ns, 68.9170 us/op

// BeforeActualRun
WorkloadActual   1: 1 op, 72063.00 ns, 72.0630 us/op
WorkloadActual   2: 1 op, 68266.00 ns, 68.2660 us/op
WorkloadActual   3: 1 op, 69488.00 ns, 69.4880 us/op

// AfterActualRun
WorkloadResult   1: 1 op, 71647.00 ns, 71.6470 us/op
WorkloadResult   2: 1 op, 67850.00 ns, 67.8500 us/op
WorkloadResult   3: 1 op, 69072.00 ns, 69.0720 us/op
// GC:  0 0 0 216200 1
// Threading:  0 0 1

// AfterAll
// Benchmark Process 1615806 has exited with code 0.

Mean = 69.523 us, StdErr = 1.119 us (1.61%), N = 3, StdDev = 1.938 us
Min = 67.850 us, Q1 = 68.461 us, Median = 69.072 us, Q3 = 70.359 us, Max = 71.647 us
IQR = 1.899 us, LowerFence = 65.613 us, UpperFence = 73.207 us
ConfidenceInterval = [34.162 us; 104.884 us] (CI 99.9%), Margin = 35.361 us (50.86% of Mean)
Skewness = 0.22, Kurtosis = 0.67, MValue = 2

// ** Remained 16 (16.2%) benchmark(s) to run. Estimated finish 2026-09-22 17:02 (0h 0m from now) **
// **************************
// Benchmark: SessionSetupDecompositionBenchmarks.ComponentC2c2_ScopeConstructUnlinked: ShortRun(InvocationCount=1, IterationCount=3, LaunchCount=1, UnrollFactor=1, WarmupCount=3) [Sessions=1000]
// *** Execute ***
// Launch: 1 / 1
// Execute: dotnet WinForward.Benchmarks-ShortRun-1.dll --anonymousPipes 123 125 --benchmarkName "WinForward.Benchmarks.Perf.SessionSetupDecompositionBenchmarks.ComponentC2c2_ScopeConstructUnlinked(Sessions: 1000)" --job ShortRun --benchmarkId 83 in /home/paff/Projects/WinForward/benchmarks/WinForward.Benchmarks/bin/Release/net10.0/WinForward.Benchmarks-ShortRun-1/bin/Release/net10.0
// Failed to set up high priority (Permission denied). In order to run benchmarks with high priority, make sure you have the right permissions.
// BeforeAnythingElse

// Benchmark Process Environment Information:
// BenchmarkDotNet v0.15.8
// Runtime=.NET 10.0.12 (10.0.12, 10.0.1226.42308), X64 RyuJIT x86-64-v4
// GC=Concurrent Workstation
// HardwareIntrinsics=AVX512 BITALG+VBMI2+VNNI+VPOPCNTDQ,AVX512 IFMA+VBMI,AVX512 F+BW+CD+DQ+VL,AVX2+BMI1+BMI2+F16C+FMA+LZCNT+MOVBE,AVX,SSE3+SSSE3+SSE4.1+SSE4.2+POPCNT,X86Base+SSE+SSE2,AES+PCLMUL,AvxVnni VectorSize=256
// Job: ShortRun(InvocationCount=1, IterationCount=3, LaunchCount=1, UnrollFactor=1, WarmupCount=3)

OverheadJitting  1: 1 op, 255120.00 ns, 255.1200 us/op
WorkloadJitting  1: 1 op, 1211913.00 ns, 1.2119 ms/op

OverheadWarmup   1: 1 op, 411.00 ns, 411.0000 ns/op
OverheadWarmup   2: 1 op, 271.00 ns, 271.0000 ns/op
OverheadWarmup   3: 1 op, 251.00 ns, 251.0000 ns/op
OverheadWarmup   4: 1 op, 481.00 ns, 481.0000 ns/op
OverheadWarmup   5: 1 op, 361.00 ns, 361.0000 ns/op
OverheadWarmup   6: 1 op, 491.00 ns, 491.0000 ns/op
OverheadWarmup   7: 1 op, 271.00 ns, 271.0000 ns/op

OverheadActual   1: 1 op, 471.00 ns, 471.0000 ns/op
OverheadActual   2: 1 op, 440.00 ns, 440.0000 ns/op
OverheadActual   3: 1 op, 461.00 ns, 461.0000 ns/op
OverheadActual   4: 1 op, 501.00 ns, 501.0000 ns/op
OverheadActual   5: 1 op, 521.00 ns, 521.0000 ns/op
OverheadActual   6: 1 op, 291.00 ns, 291.0000 ns/op
OverheadActual   7: 1 op, 291.00 ns, 291.0000 ns/op
OverheadActual   8: 1 op, 291.00 ns, 291.0000 ns/op
OverheadActual   9: 1 op, 260.00 ns, 260.0000 ns/op
OverheadActual  10: 1 op, 270.00 ns, 270.0000 ns/op
OverheadActual  11: 1 op, 290.00 ns, 290.0000 ns/op
OverheadActual  12: 1 op, 281.00 ns, 281.0000 ns/op
OverheadActual  13: 1 op, 481.00 ns, 481.0000 ns/op
OverheadActual  14: 1 op, 531.00 ns, 531.0000 ns/op
OverheadActual  15: 1 op, 270.00 ns, 270.0000 ns/op
OverheadActual  16: 1 op, 531.00 ns, 531.0000 ns/op
OverheadActual  17: 1 op, 341.00 ns, 341.0000 ns/op
OverheadActual  18: 1 op, 470.00 ns, 470.0000 ns/op
OverheadActual  19: 1 op, 351.00 ns, 351.0000 ns/op
OverheadActual  20: 1 op, 290.00 ns, 290.0000 ns/op

WorkloadWarmup   1: 1 op, 148984.00 ns, 148.9840 us/op
WorkloadWarmup   2: 1 op, 35436.00 ns, 35.4360 us/op
WorkloadWarmup   3: 1 op, 35515.00 ns, 35.5150 us/op

// BeforeActualRun
WorkloadActual   1: 1 op, 63718.00 ns, 63.7180 us/op
WorkloadActual   2: 1 op, 36307.00 ns, 36.3070 us/op
WorkloadActual   3: 1 op, 35956.00 ns, 35.9560 us/op

// AfterActualRun
WorkloadResult   1: 1 op, 63372.00 ns, 63.3720 us/op
WorkloadResult   2: 1 op, 35961.00 ns, 35.9610 us/op
WorkloadResult   3: 1 op, 35610.00 ns, 35.6100 us/op
// GC:  0 0 0 120088 1
// Threading:  0 0 1

// AfterAll
// Benchmark Process 1615815 has exited with code 0.

Mean = 44.981 us, StdErr = 9.196 us (20.44%), N = 3, StdDev = 15.928 us
Min = 35.610 us, Q1 = 35.785 us, Median = 35.961 us, Q3 = 49.666 us, Max = 63.372 us
IQR = 13.881 us, LowerFence = 14.964 us, UpperFence = 70.488 us
ConfidenceInterval = [-245.606 us; 335.568 us] (CI 99.9%), Margin = 290.587 us (646.02% of Mean)
Skewness = 0.38, Kurtosis = 0.67, MValue = 2

// ** Remained 15 (15.2%) benchmark(s) to run. Estimated finish 2026-09-22 17:02 (0h 0m from now) **
// **************************
// Benchmark: SessionSetupDecompositionBenchmarks.ComponentC2e_LockConstruction: ShortRun(InvocationCount=1, IterationCount=3, LaunchCount=1, UnrollFactor=1, WarmupCount=3) [Sessions=1000]
// *** Execute ***
// Launch: 1 / 1
// Execute: dotnet WinForward.Benchmarks-ShortRun-1.dll --anonymousPipes 123 125 --benchmarkName "WinForward.Benchmarks.Perf.SessionSetupDecompositionBenchmarks.ComponentC2e_LockConstruction(Sessions: 1000)" --job ShortRun --benchmarkId 84 in /home/paff/Projects/WinForward/benchmarks/WinForward.Benchmarks/bin/Release/net10.0/WinForward.Benchmarks-ShortRun-1/bin/Release/net10.0
// Failed to set up high priority (Permission denied). In order to run benchmarks with high priority, make sure you have the right permissions.
// BeforeAnythingElse

// Benchmark Process Environment Information:
// BenchmarkDotNet v0.15.8
// Runtime=.NET 10.0.12 (10.0.12, 10.0.1226.42308), X64 RyuJIT x86-64-v4
// GC=Concurrent Workstation
// HardwareIntrinsics=AVX512 BITALG+VBMI2+VNNI+VPOPCNTDQ,AVX512 IFMA+VBMI,AVX512 F+BW+CD+DQ+VL,AVX2+BMI1+BMI2+F16C+FMA+LZCNT+MOVBE,AVX,SSE3+SSSE3+SSE4.1+SSE4.2+POPCNT,X86Base+SSE+SSE2,AES+PCLMUL,AvxVnni VectorSize=256
// Job: ShortRun(InvocationCount=1, IterationCount=3, LaunchCount=1, UnrollFactor=1, WarmupCount=3)

OverheadJitting  1: 1 op, 281809.00 ns, 281.8090 us/op
WorkloadJitting  1: 1 op, 983233.00 ns, 983.2330 us/op

OverheadWarmup   1: 1 op, 430.00 ns, 430.0000 ns/op
OverheadWarmup   2: 1 op, 260.00 ns, 260.0000 ns/op
OverheadWarmup   3: 1 op, 261.00 ns, 261.0000 ns/op
OverheadWarmup   4: 1 op, 470.00 ns, 470.0000 ns/op
OverheadWarmup   5: 1 op, 351.00 ns, 351.0000 ns/op
OverheadWarmup   6: 1 op, 431.00 ns, 431.0000 ns/op
OverheadWarmup   7: 1 op, 370.00 ns, 370.0000 ns/op

OverheadActual   1: 1 op, 431.00 ns, 431.0000 ns/op
OverheadActual   2: 1 op, 501.00 ns, 501.0000 ns/op
OverheadActual   3: 1 op, 1062.00 ns, 1.0620 us/op
OverheadActual   4: 1 op, 461.00 ns, 461.0000 ns/op
OverheadActual   5: 1 op, 441.00 ns, 441.0000 ns/op
OverheadActual   6: 1 op, 491.00 ns, 491.0000 ns/op
OverheadActual   7: 1 op, 441.00 ns, 441.0000 ns/op
OverheadActual   8: 1 op, 351.00 ns, 351.0000 ns/op
OverheadActual   9: 1 op, 341.00 ns, 341.0000 ns/op
OverheadActual  10: 1 op, 390.00 ns, 390.0000 ns/op
OverheadActual  11: 1 op, 400.00 ns, 400.0000 ns/op
OverheadActual  12: 1 op, 371.00 ns, 371.0000 ns/op
OverheadActual  13: 1 op, 381.00 ns, 381.0000 ns/op
OverheadActual  14: 1 op, 340.00 ns, 340.0000 ns/op
OverheadActual  15: 1 op, 351.00 ns, 351.0000 ns/op
OverheadActual  16: 1 op, 381.00 ns, 381.0000 ns/op
OverheadActual  17: 1 op, 400.00 ns, 400.0000 ns/op
OverheadActual  18: 1 op, 501.00 ns, 501.0000 ns/op
OverheadActual  19: 1 op, 380.00 ns, 380.0000 ns/op
OverheadActual  20: 1 op, 331.00 ns, 331.0000 ns/op

WorkloadWarmup   1: 1 op, 71101.00 ns, 71.1010 us/op
WorkloadWarmup   2: 1 op, 20398.00 ns, 20.3980 us/op
WorkloadWarmup   3: 1 op, 76822.00 ns, 76.8220 us/op

// BeforeActualRun
WorkloadActual   1: 1 op, 140930.00 ns, 140.9300 us/op
WorkloadActual   2: 1 op, 20828.00 ns, 20.8280 us/op
WorkloadActual   3: 1 op, 19936.00 ns, 19.9360 us/op

// AfterActualRun
WorkloadResult   1: 1 op, 140535.00 ns, 140.5350 us/op
WorkloadResult   2: 1 op, 20433.00 ns, 20.4330 us/op
WorkloadResult   3: 1 op, 19541.00 ns, 19.5410 us/op
// GC:  0 0 0 40000 1
// Threading:  0 0 1

// AfterAll
// Benchmark Process 1615824 has exited with code 0.

Mean = 60.170 us, StdErr = 40.183 us (66.78%), N = 3, StdDev = 69.600 us
Min = 19.541 us, Q1 = 19.987 us, Median = 20.433 us, Q3 = 80.484 us, Max = 140.535 us
IQR = 60.497 us, LowerFence = -70.758 us, UpperFence = 171.230 us
ConfidenceInterval = [-1,209.591 us; 1,329.930 us] (CI 99.9%), Margin = 1,269.760 us (2110.30% of Mean)
Skewness = 0.38, Kurtosis = 0.67, MValue = 2

// ** Remained 14 (14.1%) benchmark(s) to run. Estimated finish 2026-09-22 17:02 (0h 0m from now) **
// **************************
// Benchmark: SessionSetupDecompositionBenchmarks.ComponentC2e_TaskCompletionSourceConstruction: ShortRun(InvocationCount=1, IterationCount=3, LaunchCount=1, UnrollFactor=1, WarmupCount=3) [Sessions=1000]
// *** Execute ***
// Launch: 1 / 1
// Execute: dotnet WinForward.Benchmarks-ShortRun-1.dll --anonymousPipes 123 125 --benchmarkName "WinForward.Benchmarks.Perf.SessionSetupDecompositionBenchmarks.ComponentC2e_TaskCompletionSourceConstruction(Sessions: 1000)" --job ShortRun --benchmarkId 85 in /home/paff/Projects/WinForward/benchmarks/WinForward.Benchmarks/bin/Release/net10.0/WinForward.Benchmarks-ShortRun-1/bin/Release/net10.0
// Failed to set up high priority (Permission denied). In order to run benchmarks with high priority, make sure you have the right permissions.
// BeforeAnythingElse

// Benchmark Process Environment Information:
// BenchmarkDotNet v0.15.8
// Runtime=.NET 10.0.12 (10.0.12, 10.0.1226.42308), X64 RyuJIT x86-64-v4
// GC=Concurrent Workstation
// HardwareIntrinsics=AVX512 BITALG+VBMI2+VNNI+VPOPCNTDQ,AVX512 IFMA+VBMI,AVX512 F+BW+CD+DQ+VL,AVX2+BMI1+BMI2+F16C+FMA+LZCNT+MOVBE,AVX,SSE3+SSSE3+SSE4.1+SSE4.2+POPCNT,X86Base+SSE+SSE2,AES+PCLMUL,AvxVnni VectorSize=256
// Job: ShortRun(InvocationCount=1, IterationCount=3, LaunchCount=1, UnrollFactor=1, WarmupCount=3)

OverheadJitting  1: 1 op, 321253.00 ns, 321.2530 us/op
WorkloadJitting  1: 1 op, 959709.00 ns, 959.7090 us/op

OverheadWarmup   1: 1 op, 421.00 ns, 421.0000 ns/op
OverheadWarmup   2: 1 op, 290.00 ns, 290.0000 ns/op
OverheadWarmup   3: 1 op, 451.00 ns, 451.0000 ns/op
OverheadWarmup   4: 1 op, 351.00 ns, 351.0000 ns/op
OverheadWarmup   5: 1 op, 270.00 ns, 270.0000 ns/op
OverheadWarmup   6: 1 op, 301.00 ns, 301.0000 ns/op
OverheadWarmup   7: 1 op, 500.00 ns, 500.0000 ns/op
OverheadWarmup   8: 1 op, 461.00 ns, 461.0000 ns/op

OverheadActual   1: 1 op, 461.00 ns, 461.0000 ns/op
OverheadActual   2: 1 op, 441.00 ns, 441.0000 ns/op
OverheadActual   3: 1 op, 481.00 ns, 481.0000 ns/op
OverheadActual   4: 1 op, 400.00 ns, 400.0000 ns/op
OverheadActual   5: 1 op, 551.00 ns, 551.0000 ns/op
OverheadActual   6: 1 op, 440.00 ns, 440.0000 ns/op
OverheadActual   7: 1 op, 361.00 ns, 361.0000 ns/op
OverheadActual   8: 1 op, 321.00 ns, 321.0000 ns/op
OverheadActual   9: 1 op, 291.00 ns, 291.0000 ns/op
OverheadActual  10: 1 op, 341.00 ns, 341.0000 ns/op
OverheadActual  11: 1 op, 310.00 ns, 310.0000 ns/op
OverheadActual  12: 1 op, 541.00 ns, 541.0000 ns/op
OverheadActual  13: 1 op, 351.00 ns, 351.0000 ns/op
OverheadActual  14: 1 op, 341.00 ns, 341.0000 ns/op
OverheadActual  15: 1 op, 271.00 ns, 271.0000 ns/op
OverheadActual  16: 1 op, 301.00 ns, 301.0000 ns/op
OverheadActual  17: 1 op, 471.00 ns, 471.0000 ns/op
OverheadActual  18: 1 op, 451.00 ns, 451.0000 ns/op
OverheadActual  19: 1 op, 290.00 ns, 290.0000 ns/op
OverheadActual  20: 1 op, 301.00 ns, 301.0000 ns/op

WorkloadWarmup   1: 1 op, 130370.00 ns, 130.3700 us/op
WorkloadWarmup   2: 1 op, 33742.00 ns, 33.7420 us/op
WorkloadWarmup   3: 1 op, 59199.00 ns, 59.1990 us/op

// BeforeActualRun
WorkloadActual   1: 1 op, 130200.00 ns, 130.2000 us/op
WorkloadActual   2: 1 op, 36227.00 ns, 36.2270 us/op
WorkloadActual   3: 1 op, 34363.00 ns, 34.3630 us/op

// AfterActualRun
WorkloadResult   1: 1 op, 129844.00 ns, 129.8440 us/op
WorkloadResult   2: 1 op, 35871.00 ns, 35.8710 us/op
WorkloadResult   3: 1 op, 34007.00 ns, 34.0070 us/op
// GC:  0 0 0 88000 1
// Threading:  0 0 1

// AfterAll
// Benchmark Process 1615834 has exited with code 0.

Mean = 66.574 us, StdErr = 31.640 us (47.53%), N = 3, StdDev = 54.801 us
Min = 34.007 us, Q1 = 34.939 us, Median = 35.871 us, Q3 = 82.858 us, Max = 129.844 us
IQR = 47.919 us, LowerFence = -36.939 us, UpperFence = 154.735 us
ConfidenceInterval = [-933.207 us; 1,066.355 us] (CI 99.9%), Margin = 999.781 us (1501.76% of Mean)
Skewness = 0.38, Kurtosis = 0.67, MValue = 2

// ** Remained 13 (13.1%) benchmark(s) to run. Estimated finish 2026-09-22 17:02 (0h 0m from now) **
// **************************
// Benchmark: SessionSetupDecompositionBenchmarks.ComponentC2e_LinkedTokenSourceConstruction: ShortRun(InvocationCount=1, IterationCount=3, LaunchCount=1, UnrollFactor=1, WarmupCount=3) [Sessions=1000]
// *** Execute ***
// Launch: 1 / 1
// Execute: dotnet WinForward.Benchmarks-ShortRun-1.dll --anonymousPipes 123 125 --benchmarkName "WinForward.Benchmarks.Perf.SessionSetupDecompositionBenchmarks.ComponentC2e_LinkedTokenSourceConstruction(Sessions: 1000)" --job ShortRun --benchmarkId 86 in /home/paff/Projects/WinForward/benchmarks/WinForward.Benchmarks/bin/Release/net10.0/WinForward.Benchmarks-ShortRun-1/bin/Release/net10.0
// Failed to set up high priority (Permission denied). In order to run benchmarks with high priority, make sure you have the right permissions.
// BeforeAnythingElse

// Benchmark Process Environment Information:
// BenchmarkDotNet v0.15.8
// Runtime=.NET 10.0.12 (10.0.12, 10.0.1226.42308), X64 RyuJIT x86-64-v4
// GC=Concurrent Workstation
// HardwareIntrinsics=AVX512 BITALG+VBMI2+VNNI+VPOPCNTDQ,AVX512 IFMA+VBMI,AVX512 F+BW+CD+DQ+VL,AVX2+BMI1+BMI2+F16C+FMA+LZCNT+MOVBE,AVX,SSE3+SSSE3+SSE4.1+SSE4.2+POPCNT,X86Base+SSE+SSE2,AES+PCLMUL,AvxVnni VectorSize=256
// Job: ShortRun(InvocationCount=1, IterationCount=3, LaunchCount=1, UnrollFactor=1, WarmupCount=3)

OverheadJitting  1: 1 op, 255631.00 ns, 255.6310 us/op
WorkloadJitting  1: 1 op, 1224086.00 ns, 1.2241 ms/op

OverheadWarmup   1: 1 op, 451.00 ns, 451.0000 ns/op
OverheadWarmup   2: 1 op, 260.00 ns, 260.0000 ns/op
OverheadWarmup   3: 1 op, 270.00 ns, 270.0000 ns/op
OverheadWarmup   4: 1 op, 481.00 ns, 481.0000 ns/op
OverheadWarmup   5: 1 op, 491.00 ns, 491.0000 ns/op
OverheadWarmup   6: 1 op, 491.00 ns, 491.0000 ns/op
OverheadWarmup   7: 1 op, 380.00 ns, 380.0000 ns/op
OverheadWarmup   8: 1 op, 280.00 ns, 280.0000 ns/op
OverheadWarmup   9: 1 op, 261.00 ns, 261.0000 ns/op
OverheadWarmup  10: 1 op, 431.00 ns, 431.0000 ns/op

OverheadActual   1: 1 op, 440.00 ns, 440.0000 ns/op
OverheadActual   2: 1 op, 411.00 ns, 411.0000 ns/op
OverheadActual   3: 1 op, 451.00 ns, 451.0000 ns/op
OverheadActual   4: 1 op, 440.00 ns, 440.0000 ns/op
OverheadActual   5: 1 op, 411.00 ns, 411.0000 ns/op
OverheadActual   6: 1 op, 271.00 ns, 271.0000 ns/op
OverheadActual   7: 1 op, 280.00 ns, 280.0000 ns/op
OverheadActual   8: 1 op, 471.00 ns, 471.0000 ns/op
OverheadActual   9: 1 op, 351.00 ns, 351.0000 ns/op
OverheadActual  10: 1 op, 471.00 ns, 471.0000 ns/op
OverheadActual  11: 1 op, 451.00 ns, 451.0000 ns/op
OverheadActual  12: 1 op, 381.00 ns, 381.0000 ns/op
OverheadActual  13: 1 op, 440.00 ns, 440.0000 ns/op
OverheadActual  14: 1 op, 420.00 ns, 420.0000 ns/op
OverheadActual  15: 1 op, 430.00 ns, 430.0000 ns/op
OverheadActual  16: 1 op, 571.00 ns, 571.0000 ns/op
OverheadActual  17: 1 op, 261.00 ns, 261.0000 ns/op
OverheadActual  18: 1 op, 270.00 ns, 270.0000 ns/op
OverheadActual  19: 1 op, 261.00 ns, 261.0000 ns/op
OverheadActual  20: 1 op, 341.00 ns, 341.0000 ns/op

WorkloadWarmup   1: 1 op, 258647.00 ns, 258.6470 us/op
WorkloadWarmup   2: 1 op, 65721.00 ns, 65.7210 us/op
WorkloadWarmup   3: 1 op, 63718.00 ns, 63.7180 us/op

// BeforeActualRun
WorkloadActual   1: 1 op, 195681.00 ns, 195.6810 us/op
WorkloadActual   2: 1 op, 92100.00 ns, 92.1000 us/op
WorkloadActual   3: 1 op, 77753.00 ns, 77.7530 us/op

// AfterActualRun
WorkloadResult   1: 1 op, 195265.50 ns, 195.2655 us/op
WorkloadResult   2: 1 op, 91684.50 ns, 91.6845 us/op
WorkloadResult   3: 1 op, 77337.50 ns, 77.3375 us/op
// GC:  0 0 0 152200 1
// Threading:  0 0 1

// AfterAll
// Benchmark Process 1615845 has exited with code 0.

Mean = 121.429 us, StdErr = 37.150 us (30.59%), N = 3, StdDev = 64.345 us
Min = 77.338 us, Q1 = 84.511 us, Median = 91.684 us, Q3 = 143.475 us, Max = 195.266 us
IQR = 58.964 us, LowerFence = -3.935 us, UpperFence = 231.921 us
ConfidenceInterval = [-1,052.468 us; 1,295.326 us] (CI 99.9%), Margin = 1,173.897 us (966.73% of Mean)
Skewness = 0.36, Kurtosis = 0.67, MValue = 2

// ** Remained 12 (12.1%) benchmark(s) to run. Estimated finish 2026-09-22 17:02 (0h 0m from now) **
// **************************
// Benchmark: SessionSetupDecompositionBenchmarks.ComponentE1_CanceledDelayAwaitAsync: ShortRun(InvocationCount=1, IterationCount=3, LaunchCount=1, UnrollFactor=1, WarmupCount=3) [Sessions=1000]
// *** Execute ***
// Launch: 1 / 1
// Execute: dotnet WinForward.Benchmarks-ShortRun-1.dll --anonymousPipes 123 125 --benchmarkName "WinForward.Benchmarks.Perf.SessionSetupDecompositionBenchmarks.ComponentE1_CanceledDelayAwaitAsync(Sessions: 1000)" --job ShortRun --benchmarkId 87 in /home/paff/Projects/WinForward/benchmarks/WinForward.Benchmarks/bin/Release/net10.0/WinForward.Benchmarks-ShortRun-1/bin/Release/net10.0
// Failed to set up high priority (Permission denied). In order to run benchmarks with high priority, make sure you have the right permissions.
// BeforeAnythingElse

// Benchmark Process Environment Information:
// BenchmarkDotNet v0.15.8
// Runtime=.NET 10.0.12 (10.0.12, 10.0.1226.42308), X64 RyuJIT x86-64-v4
// GC=Concurrent Workstation
// HardwareIntrinsics=AVX512 BITALG+VBMI2+VNNI+VPOPCNTDQ,AVX512 IFMA+VBMI,AVX512 F+BW+CD+DQ+VL,AVX2+BMI1+BMI2+F16C+FMA+LZCNT+MOVBE,AVX,SSE3+SSSE3+SSE4.1+SSE4.2+POPCNT,X86Base+SSE+SSE2,AES+PCLMUL,AvxVnni VectorSize=256
// Job: ShortRun(InvocationCount=1, IterationCount=3, LaunchCount=1, UnrollFactor=1, WarmupCount=3)

OverheadJitting  1: 1 op, 299662.00 ns, 299.6620 us/op
WorkloadJitting  1: 1 op, 9142411.00 ns, 9.1424 ms/op

OverheadWarmup   1: 1 op, 401.00 ns, 401.0000 ns/op
OverheadWarmup   2: 1 op, 451.00 ns, 451.0000 ns/op
OverheadWarmup   3: 1 op, 311.00 ns, 311.0000 ns/op
OverheadWarmup   4: 1 op, 281.00 ns, 281.0000 ns/op
OverheadWarmup   5: 1 op, 280.00 ns, 280.0000 ns/op
OverheadWarmup   6: 1 op, 440.00 ns, 440.0000 ns/op
OverheadWarmup   7: 1 op, 280.00 ns, 280.0000 ns/op

OverheadActual   1: 1 op, 461.00 ns, 461.0000 ns/op
OverheadActual   2: 1 op, 451.00 ns, 451.0000 ns/op
OverheadActual   3: 1 op, 481.00 ns, 481.0000 ns/op
OverheadActual   4: 1 op, 441.00 ns, 441.0000 ns/op
OverheadActual   5: 1 op, 491.00 ns, 491.0000 ns/op
OverheadActual   6: 1 op, 301.00 ns, 301.0000 ns/op
OverheadActual   7: 1 op, 270.00 ns, 270.0000 ns/op
OverheadActual   8: 1 op, 290.00 ns, 290.0000 ns/op
OverheadActual   9: 1 op, 271.00 ns, 271.0000 ns/op
OverheadActual  10: 1 op, 280.00 ns, 280.0000 ns/op
OverheadActual  11: 1 op, 311.00 ns, 311.0000 ns/op
OverheadActual  12: 1 op, 441.00 ns, 441.0000 ns/op
OverheadActual  13: 1 op, 260.00 ns, 260.0000 ns/op
OverheadActual  14: 1 op, 271.00 ns, 271.0000 ns/op
OverheadActual  15: 1 op, 271.00 ns, 271.0000 ns/op
OverheadActual  16: 1 op, 1102.00 ns, 1.1020 us/op
OverheadActual  17: 1 op, 491.00 ns, 491.0000 ns/op
OverheadActual  18: 1 op, 501.00 ns, 501.0000 ns/op
OverheadActual  19: 1 op, 311.00 ns, 311.0000 ns/op
OverheadActual  20: 1 op, 261.00 ns, 261.0000 ns/op

WorkloadWarmup   1: 1 op, 5122391.00 ns, 5.1224 ms/op
WorkloadWarmup   2: 1 op, 4487611.00 ns, 4.4876 ms/op
WorkloadWarmup   3: 1 op, 4236809.00 ns, 4.2368 ms/op

// BeforeActualRun
WorkloadActual   1: 1 op, 5158958.00 ns, 5.1590 ms/op
WorkloadActual   2: 1 op, 4271733.00 ns, 4.2717 ms/op
WorkloadActual   3: 1 op, 4069250.00 ns, 4.0693 ms/op

// AfterActualRun
WorkloadResult   1: 1 op, 5158647.00 ns, 5.1586 ms/op
WorkloadResult   2: 1 op, 4271422.00 ns, 4.2714 ms/op
WorkloadResult   3: 1 op, 4068939.00 ns, 4.0689 ms/op
// GC:  0 0 0 864000 1
// Threading:  0 0 1
// Exceptions:  1000

// AfterAll
// Benchmark Process 1615854 has exited with code 0.

Mean = 4.500 ms, StdErr = 0.335 ms (7.44%), N = 3, StdDev = 0.580 ms
Min = 4.069 ms, Q1 = 4.170 ms, Median = 4.271 ms, Q3 = 4.715 ms, Max = 5.159 ms
IQR = 0.545 ms, LowerFence = 3.353 ms, UpperFence = 5.532 ms
ConfidenceInterval = [-6.074 ms; 15.074 ms] (CI 99.9%), Margin = 10.574 ms (235.00% of Mean)
Skewness = 0.33, Kurtosis = 0.67, MValue = 2

// ** Remained 11 (11.1%) benchmark(s) to run. Estimated finish 2026-09-22 17:02 (0h 0m from now) **
// **************************
// Benchmark: SessionSetupDecompositionBenchmarks.ComponentE2_SetupExecutorDisposeAsync: ShortRun(InvocationCount=1, IterationCount=3, LaunchCount=1, UnrollFactor=1, WarmupCount=3) [Sessions=1000]
// *** Execute ***
// Launch: 1 / 1
// Execute: dotnet WinForward.Benchmarks-ShortRun-1.dll --anonymousPipes 123 125 --benchmarkName "WinForward.Benchmarks.Perf.SessionSetupDecompositionBenchmarks.ComponentE2_SetupExecutorDisposeAsync(Sessions: 1000)" --job ShortRun --benchmarkId 88 in /home/paff/Projects/WinForward/benchmarks/WinForward.Benchmarks/bin/Release/net10.0/WinForward.Benchmarks-ShortRun-1/bin/Release/net10.0
// Failed to set up high priority (Permission denied). In order to run benchmarks with high priority, make sure you have the right permissions.
// BeforeAnythingElse

// Benchmark Process Environment Information:
// BenchmarkDotNet v0.15.8
// Runtime=.NET 10.0.12 (10.0.12, 10.0.1226.42308), X64 RyuJIT x86-64-v4
// GC=Concurrent Workstation
// HardwareIntrinsics=AVX512 BITALG+VBMI2+VNNI+VPOPCNTDQ,AVX512 IFMA+VBMI,AVX512 F+BW+CD+DQ+VL,AVX2+BMI1+BMI2+F16C+FMA+LZCNT+MOVBE,AVX,SSE3+SSSE3+SSE4.1+SSE4.2+POPCNT,X86Base+SSE+SSE2,AES+PCLMUL,AvxVnni VectorSize=256
// Job: ShortRun(InvocationCount=1, IterationCount=3, LaunchCount=1, UnrollFactor=1, WarmupCount=3)

OverheadJitting  1: 1 op, 372647.00 ns, 372.6470 us/op
WorkloadJitting  1: 1 op, 113493412.00 ns, 113.4934 ms/op

OverheadWarmup   1: 1 op, 491.00 ns, 491.0000 ns/op
OverheadWarmup   2: 1 op, 261.00 ns, 261.0000 ns/op
OverheadWarmup   3: 1 op, 511.00 ns, 511.0000 ns/op
OverheadWarmup   4: 1 op, 260.00 ns, 260.0000 ns/op
OverheadWarmup   5: 1 op, 481.00 ns, 481.0000 ns/op
OverheadWarmup   6: 1 op, 260.00 ns, 260.0000 ns/op

OverheadActual   1: 1 op, 471.00 ns, 471.0000 ns/op
OverheadActual   2: 1 op, 481.00 ns, 481.0000 ns/op
OverheadActual   3: 1 op, 471.00 ns, 471.0000 ns/op
OverheadActual   4: 1 op, 491.00 ns, 491.0000 ns/op
OverheadActual   5: 1 op, 491.00 ns, 491.0000 ns/op
OverheadActual   6: 1 op, 471.00 ns, 471.0000 ns/op
OverheadActual   7: 1 op, 261.00 ns, 261.0000 ns/op
OverheadActual   8: 1 op, 250.00 ns, 250.0000 ns/op
OverheadActual   9: 1 op, 261.00 ns, 261.0000 ns/op
OverheadActual  10: 1 op, 251.00 ns, 251.0000 ns/op
OverheadActual  11: 1 op, 261.00 ns, 261.0000 ns/op
OverheadActual  12: 1 op, 471.00 ns, 471.0000 ns/op
OverheadActual  13: 1 op, 1042.00 ns, 1.0420 us/op
OverheadActual  14: 1 op, 471.00 ns, 471.0000 ns/op
OverheadActual  15: 1 op, 260.00 ns, 260.0000 ns/op
OverheadActual  16: 1 op, 251.00 ns, 251.0000 ns/op
OverheadActual  17: 1 op, 260.00 ns, 260.0000 ns/op
OverheadActual  18: 1 op, 381.00 ns, 381.0000 ns/op
OverheadActual  19: 1 op, 251.00 ns, 251.0000 ns/op
OverheadActual  20: 1 op, 250.00 ns, 250.0000 ns/op

WorkloadWarmup   1: 1 op, 94768950.00 ns, 94.7690 ms/op
WorkloadWarmup   2: 1 op, 94108333.00 ns, 94.1083 ms/op
WorkloadWarmup   3: 1 op, 96407001.00 ns, 96.4070 ms/op

// BeforeActualRun
WorkloadActual   1: 1 op, 94671107.00 ns, 94.6711 ms/op
WorkloadActual   2: 1 op, 94276983.00 ns, 94.2770 ms/op
WorkloadActual   3: 1 op, 95855572.00 ns, 95.8556 ms/op

// AfterActualRun
WorkloadResult   1: 1 op, 94670786.00 ns, 94.6708 ms/op
WorkloadResult   2: 1 op, 94276662.00 ns, 94.2767 ms/op
WorkloadResult   3: 1 op, 95855251.00 ns, 95.8553 ms/op
// GC:  0 0 0 90424 1
// Threading:  2 64 1
// Exceptions:  128

// AfterAll
// Benchmark Process 1615863 has exited with code 0.

Mean = 94.934 ms, StdErr = 0.474 ms (0.50%), N = 3, StdDev = 0.822 ms
Min = 94.277 ms, Q1 = 94.474 ms, Median = 94.671 ms, Q3 = 95.263 ms, Max = 95.855 ms
IQR = 0.789 ms, LowerFence = 93.290 ms, UpperFence = 96.447 ms
ConfidenceInterval = [79.945 ms; 109.923 ms] (CI 99.9%), Margin = 14.989 ms (15.79% of Mean)
Skewness = 0.29, Kurtosis = 0.67, MValue = 2

// ** Remained 10 (10.1%) benchmark(s) to run. Estimated finish 2026-09-22 17:02 (0h 0m from now) **
// **************************
// Benchmark: SessionSetupDecompositionBenchmarks.ComponentA1_AssociationTablePreSeed: ShortRun(InvocationCount=1, IterationCount=3, LaunchCount=1, UnrollFactor=1, WarmupCount=3) [Sessions=1000]
// *** Execute ***
// Launch: 1 / 1
// Execute: dotnet WinForward.Benchmarks-ShortRun-1.dll --anonymousPipes 123 125 --benchmarkName "WinForward.Benchmarks.Perf.SessionSetupDecompositionBenchmarks.ComponentA1_AssociationTablePreSeed(Sessions: 1000)" --job ShortRun --benchmarkId 89 in /home/paff/Projects/WinForward/benchmarks/WinForward.Benchmarks/bin/Release/net10.0/WinForward.Benchmarks-ShortRun-1/bin/Release/net10.0
// Failed to set up high priority (Permission denied). In order to run benchmarks with high priority, make sure you have the right permissions.
// BeforeAnythingElse

// Benchmark Process Environment Information:
// BenchmarkDotNet v0.15.8
// Runtime=.NET 10.0.12 (10.0.12, 10.0.1226.42308), X64 RyuJIT x86-64-v4
// GC=Concurrent Workstation
// HardwareIntrinsics=AVX512 BITALG+VBMI2+VNNI+VPOPCNTDQ,AVX512 IFMA+VBMI,AVX512 F+BW+CD+DQ+VL,AVX2+BMI1+BMI2+F16C+FMA+LZCNT+MOVBE,AVX,SSE3+SSSE3+SSE4.1+SSE4.2+POPCNT,X86Base+SSE+SSE2,AES+PCLMUL,AvxVnni VectorSize=256
// Job: ShortRun(InvocationCount=1, IterationCount=3, LaunchCount=1, UnrollFactor=1, WarmupCount=3)

OverheadJitting  1: 1 op, 572014.00 ns, 572.0140 us/op
WorkloadJitting  1: 1 op, 2906206.00 ns, 2.9062 ms/op

OverheadWarmup   1: 1 op, 490.00 ns, 490.0000 ns/op
OverheadWarmup   2: 1 op, 370.00 ns, 370.0000 ns/op
OverheadWarmup   3: 1 op, 421.00 ns, 421.0000 ns/op
OverheadWarmup   4: 1 op, 331.00 ns, 331.0000 ns/op
OverheadWarmup   5: 1 op, 511.00 ns, 511.0000 ns/op
OverheadWarmup   6: 1 op, 621.00 ns, 621.0000 ns/op
OverheadWarmup   7: 1 op, 450.00 ns, 450.0000 ns/op

OverheadActual   1: 1 op, 401.00 ns, 401.0000 ns/op
OverheadActual   2: 1 op, 421.00 ns, 421.0000 ns/op
OverheadActual   3: 1 op, 470.00 ns, 470.0000 ns/op
OverheadActual   4: 1 op, 391.00 ns, 391.0000 ns/op
OverheadActual   5: 1 op, 451.00 ns, 451.0000 ns/op
OverheadActual   6: 1 op, 411.00 ns, 411.0000 ns/op
OverheadActual   7: 1 op, 501.00 ns, 501.0000 ns/op
OverheadActual   8: 1 op, 521.00 ns, 521.0000 ns/op
OverheadActual   9: 1 op, 291.00 ns, 291.0000 ns/op
OverheadActual  10: 1 op, 341.00 ns, 341.0000 ns/op
OverheadActual  11: 1 op, 300.00 ns, 300.0000 ns/op
OverheadActual  12: 1 op, 290.00 ns, 290.0000 ns/op
OverheadActual  13: 1 op, 381.00 ns, 381.0000 ns/op
OverheadActual  14: 1 op, 340.00 ns, 340.0000 ns/op
OverheadActual  15: 1 op, 360.00 ns, 360.0000 ns/op
OverheadActual  16: 1 op, 371.00 ns, 371.0000 ns/op
OverheadActual  17: 1 op, 441.00 ns, 441.0000 ns/op
OverheadActual  18: 1 op, 421.00 ns, 421.0000 ns/op
OverheadActual  19: 1 op, 371.00 ns, 371.0000 ns/op
OverheadActual  20: 1 op, 481.00 ns, 481.0000 ns/op

WorkloadWarmup   1: 1 op, 74768.00 ns, 74.7680 us/op
WorkloadWarmup   2: 1 op, 431766.00 ns, 431.7660 us/op
WorkloadWarmup   3: 1 op, 482569.00 ns, 482.5690 us/op

// BeforeActualRun
WorkloadActual   1: 1 op, 48168.00 ns, 48.1680 us/op
WorkloadActual   2: 1 op, 14196.00 ns, 14.1960 us/op
WorkloadActual   3: 1 op, 12564.00 ns, 12.5640 us/op

// AfterActualRun
WorkloadResult   1: 1 op, 47772.00 ns, 47.7720 us/op
WorkloadResult   2: 1 op, 13800.00 ns, 13.8000 us/op
WorkloadResult   3: 1 op, 12168.00 ns, 12.1680 us/op
// GC:  0 0 0 327008 1
// Threading:  0 0 1

// AfterAll
// Benchmark Process 1616388 has exited with code 0.

Mean = 24.580 us, StdErr = 11.606 us (47.22%), N = 3, StdDev = 20.101 us
Min = 12.168 us, Q1 = 12.984 us, Median = 13.800 us, Q3 = 30.786 us, Max = 47.772 us
IQR = 17.802 us, LowerFence = -13.719 us, UpperFence = 57.489 us
ConfidenceInterval = [-342.145 us; 391.305 us] (CI 99.9%), Margin = 366.725 us (1491.96% of Mean)
Skewness = 0.38, Kurtosis = 0.67, MValue = 2

// ** Remained 9 (9.1%) benchmark(s) to run. Estimated finish 2026-09-22 17:02 (0h 0m from now) **
// **************************
// Benchmark: SessionSetupDecompositionBenchmarks.ComponentA2_SessionDictionaryPreSeed: ShortRun(InvocationCount=1, IterationCount=3, LaunchCount=1, UnrollFactor=1, WarmupCount=3) [Sessions=1000]
// *** Execute ***
// Launch: 1 / 1
// Execute: dotnet WinForward.Benchmarks-ShortRun-1.dll --anonymousPipes 123 125 --benchmarkName "WinForward.Benchmarks.Perf.SessionSetupDecompositionBenchmarks.ComponentA2_SessionDictionaryPreSeed(Sessions: 1000)" --job ShortRun --benchmarkId 90 in /home/paff/Projects/WinForward/benchmarks/WinForward.Benchmarks/bin/Release/net10.0/WinForward.Benchmarks-ShortRun-1/bin/Release/net10.0
// Failed to set up high priority (Permission denied). In order to run benchmarks with high priority, make sure you have the right permissions.
// BeforeAnythingElse

// Benchmark Process Environment Information:
// BenchmarkDotNet v0.15.8
// Runtime=.NET 10.0.12 (10.0.12, 10.0.1226.42308), X64 RyuJIT x86-64-v4
// GC=Concurrent Workstation
// HardwareIntrinsics=AVX512 BITALG+VBMI2+VNNI+VPOPCNTDQ,AVX512 IFMA+VBMI,AVX512 F+BW+CD+DQ+VL,AVX2+BMI1+BMI2+F16C+FMA+LZCNT+MOVBE,AVX,SSE3+SSSE3+SSE4.1+SSE4.2+POPCNT,X86Base+SSE+SSE2,AES+PCLMUL,AvxVnni VectorSize=256
// Job: ShortRun(InvocationCount=1, IterationCount=3, LaunchCount=1, UnrollFactor=1, WarmupCount=3)

OverheadJitting  1: 1 op, 317896.00 ns, 317.8960 us/op
WorkloadJitting  1: 1 op, 1303282.00 ns, 1.3033 ms/op

OverheadWarmup   1: 1 op, 611.00 ns, 611.0000 ns/op
OverheadWarmup   2: 1 op, 461.00 ns, 461.0000 ns/op
OverheadWarmup   3: 1 op, 421.00 ns, 421.0000 ns/op
OverheadWarmup   4: 1 op, 471.00 ns, 471.0000 ns/op
OverheadWarmup   5: 1 op, 501.00 ns, 501.0000 ns/op
OverheadWarmup   6: 1 op, 701.00 ns, 701.0000 ns/op
OverheadWarmup   7: 1 op, 260.00 ns, 260.0000 ns/op
OverheadWarmup   8: 1 op, 511.00 ns, 511.0000 ns/op
OverheadWarmup   9: 1 op, 311.00 ns, 311.0000 ns/op

OverheadActual   1: 1 op, 471.00 ns, 471.0000 ns/op
OverheadActual   2: 1 op, 421.00 ns, 421.0000 ns/op
OverheadActual   3: 1 op, 571.00 ns, 571.0000 ns/op
OverheadActual   4: 1 op, 431.00 ns, 431.0000 ns/op
OverheadActual   5: 1 op, 431.00 ns, 431.0000 ns/op
OverheadActual   6: 1 op, 440.00 ns, 440.0000 ns/op
OverheadActual   7: 1 op, 371.00 ns, 371.0000 ns/op
OverheadActual   8: 1 op, 340.00 ns, 340.0000 ns/op
OverheadActual   9: 1 op, 361.00 ns, 361.0000 ns/op
OverheadActual  10: 1 op, 942.00 ns, 942.0000 ns/op
OverheadActual  11: 1 op, 461.00 ns, 461.0000 ns/op
OverheadActual  12: 1 op, 631.00 ns, 631.0000 ns/op
OverheadActual  13: 1 op, 350.00 ns, 350.0000 ns/op
OverheadActual  14: 1 op, 330.00 ns, 330.0000 ns/op
OverheadActual  15: 1 op, 361.00 ns, 361.0000 ns/op
OverheadActual  16: 1 op, 481.00 ns, 481.0000 ns/op
OverheadActual  17: 1 op, 451.00 ns, 451.0000 ns/op
OverheadActual  18: 1 op, 431.00 ns, 431.0000 ns/op
OverheadActual  19: 1 op, 421.00 ns, 421.0000 ns/op
OverheadActual  20: 1 op, 451.00 ns, 451.0000 ns/op

WorkloadWarmup   1: 1 op, 67063.00 ns, 67.0630 us/op
WorkloadWarmup   2: 1 op, 272062.00 ns, 272.0620 us/op
WorkloadWarmup   3: 1 op, 346469.00 ns, 346.4690 us/op

// BeforeActualRun
WorkloadActual   1: 1 op, 79576.00 ns, 79.5760 us/op
WorkloadActual   2: 1 op, 22331.00 ns, 22.3310 us/op
WorkloadActual   3: 1 op, 12242.00 ns, 12.2420 us/op

// AfterActualRun
WorkloadResult   1: 1 op, 79145.00 ns, 79.1450 us/op
WorkloadResult   2: 1 op, 21900.00 ns, 21.9000 us/op
WorkloadResult   3: 1 op, 11811.00 ns, 11.8110 us/op
// GC:  0 0 0 163376 1
// Threading:  0 0 1

// AfterAll
// Benchmark Process 1616403 has exited with code 0.

Mean = 37.619 us, StdErr = 20.966 us (55.73%), N = 3, StdDev = 36.315 us
Min = 11.811 us, Q1 = 16.855 us, Median = 21.900 us, Q3 = 50.523 us, Max = 79.145 us
IQR = 33.667 us, LowerFence = -33.645 us, UpperFence = 101.023 us
ConfidenceInterval = [-624.901 us; 700.138 us] (CI 99.9%), Margin = 662.520 us (1761.15% of Mean)
Skewness = 0.35, Kurtosis = 0.67, MValue = 2

// ** Remained 8 (8.1%) benchmark(s) to run. Estimated finish 2026-09-22 17:02 (0h 0m from now) **
// **************************
// Benchmark: SessionSetupDecompositionBenchmarks.ComponentA3_CooldownTableConstruction: ShortRun(InvocationCount=1, IterationCount=3, LaunchCount=1, UnrollFactor=1, WarmupCount=3) [Sessions=1000]
// *** Execute ***
// Launch: 1 / 1
// Execute: dotnet WinForward.Benchmarks-ShortRun-1.dll --anonymousPipes 123 125 --benchmarkName "WinForward.Benchmarks.Perf.SessionSetupDecompositionBenchmarks.ComponentA3_CooldownTableConstruction(Sessions: 1000)" --job ShortRun --benchmarkId 91 in /home/paff/Projects/WinForward/benchmarks/WinForward.Benchmarks/bin/Release/net10.0/WinForward.Benchmarks-ShortRun-1/bin/Release/net10.0
// Failed to set up high priority (Permission denied). In order to run benchmarks with high priority, make sure you have the right permissions.
// BeforeAnythingElse

// Benchmark Process Environment Information:
// BenchmarkDotNet v0.15.8
// Runtime=.NET 10.0.12 (10.0.12, 10.0.1226.42308), X64 RyuJIT x86-64-v4
// GC=Concurrent Workstation
// HardwareIntrinsics=AVX512 BITALG+VBMI2+VNNI+VPOPCNTDQ,AVX512 IFMA+VBMI,AVX512 F+BW+CD+DQ+VL,AVX2+BMI1+BMI2+F16C+FMA+LZCNT+MOVBE,AVX,SSE3+SSSE3+SSE4.1+SSE4.2+POPCNT,X86Base+SSE+SSE2,AES+PCLMUL,AvxVnni VectorSize=256
// Job: ShortRun(InvocationCount=1, IterationCount=3, LaunchCount=1, UnrollFactor=1, WarmupCount=3)

OverheadJitting  1: 1 op, 347971.00 ns, 347.9710 us/op
WorkloadJitting  1: 1 op, 1325743.00 ns, 1.3257 ms/op

OverheadWarmup   1: 1 op, 461.00 ns, 461.0000 ns/op
OverheadWarmup   2: 1 op, 421.00 ns, 421.0000 ns/op
OverheadWarmup   3: 1 op, 441.00 ns, 441.0000 ns/op
OverheadWarmup   4: 1 op, 681.00 ns, 681.0000 ns/op
OverheadWarmup   5: 1 op, 370.00 ns, 370.0000 ns/op
OverheadWarmup   6: 1 op, 440.00 ns, 440.0000 ns/op
OverheadWarmup   7: 1 op, 271.00 ns, 271.0000 ns/op

OverheadActual   1: 1 op, 521.00 ns, 521.0000 ns/op
OverheadActual   2: 1 op, 451.00 ns, 451.0000 ns/op
OverheadActual   3: 1 op, 491.00 ns, 491.0000 ns/op
OverheadActual   4: 1 op, 461.00 ns, 461.0000 ns/op
OverheadActual   5: 1 op, 451.00 ns, 451.0000 ns/op
OverheadActual   6: 1 op, 431.00 ns, 431.0000 ns/op
OverheadActual   7: 1 op, 460.00 ns, 460.0000 ns/op
OverheadActual   8: 1 op, 400.00 ns, 400.0000 ns/op
OverheadActual   9: 1 op, 441.00 ns, 441.0000 ns/op
OverheadActual  10: 1 op, 481.00 ns, 481.0000 ns/op
OverheadActual  11: 1 op, 341.00 ns, 341.0000 ns/op
OverheadActual  12: 1 op, 371.00 ns, 371.0000 ns/op
OverheadActual  13: 1 op, 481.00 ns, 481.0000 ns/op
OverheadActual  14: 1 op, 271.00 ns, 271.0000 ns/op
OverheadActual  15: 1 op, 450.00 ns, 450.0000 ns/op
OverheadActual  16: 1 op, 451.00 ns, 451.0000 ns/op
OverheadActual  17: 1 op, 461.00 ns, 461.0000 ns/op
OverheadActual  18: 1 op, 561.00 ns, 561.0000 ns/op
OverheadActual  19: 1 op, 391.00 ns, 391.0000 ns/op
OverheadActual  20: 1 op, 411.00 ns, 411.0000 ns/op

WorkloadWarmup   1: 1 op, 4098.00 ns, 4.0980 us/op
WorkloadWarmup   2: 1 op, 4017.00 ns, 4.0170 us/op
WorkloadWarmup   3: 1 op, 3216.00 ns, 3.2160 us/op

// BeforeActualRun
WorkloadActual   1: 1 op, 19015.00 ns, 19.0150 us/op
WorkloadActual   2: 1 op, 3216.00 ns, 3.2160 us/op
WorkloadActual   3: 1 op, 3126.00 ns, 3.1260 us/op

// AfterActualRun
WorkloadResult   1: 1 op, 18564.00 ns, 18.5640 us/op
WorkloadResult   2: 1 op, 2765.00 ns, 2.7650 us/op
WorkloadResult   3: 1 op, 2675.00 ns, 2.6750 us/op
// GC:  0 0 0 160 1
// Threading:  0 0 1

// AfterAll
// Benchmark Process 1616413 has exited with code 0.

Mean = 8.001 us, StdErr = 5.281 us (66.01%), N = 3, StdDev = 9.148 us
Min = 2.675 us, Q1 = 2.720 us, Median = 2.765 us, Q3 = 10.665 us, Max = 18.564 us
IQR = 7.944 us, LowerFence = -9.197 us, UpperFence = 22.581 us
ConfidenceInterval = [-158.886 us; 174.888 us] (CI 99.9%), Margin = 166.887 us (2085.74% of Mean)
Skewness = 0.38, Kurtosis = 0.67, MValue = 2

// ** Remained 7 (7.1%) benchmark(s) to run. Estimated finish 2026-09-22 17:02 (0h 0m from now) **
// **************************
// Benchmark: SessionSetupDecompositionBenchmarks.ComponentA4_SlotAndQueueObjects: ShortRun(InvocationCount=1, IterationCount=3, LaunchCount=1, UnrollFactor=1, WarmupCount=3) [Sessions=1000]
// *** Execute ***
// Launch: 1 / 1
// Execute: dotnet WinForward.Benchmarks-ShortRun-1.dll --anonymousPipes 123 125 --benchmarkName "WinForward.Benchmarks.Perf.SessionSetupDecompositionBenchmarks.ComponentA4_SlotAndQueueObjects(Sessions: 1000)" --job ShortRun --benchmarkId 92 in /home/paff/Projects/WinForward/benchmarks/WinForward.Benchmarks/bin/Release/net10.0/WinForward.Benchmarks-ShortRun-1/bin/Release/net10.0
// Failed to set up high priority (Permission denied). In order to run benchmarks with high priority, make sure you have the right permissions.
// BeforeAnythingElse

// Benchmark Process Environment Information:
// BenchmarkDotNet v0.15.8
// Runtime=.NET 10.0.12 (10.0.12, 10.0.1226.42308), X64 RyuJIT x86-64-v4
// GC=Concurrent Workstation
// HardwareIntrinsics=AVX512 BITALG+VBMI2+VNNI+VPOPCNTDQ,AVX512 IFMA+VBMI,AVX512 F+BW+CD+DQ+VL,AVX2+BMI1+BMI2+F16C+FMA+LZCNT+MOVBE,AVX,SSE3+SSSE3+SSE4.1+SSE4.2+POPCNT,X86Base+SSE+SSE2,AES+PCLMUL,AvxVnni VectorSize=256
// Job: ShortRun(InvocationCount=1, IterationCount=3, LaunchCount=1, UnrollFactor=1, WarmupCount=3)

OverheadJitting  1: 1 op, 436915.00 ns, 436.9150 us/op
WorkloadJitting  1: 1 op, 1246848.00 ns, 1.2468 ms/op

OverheadWarmup   1: 1 op, 772.00 ns, 772.0000 ns/op
OverheadWarmup   2: 1 op, 661.00 ns, 661.0000 ns/op
OverheadWarmup   3: 1 op, 681.00 ns, 681.0000 ns/op
OverheadWarmup   4: 1 op, 591.00 ns, 591.0000 ns/op
OverheadWarmup   5: 1 op, 471.00 ns, 471.0000 ns/op
OverheadWarmup   6: 1 op, 311.00 ns, 311.0000 ns/op
OverheadWarmup   7: 1 op, 611.00 ns, 611.0000 ns/op
OverheadWarmup   8: 1 op, 531.00 ns, 531.0000 ns/op

OverheadActual   1: 1 op, 521.00 ns, 521.0000 ns/op
OverheadActual   2: 1 op, 911.00 ns, 911.0000 ns/op
OverheadActual   3: 1 op, 791.00 ns, 791.0000 ns/op
OverheadActual   4: 1 op, 651.00 ns, 651.0000 ns/op
OverheadActual   5: 1 op, 902.00 ns, 902.0000 ns/op
OverheadActual   6: 1 op, 681.00 ns, 681.0000 ns/op
OverheadActual   7: 1 op, 501.00 ns, 501.0000 ns/op
OverheadActual   8: 1 op, 461.00 ns, 461.0000 ns/op
OverheadActual   9: 1 op, 611.00 ns, 611.0000 ns/op
OverheadActual  10: 1 op, 461.00 ns, 461.0000 ns/op
OverheadActual  11: 1 op, 330.00 ns, 330.0000 ns/op
OverheadActual  12: 1 op, 471.00 ns, 471.0000 ns/op
OverheadActual  13: 1 op, 381.00 ns, 381.0000 ns/op
OverheadActual  14: 1 op, 381.00 ns, 381.0000 ns/op
OverheadActual  15: 1 op, 381.00 ns, 381.0000 ns/op
OverheadActual  16: 1 op, 361.00 ns, 361.0000 ns/op
OverheadActual  17: 1 op, 300.00 ns, 300.0000 ns/op
OverheadActual  18: 1 op, 461.00 ns, 461.0000 ns/op
OverheadActual  19: 1 op, 470.00 ns, 470.0000 ns/op
OverheadActual  20: 1 op, 451.00 ns, 451.0000 ns/op

WorkloadWarmup   1: 1 op, 43650.00 ns, 43.6500 us/op
WorkloadWarmup   2: 1 op, 184350.00 ns, 184.3500 us/op
WorkloadWarmup   3: 1 op, 38722.00 ns, 38.7220 us/op

// BeforeActualRun
WorkloadActual   1: 1 op, 225175.00 ns, 225.1750 us/op
WorkloadActual   2: 1 op, 39803.00 ns, 39.8030 us/op
WorkloadActual   3: 1 op, 47467.00 ns, 47.4670 us/op

// AfterActualRun
WorkloadResult   1: 1 op, 224709.50 ns, 224.7095 us/op
WorkloadResult   2: 1 op, 39337.50 ns, 39.3375 us/op
WorkloadResult   3: 1 op, 47001.50 ns, 47.0015 us/op
// GC:  0 0 0 144000 1
// Threading:  0 0 1

// AfterAll
// Benchmark Process 1616422 has exited with code 0.

Mean = 103.683 us, StdErr = 60.554 us (58.40%), N = 3, StdDev = 104.882 us
Min = 39.337 us, Q1 = 43.169 us, Median = 47.002 us, Q3 = 135.856 us, Max = 224.709 us
IQR = 92.686 us, LowerFence = -95.859 us, UpperFence = 274.885 us
ConfidenceInterval = [-1,809.759 us; 2,017.124 us] (CI 99.9%), Margin = 1,913.442 us (1845.48% of Mean)
Skewness = 0.38, Kurtosis = 0.67, MValue = 2

// ** Remained 6 (6.1%) benchmark(s) to run. Estimated finish 2026-09-22 17:02 (0h 0m from now) **
// **************************
// Benchmark: SessionSetupDecompositionBenchmarks.ComponentA5_CompletionCell: ShortRun(InvocationCount=1, IterationCount=3, LaunchCount=1, UnrollFactor=1, WarmupCount=3) [Sessions=1000]
// *** Execute ***
// Launch: 1 / 1
// Execute: dotnet WinForward.Benchmarks-ShortRun-1.dll --anonymousPipes 123 125 --benchmarkName "WinForward.Benchmarks.Perf.SessionSetupDecompositionBenchmarks.ComponentA5_CompletionCell(Sessions: 1000)" --job ShortRun --benchmarkId 93 in /home/paff/Projects/WinForward/benchmarks/WinForward.Benchmarks/bin/Release/net10.0/WinForward.Benchmarks-ShortRun-1/bin/Release/net10.0
// Failed to set up high priority (Permission denied). In order to run benchmarks with high priority, make sure you have the right permissions.
// BeforeAnythingElse

// Benchmark Process Environment Information:
// BenchmarkDotNet v0.15.8
// Runtime=.NET 10.0.12 (10.0.12, 10.0.1226.42308), X64 RyuJIT x86-64-v4
// GC=Concurrent Workstation
// HardwareIntrinsics=AVX512 BITALG+VBMI2+VNNI+VPOPCNTDQ,AVX512 IFMA+VBMI,AVX512 F+BW+CD+DQ+VL,AVX2+BMI1+BMI2+F16C+FMA+LZCNT+MOVBE,AVX,SSE3+SSSE3+SSE4.1+SSE4.2+POPCNT,X86Base+SSE+SSE2,AES+PCLMUL,AvxVnni VectorSize=256
// Job: ShortRun(InvocationCount=1, IterationCount=3, LaunchCount=1, UnrollFactor=1, WarmupCount=3)

OverheadJitting  1: 1 op, 271761.00 ns, 271.7610 us/op
WorkloadJitting  1: 1 op, 785618.00 ns, 785.6180 us/op

OverheadWarmup   1: 1 op, 491.00 ns, 491.0000 ns/op
OverheadWarmup   2: 1 op, 351.00 ns, 351.0000 ns/op
OverheadWarmup   3: 1 op, 350.00 ns, 350.0000 ns/op
OverheadWarmup   4: 1 op, 491.00 ns, 491.0000 ns/op
OverheadWarmup   5: 1 op, 491.00 ns, 491.0000 ns/op
OverheadWarmup   6: 1 op, 521.00 ns, 521.0000 ns/op
OverheadWarmup   7: 1 op, 501.00 ns, 501.0000 ns/op

OverheadActual   1: 1 op, 481.00 ns, 481.0000 ns/op
OverheadActual   2: 1 op, 802.00 ns, 802.0000 ns/op
OverheadActual   3: 1 op, 531.00 ns, 531.0000 ns/op
OverheadActual   4: 1 op, 531.00 ns, 531.0000 ns/op
OverheadActual   5: 1 op, 501.00 ns, 501.0000 ns/op
OverheadActual   6: 1 op, 491.00 ns, 491.0000 ns/op
OverheadActual   7: 1 op, 350.00 ns, 350.0000 ns/op
OverheadActual   8: 1 op, 470.00 ns, 470.0000 ns/op
OverheadActual   9: 1 op, 511.00 ns, 511.0000 ns/op
OverheadActual  10: 1 op, 541.00 ns, 541.0000 ns/op
OverheadActual  11: 1 op, 481.00 ns, 481.0000 ns/op
OverheadActual  12: 1 op, 451.00 ns, 451.0000 ns/op
OverheadActual  13: 1 op, 271.00 ns, 271.0000 ns/op
OverheadActual  14: 1 op, 341.00 ns, 341.0000 ns/op
OverheadActual  15: 1 op, 571.00 ns, 571.0000 ns/op
OverheadActual  16: 1 op, 471.00 ns, 471.0000 ns/op
OverheadActual  17: 1 op, 541.00 ns, 541.0000 ns/op
OverheadActual  18: 1 op, 451.00 ns, 451.0000 ns/op
OverheadActual  19: 1 op, 451.00 ns, 451.0000 ns/op
OverheadActual  20: 1 op, 521.00 ns, 521.0000 ns/op

WorkloadWarmup   1: 1 op, 177778.00 ns, 177.7780 us/op
WorkloadWarmup   2: 1 op, 41977.00 ns, 41.9770 us/op
WorkloadWarmup   3: 1 op, 102068.00 ns, 102.0680 us/op

// BeforeActualRun
WorkloadActual   1: 1 op, 155477.00 ns, 155.4770 us/op
WorkloadActual   2: 1 op, 41516.00 ns, 41.5160 us/op
WorkloadActual   3: 1 op, 39654.00 ns, 39.6540 us/op

// AfterActualRun
WorkloadResult   1: 1 op, 154991.00 ns, 154.9910 us/op
WorkloadResult   2: 1 op, 41030.00 ns, 41.0300 us/op
WorkloadResult   3: 1 op, 39168.00 ns, 39.1680 us/op
// GC:  0 0 0 88000 1
// Threading:  0 0 1

// AfterAll
// Benchmark Process 1616436 has exited with code 0.

Mean = 78.396 us, StdErr = 38.301 us (48.86%), N = 3, StdDev = 66.339 us
Min = 39.168 us, Q1 = 40.099 us, Median = 41.030 us, Q3 = 98.010 us, Max = 154.991 us
IQR = 57.911 us, LowerFence = -46.768 us, UpperFence = 184.878 us
ConfidenceInterval = [-1,131.882 us; 1,288.675 us] (CI 99.9%), Margin = 1,210.279 us (1543.80% of Mean)
Skewness = 0.38, Kurtosis = 0.67, MValue = 2

// ** Remained 5 (5.1%) benchmark(s) to run. Estimated finish 2026-09-22 17:02 (0h 0m from now) **
// **************************
// Benchmark: SessionSetupDecompositionBenchmarks.ComponentA6_ColdRent: ShortRun(InvocationCount=1, IterationCount=3, LaunchCount=1, UnrollFactor=1, WarmupCount=3) [Sessions=1000]
// *** Execute ***
// Launch: 1 / 1
// Execute: dotnet WinForward.Benchmarks-ShortRun-1.dll --anonymousPipes 123 125 --benchmarkName "WinForward.Benchmarks.Perf.SessionSetupDecompositionBenchmarks.ComponentA6_ColdRent(Sessions: 1000)" --job ShortRun --benchmarkId 94 in /home/paff/Projects/WinForward/benchmarks/WinForward.Benchmarks/bin/Release/net10.0/WinForward.Benchmarks-ShortRun-1/bin/Release/net10.0
// Failed to set up high priority (Permission denied). In order to run benchmarks with high priority, make sure you have the right permissions.
// BeforeAnythingElse

// Benchmark Process Environment Information:
// BenchmarkDotNet v0.15.8
// Runtime=.NET 10.0.12 (10.0.12, 10.0.1226.42308), X64 RyuJIT x86-64-v4
// GC=Concurrent Workstation
// HardwareIntrinsics=AVX512 BITALG+VBMI2+VNNI+VPOPCNTDQ,AVX512 IFMA+VBMI,AVX512 F+BW+CD+DQ+VL,AVX2+BMI1+BMI2+F16C+FMA+LZCNT+MOVBE,AVX,SSE3+SSSE3+SSE4.1+SSE4.2+POPCNT,X86Base+SSE+SSE2,AES+PCLMUL,AvxVnni VectorSize=256
// Job: ShortRun(InvocationCount=1, IterationCount=3, LaunchCount=1, UnrollFactor=1, WarmupCount=3)

OverheadJitting  1: 1 op, 279655.00 ns, 279.6550 us/op
WorkloadJitting  1: 1 op, 2672475.00 ns, 2.6725 ms/op

OverheadWarmup   1: 1 op, 521.00 ns, 521.0000 ns/op
OverheadWarmup   2: 1 op, 501.00 ns, 501.0000 ns/op
OverheadWarmup   3: 1 op, 461.00 ns, 461.0000 ns/op
OverheadWarmup   4: 1 op, 471.00 ns, 471.0000 ns/op
OverheadWarmup   5: 1 op, 260.00 ns, 260.0000 ns/op
OverheadWarmup   6: 1 op, 370.00 ns, 370.0000 ns/op
OverheadWarmup   7: 1 op, 471.00 ns, 471.0000 ns/op
OverheadWarmup   8: 1 op, 410.00 ns, 410.0000 ns/op

OverheadActual   1: 1 op, 421.00 ns, 421.0000 ns/op
OverheadActual   2: 1 op, 521.00 ns, 521.0000 ns/op
OverheadActual   3: 1 op, 491.00 ns, 491.0000 ns/op
OverheadActual   4: 1 op, 571.00 ns, 571.0000 ns/op
OverheadActual   5: 1 op, 511.00 ns, 511.0000 ns/op
OverheadActual   6: 1 op, 300.00 ns, 300.0000 ns/op
OverheadActual   7: 1 op, 511.00 ns, 511.0000 ns/op
OverheadActual   8: 1 op, 511.00 ns, 511.0000 ns/op
OverheadActual   9: 1 op, 591.00 ns, 591.0000 ns/op
OverheadActual  10: 1 op, 450.00 ns, 450.0000 ns/op
OverheadActual  11: 1 op, 371.00 ns, 371.0000 ns/op
OverheadActual  12: 1 op, 441.00 ns, 441.0000 ns/op
OverheadActual  13: 1 op, 431.00 ns, 431.0000 ns/op
OverheadActual  14: 1 op, 451.00 ns, 451.0000 ns/op
OverheadActual  15: 1 op, 460.00 ns, 460.0000 ns/op
OverheadActual  16: 1 op, 491.00 ns, 491.0000 ns/op
OverheadActual  17: 1 op, 331.00 ns, 331.0000 ns/op
OverheadActual  18: 1 op, 511.00 ns, 511.0000 ns/op
OverheadActual  19: 1 op, 541.00 ns, 541.0000 ns/op
OverheadActual  20: 1 op, 491.00 ns, 491.0000 ns/op

WorkloadWarmup   1: 1 op, 331461.00 ns, 331.4610 us/op
WorkloadWarmup   2: 1 op, 449809.00 ns, 449.8090 us/op
WorkloadWarmup   3: 1 op, 59079.00 ns, 59.0790 us/op

// BeforeActualRun
WorkloadActual   1: 1 op, 280667.00 ns, 280.6670 us/op
WorkloadActual   2: 1 op, 63607.00 ns, 63.6070 us/op
WorkloadActual   3: 1 op, 62476.00 ns, 62.4760 us/op

// AfterActualRun
WorkloadResult   1: 1 op, 280176.00 ns, 280.1760 us/op
WorkloadResult   2: 1 op, 63116.00 ns, 63.1160 us/op
WorkloadResult   3: 1 op, 61985.00 ns, 61.9850 us/op
// GC:  0 0 0 273976 1
// Threading:  0 0 1

// AfterAll
// Benchmark Process 1616445 has exited with code 0.

Mean = 135.092 us, StdErr = 72.543 us (53.70%), N = 3, StdDev = 125.647 us
Min = 61.985 us, Q1 = 62.550 us, Median = 63.116 us, Q3 = 171.646 us, Max = 280.176 us
IQR = 109.096 us, LowerFence = -101.093 us, UpperFence = 335.289 us
ConfidenceInterval = [-2,157.184 us; 2,427.369 us] (CI 99.9%), Margin = 2,292.277 us (1696.82% of Mean)
Skewness = 0.38, Kurtosis = 0.67, MValue = 2

// ** Remained 4 (4.0%) benchmark(s) to run. Estimated finish 2026-09-22 17:02 (0h 0m from now) **
// **************************
// Benchmark: SessionSetupDecompositionBenchmarks.ComponentA7_EnqueueCycle: ShortRun(InvocationCount=1, IterationCount=3, LaunchCount=1, UnrollFactor=1, WarmupCount=3) [Sessions=1000]
// *** Execute ***
// Launch: 1 / 1
// Execute: dotnet WinForward.Benchmarks-ShortRun-1.dll --anonymousPipes 123 125 --benchmarkName "WinForward.Benchmarks.Perf.SessionSetupDecompositionBenchmarks.ComponentA7_EnqueueCycle(Sessions: 1000)" --job ShortRun --benchmarkId 95 in /home/paff/Projects/WinForward/benchmarks/WinForward.Benchmarks/bin/Release/net10.0/WinForward.Benchmarks-ShortRun-1/bin/Release/net10.0
// Failed to set up high priority (Permission denied). In order to run benchmarks with high priority, make sure you have the right permissions.
// BeforeAnythingElse

// Benchmark Process Environment Information:
// BenchmarkDotNet v0.15.8
// Runtime=.NET 10.0.12 (10.0.12, 10.0.1226.42308), X64 RyuJIT x86-64-v4
// GC=Concurrent Workstation
// HardwareIntrinsics=AVX512 BITALG+VBMI2+VNNI+VPOPCNTDQ,AVX512 IFMA+VBMI,AVX512 F+BW+CD+DQ+VL,AVX2+BMI1+BMI2+F16C+FMA+LZCNT+MOVBE,AVX,SSE3+SSSE3+SSE4.1+SSE4.2+POPCNT,X86Base+SSE+SSE2,AES+PCLMUL,AvxVnni VectorSize=256
// Job: ShortRun(InvocationCount=1, IterationCount=3, LaunchCount=1, UnrollFactor=1, WarmupCount=3)

OverheadJitting  1: 1 op, 272382.00 ns, 272.3820 us/op
WorkloadJitting  1: 1 op, 6085515.00 ns, 6.0855 ms/op

OverheadWarmup   1: 1 op, 441.00 ns, 441.0000 ns/op
OverheadWarmup   2: 1 op, 291.00 ns, 291.0000 ns/op
OverheadWarmup   3: 1 op, 281.00 ns, 281.0000 ns/op
OverheadWarmup   4: 1 op, 571.00 ns, 571.0000 ns/op
OverheadWarmup   5: 1 op, 592.00 ns, 592.0000 ns/op
OverheadWarmup   6: 1 op, 541.00 ns, 541.0000 ns/op
OverheadWarmup   7: 1 op, 531.00 ns, 531.0000 ns/op
OverheadWarmup   8: 1 op, 461.00 ns, 461.0000 ns/op
OverheadWarmup   9: 1 op, 501.00 ns, 501.0000 ns/op
OverheadWarmup  10: 1 op, 521.00 ns, 521.0000 ns/op

OverheadActual   1: 1 op, 521.00 ns, 521.0000 ns/op
OverheadActual   2: 1 op, 471.00 ns, 471.0000 ns/op
OverheadActual   3: 1 op, 391.00 ns, 391.0000 ns/op
OverheadActual   4: 1 op, 611.00 ns, 611.0000 ns/op
OverheadActual   5: 1 op, 521.00 ns, 521.0000 ns/op
OverheadActual   6: 1 op, 441.00 ns, 441.0000 ns/op
OverheadActual   7: 1 op, 511.00 ns, 511.0000 ns/op
OverheadActual   8: 1 op, 280.00 ns, 280.0000 ns/op
OverheadActual   9: 1 op, 381.00 ns, 381.0000 ns/op
OverheadActual  10: 1 op, 340.00 ns, 340.0000 ns/op
OverheadActual  11: 1 op, 351.00 ns, 351.0000 ns/op
OverheadActual  12: 1 op, 471.00 ns, 471.0000 ns/op
OverheadActual  13: 1 op, 531.00 ns, 531.0000 ns/op
OverheadActual  14: 1 op, 671.00 ns, 671.0000 ns/op
OverheadActual  15: 1 op, 361.00 ns, 361.0000 ns/op
OverheadActual  16: 1 op, 521.00 ns, 521.0000 ns/op
OverheadActual  17: 1 op, 441.00 ns, 441.0000 ns/op
OverheadActual  18: 1 op, 471.00 ns, 471.0000 ns/op
OverheadActual  19: 1 op, 340.00 ns, 340.0000 ns/op
OverheadActual  20: 1 op, 331.00 ns, 331.0000 ns/op

WorkloadWarmup   1: 1 op, 274596.00 ns, 274.5960 us/op
WorkloadWarmup   2: 1 op, 261542.00 ns, 261.5420 us/op
WorkloadWarmup   3: 1 op, 260310.00 ns, 260.3100 us/op

// BeforeActualRun
WorkloadActual   1: 1 op, 319549.00 ns, 319.5490 us/op
WorkloadActual   2: 1 op, 263145.00 ns, 263.1450 us/op
WorkloadActual   3: 1 op, 262975.00 ns, 262.9750 us/op

// AfterActualRun
WorkloadResult   1: 1 op, 319093.00 ns, 319.0930 us/op
WorkloadResult   2: 1 op, 262689.00 ns, 262.6890 us/op
WorkloadResult   3: 1 op, 262519.00 ns, 262.5190 us/op
// GC:  0 0 0 1912 1
// Threading:  0 0 1

// AfterAll
// Benchmark Process 1616456 has exited with code 0.

Mean = 281.434 us, StdErr = 18.830 us (6.69%), N = 3, StdDev = 32.614 us
Min = 262.519 us, Q1 = 262.604 us, Median = 262.689 us, Q3 = 290.891 us, Max = 319.093 us
IQR = 28.287 us, LowerFence = 220.173 us, UpperFence = 333.322 us
ConfidenceInterval = [-313.568 us; 876.435 us] (CI 99.9%), Margin = 595.002 us (211.42% of Mean)
Skewness = 0.38, Kurtosis = 0.67, MValue = 2

// ** Remained 3 (3.0%) benchmark(s) to run. Estimated finish 2026-09-22 17:02 (0h 0m from now) **
// **************************
// Benchmark: SessionSetupDecompositionBenchmarks.ComponentA8_WarmRentAdmissionAsync: ShortRun(InvocationCount=1, IterationCount=3, LaunchCount=1, UnrollFactor=1, WarmupCount=3) [Sessions=1000]
// *** Execute ***
// Launch: 1 / 1
// Execute: dotnet WinForward.Benchmarks-ShortRun-1.dll --anonymousPipes 123 125 --benchmarkName "WinForward.Benchmarks.Perf.SessionSetupDecompositionBenchmarks.ComponentA8_WarmRentAdmissionAsync(Sessions: 1000)" --job ShortRun --benchmarkId 96 in /home/paff/Projects/WinForward/benchmarks/WinForward.Benchmarks/bin/Release/net10.0/WinForward.Benchmarks-ShortRun-1/bin/Release/net10.0
// Failed to set up high priority (Permission denied). In order to run benchmarks with high priority, make sure you have the right permissions.
// BeforeAnythingElse

// Benchmark Process Environment Information:
// BenchmarkDotNet v0.15.8
// Runtime=.NET 10.0.12 (10.0.12, 10.0.1226.42308), X64 RyuJIT x86-64-v4
// GC=Concurrent Workstation
// HardwareIntrinsics=AVX512 BITALG+VBMI2+VNNI+VPOPCNTDQ,AVX512 IFMA+VBMI,AVX512 F+BW+CD+DQ+VL,AVX2+BMI1+BMI2+F16C+FMA+LZCNT+MOVBE,AVX,SSE3+SSSE3+SSE4.1+SSE4.2+POPCNT,X86Base+SSE+SSE2,AES+PCLMUL,AvxVnni VectorSize=256
// Job: ShortRun(InvocationCount=1, IterationCount=3, LaunchCount=1, UnrollFactor=1, WarmupCount=3)

OverheadJitting  1: 1 op, 311524.00 ns, 311.5240 us/op
WorkloadJitting  1: 1 op, 26789635.00 ns, 26.7896 ms/op

OverheadWarmup   1: 1 op, 431.00 ns, 431.0000 ns/op
OverheadWarmup   2: 1 op, 471.00 ns, 471.0000 ns/op
OverheadWarmup   3: 1 op, 481.00 ns, 481.0000 ns/op
OverheadWarmup   4: 1 op, 261.00 ns, 261.0000 ns/op
OverheadWarmup   5: 1 op, 441.00 ns, 441.0000 ns/op
OverheadWarmup   6: 1 op, 480.00 ns, 480.0000 ns/op
OverheadWarmup   7: 1 op, 361.00 ns, 361.0000 ns/op

OverheadActual   1: 1 op, 461.00 ns, 461.0000 ns/op
OverheadActual   2: 1 op, 551.00 ns, 551.0000 ns/op
OverheadActual   3: 1 op, 491.00 ns, 491.0000 ns/op
OverheadActual   4: 1 op, 551.00 ns, 551.0000 ns/op
OverheadActual   5: 1 op, 461.00 ns, 461.0000 ns/op
OverheadActual   6: 1 op, 451.00 ns, 451.0000 ns/op
OverheadActual   7: 1 op, 301.00 ns, 301.0000 ns/op
OverheadActual   8: 1 op, 310.00 ns, 310.0000 ns/op
OverheadActual   9: 1 op, 471.00 ns, 471.0000 ns/op
OverheadActual  10: 1 op, 691.00 ns, 691.0000 ns/op
OverheadActual  11: 1 op, 391.00 ns, 391.0000 ns/op
OverheadActual  12: 1 op, 510.00 ns, 510.0000 ns/op
OverheadActual  13: 1 op, 491.00 ns, 491.0000 ns/op
OverheadActual  14: 1 op, 561.00 ns, 561.0000 ns/op
OverheadActual  15: 1 op, 481.00 ns, 481.0000 ns/op
OverheadActual  16: 1 op, 451.00 ns, 451.0000 ns/op
OverheadActual  17: 1 op, 471.00 ns, 471.0000 ns/op
OverheadActual  18: 1 op, 591.00 ns, 591.0000 ns/op
OverheadActual  19: 1 op, 490.00 ns, 490.0000 ns/op
OverheadActual  20: 1 op, 501.00 ns, 501.0000 ns/op

WorkloadWarmup   1: 1 op, 3380601.00 ns, 3.3806 ms/op
WorkloadWarmup   2: 1 op, 2452450.00 ns, 2.4525 ms/op
WorkloadWarmup   3: 1 op, 2543027.00 ns, 2.5430 ms/op

// BeforeActualRun
WorkloadActual   1: 1 op, 2838071.00 ns, 2.8381 ms/op
WorkloadActual   2: 1 op, 3596970.00 ns, 3.5970 ms/op
WorkloadActual   3: 1 op, 2372582.00 ns, 2.3726 ms/op

// AfterActualRun
WorkloadResult   1: 1 op, 2837585.50 ns, 2.8376 ms/op
WorkloadResult   2: 1 op, 3596484.50 ns, 3.5965 ms/op
WorkloadResult   3: 1 op, 2372096.50 ns, 2.3721 ms/op
// GC:  0 0 0 1052808 1
// Threading:  0 0 1

// AfterAll
// Benchmark Process 1616467 has exited with code 0.

Mean = 2.935 ms, StdErr = 0.357 ms (12.16%), N = 3, StdDev = 0.618 ms
Min = 2.372 ms, Q1 = 2.605 ms, Median = 2.838 ms, Q3 = 3.217 ms, Max = 3.596 ms
IQR = 0.612 ms, LowerFence = 1.687 ms, UpperFence = 4.135 ms
ConfidenceInterval = [-8.340 ms; 14.210 ms] (CI 99.9%), Margin = 11.275 ms (384.11% of Mean)
Skewness = 0.15, Kurtosis = 0.67, MValue = 2

// ** Remained 2 (2.0%) benchmark(s) to run. Estimated finish 2026-09-22 17:02 (0h 0m from now) **
// **************************
// Benchmark: SessionSetupDecompositionBenchmarks.ComponentA9a_DictionaryGrowthSpansResize: ShortRun(InvocationCount=1, IterationCount=3, LaunchCount=1, UnrollFactor=1, WarmupCount=3) [Sessions=1000]
// *** Execute ***
// Launch: 1 / 1
// Execute: dotnet WinForward.Benchmarks-ShortRun-1.dll --anonymousPipes 123 125 --benchmarkName "WinForward.Benchmarks.Perf.SessionSetupDecompositionBenchmarks.ComponentA9a_DictionaryGrowthSpansResize(Sessions: 1000)" --job ShortRun --benchmarkId 97 in /home/paff/Projects/WinForward/benchmarks/WinForward.Benchmarks/bin/Release/net10.0/WinForward.Benchmarks-ShortRun-1/bin/Release/net10.0
// Failed to set up high priority (Permission denied). In order to run benchmarks with high priority, make sure you have the right permissions.
// BeforeAnythingElse

// Benchmark Process Environment Information:
// BenchmarkDotNet v0.15.8
// Runtime=.NET 10.0.12 (10.0.12, 10.0.1226.42308), X64 RyuJIT x86-64-v4
// GC=Concurrent Workstation
// HardwareIntrinsics=AVX512 BITALG+VBMI2+VNNI+VPOPCNTDQ,AVX512 IFMA+VBMI,AVX512 F+BW+CD+DQ+VL,AVX2+BMI1+BMI2+F16C+FMA+LZCNT+MOVBE,AVX,SSE3+SSSE3+SSE4.1+SSE4.2+POPCNT,X86Base+SSE+SSE2,AES+PCLMUL,AvxVnni VectorSize=256
// Job: ShortRun(InvocationCount=1, IterationCount=3, LaunchCount=1, UnrollFactor=1, WarmupCount=3)

OverheadJitting  1: 1 op, 347551.00 ns, 347.5510 us/op
WorkloadJitting  1: 1 op, 13749340.00 ns, 13.7493 ms/op

OverheadWarmup   1: 1 op, 501.00 ns, 501.0000 ns/op
OverheadWarmup   2: 1 op, 481.00 ns, 481.0000 ns/op
OverheadWarmup   3: 1 op, 271.00 ns, 271.0000 ns/op
OverheadWarmup   4: 1 op, 281.00 ns, 281.0000 ns/op
OverheadWarmup   5: 1 op, 471.00 ns, 471.0000 ns/op
OverheadWarmup   6: 1 op, 290.00 ns, 290.0000 ns/op
OverheadWarmup   7: 1 op, 1232.00 ns, 1.2320 us/op
OverheadWarmup   8: 1 op, 641.00 ns, 641.0000 ns/op

OverheadActual   1: 1 op, 2604.00 ns, 2.6040 us/op
OverheadActual   2: 1 op, 491.00 ns, 491.0000 ns/op
OverheadActual   3: 1 op, 471.00 ns, 471.0000 ns/op
OverheadActual   4: 1 op, 460.00 ns, 460.0000 ns/op
OverheadActual   5: 1 op, 501.00 ns, 501.0000 ns/op
OverheadActual   6: 1 op, 291.00 ns, 291.0000 ns/op
OverheadActual   7: 1 op, 291.00 ns, 291.0000 ns/op
OverheadActual   8: 1 op, 451.00 ns, 451.0000 ns/op
OverheadActual   9: 1 op, 370.00 ns, 370.0000 ns/op
OverheadActual  10: 1 op, 391.00 ns, 391.0000 ns/op
OverheadActual  11: 1 op, 491.00 ns, 491.0000 ns/op
OverheadActual  12: 1 op, 291.00 ns, 291.0000 ns/op
OverheadActual  13: 1 op, 291.00 ns, 291.0000 ns/op
OverheadActual  14: 1 op, 411.00 ns, 411.0000 ns/op
OverheadActual  15: 1 op, 421.00 ns, 421.0000 ns/op
OverheadActual  16: 1 op, 331.00 ns, 331.0000 ns/op
OverheadActual  17: 1 op, 581.00 ns, 581.0000 ns/op
OverheadActual  18: 1 op, 400.00 ns, 400.0000 ns/op
OverheadActual  19: 1 op, 471.00 ns, 471.0000 ns/op
OverheadActual  20: 1 op, 390.00 ns, 390.0000 ns/op

WorkloadWarmup   1: 1 op, 2543808.00 ns, 2.5438 ms/op
WorkloadWarmup   2: 1 op, 1907075.00 ns, 1.9071 ms/op
WorkloadWarmup   3: 1 op, 1895523.00 ns, 1.8955 ms/op

// BeforeActualRun
WorkloadActual   1: 1 op, 5888883.00 ns, 5.8889 ms/op
WorkloadActual   2: 1 op, 1963479.00 ns, 1.9635 ms/op
WorkloadActual   3: 1 op, 1749254.00 ns, 1.7493 ms/op

// AfterActualRun
WorkloadResult   1: 1 op, 5888467.00 ns, 5.8885 ms/op
WorkloadResult   2: 1 op, 1963063.00 ns, 1.9631 ms/op
WorkloadResult   3: 1 op, 1748838.00 ns, 1.7488 ms/op
// GC:  0 0 0 950584 1
// Threading:  0 0 1

// AfterAll
// Benchmark Process 1616501 has exited with code 0.

Mean = 3.200 ms, StdErr = 1.346 ms (42.05%), N = 3, StdDev = 2.331 ms
Min = 1.749 ms, Q1 = 1.856 ms, Median = 1.963 ms, Q3 = 3.926 ms, Max = 5.888 ms
IQR = 2.070 ms, LowerFence = -1.249 ms, UpperFence = 7.030 ms
ConfidenceInterval = [-39.319 ms; 45.720 ms] (CI 99.9%), Margin = 42.519 ms (1328.68% of Mean)
Skewness = 0.38, Kurtosis = 0.67, MValue = 2

// ** Remained 1 (1.0%) benchmark(s) to run. Estimated finish 2026-09-22 17:02 (0h 0m from now) **
// **************************
// Benchmark: SessionSetupDecompositionBenchmarks.ComponentA9b_DictionaryGrowthNoResize: ShortRun(InvocationCount=1, IterationCount=3, LaunchCount=1, UnrollFactor=1, WarmupCount=3) [Sessions=1000]
// *** Execute ***
// Launch: 1 / 1
// Execute: dotnet WinForward.Benchmarks-ShortRun-1.dll --anonymousPipes 123 125 --benchmarkName "WinForward.Benchmarks.Perf.SessionSetupDecompositionBenchmarks.ComponentA9b_DictionaryGrowthNoResize(Sessions: 1000)" --job ShortRun --benchmarkId 98 in /home/paff/Projects/WinForward/benchmarks/WinForward.Benchmarks/bin/Release/net10.0/WinForward.Benchmarks-ShortRun-1/bin/Release/net10.0
// Failed to set up high priority (Permission denied). In order to run benchmarks with high priority, make sure you have the right permissions.
// BeforeAnythingElse

// Benchmark Process Environment Information:
// BenchmarkDotNet v0.15.8
// Runtime=.NET 10.0.12 (10.0.12, 10.0.1226.42308), X64 RyuJIT x86-64-v4
// GC=Concurrent Workstation
// HardwareIntrinsics=AVX512 BITALG+VBMI2+VNNI+VPOPCNTDQ,AVX512 IFMA+VBMI,AVX512 F+BW+CD+DQ+VL,AVX2+BMI1+BMI2+F16C+FMA+LZCNT+MOVBE,AVX,SSE3+SSSE3+SSE4.1+SSE4.2+POPCNT,X86Base+SSE+SSE2,AES+PCLMUL,AvxVnni VectorSize=256
// Job: ShortRun(InvocationCount=1, IterationCount=3, LaunchCount=1, UnrollFactor=1, WarmupCount=3)

OverheadJitting  1: 1 op, 262694.00 ns, 262.6940 us/op
WorkloadJitting  1: 1 op, 16106054.00 ns, 16.1061 ms/op

OverheadWarmup   1: 1 op, 461.00 ns, 461.0000 ns/op
OverheadWarmup   2: 1 op, 260.00 ns, 260.0000 ns/op
OverheadWarmup   3: 1 op, 260.00 ns, 260.0000 ns/op
OverheadWarmup   4: 1 op, 261.00 ns, 261.0000 ns/op
OverheadWarmup   5: 1 op, 250.00 ns, 250.0000 ns/op
OverheadWarmup   6: 1 op, 261.00 ns, 261.0000 ns/op

OverheadActual   1: 1 op, 451.00 ns, 451.0000 ns/op
OverheadActual   2: 1 op, 531.00 ns, 531.0000 ns/op
OverheadActual   3: 1 op, 471.00 ns, 471.0000 ns/op
OverheadActual   4: 1 op, 450.00 ns, 450.0000 ns/op
OverheadActual   5: 1 op, 491.00 ns, 491.0000 ns/op
OverheadActual   6: 1 op, 491.00 ns, 491.0000 ns/op
OverheadActual   7: 1 op, 481.00 ns, 481.0000 ns/op
OverheadActual   8: 1 op, 1052.00 ns, 1.0520 us/op
OverheadActual   9: 1 op, 520.00 ns, 520.0000 ns/op
OverheadActual  10: 1 op, 471.00 ns, 471.0000 ns/op
OverheadActual  11: 1 op, 410.00 ns, 410.0000 ns/op
OverheadActual  12: 1 op, 501.00 ns, 501.0000 ns/op
OverheadActual  13: 1 op, 681.00 ns, 681.0000 ns/op
OverheadActual  14: 1 op, 471.00 ns, 471.0000 ns/op
OverheadActual  15: 1 op, 461.00 ns, 461.0000 ns/op
OverheadActual  16: 1 op, 511.00 ns, 511.0000 ns/op
OverheadActual  17: 1 op, 551.00 ns, 551.0000 ns/op
OverheadActual  18: 1 op, 461.00 ns, 461.0000 ns/op
OverheadActual  19: 1 op, 261.00 ns, 261.0000 ns/op
OverheadActual  20: 1 op, 261.00 ns, 261.0000 ns/op

WorkloadWarmup   1: 1 op, 2538478.00 ns, 2.5385 ms/op
WorkloadWarmup   2: 1 op, 2043365.00 ns, 2.0434 ms/op
WorkloadWarmup   3: 1 op, 1837316.00 ns, 1.8373 ms/op

// BeforeActualRun
WorkloadActual   1: 1 op, 6229634.00 ns, 6.2296 ms/op
WorkloadActual   2: 1 op, 1779991.00 ns, 1.7800 ms/op
WorkloadActual   3: 1 op, 1727043.00 ns, 1.7270 ms/op

// AfterActualRun
WorkloadResult   1: 1 op, 6229158.00 ns, 6.2292 ms/op
WorkloadResult   2: 1 op, 1779515.00 ns, 1.7795 ms/op
WorkloadResult   3: 1 op, 1726567.00 ns, 1.7266 ms/op
// GC:  0 0 0 787288 1
// Threading:  0 0 1

// AfterAll
// Benchmark Process 1616510 has exited with code 0.

Mean = 3.245 ms, StdErr = 1.492 ms (45.98%), N = 3, StdDev = 2.584 ms
Min = 1.727 ms, Q1 = 1.753 ms, Median = 1.780 ms, Q3 = 4.004 ms, Max = 6.229 ms
IQR = 2.251 ms, LowerFence = -1.624 ms, UpperFence = 7.381 ms
ConfidenceInterval = [-43.904 ms; 50.395 ms] (CI 99.9%), Margin = 47.149 ms (1452.95% of Mean)
Skewness = 0.38, Kurtosis = 0.67, MValue = 2

// ** Remained 0 (0.0%) benchmark(s) to run. Estimated finish 2026-09-22 17:02 (0h 0m from now) **
// ***** BenchmarkRunner: Finish  *****

// * Export *
  BenchmarkDotNet.Artifacts/results/WinForward.Benchmarks.Perf.SessionSetupDecompositionBenchmarks-report.csv
  BenchmarkDotNet.Artifacts/results/WinForward.Benchmarks.Perf.SessionSetupDecompositionBenchmarks-report-github.md
  BenchmarkDotNet.Artifacts/results/WinForward.Benchmarks.Perf.SessionSetupDecompositionBenchmarks-report.html

// * Detailed results *
SessionSetupDecompositionBenchmarks.StageS0_CoordinatorOnly: ShortRun(InvocationCount=1, IterationCount=3, LaunchCount=1, UnrollFactor=1, WarmupCount=3) [Sessions=1]
Runtime = .NET 10.0.12 (10.0.12, 10.0.1226.42308), X64 RyuJIT x86-64-v4; GC = Concurrent Workstation
Mean = 28.185 us, StdErr = 13.247 us (47.00%), N = 3, StdDev = 22.944 us
Min = 13.315 us, Q1 = 14.973 us, Median = 16.631 us, Q3 = 35.620 us, Max = 54.610 us
IQR = 20.648 us, LowerFence = -15.998 us, UpperFence = 66.592 us
ConfidenceInterval = [-390.406 us; 446.777 us] (CI 99.9%), Margin = 418.592 us (1485.14% of Mean)
Skewness = 0.38, Kurtosis = 0.67, MValue = 2
-------------------- Histogram --------------------
[13.082 us ; 54.843 us) | @@@
---------------------------------------------------

SessionSetupDecompositionBenchmarks.StageS1_AdmissionOnlyAsync: ShortRun(InvocationCount=1, IterationCount=3, LaunchCount=1, UnrollFactor=1, WarmupCount=3) [Sessions=1]
Runtime = .NET 10.0.12 (10.0.12, 10.0.1226.42308), X64 RyuJIT x86-64-v4; GC = Concurrent Workstation
Mean = 69.154 us, StdErr = 33.583 us (48.56%), N = 3, StdDev = 58.168 us
Min = 35.526 us, Q1 = 35.571 us, Median = 35.616 us, Q3 = 85.969 us, Max = 136.321 us
IQR = 50.398 us, LowerFence = -40.025 us, UpperFence = 161.565 us
ConfidenceInterval = [-992.048 us; 1,130.356 us] (CI 99.9%), Margin = 1,061.202 us (1534.54% of Mean)
Skewness = 0.38, Kurtosis = 0.67, MValue = 2
-------------------- Histogram --------------------
[32.988 us ; 138.859 us) | @@@
---------------------------------------------------

SessionSetupDecompositionBenchmarks.StageS2_SetupStartedAsync: ShortRun(InvocationCount=1, IterationCount=3, LaunchCount=1, UnrollFactor=1, WarmupCount=3) [Sessions=1]
Runtime = .NET 10.0.12 (10.0.12, 10.0.1226.42308), X64 RyuJIT x86-64-v4; GC = Concurrent Workstation
Mean = 71.325 ms, StdErr = 0.148 ms (0.21%), N = 3, StdDev = 0.257 ms
Min = 71.060 ms, Q1 = 71.201 ms, Median = 71.342 ms, Q3 = 71.457 ms, Max = 71.572 ms
IQR = 0.256 ms, LowerFence = 70.816 ms, UpperFence = 71.842 ms
ConfidenceInterval = [66.639 ms; 76.010 ms] (CI 99.9%), Margin = 4.686 ms (6.57% of Mean)
Skewness = -0.07, Kurtosis = 0.67, MValue = 2
-------------------- Histogram --------------------
[70.826 ms ; 71.806 ms) | @@@
---------------------------------------------------

SessionSetupDecompositionBenchmarks.StageS3_PipelineNoPayloadAsync: ShortRun(InvocationCount=1, IterationCount=3, LaunchCount=1, UnrollFactor=1, WarmupCount=3) [Sessions=1]
Runtime = .NET 10.0.12 (10.0.12, 10.0.1226.42308), X64 RyuJIT x86-64-v4; GC = Concurrent Workstation
Mean = 31.232 ms, StdErr = 0.237 ms (0.76%), N = 3, StdDev = 0.410 ms
Min = 30.906 ms, Q1 = 31.002 ms, Median = 31.099 ms, Q3 = 31.396 ms, Max = 31.692 ms
IQR = 0.393 ms, LowerFence = 30.413 ms, UpperFence = 31.985 ms
ConfidenceInterval = [23.758 ms; 38.707 ms] (CI 99.9%), Margin = 7.474 ms (23.93% of Mean)
Skewness = 0.29, Kurtosis = 0.67, MValue = 2
-------------------- Histogram --------------------
[30.630 ms ; 31.375 ms) | @@
[31.375 ms ; 32.065 ms) | @
---------------------------------------------------

SessionSetupDecompositionBenchmarks.StageS4_ReadinessTeardownOutsideAsync: ShortRun(InvocationCount=1, IterationCount=3, LaunchCount=1, UnrollFactor=1, WarmupCount=3) [Sessions=1]
Runtime = .NET 10.0.12 (10.0.12, 10.0.1226.42308), X64 RyuJIT x86-64-v4; GC = Concurrent Workstation
Mean = 31.068 ms, StdErr = 0.129 ms (0.42%), N = 3, StdDev = 0.224 ms
Min = 30.889 ms, Q1 = 30.942 ms, Median = 30.996 ms, Q3 = 31.157 ms, Max = 31.319 ms
IQR = 0.215 ms, LowerFence = 30.620 ms, UpperFence = 31.480 ms
ConfidenceInterval = [26.981 ms; 35.154 ms] (CI 99.9%), Margin = 4.087 ms (13.15% of Mean)
Skewness = 0.29, Kurtosis = 0.67, MValue = 2
-------------------- Histogram --------------------
[30.685 ms ; 31.523 ms) | @@@
---------------------------------------------------

SessionSetupDecompositionBenchmarks.StageS5_ReadinessTeardownInsideAsync: ShortRun(InvocationCount=1, IterationCount=3, LaunchCount=1, UnrollFactor=1, WarmupCount=3) [Sessions=1]
Runtime = .NET 10.0.12 (10.0.12, 10.0.1226.42308), X64 RyuJIT x86-64-v4; GC = Concurrent Workstation
Mean = 44.447 ms, StdErr = 0.904 ms (2.03%), N = 3, StdDev = 1.565 ms
Min = 43.127 ms, Q1 = 43.582 ms, Median = 44.038 ms, Q3 = 45.107 ms, Max = 46.176 ms
IQR = 1.525 ms, LowerFence = 41.295 ms, UpperFence = 47.394 ms
ConfidenceInterval = [15.892 ms; 73.002 ms] (CI 99.9%), Margin = 28.555 ms (64.25% of Mean)
Skewness = 0.24, Kurtosis = 0.67, MValue = 2
-------------------- Histogram --------------------
[42.158 ms ; 45.007 ms) | @@
[45.007 ms ; 47.600 ms) | @
---------------------------------------------------

SessionSetupDecompositionBenchmarks.StageT1_SessionTeardownInsideAsync: ShortRun(InvocationCount=1, IterationCount=3, LaunchCount=1, UnrollFactor=1, WarmupCount=3) [Sessions=1]
Runtime = .NET 10.0.12 (10.0.12, 10.0.1226.42308), X64 RyuJIT x86-64-v4; GC = Concurrent Workstation
Mean = 319.421 us, StdErr = 22.885 us (7.16%), N = 3, StdDev = 39.638 us
Min = 275.316 us, Q1 = 303.098 us, Median = 330.880 us, Q3 = 341.474 us, Max = 352.068 us
IQR = 38.376 us, LowerFence = 245.534 us, UpperFence = 399.038 us
ConfidenceInterval = [-403.728 us; 1,042.571 us] (CI 99.9%), Margin = 723.150 us (226.39% of Mean)
Skewness = -0.26, Kurtosis = 0.67, MValue = 2
-------------------- Histogram --------------------
[239.244 us ; 305.402 us) | @
[305.402 us ; 388.140 us) | @@
---------------------------------------------------

SessionSetupDecompositionBenchmarks.StageT3_ExpiryRetireInsideAsync: ShortRun(InvocationCount=1, IterationCount=3, LaunchCount=1, UnrollFactor=1, WarmupCount=3) [Sessions=1]
Runtime = .NET 10.0.12 (10.0.12, 10.0.1226.42308), X64 RyuJIT x86-64-v4; GC = Concurrent Workstation
Mean = 30.273 ms, StdErr = 0.179 ms (0.59%), N = 3, StdDev = 0.311 ms
Min = 30.070 ms, Q1 = 30.094 ms, Median = 30.118 ms, Q3 = 30.374 ms, Max = 30.630 ms
IQR = 0.280 ms, LowerFence = 29.674 ms, UpperFence = 30.795 ms
ConfidenceInterval = [24.606 ms; 35.939 ms] (CI 99.9%), Margin = 5.666 ms (18.72% of Mean)
Skewness = 0.37, Kurtosis = 0.67, MValue = 2
-------------------- Histogram --------------------
[30.067 ms ; 30.633 ms) | @@@
---------------------------------------------------

SessionSetupDecompositionBenchmarks.StageT5_NonThrowingParkTeardownAsync: ShortRun(InvocationCount=1, IterationCount=3, LaunchCount=1, UnrollFactor=1, WarmupCount=3) [Sessions=1]
Runtime = .NET 10.0.12 (10.0.12, 10.0.1226.42308), X64 RyuJIT x86-64-v4; GC = Concurrent Workstation
Mean = 288.763 us, StdErr = 18.818 us (6.52%), N = 3, StdDev = 32.594 us
Min = 251.704 us, Q1 = 276.654 us, Median = 301.603 us, Q3 = 307.292 us, Max = 312.981 us
IQR = 30.639 us, LowerFence = 230.696 us, UpperFence = 353.250 us
ConfidenceInterval = [-305.871 us; 883.396 us] (CI 99.9%), Margin = 594.634 us (205.92% of Mean)
Skewness = -0.33, Kurtosis = 0.67, MValue = 2
-------------------- Histogram --------------------
[222.043 us ; 277.630 us) | @
[277.630 us ; 342.643 us) | @@
---------------------------------------------------

SessionSetupDecompositionBenchmarks.BaselineF_FakeTransportCreationAsync: ShortRun(InvocationCount=1, IterationCount=3, LaunchCount=1, UnrollFactor=1, WarmupCount=3) [Sessions=1]
Runtime = .NET 10.0.12 (10.0.12, 10.0.1226.42308), X64 RyuJIT x86-64-v4; GC = Concurrent Workstation
Mean = 7.303 us, StdErr = 0.317 us (4.34%), N = 3, StdDev = 0.549 us
Min = 6.692 us, Q1 = 7.078 us, Median = 7.464 us, Q3 = 7.609 us, Max = 7.754 us
IQR = 0.531 us, LowerFence = 6.282 us, UpperFence = 8.405 us
ConfidenceInterval = [-2.711 us; 17.318 us] (CI 99.9%), Margin = 10.014 us (137.12% of Mean)
Skewness = -0.27, Kurtosis = 0.67, MValue = 2
-------------------- Histogram --------------------
[6.192 us ; 7.109 us) | @
[7.109 us ; 8.254 us) | @@
---------------------------------------------------

SessionSetupDecompositionBenchmarks.BaselineH_FlowKeyConstruction: ShortRun(InvocationCount=1, IterationCount=3, LaunchCount=1, UnrollFactor=1, WarmupCount=3) [Sessions=1]
Runtime = .NET 10.0.12 (10.0.12, 10.0.1226.42308), X64 RyuJIT x86-64-v4; GC = Concurrent Workstation
Mean = 13.693 us, StdErr = 0.096 us (0.70%), N = 3, StdDev = 0.167 us
Min = 13.515 us, Q1 = 13.616 us, Median = 13.716 us, Q3 = 13.781 us, Max = 13.847 us
IQR = 0.166 us, LowerFence = 13.367 us, UpperFence = 14.029 us
ConfidenceInterval = [10.651 us; 16.734 us] (CI 99.9%), Margin = 3.041 us (22.21% of Mean)
Skewness = -0.14, Kurtosis = 0.67, MValue = 2
-------------------- Histogram --------------------
[13.364 us ; 13.933 us) | @@@
---------------------------------------------------

SessionSetupDecompositionBenchmarks.ComponentC1_AssociationClaimRelease: ShortRun(InvocationCount=1, IterationCount=3, LaunchCount=1, UnrollFactor=1, WarmupCount=3) [Sessions=1]
Runtime = .NET 10.0.12 (10.0.12, 10.0.1226.42308), X64 RyuJIT x86-64-v4; GC = Concurrent Workstation
Mean = 24.375 us, StdErr = 1.431 us (5.87%), N = 3, StdDev = 2.478 us
Min = 21.560 us, Q1 = 23.448 us, Median = 25.337 us, Q3 = 25.782 us, Max = 26.228 us
IQR = 2.334 us, LowerFence = 19.948 us, UpperFence = 29.284 us
ConfidenceInterval = [-20.837 us; 69.587 us] (CI 99.9%), Margin = 45.212 us (185.49% of Mean)
Skewness = -0.33, Kurtosis = 0.67, MValue = 2
-------------------- Histogram --------------------
[19.305 us ; 23.527 us) | @
[23.527 us ; 28.483 us) | @@
---------------------------------------------------

SessionSetupDecompositionBenchmarks.ComponentC2_SessionConstructStartAsync: ShortRun(InvocationCount=1, IterationCount=3, LaunchCount=1, UnrollFactor=1, WarmupCount=3) [Sessions=1]
Runtime = .NET 10.0.12 (10.0.12, 10.0.1226.42308), X64 RyuJIT x86-64-v4; GC = Concurrent Workstation
Mean = 50.169 us, StdErr = 13.595 us (27.10%), N = 3, StdDev = 23.547 us
Min = 33.532 us, Q1 = 36.697 us, Median = 39.863 us, Q3 = 58.487 us, Max = 77.112 us
IQR = 21.790 us, LowerFence = 4.013 us, UpperFence = 91.172 us
ConfidenceInterval = [-379.417 us; 479.755 us] (CI 99.9%), Margin = 429.586 us (856.28% of Mean)
Skewness = 0.35, Kurtosis = 0.67, MValue = 2
-------------------- Histogram --------------------
[12.103 us ; 58.126 us) | @@
[58.126 us ; 98.541 us) | @
---------------------------------------------------

SessionSetupDecompositionBenchmarks.ComponentC2a1_ContextRecordStaticLambda: ShortRun(InvocationCount=1, IterationCount=3, LaunchCount=1, UnrollFactor=1, WarmupCount=3) [Sessions=1]
Runtime = .NET 10.0.12 (10.0.12, 10.0.1226.42308), X64 RyuJIT x86-64-v4; GC = Concurrent Workstation
Mean = 25.691 us, StdErr = 0.961 us (3.74%), N = 3, StdDev = 1.665 us
Min = 24.655 us, Q1 = 24.730 us, Median = 24.806 us, Q3 = 26.209 us, Max = 27.611 us
IQR = 1.478 us, LowerFence = 22.514 us, UpperFence = 28.425 us
ConfidenceInterval = [-4.681 us; 56.062 us] (CI 99.9%), Margin = 30.372 us (118.22% of Mean)
Skewness = 0.38, Kurtosis = 0.67, MValue = 2
-------------------- Histogram --------------------
[24.618 us ; 27.648 us) | @@@
---------------------------------------------------

SessionSetupDecompositionBenchmarks.ComponentC2a2_ContextRecordMethodGroup: ShortRun(InvocationCount=1, IterationCount=3, LaunchCount=1, UnrollFactor=1, WarmupCount=3) [Sessions=1]
Runtime = .NET 10.0.12 (10.0.12, 10.0.1226.42308), X64 RyuJIT x86-64-v4; GC = Concurrent Workstation
Mean = 24.567 us, StdErr = 0.430 us (1.75%), N = 3, StdDev = 0.744 us
Min = 23.770 us, Q1 = 24.230 us, Median = 24.691 us, Q3 = 24.966 us, Max = 25.242 us
IQR = 0.737 us, LowerFence = 23.125 us, UpperFence = 26.071 us
ConfidenceInterval = [10.991 us; 38.144 us] (CI 99.9%), Margin = 13.576 us (55.26% of Mean)
Skewness = -0.16, Kurtosis = 0.67, MValue = 2
-------------------- Histogram --------------------
[23.092 us ; 24.289 us) | @
[24.289 us ; 25.644 us) | @@
---------------------------------------------------

SessionSetupDecompositionBenchmarks.ComponentC2b_SessionConstructOnly: ShortRun(InvocationCount=1, IterationCount=3, LaunchCount=1, UnrollFactor=1, WarmupCount=3) [Sessions=1]
Runtime = .NET 10.0.12 (10.0.12, 10.0.1226.42308), X64 RyuJIT x86-64-v4; GC = Concurrent Workstation
Mean = 56.056 us, StdErr = 27.825 us (49.64%), N = 3, StdDev = 48.195 us
Min = 28.001 us, Q1 = 28.232 us, Median = 28.462 us, Q3 = 70.084 us, Max = 111.706 us
IQR = 41.852 us, LowerFence = -34.547 us, UpperFence = 132.863 us
ConfidenceInterval = [-823.192 us; 935.305 us] (CI 99.9%), Margin = 879.248 us (1568.51% of Mean)
Skewness = 0.38, Kurtosis = 0.67, MValue = 2
-------------------- Histogram --------------------
[25.995 us ; 113.712 us) | @@@
---------------------------------------------------

SessionSetupDecompositionBenchmarks.ComponentC2c1_ScopeConstructLinked: ShortRun(InvocationCount=1, IterationCount=3, LaunchCount=1, UnrollFactor=1, WarmupCount=3) [Sessions=1]
Runtime = .NET 10.0.12 (10.0.12, 10.0.1226.42308), X64 RyuJIT x86-64-v4; GC = Concurrent Workstation
Mean = 6.811 us, StdErr = 0.607 us (8.91%), N = 3, StdDev = 1.051 us
Min = 5.615 us, Q1 = 6.421 us, Median = 7.228 us, Q3 = 7.409 us, Max = 7.589 us
IQR = 0.987 us, LowerFence = 4.941 us, UpperFence = 8.889 us
ConfidenceInterval = [-12.365 us; 25.986 us] (CI 99.9%), Margin = 19.176 us (281.56% of Mean)
Skewness = -0.33, Kurtosis = 0.67, MValue = 2
-------------------- Histogram --------------------
[4.658 us ; 6.452 us) | @
[6.452 us ; 8.546 us) | @@
---------------------------------------------------

SessionSetupDecompositionBenchmarks.ComponentC2c2_ScopeConstructUnlinked: ShortRun(InvocationCount=1, IterationCount=3, LaunchCount=1, UnrollFactor=1, WarmupCount=3) [Sessions=1]
Runtime = .NET 10.0.12 (10.0.12, 10.0.1226.42308), X64 RyuJIT x86-64-v4; GC = Concurrent Workstation
Mean = 5.406 us, StdErr = 0.532 us (9.84%), N = 3, StdDev = 0.921 us
Min = 4.388 us, Q1 = 5.019 us, Median = 5.650 us, Q3 = 5.915 us, Max = 6.181 us
IQR = 0.896 us, LowerFence = 3.674 us, UpperFence = 7.260 us
ConfidenceInterval = [-11.396 us; 22.209 us] (CI 99.9%), Margin = 16.802 us (310.79% of Mean)
Skewness = -0.25, Kurtosis = 0.67, MValue = 2
-------------------- Histogram --------------------
[3.550 us ; 5.077 us) | @
[5.077 us ; 7.019 us) | @@
---------------------------------------------------

SessionSetupDecompositionBenchmarks.ComponentC2e_LockConstruction: ShortRun(InvocationCount=1, IterationCount=3, LaunchCount=1, UnrollFactor=1, WarmupCount=3) [Sessions=1]
Runtime = .NET 10.0.12 (10.0.12, 10.0.1226.42308), X64 RyuJIT x86-64-v4; GC = Concurrent Workstation
Mean = 7.801 us, StdErr = 4.371 us (56.04%), N = 3, StdDev = 7.571 us
Min = 3.236 us, Q1 = 3.431 us, Median = 3.626 us, Q3 = 10.083 us, Max = 16.540 us
IQR = 6.652 us, LowerFence = -6.547 us, UpperFence = 20.061 us
ConfidenceInterval = [-130.322 us; 145.924 us] (CI 99.9%), Margin = 138.123 us (1770.66% of Mean)
Skewness = 0.38, Kurtosis = 0.67, MValue = 2
-------------------- Histogram --------------------
[2.998 us ; 16.778 us) | @@@
---------------------------------------------------

SessionSetupDecompositionBenchmarks.ComponentC2e_TaskCompletionSourceConstruction: ShortRun(InvocationCount=1, IterationCount=3, LaunchCount=1, UnrollFactor=1, WarmupCount=3) [Sessions=1]
Runtime = .NET 10.0.12 (10.0.12, 10.0.1226.42308), X64 RyuJIT x86-64-v4; GC = Concurrent Workstation
Mean = 3.857 us, StdErr = 0.507 us (13.16%), N = 3, StdDev = 0.879 us
Min = 2.856 us, Q1 = 3.537 us, Median = 4.218 us, Q3 = 4.359 us, Max = 4.498 us
IQR = 0.822 us, LowerFence = 2.305 us, UpperFence = 5.591 us
ConfidenceInterval = [-12.178 us; 19.893 us] (CI 99.9%), Margin = 16.036 us (415.71% of Mean)
Skewness = -0.34, Kurtosis = 0.67, MValue = 2
-------------------- Histogram --------------------
[2.056 us ; 3.559 us) | @
[3.559 us ; 5.298 us) | @@
---------------------------------------------------

SessionSetupDecompositionBenchmarks.ComponentC2e_LinkedTokenSourceConstruction: ShortRun(InvocationCount=1, IterationCount=3, LaunchCount=1, UnrollFactor=1, WarmupCount=3) [Sessions=1]
Runtime = .NET 10.0.12 (10.0.12, 10.0.1226.42308), X64 RyuJIT x86-64-v4; GC = Concurrent Workstation
Mean = 7.009 us, StdErr = 0.541 us (7.72%), N = 3, StdDev = 0.937 us
Min = 5.961 us, Q1 = 6.632 us, Median = 7.303 us, Q3 = 7.534 us, Max = 7.764 us
IQR = 0.901 us, LowerFence = 5.280 us, UpperFence = 8.886 us
ConfidenceInterval = [-10.079 us; 24.098 us] (CI 99.9%), Margin = 17.089 us (243.80% of Mean)
Skewness = -0.28, Kurtosis = 0.67, MValue = 2
-------------------- Histogram --------------------
[5.109 us ; 6.681 us) | @
[6.681 us ; 8.616 us) | @@
---------------------------------------------------

SessionSetupDecompositionBenchmarks.ComponentE1_CanceledDelayAwaitAsync: ShortRun(InvocationCount=1, IterationCount=3, LaunchCount=1, UnrollFactor=1, WarmupCount=3) [Sessions=1]
Runtime = .NET 10.0.12 (10.0.12, 10.0.1226.42308), X64 RyuJIT x86-64-v4; GC = Concurrent Workstation
Mean = 38.775 us, StdErr = 1.726 us (4.45%), N = 3, StdDev = 2.990 us
Min = 35.325 us, Q1 = 37.860 us, Median = 40.395 us, Q3 = 40.500 us, Max = 40.605 us
IQR = 2.640 us, LowerFence = 33.900 us, UpperFence = 44.460 us
ConfidenceInterval = [-15.767 us; 93.317 us] (CI 99.9%), Margin = 54.542 us (140.66% of Mean)
Skewness = -0.38, Kurtosis = 0.67, MValue = 2
-------------------- Histogram --------------------
[35.244 us ; 40.686 us) | @@@
---------------------------------------------------

SessionSetupDecompositionBenchmarks.ComponentE2_SetupExecutorDisposeAsync: ShortRun(InvocationCount=1, IterationCount=3, LaunchCount=1, UnrollFactor=1, WarmupCount=3) [Sessions=1]
Runtime = .NET 10.0.12 (10.0.12, 10.0.1226.42308), X64 RyuJIT x86-64-v4; GC = Concurrent Workstation
Mean = 95.830 ms, StdErr = 0.362 ms (0.38%), N = 3, StdDev = 0.628 ms
Min = 95.199 ms, Q1 = 95.517 ms, Median = 95.835 ms, Q3 = 96.145 ms, Max = 96.454 ms
IQR = 0.628 ms, LowerFence = 94.576 ms, UpperFence = 97.086 ms
ConfidenceInterval = [84.378 ms; 107.281 ms] (CI 99.9%), Margin = 11.452 ms (11.95% of Mean)
Skewness = -0.01, Kurtosis = 0.67, MValue = 2
-------------------- Histogram --------------------
[95.183 ms ; 97.026 ms) | @@@
---------------------------------------------------

SessionSetupDecompositionBenchmarks.ComponentA1_AssociationTablePreSeed: ShortRun(InvocationCount=1, IterationCount=3, LaunchCount=1, UnrollFactor=1, WarmupCount=3) [Sessions=1]
Runtime = .NET 10.0.12 (10.0.12, 10.0.1226.42308), X64 RyuJIT x86-64-v4; GC = Concurrent Workstation
Mean = 10.081 us, StdErr = 4.941 us (49.01%), N = 3, StdDev = 8.558 us
Min = 5.055 us, Q1 = 5.140 us, Median = 5.225 us, Q3 = 12.594 us, Max = 19.962 us
IQR = 7.454 us, LowerFence = -6.040 us, UpperFence = 23.774 us
ConfidenceInterval = [-146.047 us; 166.209 us] (CI 99.9%), Margin = 156.128 us (1548.79% of Mean)
Skewness = 0.38, Kurtosis = 0.67, MValue = 2
-------------------- Histogram --------------------
[4.720 us ; 20.297 us) | @@@
---------------------------------------------------

SessionSetupDecompositionBenchmarks.ComponentA2_SessionDictionaryPreSeed: ShortRun(InvocationCount=1, IterationCount=3, LaunchCount=1, UnrollFactor=1, WarmupCount=3) [Sessions=1]
Runtime = .NET 10.0.12 (10.0.12, 10.0.1226.42308), X64 RyuJIT x86-64-v4; GC = Concurrent Workstation
Mean = 8.108 us, StdErr = 4.427 us (54.59%), N = 3, StdDev = 7.667 us
Min = 3.647 us, Q1 = 3.682 us, Median = 3.717 us, Q3 = 10.339 us, Max = 16.962 us
IQR = 6.657 us, LowerFence = -6.304 us, UpperFence = 20.326 us
ConfidenceInterval = [-131.766 us; 147.983 us] (CI 99.9%), Margin = 139.875 us (1725.04% of Mean)
Skewness = 0.38, Kurtosis = 0.67, MValue = 2
-------------------- Histogram --------------------
[3.327 us ; 17.281 us) | @@@
---------------------------------------------------

SessionSetupDecompositionBenchmarks.ComponentA3_CooldownTableConstruction: ShortRun(InvocationCount=1, IterationCount=3, LaunchCount=1, UnrollFactor=1, WarmupCount=3) [Sessions=1]
Runtime = .NET 10.0.12 (10.0.12, 10.0.1226.42308), X64 RyuJIT x86-64-v4; GC = Concurrent Workstation
Mean = 7.746 us, StdErr = 4.664 us (60.22%), N = 3, StdDev = 8.079 us
Min = 2.760 us, Q1 = 3.086 us, Median = 3.411 us, Q3 = 10.239 us, Max = 17.067 us
IQR = 7.154 us, LowerFence = -7.645 us, UpperFence = 20.969 us
ConfidenceInterval = [-139.641 us; 155.133 us] (CI 99.9%), Margin = 147.387 us (1902.75% of Mean)
Skewness = 0.38, Kurtosis = 0.67, MValue = 2
-------------------- Histogram --------------------
[2.562 us ; 17.265 us) | @@@
---------------------------------------------------

SessionSetupDecompositionBenchmarks.ComponentA4_SlotAndQueueObjects: ShortRun(InvocationCount=1, IterationCount=3, LaunchCount=1, UnrollFactor=1, WarmupCount=3) [Sessions=1]
Runtime = .NET 10.0.12 (10.0.12, 10.0.1226.42308), X64 RyuJIT x86-64-v4; GC = Concurrent Workstation
Mean = 8.515 us, StdErr = 4.569 us (53.66%), N = 3, StdDev = 7.913 us
Min = 3.856 us, Q1 = 3.946 us, Median = 4.037 us, Q3 = 10.845 us, Max = 17.652 us
IQR = 6.898 us, LowerFence = -6.401 us, UpperFence = 21.192 us
ConfidenceInterval = [-135.855 us; 152.885 us] (CI 99.9%), Margin = 144.370 us (1695.48% of Mean)
Skewness = 0.38, Kurtosis = 0.67, MValue = 2
-------------------- Histogram --------------------
[3.553 us ; 17.955 us) | @@@
---------------------------------------------------

SessionSetupDecompositionBenchmarks.ComponentA5_CompletionCell: ShortRun(InvocationCount=1, IterationCount=3, LaunchCount=1, UnrollFactor=1, WarmupCount=3) [Sessions=1]
Runtime = .NET 10.0.12 (10.0.12, 10.0.1226.42308), X64 RyuJIT x86-64-v4; GC = Concurrent Workstation
Mean = 9.316 us, StdErr = 5.271 us (56.58%), N = 3, StdDev = 9.129 us
Min = 3.562 us, Q1 = 4.053 us, Median = 4.543 us, Q3 = 12.193 us, Max = 19.843 us
IQR = 8.140 us, LowerFence = -8.157 us, UpperFence = 24.403 us
ConfidenceInterval = [-157.235 us; 175.868 us] (CI 99.9%), Margin = 166.552 us (1787.77% of Mean)
Skewness = 0.38, Kurtosis = 0.67, MValue = 2
-------------------- Histogram --------------------
[3.395 us ; 20.010 us) | @@@
---------------------------------------------------

SessionSetupDecompositionBenchmarks.ComponentA6_ColdRent: ShortRun(InvocationCount=1, IterationCount=3, LaunchCount=1, UnrollFactor=1, WarmupCount=3) [Sessions=1]
Runtime = .NET 10.0.12 (10.0.12, 10.0.1226.42308), X64 RyuJIT x86-64-v4; GC = Concurrent Workstation
Mean = 20.698 us, StdErr = 9.872 us (47.70%), N = 3, StdDev = 17.099 us
Min = 9.437 us, Q1 = 10.860 us, Median = 12.283 us, Q3 = 26.328 us, Max = 40.374 us
IQR = 15.469 us, LowerFence = -12.343 us, UpperFence = 49.531 us
ConfidenceInterval = [-291.256 us; 332.652 us] (CI 99.9%), Margin = 311.954 us (1507.17% of Mean)
Skewness = 0.37, Kurtosis = 0.67, MValue = 2
-------------------- Histogram --------------------
[9.345 us ; 40.466 us) | @@@
---------------------------------------------------

SessionSetupDecompositionBenchmarks.ComponentA7_EnqueueCycle: ShortRun(InvocationCount=1, IterationCount=3, LaunchCount=1, UnrollFactor=1, WarmupCount=3) [Sessions=1]
Runtime = .NET 10.0.12 (10.0.12, 10.0.1226.42308), X64 RyuJIT x86-64-v4; GC = Concurrent Workstation
Mean = 15.537 us, StdErr = 3.456 us (22.24%), N = 3, StdDev = 5.985 us
Min = 11.957 us, Q1 = 12.082 us, Median = 12.207 us, Q3 = 17.327 us, Max = 22.447 us
IQR = 5.245 us, LowerFence = 4.215 us, UpperFence = 25.195 us
ConfidenceInterval = [-93.657 us; 124.730 us] (CI 99.9%), Margin = 109.193 us (702.80% of Mean)
Skewness = 0.38, Kurtosis = 0.67, MValue = 2
-------------------- Histogram --------------------
[11.755 us ; 22.648 us) | @@@
---------------------------------------------------

SessionSetupDecompositionBenchmarks.ComponentA8_WarmRentAdmissionAsync: ShortRun(InvocationCount=1, IterationCount=3, LaunchCount=1, UnrollFactor=1, WarmupCount=3) [Sessions=1]
Runtime = .NET 10.0.12 (10.0.12, 10.0.1226.42308), X64 RyuJIT x86-64-v4; GC = Concurrent Workstation
Mean = 48.785 us, StdErr = 13.158 us (26.97%), N = 3, StdDev = 22.791 us
Min = 33.907 us, Q1 = 35.666 us, Median = 37.425 us, Q3 = 56.224 us, Max = 75.023 us
IQR = 20.558 us, LowerFence = 4.829 us, UpperFence = 87.061 us
ConfidenceInterval = [-367.008 us; 464.578 us] (CI 99.9%), Margin = 415.793 us (852.29% of Mean)
Skewness = 0.37, Kurtosis = 0.67, MValue = 2
-------------------- Histogram --------------------
[33.725 us ; 75.206 us) | @@@
---------------------------------------------------

SessionSetupDecompositionBenchmarks.ComponentA9a_DictionaryGrowthSpansResize: ShortRun(InvocationCount=1, IterationCount=3, LaunchCount=1, UnrollFactor=1, WarmupCount=3) [Sessions=1]
Runtime = .NET 10.0.12 (10.0.12, 10.0.1226.42308), X64 RyuJIT x86-64-v4; GC = Concurrent Workstation
Mean = 3.585 ms, StdErr = 1.337 ms (37.29%), N = 3, StdDev = 2.316 ms
Min = 1.858 ms, Q1 = 2.269 ms, Median = 2.681 ms, Q3 = 4.449 ms, Max = 6.217 ms
IQR = 2.179 ms, LowerFence = -1.000 ms, UpperFence = 7.718 ms
ConfidenceInterval = [-38.662 ms; 45.833 ms] (CI 99.9%), Margin = 42.247 ms (1178.42% of Mean)
Skewness = 0.33, Kurtosis = 0.67, MValue = 2
-------------------- Histogram --------------------
[1.858 ms ; 4.377 ms) | @@
[4.377 ms ; 8.324 ms) | @
---------------------------------------------------

SessionSetupDecompositionBenchmarks.ComponentA9b_DictionaryGrowthNoResize: ShortRun(InvocationCount=1, IterationCount=3, LaunchCount=1, UnrollFactor=1, WarmupCount=3) [Sessions=1]
Runtime = .NET 10.0.12 (10.0.12, 10.0.1226.42308), X64 RyuJIT x86-64-v4; GC = Concurrent Workstation
Mean = 3.184 ms, StdErr = 1.429 ms (44.86%), N = 3, StdDev = 2.474 ms
Min = 1.742 ms, Q1 = 1.756 ms, Median = 1.770 ms, Q3 = 3.906 ms, Max = 6.042 ms
IQR = 2.150 ms, LowerFence = -1.469 ms, UpperFence = 7.131 ms
ConfidenceInterval = [-41.959 ms; 48.327 ms] (CI 99.9%), Margin = 45.143 ms (1417.66% of Mean)
Skewness = 0.38, Kurtosis = 0.67, MValue = 2
-------------------- Histogram --------------------
[1.640 ms ; 6.143 ms) | @@@
---------------------------------------------------

SessionSetupDecompositionBenchmarks.StageS0_CoordinatorOnly: ShortRun(InvocationCount=1, IterationCount=3, LaunchCount=1, UnrollFactor=1, WarmupCount=3) [Sessions=100]
Runtime = .NET 10.0.12 (10.0.12, 10.0.1226.42308), X64 RyuJIT x86-64-v4; GC = Concurrent Workstation
Mean = 53.950 us, StdErr = 36.057 us (66.83%), N = 3, StdDev = 62.452 us
Min = 17.713 us, Q1 = 17.893 us, Median = 18.073 us, Q3 = 72.069 us, Max = 126.064 us
IQR = 54.175 us, LowerFence = -63.369 us, UpperFence = 153.331 us
ConfidenceInterval = [-1,085.411 us; 1,193.311 us] (CI 99.9%), Margin = 1,139.361 us (2111.88% of Mean)
Skewness = 0.38, Kurtosis = 0.67, MValue = 2
-------------------- Histogram --------------------
[15.055 us ; 128.722 us) | @@@
---------------------------------------------------

SessionSetupDecompositionBenchmarks.StageS1_AdmissionOnlyAsync: ShortRun(InvocationCount=1, IterationCount=3, LaunchCount=1, UnrollFactor=1, WarmupCount=3) [Sessions=100]
Runtime = .NET 10.0.12 (10.0.12, 10.0.1226.42308), X64 RyuJIT x86-64-v4; GC = Concurrent Workstation
Mean = 230.405 us, StdErr = 5.056 us (2.19%), N = 3, StdDev = 8.758 us
Min = 221.358 us, Q1 = 226.187 us, Median = 231.016 us, Q3 = 234.929 us, Max = 238.841 us
IQR = 8.742 us, LowerFence = 213.075 us, UpperFence = 248.041 us
ConfidenceInterval = [70.636 us; 390.174 us] (CI 99.9%), Margin = 159.769 us (69.34% of Mean)
Skewness = -0.07, Kurtosis = 0.67, MValue = 2
-------------------- Histogram --------------------
[213.388 us ; 226.959 us) | @
[226.959 us ; 242.898 us) | @@
---------------------------------------------------

SessionSetupDecompositionBenchmarks.StageS2_SetupStartedAsync: ShortRun(InvocationCount=1, IterationCount=3, LaunchCount=1, UnrollFactor=1, WarmupCount=3) [Sessions=100]
Runtime = .NET 10.0.12 (10.0.12, 10.0.1226.42308), X64 RyuJIT x86-64-v4; GC = Concurrent Workstation
Mean = 78.400 ms, StdErr = 0.210 ms (0.27%), N = 3, StdDev = 0.364 ms
Min = 77.999 ms, Q1 = 78.243 ms, Median = 78.487 ms, Q3 = 78.600 ms, Max = 78.712 ms
IQR = 0.356 ms, LowerFence = 77.709 ms, UpperFence = 79.134 ms
ConfidenceInterval = [71.750 ms; 85.049 ms] (CI 99.9%), Margin = 6.650 ms (8.48% of Mean)
Skewness = -0.23, Kurtosis = 0.67, MValue = 2
-------------------- Histogram --------------------
[77.667 ms ; 79.044 ms) | @@@
---------------------------------------------------

SessionSetupDecompositionBenchmarks.StageS3_PipelineNoPayloadAsync: ShortRun(InvocationCount=1, IterationCount=3, LaunchCount=1, UnrollFactor=1, WarmupCount=3) [Sessions=100]
Runtime = .NET 10.0.12 (10.0.12, 10.0.1226.42308), X64 RyuJIT x86-64-v4; GC = Concurrent Workstation
Mean = 42.031 ms, StdErr = 0.748 ms (1.78%), N = 3, StdDev = 1.296 ms
Min = 41.134 ms, Q1 = 41.288 ms, Median = 41.442 ms, Q3 = 42.479 ms, Max = 43.517 ms
IQR = 1.191 ms, LowerFence = 39.501 ms, UpperFence = 44.266 ms
ConfidenceInterval = [18.387 ms; 65.674 ms] (CI 99.9%), Margin = 23.644 ms (56.25% of Mean)
Skewness = 0.36, Kurtosis = 0.67, MValue = 2
-------------------- Histogram --------------------
[39.954 ms ; 42.467 ms) | @@
[42.467 ms ; 44.696 ms) | @
---------------------------------------------------

SessionSetupDecompositionBenchmarks.StageS4_ReadinessTeardownOutsideAsync: ShortRun(InvocationCount=1, IterationCount=3, LaunchCount=1, UnrollFactor=1, WarmupCount=3) [Sessions=100]
Runtime = .NET 10.0.12 (10.0.12, 10.0.1226.42308), X64 RyuJIT x86-64-v4; GC = Concurrent Workstation
Mean = 39.651 ms, StdErr = 0.451 ms (1.14%), N = 3, StdDev = 0.781 ms
Min = 39.068 ms, Q1 = 39.207 ms, Median = 39.346 ms, Q3 = 39.942 ms, Max = 40.538 ms
IQR = 0.735 ms, LowerFence = 38.104 ms, UpperFence = 41.045 ms
ConfidenceInterval = [25.401 ms; 53.900 ms] (CI 99.9%), Margin = 14.250 ms (35.94% of Mean)
Skewness = 0.33, Kurtosis = 0.67, MValue = 2
-------------------- Histogram --------------------
[38.357 ms ; 39.918 ms) | @@
[39.918 ms ; 41.249 ms) | @
---------------------------------------------------

SessionSetupDecompositionBenchmarks.StageS5_ReadinessTeardownInsideAsync: ShortRun(InvocationCount=1, IterationCount=3, LaunchCount=1, UnrollFactor=1, WarmupCount=3) [Sessions=100]
Runtime = .NET 10.0.12 (10.0.12, 10.0.1226.42308), X64 RyuJIT x86-64-v4; GC = Concurrent Workstation
Mean = 56.585 ms, StdErr = 1.278 ms (2.26%), N = 3, StdDev = 2.213 ms
Min = 54.036 ms, Q1 = 55.872 ms, Median = 57.707 ms, Q3 = 57.860 ms, Max = 58.013 ms
IQR = 1.988 ms, LowerFence = 52.889 ms, UpperFence = 60.842 ms
ConfidenceInterval = [16.214 ms; 96.957 ms] (CI 99.9%), Margin = 40.371 ms (71.35% of Mean)
Skewness = -0.38, Kurtosis = 0.67, MValue = 2
-------------------- Histogram --------------------
[54.011 ms ; 58.038 ms) | @@@
---------------------------------------------------

SessionSetupDecompositionBenchmarks.StageT1_SessionTeardownInsideAsync: ShortRun(InvocationCount=1, IterationCount=3, LaunchCount=1, UnrollFactor=1, WarmupCount=3) [Sessions=100]
Runtime = .NET 10.0.12 (10.0.12, 10.0.1226.42308), X64 RyuJIT x86-64-v4; GC = Concurrent Workstation
Mean = 7.979 ms, StdErr = 0.425 ms (5.33%), N = 3, StdDev = 0.736 ms
Min = 7.526 ms, Q1 = 7.554 ms, Median = 7.582 ms, Q3 = 8.205 ms, Max = 8.828 ms
IQR = 0.651 ms, LowerFence = 6.578 ms, UpperFence = 9.181 ms
ConfidenceInterval = [-5.448 ms; 21.406 ms] (CI 99.9%), Margin = 13.427 ms (168.28% of Mean)
Skewness = 0.38, Kurtosis = 0.67, MValue = 2
-------------------- Histogram --------------------
[7.507 ms ; 8.847 ms) | @@@
---------------------------------------------------

SessionSetupDecompositionBenchmarks.StageT3_ExpiryRetireInsideAsync: ShortRun(InvocationCount=1, IterationCount=3, LaunchCount=1, UnrollFactor=1, WarmupCount=3) [Sessions=100]
Runtime = .NET 10.0.12 (10.0.12, 10.0.1226.42308), X64 RyuJIT x86-64-v4; GC = Concurrent Workstation
Mean = 46.810 ms, StdErr = 1.656 ms (3.54%), N = 3, StdDev = 2.868 ms
Min = 43.573 ms, Q1 = 45.697 ms, Median = 47.820 ms, Q3 = 48.428 ms, Max = 49.035 ms
IQR = 2.731 ms, LowerFence = 41.601 ms, UpperFence = 52.524 ms
ConfidenceInterval = [-5.509 ms; 99.128 ms] (CI 99.9%), Margin = 52.318 ms (111.77% of Mean)
Skewness = -0.31, Kurtosis = 0.67, MValue = 2
-------------------- Histogram --------------------
[40.964 ms ; 45.818 ms) | @
[45.818 ms ; 51.645 ms) | @@
---------------------------------------------------

SessionSetupDecompositionBenchmarks.StageT5_NonThrowingParkTeardownAsync: ShortRun(InvocationCount=1, IterationCount=3, LaunchCount=1, UnrollFactor=1, WarmupCount=3) [Sessions=100]
Runtime = .NET 10.0.12 (10.0.12, 10.0.1226.42308), X64 RyuJIT x86-64-v4; GC = Concurrent Workstation
Mean = 2.115 ms, StdErr = 0.506 ms (23.91%), N = 3, StdDev = 0.876 ms
Min = 1.237 ms, Q1 = 1.679 ms, Median = 2.120 ms, Q3 = 2.555 ms, Max = 2.989 ms
IQR = 0.876 ms, LowerFence = 0.364 ms, UpperFence = 3.869 ms
ConfidenceInterval = [-13.870 ms; 18.100 ms] (CI 99.9%), Margin = 15.985 ms (755.63% of Mean)
Skewness = -0.01, Kurtosis = 0.67, MValue = 2
-------------------- Histogram --------------------
[0.439 ms ; 1.757 ms) | @
[1.757 ms ; 3.352 ms) | @@
---------------------------------------------------

SessionSetupDecompositionBenchmarks.BaselineF_FakeTransportCreationAsync: ShortRun(InvocationCount=1, IterationCount=3, LaunchCount=1, UnrollFactor=1, WarmupCount=3) [Sessions=100]
Runtime = .NET 10.0.12 (10.0.12, 10.0.1226.42308), X64 RyuJIT x86-64-v4; GC = Concurrent Workstation
Mean = 30.084 us, StdErr = 11.703 us (38.90%), N = 3, StdDev = 20.270 us
Min = 17.277 us, Q1 = 18.399 us, Median = 19.521 us, Q3 = 36.487 us, Max = 53.453 us
IQR = 18.088 us, LowerFence = -8.732 us, UpperFence = 63.620 us
ConfidenceInterval = [-339.707 us; 399.876 us] (CI 99.9%), Margin = 369.791 us (1229.19% of Mean)
Skewness = 0.38, Kurtosis = 0.67, MValue = 2
-------------------- Histogram --------------------
[16.919 us ; 53.812 us) | @@@
---------------------------------------------------

SessionSetupDecompositionBenchmarks.BaselineH_FlowKeyConstruction: ShortRun(InvocationCount=1, IterationCount=3, LaunchCount=1, UnrollFactor=1, WarmupCount=3) [Sessions=100]
Runtime = .NET 10.0.12 (10.0.12, 10.0.1226.42308), X64 RyuJIT x86-64-v4; GC = Concurrent Workstation
Mean = 93.438 us, StdErr = 16.103 us (17.23%), N = 3, StdDev = 27.892 us
Min = 74.607 us, Q1 = 77.417 us, Median = 80.227 us, Q3 = 102.854 us, Max = 125.481 us
IQR = 25.437 us, LowerFence = 39.261 us, UpperFence = 141.010 us
ConfidenceInterval = [-415.410 us; 602.286 us] (CI 99.9%), Margin = 508.848 us (544.58% of Mean)
Skewness = 0.37, Kurtosis = 0.67, MValue = 2
-------------------- Histogram --------------------
[ 49.225 us ; 102.799 us) | @@
[102.799 us ; 150.863 us) | @
---------------------------------------------------

SessionSetupDecompositionBenchmarks.ComponentC1_AssociationClaimRelease: ShortRun(InvocationCount=1, IterationCount=3, LaunchCount=1, UnrollFactor=1, WarmupCount=3) [Sessions=100]
Runtime = .NET 10.0.12 (10.0.12, 10.0.1226.42308), X64 RyuJIT x86-64-v4; GC = Concurrent Workstation
Mean = 374.508 us, StdErr = 37.120 us (9.91%), N = 3, StdDev = 64.293 us
Min = 321.865 us, Q1 = 338.680 us, Median = 355.496 us, Q3 = 400.829 us, Max = 446.163 us
IQR = 62.149 us, LowerFence = 245.457 us, UpperFence = 494.053 us
ConfidenceInterval = [-798.436 us; 1,547.452 us] (CI 99.9%), Margin = 1,172.944 us (313.20% of Mean)
Skewness = 0.27, Kurtosis = 0.67, MValue = 2
-------------------- Histogram --------------------
[280.172 us ; 397.189 us) | @@
[397.189 us ; 504.672 us) | @
---------------------------------------------------

SessionSetupDecompositionBenchmarks.ComponentC2_SessionConstructStartAsync: ShortRun(InvocationCount=1, IterationCount=3, LaunchCount=1, UnrollFactor=1, WarmupCount=3) [Sessions=100]
Runtime = .NET 10.0.12 (10.0.12, 10.0.1226.42308), X64 RyuJIT x86-64-v4; GC = Concurrent Workstation
Mean = 388.726 us, StdErr = 29.123 us (7.49%), N = 3, StdDev = 50.443 us
Min = 354.974 us, Q1 = 359.733 us, Median = 364.491 us, Q3 = 405.603 us, Max = 446.714 us
IQR = 45.870 us, LowerFence = 290.929 us, UpperFence = 474.407 us
ConfidenceInterval = [-531.545 us; 1,308.998 us] (CI 99.9%), Margin = 920.271 us (236.74% of Mean)
Skewness = 0.37, Kurtosis = 0.67, MValue = 2
-------------------- Histogram --------------------
[354.939 us ; 446.749 us) | @@@
---------------------------------------------------

SessionSetupDecompositionBenchmarks.ComponentC2a1_ContextRecordStaticLambda: ShortRun(InvocationCount=1, IterationCount=3, LaunchCount=1, UnrollFactor=1, WarmupCount=3) [Sessions=100]
Runtime = .NET 10.0.12 (10.0.12, 10.0.1226.42308), X64 RyuJIT x86-64-v4; GC = Concurrent Workstation
Mean = 40.890 us, StdErr = 2.011 us (4.92%), N = 3, StdDev = 3.483 us
Min = 38.145 us, Q1 = 38.931 us, Median = 39.718 us, Q3 = 42.263 us, Max = 44.808 us
IQR = 3.332 us, LowerFence = 33.934 us, UpperFence = 47.260 us
ConfidenceInterval = [-22.648 us; 104.429 us] (CI 99.9%), Margin = 63.539 us (155.39% of Mean)
Skewness = 0.3, Kurtosis = 0.67, MValue = 2
-------------------- Histogram --------------------
[35.762 us ; 42.101 us) | @@
[42.101 us ; 47.977 us) | @
---------------------------------------------------

SessionSetupDecompositionBenchmarks.ComponentC2a2_ContextRecordMethodGroup: ShortRun(InvocationCount=1, IterationCount=3, LaunchCount=1, UnrollFactor=1, WarmupCount=3) [Sessions=100]
Runtime = .NET 10.0.12 (10.0.12, 10.0.1226.42308), X64 RyuJIT x86-64-v4; GC = Concurrent Workstation
Mean = 40.230 us, StdErr = 11.673 us (29.02%), N = 3, StdDev = 20.219 us
Min = 28.532 us, Q1 = 28.557 us, Median = 28.582 us, Q3 = 46.080 us, Max = 63.577 us
IQR = 17.523 us, LowerFence = 2.273 us, UpperFence = 72.363 us
ConfidenceInterval = [-328.636 us; 409.097 us] (CI 99.9%), Margin = 368.867 us (916.89% of Mean)
Skewness = 0.38, Kurtosis = 0.67, MValue = 2
-------------------- Histogram --------------------
[27.655 us ; 64.454 us) | @@@
---------------------------------------------------

SessionSetupDecompositionBenchmarks.ComponentC2b_SessionConstructOnly: ShortRun(InvocationCount=1, IterationCount=3, LaunchCount=1, UnrollFactor=1, WarmupCount=3) [Sessions=100]
Runtime = .NET 10.0.12 (10.0.12, 10.0.1226.42308), X64 RyuJIT x86-64-v4; GC = Concurrent Workstation
Mean = 334.769 us, StdErr = 21.715 us (6.49%), N = 3, StdDev = 37.612 us
Min = 298.575 us, Q1 = 315.327 us, Median = 332.077 us, Q3 = 352.866 us, Max = 373.654 us
IQR = 37.539 us, LowerFence = 259.017 us, UpperFence = 409.175 us
ConfidenceInterval = [-351.410 us; 1,020.949 us] (CI 99.9%), Margin = 686.179 us (204.97% of Mean)
Skewness = 0.07, Kurtosis = 0.67, MValue = 2
-------------------- Histogram --------------------
[281.098 us ; 349.555 us) | @@
[349.555 us ; 407.883 us) | @
---------------------------------------------------

SessionSetupDecompositionBenchmarks.ComponentC2c1_ScopeConstructLinked: ShortRun(InvocationCount=1, IterationCount=3, LaunchCount=1, UnrollFactor=1, WarmupCount=3) [Sessions=100]
Runtime = .NET 10.0.12 (10.0.12, 10.0.1226.42308), X64 RyuJIT x86-64-v4; GC = Concurrent Workstation
Mean = 27.022 us, StdErr = 12.800 us (47.37%), N = 3, StdDev = 22.171 us
Min = 14.211 us, Q1 = 14.222 us, Median = 14.232 us, Q3 = 33.427 us, Max = 52.623 us
IQR = 19.206 us, LowerFence = -14.587 us, UpperFence = 62.235 us
ConfidenceInterval = [-377.457 us; 431.500 us] (CI 99.9%), Margin = 404.478 us (1496.86% of Mean)
Skewness = 0.38, Kurtosis = 0.67, MValue = 2
-------------------- Histogram --------------------
[13.241 us ; 53.593 us) | @@@
---------------------------------------------------

SessionSetupDecompositionBenchmarks.ComponentC2c2_ScopeConstructUnlinked: ShortRun(InvocationCount=1, IterationCount=3, LaunchCount=1, UnrollFactor=1, WarmupCount=3) [Sessions=100]
Runtime = .NET 10.0.12 (10.0.12, 10.0.1226.42308), X64 RyuJIT x86-64-v4; GC = Concurrent Workstation
Mean = 18.464 us, StdErr = 9.937 us (53.82%), N = 3, StdDev = 17.211 us
Min = 7.834 us, Q1 = 8.536 us, Median = 9.237 us, Q3 = 23.779 us, Max = 38.321 us
IQR = 15.243 us, LowerFence = -14.330 us, UpperFence = 46.644 us
ConfidenceInterval = [-295.528 us; 332.456 us] (CI 99.9%), Margin = 313.992 us (1700.56% of Mean)
Skewness = 0.38, Kurtosis = 0.67, MValue = 2
-------------------- Histogram --------------------
[7.415 us ; 38.740 us) | @@@
---------------------------------------------------

SessionSetupDecompositionBenchmarks.ComponentC2e_LockConstruction: ShortRun(InvocationCount=1, IterationCount=3, LaunchCount=1, UnrollFactor=1, WarmupCount=3) [Sessions=100]
Runtime = .NET 10.0.12 (10.0.12, 10.0.1226.42308), X64 RyuJIT x86-64-v4; GC = Concurrent Workstation
Mean = 8.723 us, StdErr = 4.876 us (55.89%), N = 3, StdDev = 8.445 us
Min = 3.828 us, Q1 = 3.848 us, Median = 3.868 us, Q3 = 11.171 us, Max = 18.474 us
IQR = 7.324 us, LowerFence = -7.138 us, UpperFence = 22.156 us
ConfidenceInterval = [-145.344 us; 162.790 us] (CI 99.9%), Margin = 154.067 us (1766.18% of Mean)
Skewness = 0.38, Kurtosis = 0.67, MValue = 2
-------------------- Histogram --------------------
[3.466 us ; 18.836 us) | @@@
---------------------------------------------------

SessionSetupDecompositionBenchmarks.ComponentC2e_TaskCompletionSourceConstruction: ShortRun(InvocationCount=1, IterationCount=3, LaunchCount=1, UnrollFactor=1, WarmupCount=3) [Sessions=100]
Runtime = .NET 10.0.12 (10.0.12, 10.0.1226.42308), X64 RyuJIT x86-64-v4; GC = Concurrent Workstation
Mean = 15.920 us, StdErr = 9.305 us (58.45%), N = 3, StdDev = 16.117 us
Min = 6.192 us, Q1 = 6.617 us, Median = 7.043 us, Q3 = 20.784 us, Max = 34.524 us
IQR = 14.166 us, LowerFence = -14.632 us, UpperFence = 42.032 us
ConfidenceInterval = [-278.122 us; 309.962 us] (CI 99.9%), Margin = 294.042 us (1847.04% of Mean)
Skewness = 0.38, Kurtosis = 0.67, MValue = 2
-------------------- Histogram --------------------
[5.691 us ; 35.025 us) | @@@
---------------------------------------------------

SessionSetupDecompositionBenchmarks.ComponentC2e_LinkedTokenSourceConstruction: ShortRun(InvocationCount=1, IterationCount=3, LaunchCount=1, UnrollFactor=1, WarmupCount=3) [Sessions=100]
Runtime = .NET 10.0.12 (10.0.12, 10.0.1226.42308), X64 RyuJIT x86-64-v4; GC = Concurrent Workstation
Mean = 26.831 us, StdErr = 14.177 us (52.84%), N = 3, StdDev = 24.556 us
Min = 12.057 us, Q1 = 12.658 us, Median = 13.259 us, Q3 = 34.218 us, Max = 55.177 us
IQR = 21.560 us, LowerFence = -19.682 us, UpperFence = 66.558 us
ConfidenceInterval = [-421.157 us; 474.819 us] (CI 99.9%), Margin = 447.988 us (1669.66% of Mean)
Skewness = 0.38, Kurtosis = 0.67, MValue = 2
-------------------- Histogram --------------------
[11.270 us ; 55.964 us) | @@@
---------------------------------------------------

SessionSetupDecompositionBenchmarks.ComponentE1_CanceledDelayAwaitAsync: ShortRun(InvocationCount=1, IterationCount=3, LaunchCount=1, UnrollFactor=1, WarmupCount=3) [Sessions=100]
Runtime = .NET 10.0.12 (10.0.12, 10.0.1226.42308), X64 RyuJIT x86-64-v4; GC = Concurrent Workstation
Mean = 474.595 us, StdErr = 57.986 us (12.22%), N = 3, StdDev = 100.434 us
Min = 411.789 us, Q1 = 416.678 us, Median = 421.568 us, Q3 = 505.998 us, Max = 590.429 us
IQR = 89.320 us, LowerFence = 282.699 us, UpperFence = 639.979 us
ConfidenceInterval = [-1,357.694 us; 2,306.885 us] (CI 99.9%), Margin = 1,832.290 us (386.07% of Mean)
Skewness = 0.38, Kurtosis = 0.67, MValue = 2
-------------------- Histogram --------------------
[409.710 us ; 592.508 us) | @@@
---------------------------------------------------

SessionSetupDecompositionBenchmarks.ComponentE2_SetupExecutorDisposeAsync: ShortRun(InvocationCount=1, IterationCount=3, LaunchCount=1, UnrollFactor=1, WarmupCount=3) [Sessions=100]
Runtime = .NET 10.0.12 (10.0.12, 10.0.1226.42308), X64 RyuJIT x86-64-v4; GC = Concurrent Workstation
Mean = 95.257 ms, StdErr = 0.671 ms (0.70%), N = 3, StdDev = 1.163 ms
Min = 94.025 ms, Q1 = 94.717 ms, Median = 95.409 ms, Q3 = 95.872 ms, Max = 96.336 ms
IQR = 1.155 ms, LowerFence = 92.984 ms, UpperFence = 97.605 ms
ConfidenceInterval = [74.044 ms; 116.470 ms] (CI 99.9%), Margin = 21.213 ms (22.27% of Mean)
Skewness = -0.13, Kurtosis = 0.67, MValue = 2
-------------------- Histogram --------------------
[92.967 ms ; 96.930 ms) | @@@
---------------------------------------------------

SessionSetupDecompositionBenchmarks.ComponentA1_AssociationTablePreSeed: ShortRun(InvocationCount=1, IterationCount=3, LaunchCount=1, UnrollFactor=1, WarmupCount=3) [Sessions=100]
Runtime = .NET 10.0.12 (10.0.12, 10.0.1226.42308), X64 RyuJIT x86-64-v4; GC = Concurrent Workstation
Mean = 27.573 us, StdErr = 22.093 us (80.13%), N = 3, StdDev = 38.266 us
Min = 5.195 us, Q1 = 5.481 us, Median = 5.766 us, Q3 = 38.761 us, Max = 71.757 us
IQR = 33.281 us, LowerFence = -44.441 us, UpperFence = 88.683 us
ConfidenceInterval = [-670.538 us; 725.684 us] (CI 99.9%), Margin = 698.111 us (2531.90% of Mean)
Skewness = 0.38, Kurtosis = 0.67, MValue = 2
-------------------- Histogram --------------------
[3.653 us ; 73.299 us) | @@@
---------------------------------------------------

SessionSetupDecompositionBenchmarks.ComponentA2_SessionDictionaryPreSeed: ShortRun(InvocationCount=1, IterationCount=3, LaunchCount=1, UnrollFactor=1, WarmupCount=3) [Sessions=100]
Runtime = .NET 10.0.12 (10.0.12, 10.0.1226.42308), X64 RyuJIT x86-64-v4; GC = Concurrent Workstation
Mean = 22.331 us, StdErr = 18.359 us (82.21%), N = 3, StdDev = 31.798 us
Min = 3.917 us, Q1 = 3.972 us, Median = 4.027 us, Q3 = 31.538 us, Max = 59.048 us
IQR = 27.566 us, LowerFence = -37.376 us, UpperFence = 72.886 us
ConfidenceInterval = [-557.787 us; 602.448 us] (CI 99.9%), Margin = 580.117 us (2597.85% of Mean)
Skewness = 0.38, Kurtosis = 0.67, MValue = 2
-------------------- Histogram --------------------
[2.545 us ; 60.420 us) | @@@
---------------------------------------------------

SessionSetupDecompositionBenchmarks.ComponentA3_CooldownTableConstruction: ShortRun(InvocationCount=1, IterationCount=3, LaunchCount=1, UnrollFactor=1, WarmupCount=3) [Sessions=100]
Runtime = .NET 10.0.12 (10.0.12, 10.0.1226.42308), X64 RyuJIT x86-64-v4; GC = Concurrent Workstation
Mean = 8.170 us, StdErr = 5.019 us (61.43%), N = 3, StdDev = 8.693 us
Min = 2.780 us, Q1 = 3.155 us, Median = 3.531 us, Q3 = 10.865 us, Max = 18.199 us
IQR = 7.710 us, LowerFence = -8.409 us, UpperFence = 22.429 us
ConfidenceInterval = [-150.431 us; 166.771 us] (CI 99.9%), Margin = 158.601 us (1941.27% of Mean)
Skewness = 0.38, Kurtosis = 0.67, MValue = 2
-------------------- Histogram --------------------
[2.578 us ; 18.401 us) | @@@
---------------------------------------------------

SessionSetupDecompositionBenchmarks.ComponentA4_SlotAndQueueObjects: ShortRun(InvocationCount=1, IterationCount=3, LaunchCount=1, UnrollFactor=1, WarmupCount=3) [Sessions=100]
Runtime = .NET 10.0.12 (10.0.12, 10.0.1226.42308), X64 RyuJIT x86-64-v4; GC = Concurrent Workstation
Mean = 22.488 us, StdErr = 15.801 us (70.26%), N = 3, StdDev = 27.368 us
Min = 6.602 us, Q1 = 6.688 us, Median = 6.773 us, Q3 = 30.431 us, Max = 54.090 us
IQR = 23.744 us, LowerFence = -28.928 us, UpperFence = 66.047 us
ConfidenceInterval = [-476.805 us; 521.782 us] (CI 99.9%), Margin = 499.294 us (2220.23% of Mean)
Skewness = 0.38, Kurtosis = 0.67, MValue = 2
-------------------- Histogram --------------------
[5.440 us ; 55.252 us) | @@@
---------------------------------------------------

SessionSetupDecompositionBenchmarks.ComponentA5_CompletionCell: ShortRun(InvocationCount=1, IterationCount=3, LaunchCount=1, UnrollFactor=1, WarmupCount=3) [Sessions=100]
Runtime = .NET 10.0.12 (10.0.12, 10.0.1226.42308), X64 RyuJIT x86-64-v4; GC = Concurrent Workstation
Mean = 19.363 us, StdErr = 11.583 us (59.82%), N = 3, StdDev = 20.063 us
Min = 7.595 us, Q1 = 7.779 us, Median = 7.965 us, Q3 = 25.247 us, Max = 42.529 us
IQR = 17.467 us, LowerFence = -18.421 us, UpperFence = 51.447 us
ConfidenceInterval = [-346.665 us; 385.390 us] (CI 99.9%), Margin = 366.027 us (1890.39% of Mean)
Skewness = 0.38, Kurtosis = 0.67, MValue = 2
-------------------- Histogram --------------------
[6.803 us ; 43.320 us) | @@@
---------------------------------------------------

SessionSetupDecompositionBenchmarks.ComponentA6_ColdRent: ShortRun(InvocationCount=1, IterationCount=3, LaunchCount=1, UnrollFactor=1, WarmupCount=3) [Sessions=100]
Runtime = .NET 10.0.12 (10.0.12, 10.0.1226.42308), X64 RyuJIT x86-64-v4; GC = Concurrent Workstation
Mean = 30.628 us, StdErr = 17.350 us (56.65%), N = 3, StdDev = 30.050 us
Min = 11.817 us, Q1 = 13.300 us, Median = 14.782 us, Q3 = 40.033 us, Max = 65.285 us
IQR = 26.734 us, LowerFence = -26.802 us, UpperFence = 80.135 us
ConfidenceInterval = [-517.604 us; 578.860 us] (CI 99.9%), Margin = 548.232 us (1789.97% of Mean)
Skewness = 0.38, Kurtosis = 0.67, MValue = 2
-------------------- Histogram --------------------
[11.204 us ; 65.898 us) | @@@
---------------------------------------------------

SessionSetupDecompositionBenchmarks.ComponentA7_EnqueueCycle: ShortRun(InvocationCount=1, IterationCount=3, LaunchCount=1, UnrollFactor=1, WarmupCount=3) [Sessions=100]
Runtime = .NET 10.0.12 (10.0.12, 10.0.1226.42308), X64 RyuJIT x86-64-v4; GC = Concurrent Workstation
Mean = 50.812 us, StdErr = 14.675 us (28.88%), N = 3, StdDev = 25.418 us
Min = 36.102 us, Q1 = 36.137 us, Median = 36.172 us, Q3 = 58.167 us, Max = 80.162 us
IQR = 22.030 us, LowerFence = 3.092 us, UpperFence = 91.212 us
ConfidenceInterval = [-412.910 us; 514.534 us] (CI 99.9%), Margin = 463.722 us (912.62% of Mean)
Skewness = 0.38, Kurtosis = 0.67, MValue = 2
-------------------- Histogram --------------------
[35.001 us ; 81.264 us) | @@@
---------------------------------------------------

SessionSetupDecompositionBenchmarks.ComponentA8_WarmRentAdmissionAsync: ShortRun(InvocationCount=1, IterationCount=3, LaunchCount=1, UnrollFactor=1, WarmupCount=3) [Sessions=100]
Runtime = .NET 10.0.12 (10.0.12, 10.0.1226.42308), X64 RyuJIT x86-64-v4; GC = Concurrent Workstation
Mean = 278.770 us, StdErr = 28.535 us (10.24%), N = 3, StdDev = 49.425 us
Min = 224.624 us, Q1 = 257.425 us, Median = 290.225 us, Q3 = 305.844 us, Max = 321.462 us
IQR = 48.419 us, LowerFence = 184.796 us, UpperFence = 378.472 us
ConfidenceInterval = [-622.921 us; 1,180.462 us] (CI 99.9%), Margin = 901.692 us (323.45% of Mean)
Skewness = -0.22, Kurtosis = 0.67, MValue = 2
-------------------- Histogram --------------------
[179.646 us ; 260.865 us) | @
[260.865 us ; 366.440 us) | @@
---------------------------------------------------

SessionSetupDecompositionBenchmarks.ComponentA9a_DictionaryGrowthSpansResize: ShortRun(InvocationCount=1, IterationCount=3, LaunchCount=1, UnrollFactor=1, WarmupCount=3) [Sessions=100]
Runtime = .NET 10.0.12 (10.0.12, 10.0.1226.42308), X64 RyuJIT x86-64-v4; GC = Concurrent Workstation
Mean = 3.367 ms, StdErr = 1.400 ms (41.58%), N = 3, StdDev = 2.425 ms
Min = 1.909 ms, Q1 = 1.967 ms, Median = 2.026 ms, Q3 = 4.096 ms, Max = 6.167 ms
IQR = 2.129 ms, LowerFence = -1.226 ms, UpperFence = 7.290 ms
ConfidenceInterval = [-40.877 ms; 47.611 ms] (CI 99.9%), Margin = 44.244 ms (1314.01% of Mean)
Skewness = 0.38, Kurtosis = 0.67, MValue = 2
-------------------- Histogram --------------------
[1.831 ms ; 6.245 ms) | @@@
---------------------------------------------------

SessionSetupDecompositionBenchmarks.ComponentA9b_DictionaryGrowthNoResize: ShortRun(InvocationCount=1, IterationCount=3, LaunchCount=1, UnrollFactor=1, WarmupCount=3) [Sessions=100]
Runtime = .NET 10.0.12 (10.0.12, 10.0.1226.42308), X64 RyuJIT x86-64-v4; GC = Concurrent Workstation
Mean = 3.219 ms, StdErr = 1.495 ms (46.45%), N = 3, StdDev = 2.590 ms
Min = 1.636 ms, Q1 = 1.725 ms, Median = 1.813 ms, Q3 = 4.011 ms, Max = 6.208 ms
IQR = 2.286 ms, LowerFence = -1.704 ms, UpperFence = 7.439 ms
ConfidenceInterval = [-44.028 ms; 50.466 ms] (CI 99.9%), Margin = 47.247 ms (1467.72% of Mean)
Skewness = 0.38, Kurtosis = 0.67, MValue = 2
-------------------- Histogram --------------------
[1.565 ms ; 6.279 ms) | @@@
---------------------------------------------------

SessionSetupDecompositionBenchmarks.StageS0_CoordinatorOnly: ShortRun(InvocationCount=1, IterationCount=3, LaunchCount=1, UnrollFactor=1, WarmupCount=3) [Sessions=1000]
Runtime = .NET 10.0.12 (10.0.12, 10.0.1226.42308), X64 RyuJIT x86-64-v4; GC = Concurrent Workstation
Mean = 65.701 us, StdErr = 7.090 us (10.79%), N = 3, StdDev = 12.280 us
Min = 57.576 us, Q1 = 58.638 us, Median = 59.699 us, Q3 = 69.763 us, Max = 79.827 us
IQR = 11.126 us, LowerFence = 41.949 us, UpperFence = 86.451 us
ConfidenceInterval = [-158.327 us; 289.729 us] (CI 99.9%), Margin = 224.028 us (340.98% of Mean)
Skewness = 0.37, Kurtosis = 0.67, MValue = 2
-------------------- Histogram --------------------
[57.526 us ; 79.877 us) | @@@
---------------------------------------------------

SessionSetupDecompositionBenchmarks.StageS1_AdmissionOnlyAsync: ShortRun(InvocationCount=1, IterationCount=3, LaunchCount=1, UnrollFactor=1, WarmupCount=3) [Sessions=1000]
Runtime = .NET 10.0.12 (10.0.12, 10.0.1226.42308), X64 RyuJIT x86-64-v4; GC = Concurrent Workstation
Mean = 2.860 ms, StdErr = 0.264 ms (9.24%), N = 3, StdDev = 0.458 ms
Min = 2.337 ms, Q1 = 2.696 ms, Median = 3.055 ms, Q3 = 3.122 ms, Max = 3.189 ms
IQR = 0.426 ms, LowerFence = 2.058 ms, UpperFence = 3.760 ms
ConfidenceInterval = [-5.493 ms; 11.214 ms] (CI 99.9%), Margin = 8.353 ms (292.05% of Mean)
Skewness = -0.35, Kurtosis = 0.67, MValue = 2
-------------------- Histogram --------------------
[1.921 ms ; 2.705 ms) | @
[2.705 ms ; 3.605 ms) | @@
---------------------------------------------------

SessionSetupDecompositionBenchmarks.StageS2_SetupStartedAsync: ShortRun(InvocationCount=1, IterationCount=3, LaunchCount=1, UnrollFactor=1, WarmupCount=3) [Sessions=1000]
Runtime = .NET 10.0.12 (10.0.12, 10.0.1226.42308), X64 RyuJIT x86-64-v4; GC = Concurrent Workstation
Mean = 80.306 ms, StdErr = 0.554 ms (0.69%), N = 3, StdDev = 0.959 ms
Min = 79.727 ms, Q1 = 79.752 ms, Median = 79.777 ms, Q3 = 80.595 ms, Max = 81.412 ms
IQR = 0.842 ms, LowerFence = 78.489 ms, UpperFence = 81.859 ms
ConfidenceInterval = [62.815 ms; 97.796 ms] (CI 99.9%), Margin = 17.491 ms (21.78% of Mean)
Skewness = 0.38, Kurtosis = 0.67, MValue = 2
-------------------- Histogram --------------------
[79.697 ms ; 81.442 ms) | @@@
---------------------------------------------------

SessionSetupDecompositionBenchmarks.StageS3_PipelineNoPayloadAsync: ShortRun(InvocationCount=1, IterationCount=3, LaunchCount=1, UnrollFactor=1, WarmupCount=3) [Sessions=1000]
Runtime = .NET 10.0.12 (10.0.12, 10.0.1226.42308), X64 RyuJIT x86-64-v4; GC = Concurrent Workstation
Mean = 68.016 ms, StdErr = 5.221 ms (7.68%), N = 3, StdDev = 9.043 ms
Min = 58.388 ms, Q1 = 63.859 ms, Median = 69.329 ms, Q3 = 72.829 ms, Max = 76.330 ms
IQR = 8.971 ms, LowerFence = 50.402 ms, UpperFence = 86.286 ms
ConfidenceInterval = [-96.955 ms; 232.986 ms] (CI 99.9%), Margin = 164.971 ms (242.55% of Mean)
Skewness = -0.14, Kurtosis = 0.67, MValue = 2
-------------------- Histogram --------------------
[50.159 ms ; 64.600 ms) | @
[64.600 ms ; 81.058 ms) | @@
---------------------------------------------------

SessionSetupDecompositionBenchmarks.StageS4_ReadinessTeardownOutsideAsync: ShortRun(InvocationCount=1, IterationCount=3, LaunchCount=1, UnrollFactor=1, WarmupCount=3) [Sessions=1000]
Runtime = .NET 10.0.12 (10.0.12, 10.0.1226.42308), X64 RyuJIT x86-64-v4; GC = Concurrent Workstation
Mean = 62.475 ms, StdErr = 1.223 ms (1.96%), N = 3, StdDev = 2.118 ms
Min = 60.052 ms, Q1 = 61.725 ms, Median = 63.397 ms, Q3 = 63.686 ms, Max = 63.975 ms
IQR = 1.961 ms, LowerFence = 58.782 ms, UpperFence = 66.628 ms
ConfidenceInterval = [23.841 ms; 101.109 ms] (CI 99.9%), Margin = 38.634 ms (61.84% of Mean)
Skewness = -0.35, Kurtosis = 0.67, MValue = 2
-------------------- Histogram --------------------
[58.125 ms ; 61.759 ms) | @
[61.759 ms ; 65.902 ms) | @@
---------------------------------------------------

SessionSetupDecompositionBenchmarks.StageS5_ReadinessTeardownInsideAsync: ShortRun(InvocationCount=1, IterationCount=3, LaunchCount=1, UnrollFactor=1, WarmupCount=3) [Sessions=1000]
Runtime = .NET 10.0.12 (10.0.12, 10.0.1226.42308), X64 RyuJIT x86-64-v4; GC = Concurrent Workstation
Mean = 83.955 ms, StdErr = 2.992 ms (3.56%), N = 3, StdDev = 5.182 ms
Min = 80.271 ms, Q1 = 80.992 ms, Median = 81.713 ms, Q3 = 85.796 ms, Max = 89.879 ms
IQR = 4.804 ms, LowerFence = 73.786 ms, UpperFence = 93.003 ms
ConfidenceInterval = [-10.577 ms; 178.486 ms] (CI 99.9%), Margin = 94.531 ms (112.60% of Mean)
Skewness = 0.35, Kurtosis = 0.67, MValue = 2
-------------------- Histogram --------------------
[75.555 ms ; 85.707 ms) | @@
[85.707 ms ; 94.595 ms) | @
---------------------------------------------------

SessionSetupDecompositionBenchmarks.StageT1_SessionTeardownInsideAsync: ShortRun(InvocationCount=1, IterationCount=3, LaunchCount=1, UnrollFactor=1, WarmupCount=3) [Sessions=1000]
Runtime = .NET 10.0.12 (10.0.12, 10.0.1226.42308), X64 RyuJIT x86-64-v4; GC = Concurrent Workstation
Mean = 65.853 ms, StdErr = 8.026 ms (12.19%), N = 3, StdDev = 13.902 ms
Min = 55.069 ms, Q1 = 58.009 ms, Median = 60.949 ms, Q3 = 71.246 ms, Max = 81.542 ms
IQR = 13.237 ms, LowerFence = 38.153 ms, UpperFence = 91.101 ms
ConfidenceInterval = [-187.764 ms; 319.471 ms] (CI 99.9%), Margin = 253.618 ms (385.13% of Mean)
Skewness = 0.31, Kurtosis = 0.67, MValue = 2
-------------------- Histogram --------------------
[45.358 ms ; 70.660 ms) | @@
[70.660 ms ; 94.193 ms) | @
---------------------------------------------------

SessionSetupDecompositionBenchmarks.StageT3_ExpiryRetireInsideAsync: ShortRun(InvocationCount=1, IterationCount=3, LaunchCount=1, UnrollFactor=1, WarmupCount=3) [Sessions=1000]
Runtime = .NET 10.0.12 (10.0.12, 10.0.1226.42308), X64 RyuJIT x86-64-v4; GC = Concurrent Workstation
Mean = 129.423 ms, StdErr = 14.411 ms (11.13%), N = 3, StdDev = 24.960 ms
Min = 110.278 ms, Q1 = 115.308 ms, Median = 120.337 ms, Q3 = 138.995 ms, Max = 157.653 ms
IQR = 23.687 ms, LowerFence = 79.777 ms, UpperFence = 174.526 ms
ConfidenceInterval = [-325.940 ms; 584.786 ms] (CI 99.9%), Margin = 455.363 ms (351.84% of Mean)
Skewness = 0.32, Kurtosis = 0.67, MValue = 2
-------------------- Histogram --------------------
[ 92.593 ms ; 138.022 ms) | @@
[138.022 ms ; 180.368 ms) | @
---------------------------------------------------

SessionSetupDecompositionBenchmarks.StageT5_NonThrowingParkTeardownAsync: ShortRun(InvocationCount=1, IterationCount=3, LaunchCount=1, UnrollFactor=1, WarmupCount=3) [Sessions=1000]
Runtime = .NET 10.0.12 (10.0.12, 10.0.1226.42308), X64 RyuJIT x86-64-v4; GC = Concurrent Workstation
Mean = 8.799 ms, StdErr = 1.188 ms (13.50%), N = 3, StdDev = 2.057 ms
Min = 7.314 ms, Q1 = 7.625 ms, Median = 7.936 ms, Q3 = 9.542 ms, Max = 11.147 ms
IQR = 1.916 ms, LowerFence = 4.750 ms, UpperFence = 12.416 ms
ConfidenceInterval = [-28.729 ms; 46.327 ms] (CI 99.9%), Margin = 37.528 ms (426.50% of Mean)
Skewness = 0.35, Kurtosis = 0.67, MValue = 2
-------------------- Histogram --------------------
[5.442 ms ;  9.497 ms) | @@
[9.497 ms ; 13.019 ms) | @
---------------------------------------------------

SessionSetupDecompositionBenchmarks.BaselineF_FakeTransportCreationAsync: ShortRun(InvocationCount=1, IterationCount=3, LaunchCount=1, UnrollFactor=1, WarmupCount=3) [Sessions=1000]
Runtime = .NET 10.0.12 (10.0.12, 10.0.1226.42308), X64 RyuJIT x86-64-v4; GC = Concurrent Workstation
Mean = 181.473 us, StdErr = 30.169 us (16.62%), N = 3, StdDev = 52.255 us
Min = 125.165 us, Q1 = 158.006 us, Median = 190.847 us, Q3 = 209.626 us, Max = 228.406 us
IQR = 51.620 us, LowerFence = 80.575 us, UpperFence = 287.057 us
ConfidenceInterval = [-771.853 us; 1,134.798 us] (CI 99.9%), Margin = 953.326 us (525.33% of Mean)
Skewness = -0.17, Kurtosis = 0.67, MValue = 2
-------------------- Histogram --------------------
[ 77.611 us ; 162.073 us) | @
[162.073 us ; 275.960 us) | @@
---------------------------------------------------

SessionSetupDecompositionBenchmarks.BaselineH_FlowKeyConstruction: ShortRun(InvocationCount=1, IterationCount=3, LaunchCount=1, UnrollFactor=1, WarmupCount=3) [Sessions=1000]
Runtime = .NET 10.0.12 (10.0.12, 10.0.1226.42308), X64 RyuJIT x86-64-v4; GC = Concurrent Workstation
Mean = 656.029 us, StdErr = 31.222 us (4.76%), N = 3, StdDev = 54.078 us
Min = 622.697 us, Q1 = 624.831 us, Median = 626.965 us, Q3 = 672.694 us, Max = 718.424 us
IQR = 47.864 us, LowerFence = 553.036 us, UpperFence = 744.490 us
ConfidenceInterval = [-330.557 us; 1,642.614 us] (CI 99.9%), Margin = 986.585 us (150.39% of Mean)
Skewness = 0.38, Kurtosis = 0.67, MValue = 2
-------------------- Histogram --------------------
[621.347 us ; 719.774 us) | @@@
---------------------------------------------------

SessionSetupDecompositionBenchmarks.ComponentC1_AssociationClaimRelease: ShortRun(InvocationCount=1, IterationCount=3, LaunchCount=1, UnrollFactor=1, WarmupCount=3) [Sessions=1000]
Runtime = .NET 10.0.12 (10.0.12, 10.0.1226.42308), X64 RyuJIT x86-64-v4; GC = Concurrent Workstation
Mean = 3.254 ms, StdErr = 0.131 ms (4.04%), N = 3, StdDev = 0.227 ms
Min = 3.102 ms, Q1 = 3.123 ms, Median = 3.143 ms, Q3 = 3.329 ms, Max = 3.515 ms
IQR = 0.206 ms, LowerFence = 2.813 ms, UpperFence = 3.639 ms
ConfidenceInterval = [-0.897 ms; 7.404 ms] (CI 99.9%), Margin = 4.150 ms (127.55% of Mean)
Skewness = 0.37, Kurtosis = 0.67, MValue = 2
-------------------- Histogram --------------------
[3.102 ms ; 3.516 ms) | @@@
---------------------------------------------------

SessionSetupDecompositionBenchmarks.ComponentC2_SessionConstructStartAsync: ShortRun(InvocationCount=1, IterationCount=3, LaunchCount=1, UnrollFactor=1, WarmupCount=3) [Sessions=1000]
Runtime = .NET 10.0.12 (10.0.12, 10.0.1226.42308), X64 RyuJIT x86-64-v4; GC = Concurrent Workstation
Mean = 4.215 ms, StdErr = 0.658 ms (15.62%), N = 3, StdDev = 1.140 ms
Min = 3.361 ms, Q1 = 3.568 ms, Median = 3.774 ms, Q3 = 4.642 ms, Max = 5.510 ms
IQR = 1.074 ms, LowerFence = 1.956 ms, UpperFence = 6.253 ms
ConfidenceInterval = [-16.584 ms; 25.014 ms] (CI 99.9%), Margin = 20.799 ms (493.47% of Mean)
Skewness = 0.33, Kurtosis = 0.67, MValue = 2
-------------------- Histogram --------------------
[2.324 ms ; 4.605 ms) | @@
[4.605 ms ; 6.547 ms) | @
---------------------------------------------------

SessionSetupDecompositionBenchmarks.ComponentC2a1_ContextRecordStaticLambda: ShortRun(InvocationCount=1, IterationCount=3, LaunchCount=1, UnrollFactor=1, WarmupCount=3) [Sessions=1000]
Runtime = .NET 10.0.12 (10.0.12, 10.0.1226.42308), X64 RyuJIT x86-64-v4; GC = Concurrent Workstation
Mean = 117.317 us, StdErr = 13.485 us (11.49%), N = 3, StdDev = 23.356 us
Min = 90.657 us, Q1 = 108.886 us, Median = 127.115 us, Q3 = 130.646 us, Max = 134.178 us
IQR = 21.760 us, LowerFence = 76.246 us, UpperFence = 163.286 us
ConfidenceInterval = [-308.782 us; 543.415 us] (CI 99.9%), Margin = 426.099 us (363.20% of Mean)
Skewness = -0.35, Kurtosis = 0.67, MValue = 2
-------------------- Histogram --------------------
[ 69.403 us ; 109.391 us) | @
[109.391 us ; 155.432 us) | @@
---------------------------------------------------

SessionSetupDecompositionBenchmarks.ComponentC2a2_ContextRecordMethodGroup: ShortRun(InvocationCount=1, IterationCount=3, LaunchCount=1, UnrollFactor=1, WarmupCount=3) [Sessions=1000]
Runtime = .NET 10.0.12 (10.0.12, 10.0.1226.42308), X64 RyuJIT x86-64-v4; GC = Concurrent Workstation
Mean = 108.585 us, StdErr = 5.627 us (5.18%), N = 3, StdDev = 9.747 us
Min = 99.088 us, Q1 = 103.596 us, Median = 108.105 us, Q3 = 113.334 us, Max = 118.564 us
IQR = 9.738 us, LowerFence = 88.989 us, UpperFence = 127.941 us
ConfidenceInterval = [-69.234 us; 286.405 us] (CI 99.9%), Margin = 177.820 us (163.76% of Mean)
Skewness = 0.05, Kurtosis = 0.67, MValue = 2
-------------------- Histogram --------------------
[ 94.726 us ; 112.466 us) | @@
[112.466 us ; 127.434 us) | @
---------------------------------------------------

SessionSetupDecompositionBenchmarks.ComponentC2b_SessionConstructOnly: ShortRun(InvocationCount=1, IterationCount=3, LaunchCount=1, UnrollFactor=1, WarmupCount=3) [Sessions=1000]
Runtime = .NET 10.0.12 (10.0.12, 10.0.1226.42308), X64 RyuJIT x86-64-v4; GC = Concurrent Workstation
Mean = 2.692 ms, StdErr = 0.378 ms (14.03%), N = 3, StdDev = 0.654 ms
Min = 2.193 ms, Q1 = 2.322 ms, Median = 2.451 ms, Q3 = 2.942 ms, Max = 3.433 ms
IQR = 0.620 ms, LowerFence = 1.392 ms, UpperFence = 3.872 ms
ConfidenceInterval = [-9.242 ms; 14.626 ms] (CI 99.9%), Margin = 11.934 ms (443.28% of Mean)
Skewness = 0.32, Kurtosis = 0.67, MValue = 2
-------------------- Histogram --------------------
[1.727 ms ; 2.917 ms) | @@
[2.917 ms ; 4.028 ms) | @
---------------------------------------------------

SessionSetupDecompositionBenchmarks.ComponentC2c1_ScopeConstructLinked: ShortRun(InvocationCount=1, IterationCount=3, LaunchCount=1, UnrollFactor=1, WarmupCount=3) [Sessions=1000]
Runtime = .NET 10.0.12 (10.0.12, 10.0.1226.42308), X64 RyuJIT x86-64-v4; GC = Concurrent Workstation
Mean = 69.523 us, StdErr = 1.119 us (1.61%), N = 3, StdDev = 1.938 us
Min = 67.850 us, Q1 = 68.461 us, Median = 69.072 us, Q3 = 70.359 us, Max = 71.647 us
IQR = 1.899 us, LowerFence = 65.613 us, UpperFence = 73.207 us
ConfidenceInterval = [34.162 us; 104.884 us] (CI 99.9%), Margin = 35.361 us (50.86% of Mean)
Skewness = 0.22, Kurtosis = 0.67, MValue = 2
-------------------- Histogram --------------------
[66.697 us ; 70.225 us) | @@
[70.225 us ; 73.411 us) | @
---------------------------------------------------

SessionSetupDecompositionBenchmarks.ComponentC2c2_ScopeConstructUnlinked: ShortRun(InvocationCount=1, IterationCount=3, LaunchCount=1, UnrollFactor=1, WarmupCount=3) [Sessions=1000]
Runtime = .NET 10.0.12 (10.0.12, 10.0.1226.42308), X64 RyuJIT x86-64-v4; GC = Concurrent Workstation
Mean = 44.981 us, StdErr = 9.196 us (20.44%), N = 3, StdDev = 15.928 us
Min = 35.610 us, Q1 = 35.785 us, Median = 35.961 us, Q3 = 49.666 us, Max = 63.372 us
IQR = 13.881 us, LowerFence = 14.964 us, UpperFence = 70.488 us
ConfidenceInterval = [-245.606 us; 335.568 us] (CI 99.9%), Margin = 290.587 us (646.02% of Mean)
Skewness = 0.38, Kurtosis = 0.67, MValue = 2
-------------------- Histogram --------------------
[34.996 us ; 63.986 us) | @@@
---------------------------------------------------

SessionSetupDecompositionBenchmarks.ComponentC2e_LockConstruction: ShortRun(InvocationCount=1, IterationCount=3, LaunchCount=1, UnrollFactor=1, WarmupCount=3) [Sessions=1000]
Runtime = .NET 10.0.12 (10.0.12, 10.0.1226.42308), X64 RyuJIT x86-64-v4; GC = Concurrent Workstation
Mean = 60.170 us, StdErr = 40.183 us (66.78%), N = 3, StdDev = 69.600 us
Min = 19.541 us, Q1 = 19.987 us, Median = 20.433 us, Q3 = 80.484 us, Max = 140.535 us
IQR = 60.497 us, LowerFence = -70.758 us, UpperFence = 171.230 us
ConfidenceInterval = [-1,209.591 us; 1,329.930 us] (CI 99.9%), Margin = 1,269.760 us (2110.30% of Mean)
Skewness = 0.38, Kurtosis = 0.67, MValue = 2
-------------------- Histogram --------------------
[16.700 us ; 143.376 us) | @@@
---------------------------------------------------

SessionSetupDecompositionBenchmarks.ComponentC2e_TaskCompletionSourceConstruction: ShortRun(InvocationCount=1, IterationCount=3, LaunchCount=1, UnrollFactor=1, WarmupCount=3) [Sessions=1000]
Runtime = .NET 10.0.12 (10.0.12, 10.0.1226.42308), X64 RyuJIT x86-64-v4; GC = Concurrent Workstation
Mean = 66.574 us, StdErr = 31.640 us (47.53%), N = 3, StdDev = 54.801 us
Min = 34.007 us, Q1 = 34.939 us, Median = 35.871 us, Q3 = 82.858 us, Max = 129.844 us
IQR = 47.919 us, LowerFence = -36.939 us, UpperFence = 154.735 us
ConfidenceInterval = [-933.207 us; 1,066.355 us] (CI 99.9%), Margin = 999.781 us (1501.76% of Mean)
Skewness = 0.38, Kurtosis = 0.67, MValue = 2
-------------------- Histogram --------------------
[32.054 us ; 131.797 us) | @@@
---------------------------------------------------

SessionSetupDecompositionBenchmarks.ComponentC2e_LinkedTokenSourceConstruction: ShortRun(InvocationCount=1, IterationCount=3, LaunchCount=1, UnrollFactor=1, WarmupCount=3) [Sessions=1000]
Runtime = .NET 10.0.12 (10.0.12, 10.0.1226.42308), X64 RyuJIT x86-64-v4; GC = Concurrent Workstation
Mean = 121.429 us, StdErr = 37.150 us (30.59%), N = 3, StdDev = 64.345 us
Min = 77.338 us, Q1 = 84.511 us, Median = 91.684 us, Q3 = 143.475 us, Max = 195.266 us
IQR = 58.964 us, LowerFence = -3.935 us, UpperFence = 231.921 us
ConfidenceInterval = [-1,052.468 us; 1,295.326 us] (CI 99.9%), Margin = 1,173.897 us (966.73% of Mean)
Skewness = 0.36, Kurtosis = 0.67, MValue = 2
-------------------- Histogram --------------------
[ 18.781 us ; 143.068 us) | @@
[143.068 us ; 253.822 us) | @
---------------------------------------------------

SessionSetupDecompositionBenchmarks.ComponentE1_CanceledDelayAwaitAsync: ShortRun(InvocationCount=1, IterationCount=3, LaunchCount=1, UnrollFactor=1, WarmupCount=3) [Sessions=1000]
Runtime = .NET 10.0.12 (10.0.12, 10.0.1226.42308), X64 RyuJIT x86-64-v4; GC = Concurrent Workstation
Mean = 4.500 ms, StdErr = 0.335 ms (7.44%), N = 3, StdDev = 0.580 ms
Min = 4.069 ms, Q1 = 4.170 ms, Median = 4.271 ms, Q3 = 4.715 ms, Max = 5.159 ms
IQR = 0.545 ms, LowerFence = 3.353 ms, UpperFence = 5.532 ms
ConfidenceInterval = [-6.074 ms; 15.074 ms] (CI 99.9%), Margin = 10.574 ms (235.00% of Mean)
Skewness = 0.33, Kurtosis = 0.67, MValue = 2
-------------------- Histogram --------------------
[3.541 ms ; 4.698 ms) | @@
[4.698 ms ; 5.686 ms) | @
---------------------------------------------------

SessionSetupDecompositionBenchmarks.ComponentE2_SetupExecutorDisposeAsync: ShortRun(InvocationCount=1, IterationCount=3, LaunchCount=1, UnrollFactor=1, WarmupCount=3) [Sessions=1000]
Runtime = .NET 10.0.12 (10.0.12, 10.0.1226.42308), X64 RyuJIT x86-64-v4; GC = Concurrent Workstation
Mean = 94.934 ms, StdErr = 0.474 ms (0.50%), N = 3, StdDev = 0.822 ms
Min = 94.277 ms, Q1 = 94.474 ms, Median = 94.671 ms, Q3 = 95.263 ms, Max = 95.855 ms
IQR = 0.789 ms, LowerFence = 93.290 ms, UpperFence = 96.447 ms
ConfidenceInterval = [79.945 ms; 109.923 ms] (CI 99.9%), Margin = 14.989 ms (15.79% of Mean)
Skewness = 0.29, Kurtosis = 0.67, MValue = 2
-------------------- Histogram --------------------
[93.529 ms ; 96.603 ms) | @@@
---------------------------------------------------

SessionSetupDecompositionBenchmarks.ComponentA1_AssociationTablePreSeed: ShortRun(InvocationCount=1, IterationCount=3, LaunchCount=1, UnrollFactor=1, WarmupCount=3) [Sessions=1000]
Runtime = .NET 10.0.12 (10.0.12, 10.0.1226.42308), X64 RyuJIT x86-64-v4; GC = Concurrent Workstation
Mean = 24.580 us, StdErr = 11.606 us (47.22%), N = 3, StdDev = 20.101 us
Min = 12.168 us, Q1 = 12.984 us, Median = 13.800 us, Q3 = 30.786 us, Max = 47.772 us
IQR = 17.802 us, LowerFence = -13.719 us, UpperFence = 57.489 us
ConfidenceInterval = [-342.145 us; 391.305 us] (CI 99.9%), Margin = 366.725 us (1491.96% of Mean)
Skewness = 0.38, Kurtosis = 0.67, MValue = 2
-------------------- Histogram --------------------
[11.677 us ; 48.263 us) | @@@
---------------------------------------------------

SessionSetupDecompositionBenchmarks.ComponentA2_SessionDictionaryPreSeed: ShortRun(InvocationCount=1, IterationCount=3, LaunchCount=1, UnrollFactor=1, WarmupCount=3) [Sessions=1000]
Runtime = .NET 10.0.12 (10.0.12, 10.0.1226.42308), X64 RyuJIT x86-64-v4; GC = Concurrent Workstation
Mean = 37.619 us, StdErr = 20.966 us (55.73%), N = 3, StdDev = 36.315 us
Min = 11.811 us, Q1 = 16.855 us, Median = 21.900 us, Q3 = 50.523 us, Max = 79.145 us
IQR = 33.667 us, LowerFence = -33.645 us, UpperFence = 101.023 us
ConfidenceInterval = [-624.901 us; 700.138 us] (CI 99.9%), Margin = 662.520 us (1761.15% of Mean)
Skewness = 0.35, Kurtosis = 0.67, MValue = 2
-------------------- Histogram --------------------
[11.811 us ;  49.903 us) | @@
[49.903 us ; 112.193 us) | @
---------------------------------------------------

SessionSetupDecompositionBenchmarks.ComponentA3_CooldownTableConstruction: ShortRun(InvocationCount=1, IterationCount=3, LaunchCount=1, UnrollFactor=1, WarmupCount=3) [Sessions=1000]
Runtime = .NET 10.0.12 (10.0.12, 10.0.1226.42308), X64 RyuJIT x86-64-v4; GC = Concurrent Workstation
Mean = 8.001 us, StdErr = 5.281 us (66.01%), N = 3, StdDev = 9.148 us
Min = 2.675 us, Q1 = 2.720 us, Median = 2.765 us, Q3 = 10.665 us, Max = 18.564 us
IQR = 7.944 us, LowerFence = -9.197 us, UpperFence = 22.581 us
ConfidenceInterval = [-158.886 us; 174.888 us] (CI 99.9%), Margin = 166.887 us (2085.74% of Mean)
Skewness = 0.38, Kurtosis = 0.67, MValue = 2
-------------------- Histogram --------------------
[2.295 us ; 18.944 us) | @@@
---------------------------------------------------

SessionSetupDecompositionBenchmarks.ComponentA4_SlotAndQueueObjects: ShortRun(InvocationCount=1, IterationCount=3, LaunchCount=1, UnrollFactor=1, WarmupCount=3) [Sessions=1000]
Runtime = .NET 10.0.12 (10.0.12, 10.0.1226.42308), X64 RyuJIT x86-64-v4; GC = Concurrent Workstation
Mean = 103.683 us, StdErr = 60.554 us (58.40%), N = 3, StdDev = 104.882 us
Min = 39.337 us, Q1 = 43.169 us, Median = 47.002 us, Q3 = 135.856 us, Max = 224.709 us
IQR = 92.686 us, LowerFence = -95.859 us, UpperFence = 274.885 us
ConfidenceInterval = [-1,809.759 us; 2,017.124 us] (CI 99.9%), Margin = 1,913.442 us (1845.48% of Mean)
Skewness = 0.38, Kurtosis = 0.67, MValue = 2
-------------------- Histogram --------------------
[36.577 us ; 227.470 us) | @@@
---------------------------------------------------

SessionSetupDecompositionBenchmarks.ComponentA5_CompletionCell: ShortRun(InvocationCount=1, IterationCount=3, LaunchCount=1, UnrollFactor=1, WarmupCount=3) [Sessions=1000]
Runtime = .NET 10.0.12 (10.0.12, 10.0.1226.42308), X64 RyuJIT x86-64-v4; GC = Concurrent Workstation
Mean = 78.396 us, StdErr = 38.301 us (48.86%), N = 3, StdDev = 66.339 us
Min = 39.168 us, Q1 = 40.099 us, Median = 41.030 us, Q3 = 98.010 us, Max = 154.991 us
IQR = 57.911 us, LowerFence = -46.768 us, UpperFence = 184.878 us
ConfidenceInterval = [-1,131.882 us; 1,288.675 us] (CI 99.9%), Margin = 1,210.279 us (1543.80% of Mean)
Skewness = 0.38, Kurtosis = 0.67, MValue = 2
-------------------- Histogram --------------------
[36.708 us ; 157.451 us) | @@@
---------------------------------------------------

SessionSetupDecompositionBenchmarks.ComponentA6_ColdRent: ShortRun(InvocationCount=1, IterationCount=3, LaunchCount=1, UnrollFactor=1, WarmupCount=3) [Sessions=1000]
Runtime = .NET 10.0.12 (10.0.12, 10.0.1226.42308), X64 RyuJIT x86-64-v4; GC = Concurrent Workstation
Mean = 135.092 us, StdErr = 72.543 us (53.70%), N = 3, StdDev = 125.647 us
Min = 61.985 us, Q1 = 62.550 us, Median = 63.116 us, Q3 = 171.646 us, Max = 280.176 us
IQR = 109.096 us, LowerFence = -101.093 us, UpperFence = 335.289 us
ConfidenceInterval = [-2,157.184 us; 2,427.369 us] (CI 99.9%), Margin = 2,292.277 us (1696.82% of Mean)
Skewness = 0.38, Kurtosis = 0.67, MValue = 2
-------------------- Histogram --------------------
[56.737 us ; 285.424 us) | @@@
---------------------------------------------------

SessionSetupDecompositionBenchmarks.ComponentA7_EnqueueCycle: ShortRun(InvocationCount=1, IterationCount=3, LaunchCount=1, UnrollFactor=1, WarmupCount=3) [Sessions=1000]
Runtime = .NET 10.0.12 (10.0.12, 10.0.1226.42308), X64 RyuJIT x86-64-v4; GC = Concurrent Workstation
Mean = 281.434 us, StdErr = 18.830 us (6.69%), N = 3, StdDev = 32.614 us
Min = 262.519 us, Q1 = 262.604 us, Median = 262.689 us, Q3 = 290.891 us, Max = 319.093 us
IQR = 28.287 us, LowerFence = 220.173 us, UpperFence = 333.322 us
ConfidenceInterval = [-313.568 us; 876.435 us] (CI 99.9%), Margin = 595.002 us (211.42% of Mean)
Skewness = 0.38, Kurtosis = 0.67, MValue = 2
-------------------- Histogram --------------------
[261.126 us ; 320.486 us) | @@@
---------------------------------------------------

SessionSetupDecompositionBenchmarks.ComponentA8_WarmRentAdmissionAsync: ShortRun(InvocationCount=1, IterationCount=3, LaunchCount=1, UnrollFactor=1, WarmupCount=3) [Sessions=1000]
Runtime = .NET 10.0.12 (10.0.12, 10.0.1226.42308), X64 RyuJIT x86-64-v4; GC = Concurrent Workstation
Mean = 2.935 ms, StdErr = 0.357 ms (12.16%), N = 3, StdDev = 0.618 ms
Min = 2.372 ms, Q1 = 2.605 ms, Median = 2.838 ms, Q3 = 3.217 ms, Max = 3.596 ms
IQR = 0.612 ms, LowerFence = 1.687 ms, UpperFence = 4.135 ms
ConfidenceInterval = [-8.340 ms; 14.210 ms] (CI 99.9%), Margin = 11.275 ms (384.11% of Mean)
Skewness = 0.15, Kurtosis = 0.67, MValue = 2
-------------------- Histogram --------------------
[2.042 ms ; 3.167 ms) | @@
[3.167 ms ; 4.159 ms) | @
---------------------------------------------------

SessionSetupDecompositionBenchmarks.ComponentA9a_DictionaryGrowthSpansResize: ShortRun(InvocationCount=1, IterationCount=3, LaunchCount=1, UnrollFactor=1, WarmupCount=3) [Sessions=1000]
Runtime = .NET 10.0.12 (10.0.12, 10.0.1226.42308), X64 RyuJIT x86-64-v4; GC = Concurrent Workstation
Mean = 3.200 ms, StdErr = 1.346 ms (42.05%), N = 3, StdDev = 2.331 ms
Min = 1.749 ms, Q1 = 1.856 ms, Median = 1.963 ms, Q3 = 3.926 ms, Max = 5.888 ms
IQR = 2.070 ms, LowerFence = -1.249 ms, UpperFence = 7.030 ms
ConfidenceInterval = [-39.319 ms; 45.720 ms] (CI 99.9%), Margin = 42.519 ms (1328.68% of Mean)
Skewness = 0.38, Kurtosis = 0.67, MValue = 2
-------------------- Histogram --------------------
[1.698 ms ; 5.940 ms) | @@@
---------------------------------------------------

SessionSetupDecompositionBenchmarks.ComponentA9b_DictionaryGrowthNoResize: ShortRun(InvocationCount=1, IterationCount=3, LaunchCount=1, UnrollFactor=1, WarmupCount=3) [Sessions=1000]
Runtime = .NET 10.0.12 (10.0.12, 10.0.1226.42308), X64 RyuJIT x86-64-v4; GC = Concurrent Workstation
Mean = 3.245 ms, StdErr = 1.492 ms (45.98%), N = 3, StdDev = 2.584 ms
Min = 1.727 ms, Q1 = 1.753 ms, Median = 1.780 ms, Q3 = 4.004 ms, Max = 6.229 ms
IQR = 2.251 ms, LowerFence = -1.624 ms, UpperFence = 7.381 ms
ConfidenceInterval = [-43.904 ms; 50.395 ms] (CI 99.9%), Margin = 47.149 ms (1452.95% of Mean)
Skewness = 0.38, Kurtosis = 0.67, MValue = 2
-------------------- Histogram --------------------
[1.626 ms ; 6.330 ms) | @@@
---------------------------------------------------

// * Summary *

BenchmarkDotNet v0.15.8, Linux NixOS 26.11 (Zokor)
AMD Ryzen 9 9955HX 2.49GHz, 1 CPU, 32 logical and 16 physical cores
.NET SDK 10.0.401
  [Host]   : .NET 10.0.12 (10.0.12, 10.0.1226.42308), X64 RyuJIT x86-64-v4
  ShortRun : .NET 10.0.12 (10.0.12, 10.0.1226.42308), X64 RyuJIT x86-64-v4

Job=ShortRun  InvocationCount=1  IterationCount=3  
LaunchCount=1  UnrollFactor=1  WarmupCount=3  

| Method                                        | Sessions | Mean           | Error          | StdDev         | Median         | Allocated |
|---------------------------------------------- |--------- |---------------:|---------------:|---------------:|---------------:|----------:|
| StageS0_CoordinatorOnly                       | 1        |      28.185 us |     418.592 us |     22.9444 us |      16.631 us |    8424 B |
| StageS1_AdmissionOnlyAsync                    | 1        |      69.154 us |   1,061.202 us |     58.1681 us |      35.616 us |    7320 B |
| StageS2_SetupStartedAsync                     | 1        |  71,324.628 us |   4,685.756 us |    256.8421 us |  71,341.992 us |   34968 B |
| StageS3_PipelineNoPayloadAsync                | 1        |  31,232.356 us |   7,474.253 us |    409.6890 us |  31,099.098 us |   36232 B |
| StageS4_ReadinessTeardownOutsideAsync         | 1        |  31,067.867 us |   4,086.601 us |    224.0004 us |  30,995.526 us |   34736 B |
| StageS5_ReadinessTeardownInsideAsync          | 1        |  44,446.793 us |  28,554.932 us |  1,565.1922 us |  44,037.735 us |  100080 B |
| StageT1_SessionTeardownInsideAsync            | 1        |     319.421 us |     723.150 us |     39.6383 us |     330.880 us |    7760 B |
| StageT3_ExpiryRetireInsideAsync               | 1        |  30,272.758 us |   5,666.480 us |    310.5989 us |  30,118.126 us |   36064 B |
| StageT5_NonThrowingParkTeardownAsync          | 1        |     288.763 us |     594.634 us |     32.5939 us |     301.603 us |    6464 B |
| BaselineF_FakeTransportCreationAsync          | 1        |       7.303 us |      10.014 us |      0.5489 us |       7.464 us |     136 B |
| BaselineH_FlowKeyConstruction                 | 1        |      13.693 us |       3.041 us |      0.1667 us |      13.716 us |     352 B |
| ComponentC1_AssociationClaimRelease           | 1        |      24.375 us |      45.212 us |      2.4782 us |      25.337 us |    2120 B |
| ComponentC2_SessionConstructStartAsync        | 1        |      50.169 us |     429.586 us |     23.5471 us |      39.863 us |    5480 B |
| ComponentC2a1_ContextRecordStaticLambda       | 1        |      25.691 us |      30.372 us |      1.6648 us |      24.806 us |    3808 B |
| ComponentC2a2_ContextRecordMethodGroup        | 1        |      24.567 us |      13.576 us |      0.7442 us |      24.691 us |    3896 B |
| ComponentC2b_SessionConstructOnly             | 1        |      56.056 us |     879.248 us |     48.1946 us |      28.462 us |    4528 B |
| ComponentC2c1_ScopeConstructLinked            | 1        |       6.811 us |      19.176 us |      1.0511 us |       7.228 us |     416 B |
| ComponentC2c2_ScopeConstructUnlinked          | 1        |       5.406 us |      16.802 us |      0.9210 us |       5.650 us |     208 B |
| ComponentC2e_LockConstruction                 | 1        |       7.801 us |     138.123 us |      7.5710 us |       3.626 us |      40 B |
| ComponentC2e_TaskCompletionSourceConstruction | 1        |       3.857 us |      16.036 us |      0.8790 us |       4.218 us |      88 B |
| ComponentC2e_LinkedTokenSourceConstruction    | 1        |       7.009 us |      17.089 us |      0.9367 us |       7.303 us |     352 B |
| ComponentE1_CanceledDelayAwaitAsync           | 1        |      38.775 us |      54.542 us |      2.9896 us |      40.395 us |     864 B |
| ComponentE2_SetupExecutorDisposeAsync         | 1        |  95,829.521 us |  11,451.629 us |    627.7024 us |  95,835.298 us |   89016 B |
| ComponentA1_AssociationTablePreSeed           | 1        |      10.081 us |     156.128 us |      8.5579 us |       5.225 us |    1408 B |
| ComponentA2_SessionDictionaryPreSeed          | 1        |       8.108 us |     139.875 us |      7.6670 us |       3.717 us |     576 B |
| ComponentA3_CooldownTableConstruction         | 1        |       7.746 us |     147.387 us |      8.0788 us |       3.411 us |     160 B |
| ComponentA4_SlotAndQueueObjects               | 1        |       8.515 us |     144.370 us |      7.9134 us |       4.037 us |     144 B |
| ComponentA5_CompletionCell                    | 1        |       9.316 us |     166.552 us |      9.1293 us |       4.543 us |      88 B |
| ComponentA6_ColdRent                          | 1        |      20.698 us |     311.954 us |     17.0992 us |      12.283 us |    2248 B |
| ComponentA7_EnqueueCycle                      | 1        |      15.537 us |     109.193 us |      5.9853 us |      12.207 us |    1912 B |
| ComponentA8_WarmRentAdmissionAsync            | 1        |      48.785 us |     415.793 us |     22.7910 us |      37.425 us |    8160 B |
| ComponentA9a_DictionaryGrowthSpansResize      | 1        |   3,585.092 us |  42,247.433 us |  2,315.7244 us |   2,680.862 us |  950584 B |
| ComponentA9b_DictionaryGrowthNoResize         | 1        |   3,184.327 us |  45,142.855 us |  2,474.4322 us |   1,769.863 us |  787288 B |
| StageS0_CoordinatorOnly                       | 100      |      53.950 us |   1,139.361 us |     62.4522 us |      18.073 us |   54600 B |
| StageS1_AdmissionOnlyAsync                    | 100      |     230.405 us |     159.769 us |      8.7575 us |     231.016 us |  135072 B |
| StageS2_SetupStartedAsync                     | 100      |  78,399.540 us |   6,649.705 us |    364.4928 us |  78,487.275 us |  221248 B |
| StageS3_PipelineNoPayloadAsync                | 100      |  42,030.678 us |  23,643.811 us |  1,295.9971 us |  41,441.891 us |  438112 B |
| StageS4_ReadinessTeardownOutsideAsync         | 100      |  39,650.620 us |  14,249.549 us |    781.0659 us |  39,346.291 us |  419744 B |
| StageS5_ReadinessTeardownInsideAsync          | 100      |  56,585.302 us |  40,371.436 us |  2,212.8946 us |  57,707.161 us |  679408 B |
| StageT1_SessionTeardownInsideAsync            | 100      |   7,978.817 us |  13,427.115 us |    735.9855 us |   7,581.928 us |  448280 B |
| StageT3_ExpiryRetireInsideAsync               | 100      |  46,809.697 us |  52,318.236 us |  2,867.7390 us |  47,820.392 us |  677896 B |
| StageT5_NonThrowingParkTeardownAsync          | 100      |   2,115.463 us |  15,984.970 us |    876.1901 us |   2,120.329 us |  318680 B |
| BaselineF_FakeTransportCreationAsync          | 100      |      30.084 us |     369.791 us |     20.2695 us |      19.521 us |   10432 B |
| BaselineH_FlowKeyConstruction                 | 100      |      93.438 us |     508.848 us |     27.8917 us |      80.227 us |   35200 B |
| ComponentC1_AssociationClaimRelease           | 100      |     374.508 us |   1,172.944 us |     64.2930 us |     355.496 us |   82800 B |
| ComponentC2_SessionConstructStartAsync        | 100      |     388.726 us |     920.271 us |     50.4432 us |     364.491 us |  235848 B |
| ComponentC2a1_ContextRecordStaticLambda       | 100      |      40.890 us |      63.539 us |      3.4828 us |      39.718 us |    3808 B |
| ComponentC2a2_ContextRecordMethodGroup        | 100      |      40.230 us |     368.867 us |     20.2188 us |      28.582 us |   10232 B |
| ComponentC2b_SessionConstructOnly             | 100      |     334.769 us |     686.179 us |     37.6118 us |     332.077 us |  154112 B |
| ComponentC2c1_ScopeConstructLinked            | 100      |      27.022 us |     404.478 us |     22.1708 us |      14.232 us |   21800 B |
| ComponentC2c2_ScopeConstructUnlinked          | 100      |      18.464 us |     313.992 us |     17.2110 us |       9.237 us |   12088 B |
| ComponentC2e_LockConstruction                 | 100      |       8.723 us |     154.067 us |      8.4449 us |       3.868 us |    4000 B |
| ComponentC2e_TaskCompletionSourceConstruction | 100      |      15.920 us |     294.042 us |     16.1174 us |       7.043 us |    8800 B |
| ComponentC2e_LinkedTokenSourceConstruction    | 100      |      26.831 us |     447.988 us |     24.5557 us |      13.259 us |   15400 B |
| ComponentE1_CanceledDelayAwaitAsync           | 100      |     474.595 us |   1,832.290 us |    100.4340 us |     421.568 us |   86400 B |
| ComponentE2_SetupExecutorDisposeAsync         | 100      |  95,256.648 us |  21,213.002 us |  1,162.7562 us |  95,408.845 us |   88888 B |
| ComponentA1_AssociationTablePreSeed           | 100      |      27.573 us |     698.111 us |     38.2658 us |       5.766 us |   32192 B |
| ComponentA2_SessionDictionaryPreSeed          | 100      |      22.331 us |     580.117 us |     31.7982 us |       4.027 us |   15968 B |
| ComponentA3_CooldownTableConstruction         | 100      |       8.170 us |     158.601 us |      8.6935 us |       3.531 us |     160 B |
| ComponentA4_SlotAndQueueObjects               | 100      |      22.488 us |     499.294 us |     27.3680 us |       6.773 us |   14400 B |
| ComponentA5_CompletionCell                    | 100      |      19.363 us |     366.027 us |     20.0632 us |       7.965 us |    8800 B |
| ComponentA6_ColdRent                          | 100      |      30.628 us |     548.232 us |     30.0504 us |      14.782 us |   29176 B |
| ComponentA7_EnqueueCycle                      | 100      |      50.812 us |     463.722 us |     25.4182 us |      36.172 us |    1912 B |
| ComponentA8_WarmRentAdmissionAsync            | 100      |     278.770 us |     901.692 us |     49.4248 us |     290.225 us |  108984 B |
| ComponentA9a_DictionaryGrowthSpansResize      | 100      |   3,367.111 us |  44,244.137 us |  2,425.1705 us |   2,025.996 us |  950584 B |
| ComponentA9b_DictionaryGrowthNoResize         | 100      |   3,219.071 us |  47,247.092 us |  2,589.7725 us |   1,813.303 us |  787288 B |
| StageS0_CoordinatorOnly                       | 1000     |      65.701 us |     224.028 us |     12.2797 us |      59.699 us |  496824 B |
| StageS1_AdmissionOnlyAsync                    | 1000     |   2,860.295 us |   8,353.459 us |    457.8813 us |   3,055.110 us | 1323696 B |
| StageS2_SetupStartedAsync                     | 1000     |  80,305.667 us |  17,490.783 us |    958.7288 us |  79,777.274 us | 1352808 B |
| StageS3_PipelineNoPayloadAsync                | 1000     |  68,015.657 us | 164,970.631 us |  9,042.5970 us |  69,328.834 us | 4035200 B |
| StageS4_ReadinessTeardownOutsideAsync         | 1000     |  62,474.774 us |  38,633.843 us |  2,117.6513 us |  63,396.651 us | 3757912 B |
| StageS5_ReadinessTeardownInsideAsync          | 1000     |  83,954.508 us |  94,531.495 us |  5,181.5902 us |  81,713.308 us | 5715584 B |
| StageT1_SessionTeardownInsideAsync            | 1000     |  65,853.305 us | 253,617.697 us | 13,901.6418 us |  60,948.579 us | 4408792 B |
| StageT3_ExpiryRetireInsideAsync               | 1000     | 129,422.912 us | 455,362.781 us | 24,959.9707 us | 120,337.228 us | 6211952 B |
| StageT5_NonThrowingParkTeardownAsync          | 1000     |   8,799.023 us |  37,527.784 us |  2,057.0245 us |   7,936.033 us | 3112912 B |
| BaselineF_FakeTransportCreationAsync          | 1000     |     181.473 us |     953.326 us |     52.2550 us |     190.847 us |  104032 B |
| BaselineH_FlowKeyConstruction                 | 1000     |     656.029 us |     986.585 us |     54.0781 us |     626.965 us |  356800 B |
| ComponentC1_AssociationClaimRelease           | 1000     |   3,253.698 us |   4,150.203 us |    227.4866 us |   3,143.474 us |  836016 B |
| ComponentC2_SessionConstructStartAsync        | 1000     |   4,214.934 us |  20,799.254 us |  1,140.0773 us |   3,773.633 us | 2349864 B |
| ComponentC2a1_ContextRecordStaticLambda       | 1000     |     117.317 us |     426.099 us |     23.3559 us |     127.115 us |    3808 B |
| ComponentC2a2_ContextRecordMethodGroup        | 1000     |     108.585 us |     177.820 us |      9.7469 us |     108.105 us |   67832 B |
| ComponentC2b_SessionConstructOnly             | 1000     |   2,692.132 us |  11,933.690 us |    654.1258 us |   2,450.954 us | 1533728 B |
| ComponentC2c1_ScopeConstructLinked            | 1000     |      69.523 us |      35.361 us |      1.9383 us |      69.072 us |  216200 B |
| ComponentC2c2_ScopeConstructUnlinked          | 1000     |      44.981 us |     290.587 us |     15.9280 us |      35.961 us |  120088 B |
| ComponentC2e_LockConstruction                 | 1000     |      60.170 us |   1,269.760 us |     69.5998 us |      20.433 us |   40000 B |
| ComponentC2e_TaskCompletionSourceConstruction | 1000     |      66.574 us |     999.781 us |     54.8014 us |      35.871 us |   88000 B |
| ComponentC2e_LinkedTokenSourceConstruction    | 1000     |     121.429 us |   1,173.897 us |     64.3453 us |      91.684 us |  152200 B |
| ComponentE1_CanceledDelayAwaitAsync           | 1000     |   4,499.669 us |  10,574.099 us |    579.6020 us |   4,271.422 us |  864000 B |
| ComponentE2_SetupExecutorDisposeAsync         | 1000     |  94,934.233 us |  14,989.181 us |    821.6076 us |  94,670.786 us |   90424 B |
| ComponentA1_AssociationTablePreSeed           | 1000     |      24.580 us |     366.725 us |     20.1014 us |      13.800 us |  327008 B |
| ComponentA2_SessionDictionaryPreSeed          | 1000     |      37.619 us |     662.520 us |     36.3149 us |      21.900 us |  163376 B |
| ComponentA3_CooldownTableConstruction         | 1000     |       8.001 us |     166.887 us |      9.1476 us |       2.765 us |     160 B |
| ComponentA4_SlotAndQueueObjects               | 1000     |     103.683 us |   1,913.442 us |    104.8822 us |      47.002 us |  144000 B |
| ComponentA5_CompletionCell                    | 1000     |      78.396 us |   1,210.279 us |     66.3395 us |      41.030 us |   88000 B |
| ComponentA6_ColdRent                          | 1000     |     135.092 us |   2,292.277 us |    125.6474 us |      63.116 us |  273976 B |
| ComponentA7_EnqueueCycle                      | 1000     |     281.434 us |     595.002 us |     32.6141 us |     262.689 us |    1912 B |
| ComponentA8_WarmRentAdmissionAsync            | 1000     |   2,935.389 us |  11,275.087 us |    618.0256 us |   2,837.586 us | 1052808 B |
| ComponentA9a_DictionaryGrowthSpansResize      | 1000     |   3,200.123 us |  42,519.498 us |  2,330.6372 us |   1,963.063 us |  950584 B |
| ComponentA9b_DictionaryGrowthNoResize         | 1000     |   3,245.080 us |  47,149.495 us |  2,584.4230 us |   1,779.515 us |  787288 B |

// * Warnings *
MinIterationTime
  SessionSetupDecompositionBenchmarks.StageS0_CoordinatorOnly: ShortRun                       -> The minimum observed iteration time is 13.776us which is very small. It's recommended to increase it to at least 100ms using more operations.
  SessionSetupDecompositionBenchmarks.StageS1_AdmissionOnlyAsync: ShortRun                    -> The minimum observed iteration time is 35.997us which is very small. It's recommended to increase it to at least 100ms using more operations.
  SessionSetupDecompositionBenchmarks.StageS2_SetupStartedAsync: ShortRun                     -> The minimum observed iteration time is 71.06ms which is very small. It's recommended to increase it to at least 100ms using more operations.
  SessionSetupDecompositionBenchmarks.StageS3_PipelineNoPayloadAsync: ShortRun                -> The minimum observed iteration time is 30.906ms which is very small. It's recommended to increase it to at least 100ms using more operations.
  SessionSetupDecompositionBenchmarks.StageS4_ReadinessTeardownOutsideAsync: ShortRun         -> The minimum observed iteration time is 30.889ms which is very small. It's recommended to increase it to at least 100ms using more operations.
  SessionSetupDecompositionBenchmarks.StageS5_ReadinessTeardownInsideAsync: ShortRun          -> The minimum observed iteration time is 43.127ms which is very small. It's recommended to increase it to at least 100ms using more operations.
  SessionSetupDecompositionBenchmarks.StageT1_SessionTeardownInsideAsync: ShortRun            -> The minimum observed iteration time is 275.707us which is very small. It's recommended to increase it to at least 100ms using more operations.
  SessionSetupDecompositionBenchmarks.StageT3_ExpiryRetireInsideAsync: ShortRun               -> The minimum observed iteration time is 30.07ms which is very small. It's recommended to increase it to at least 100ms using more operations.
  SessionSetupDecompositionBenchmarks.StageT5_NonThrowingParkTeardownAsync: ShortRun          -> The minimum observed iteration time is 252.175us which is very small. It's recommended to increase it to at least 100ms using more operations.
  SessionSetupDecompositionBenchmarks.BaselineF_FakeTransportCreationAsync: ShortRun          -> The minimum observed iteration time is 7.133us which is very small. It's recommended to increase it to at least 100ms using more operations.
  SessionSetupDecompositionBenchmarks.BaselineH_FlowKeyConstruction: ShortRun                 -> The minimum observed iteration time is 13.976us which is very small. It's recommended to increase it to at least 100ms using more operations.
  SessionSetupDecompositionBenchmarks.ComponentC1_AssociationClaimRelease: ShortRun           -> The minimum observed iteration time is 22.031us which is very small. It's recommended to increase it to at least 100ms using more operations.
  SessionSetupDecompositionBenchmarks.ComponentC2_SessionConstructStartAsync: ShortRun        -> The minimum observed iteration time is 33.923us which is very small. It's recommended to increase it to at least 100ms using more operations.
  SessionSetupDecompositionBenchmarks.ComponentC2a1_ContextRecordStaticLambda: ShortRun       -> The minimum observed iteration time is 25.156us which is very small. It's recommended to increase it to at least 100ms using more operations.
  SessionSetupDecompositionBenchmarks.ComponentC2a2_ContextRecordMethodGroup: ShortRun        -> The minimum observed iteration time is 24.155us which is very small. It's recommended to increase it to at least 100ms using more operations.
  SessionSetupDecompositionBenchmarks.ComponentC2b_SessionConstructOnly: ShortRun             -> The minimum observed iteration time is 28.502us which is very small. It's recommended to increase it to at least 100ms using more operations.
  SessionSetupDecompositionBenchmarks.ComponentC2c1_ScopeConstructLinked: ShortRun            -> The minimum observed iteration time is 6.071us which is very small. It's recommended to increase it to at least 100ms using more operations.
  SessionSetupDecompositionBenchmarks.ComponentC2c2_ScopeConstructUnlinked: ShortRun          -> The minimum observed iteration time is 4.719us which is very small. It's recommended to increase it to at least 100ms using more operations.
  SessionSetupDecompositionBenchmarks.ComponentC2e_LockConstruction: ShortRun                 -> The minimum observed iteration time is 3.727us which is very small. It's recommended to increase it to at least 100ms using more operations.
  SessionSetupDecompositionBenchmarks.ComponentC2e_TaskCompletionSourceConstruction: ShortRun -> The minimum observed iteration time is 3.366us which is very small. It's recommended to increase it to at least 100ms using more operations.
  SessionSetupDecompositionBenchmarks.ComponentC2e_LinkedTokenSourceConstruction: ShortRun    -> The minimum observed iteration time is 6.442us which is very small. It's recommended to increase it to at least 100ms using more operations.
  SessionSetupDecompositionBenchmarks.ComponentE1_CanceledDelayAwaitAsync: ShortRun           -> The minimum observed iteration time is 35.766us which is very small. It's recommended to increase it to at least 100ms using more operations.
  SessionSetupDecompositionBenchmarks.ComponentE2_SetupExecutorDisposeAsync: ShortRun         -> The minimum observed iteration time is 95.199ms which is very small. It's recommended to increase it to at least 100ms using more operations.
  SessionSetupDecompositionBenchmarks.ComponentA1_AssociationTablePreSeed: ShortRun           -> The minimum observed iteration time is 5.551us which is very small. It's recommended to increase it to at least 100ms using more operations.
  SessionSetupDecompositionBenchmarks.ComponentA2_SessionDictionaryPreSeed: ShortRun          -> The minimum observed iteration time is 4.077us which is very small. It's recommended to increase it to at least 100ms using more operations.
  SessionSetupDecompositionBenchmarks.ComponentA3_CooldownTableConstruction: ShortRun         -> The minimum observed iteration time is 3.196us which is very small. It's recommended to increase it to at least 100ms using more operations.
  SessionSetupDecompositionBenchmarks.ComponentA4_SlotAndQueueObjects: ShortRun               -> The minimum observed iteration time is 4.307us which is very small. It's recommended to increase it to at least 100ms using more operations.
  SessionSetupDecompositionBenchmarks.ComponentA5_CompletionCell: ShortRun                    -> The minimum observed iteration time is 3.988us which is very small. It's recommended to increase it to at least 100ms using more operations.
  SessionSetupDecompositionBenchmarks.ComponentA6_ColdRent: ShortRun                          -> The minimum observed iteration time is 9.928us which is very small. It's recommended to increase it to at least 100ms using more operations.
  SessionSetupDecompositionBenchmarks.ComponentA7_EnqueueCycle: ShortRun                      -> The minimum observed iteration time is 12.232us which is very small. It's recommended to increase it to at least 100ms using more operations.
  SessionSetupDecompositionBenchmarks.ComponentA8_WarmRentAdmissionAsync: ShortRun            -> The minimum observed iteration time is 34.393us which is very small. It's recommended to increase it to at least 100ms using more operations.
  SessionSetupDecompositionBenchmarks.ComponentA9a_DictionaryGrowthSpansResize: ShortRun      -> The minimum observed iteration time is 1.858ms which is very small. It's recommended to increase it to at least 100ms using more operations.
  SessionSetupDecompositionBenchmarks.ComponentA9b_DictionaryGrowthNoResize: ShortRun         -> The minimum observed iteration time is 1.742ms which is very small. It's recommended to increase it to at least 100ms using more operations.
  SessionSetupDecompositionBenchmarks.StageS0_CoordinatorOnly: ShortRun                       -> The minimum observed iteration time is 18.204us which is very small. It's recommended to increase it to at least 100ms using more operations.
  SessionSetupDecompositionBenchmarks.StageS1_AdmissionOnlyAsync: ShortRun                    -> The minimum observed iteration time is 221.849us which is very small. It's recommended to increase it to at least 100ms using more operations.
  SessionSetupDecompositionBenchmarks.StageS2_SetupStartedAsync: ShortRun                     -> The minimum observed iteration time is 78ms which is very small. It's recommended to increase it to at least 100ms using more operations.
  SessionSetupDecompositionBenchmarks.StageS3_PipelineNoPayloadAsync: ShortRun                -> The minimum observed iteration time is 41.134ms which is very small. It's recommended to increase it to at least 100ms using more operations.
  SessionSetupDecompositionBenchmarks.StageS4_ReadinessTeardownOutsideAsync: ShortRun         -> The minimum observed iteration time is 39.068ms which is very small. It's recommended to increase it to at least 100ms using more operations.
  SessionSetupDecompositionBenchmarks.StageS5_ReadinessTeardownInsideAsync: ShortRun          -> The minimum observed iteration time is 54.037ms which is very small. It's recommended to increase it to at least 100ms using more operations.
  SessionSetupDecompositionBenchmarks.StageT1_SessionTeardownInsideAsync: ShortRun            -> The minimum observed iteration time is 7.527ms which is very small. It's recommended to increase it to at least 100ms using more operations.
  SessionSetupDecompositionBenchmarks.StageT3_ExpiryRetireInsideAsync: ShortRun               -> The minimum observed iteration time is 43.574ms which is very small. It's recommended to increase it to at least 100ms using more operations.
  SessionSetupDecompositionBenchmarks.StageT5_NonThrowingParkTeardownAsync: ShortRun          -> The minimum observed iteration time is 1.237ms which is very small. It's recommended to increase it to at least 100ms using more operations.
  SessionSetupDecompositionBenchmarks.BaselineF_FakeTransportCreationAsync: ShortRun          -> The minimum observed iteration time is 17.703us which is very small. It's recommended to increase it to at least 100ms using more operations.
  SessionSetupDecompositionBenchmarks.BaselineH_FlowKeyConstruction: ShortRun                 -> The minimum observed iteration time is 75.018us which is very small. It's recommended to increase it to at least 100ms using more operations.
  SessionSetupDecompositionBenchmarks.ComponentC1_AssociationClaimRelease: ShortRun           -> The minimum observed iteration time is 322.285us which is very small. It's recommended to increase it to at least 100ms using more operations.
  SessionSetupDecompositionBenchmarks.ComponentC2_SessionConstructStartAsync: ShortRun        -> The minimum observed iteration time is 355.405us which is very small. It's recommended to increase it to at least 100ms using more operations.
  SessionSetupDecompositionBenchmarks.ComponentC2a1_ContextRecordStaticLambda: ShortRun       -> The minimum observed iteration time is 38.701us which is very small. It's recommended to increase it to at least 100ms using more operations.
  SessionSetupDecompositionBenchmarks.ComponentC2a2_ContextRecordMethodGroup: ShortRun        -> The minimum observed iteration time is 28.973us which is very small. It's recommended to increase it to at least 100ms using more operations.
  SessionSetupDecompositionBenchmarks.ComponentC2b_SessionConstructOnly: ShortRun             -> The minimum observed iteration time is 299.001us which is very small. It's recommended to increase it to at least 100ms using more operations.
  SessionSetupDecompositionBenchmarks.ComponentC2c1_ScopeConstructLinked: ShortRun            -> The minimum observed iteration time is 14.697us which is very small. It's recommended to increase it to at least 100ms using more operations.
  SessionSetupDecompositionBenchmarks.ComponentC2c2_ScopeConstructUnlinked: ShortRun          -> The minimum observed iteration time is 8.245us which is very small. It's recommended to increase it to at least 100ms using more operations.
  SessionSetupDecompositionBenchmarks.ComponentC2e_LockConstruction: ShortRun                 -> The minimum observed iteration time is 4.318us which is very small. It's recommended to increase it to at least 100ms using more operations.
  SessionSetupDecompositionBenchmarks.ComponentC2e_TaskCompletionSourceConstruction: ShortRun -> The minimum observed iteration time is 6.653us which is very small. It's recommended to increase it to at least 100ms using more operations.
  SessionSetupDecompositionBenchmarks.ComponentC2e_LinkedTokenSourceConstruction: ShortRun    -> The minimum observed iteration time is 12.523us which is very small. It's recommended to increase it to at least 100ms using more operations.
  SessionSetupDecompositionBenchmarks.ComponentE1_CanceledDelayAwaitAsync: ShortRun           -> The minimum observed iteration time is 412.119us which is very small. It's recommended to increase it to at least 100ms using more operations.
  SessionSetupDecompositionBenchmarks.ComponentE2_SetupExecutorDisposeAsync: ShortRun         -> The minimum observed iteration time is 94.026ms which is very small. It's recommended to increase it to at least 100ms using more operations.
  SessionSetupDecompositionBenchmarks.ComponentA1_AssociationTablePreSeed: ShortRun           -> The minimum observed iteration time is 5.601us which is very small. It's recommended to increase it to at least 100ms using more operations.
  SessionSetupDecompositionBenchmarks.ComponentA2_SessionDictionaryPreSeed: ShortRun          -> The minimum observed iteration time is 4.348us which is very small. It's recommended to increase it to at least 100ms using more operations.
  SessionSetupDecompositionBenchmarks.ComponentA3_CooldownTableConstruction: ShortRun         -> The minimum observed iteration time is 3.246us which is very small. It's recommended to increase it to at least 100ms using more operations.
  SessionSetupDecompositionBenchmarks.ComponentA4_SlotAndQueueObjects: ShortRun               -> The minimum observed iteration time is 6.973us which is very small. It's recommended to increase it to at least 100ms using more operations.
  SessionSetupDecompositionBenchmarks.ComponentA5_CompletionCell: ShortRun                    -> The minimum observed iteration time is 8.045us which is very small. It's recommended to increase it to at least 100ms using more operations.
  SessionSetupDecompositionBenchmarks.ComponentA6_ColdRent: ShortRun                          -> The minimum observed iteration time is 12.283us which is very small. It's recommended to increase it to at least 100ms using more operations.
  SessionSetupDecompositionBenchmarks.ComponentA7_EnqueueCycle: ShortRun                      -> The minimum observed iteration time is 36.568us which is very small. It's recommended to increase it to at least 100ms using more operations.
  SessionSetupDecompositionBenchmarks.ComponentA8_WarmRentAdmissionAsync: ShortRun            -> The minimum observed iteration time is 225.095us which is very small. It's recommended to increase it to at least 100ms using more operations.
  SessionSetupDecompositionBenchmarks.ComponentA9a_DictionaryGrowthSpansResize: ShortRun      -> The minimum observed iteration time is 1.909ms which is very small. It's recommended to increase it to at least 100ms using more operations.
  SessionSetupDecompositionBenchmarks.ComponentA9b_DictionaryGrowthNoResize: ShortRun         -> The minimum observed iteration time is 1.637ms which is very small. It's recommended to increase it to at least 100ms using more operations.
  SessionSetupDecompositionBenchmarks.StageS0_CoordinatorOnly: ShortRun                       -> The minimum observed iteration time is 57.987us which is very small. It's recommended to increase it to at least 100ms using more operations.
  SessionSetupDecompositionBenchmarks.StageS1_AdmissionOnlyAsync: ShortRun                    -> The minimum observed iteration time is 2.338ms which is very small. It's recommended to increase it to at least 100ms using more operations.
  SessionSetupDecompositionBenchmarks.StageS2_SetupStartedAsync: ShortRun                     -> The minimum observed iteration time is 79.728ms which is very small. It's recommended to increase it to at least 100ms using more operations.
  SessionSetupDecompositionBenchmarks.StageS3_PipelineNoPayloadAsync: ShortRun                -> The minimum observed iteration time is 58.389ms which is very small. It's recommended to increase it to at least 100ms using more operations.
  SessionSetupDecompositionBenchmarks.StageS4_ReadinessTeardownOutsideAsync: ShortRun         -> The minimum observed iteration time is 60.053ms which is very small. It's recommended to increase it to at least 100ms using more operations.
  SessionSetupDecompositionBenchmarks.StageS5_ReadinessTeardownInsideAsync: ShortRun          -> The minimum observed iteration time is 80.271ms which is very small. It's recommended to increase it to at least 100ms using more operations.
  SessionSetupDecompositionBenchmarks.StageT1_SessionTeardownInsideAsync: ShortRun            -> The minimum observed iteration time is 55.069ms which is very small. It's recommended to increase it to at least 100ms using more operations.
  SessionSetupDecompositionBenchmarks.StageT5_NonThrowingParkTeardownAsync: ShortRun          -> The minimum observed iteration time is 7.314ms which is very small. It's recommended to increase it to at least 100ms using more operations.
  SessionSetupDecompositionBenchmarks.BaselineF_FakeTransportCreationAsync: ShortRun          -> The minimum observed iteration time is 125.641us which is very small. It's recommended to increase it to at least 100ms using more operations.
  SessionSetupDecompositionBenchmarks.BaselineH_FlowKeyConstruction: ShortRun                 -> The minimum observed iteration time is 623.148us which is very small. It's recommended to increase it to at least 100ms using more operations.
  SessionSetupDecompositionBenchmarks.ComponentC1_AssociationClaimRelease: ShortRun           -> The minimum observed iteration time is 3.103ms which is very small. It's recommended to increase it to at least 100ms using more operations.
  SessionSetupDecompositionBenchmarks.ComponentC2_SessionConstructStartAsync: ShortRun        -> The minimum observed iteration time is 3.362ms which is very small. It's recommended to increase it to at least 100ms using more operations.
  SessionSetupDecompositionBenchmarks.ComponentC2a1_ContextRecordStaticLambda: ShortRun       -> The minimum observed iteration time is 91.078us which is very small. It's recommended to increase it to at least 100ms using more operations.
  SessionSetupDecompositionBenchmarks.ComponentC2a2_ContextRecordMethodGroup: ShortRun        -> The minimum observed iteration time is 99.503us which is very small. It's recommended to increase it to at least 100ms using more operations.
  SessionSetupDecompositionBenchmarks.ComponentC2b_SessionConstructOnly: ShortRun             -> The minimum observed iteration time is 2.193ms which is very small. It's recommended to increase it to at least 100ms using more operations.
  SessionSetupDecompositionBenchmarks.ComponentC2c1_ScopeConstructLinked: ShortRun            -> The minimum observed iteration time is 68.266us which is very small. It's recommended to increase it to at least 100ms using more operations.
  SessionSetupDecompositionBenchmarks.ComponentC2c2_ScopeConstructUnlinked: ShortRun          -> The minimum observed iteration time is 35.956us which is very small. It's recommended to increase it to at least 100ms using more operations.
  SessionSetupDecompositionBenchmarks.ComponentC2e_LockConstruction: ShortRun                 -> The minimum observed iteration time is 19.936us which is very small. It's recommended to increase it to at least 100ms using more operations.
  SessionSetupDecompositionBenchmarks.ComponentC2e_TaskCompletionSourceConstruction: ShortRun -> The minimum observed iteration time is 34.363us which is very small. It's recommended to increase it to at least 100ms using more operations.
  SessionSetupDecompositionBenchmarks.ComponentC2e_LinkedTokenSourceConstruction: ShortRun    -> The minimum observed iteration time is 77.753us which is very small. It's recommended to increase it to at least 100ms using more operations.
  SessionSetupDecompositionBenchmarks.ComponentE1_CanceledDelayAwaitAsync: ShortRun           -> The minimum observed iteration time is 4.069ms which is very small. It's recommended to increase it to at least 100ms using more operations.
  SessionSetupDecompositionBenchmarks.ComponentE2_SetupExecutorDisposeAsync: ShortRun         -> The minimum observed iteration time is 94.277ms which is very small. It's recommended to increase it to at least 100ms using more operations.
  SessionSetupDecompositionBenchmarks.ComponentA1_AssociationTablePreSeed: ShortRun           -> The minimum observed iteration time is 12.564us which is very small. It's recommended to increase it to at least 100ms using more operations.
  SessionSetupDecompositionBenchmarks.ComponentA2_SessionDictionaryPreSeed: ShortRun          -> The minimum observed iteration time is 12.242us which is very small. It's recommended to increase it to at least 100ms using more operations.
  SessionSetupDecompositionBenchmarks.ComponentA3_CooldownTableConstruction: ShortRun         -> The minimum observed iteration time is 3.126us which is very small. It's recommended to increase it to at least 100ms using more operations.
  SessionSetupDecompositionBenchmarks.ComponentA4_SlotAndQueueObjects: ShortRun               -> The minimum observed iteration time is 39.803us which is very small. It's recommended to increase it to at least 100ms using more operations.
  SessionSetupDecompositionBenchmarks.ComponentA5_CompletionCell: ShortRun                    -> The minimum observed iteration time is 39.654us which is very small. It's recommended to increase it to at least 100ms using more operations.
  SessionSetupDecompositionBenchmarks.ComponentA6_ColdRent: ShortRun                          -> The minimum observed iteration time is 62.476us which is very small. It's recommended to increase it to at least 100ms using more operations.
  SessionSetupDecompositionBenchmarks.ComponentA7_EnqueueCycle: ShortRun                      -> The minimum observed iteration time is 262.975us which is very small. It's recommended to increase it to at least 100ms using more operations.
  SessionSetupDecompositionBenchmarks.ComponentA8_WarmRentAdmissionAsync: ShortRun            -> The minimum observed iteration time is 2.373ms which is very small. It's recommended to increase it to at least 100ms using more operations.
  SessionSetupDecompositionBenchmarks.ComponentA9a_DictionaryGrowthSpansResize: ShortRun      -> The minimum observed iteration time is 1.749ms which is very small. It's recommended to increase it to at least 100ms using more operations.
  SessionSetupDecompositionBenchmarks.ComponentA9b_DictionaryGrowthNoResize: ShortRun         -> The minimum observed iteration time is 1.727ms which is very small. It's recommended to increase it to at least 100ms using more operations.

// * Legends *
  Sessions  : Value of the 'Sessions' parameter
  Mean      : Arithmetic mean of all measurements
  Error     : Half of 99.9% confidence interval
  StdDev    : Standard deviation of all measurements
  Median    : Value separating the higher half of all measurements (50th percentile)
  Allocated : Allocated memory per single operation (managed only, inclusive, 1KB = 1024B)
  1 us      : 1 Microsecond (0.000001 sec)

// * Diagnostic Output - MemoryDiagnoser *


// ***** BenchmarkRunner: End *****
Run time: 00:00:45 (45.24 sec), executed benchmarks: 99

Global total time: 00:01:23 (83.15 sec), executed benchmarks: 99
// * Artifacts cleanup *
Artifacts cleanup is finished
