// Validating benchmarks:
// ***** BenchmarkRunner: Start   *****
// ***** Found 63 benchmark(s) in total *****
// ***** Building 1 exe(s) in Parallel: Start   *****
// start dotnet  restore --nodeReuse:false /p:UseSharedCompilation=false /p:Deterministic=true /p:Optimize=true /p:ArtifactsPath="/home/paff/Projects/WinForward/benchmarks/WinForward.Benchmarks/bin/Release/net10.0/WinForward.Benchmarks-ShortRun-1/" /p:OutDir="/home/paff/Projects/WinForward/benchmarks/WinForward.Benchmarks/bin/Release/net10.0/WinForward.Benchmarks-ShortRun-1/bin/Release/net10.0/" /p:OutputPath="/home/paff/Projects/WinForward/benchmarks/WinForward.Benchmarks/bin/Release/net10.0/WinForward.Benchmarks-ShortRun-1/bin/Release/net10.0/" /p:PublishDir="/home/paff/Projects/WinForward/benchmarks/WinForward.Benchmarks/bin/Release/net10.0/WinForward.Benchmarks-ShortRun-1/publish/" in /home/paff/Projects/WinForward/benchmarks/WinForward.Benchmarks/bin/Release/net10.0/WinForward.Benchmarks-ShortRun-1
// command took 3.01 sec and exited with 0
// start dotnet  build -c Release --no-restore --nodeReuse:false /p:UseSharedCompilation=false /p:Deterministic=true /p:Optimize=true /p:ArtifactsPath="/home/paff/Projects/WinForward/benchmarks/WinForward.Benchmarks/bin/Release/net10.0/WinForward.Benchmarks-ShortRun-1/" /p:OutDir="/home/paff/Projects/WinForward/benchmarks/WinForward.Benchmarks/bin/Release/net10.0/WinForward.Benchmarks-ShortRun-1/bin/Release/net10.0/" /p:OutputPath="/home/paff/Projects/WinForward/benchmarks/WinForward.Benchmarks/bin/Release/net10.0/WinForward.Benchmarks-ShortRun-1/bin/Release/net10.0/" /p:PublishDir="/home/paff/Projects/WinForward/benchmarks/WinForward.Benchmarks/bin/Release/net10.0/WinForward.Benchmarks-ShortRun-1/publish/" --output "/home/paff/Projects/WinForward/benchmarks/WinForward.Benchmarks/bin/Release/net10.0/WinForward.Benchmarks-ShortRun-1/bin/Release/net10.0/" in /home/paff/Projects/WinForward/benchmarks/WinForward.Benchmarks/bin/Release/net10.0/WinForward.Benchmarks-ShortRun-1
// command took 33.07 sec and exited with 0
// ***** Done, took 00:00:36 (36.26 sec)   *****
// Found 63 benchmarks:
//   SessionSetupDecompositionBenchmarks.StageS0_CoordinatorOnly: ShortRun(InvocationCount=1, IterationCount=3, LaunchCount=1, UnrollFactor=1, WarmupCount=3) [Sessions=1]
//   SessionSetupDecompositionBenchmarks.StageS1_AdmissionOnlyAsync: ShortRun(InvocationCount=1, IterationCount=3, LaunchCount=1, UnrollFactor=1, WarmupCount=3) [Sessions=1]
//   SessionSetupDecompositionBenchmarks.StageS2_SetupStartedAsync: ShortRun(InvocationCount=1, IterationCount=3, LaunchCount=1, UnrollFactor=1, WarmupCount=3) [Sessions=1]
//   SessionSetupDecompositionBenchmarks.StageS3_PipelineNoPayloadAsync: ShortRun(InvocationCount=1, IterationCount=3, LaunchCount=1, UnrollFactor=1, WarmupCount=3) [Sessions=1]
//   SessionSetupDecompositionBenchmarks.StageS4_ReadinessTeardownOutsideAsync: ShortRun(InvocationCount=1, IterationCount=3, LaunchCount=1, UnrollFactor=1, WarmupCount=3) [Sessions=1]
//   SessionSetupDecompositionBenchmarks.StageS5_ReadinessTeardownInsideAsync: ShortRun(InvocationCount=1, IterationCount=3, LaunchCount=1, UnrollFactor=1, WarmupCount=3) [Sessions=1]
//   SessionSetupDecompositionBenchmarks.StageT1_SessionTeardownInsideAsync: ShortRun(InvocationCount=1, IterationCount=3, LaunchCount=1, UnrollFactor=1, WarmupCount=3) [Sessions=1]
//   SessionSetupDecompositionBenchmarks.StageT3_ExpiryRetireInsideAsync: ShortRun(InvocationCount=1, IterationCount=3, LaunchCount=1, UnrollFactor=1, WarmupCount=3) [Sessions=1]
//   SessionSetupDecompositionBenchmarks.StageT5_NonThrowingParkTeardownAsync: ShortRun(InvocationCount=1, IterationCount=3, LaunchCount=1, UnrollFactor=1, WarmupCount=3) [Sessions=1]
//   SessionSetupDecompositionBenchmarks.BaselineF_FakeTransportCreationAsync: ShortRun(InvocationCount=1, IterationCount=3, LaunchCount=1, UnrollFactor=1, WarmupCount=3) [Sessions=1]
//   SessionSetupDecompositionBenchmarks.BaselineH_FlowKeyConstruction: ShortRun(InvocationCount=1, IterationCount=3, LaunchCount=1, UnrollFactor=1, WarmupCount=3) [Sessions=1]
//   SessionSetupDecompositionBenchmarks.ComponentC1_AssociationClaimRelease: ShortRun(InvocationCount=1, IterationCount=3, LaunchCount=1, UnrollFactor=1, WarmupCount=3) [Sessions=1]
//   SessionSetupDecompositionBenchmarks.ComponentC2_SessionConstructStartAsync: ShortRun(InvocationCount=1, IterationCount=3, LaunchCount=1, UnrollFactor=1, WarmupCount=3) [Sessions=1]
//   SessionSetupDecompositionBenchmarks.ComponentC2a1_ContextRecordStaticLambda: ShortRun(InvocationCount=1, IterationCount=3, LaunchCount=1, UnrollFactor=1, WarmupCount=3) [Sessions=1]
//   SessionSetupDecompositionBenchmarks.ComponentC2a2_ContextRecordMethodGroup: ShortRun(InvocationCount=1, IterationCount=3, LaunchCount=1, UnrollFactor=1, WarmupCount=3) [Sessions=1]
//   SessionSetupDecompositionBenchmarks.ComponentC2b_SessionConstructOnly: ShortRun(InvocationCount=1, IterationCount=3, LaunchCount=1, UnrollFactor=1, WarmupCount=3) [Sessions=1]
//   SessionSetupDecompositionBenchmarks.ComponentC2c1_ScopeConstructLinked: ShortRun(InvocationCount=1, IterationCount=3, LaunchCount=1, UnrollFactor=1, WarmupCount=3) [Sessions=1]
//   SessionSetupDecompositionBenchmarks.ComponentC2c2_ScopeConstructUnlinked: ShortRun(InvocationCount=1, IterationCount=3, LaunchCount=1, UnrollFactor=1, WarmupCount=3) [Sessions=1]
//   SessionSetupDecompositionBenchmarks.ComponentC2e_LockConstruction: ShortRun(InvocationCount=1, IterationCount=3, LaunchCount=1, UnrollFactor=1, WarmupCount=3) [Sessions=1]
//   SessionSetupDecompositionBenchmarks.ComponentC2e_TaskCompletionSourceConstruction: ShortRun(InvocationCount=1, IterationCount=3, LaunchCount=1, UnrollFactor=1, WarmupCount=3) [Sessions=1]
//   SessionSetupDecompositionBenchmarks.ComponentC2e_LinkedTokenSourceConstruction: ShortRun(InvocationCount=1, IterationCount=3, LaunchCount=1, UnrollFactor=1, WarmupCount=3) [Sessions=1]
//   SessionSetupDecompositionBenchmarks.StageS0_CoordinatorOnly: ShortRun(InvocationCount=1, IterationCount=3, LaunchCount=1, UnrollFactor=1, WarmupCount=3) [Sessions=100]
//   SessionSetupDecompositionBenchmarks.StageS1_AdmissionOnlyAsync: ShortRun(InvocationCount=1, IterationCount=3, LaunchCount=1, UnrollFactor=1, WarmupCount=3) [Sessions=100]
//   SessionSetupDecompositionBenchmarks.StageS2_SetupStartedAsync: ShortRun(InvocationCount=1, IterationCount=3, LaunchCount=1, UnrollFactor=1, WarmupCount=3) [Sessions=100]
//   SessionSetupDecompositionBenchmarks.StageS3_PipelineNoPayloadAsync: ShortRun(InvocationCount=1, IterationCount=3, LaunchCount=1, UnrollFactor=1, WarmupCount=3) [Sessions=100]
//   SessionSetupDecompositionBenchmarks.StageS4_ReadinessTeardownOutsideAsync: ShortRun(InvocationCount=1, IterationCount=3, LaunchCount=1, UnrollFactor=1, WarmupCount=3) [Sessions=100]
//   SessionSetupDecompositionBenchmarks.StageS5_ReadinessTeardownInsideAsync: ShortRun(InvocationCount=1, IterationCount=3, LaunchCount=1, UnrollFactor=1, WarmupCount=3) [Sessions=100]
//   SessionSetupDecompositionBenchmarks.StageT1_SessionTeardownInsideAsync: ShortRun(InvocationCount=1, IterationCount=3, LaunchCount=1, UnrollFactor=1, WarmupCount=3) [Sessions=100]
//   SessionSetupDecompositionBenchmarks.StageT3_ExpiryRetireInsideAsync: ShortRun(InvocationCount=1, IterationCount=3, LaunchCount=1, UnrollFactor=1, WarmupCount=3) [Sessions=100]
//   SessionSetupDecompositionBenchmarks.StageT5_NonThrowingParkTeardownAsync: ShortRun(InvocationCount=1, IterationCount=3, LaunchCount=1, UnrollFactor=1, WarmupCount=3) [Sessions=100]
//   SessionSetupDecompositionBenchmarks.BaselineF_FakeTransportCreationAsync: ShortRun(InvocationCount=1, IterationCount=3, LaunchCount=1, UnrollFactor=1, WarmupCount=3) [Sessions=100]
//   SessionSetupDecompositionBenchmarks.BaselineH_FlowKeyConstruction: ShortRun(InvocationCount=1, IterationCount=3, LaunchCount=1, UnrollFactor=1, WarmupCount=3) [Sessions=100]
//   SessionSetupDecompositionBenchmarks.ComponentC1_AssociationClaimRelease: ShortRun(InvocationCount=1, IterationCount=3, LaunchCount=1, UnrollFactor=1, WarmupCount=3) [Sessions=100]
//   SessionSetupDecompositionBenchmarks.ComponentC2_SessionConstructStartAsync: ShortRun(InvocationCount=1, IterationCount=3, LaunchCount=1, UnrollFactor=1, WarmupCount=3) [Sessions=100]
//   SessionSetupDecompositionBenchmarks.ComponentC2a1_ContextRecordStaticLambda: ShortRun(InvocationCount=1, IterationCount=3, LaunchCount=1, UnrollFactor=1, WarmupCount=3) [Sessions=100]
//   SessionSetupDecompositionBenchmarks.ComponentC2a2_ContextRecordMethodGroup: ShortRun(InvocationCount=1, IterationCount=3, LaunchCount=1, UnrollFactor=1, WarmupCount=3) [Sessions=100]
//   SessionSetupDecompositionBenchmarks.ComponentC2b_SessionConstructOnly: ShortRun(InvocationCount=1, IterationCount=3, LaunchCount=1, UnrollFactor=1, WarmupCount=3) [Sessions=100]
//   SessionSetupDecompositionBenchmarks.ComponentC2c1_ScopeConstructLinked: ShortRun(InvocationCount=1, IterationCount=3, LaunchCount=1, UnrollFactor=1, WarmupCount=3) [Sessions=100]
//   SessionSetupDecompositionBenchmarks.ComponentC2c2_ScopeConstructUnlinked: ShortRun(InvocationCount=1, IterationCount=3, LaunchCount=1, UnrollFactor=1, WarmupCount=3) [Sessions=100]
//   SessionSetupDecompositionBenchmarks.ComponentC2e_LockConstruction: ShortRun(InvocationCount=1, IterationCount=3, LaunchCount=1, UnrollFactor=1, WarmupCount=3) [Sessions=100]
//   SessionSetupDecompositionBenchmarks.ComponentC2e_TaskCompletionSourceConstruction: ShortRun(InvocationCount=1, IterationCount=3, LaunchCount=1, UnrollFactor=1, WarmupCount=3) [Sessions=100]
//   SessionSetupDecompositionBenchmarks.ComponentC2e_LinkedTokenSourceConstruction: ShortRun(InvocationCount=1, IterationCount=3, LaunchCount=1, UnrollFactor=1, WarmupCount=3) [Sessions=100]
//   SessionSetupDecompositionBenchmarks.StageS0_CoordinatorOnly: ShortRun(InvocationCount=1, IterationCount=3, LaunchCount=1, UnrollFactor=1, WarmupCount=3) [Sessions=1000]
//   SessionSetupDecompositionBenchmarks.StageS1_AdmissionOnlyAsync: ShortRun(InvocationCount=1, IterationCount=3, LaunchCount=1, UnrollFactor=1, WarmupCount=3) [Sessions=1000]
//   SessionSetupDecompositionBenchmarks.StageS2_SetupStartedAsync: ShortRun(InvocationCount=1, IterationCount=3, LaunchCount=1, UnrollFactor=1, WarmupCount=3) [Sessions=1000]
//   SessionSetupDecompositionBenchmarks.StageS3_PipelineNoPayloadAsync: ShortRun(InvocationCount=1, IterationCount=3, LaunchCount=1, UnrollFactor=1, WarmupCount=3) [Sessions=1000]
//   SessionSetupDecompositionBenchmarks.StageS4_ReadinessTeardownOutsideAsync: ShortRun(InvocationCount=1, IterationCount=3, LaunchCount=1, UnrollFactor=1, WarmupCount=3) [Sessions=1000]
//   SessionSetupDecompositionBenchmarks.StageS5_ReadinessTeardownInsideAsync: ShortRun(InvocationCount=1, IterationCount=3, LaunchCount=1, UnrollFactor=1, WarmupCount=3) [Sessions=1000]
//   SessionSetupDecompositionBenchmarks.StageT1_SessionTeardownInsideAsync: ShortRun(InvocationCount=1, IterationCount=3, LaunchCount=1, UnrollFactor=1, WarmupCount=3) [Sessions=1000]
//   SessionSetupDecompositionBenchmarks.StageT3_ExpiryRetireInsideAsync: ShortRun(InvocationCount=1, IterationCount=3, LaunchCount=1, UnrollFactor=1, WarmupCount=3) [Sessions=1000]
//   SessionSetupDecompositionBenchmarks.StageT5_NonThrowingParkTeardownAsync: ShortRun(InvocationCount=1, IterationCount=3, LaunchCount=1, UnrollFactor=1, WarmupCount=3) [Sessions=1000]
//   SessionSetupDecompositionBenchmarks.BaselineF_FakeTransportCreationAsync: ShortRun(InvocationCount=1, IterationCount=3, LaunchCount=1, UnrollFactor=1, WarmupCount=3) [Sessions=1000]
//   SessionSetupDecompositionBenchmarks.BaselineH_FlowKeyConstruction: ShortRun(InvocationCount=1, IterationCount=3, LaunchCount=1, UnrollFactor=1, WarmupCount=3) [Sessions=1000]
//   SessionSetupDecompositionBenchmarks.ComponentC1_AssociationClaimRelease: ShortRun(InvocationCount=1, IterationCount=3, LaunchCount=1, UnrollFactor=1, WarmupCount=3) [Sessions=1000]
//   SessionSetupDecompositionBenchmarks.ComponentC2_SessionConstructStartAsync: ShortRun(InvocationCount=1, IterationCount=3, LaunchCount=1, UnrollFactor=1, WarmupCount=3) [Sessions=1000]
//   SessionSetupDecompositionBenchmarks.ComponentC2a1_ContextRecordStaticLambda: ShortRun(InvocationCount=1, IterationCount=3, LaunchCount=1, UnrollFactor=1, WarmupCount=3) [Sessions=1000]
//   SessionSetupDecompositionBenchmarks.ComponentC2a2_ContextRecordMethodGroup: ShortRun(InvocationCount=1, IterationCount=3, LaunchCount=1, UnrollFactor=1, WarmupCount=3) [Sessions=1000]
//   SessionSetupDecompositionBenchmarks.ComponentC2b_SessionConstructOnly: ShortRun(InvocationCount=1, IterationCount=3, LaunchCount=1, UnrollFactor=1, WarmupCount=3) [Sessions=1000]
//   SessionSetupDecompositionBenchmarks.ComponentC2c1_ScopeConstructLinked: ShortRun(InvocationCount=1, IterationCount=3, LaunchCount=1, UnrollFactor=1, WarmupCount=3) [Sessions=1000]
//   SessionSetupDecompositionBenchmarks.ComponentC2c2_ScopeConstructUnlinked: ShortRun(InvocationCount=1, IterationCount=3, LaunchCount=1, UnrollFactor=1, WarmupCount=3) [Sessions=1000]
//   SessionSetupDecompositionBenchmarks.ComponentC2e_LockConstruction: ShortRun(InvocationCount=1, IterationCount=3, LaunchCount=1, UnrollFactor=1, WarmupCount=3) [Sessions=1000]
//   SessionSetupDecompositionBenchmarks.ComponentC2e_TaskCompletionSourceConstruction: ShortRun(InvocationCount=1, IterationCount=3, LaunchCount=1, UnrollFactor=1, WarmupCount=3) [Sessions=1000]
//   SessionSetupDecompositionBenchmarks.ComponentC2e_LinkedTokenSourceConstruction: ShortRun(InvocationCount=1, IterationCount=3, LaunchCount=1, UnrollFactor=1, WarmupCount=3) [Sessions=1000]

// **************************
// Benchmark: SessionSetupDecompositionBenchmarks.StageS0_CoordinatorOnly: ShortRun(InvocationCount=1, IterationCount=3, LaunchCount=1, UnrollFactor=1, WarmupCount=3) [Sessions=1]
// *** Execute ***
// Launch: 1 / 1
// Execute: dotnet WinForward.Benchmarks-ShortRun-1.dll --anonymousPipes 123 125 --benchmarkName "WinForward.Benchmarks.Perf.SessionSetupDecompositionBenchmarks.StageS0_CoordinatorOnly(Sessions: 1)" --job ShortRun --benchmarkId 0 in /home/paff/Projects/WinForward/benchmarks/WinForward.Benchmarks/bin/Release/net10.0/WinForward.Benchmarks-ShortRun-1/bin/Release/net10.0
// Failed to set up high priority (Permission denied). In order to run benchmarks with high priority, make sure you have the right permissions.
// BeforeAnythingElse

// Benchmark Process Environment Information:
// BenchmarkDotNet v0.15.8
// Runtime=.NET 10.0.12 (10.0.12, 10.0.1226.42308), X64 RyuJIT x86-64-v4
// GC=Concurrent Workstation
// HardwareIntrinsics=AVX512 BITALG+VBMI2+VNNI+VPOPCNTDQ,AVX512 IFMA+VBMI,AVX512 F+BW+CD+DQ+VL,AVX2+BMI1+BMI2+F16C+FMA+LZCNT+MOVBE,AVX,SSE3+SSSE3+SSE4.1+SSE4.2+POPCNT,X86Base+SSE+SSE2,AES+PCLMUL,AvxVnni VectorSize=256
// Job: ShortRun(InvocationCount=1, IterationCount=3, LaunchCount=1, UnrollFactor=1, WarmupCount=3)

OverheadJitting  1: 1 op, 361046.00 ns, 361.0460 us/op
WorkloadJitting  1: 1 op, 7207867.00 ns, 7.2079 ms/op

OverheadWarmup   1: 1 op, 491.00 ns, 491.0000 ns/op
OverheadWarmup   2: 1 op, 270.00 ns, 270.0000 ns/op
OverheadWarmup   3: 1 op, 231.00 ns, 231.0000 ns/op
OverheadWarmup   4: 1 op, 381.00 ns, 381.0000 ns/op
OverheadWarmup   5: 1 op, 280.00 ns, 280.0000 ns/op
OverheadWarmup   6: 1 op, 291.00 ns, 291.0000 ns/op
OverheadWarmup   7: 1 op, 390.00 ns, 390.0000 ns/op
OverheadWarmup   8: 1 op, 51240.00 ns, 51.2400 us/op
OverheadWarmup   9: 1 op, 380.00 ns, 380.0000 ns/op

OverheadActual   1: 1 op, 391.00 ns, 391.0000 ns/op
OverheadActual   2: 1 op, 400.00 ns, 400.0000 ns/op
OverheadActual   3: 1 op, 411.00 ns, 411.0000 ns/op
OverheadActual   4: 1 op, 381.00 ns, 381.0000 ns/op
OverheadActual   5: 1 op, 380.00 ns, 380.0000 ns/op
OverheadActual   6: 1 op, 500.00 ns, 500.0000 ns/op
OverheadActual   7: 1 op, 281.00 ns, 281.0000 ns/op
OverheadActual   8: 1 op, 431.00 ns, 431.0000 ns/op
OverheadActual   9: 1 op, 381.00 ns, 381.0000 ns/op
OverheadActual  10: 1 op, 491.00 ns, 491.0000 ns/op
OverheadActual  11: 1 op, 360.00 ns, 360.0000 ns/op
OverheadActual  12: 1 op, 401.00 ns, 401.0000 ns/op
OverheadActual  13: 1 op, 381.00 ns, 381.0000 ns/op
OverheadActual  14: 1 op, 401.00 ns, 401.0000 ns/op
OverheadActual  15: 1 op, 401.00 ns, 401.0000 ns/op
OverheadActual  16: 1 op, 391.00 ns, 391.0000 ns/op
OverheadActual  17: 1 op, 401.00 ns, 401.0000 ns/op
OverheadActual  18: 1 op, 401.00 ns, 401.0000 ns/op
OverheadActual  19: 1 op, 361.00 ns, 361.0000 ns/op
OverheadActual  20: 1 op, 721.00 ns, 721.0000 ns/op

WorkloadWarmup   1: 1 op, 55759.00 ns, 55.7590 us/op
WorkloadWarmup   2: 1 op, 80217.00 ns, 80.2170 us/op
WorkloadWarmup   3: 1 op, 17554.00 ns, 17.5540 us/op

// BeforeActualRun
WorkloadActual   1: 1 op, 57502.00 ns, 57.5020 us/op
WorkloadActual   2: 1 op, 14198.00 ns, 14.1980 us/op
WorkloadActual   3: 1 op, 12765.00 ns, 12.7650 us/op

// AfterActualRun
WorkloadResult   1: 1 op, 57101.50 ns, 57.1015 us/op
WorkloadResult   2: 1 op, 13797.50 ns, 13.7975 us/op
WorkloadResult   3: 1 op, 12364.50 ns, 12.3645 us/op
// GC:  0 0 0 8280 1
// Threading:  0 0 1

// AfterAll
// Benchmark Process 1354783 has exited with code 0.

Mean = 27.755 us, StdErr = 14.679 us (52.89%), N = 3, StdDev = 25.425 us
Min = 12.364 us, Q1 = 13.081 us, Median = 13.797 us, Q3 = 35.450 us, Max = 57.102 us
IQR = 22.369 us, LowerFence = -20.472 us, UpperFence = 69.002 us
ConfidenceInterval = [-436.098 us; 491.607 us] (CI 99.9%), Margin = 463.853 us (1671.27% of Mean)
Skewness = 0.38, Kurtosis = 0.67, MValue = 2

// ** Remained 62 (98.4%) benchmark(s) to run. Estimated finish 2026-09-22 14:54 (0h 0m from now) **
// **************************
// Benchmark: SessionSetupDecompositionBenchmarks.StageS1_AdmissionOnlyAsync: ShortRun(InvocationCount=1, IterationCount=3, LaunchCount=1, UnrollFactor=1, WarmupCount=3) [Sessions=1]
// *** Execute ***
// Launch: 1 / 1
// Execute: dotnet WinForward.Benchmarks-ShortRun-1.dll --anonymousPipes 123 125 --benchmarkName "WinForward.Benchmarks.Perf.SessionSetupDecompositionBenchmarks.StageS1_AdmissionOnlyAsync(Sessions: 1)" --job ShortRun --benchmarkId 1 in /home/paff/Projects/WinForward/benchmarks/WinForward.Benchmarks/bin/Release/net10.0/WinForward.Benchmarks-ShortRun-1/bin/Release/net10.0
// Failed to set up high priority (Permission denied). In order to run benchmarks with high priority, make sure you have the right permissions.
// BeforeAnythingElse

// Benchmark Process Environment Information:
// BenchmarkDotNet v0.15.8
// Runtime=.NET 10.0.12 (10.0.12, 10.0.1226.42308), X64 RyuJIT x86-64-v4
// GC=Concurrent Workstation
// HardwareIntrinsics=AVX512 BITALG+VBMI2+VNNI+VPOPCNTDQ,AVX512 IFMA+VBMI,AVX512 F+BW+CD+DQ+VL,AVX2+BMI1+BMI2+F16C+FMA+LZCNT+MOVBE,AVX,SSE3+SSSE3+SSE4.1+SSE4.2+POPCNT,X86Base+SSE+SSE2,AES+PCLMUL,AvxVnni VectorSize=256
// Job: ShortRun(InvocationCount=1, IterationCount=3, LaunchCount=1, UnrollFactor=1, WarmupCount=3)

OverheadJitting  1: 1 op, 298503.00 ns, 298.5030 us/op
WorkloadJitting  1: 1 op, 24096869.00 ns, 24.0969 ms/op

OverheadWarmup   1: 1 op, 491.00 ns, 491.0000 ns/op
OverheadWarmup   2: 1 op, 401.00 ns, 401.0000 ns/op
OverheadWarmup   3: 1 op, 381.00 ns, 381.0000 ns/op
OverheadWarmup   4: 1 op, 401.00 ns, 401.0000 ns/op
OverheadWarmup   5: 1 op, 370.00 ns, 370.0000 ns/op
OverheadWarmup   6: 1 op, 290.00 ns, 290.0000 ns/op
OverheadWarmup   7: 1 op, 1513.00 ns, 1.5130 us/op
OverheadWarmup   8: 1 op, 401.00 ns, 401.0000 ns/op

OverheadActual   1: 1 op, 491.00 ns, 491.0000 ns/op
OverheadActual   2: 1 op, 471.00 ns, 471.0000 ns/op
OverheadActual   3: 1 op, 441.00 ns, 441.0000 ns/op
OverheadActual   4: 1 op, 401.00 ns, 401.0000 ns/op
OverheadActual   5: 1 op, 411.00 ns, 411.0000 ns/op
OverheadActual   6: 1 op, 431.00 ns, 431.0000 ns/op
OverheadActual   7: 1 op, 301.00 ns, 301.0000 ns/op
OverheadActual   8: 1 op, 271.00 ns, 271.0000 ns/op
OverheadActual   9: 1 op, 311.00 ns, 311.0000 ns/op
OverheadActual  10: 1 op, 431.00 ns, 431.0000 ns/op
OverheadActual  11: 1 op, 862.00 ns, 862.0000 ns/op
OverheadActual  12: 1 op, 802.00 ns, 802.0000 ns/op
OverheadActual  13: 1 op, 271.00 ns, 271.0000 ns/op
OverheadActual  14: 1 op, 271.00 ns, 271.0000 ns/op
OverheadActual  15: 1 op, 290.00 ns, 290.0000 ns/op
OverheadActual  16: 1 op, 280.00 ns, 280.0000 ns/op
OverheadActual  17: 1 op, 400.00 ns, 400.0000 ns/op
OverheadActual  18: 1 op, 281.00 ns, 281.0000 ns/op
OverheadActual  19: 1 op, 411.00 ns, 411.0000 ns/op
OverheadActual  20: 1 op, 752.00 ns, 752.0000 ns/op

WorkloadWarmup   1: 1 op, 145525.00 ns, 145.5250 us/op
WorkloadWarmup   2: 1 op, 32975.00 ns, 32.9750 us/op
WorkloadWarmup   3: 1 op, 34497.00 ns, 34.4970 us/op

// BeforeActualRun
WorkloadActual   1: 1 op, 63785.00 ns, 63.7850 us/op
WorkloadActual   2: 1 op, 34217.00 ns, 34.2170 us/op
WorkloadActual   3: 1 op, 31852.00 ns, 31.8520 us/op

// AfterActualRun
WorkloadResult   1: 1 op, 63379.00 ns, 63.3790 us/op
WorkloadResult   2: 1 op, 33811.00 ns, 33.8110 us/op
WorkloadResult   3: 1 op, 31446.00 ns, 31.4460 us/op
// GC:  0 0 0 7176 1
// Threading:  0 0 1

// AfterAll
// Benchmark Process 1354796 has exited with code 0.

Mean = 42.879 us, StdErr = 10.273 us (23.96%), N = 3, StdDev = 17.793 us
Min = 31.446 us, Q1 = 32.629 us, Median = 33.811 us, Q3 = 48.595 us, Max = 63.379 us
IQR = 15.966 us, LowerFence = 8.679 us, UpperFence = 72.545 us
ConfidenceInterval = [-281.735 us; 367.492 us] (CI 99.9%), Margin = 324.613 us (757.05% of Mean)
Skewness = 0.38, Kurtosis = 0.67, MValue = 2

// ** Remained 61 (96.8%) benchmark(s) to run. Estimated finish 2026-09-22 14:54 (0h 0m from now) **
// **************************
// Benchmark: SessionSetupDecompositionBenchmarks.StageS2_SetupStartedAsync: ShortRun(InvocationCount=1, IterationCount=3, LaunchCount=1, UnrollFactor=1, WarmupCount=3) [Sessions=1]
// *** Execute ***
// Launch: 1 / 1
// Execute: dotnet WinForward.Benchmarks-ShortRun-1.dll --anonymousPipes 123 125 --benchmarkName "WinForward.Benchmarks.Perf.SessionSetupDecompositionBenchmarks.StageS2_SetupStartedAsync(Sessions: 1)" --job ShortRun --benchmarkId 2 in /home/paff/Projects/WinForward/benchmarks/WinForward.Benchmarks/bin/Release/net10.0/WinForward.Benchmarks-ShortRun-1/bin/Release/net10.0
// Failed to set up high priority (Permission denied). In order to run benchmarks with high priority, make sure you have the right permissions.
// BeforeAnythingElse

// Benchmark Process Environment Information:
// BenchmarkDotNet v0.15.8
// Runtime=.NET 10.0.12 (10.0.12, 10.0.1226.42308), X64 RyuJIT x86-64-v4
// GC=Concurrent Workstation
// HardwareIntrinsics=AVX512 BITALG+VBMI2+VNNI+VPOPCNTDQ,AVX512 IFMA+VBMI,AVX512 F+BW+CD+DQ+VL,AVX2+BMI1+BMI2+F16C+FMA+LZCNT+MOVBE,AVX,SSE3+SSSE3+SSE4.1+SSE4.2+POPCNT,X86Base+SSE+SSE2,AES+PCLMUL,AvxVnni VectorSize=256
// Job: ShortRun(InvocationCount=1, IterationCount=3, LaunchCount=1, UnrollFactor=1, WarmupCount=3)

OverheadJitting  1: 1 op, 261592.00 ns, 261.5920 us/op
WorkloadJitting  1: 1 op, 110463875.00 ns, 110.4639 ms/op

OverheadWarmup   1: 1 op, 831.00 ns, 831.0000 ns/op
OverheadWarmup   2: 1 op, 451.00 ns, 451.0000 ns/op
OverheadWarmup   3: 1 op, 1042.00 ns, 1.0420 us/op
OverheadWarmup   4: 1 op, 351.00 ns, 351.0000 ns/op
OverheadWarmup   5: 1 op, 380.00 ns, 380.0000 ns/op
OverheadWarmup   6: 1 op, 431.00 ns, 431.0000 ns/op
OverheadWarmup   7: 1 op, 581.00 ns, 581.0000 ns/op
OverheadWarmup   8: 1 op, 351.00 ns, 351.0000 ns/op

OverheadActual   1: 1 op, 381.00 ns, 381.0000 ns/op
OverheadActual   2: 1 op, 371.00 ns, 371.0000 ns/op
OverheadActual   3: 1 op, 361.00 ns, 361.0000 ns/op
OverheadActual   4: 1 op, 391.00 ns, 391.0000 ns/op
OverheadActual   5: 1 op, 381.00 ns, 381.0000 ns/op
OverheadActual   6: 1 op, 381.00 ns, 381.0000 ns/op
OverheadActual   7: 1 op, 280.00 ns, 280.0000 ns/op
OverheadActual   8: 1 op, 271.00 ns, 271.0000 ns/op
OverheadActual   9: 1 op, 280.00 ns, 280.0000 ns/op
OverheadActual  10: 1 op, 271.00 ns, 271.0000 ns/op
OverheadActual  11: 1 op, 271.00 ns, 271.0000 ns/op
OverheadActual  12: 1 op, 270.00 ns, 270.0000 ns/op
OverheadActual  13: 1 op, 271.00 ns, 271.0000 ns/op
OverheadActual  14: 1 op, 361.00 ns, 361.0000 ns/op
OverheadActual  15: 1 op, 571.00 ns, 571.0000 ns/op
OverheadActual  16: 1 op, 381.00 ns, 381.0000 ns/op
OverheadActual  17: 1 op, 390.00 ns, 390.0000 ns/op
OverheadActual  18: 1 op, 421.00 ns, 421.0000 ns/op
OverheadActual  19: 1 op, 401.00 ns, 401.0000 ns/op
OverheadActual  20: 1 op, 270.00 ns, 270.0000 ns/op

WorkloadWarmup   1: 1 op, 71590386.00 ns, 71.5904 ms/op
WorkloadWarmup   2: 1 op, 72102558.00 ns, 72.1026 ms/op
WorkloadWarmup   3: 1 op, 73409829.00 ns, 73.4098 ms/op

// BeforeActualRun
WorkloadActual   1: 1 op, 72991279.00 ns, 72.9913 ms/op
WorkloadActual   2: 1 op, 71463021.00 ns, 71.4630 ms/op
WorkloadActual   3: 1 op, 71413213.00 ns, 71.4132 ms/op

// AfterActualRun
WorkloadResult   1: 1 op, 72990913.00 ns, 72.9909 ms/op
WorkloadResult   2: 1 op, 71462655.00 ns, 71.4627 ms/op
WorkloadResult   3: 1 op, 71412847.00 ns, 71.4128 ms/op
// GC:  0 0 0 34824 1
// Threading:  4 0 1

// AfterAll
// Benchmark Process 1354805 has exited with code 0.

Mean = 71.955 ms, StdErr = 0.518 ms (0.72%), N = 3, StdDev = 0.897 ms
Min = 71.413 ms, Q1 = 71.438 ms, Median = 71.463 ms, Q3 = 72.227 ms, Max = 72.991 ms
IQR = 0.789 ms, LowerFence = 70.254 ms, UpperFence = 73.410 ms
ConfidenceInterval = [55.590 ms; 88.321 ms] (CI 99.9%), Margin = 16.366 ms (22.74% of Mean)
Skewness = 0.38, Kurtosis = 0.67, MValue = 2

// ** Remained 60 (95.2%) benchmark(s) to run. Estimated finish 2026-09-22 14:54 (0h 0m from now) **
// **************************
// Benchmark: SessionSetupDecompositionBenchmarks.StageS3_PipelineNoPayloadAsync: ShortRun(InvocationCount=1, IterationCount=3, LaunchCount=1, UnrollFactor=1, WarmupCount=3) [Sessions=1]
// *** Execute ***
// Launch: 1 / 1
// Execute: dotnet WinForward.Benchmarks-ShortRun-1.dll --anonymousPipes 123 125 --benchmarkName "WinForward.Benchmarks.Perf.SessionSetupDecompositionBenchmarks.StageS3_PipelineNoPayloadAsync(Sessions: 1)" --job ShortRun --benchmarkId 3 in /home/paff/Projects/WinForward/benchmarks/WinForward.Benchmarks/bin/Release/net10.0/WinForward.Benchmarks-ShortRun-1/bin/Release/net10.0
// Failed to set up high priority (Permission denied). In order to run benchmarks with high priority, make sure you have the right permissions.
// BeforeAnythingElse

// Benchmark Process Environment Information:
// BenchmarkDotNet v0.15.8
// Runtime=.NET 10.0.12 (10.0.12, 10.0.1226.42308), X64 RyuJIT x86-64-v4
// GC=Concurrent Workstation
// HardwareIntrinsics=AVX512 BITALG+VBMI2+VNNI+VPOPCNTDQ,AVX512 IFMA+VBMI,AVX512 F+BW+CD+DQ+VL,AVX2+BMI1+BMI2+F16C+FMA+LZCNT+MOVBE,AVX,SSE3+SSSE3+SSE4.1+SSE4.2+POPCNT,X86Base+SSE+SSE2,AES+PCLMUL,AvxVnni VectorSize=256
// Job: ShortRun(InvocationCount=1, IterationCount=3, LaunchCount=1, UnrollFactor=1, WarmupCount=3)

OverheadJitting  1: 1 op, 297532.00 ns, 297.5320 us/op
WorkloadJitting  1: 1 op, 81373756.00 ns, 81.3738 ms/op

OverheadWarmup   1: 1 op, 93904.00 ns, 93.9040 us/op
OverheadWarmup   2: 1 op, 551.00 ns, 551.0000 ns/op
OverheadWarmup   3: 1 op, 391.00 ns, 391.0000 ns/op
OverheadWarmup   4: 1 op, 411.00 ns, 411.0000 ns/op
OverheadWarmup   5: 1 op, 411.00 ns, 411.0000 ns/op
OverheadWarmup   6: 1 op, 401.00 ns, 401.0000 ns/op
OverheadWarmup   7: 1 op, 471.00 ns, 471.0000 ns/op

OverheadActual   1: 1 op, 390.00 ns, 390.0000 ns/op
OverheadActual   2: 1 op, 431.00 ns, 431.0000 ns/op
OverheadActual   3: 1 op, 441.00 ns, 441.0000 ns/op
OverheadActual   4: 1 op, 431.00 ns, 431.0000 ns/op
OverheadActual   5: 1 op, 421.00 ns, 421.0000 ns/op
OverheadActual   6: 1 op, 461.00 ns, 461.0000 ns/op
OverheadActual   7: 1 op, 411.00 ns, 411.0000 ns/op
OverheadActual   8: 1 op, 962.00 ns, 962.0000 ns/op
OverheadActual   9: 1 op, 430.00 ns, 430.0000 ns/op
OverheadActual  10: 1 op, 451.00 ns, 451.0000 ns/op
OverheadActual  11: 1 op, 411.00 ns, 411.0000 ns/op
OverheadActual  12: 1 op, 290.00 ns, 290.0000 ns/op
OverheadActual  13: 1 op, 271.00 ns, 271.0000 ns/op
OverheadActual  14: 1 op, 301.00 ns, 301.0000 ns/op
OverheadActual  15: 1 op, 230.00 ns, 230.0000 ns/op
OverheadActual  16: 1 op, 280.00 ns, 280.0000 ns/op
OverheadActual  17: 1 op, 280.00 ns, 280.0000 ns/op
OverheadActual  18: 1 op, 400.00 ns, 400.0000 ns/op
OverheadActual  19: 1 op, 431.00 ns, 431.0000 ns/op
OverheadActual  20: 1 op, 441.00 ns, 441.0000 ns/op

WorkloadWarmup   1: 1 op, 31122273.00 ns, 31.1223 ms/op
WorkloadWarmup   2: 1 op, 30612079.00 ns, 30.6121 ms/op
WorkloadWarmup   3: 1 op, 30247693.00 ns, 30.2477 ms/op

// BeforeActualRun
WorkloadActual   1: 1 op, 30549804.00 ns, 30.5498 ms/op
WorkloadActual   2: 1 op, 30043965.00 ns, 30.0440 ms/op
WorkloadActual   3: 1 op, 29865485.00 ns, 29.8655 ms/op

// AfterActualRun
WorkloadResult   1: 1 op, 30549388.00 ns, 30.5494 ms/op
WorkloadResult   2: 1 op, 30043549.00 ns, 30.0435 ms/op
WorkloadResult   3: 1 op, 29865069.00 ns, 29.8651 ms/op
// GC:  0 0 0 35608 1
// Threading:  0 0 1

// AfterAll
// Benchmark Process 1355332 has exited with code 0.

Mean = 30.153 ms, StdErr = 0.205 ms (0.68%), N = 3, StdDev = 0.355 ms
Min = 29.865 ms, Q1 = 29.954 ms, Median = 30.044 ms, Q3 = 30.296 ms, Max = 30.549 ms
IQR = 0.342 ms, LowerFence = 29.441 ms, UpperFence = 30.810 ms
ConfidenceInterval = [23.677 ms; 36.629 ms] (CI 99.9%), Margin = 6.476 ms (21.48% of Mean)
Skewness = 0.28, Kurtosis = 0.67, MValue = 2

// ** Remained 59 (93.7%) benchmark(s) to run. Estimated finish 2026-09-22 14:54 (0h 0m from now) **
// **************************
// Benchmark: SessionSetupDecompositionBenchmarks.StageS4_ReadinessTeardownOutsideAsync: ShortRun(InvocationCount=1, IterationCount=3, LaunchCount=1, UnrollFactor=1, WarmupCount=3) [Sessions=1]
// *** Execute ***
// Launch: 1 / 1
// Execute: dotnet WinForward.Benchmarks-ShortRun-1.dll --anonymousPipes 123 125 --benchmarkName "WinForward.Benchmarks.Perf.SessionSetupDecompositionBenchmarks.StageS4_ReadinessTeardownOutsideAsync(Sessions: 1)" --job ShortRun --benchmarkId 4 in /home/paff/Projects/WinForward/benchmarks/WinForward.Benchmarks/bin/Release/net10.0/WinForward.Benchmarks-ShortRun-1/bin/Release/net10.0
// Failed to set up high priority (Permission denied). In order to run benchmarks with high priority, make sure you have the right permissions.
// BeforeAnythingElse

// Benchmark Process Environment Information:
// BenchmarkDotNet v0.15.8
// Runtime=.NET 10.0.12 (10.0.12, 10.0.1226.42308), X64 RyuJIT x86-64-v4
// GC=Concurrent Workstation
// HardwareIntrinsics=AVX512 BITALG+VBMI2+VNNI+VPOPCNTDQ,AVX512 IFMA+VBMI,AVX512 F+BW+CD+DQ+VL,AVX2+BMI1+BMI2+F16C+FMA+LZCNT+MOVBE,AVX,SSE3+SSSE3+SSE4.1+SSE4.2+POPCNT,X86Base+SSE+SSE2,AES+PCLMUL,AvxVnni VectorSize=256
// Job: ShortRun(InvocationCount=1, IterationCount=3, LaunchCount=1, UnrollFactor=1, WarmupCount=3)

OverheadJitting  1: 1 op, 444669.00 ns, 444.6690 us/op
WorkloadJitting  1: 1 op, 80729766.00 ns, 80.7298 ms/op

OverheadWarmup   1: 1 op, 551.00 ns, 551.0000 ns/op
OverheadWarmup   2: 1 op, 271.00 ns, 271.0000 ns/op
OverheadWarmup   3: 1 op, 290.00 ns, 290.0000 ns/op
OverheadWarmup   4: 1 op, 291.00 ns, 291.0000 ns/op
OverheadWarmup   5: 1 op, 411.00 ns, 411.0000 ns/op
OverheadWarmup   6: 1 op, 391.00 ns, 391.0000 ns/op
OverheadWarmup   7: 1 op, 260.00 ns, 260.0000 ns/op
OverheadWarmup   8: 1 op, 281.00 ns, 281.0000 ns/op
OverheadWarmup   9: 1 op, 421.00 ns, 421.0000 ns/op
OverheadWarmup  10: 1 op, 410.00 ns, 410.0000 ns/op

OverheadActual   1: 1 op, 471.00 ns, 471.0000 ns/op
OverheadActual   2: 1 op, 431.00 ns, 431.0000 ns/op
OverheadActual   3: 1 op, 411.00 ns, 411.0000 ns/op
OverheadActual   4: 1 op, 421.00 ns, 421.0000 ns/op
OverheadActual   5: 1 op, 290.00 ns, 290.0000 ns/op
OverheadActual   6: 1 op, 280.00 ns, 280.0000 ns/op
OverheadActual   7: 1 op, 301.00 ns, 301.0000 ns/op
OverheadActual   8: 1 op, 401.00 ns, 401.0000 ns/op
OverheadActual   9: 1 op, 441.00 ns, 441.0000 ns/op
OverheadActual  10: 1 op, 431.00 ns, 431.0000 ns/op
OverheadActual  11: 1 op, 291.00 ns, 291.0000 ns/op
OverheadActual  12: 1 op, 280.00 ns, 280.0000 ns/op
OverheadActual  13: 1 op, 451.00 ns, 451.0000 ns/op
OverheadActual  14: 1 op, 270.00 ns, 270.0000 ns/op
OverheadActual  15: 1 op, 271.00 ns, 271.0000 ns/op
OverheadActual  16: 1 op, 261.00 ns, 261.0000 ns/op
OverheadActual  17: 1 op, 421.00 ns, 421.0000 ns/op
OverheadActual  18: 1 op, 441.00 ns, 441.0000 ns/op
OverheadActual  19: 1 op, 390.00 ns, 390.0000 ns/op
OverheadActual  20: 1 op, 461.00 ns, 461.0000 ns/op

WorkloadWarmup   1: 1 op, 30841511.00 ns, 30.8415 ms/op
WorkloadWarmup   2: 1 op, 33438530.00 ns, 33.4385 ms/op
WorkloadWarmup   3: 1 op, 32301416.00 ns, 32.3014 ms/op

// BeforeActualRun
WorkloadActual   1: 1 op, 30606940.00 ns, 30.6069 ms/op
WorkloadActual   2: 1 op, 29633249.00 ns, 29.6332 ms/op
WorkloadActual   3: 1 op, 30798968.00 ns, 30.7990 ms/op

// AfterActualRun
WorkloadResult   1: 1 op, 30606534.00 ns, 30.6065 ms/op
WorkloadResult   2: 1 op, 29632843.00 ns, 29.6328 ms/op
WorkloadResult   3: 1 op, 30798562.00 ns, 30.7986 ms/op
// GC:  0 0 0 33368 1
// Threading:  0 0 1

// AfterAll
// Benchmark Process 1355856 has exited with code 0.

Mean = 30.346 ms, StdErr = 0.361 ms (1.19%), N = 3, StdDev = 0.625 ms
Min = 29.633 ms, Q1 = 30.120 ms, Median = 30.607 ms, Q3 = 30.703 ms, Max = 30.799 ms
IQR = 0.583 ms, LowerFence = 29.245 ms, UpperFence = 31.577 ms
ConfidenceInterval = [18.943 ms; 41.749 ms] (CI 99.9%), Margin = 11.403 ms (37.58% of Mean)
Skewness = -0.34, Kurtosis = 0.67, MValue = 2

// ** Remained 58 (92.1%) benchmark(s) to run. Estimated finish 2026-09-22 14:54 (0h 0m from now) **
// **************************
// Benchmark: SessionSetupDecompositionBenchmarks.StageS5_ReadinessTeardownInsideAsync: ShortRun(InvocationCount=1, IterationCount=3, LaunchCount=1, UnrollFactor=1, WarmupCount=3) [Sessions=1]
// *** Execute ***
// Launch: 1 / 1
// Execute: dotnet WinForward.Benchmarks-ShortRun-1.dll --anonymousPipes 123 125 --benchmarkName "WinForward.Benchmarks.Perf.SessionSetupDecompositionBenchmarks.StageS5_ReadinessTeardownInsideAsync(Sessions: 1)" --job ShortRun --benchmarkId 5 in /home/paff/Projects/WinForward/benchmarks/WinForward.Benchmarks/bin/Release/net10.0/WinForward.Benchmarks-ShortRun-1/bin/Release/net10.0
// Failed to set up high priority (Permission denied). In order to run benchmarks with high priority, make sure you have the right permissions.
// BeforeAnythingElse

// Benchmark Process Environment Information:
// BenchmarkDotNet v0.15.8
// Runtime=.NET 10.0.12 (10.0.12, 10.0.1226.42308), X64 RyuJIT x86-64-v4
// GC=Concurrent Workstation
// HardwareIntrinsics=AVX512 BITALG+VBMI2+VNNI+VPOPCNTDQ,AVX512 IFMA+VBMI,AVX512 F+BW+CD+DQ+VL,AVX2+BMI1+BMI2+F16C+FMA+LZCNT+MOVBE,AVX,SSE3+SSSE3+SSE4.1+SSE4.2+POPCNT,X86Base+SSE+SSE2,AES+PCLMUL,AvxVnni VectorSize=256
// Job: ShortRun(InvocationCount=1, IterationCount=3, LaunchCount=1, UnrollFactor=1, WarmupCount=3)

OverheadJitting  1: 1 op, 325977.00 ns, 325.9770 us/op
WorkloadJitting  1: 1 op, 111306663.00 ns, 111.3067 ms/op

OverheadWarmup   1: 1 op, 1192.00 ns, 1.1920 us/op
OverheadWarmup   2: 1 op, 802.00 ns, 802.0000 ns/op
OverheadWarmup   3: 1 op, 481.00 ns, 481.0000 ns/op
OverheadWarmup   4: 1 op, 822.00 ns, 822.0000 ns/op
OverheadWarmup   5: 1 op, 501.00 ns, 501.0000 ns/op
OverheadWarmup   6: 1 op, 932.00 ns, 932.0000 ns/op
OverheadWarmup   7: 1 op, 521.00 ns, 521.0000 ns/op

OverheadActual   1: 1 op, 430.00 ns, 430.0000 ns/op
OverheadActual   2: 1 op, 401.00 ns, 401.0000 ns/op
OverheadActual   3: 1 op, 401.00 ns, 401.0000 ns/op
OverheadActual   4: 1 op, 411.00 ns, 411.0000 ns/op
OverheadActual   5: 1 op, 401.00 ns, 401.0000 ns/op
OverheadActual   6: 1 op, 371.00 ns, 371.0000 ns/op
OverheadActual   7: 1 op, 370.00 ns, 370.0000 ns/op
OverheadActual   8: 1 op, 290.00 ns, 290.0000 ns/op
OverheadActual   9: 1 op, 351.00 ns, 351.0000 ns/op
OverheadActual  10: 1 op, 271.00 ns, 271.0000 ns/op
OverheadActual  11: 1 op, 411.00 ns, 411.0000 ns/op
OverheadActual  12: 1 op, 421.00 ns, 421.0000 ns/op
OverheadActual  13: 1 op, 411.00 ns, 411.0000 ns/op
OverheadActual  14: 1 op, 421.00 ns, 421.0000 ns/op
OverheadActual  15: 1 op, 440.00 ns, 440.0000 ns/op
OverheadActual  16: 1 op, 501.00 ns, 501.0000 ns/op
OverheadActual  17: 1 op, 411.00 ns, 411.0000 ns/op
OverheadActual  18: 1 op, 331.00 ns, 331.0000 ns/op
OverheadActual  19: 1 op, 401.00 ns, 401.0000 ns/op
OverheadActual  20: 1 op, 431.00 ns, 431.0000 ns/op

WorkloadWarmup   1: 1 op, 45739404.00 ns, 45.7394 ms/op
WorkloadWarmup   2: 1 op, 43823347.00 ns, 43.8233 ms/op
WorkloadWarmup   3: 1 op, 43865111.00 ns, 43.8651 ms/op

// BeforeActualRun
WorkloadActual   1: 1 op, 45212598.00 ns, 45.2126 ms/op
WorkloadActual   2: 1 op, 45906988.00 ns, 45.9070 ms/op
WorkloadActual   3: 1 op, 47254362.00 ns, 47.2544 ms/op

// AfterActualRun
WorkloadResult   1: 1 op, 45212192.00 ns, 45.2122 ms/op
WorkloadResult   2: 1 op, 45906582.00 ns, 45.9066 ms/op
WorkloadResult   3: 1 op, 47253956.00 ns, 47.2540 ms/op
// GC:  0 0 0 102296 1
// Threading:  1 64 1
// Exceptions:  130

// AfterAll
// Benchmark Process 1356387 has exited with code 0.

Mean = 46.124 ms, StdErr = 0.599 ms (1.30%), N = 3, StdDev = 1.038 ms
Min = 45.212 ms, Q1 = 45.559 ms, Median = 45.907 ms, Q3 = 46.580 ms, Max = 47.254 ms
IQR = 1.021 ms, LowerFence = 44.028 ms, UpperFence = 48.112 ms
ConfidenceInterval = [27.185 ms; 65.064 ms] (CI 99.9%), Margin = 18.940 ms (41.06% of Mean)
Skewness = 0.2, Kurtosis = 0.67, MValue = 2

// ** Remained 57 (90.5%) benchmark(s) to run. Estimated finish 2026-09-22 14:54 (0h 0m from now) **
// **************************
// Benchmark: SessionSetupDecompositionBenchmarks.StageT1_SessionTeardownInsideAsync: ShortRun(InvocationCount=1, IterationCount=3, LaunchCount=1, UnrollFactor=1, WarmupCount=3) [Sessions=1]
// *** Execute ***
// Launch: 1 / 1
// Execute: dotnet WinForward.Benchmarks-ShortRun-1.dll --anonymousPipes 123 125 --benchmarkName "WinForward.Benchmarks.Perf.SessionSetupDecompositionBenchmarks.StageT1_SessionTeardownInsideAsync(Sessions: 1)" --job ShortRun --benchmarkId 6 in /home/paff/Projects/WinForward/benchmarks/WinForward.Benchmarks/bin/Release/net10.0/WinForward.Benchmarks-ShortRun-1/bin/Release/net10.0
// Failed to set up high priority (Permission denied). In order to run benchmarks with high priority, make sure you have the right permissions.
// BeforeAnythingElse

// Benchmark Process Environment Information:
// BenchmarkDotNet v0.15.8
// Runtime=.NET 10.0.12 (10.0.12, 10.0.1226.42308), X64 RyuJIT x86-64-v4
// GC=Concurrent Workstation
// HardwareIntrinsics=AVX512 BITALG+VBMI2+VNNI+VPOPCNTDQ,AVX512 IFMA+VBMI,AVX512 F+BW+CD+DQ+VL,AVX2+BMI1+BMI2+F16C+FMA+LZCNT+MOVBE,AVX,SSE3+SSSE3+SSE4.1+SSE4.2+POPCNT,X86Base+SSE+SSE2,AES+PCLMUL,AvxVnni VectorSize=256
// Job: ShortRun(InvocationCount=1, IterationCount=3, LaunchCount=1, UnrollFactor=1, WarmupCount=3)

OverheadJitting  1: 1 op, 272313.00 ns, 272.3130 us/op
WorkloadJitting  1: 1 op, 45159251.00 ns, 45.1593 ms/op

OverheadWarmup   1: 1 op, 501.00 ns, 501.0000 ns/op
OverheadWarmup   2: 1 op, 431.00 ns, 431.0000 ns/op
OverheadWarmup   3: 1 op, 381.00 ns, 381.0000 ns/op
OverheadWarmup   4: 1 op, 431.00 ns, 431.0000 ns/op
OverheadWarmup   5: 1 op, 441.00 ns, 441.0000 ns/op
OverheadWarmup   6: 1 op, 451.00 ns, 451.0000 ns/op
OverheadWarmup   7: 1 op, 491.00 ns, 491.0000 ns/op
OverheadWarmup   8: 1 op, 311.00 ns, 311.0000 ns/op
OverheadWarmup   9: 1 op, 411.00 ns, 411.0000 ns/op
OverheadWarmup  10: 1 op, 391.00 ns, 391.0000 ns/op

OverheadActual   1: 1 op, 470.00 ns, 470.0000 ns/op
OverheadActual   2: 1 op, 571.00 ns, 571.0000 ns/op
OverheadActual   3: 1 op, 501.00 ns, 501.0000 ns/op
OverheadActual   4: 1 op, 672.00 ns, 672.0000 ns/op
OverheadActual   5: 1 op, 411.00 ns, 411.0000 ns/op
OverheadActual   6: 1 op, 421.00 ns, 421.0000 ns/op
OverheadActual   7: 1 op, 270.00 ns, 270.0000 ns/op
OverheadActual   8: 1 op, 271.00 ns, 271.0000 ns/op
OverheadActual   9: 1 op, 421.00 ns, 421.0000 ns/op
OverheadActual  10: 1 op, 310.00 ns, 310.0000 ns/op
OverheadActual  11: 1 op, 301.00 ns, 301.0000 ns/op
OverheadActual  12: 1 op, 290.00 ns, 290.0000 ns/op
OverheadActual  13: 1 op, 271.00 ns, 271.0000 ns/op
OverheadActual  14: 1 op, 1012.00 ns, 1.0120 us/op
OverheadActual  15: 1 op, 381.00 ns, 381.0000 ns/op
OverheadActual  16: 1 op, 270.00 ns, 270.0000 ns/op
OverheadActual  17: 1 op, 430.00 ns, 430.0000 ns/op
OverheadActual  18: 1 op, 922.00 ns, 922.0000 ns/op
OverheadActual  19: 1 op, 401.00 ns, 401.0000 ns/op
OverheadActual  20: 1 op, 471.00 ns, 471.0000 ns/op

WorkloadWarmup   1: 1 op, 872386.00 ns, 872.3860 us/op
WorkloadWarmup   2: 1 op, 334152.00 ns, 334.1520 us/op
WorkloadWarmup   3: 1 op, 299455.00 ns, 299.4550 us/op

// BeforeActualRun
WorkloadActual   1: 1 op, 366694.00 ns, 366.6940 us/op
WorkloadActual   2: 1 op, 288053.00 ns, 288.0530 us/op
WorkloadActual   3: 1 op, 302991.00 ns, 302.9910 us/op

// AfterActualRun
WorkloadResult   1: 1 op, 366278.00 ns, 366.2780 us/op
WorkloadResult   2: 1 op, 287637.00 ns, 287.6370 us/op
WorkloadResult   3: 1 op, 302575.00 ns, 302.5750 us/op
// GC:  0 0 0 8200 1
// Threading:  1 0 1
// Exceptions:  2

// AfterAll
// Benchmark Process 1356915 has exited with code 0.

Mean = 318.830 us, StdErr = 24.113 us (7.56%), N = 3, StdDev = 41.764 us
Min = 287.637 us, Q1 = 295.106 us, Median = 302.575 us, Q3 = 334.426 us, Max = 366.278 us
IQR = 39.321 us, LowerFence = 236.125 us, UpperFence = 393.407 us
ConfidenceInterval = [-443.109 us; 1,080.769 us] (CI 99.9%), Margin = 761.939 us (238.98% of Mean)
Skewness = 0.33, Kurtosis = 0.67, MValue = 2

// ** Remained 56 (88.9%) benchmark(s) to run. Estimated finish 2026-09-22 14:54 (0h 0m from now) **
// **************************
// Benchmark: SessionSetupDecompositionBenchmarks.StageT3_ExpiryRetireInsideAsync: ShortRun(InvocationCount=1, IterationCount=3, LaunchCount=1, UnrollFactor=1, WarmupCount=3) [Sessions=1]
// *** Execute ***
// Launch: 1 / 1
// Execute: dotnet WinForward.Benchmarks-ShortRun-1.dll --anonymousPipes 123 125 --benchmarkName "WinForward.Benchmarks.Perf.SessionSetupDecompositionBenchmarks.StageT3_ExpiryRetireInsideAsync(Sessions: 1)" --job ShortRun --benchmarkId 7 in /home/paff/Projects/WinForward/benchmarks/WinForward.Benchmarks/bin/Release/net10.0/WinForward.Benchmarks-ShortRun-1/bin/Release/net10.0
// Failed to set up high priority (Permission denied). In order to run benchmarks with high priority, make sure you have the right permissions.
// BeforeAnythingElse

// Benchmark Process Environment Information:
// BenchmarkDotNet v0.15.8
// Runtime=.NET 10.0.12 (10.0.12, 10.0.1226.42308), X64 RyuJIT x86-64-v4
// GC=Concurrent Workstation
// HardwareIntrinsics=AVX512 BITALG+VBMI2+VNNI+VPOPCNTDQ,AVX512 IFMA+VBMI,AVX512 F+BW+CD+DQ+VL,AVX2+BMI1+BMI2+F16C+FMA+LZCNT+MOVBE,AVX,SSE3+SSSE3+SSE4.1+SSE4.2+POPCNT,X86Base+SSE+SSE2,AES+PCLMUL,AvxVnni VectorSize=256
// Job: ShortRun(InvocationCount=1, IterationCount=3, LaunchCount=1, UnrollFactor=1, WarmupCount=3)

OverheadJitting  1: 1 op, 363240.00 ns, 363.2400 us/op
WorkloadJitting  1: 1 op, 110153196.00 ns, 110.1532 ms/op

OverheadWarmup   1: 1 op, 722.00 ns, 722.0000 ns/op
OverheadWarmup   2: 1 op, 571.00 ns, 571.0000 ns/op
OverheadWarmup   3: 1 op, 391.00 ns, 391.0000 ns/op
OverheadWarmup   4: 1 op, 400.00 ns, 400.0000 ns/op
OverheadWarmup   5: 1 op, 411.00 ns, 411.0000 ns/op
OverheadWarmup   6: 1 op, 381.00 ns, 381.0000 ns/op
OverheadWarmup   7: 1 op, 491.00 ns, 491.0000 ns/op
OverheadWarmup   8: 1 op, 441.00 ns, 441.0000 ns/op

OverheadActual   1: 1 op, 391.00 ns, 391.0000 ns/op
OverheadActual   2: 1 op, 381.00 ns, 381.0000 ns/op
OverheadActual   3: 1 op, 380.00 ns, 380.0000 ns/op
OverheadActual   4: 1 op, 440.00 ns, 440.0000 ns/op
OverheadActual   5: 1 op, 391.00 ns, 391.0000 ns/op
OverheadActual   6: 1 op, 271.00 ns, 271.0000 ns/op
OverheadActual   7: 1 op, 421.00 ns, 421.0000 ns/op
OverheadActual   8: 1 op, 411.00 ns, 411.0000 ns/op
OverheadActual   9: 1 op, 431.00 ns, 431.0000 ns/op
OverheadActual  10: 1 op, 401.00 ns, 401.0000 ns/op
OverheadActual  11: 1 op, 371.00 ns, 371.0000 ns/op
OverheadActual  12: 1 op, 270.00 ns, 270.0000 ns/op
OverheadActual  13: 1 op, 281.00 ns, 281.0000 ns/op
OverheadActual  14: 1 op, 401.00 ns, 401.0000 ns/op
OverheadActual  15: 1 op, 421.00 ns, 421.0000 ns/op
OverheadActual  16: 1 op, 411.00 ns, 411.0000 ns/op
OverheadActual  17: 1 op, 461.00 ns, 461.0000 ns/op
OverheadActual  18: 1 op, 361.00 ns, 361.0000 ns/op
OverheadActual  19: 1 op, 311.00 ns, 311.0000 ns/op
OverheadActual  20: 1 op, 391.00 ns, 391.0000 ns/op

WorkloadWarmup   1: 1 op, 33036246.00 ns, 33.0362 ms/op
WorkloadWarmup   2: 1 op, 32480300.00 ns, 32.4803 ms/op
WorkloadWarmup   3: 1 op, 32237025.00 ns, 32.2370 ms/op

// BeforeActualRun
WorkloadActual   1: 1 op, 32908986.00 ns, 32.9090 ms/op
WorkloadActual   2: 1 op, 33082260.00 ns, 33.0823 ms/op
WorkloadActual   3: 1 op, 34230242.00 ns, 34.2302 ms/op

// AfterActualRun
WorkloadResult   1: 1 op, 32908595.00 ns, 32.9086 ms/op
WorkloadResult   2: 1 op, 33081869.00 ns, 33.0819 ms/op
WorkloadResult   3: 1 op, 34229851.00 ns, 34.2299 ms/op
// GC:  0 0 0 36488 1
// Threading:  1 0 1
// Exceptions:  2

// AfterAll
// Benchmark Process 1356932 has exited with code 0.

Mean = 33.407 ms, StdErr = 0.415 ms (1.24%), N = 3, StdDev = 0.718 ms
Min = 32.909 ms, Q1 = 32.995 ms, Median = 33.082 ms, Q3 = 33.656 ms, Max = 34.230 ms
IQR = 0.661 ms, LowerFence = 32.004 ms, UpperFence = 34.647 ms
ConfidenceInterval = [20.307 ms; 46.507 ms] (CI 99.9%), Margin = 13.100 ms (39.21% of Mean)
Skewness = 0.36, Kurtosis = 0.67, MValue = 2

// ** Remained 55 (87.3%) benchmark(s) to run. Estimated finish 2026-09-22 14:54 (0h 0m from now) **
// **************************
// Benchmark: SessionSetupDecompositionBenchmarks.StageT5_NonThrowingParkTeardownAsync: ShortRun(InvocationCount=1, IterationCount=3, LaunchCount=1, UnrollFactor=1, WarmupCount=3) [Sessions=1]
// *** Execute ***
// Launch: 1 / 1
// Execute: dotnet WinForward.Benchmarks-ShortRun-1.dll --anonymousPipes 123 125 --benchmarkName "WinForward.Benchmarks.Perf.SessionSetupDecompositionBenchmarks.StageT5_NonThrowingParkTeardownAsync(Sessions: 1)" --job ShortRun --benchmarkId 8 in /home/paff/Projects/WinForward/benchmarks/WinForward.Benchmarks/bin/Release/net10.0/WinForward.Benchmarks-ShortRun-1/bin/Release/net10.0
// Failed to set up high priority (Permission denied). In order to run benchmarks with high priority, make sure you have the right permissions.
// BeforeAnythingElse

// Benchmark Process Environment Information:
// BenchmarkDotNet v0.15.8
// Runtime=.NET 10.0.12 (10.0.12, 10.0.1226.42308), X64 RyuJIT x86-64-v4
// GC=Concurrent Workstation
// HardwareIntrinsics=AVX512 BITALG+VBMI2+VNNI+VPOPCNTDQ,AVX512 IFMA+VBMI,AVX512 F+BW+CD+DQ+VL,AVX2+BMI1+BMI2+F16C+FMA+LZCNT+MOVBE,AVX,SSE3+SSSE3+SSE4.1+SSE4.2+POPCNT,X86Base+SSE+SSE2,AES+PCLMUL,AvxVnni VectorSize=256
// Job: ShortRun(InvocationCount=1, IterationCount=3, LaunchCount=1, UnrollFactor=1, WarmupCount=3)

OverheadJitting  1: 1 op, 273174.00 ns, 273.1740 us/op
WorkloadJitting  1: 1 op, 45213994.00 ns, 45.2140 ms/op

OverheadWarmup   1: 1 op, 822.00 ns, 822.0000 ns/op
OverheadWarmup   2: 1 op, 701.00 ns, 701.0000 ns/op
OverheadWarmup   3: 1 op, 581.00 ns, 581.0000 ns/op
OverheadWarmup   4: 1 op, 430.00 ns, 430.0000 ns/op
OverheadWarmup   5: 1 op, 411.00 ns, 411.0000 ns/op
OverheadWarmup   6: 1 op, 792.00 ns, 792.0000 ns/op
OverheadWarmup   7: 1 op, 411.00 ns, 411.0000 ns/op
OverheadWarmup   8: 1 op, 450.00 ns, 450.0000 ns/op
OverheadWarmup   9: 1 op, 321.00 ns, 321.0000 ns/op

OverheadActual   1: 1 op, 481.00 ns, 481.0000 ns/op
OverheadActual   2: 1 op, 511.00 ns, 511.0000 ns/op
OverheadActual   3: 1 op, 812.00 ns, 812.0000 ns/op
OverheadActual   4: 1 op, 851.00 ns, 851.0000 ns/op
OverheadActual   5: 1 op, 601.00 ns, 601.0000 ns/op
OverheadActual   6: 1 op, 692.00 ns, 692.0000 ns/op
OverheadActual   7: 1 op, 612.00 ns, 612.0000 ns/op
OverheadActual   8: 1 op, 541.00 ns, 541.0000 ns/op
OverheadActual   9: 1 op, 521.00 ns, 521.0000 ns/op
OverheadActual  10: 1 op, 521.00 ns, 521.0000 ns/op
OverheadActual  11: 1 op, 471.00 ns, 471.0000 ns/op
OverheadActual  12: 1 op, 381.00 ns, 381.0000 ns/op
OverheadActual  13: 1 op, 391.00 ns, 391.0000 ns/op
OverheadActual  14: 1 op, 401.00 ns, 401.0000 ns/op
OverheadActual  15: 1 op, 400.00 ns, 400.0000 ns/op
OverheadActual  16: 1 op, 390.00 ns, 390.0000 ns/op
OverheadActual  17: 1 op, 401.00 ns, 401.0000 ns/op
OverheadActual  18: 1 op, 411.00 ns, 411.0000 ns/op
OverheadActual  19: 1 op, 301.00 ns, 301.0000 ns/op
OverheadActual  20: 1 op, 501.00 ns, 501.0000 ns/op

WorkloadWarmup   1: 1 op, 689268.00 ns, 689.2680 us/op
WorkloadWarmup   2: 1 op, 248396.00 ns, 248.3960 us/op
WorkloadWarmup   3: 1 op, 246908.00 ns, 246.9080 us/op

// BeforeActualRun
WorkloadActual   1: 1 op, 309419.00 ns, 309.4190 us/op
WorkloadActual   2: 1 op, 249378.00 ns, 249.3780 us/op
WorkloadActual   3: 1 op, 290087.00 ns, 290.0870 us/op

// AfterActualRun
WorkloadResult   1: 1 op, 308928.00 ns, 308.9280 us/op
WorkloadResult   2: 1 op, 248887.00 ns, 248.8870 us/op
WorkloadResult   3: 1 op, 289596.00 ns, 289.5960 us/op
// GC:  0 0 0 6904 1
// Threading:  1 0 1

// AfterAll
// Benchmark Process 1357459 has exited with code 0.

Mean = 282.470 us, StdErr = 17.695 us (6.26%), N = 3, StdDev = 30.648 us
Min = 248.887 us, Q1 = 269.241 us, Median = 289.596 us, Q3 = 299.262 us, Max = 308.928 us
IQR = 30.020 us, LowerFence = 224.211 us, UpperFence = 344.293 us
ConfidenceInterval = [-276.667 us; 841.607 us] (CI 99.9%), Margin = 559.137 us (197.95% of Mean)
Skewness = -0.22, Kurtosis = 0.67, MValue = 2

// ** Remained 54 (85.7%) benchmark(s) to run. Estimated finish 2026-09-22 14:54 (0h 0m from now) **
// **************************
// Benchmark: SessionSetupDecompositionBenchmarks.BaselineF_FakeTransportCreationAsync: ShortRun(InvocationCount=1, IterationCount=3, LaunchCount=1, UnrollFactor=1, WarmupCount=3) [Sessions=1]
// *** Execute ***
// Launch: 1 / 1
// Execute: dotnet WinForward.Benchmarks-ShortRun-1.dll --anonymousPipes 123 125 --benchmarkName "WinForward.Benchmarks.Perf.SessionSetupDecompositionBenchmarks.BaselineF_FakeTransportCreationAsync(Sessions: 1)" --job ShortRun --benchmarkId 9 in /home/paff/Projects/WinForward/benchmarks/WinForward.Benchmarks/bin/Release/net10.0/WinForward.Benchmarks-ShortRun-1/bin/Release/net10.0
// Failed to set up high priority (Permission denied). In order to run benchmarks with high priority, make sure you have the right permissions.
// BeforeAnythingElse

// Benchmark Process Environment Information:
// BenchmarkDotNet v0.15.8
// Runtime=.NET 10.0.12 (10.0.12, 10.0.1226.42308), X64 RyuJIT x86-64-v4
// GC=Concurrent Workstation
// HardwareIntrinsics=AVX512 BITALG+VBMI2+VNNI+VPOPCNTDQ,AVX512 IFMA+VBMI,AVX512 F+BW+CD+DQ+VL,AVX2+BMI1+BMI2+F16C+FMA+LZCNT+MOVBE,AVX,SSE3+SSSE3+SSE4.1+SSE4.2+POPCNT,X86Base+SSE+SSE2,AES+PCLMUL,AvxVnni VectorSize=256
// Job: ShortRun(InvocationCount=1, IterationCount=3, LaunchCount=1, UnrollFactor=1, WarmupCount=3)

OverheadJitting  1: 1 op, 335236.00 ns, 335.2360 us/op
WorkloadJitting  1: 1 op, 7007732.00 ns, 7.0077 ms/op

OverheadWarmup   1: 1 op, 681.00 ns, 681.0000 ns/op
OverheadWarmup   2: 1 op, 731.00 ns, 731.0000 ns/op
OverheadWarmup   3: 1 op, 611.00 ns, 611.0000 ns/op
OverheadWarmup   4: 1 op, 541.00 ns, 541.0000 ns/op
OverheadWarmup   5: 1 op, 571.00 ns, 571.0000 ns/op
OverheadWarmup   6: 1 op, 541.00 ns, 541.0000 ns/op

OverheadActual   1: 1 op, 571.00 ns, 571.0000 ns/op
OverheadActual   2: 1 op, 631.00 ns, 631.0000 ns/op
OverheadActual   3: 1 op, 961.00 ns, 961.0000 ns/op
OverheadActual   4: 1 op, 811.00 ns, 811.0000 ns/op
OverheadActual   5: 1 op, 721.00 ns, 721.0000 ns/op
OverheadActual   6: 1 op, 511.00 ns, 511.0000 ns/op
OverheadActual   7: 1 op, 691.00 ns, 691.0000 ns/op
OverheadActual   8: 1 op, 701.00 ns, 701.0000 ns/op
OverheadActual   9: 1 op, 511.00 ns, 511.0000 ns/op
OverheadActual  10: 1 op, 532.00 ns, 532.0000 ns/op
OverheadActual  11: 1 op, 501.00 ns, 501.0000 ns/op
OverheadActual  12: 1 op, 591.00 ns, 591.0000 ns/op
OverheadActual  13: 1 op, 460.00 ns, 460.0000 ns/op
OverheadActual  14: 1 op, 461.00 ns, 461.0000 ns/op
OverheadActual  15: 1 op, 461.00 ns, 461.0000 ns/op
OverheadActual  16: 1 op, 641.00 ns, 641.0000 ns/op
OverheadActual  17: 1 op, 601.00 ns, 601.0000 ns/op
OverheadActual  18: 1 op, 431.00 ns, 431.0000 ns/op
OverheadActual  19: 1 op, 541.00 ns, 541.0000 ns/op
OverheadActual  20: 1 op, 461.00 ns, 461.0000 ns/op

WorkloadWarmup   1: 1 op, 123692.00 ns, 123.6920 us/op
WorkloadWarmup   2: 1 op, 14949.00 ns, 14.9490 us/op
WorkloadWarmup   3: 1 op, 11433.00 ns, 11.4330 us/op

// BeforeActualRun
WorkloadActual   1: 1 op, 11473.00 ns, 11.4730 us/op
WorkloadActual   2: 1 op, 11042.00 ns, 11.0420 us/op
WorkloadActual   3: 1 op, 15200.00 ns, 15.2000 us/op

// AfterActualRun
WorkloadResult   1: 1 op, 10917.00 ns, 10.9170 us/op
WorkloadResult   2: 1 op, 10486.00 ns, 10.4860 us/op
WorkloadResult   3: 1 op, 14644.00 ns, 14.6440 us/op
// GC:  0 0 0 136 1
// Threading:  0 0 1

// AfterAll
// Benchmark Process 1357471 has exited with code 0.

Mean = 12.016 us, StdErr = 1.320 us (10.99%), N = 3, StdDev = 2.286 us
Min = 10.486 us, Q1 = 10.701 us, Median = 10.917 us, Q3 = 12.780 us, Max = 14.644 us
IQR = 2.079 us, LowerFence = 7.583 us, UpperFence = 15.899 us
ConfidenceInterval = [-29.696 us; 53.728 us] (CI 99.9%), Margin = 41.712 us (347.15% of Mean)
Skewness = 0.37, Kurtosis = 0.67, MValue = 2

// ** Remained 53 (84.1%) benchmark(s) to run. Estimated finish 2026-09-22 14:54 (0h 0m from now) **
// **************************
// Benchmark: SessionSetupDecompositionBenchmarks.BaselineH_FlowKeyConstruction: ShortRun(InvocationCount=1, IterationCount=3, LaunchCount=1, UnrollFactor=1, WarmupCount=3) [Sessions=1]
// *** Execute ***
// Launch: 1 / 1
// Execute: dotnet WinForward.Benchmarks-ShortRun-1.dll --anonymousPipes 123 125 --benchmarkName "WinForward.Benchmarks.Perf.SessionSetupDecompositionBenchmarks.BaselineH_FlowKeyConstruction(Sessions: 1)" --job ShortRun --benchmarkId 10 in /home/paff/Projects/WinForward/benchmarks/WinForward.Benchmarks/bin/Release/net10.0/WinForward.Benchmarks-ShortRun-1/bin/Release/net10.0
// Failed to set up high priority (Permission denied). In order to run benchmarks with high priority, make sure you have the right permissions.
// BeforeAnythingElse

// Benchmark Process Environment Information:
// BenchmarkDotNet v0.15.8
// Runtime=.NET 10.0.12 (10.0.12, 10.0.1226.42308), X64 RyuJIT x86-64-v4
// GC=Concurrent Workstation
// HardwareIntrinsics=AVX512 BITALG+VBMI2+VNNI+VPOPCNTDQ,AVX512 IFMA+VBMI,AVX512 F+BW+CD+DQ+VL,AVX2+BMI1+BMI2+F16C+FMA+LZCNT+MOVBE,AVX,SSE3+SSSE3+SSE4.1+SSE4.2+POPCNT,X86Base+SSE+SSE2,AES+PCLMUL,AvxVnni VectorSize=256
// Job: ShortRun(InvocationCount=1, IterationCount=3, LaunchCount=1, UnrollFactor=1, WarmupCount=3)

OverheadJitting  1: 1 op, 280148.00 ns, 280.1480 us/op
WorkloadJitting  1: 1 op, 7547477.00 ns, 7.5475 ms/op

OverheadWarmup   1: 1 op, 782.00 ns, 782.0000 ns/op
OverheadWarmup   2: 1 op, 581.00 ns, 581.0000 ns/op
OverheadWarmup   3: 1 op, 551.00 ns, 551.0000 ns/op
OverheadWarmup   4: 1 op, 411.00 ns, 411.0000 ns/op
OverheadWarmup   5: 1 op, 421.00 ns, 421.0000 ns/op
OverheadWarmup   6: 1 op, 431.00 ns, 431.0000 ns/op
OverheadWarmup   7: 1 op, 391.00 ns, 391.0000 ns/op
OverheadWarmup   8: 1 op, 401.00 ns, 401.0000 ns/op
OverheadWarmup   9: 1 op, 411.00 ns, 411.0000 ns/op
OverheadWarmup  10: 1 op, 832.00 ns, 832.0000 ns/op

OverheadActual   1: 1 op, 411.00 ns, 411.0000 ns/op
OverheadActual   2: 1 op, 421.00 ns, 421.0000 ns/op
OverheadActual   3: 1 op, 411.00 ns, 411.0000 ns/op
OverheadActual   4: 1 op, 411.00 ns, 411.0000 ns/op
OverheadActual   5: 1 op, 431.00 ns, 431.0000 ns/op
OverheadActual   6: 1 op, 400.00 ns, 400.0000 ns/op
OverheadActual   7: 1 op, 421.00 ns, 421.0000 ns/op
OverheadActual   8: 1 op, 391.00 ns, 391.0000 ns/op
OverheadActual   9: 1 op, 451.00 ns, 451.0000 ns/op
OverheadActual  10: 1 op, 431.00 ns, 431.0000 ns/op
OverheadActual  11: 1 op, 792.00 ns, 792.0000 ns/op
OverheadActual  12: 1 op, 451.00 ns, 451.0000 ns/op
OverheadActual  13: 1 op, 461.00 ns, 461.0000 ns/op
OverheadActual  14: 1 op, 360.00 ns, 360.0000 ns/op
OverheadActual  15: 1 op, 401.00 ns, 401.0000 ns/op
OverheadActual  16: 1 op, 391.00 ns, 391.0000 ns/op
OverheadActual  17: 1 op, 671.00 ns, 671.0000 ns/op
OverheadActual  18: 1 op, 431.00 ns, 431.0000 ns/op
OverheadActual  19: 1 op, 451.00 ns, 451.0000 ns/op
OverheadActual  20: 1 op, 681.00 ns, 681.0000 ns/op

WorkloadWarmup   1: 1 op, 31201.00 ns, 31.2010 us/op
WorkloadWarmup   2: 1 op, 25860.00 ns, 25.8600 us/op
WorkloadWarmup   3: 1 op, 17194.00 ns, 17.1940 us/op

// BeforeActualRun
WorkloadActual   1: 1 op, 17604.00 ns, 17.6040 us/op
WorkloadActual   2: 1 op, 16112.00 ns, 16.1120 us/op
WorkloadActual   3: 1 op, 15410.00 ns, 15.4100 us/op

// AfterActualRun
WorkloadResult   1: 1 op, 17178.00 ns, 17.1780 us/op
WorkloadResult   2: 1 op, 15686.00 ns, 15.6860 us/op
WorkloadResult   3: 1 op, 14984.00 ns, 14.9840 us/op
// GC:  0 0 0 352 1
// Threading:  0 0 1

// AfterAll
// Benchmark Process 1357486 has exited with code 0.

Mean = 15.949 us, StdErr = 0.647 us (4.06%), N = 3, StdDev = 1.120 us
Min = 14.984 us, Q1 = 15.335 us, Median = 15.686 us, Q3 = 16.432 us, Max = 17.178 us
IQR = 1.097 us, LowerFence = 13.690 us, UpperFence = 18.078 us
ConfidenceInterval = [-4.492 us; 36.391 us] (CI 99.9%), Margin = 20.441 us (128.16% of Mean)
Skewness = 0.22, Kurtosis = 0.67, MValue = 2

// ** Remained 52 (82.5%) benchmark(s) to run. Estimated finish 2026-09-22 14:54 (0h 0m from now) **
// **************************
// Benchmark: SessionSetupDecompositionBenchmarks.ComponentC1_AssociationClaimRelease: ShortRun(InvocationCount=1, IterationCount=3, LaunchCount=1, UnrollFactor=1, WarmupCount=3) [Sessions=1]
// *** Execute ***
// Launch: 1 / 1
// Execute: dotnet WinForward.Benchmarks-ShortRun-1.dll --anonymousPipes 123 125 --benchmarkName "WinForward.Benchmarks.Perf.SessionSetupDecompositionBenchmarks.ComponentC1_AssociationClaimRelease(Sessions: 1)" --job ShortRun --benchmarkId 11 in /home/paff/Projects/WinForward/benchmarks/WinForward.Benchmarks/bin/Release/net10.0/WinForward.Benchmarks-ShortRun-1/bin/Release/net10.0
// Failed to set up high priority (Permission denied). In order to run benchmarks with high priority, make sure you have the right permissions.
// BeforeAnythingElse

// Benchmark Process Environment Information:
// BenchmarkDotNet v0.15.8
// Runtime=.NET 10.0.12 (10.0.12, 10.0.1226.42308), X64 RyuJIT x86-64-v4
// GC=Concurrent Workstation
// HardwareIntrinsics=AVX512 BITALG+VBMI2+VNNI+VPOPCNTDQ,AVX512 IFMA+VBMI,AVX512 F+BW+CD+DQ+VL,AVX2+BMI1+BMI2+F16C+FMA+LZCNT+MOVBE,AVX,SSE3+SSSE3+SSE4.1+SSE4.2+POPCNT,X86Base+SSE+SSE2,AES+PCLMUL,AvxVnni VectorSize=256
// Job: ShortRun(InvocationCount=1, IterationCount=3, LaunchCount=1, UnrollFactor=1, WarmupCount=3)

OverheadJitting  1: 1 op, 374943.00 ns, 374.9430 us/op
WorkloadJitting  1: 1 op, 19812039.00 ns, 19.8120 ms/op

OverheadWarmup   1: 1 op, 782.00 ns, 782.0000 ns/op
OverheadWarmup   2: 1 op, 852.00 ns, 852.0000 ns/op
OverheadWarmup   3: 1 op, 521.00 ns, 521.0000 ns/op
OverheadWarmup   4: 1 op, 401.00 ns, 401.0000 ns/op
OverheadWarmup   5: 1 op, 451.00 ns, 451.0000 ns/op
OverheadWarmup   6: 1 op, 400.00 ns, 400.0000 ns/op

OverheadActual   1: 1 op, 701.00 ns, 701.0000 ns/op
OverheadActual   2: 1 op, 661.00 ns, 661.0000 ns/op
OverheadActual   3: 1 op, 471.00 ns, 471.0000 ns/op
OverheadActual   4: 1 op, 601.00 ns, 601.0000 ns/op
OverheadActual   5: 1 op, 411.00 ns, 411.0000 ns/op
OverheadActual   6: 1 op, 501.00 ns, 501.0000 ns/op
OverheadActual   7: 1 op, 491.00 ns, 491.0000 ns/op
OverheadActual   8: 1 op, 481.00 ns, 481.0000 ns/op
OverheadActual   9: 1 op, 401.00 ns, 401.0000 ns/op
OverheadActual  10: 1 op, 430.00 ns, 430.0000 ns/op
OverheadActual  11: 1 op, 420.00 ns, 420.0000 ns/op
OverheadActual  12: 1 op, 381.00 ns, 381.0000 ns/op
OverheadActual  13: 1 op, 401.00 ns, 401.0000 ns/op
OverheadActual  14: 1 op, 862.00 ns, 862.0000 ns/op
OverheadActual  15: 1 op, 481.00 ns, 481.0000 ns/op
OverheadActual  16: 1 op, 401.00 ns, 401.0000 ns/op
OverheadActual  17: 1 op, 400.00 ns, 400.0000 ns/op
OverheadActual  18: 1 op, 411.00 ns, 411.0000 ns/op
OverheadActual  19: 1 op, 691.00 ns, 691.0000 ns/op
OverheadActual  20: 1 op, 361.00 ns, 361.0000 ns/op

WorkloadWarmup   1: 1 op, 58133.00 ns, 58.1330 us/op
WorkloadWarmup   2: 1 op, 35609.00 ns, 35.6090 us/op
WorkloadWarmup   3: 1 op, 48926.00 ns, 48.9260 us/op

// BeforeActualRun
WorkloadActual   1: 1 op, 33315.00 ns, 33.3150 us/op
WorkloadActual   2: 1 op, 31221.00 ns, 31.2210 us/op
WorkloadActual   3: 1 op, 30098.00 ns, 30.0980 us/op

// AfterActualRun
WorkloadResult   1: 1 op, 32864.50 ns, 32.8645 us/op
WorkloadResult   2: 1 op, 30770.50 ns, 30.7705 us/op
WorkloadResult   3: 1 op, 29647.50 ns, 29.6475 us/op
// GC:  0 0 0 2120 1
// Threading:  0 0 1

// AfterAll
// Benchmark Process 1357495 has exited with code 0.

Mean = 31.094 us, StdErr = 0.943 us (3.03%), N = 3, StdDev = 1.633 us
Min = 29.648 us, Q1 = 30.209 us, Median = 30.770 us, Q3 = 31.817 us, Max = 32.864 us
IQR = 1.609 us, LowerFence = 27.796 us, UpperFence = 34.230 us
ConfidenceInterval = [1.307 us; 60.881 us] (CI 99.9%), Margin = 29.787 us (95.80% of Mean)
Skewness = 0.19, Kurtosis = 0.67, MValue = 2

// ** Remained 51 (81.0%) benchmark(s) to run. Estimated finish 2026-09-22 14:54 (0h 0m from now) **
// **************************
// Benchmark: SessionSetupDecompositionBenchmarks.ComponentC2_SessionConstructStartAsync: ShortRun(InvocationCount=1, IterationCount=3, LaunchCount=1, UnrollFactor=1, WarmupCount=3) [Sessions=1]
// *** Execute ***
// Launch: 1 / 1
// Execute: dotnet WinForward.Benchmarks-ShortRun-1.dll --anonymousPipes 123 125 --benchmarkName "WinForward.Benchmarks.Perf.SessionSetupDecompositionBenchmarks.ComponentC2_SessionConstructStartAsync(Sessions: 1)" --job ShortRun --benchmarkId 12 in /home/paff/Projects/WinForward/benchmarks/WinForward.Benchmarks/bin/Release/net10.0/WinForward.Benchmarks-ShortRun-1/bin/Release/net10.0
// Failed to set up high priority (Permission denied). In order to run benchmarks with high priority, make sure you have the right permissions.
// BeforeAnythingElse

// Benchmark Process Environment Information:
// BenchmarkDotNet v0.15.8
// Runtime=.NET 10.0.12 (10.0.12, 10.0.1226.42308), X64 RyuJIT x86-64-v4
// GC=Concurrent Workstation
// HardwareIntrinsics=AVX512 BITALG+VBMI2+VNNI+VPOPCNTDQ,AVX512 IFMA+VBMI,AVX512 F+BW+CD+DQ+VL,AVX2+BMI1+BMI2+F16C+FMA+LZCNT+MOVBE,AVX,SSE3+SSSE3+SSE4.1+SSE4.2+POPCNT,X86Base+SSE+SSE2,AES+PCLMUL,AvxVnni VectorSize=256
// Job: ShortRun(InvocationCount=1, IterationCount=3, LaunchCount=1, UnrollFactor=1, WarmupCount=3)

OverheadJitting  1: 1 op, 760540.00 ns, 760.5400 us/op
WorkloadJitting  1: 1 op, 32654084.00 ns, 32.6541 ms/op

OverheadWarmup   1: 1 op, 752.00 ns, 752.0000 ns/op
OverheadWarmup   2: 1 op, 772.00 ns, 772.0000 ns/op
OverheadWarmup   3: 1 op, 611.00 ns, 611.0000 ns/op
OverheadWarmup   4: 1 op, 371.00 ns, 371.0000 ns/op
OverheadWarmup   5: 1 op, 732.00 ns, 732.0000 ns/op
OverheadWarmup   6: 1 op, 491.00 ns, 491.0000 ns/op

OverheadActual   1: 1 op, 481.00 ns, 481.0000 ns/op
OverheadActual   2: 1 op, 531.00 ns, 531.0000 ns/op
OverheadActual   3: 1 op, 541.00 ns, 541.0000 ns/op
OverheadActual   4: 1 op, 401.00 ns, 401.0000 ns/op
OverheadActual   5: 1 op, 401.00 ns, 401.0000 ns/op
OverheadActual   6: 1 op, 310.00 ns, 310.0000 ns/op
OverheadActual   7: 1 op, 401.00 ns, 401.0000 ns/op
OverheadActual   8: 1 op, 411.00 ns, 411.0000 ns/op
OverheadActual   9: 1 op, 280.00 ns, 280.0000 ns/op
OverheadActual  10: 1 op, 401.00 ns, 401.0000 ns/op
OverheadActual  11: 1 op, 371.00 ns, 371.0000 ns/op
OverheadActual  12: 1 op, 311.00 ns, 311.0000 ns/op
OverheadActual  13: 1 op, 411.00 ns, 411.0000 ns/op
OverheadActual  14: 1 op, 461.00 ns, 461.0000 ns/op
OverheadActual  15: 1 op, 441.00 ns, 441.0000 ns/op
OverheadActual  16: 1 op, 321.00 ns, 321.0000 ns/op
OverheadActual  17: 1 op, 441.00 ns, 441.0000 ns/op
OverheadActual  18: 1 op, 461.00 ns, 461.0000 ns/op
OverheadActual  19: 1 op, 391.00 ns, 391.0000 ns/op
OverheadActual  20: 1 op, 441.00 ns, 441.0000 ns/op

WorkloadWarmup   1: 1 op, 205702.00 ns, 205.7020 us/op
WorkloadWarmup   2: 1 op, 55118.00 ns, 55.1180 us/op
WorkloadWarmup   3: 1 op, 42403.00 ns, 42.4030 us/op

// BeforeActualRun
WorkloadActual   1: 1 op, 86479.00 ns, 86.4790 us/op
WorkloadActual   2: 1 op, 44597.00 ns, 44.5970 us/op
WorkloadActual   3: 1 op, 43255.00 ns, 43.2550 us/op

// AfterActualRun
WorkloadResult   1: 1 op, 86073.00 ns, 86.0730 us/op
WorkloadResult   2: 1 op, 44191.00 ns, 44.1910 us/op
WorkloadResult   3: 1 op, 42849.00 ns, 42.8490 us/op
// GC:  0 0 0 5832 1
// Threading:  0 0 1

// AfterAll
// Benchmark Process 1357516 has exited with code 0.

Mean = 57.704 us, StdErr = 14.190 us (24.59%), N = 3, StdDev = 24.577 us
Min = 42.849 us, Q1 = 43.520 us, Median = 44.191 us, Q3 = 65.132 us, Max = 86.073 us
IQR = 21.612 us, LowerFence = 11.102 us, UpperFence = 97.550 us
ConfidenceInterval = [-390.674 us; 506.083 us] (CI 99.9%), Margin = 448.379 us (777.03% of Mean)
Skewness = 0.38, Kurtosis = 0.67, MValue = 2

// ** Remained 50 (79.4%) benchmark(s) to run. Estimated finish 2026-09-22 14:54 (0h 0m from now) **
// **************************
// Benchmark: SessionSetupDecompositionBenchmarks.ComponentC2a1_ContextRecordStaticLambda: ShortRun(InvocationCount=1, IterationCount=3, LaunchCount=1, UnrollFactor=1, WarmupCount=3) [Sessions=1]
// *** Execute ***
// Launch: 1 / 1
// Execute: dotnet WinForward.Benchmarks-ShortRun-1.dll --anonymousPipes 123 125 --benchmarkName "WinForward.Benchmarks.Perf.SessionSetupDecompositionBenchmarks.ComponentC2a1_ContextRecordStaticLambda(Sessions: 1)" --job ShortRun --benchmarkId 13 in /home/paff/Projects/WinForward/benchmarks/WinForward.Benchmarks/bin/Release/net10.0/WinForward.Benchmarks-ShortRun-1/bin/Release/net10.0
// Failed to set up high priority (Permission denied). In order to run benchmarks with high priority, make sure you have the right permissions.
// BeforeAnythingElse

// Benchmark Process Environment Information:
// BenchmarkDotNet v0.15.8
// Runtime=.NET 10.0.12 (10.0.12, 10.0.1226.42308), X64 RyuJIT x86-64-v4
// GC=Concurrent Workstation
// HardwareIntrinsics=AVX512 BITALG+VBMI2+VNNI+VPOPCNTDQ,AVX512 IFMA+VBMI,AVX512 F+BW+CD+DQ+VL,AVX2+BMI1+BMI2+F16C+FMA+LZCNT+MOVBE,AVX,SSE3+SSSE3+SSE4.1+SSE4.2+POPCNT,X86Base+SSE+SSE2,AES+PCLMUL,AvxVnni VectorSize=256
// Job: ShortRun(InvocationCount=1, IterationCount=3, LaunchCount=1, UnrollFactor=1, WarmupCount=3)

OverheadJitting  1: 1 op, 275759.00 ns, 275.7590 us/op
WorkloadJitting  1: 1 op, 18210324.00 ns, 18.2103 ms/op

OverheadWarmup   1: 1 op, 521.00 ns, 521.0000 ns/op
OverheadWarmup   2: 1 op, 331.00 ns, 331.0000 ns/op
OverheadWarmup   3: 1 op, 391.00 ns, 391.0000 ns/op
OverheadWarmup   4: 1 op, 301.00 ns, 301.0000 ns/op
OverheadWarmup   5: 1 op, 290.00 ns, 290.0000 ns/op
OverheadWarmup   6: 1 op, 281.00 ns, 281.0000 ns/op
OverheadWarmup   7: 1 op, 440.00 ns, 440.0000 ns/op
OverheadWarmup   8: 1 op, 360.00 ns, 360.0000 ns/op

OverheadActual   1: 1 op, 902.00 ns, 902.0000 ns/op
OverheadActual   2: 1 op, 420.00 ns, 420.0000 ns/op
OverheadActual   3: 1 op, 400.00 ns, 400.0000 ns/op
OverheadActual   4: 1 op, 400.00 ns, 400.0000 ns/op
OverheadActual   5: 1 op, 450.00 ns, 450.0000 ns/op
OverheadActual   6: 1 op, 381.00 ns, 381.0000 ns/op
OverheadActual   7: 1 op, 360.00 ns, 360.0000 ns/op
OverheadActual   8: 1 op, 371.00 ns, 371.0000 ns/op
OverheadActual   9: 1 op, 351.00 ns, 351.0000 ns/op
OverheadActual  10: 1 op, 280.00 ns, 280.0000 ns/op
OverheadActual  11: 1 op, 421.00 ns, 421.0000 ns/op
OverheadActual  12: 1 op, 360.00 ns, 360.0000 ns/op
OverheadActual  13: 1 op, 280.00 ns, 280.0000 ns/op
OverheadActual  14: 1 op, 260.00 ns, 260.0000 ns/op
OverheadActual  15: 1 op, 301.00 ns, 301.0000 ns/op
OverheadActual  16: 1 op, 291.00 ns, 291.0000 ns/op
OverheadActual  17: 1 op, 271.00 ns, 271.0000 ns/op
OverheadActual  18: 1 op, 371.00 ns, 371.0000 ns/op
OverheadActual  19: 1 op, 511.00 ns, 511.0000 ns/op
OverheadActual  20: 1 op, 421.00 ns, 421.0000 ns/op

WorkloadWarmup   1: 1 op, 67552.00 ns, 67.5520 us/op
WorkloadWarmup   2: 1 op, 28525.00 ns, 28.5250 us/op
WorkloadWarmup   3: 1 op, 28326.00 ns, 28.3260 us/op

// BeforeActualRun
WorkloadActual   1: 1 op, 61470.00 ns, 61.4700 us/op
WorkloadActual   2: 1 op, 27734.00 ns, 27.7340 us/op
WorkloadActual   3: 1 op, 50098.00 ns, 50.0980 us/op

// AfterActualRun
WorkloadResult   1: 1 op, 61099.00 ns, 61.0990 us/op
WorkloadResult   2: 1 op, 27363.00 ns, 27.3630 us/op
WorkloadResult   3: 1 op, 49727.00 ns, 49.7270 us/op
// GC:  0 0 0 4048 1
// Threading:  0 0 1

// AfterAll
// Benchmark Process 1357528 has exited with code 0.

Mean = 46.063 us, StdErr = 9.910 us (21.51%), N = 3, StdDev = 17.164 us
Min = 27.363 us, Q1 = 38.545 us, Median = 49.727 us, Q3 = 55.413 us, Max = 61.099 us
IQR = 16.868 us, LowerFence = 13.243 us, UpperFence = 80.715 us
ConfidenceInterval = [-267.070 us; 359.196 us] (CI 99.9%), Margin = 313.133 us (679.79% of Mean)
Skewness = -0.2, Kurtosis = 0.67, MValue = 2

// ** Remained 49 (77.8%) benchmark(s) to run. Estimated finish 2026-09-22 14:54 (0h 0m from now) **
// **************************
// Benchmark: SessionSetupDecompositionBenchmarks.ComponentC2a2_ContextRecordMethodGroup: ShortRun(InvocationCount=1, IterationCount=3, LaunchCount=1, UnrollFactor=1, WarmupCount=3) [Sessions=1]
// *** Execute ***
// Launch: 1 / 1
// Execute: dotnet WinForward.Benchmarks-ShortRun-1.dll --anonymousPipes 123 125 --benchmarkName "WinForward.Benchmarks.Perf.SessionSetupDecompositionBenchmarks.ComponentC2a2_ContextRecordMethodGroup(Sessions: 1)" --job ShortRun --benchmarkId 14 in /home/paff/Projects/WinForward/benchmarks/WinForward.Benchmarks/bin/Release/net10.0/WinForward.Benchmarks-ShortRun-1/bin/Release/net10.0
// Failed to set up high priority (Permission denied). In order to run benchmarks with high priority, make sure you have the right permissions.
// BeforeAnythingElse

// Benchmark Process Environment Information:
// BenchmarkDotNet v0.15.8
// Runtime=.NET 10.0.12 (10.0.12, 10.0.1226.42308), X64 RyuJIT x86-64-v4
// GC=Concurrent Workstation
// HardwareIntrinsics=AVX512 BITALG+VBMI2+VNNI+VPOPCNTDQ,AVX512 IFMA+VBMI,AVX512 F+BW+CD+DQ+VL,AVX2+BMI1+BMI2+F16C+FMA+LZCNT+MOVBE,AVX,SSE3+SSSE3+SSE4.1+SSE4.2+POPCNT,X86Base+SSE+SSE2,AES+PCLMUL,AvxVnni VectorSize=256
// Job: ShortRun(InvocationCount=1, IterationCount=3, LaunchCount=1, UnrollFactor=1, WarmupCount=3)

OverheadJitting  1: 1 op, 281741.00 ns, 281.7410 us/op
WorkloadJitting  1: 1 op, 20256825.00 ns, 20.2568 ms/op

OverheadWarmup   1: 1 op, 691.00 ns, 691.0000 ns/op
OverheadWarmup   2: 1 op, 812.00 ns, 812.0000 ns/op
OverheadWarmup   3: 1 op, 722.00 ns, 722.0000 ns/op
OverheadWarmup   4: 1 op, 391.00 ns, 391.0000 ns/op
OverheadWarmup   5: 1 op, 431.00 ns, 431.0000 ns/op
OverheadWarmup   6: 1 op, 410.00 ns, 410.0000 ns/op

OverheadActual   1: 1 op, 491.00 ns, 491.0000 ns/op
OverheadActual   2: 1 op, 511.00 ns, 511.0000 ns/op
OverheadActual   3: 1 op, 902.00 ns, 902.0000 ns/op
OverheadActual   4: 1 op, 791.00 ns, 791.0000 ns/op
OverheadActual   5: 1 op, 541.00 ns, 541.0000 ns/op
OverheadActual   6: 1 op, 370.00 ns, 370.0000 ns/op
OverheadActual   7: 1 op, 731.00 ns, 731.0000 ns/op
OverheadActual   8: 1 op, 531.00 ns, 531.0000 ns/op
OverheadActual   9: 1 op, 491.00 ns, 491.0000 ns/op
OverheadActual  10: 1 op, 491.00 ns, 491.0000 ns/op
OverheadActual  11: 1 op, 451.00 ns, 451.0000 ns/op
OverheadActual  12: 1 op, 491.00 ns, 491.0000 ns/op
OverheadActual  13: 1 op, 241.00 ns, 241.0000 ns/op
OverheadActual  14: 1 op, 411.00 ns, 411.0000 ns/op
OverheadActual  15: 1 op, 361.00 ns, 361.0000 ns/op
OverheadActual  16: 1 op, 390.00 ns, 390.0000 ns/op
OverheadActual  17: 1 op, 401.00 ns, 401.0000 ns/op
OverheadActual  18: 1 op, 531.00 ns, 531.0000 ns/op
OverheadActual  19: 1 op, 401.00 ns, 401.0000 ns/op
OverheadActual  20: 1 op, 451.00 ns, 451.0000 ns/op

WorkloadWarmup   1: 1 op, 90768.00 ns, 90.7680 us/op
WorkloadWarmup   2: 1 op, 64506.00 ns, 64.5060 us/op
WorkloadWarmup   3: 1 op, 24688.00 ns, 24.6880 us/op

// BeforeActualRun
WorkloadActual   1: 1 op, 58324.00 ns, 58.3240 us/op
WorkloadActual   2: 1 op, 22794.00 ns, 22.7940 us/op
WorkloadActual   3: 1 op, 35720.00 ns, 35.7200 us/op

// AfterActualRun
WorkloadResult   1: 1 op, 57833.00 ns, 57.8330 us/op
WorkloadResult   2: 1 op, 22303.00 ns, 22.3030 us/op
WorkloadResult   3: 1 op, 35229.00 ns, 35.2290 us/op
// GC:  0 0 0 4136 1
// Threading:  0 0 1

// AfterAll
// Benchmark Process 1357537 has exited with code 0.

Mean = 38.455 us, StdErr = 10.383 us (27.00%), N = 3, StdDev = 17.983 us
Min = 22.303 us, Q1 = 28.766 us, Median = 35.229 us, Q3 = 46.531 us, Max = 57.833 us
IQR = 17.765 us, LowerFence = 2.119 us, UpperFence = 73.178 us
ConfidenceInterval = [-289.628 us; 366.538 us] (CI 99.9%), Margin = 328.083 us (853.16% of Mean)
Skewness = 0.17, Kurtosis = 0.67, MValue = 2

// ** Remained 48 (76.2%) benchmark(s) to run. Estimated finish 2026-09-22 14:54 (0h 0m from now) **
// **************************
// Benchmark: SessionSetupDecompositionBenchmarks.ComponentC2b_SessionConstructOnly: ShortRun(InvocationCount=1, IterationCount=3, LaunchCount=1, UnrollFactor=1, WarmupCount=3) [Sessions=1]
// *** Execute ***
// Launch: 1 / 1
// Execute: dotnet WinForward.Benchmarks-ShortRun-1.dll --anonymousPipes 123 125 --benchmarkName "WinForward.Benchmarks.Perf.SessionSetupDecompositionBenchmarks.ComponentC2b_SessionConstructOnly(Sessions: 1)" --job ShortRun --benchmarkId 15 in /home/paff/Projects/WinForward/benchmarks/WinForward.Benchmarks/bin/Release/net10.0/WinForward.Benchmarks-ShortRun-1/bin/Release/net10.0
// Failed to set up high priority (Permission denied). In order to run benchmarks with high priority, make sure you have the right permissions.
// BeforeAnythingElse

// Benchmark Process Environment Information:
// BenchmarkDotNet v0.15.8
// Runtime=.NET 10.0.12 (10.0.12, 10.0.1226.42308), X64 RyuJIT x86-64-v4
// GC=Concurrent Workstation
// HardwareIntrinsics=AVX512 BITALG+VBMI2+VNNI+VPOPCNTDQ,AVX512 IFMA+VBMI,AVX512 F+BW+CD+DQ+VL,AVX2+BMI1+BMI2+F16C+FMA+LZCNT+MOVBE,AVX,SSE3+SSSE3+SSE4.1+SSE4.2+POPCNT,X86Base+SSE+SSE2,AES+PCLMUL,AvxVnni VectorSize=256
// Job: ShortRun(InvocationCount=1, IterationCount=3, LaunchCount=1, UnrollFactor=1, WarmupCount=3)

OverheadJitting  1: 1 op, 352278.00 ns, 352.2780 us/op
WorkloadJitting  1: 1 op, 24886474.00 ns, 24.8865 ms/op

OverheadWarmup   1: 1 op, 1082.00 ns, 1.0820 us/op
OverheadWarmup   2: 1 op, 822.00 ns, 822.0000 ns/op
OverheadWarmup   3: 1 op, 471.00 ns, 471.0000 ns/op
OverheadWarmup   4: 1 op, 431.00 ns, 431.0000 ns/op
OverheadWarmup   5: 1 op, 421.00 ns, 421.0000 ns/op
OverheadWarmup   6: 1 op, 320.00 ns, 320.0000 ns/op
OverheadWarmup   7: 1 op, 421.00 ns, 421.0000 ns/op
OverheadWarmup   8: 1 op, 401.00 ns, 401.0000 ns/op
OverheadWarmup   9: 1 op, 361.00 ns, 361.0000 ns/op
OverheadWarmup  10: 1 op, 431.00 ns, 431.0000 ns/op

OverheadActual   1: 1 op, 390.00 ns, 390.0000 ns/op
OverheadActual   2: 1 op, 391.00 ns, 391.0000 ns/op
OverheadActual   3: 1 op, 400.00 ns, 400.0000 ns/op
OverheadActual   4: 1 op, 391.00 ns, 391.0000 ns/op
OverheadActual   5: 1 op, 381.00 ns, 381.0000 ns/op
OverheadActual   6: 1 op, 451.00 ns, 451.0000 ns/op
OverheadActual   7: 1 op, 411.00 ns, 411.0000 ns/op
OverheadActual   8: 1 op, 411.00 ns, 411.0000 ns/op
OverheadActual   9: 1 op, 421.00 ns, 421.0000 ns/op
OverheadActual  10: 1 op, 281.00 ns, 281.0000 ns/op
OverheadActual  11: 1 op, 291.00 ns, 291.0000 ns/op
OverheadActual  12: 1 op, 270.00 ns, 270.0000 ns/op
OverheadActual  13: 1 op, 280.00 ns, 280.0000 ns/op
OverheadActual  14: 1 op, 430.00 ns, 430.0000 ns/op
OverheadActual  15: 1 op, 401.00 ns, 401.0000 ns/op
OverheadActual  16: 1 op, 291.00 ns, 291.0000 ns/op
OverheadActual  17: 1 op, 380.00 ns, 380.0000 ns/op
OverheadActual  18: 1 op, 281.00 ns, 281.0000 ns/op
OverheadActual  19: 1 op, 281.00 ns, 281.0000 ns/op
OverheadActual  20: 1 op, 360.00 ns, 360.0000 ns/op

WorkloadWarmup   1: 1 op, 72632.00 ns, 72.6320 us/op
WorkloadWarmup   2: 1 op, 30540.00 ns, 30.5400 us/op
WorkloadWarmup   3: 1 op, 27113.00 ns, 27.1130 us/op

// BeforeActualRun
WorkloadActual   1: 1 op, 76559.00 ns, 76.5590 us/op
WorkloadActual   2: 1 op, 60118.00 ns, 60.1180 us/op
WorkloadActual   3: 1 op, 31752.00 ns, 31.7520 us/op

// AfterActualRun
WorkloadResult   1: 1 op, 76173.50 ns, 76.1735 us/op
WorkloadResult   2: 1 op, 59732.50 ns, 59.7325 us/op
WorkloadResult   3: 1 op, 31366.50 ns, 31.3665 us/op
// GC:  0 0 0 4768 1
// Threading:  0 0 1

// AfterAll
// Benchmark Process 1357548 has exited with code 0.

Mean = 55.758 us, StdErr = 13.086 us (23.47%), N = 3, StdDev = 22.666 us
Min = 31.366 us, Q1 = 45.550 us, Median = 59.733 us, Q3 = 67.953 us, Max = 76.174 us
IQR = 22.404 us, LowerFence = 11.944 us, UpperFence = 101.558 us
ConfidenceInterval = [-357.763 us; 469.278 us] (CI 99.9%), Margin = 413.520 us (741.64% of Mean)
Skewness = -0.17, Kurtosis = 0.67, MValue = 2

// ** Remained 47 (74.6%) benchmark(s) to run. Estimated finish 2026-09-22 14:54 (0h 0m from now) **
// **************************
// Benchmark: SessionSetupDecompositionBenchmarks.ComponentC2c1_ScopeConstructLinked: ShortRun(InvocationCount=1, IterationCount=3, LaunchCount=1, UnrollFactor=1, WarmupCount=3) [Sessions=1]
// *** Execute ***
// Launch: 1 / 1
// Execute: dotnet WinForward.Benchmarks-ShortRun-1.dll --anonymousPipes 123 125 --benchmarkName "WinForward.Benchmarks.Perf.SessionSetupDecompositionBenchmarks.ComponentC2c1_ScopeConstructLinked(Sessions: 1)" --job ShortRun --benchmarkId 16 in /home/paff/Projects/WinForward/benchmarks/WinForward.Benchmarks/bin/Release/net10.0/WinForward.Benchmarks-ShortRun-1/bin/Release/net10.0
// Failed to set up high priority (Permission denied). In order to run benchmarks with high priority, make sure you have the right permissions.
// BeforeAnythingElse

// Benchmark Process Environment Information:
// BenchmarkDotNet v0.15.8
// Runtime=.NET 10.0.12 (10.0.12, 10.0.1226.42308), X64 RyuJIT x86-64-v4
// GC=Concurrent Workstation
// HardwareIntrinsics=AVX512 BITALG+VBMI2+VNNI+VPOPCNTDQ,AVX512 IFMA+VBMI,AVX512 F+BW+CD+DQ+VL,AVX2+BMI1+BMI2+F16C+FMA+LZCNT+MOVBE,AVX,SSE3+SSSE3+SSE4.1+SSE4.2+POPCNT,X86Base+SSE+SSE2,AES+PCLMUL,AvxVnni VectorSize=256
// Job: ShortRun(InvocationCount=1, IterationCount=3, LaunchCount=1, UnrollFactor=1, WarmupCount=3)

OverheadJitting  1: 1 op, 277733.00 ns, 277.7330 us/op
WorkloadJitting  1: 1 op, 2016643.00 ns, 2.0166 ms/op

OverheadWarmup   1: 1 op, 691.00 ns, 691.0000 ns/op
OverheadWarmup   2: 1 op, 391.00 ns, 391.0000 ns/op
OverheadWarmup   3: 1 op, 451.00 ns, 451.0000 ns/op
OverheadWarmup   4: 1 op, 421.00 ns, 421.0000 ns/op
OverheadWarmup   5: 1 op, 481.00 ns, 481.0000 ns/op
OverheadWarmup   6: 1 op, 310.00 ns, 310.0000 ns/op

OverheadActual   1: 1 op, 420.00 ns, 420.0000 ns/op
OverheadActual   2: 1 op, 431.00 ns, 431.0000 ns/op
OverheadActual   3: 1 op, 481.00 ns, 481.0000 ns/op
OverheadActual   4: 1 op, 471.00 ns, 471.0000 ns/op
OverheadActual   5: 1 op, 420.00 ns, 420.0000 ns/op
OverheadActual   6: 1 op, 661.00 ns, 661.0000 ns/op
OverheadActual   7: 1 op, 441.00 ns, 441.0000 ns/op
OverheadActual   8: 1 op, 461.00 ns, 461.0000 ns/op
OverheadActual   9: 1 op, 471.00 ns, 471.0000 ns/op
OverheadActual  10: 1 op, 441.00 ns, 441.0000 ns/op
OverheadActual  11: 1 op, 451.00 ns, 451.0000 ns/op
OverheadActual  12: 1 op, 451.00 ns, 451.0000 ns/op
OverheadActual  13: 1 op, 451.00 ns, 451.0000 ns/op
OverheadActual  14: 1 op, 431.00 ns, 431.0000 ns/op
OverheadActual  15: 1 op, 461.00 ns, 461.0000 ns/op

WorkloadWarmup   1: 1 op, 17034.00 ns, 17.0340 us/op
WorkloadWarmup   2: 1 op, 9859.00 ns, 9.8590 us/op
WorkloadWarmup   3: 1 op, 8707.00 ns, 8.7070 us/op

// BeforeActualRun
WorkloadActual   1: 1 op, 13987.00 ns, 13.9870 us/op
WorkloadActual   2: 1 op, 7565.00 ns, 7.5650 us/op
WorkloadActual   3: 1 op, 6092.00 ns, 6.0920 us/op

// AfterActualRun
WorkloadResult   1: 1 op, 13536.00 ns, 13.5360 us/op
WorkloadResult   2: 1 op, 7114.00 ns, 7.1140 us/op
WorkloadResult   3: 1 op, 5641.00 ns, 5.6410 us/op
// GC:  0 0 0 416 1
// Threading:  0 0 1

// AfterAll
// Benchmark Process 1357557 has exited with code 0.

Mean = 8.764 us, StdErr = 2.424 us (27.66%), N = 3, StdDev = 4.198 us
Min = 5.641 us, Q1 = 6.378 us, Median = 7.114 us, Q3 = 10.325 us, Max = 13.536 us
IQR = 3.947 us, LowerFence = 0.456 us, UpperFence = 16.246 us
ConfidenceInterval = [-67.825 us; 85.352 us] (CI 99.9%), Margin = 76.588 us (873.93% of Mean)
Skewness = 0.33, Kurtosis = 0.67, MValue = 2

// ** Remained 46 (73.0%) benchmark(s) to run. Estimated finish 2026-09-22 14:54 (0h 0m from now) **
// **************************
// Benchmark: SessionSetupDecompositionBenchmarks.ComponentC2c2_ScopeConstructUnlinked: ShortRun(InvocationCount=1, IterationCount=3, LaunchCount=1, UnrollFactor=1, WarmupCount=3) [Sessions=1]
// *** Execute ***
// Launch: 1 / 1
// Execute: dotnet WinForward.Benchmarks-ShortRun-1.dll --anonymousPipes 123 125 --benchmarkName "WinForward.Benchmarks.Perf.SessionSetupDecompositionBenchmarks.ComponentC2c2_ScopeConstructUnlinked(Sessions: 1)" --job ShortRun --benchmarkId 17 in /home/paff/Projects/WinForward/benchmarks/WinForward.Benchmarks/bin/Release/net10.0/WinForward.Benchmarks-ShortRun-1/bin/Release/net10.0
// Failed to set up high priority (Permission denied). In order to run benchmarks with high priority, make sure you have the right permissions.
// BeforeAnythingElse

// Benchmark Process Environment Information:
// BenchmarkDotNet v0.15.8
// Runtime=.NET 10.0.12 (10.0.12, 10.0.1226.42308), X64 RyuJIT x86-64-v4
// GC=Concurrent Workstation
// HardwareIntrinsics=AVX512 BITALG+VBMI2+VNNI+VPOPCNTDQ,AVX512 IFMA+VBMI,AVX512 F+BW+CD+DQ+VL,AVX2+BMI1+BMI2+F16C+FMA+LZCNT+MOVBE,AVX,SSE3+SSSE3+SSE4.1+SSE4.2+POPCNT,X86Base+SSE+SSE2,AES+PCLMUL,AvxVnni VectorSize=256
// Job: ShortRun(InvocationCount=1, IterationCount=3, LaunchCount=1, UnrollFactor=1, WarmupCount=3)

OverheadJitting  1: 1 op, 314946.00 ns, 314.9460 us/op
WorkloadJitting  1: 1 op, 1723740.00 ns, 1.7237 ms/op

OverheadWarmup   1: 1 op, 421.00 ns, 421.0000 ns/op
OverheadWarmup   2: 1 op, 381.00 ns, 381.0000 ns/op
OverheadWarmup   3: 1 op, 410.00 ns, 410.0000 ns/op
OverheadWarmup   4: 1 op, 431.00 ns, 431.0000 ns/op
OverheadWarmup   5: 1 op, 501.00 ns, 501.0000 ns/op
OverheadWarmup   6: 1 op, 431.00 ns, 431.0000 ns/op
OverheadWarmup   7: 1 op, 441.00 ns, 441.0000 ns/op
OverheadWarmup   8: 1 op, 832.00 ns, 832.0000 ns/op
OverheadWarmup   9: 1 op, 461.00 ns, 461.0000 ns/op

OverheadActual   1: 1 op, 430.00 ns, 430.0000 ns/op
OverheadActual   2: 1 op, 471.00 ns, 471.0000 ns/op
OverheadActual   3: 1 op, 431.00 ns, 431.0000 ns/op
OverheadActual   4: 1 op, 481.00 ns, 481.0000 ns/op
OverheadActual   5: 1 op, 611.00 ns, 611.0000 ns/op
OverheadActual   6: 1 op, 451.00 ns, 451.0000 ns/op
OverheadActual   7: 1 op, 501.00 ns, 501.0000 ns/op
OverheadActual   8: 1 op, 271.00 ns, 271.0000 ns/op
OverheadActual   9: 1 op, 411.00 ns, 411.0000 ns/op
OverheadActual  10: 1 op, 461.00 ns, 461.0000 ns/op
OverheadActual  11: 1 op, 541.00 ns, 541.0000 ns/op
OverheadActual  12: 1 op, 421.00 ns, 421.0000 ns/op
OverheadActual  13: 1 op, 421.00 ns, 421.0000 ns/op
OverheadActual  14: 1 op, 421.00 ns, 421.0000 ns/op
OverheadActual  15: 1 op, 451.00 ns, 451.0000 ns/op
OverheadActual  16: 1 op, 461.00 ns, 461.0000 ns/op
OverheadActual  17: 1 op, 461.00 ns, 461.0000 ns/op
OverheadActual  18: 1 op, 430.00 ns, 430.0000 ns/op
OverheadActual  19: 1 op, 451.00 ns, 451.0000 ns/op
OverheadActual  20: 1 op, 441.00 ns, 441.0000 ns/op

WorkloadWarmup   1: 1 op, 8838.00 ns, 8.8380 us/op
WorkloadWarmup   2: 1 op, 6843.00 ns, 6.8430 us/op
WorkloadWarmup   3: 1 op, 5721.00 ns, 5.7210 us/op

// BeforeActualRun
WorkloadActual   1: 1 op, 6763.00 ns, 6.7630 us/op
WorkloadActual   2: 1 op, 6663.00 ns, 6.6630 us/op
WorkloadActual   3: 1 op, 6583.00 ns, 6.5830 us/op

// AfterActualRun
WorkloadResult   1: 1 op, 6312.00 ns, 6.3120 us/op
WorkloadResult   2: 1 op, 6212.00 ns, 6.2120 us/op
WorkloadResult   3: 1 op, 6132.00 ns, 6.1320 us/op
// GC:  0 0 0 208 1
// Threading:  0 0 1

// AfterAll
// Benchmark Process 1357566 has exited with code 0.

Mean = 6.219 us, StdErr = 0.052 us (0.84%), N = 3, StdDev = 0.090 us
Min = 6.132 us, Q1 = 6.172 us, Median = 6.212 us, Q3 = 6.262 us, Max = 6.312 us
IQR = 0.090 us, LowerFence = 6.037 us, UpperFence = 6.397 us
ConfidenceInterval = [4.573 us; 7.864 us] (CI 99.9%), Margin = 1.645 us (26.46% of Mean)
Skewness = 0.07, Kurtosis = 0.67, MValue = 2

// ** Remained 45 (71.4%) benchmark(s) to run. Estimated finish 2026-09-22 14:54 (0h 0m from now) **
// **************************
// Benchmark: SessionSetupDecompositionBenchmarks.ComponentC2e_LockConstruction: ShortRun(InvocationCount=1, IterationCount=3, LaunchCount=1, UnrollFactor=1, WarmupCount=3) [Sessions=1]
// *** Execute ***
// Launch: 1 / 1
// Execute: dotnet WinForward.Benchmarks-ShortRun-1.dll --anonymousPipes 123 125 --benchmarkName "WinForward.Benchmarks.Perf.SessionSetupDecompositionBenchmarks.ComponentC2e_LockConstruction(Sessions: 1)" --job ShortRun --benchmarkId 18 in /home/paff/Projects/WinForward/benchmarks/WinForward.Benchmarks/bin/Release/net10.0/WinForward.Benchmarks-ShortRun-1/bin/Release/net10.0
// Failed to set up high priority (Permission denied). In order to run benchmarks with high priority, make sure you have the right permissions.
// BeforeAnythingElse

// Benchmark Process Environment Information:
// BenchmarkDotNet v0.15.8
// Runtime=.NET 10.0.12 (10.0.12, 10.0.1226.42308), X64 RyuJIT x86-64-v4
// GC=Concurrent Workstation
// HardwareIntrinsics=AVX512 BITALG+VBMI2+VNNI+VPOPCNTDQ,AVX512 IFMA+VBMI,AVX512 F+BW+CD+DQ+VL,AVX2+BMI1+BMI2+F16C+FMA+LZCNT+MOVBE,AVX,SSE3+SSSE3+SSE4.1+SSE4.2+POPCNT,X86Base+SSE+SSE2,AES+PCLMUL,AvxVnni VectorSize=256
// Job: ShortRun(InvocationCount=1, IterationCount=3, LaunchCount=1, UnrollFactor=1, WarmupCount=3)

OverheadJitting  1: 1 op, 453577.00 ns, 453.5770 us/op
WorkloadJitting  1: 1 op, 858107.00 ns, 858.1070 us/op

OverheadWarmup   1: 1 op, 691.00 ns, 691.0000 ns/op
OverheadWarmup   2: 1 op, 290.00 ns, 290.0000 ns/op
OverheadWarmup   3: 1 op, 300.00 ns, 300.0000 ns/op
OverheadWarmup   4: 1 op, 281.00 ns, 281.0000 ns/op
OverheadWarmup   5: 1 op, 280.00 ns, 280.0000 ns/op
OverheadWarmup   6: 1 op, 461.00 ns, 461.0000 ns/op
OverheadWarmup   7: 1 op, 291.00 ns, 291.0000 ns/op

OverheadActual   1: 1 op, 431.00 ns, 431.0000 ns/op
OverheadActual   2: 1 op, 411.00 ns, 411.0000 ns/op
OverheadActual   3: 1 op, 401.00 ns, 401.0000 ns/op
OverheadActual   4: 1 op, 381.00 ns, 381.0000 ns/op
OverheadActual   5: 1 op, 832.00 ns, 832.0000 ns/op
OverheadActual   6: 1 op, 681.00 ns, 681.0000 ns/op
OverheadActual   7: 1 op, 271.00 ns, 271.0000 ns/op
OverheadActual   8: 1 op, 481.00 ns, 481.0000 ns/op
OverheadActual   9: 1 op, 461.00 ns, 461.0000 ns/op
OverheadActual  10: 1 op, 441.00 ns, 441.0000 ns/op
OverheadActual  11: 1 op, 441.00 ns, 441.0000 ns/op
OverheadActual  12: 1 op, 842.00 ns, 842.0000 ns/op
OverheadActual  13: 1 op, 461.00 ns, 461.0000 ns/op
OverheadActual  14: 1 op, 451.00 ns, 451.0000 ns/op
OverheadActual  15: 1 op, 551.00 ns, 551.0000 ns/op
OverheadActual  16: 1 op, 441.00 ns, 441.0000 ns/op
OverheadActual  17: 1 op, 531.00 ns, 531.0000 ns/op
OverheadActual  18: 1 op, 441.00 ns, 441.0000 ns/op
OverheadActual  19: 1 op, 652.00 ns, 652.0000 ns/op
OverheadActual  20: 1 op, 380.00 ns, 380.0000 ns/op

WorkloadWarmup   1: 1 op, 4519.00 ns, 4.5190 us/op
WorkloadWarmup   2: 1 op, 3928.00 ns, 3.9280 us/op
WorkloadWarmup   3: 1 op, 3096.00 ns, 3.0960 us/op

// BeforeActualRun
WorkloadActual   1: 1 op, 22254.00 ns, 22.2540 us/op
WorkloadActual   2: 1 op, 3818.00 ns, 3.8180 us/op
WorkloadActual   3: 1 op, 3958.00 ns, 3.9580 us/op

// AfterActualRun
WorkloadResult   1: 1 op, 21808.00 ns, 21.8080 us/op
WorkloadResult   2: 1 op, 3372.00 ns, 3.3720 us/op
WorkloadResult   3: 1 op, 3512.00 ns, 3.5120 us/op
// GC:  0 0 0 40 1
// Threading:  0 0 1

// AfterAll
// Benchmark Process 1357601 has exited with code 0.

Mean = 9.564 us, StdErr = 6.122 us (64.01%), N = 3, StdDev = 10.604 us
Min = 3.372 us, Q1 = 3.442 us, Median = 3.512 us, Q3 = 12.660 us, Max = 21.808 us
IQR = 9.218 us, LowerFence = -10.385 us, UpperFence = 26.487 us
ConfidenceInterval = [-183.890 us; 203.018 us] (CI 99.9%), Margin = 193.454 us (2022.73% of Mean)
Skewness = 0.38, Kurtosis = 0.67, MValue = 2

// ** Remained 44 (69.8%) benchmark(s) to run. Estimated finish 2026-09-22 14:54 (0h 0m from now) **
// **************************
// Benchmark: SessionSetupDecompositionBenchmarks.ComponentC2e_TaskCompletionSourceConstruction: ShortRun(InvocationCount=1, IterationCount=3, LaunchCount=1, UnrollFactor=1, WarmupCount=3) [Sessions=1]
// *** Execute ***
// Launch: 1 / 1
// Execute: dotnet WinForward.Benchmarks-ShortRun-1.dll --anonymousPipes 123 125 --benchmarkName "WinForward.Benchmarks.Perf.SessionSetupDecompositionBenchmarks.ComponentC2e_TaskCompletionSourceConstruction(Sessions: 1)" --job ShortRun --benchmarkId 19 in /home/paff/Projects/WinForward/benchmarks/WinForward.Benchmarks/bin/Release/net10.0/WinForward.Benchmarks-ShortRun-1/bin/Release/net10.0
// Failed to set up high priority (Permission denied). In order to run benchmarks with high priority, make sure you have the right permissions.
// BeforeAnythingElse

// Benchmark Process Environment Information:
// BenchmarkDotNet v0.15.8
// Runtime=.NET 10.0.12 (10.0.12, 10.0.1226.42308), X64 RyuJIT x86-64-v4
// GC=Concurrent Workstation
// HardwareIntrinsics=AVX512 BITALG+VBMI2+VNNI+VPOPCNTDQ,AVX512 IFMA+VBMI,AVX512 F+BW+CD+DQ+VL,AVX2+BMI1+BMI2+F16C+FMA+LZCNT+MOVBE,AVX,SSE3+SSSE3+SSE4.1+SSE4.2+POPCNT,X86Base+SSE+SSE2,AES+PCLMUL,AvxVnni VectorSize=256
// Job: ShortRun(InvocationCount=1, IterationCount=3, LaunchCount=1, UnrollFactor=1, WarmupCount=3)

OverheadJitting  1: 1 op, 292933.00 ns, 292.9330 us/op
WorkloadJitting  1: 1 op, 762100.00 ns, 762.1000 us/op

OverheadWarmup   1: 1 op, 381.00 ns, 381.0000 ns/op
OverheadWarmup   2: 1 op, 290.00 ns, 290.0000 ns/op
OverheadWarmup   3: 1 op, 281.00 ns, 281.0000 ns/op
OverheadWarmup   4: 1 op, 881.00 ns, 881.0000 ns/op
OverheadWarmup   5: 1 op, 391.00 ns, 391.0000 ns/op
OverheadWarmup   6: 1 op, 301.00 ns, 301.0000 ns/op
OverheadWarmup   7: 1 op, 381.00 ns, 381.0000 ns/op
OverheadWarmup   8: 1 op, 291.00 ns, 291.0000 ns/op

OverheadActual   1: 1 op, 401.00 ns, 401.0000 ns/op
OverheadActual   2: 1 op, 401.00 ns, 401.0000 ns/op
OverheadActual   3: 1 op, 380.00 ns, 380.0000 ns/op
OverheadActual   4: 1 op, 370.00 ns, 370.0000 ns/op
OverheadActual   5: 1 op, 430.00 ns, 430.0000 ns/op
OverheadActual   6: 1 op, 421.00 ns, 421.0000 ns/op
OverheadActual   7: 1 op, 411.00 ns, 411.0000 ns/op
OverheadActual   8: 1 op, 431.00 ns, 431.0000 ns/op
OverheadActual   9: 1 op, 291.00 ns, 291.0000 ns/op
OverheadActual  10: 1 op, 401.00 ns, 401.0000 ns/op
OverheadActual  11: 1 op, 300.00 ns, 300.0000 ns/op
OverheadActual  12: 1 op, 401.00 ns, 401.0000 ns/op
OverheadActual  13: 1 op, 421.00 ns, 421.0000 ns/op
OverheadActual  14: 1 op, 291.00 ns, 291.0000 ns/op
OverheadActual  15: 1 op, 401.00 ns, 401.0000 ns/op
OverheadActual  16: 1 op, 391.00 ns, 391.0000 ns/op
OverheadActual  17: 1 op, 431.00 ns, 431.0000 ns/op
OverheadActual  18: 1 op, 320.00 ns, 320.0000 ns/op
OverheadActual  19: 1 op, 281.00 ns, 281.0000 ns/op
OverheadActual  20: 1 op, 290.00 ns, 290.0000 ns/op

WorkloadWarmup   1: 1 op, 11131.00 ns, 11.1310 us/op
WorkloadWarmup   2: 1 op, 4779.00 ns, 4.7790 us/op
WorkloadWarmup   3: 1 op, 4629.00 ns, 4.6290 us/op

// BeforeActualRun
WorkloadActual   1: 1 op, 4438.00 ns, 4.4380 us/op
WorkloadActual   2: 1 op, 3086.00 ns, 3.0860 us/op
WorkloadActual   3: 1 op, 3267.00 ns, 3.2670 us/op

// AfterActualRun
WorkloadResult   1: 1 op, 4037.00 ns, 4.0370 us/op
WorkloadResult   2: 1 op, 2685.00 ns, 2.6850 us/op
WorkloadResult   3: 1 op, 2866.00 ns, 2.8660 us/op
// GC:  0 0 0 88 1
// Threading:  0 0 1

// AfterAll
// Benchmark Process 1357615 has exited with code 0.

Mean = 3.196 us, StdErr = 0.424 us (13.26%), N = 3, StdDev = 0.734 us
Min = 2.685 us, Q1 = 2.776 us, Median = 2.866 us, Q3 = 3.451 us, Max = 4.037 us
IQR = 0.676 us, LowerFence = 1.762 us, UpperFence = 4.465 us
ConfidenceInterval = [-10.194 us; 16.586 us] (CI 99.9%), Margin = 13.390 us (418.95% of Mean)
Skewness = 0.36, Kurtosis = 0.67, MValue = 2

// ** Remained 43 (68.3%) benchmark(s) to run. Estimated finish 2026-09-22 14:54 (0h 0m from now) **
// **************************
// Benchmark: SessionSetupDecompositionBenchmarks.ComponentC2e_LinkedTokenSourceConstruction: ShortRun(InvocationCount=1, IterationCount=3, LaunchCount=1, UnrollFactor=1, WarmupCount=3) [Sessions=1]
// *** Execute ***
// Launch: 1 / 1
// Execute: dotnet WinForward.Benchmarks-ShortRun-1.dll --anonymousPipes 123 125 --benchmarkName "WinForward.Benchmarks.Perf.SessionSetupDecompositionBenchmarks.ComponentC2e_LinkedTokenSourceConstruction(Sessions: 1)" --job ShortRun --benchmarkId 20 in /home/paff/Projects/WinForward/benchmarks/WinForward.Benchmarks/bin/Release/net10.0/WinForward.Benchmarks-ShortRun-1/bin/Release/net10.0
// Failed to set up high priority (Permission denied). In order to run benchmarks with high priority, make sure you have the right permissions.
// BeforeAnythingElse

// Benchmark Process Environment Information:
// BenchmarkDotNet v0.15.8
// Runtime=.NET 10.0.12 (10.0.12, 10.0.1226.42308), X64 RyuJIT x86-64-v4
// GC=Concurrent Workstation
// HardwareIntrinsics=AVX512 BITALG+VBMI2+VNNI+VPOPCNTDQ,AVX512 IFMA+VBMI,AVX512 F+BW+CD+DQ+VL,AVX2+BMI1+BMI2+F16C+FMA+LZCNT+MOVBE,AVX,SSE3+SSSE3+SSE4.1+SSE4.2+POPCNT,X86Base+SSE+SSE2,AES+PCLMUL,AvxVnni VectorSize=256
// Job: ShortRun(InvocationCount=1, IterationCount=3, LaunchCount=1, UnrollFactor=1, WarmupCount=3)

OverheadJitting  1: 1 op, 326307.00 ns, 326.3070 us/op
WorkloadJitting  1: 1 op, 1471868.00 ns, 1.4719 ms/op

OverheadWarmup   1: 1 op, 691.00 ns, 691.0000 ns/op
OverheadWarmup   2: 1 op, 561.00 ns, 561.0000 ns/op
OverheadWarmup   3: 1 op, 1022.00 ns, 1.0220 us/op
OverheadWarmup   4: 1 op, 86439.00 ns, 86.4390 us/op
OverheadWarmup   5: 1 op, 872.00 ns, 872.0000 ns/op
OverheadWarmup   6: 1 op, 621.00 ns, 621.0000 ns/op
OverheadWarmup   7: 1 op, 571.00 ns, 571.0000 ns/op
OverheadWarmup   8: 1 op, 541.00 ns, 541.0000 ns/op
OverheadWarmup   9: 1 op, 531.00 ns, 531.0000 ns/op
OverheadWarmup  10: 1 op, 561.00 ns, 561.0000 ns/op

OverheadActual   1: 1 op, 841.00 ns, 841.0000 ns/op
OverheadActual   2: 1 op, 711.00 ns, 711.0000 ns/op
OverheadActual   3: 1 op, 1112.00 ns, 1.1120 us/op
OverheadActual   4: 1 op, 441.00 ns, 441.0000 ns/op
OverheadActual   5: 1 op, 1042.00 ns, 1.0420 us/op
OverheadActual   6: 1 op, 531.00 ns, 531.0000 ns/op
OverheadActual   7: 1 op, 461.00 ns, 461.0000 ns/op
OverheadActual   8: 1 op, 361.00 ns, 361.0000 ns/op
OverheadActual   9: 1 op, 441.00 ns, 441.0000 ns/op
OverheadActual  10: 1 op, 431.00 ns, 431.0000 ns/op
OverheadActual  11: 1 op, 451.00 ns, 451.0000 ns/op
OverheadActual  12: 1 op, 401.00 ns, 401.0000 ns/op
OverheadActual  13: 1 op, 411.00 ns, 411.0000 ns/op
OverheadActual  14: 1 op, 420.00 ns, 420.0000 ns/op
OverheadActual  15: 1 op, 451.00 ns, 451.0000 ns/op
OverheadActual  16: 1 op, 421.00 ns, 421.0000 ns/op
OverheadActual  17: 1 op, 441.00 ns, 441.0000 ns/op
OverheadActual  18: 1 op, 721.00 ns, 721.0000 ns/op
OverheadActual  19: 1 op, 481.00 ns, 481.0000 ns/op
OverheadActual  20: 1 op, 441.00 ns, 441.0000 ns/op

WorkloadWarmup   1: 1 op, 16042.00 ns, 16.0420 us/op
WorkloadWarmup   2: 1 op, 8426.00 ns, 8.4260 us/op
WorkloadWarmup   3: 1 op, 8547.00 ns, 8.5470 us/op

// BeforeActualRun
WorkloadActual   1: 1 op, 8106.00 ns, 8.1060 us/op
WorkloadActual   2: 1 op, 8236.00 ns, 8.2360 us/op
WorkloadActual   3: 1 op, 7865.00 ns, 7.8650 us/op

// AfterActualRun
WorkloadResult   1: 1 op, 7660.00 ns, 7.6600 us/op
WorkloadResult   2: 1 op, 7790.00 ns, 7.7900 us/op
WorkloadResult   3: 1 op, 7419.00 ns, 7.4190 us/op
// GC:  0 0 0 352 1
// Threading:  0 0 1

// AfterAll
// Benchmark Process 1357624 has exited with code 0.

Mean = 7.623 us, StdErr = 0.109 us (1.43%), N = 3, StdDev = 0.188 us
Min = 7.419 us, Q1 = 7.540 us, Median = 7.660 us, Q3 = 7.725 us, Max = 7.790 us
IQR = 0.185 us, LowerFence = 7.261 us, UpperFence = 8.003 us
ConfidenceInterval = [4.189 us; 11.057 us] (CI 99.9%), Margin = 3.434 us (45.05% of Mean)
Skewness = -0.19, Kurtosis = 0.67, MValue = 2

// ** Remained 42 (66.7%) benchmark(s) to run. Estimated finish 2026-09-22 14:54 (0h 0m from now) **
// **************************
// Benchmark: SessionSetupDecompositionBenchmarks.StageS0_CoordinatorOnly: ShortRun(InvocationCount=1, IterationCount=3, LaunchCount=1, UnrollFactor=1, WarmupCount=3) [Sessions=100]
// *** Execute ***
// Launch: 1 / 1
// Execute: dotnet WinForward.Benchmarks-ShortRun-1.dll --anonymousPipes 123 125 --benchmarkName "WinForward.Benchmarks.Perf.SessionSetupDecompositionBenchmarks.StageS0_CoordinatorOnly(Sessions: 100)" --job ShortRun --benchmarkId 21 in /home/paff/Projects/WinForward/benchmarks/WinForward.Benchmarks/bin/Release/net10.0/WinForward.Benchmarks-ShortRun-1/bin/Release/net10.0
// Failed to set up high priority (Permission denied). In order to run benchmarks with high priority, make sure you have the right permissions.
// BeforeAnythingElse

// Benchmark Process Environment Information:
// BenchmarkDotNet v0.15.8
// Runtime=.NET 10.0.12 (10.0.12, 10.0.1226.42308), X64 RyuJIT x86-64-v4
// GC=Concurrent Workstation
// HardwareIntrinsics=AVX512 BITALG+VBMI2+VNNI+VPOPCNTDQ,AVX512 IFMA+VBMI,AVX512 F+BW+CD+DQ+VL,AVX2+BMI1+BMI2+F16C+FMA+LZCNT+MOVBE,AVX,SSE3+SSSE3+SSE4.1+SSE4.2+POPCNT,X86Base+SSE+SSE2,AES+PCLMUL,AvxVnni VectorSize=256
// Job: ShortRun(InvocationCount=1, IterationCount=3, LaunchCount=1, UnrollFactor=1, WarmupCount=3)

OverheadJitting  1: 1 op, 367428.00 ns, 367.4280 us/op
WorkloadJitting  1: 1 op, 7403653.00 ns, 7.4037 ms/op

OverheadWarmup   1: 1 op, 641.00 ns, 641.0000 ns/op
OverheadWarmup   2: 1 op, 370.00 ns, 370.0000 ns/op
OverheadWarmup   3: 1 op, 391.00 ns, 391.0000 ns/op
OverheadWarmup   4: 1 op, 441.00 ns, 441.0000 ns/op
OverheadWarmup   5: 1 op, 280.00 ns, 280.0000 ns/op
OverheadWarmup   6: 1 op, 451.00 ns, 451.0000 ns/op
OverheadWarmup   7: 1 op, 320.00 ns, 320.0000 ns/op

OverheadActual   1: 1 op, 391.00 ns, 391.0000 ns/op
OverheadActual   2: 1 op, 401.00 ns, 401.0000 ns/op
OverheadActual   3: 1 op, 391.00 ns, 391.0000 ns/op
OverheadActual   4: 1 op, 420.00 ns, 420.0000 ns/op
OverheadActual   5: 1 op, 471.00 ns, 471.0000 ns/op
OverheadActual   6: 1 op, 421.00 ns, 421.0000 ns/op
OverheadActual   7: 1 op, 421.00 ns, 421.0000 ns/op
OverheadActual   8: 1 op, 411.00 ns, 411.0000 ns/op
OverheadActual   9: 1 op, 491.00 ns, 491.0000 ns/op
OverheadActual  10: 1 op, 381.00 ns, 381.0000 ns/op
OverheadActual  11: 1 op, 411.00 ns, 411.0000 ns/op
OverheadActual  12: 1 op, 291.00 ns, 291.0000 ns/op
OverheadActual  13: 1 op, 451.00 ns, 451.0000 ns/op
OverheadActual  14: 1 op, 431.00 ns, 431.0000 ns/op
OverheadActual  15: 1 op, 431.00 ns, 431.0000 ns/op
OverheadActual  16: 1 op, 350.00 ns, 350.0000 ns/op
OverheadActual  17: 1 op, 431.00 ns, 431.0000 ns/op
OverheadActual  18: 1 op, 281.00 ns, 281.0000 ns/op
OverheadActual  19: 1 op, 431.00 ns, 431.0000 ns/op
OverheadActual  20: 1 op, 802.00 ns, 802.0000 ns/op

WorkloadWarmup   1: 1 op, 113823.00 ns, 113.8230 us/op
WorkloadWarmup   2: 1 op, 29107.00 ns, 29.1070 us/op
WorkloadWarmup   3: 1 op, 19509.00 ns, 19.5090 us/op

// BeforeActualRun
WorkloadActual   1: 1 op, 91078.00 ns, 91.0780 us/op
WorkloadActual   2: 1 op, 21131.00 ns, 21.1310 us/op
WorkloadActual   3: 1 op, 20129.00 ns, 20.1290 us/op

// AfterActualRun
WorkloadResult   1: 1 op, 90657.50 ns, 90.6575 us/op
WorkloadResult   2: 1 op, 20710.50 ns, 20.7105 us/op
WorkloadResult   3: 1 op, 19708.50 ns, 19.7085 us/op
// GC:  0 0 0 54456 1
// Threading:  0 0 1

// AfterAll
// Benchmark Process 1357633 has exited with code 0.

Mean = 43.692 us, StdErr = 23.484 us (53.75%), N = 3, StdDev = 40.676 us
Min = 19.709 us, Q1 = 20.209 us, Median = 20.710 us, Q3 = 55.684 us, Max = 90.657 us
IQR = 35.474 us, LowerFence = -33.002 us, UpperFence = 108.896 us
ConfidenceInterval = [-698.394 us; 785.779 us] (CI 99.9%), Margin = 742.086 us (1698.44% of Mean)
Skewness = 0.38, Kurtosis = 0.67, MValue = 2

// ** Remained 41 (65.1%) benchmark(s) to run. Estimated finish 2026-09-22 14:54 (0h 0m from now) **
// **************************
// Benchmark: SessionSetupDecompositionBenchmarks.StageS1_AdmissionOnlyAsync: ShortRun(InvocationCount=1, IterationCount=3, LaunchCount=1, UnrollFactor=1, WarmupCount=3) [Sessions=100]
// *** Execute ***
// Launch: 1 / 1
// Execute: dotnet WinForward.Benchmarks-ShortRun-1.dll --anonymousPipes 123 125 --benchmarkName "WinForward.Benchmarks.Perf.SessionSetupDecompositionBenchmarks.StageS1_AdmissionOnlyAsync(Sessions: 100)" --job ShortRun --benchmarkId 22 in /home/paff/Projects/WinForward/benchmarks/WinForward.Benchmarks/bin/Release/net10.0/WinForward.Benchmarks-ShortRun-1/bin/Release/net10.0
// Failed to set up high priority (Permission denied). In order to run benchmarks with high priority, make sure you have the right permissions.
// BeforeAnythingElse

// Benchmark Process Environment Information:
// BenchmarkDotNet v0.15.8
// Runtime=.NET 10.0.12 (10.0.12, 10.0.1226.42308), X64 RyuJIT x86-64-v4
// GC=Concurrent Workstation
// HardwareIntrinsics=AVX512 BITALG+VBMI2+VNNI+VPOPCNTDQ,AVX512 IFMA+VBMI,AVX512 F+BW+CD+DQ+VL,AVX2+BMI1+BMI2+F16C+FMA+LZCNT+MOVBE,AVX,SSE3+SSSE3+SSE4.1+SSE4.2+POPCNT,X86Base+SSE+SSE2,AES+PCLMUL,AvxVnni VectorSize=256
// Job: ShortRun(InvocationCount=1, IterationCount=3, LaunchCount=1, UnrollFactor=1, WarmupCount=3)

OverheadJitting  1: 1 op, 275468.00 ns, 275.4680 us/op
WorkloadJitting  1: 1 op, 24573258.00 ns, 24.5733 ms/op

OverheadWarmup   1: 1 op, 491.00 ns, 491.0000 ns/op
OverheadWarmup   2: 1 op, 450.00 ns, 450.0000 ns/op
OverheadWarmup   3: 1 op, 381.00 ns, 381.0000 ns/op
OverheadWarmup   4: 1 op, 401.00 ns, 401.0000 ns/op
OverheadWarmup   5: 1 op, 320.00 ns, 320.0000 ns/op
OverheadWarmup   6: 1 op, 441.00 ns, 441.0000 ns/op
OverheadWarmup   7: 1 op, 431.00 ns, 431.0000 ns/op

OverheadActual   1: 1 op, 421.00 ns, 421.0000 ns/op
OverheadActual   2: 1 op, 421.00 ns, 421.0000 ns/op
OverheadActual   3: 1 op, 390.00 ns, 390.0000 ns/op
OverheadActual   4: 1 op, 391.00 ns, 391.0000 ns/op
OverheadActual   5: 1 op, 401.00 ns, 401.0000 ns/op
OverheadActual   6: 1 op, 701.00 ns, 701.0000 ns/op
OverheadActual   7: 1 op, 391.00 ns, 391.0000 ns/op
OverheadActual   8: 1 op, 411.00 ns, 411.0000 ns/op
OverheadActual   9: 1 op, 391.00 ns, 391.0000 ns/op
OverheadActual  10: 1 op, 440.00 ns, 440.0000 ns/op
OverheadActual  11: 1 op, 380.00 ns, 380.0000 ns/op
OverheadActual  12: 1 op, 400.00 ns, 400.0000 ns/op
OverheadActual  13: 1 op, 421.00 ns, 421.0000 ns/op
OverheadActual  14: 1 op, 421.00 ns, 421.0000 ns/op
OverheadActual  15: 1 op, 421.00 ns, 421.0000 ns/op

WorkloadWarmup   1: 1 op, 453687.00 ns, 453.6870 us/op
WorkloadWarmup   2: 1 op, 228346.00 ns, 228.3460 us/op
WorkloadWarmup   3: 1 op, 253395.00 ns, 253.3950 us/op

// BeforeActualRun
WorkloadActual   1: 1 op, 259107.00 ns, 259.1070 us/op
WorkloadActual   2: 1 op, 255489.00 ns, 255.4890 us/op
WorkloadActual   3: 1 op, 221433.00 ns, 221.4330 us/op

// AfterActualRun
WorkloadResult   1: 1 op, 258696.00 ns, 258.6960 us/op
WorkloadResult   2: 1 op, 255078.00 ns, 255.0780 us/op
WorkloadResult   3: 1 op, 221022.00 ns, 221.0220 us/op
// GC:  0 0 0 134928 1
// Threading:  0 0 1

// AfterAll
// Benchmark Process 1357642 has exited with code 0.

Mean = 244.932 us, StdErr = 12.001 us (4.90%), N = 3, StdDev = 20.786 us
Min = 221.022 us, Q1 = 238.050 us, Median = 255.078 us, Q3 = 256.887 us, Max = 258.696 us
IQR = 18.837 us, LowerFence = 209.794 us, UpperFence = 285.142 us
ConfidenceInterval = [-134.274 us; 624.138 us] (CI 99.9%), Margin = 379.206 us (154.82% of Mean)
Skewness = -0.37, Kurtosis = 0.67, MValue = 2

// ** Remained 40 (63.5%) benchmark(s) to run. Estimated finish 2026-09-22 14:54 (0h 0m from now) **
// **************************
// Benchmark: SessionSetupDecompositionBenchmarks.StageS2_SetupStartedAsync: ShortRun(InvocationCount=1, IterationCount=3, LaunchCount=1, UnrollFactor=1, WarmupCount=3) [Sessions=100]
// *** Execute ***
// Launch: 1 / 1
// Execute: dotnet WinForward.Benchmarks-ShortRun-1.dll --anonymousPipes 123 125 --benchmarkName "WinForward.Benchmarks.Perf.SessionSetupDecompositionBenchmarks.StageS2_SetupStartedAsync(Sessions: 100)" --job ShortRun --benchmarkId 23 in /home/paff/Projects/WinForward/benchmarks/WinForward.Benchmarks/bin/Release/net10.0/WinForward.Benchmarks-ShortRun-1/bin/Release/net10.0
// Failed to set up high priority (Permission denied). In order to run benchmarks with high priority, make sure you have the right permissions.
// BeforeAnythingElse

// Benchmark Process Environment Information:
// BenchmarkDotNet v0.15.8
// Runtime=.NET 10.0.12 (10.0.12, 10.0.1226.42308), X64 RyuJIT x86-64-v4
// GC=Concurrent Workstation
// HardwareIntrinsics=AVX512 BITALG+VBMI2+VNNI+VPOPCNTDQ,AVX512 IFMA+VBMI,AVX512 F+BW+CD+DQ+VL,AVX2+BMI1+BMI2+F16C+FMA+LZCNT+MOVBE,AVX,SSE3+SSSE3+SSE4.1+SSE4.2+POPCNT,X86Base+SSE+SSE2,AES+PCLMUL,AvxVnni VectorSize=256
// Job: ShortRun(InvocationCount=1, IterationCount=3, LaunchCount=1, UnrollFactor=1, WarmupCount=3)

OverheadJitting  1: 1 op, 268806.00 ns, 268.8060 us/op
WorkloadJitting  1: 1 op, 120412528.00 ns, 120.4125 ms/op

OverheadWarmup   1: 1 op, 872.00 ns, 872.0000 ns/op
OverheadWarmup   2: 1 op, 481.00 ns, 481.0000 ns/op
OverheadWarmup   3: 1 op, 401.00 ns, 401.0000 ns/op
OverheadWarmup   4: 1 op, 401.00 ns, 401.0000 ns/op
OverheadWarmup   5: 1 op, 982.00 ns, 982.0000 ns/op
OverheadWarmup   6: 1 op, 420.00 ns, 420.0000 ns/op
OverheadWarmup   7: 1 op, 501.00 ns, 501.0000 ns/op

OverheadActual   1: 1 op, 381.00 ns, 381.0000 ns/op
OverheadActual   2: 1 op, 371.00 ns, 371.0000 ns/op
OverheadActual   3: 1 op, 571.00 ns, 571.0000 ns/op
OverheadActual   4: 1 op, 411.00 ns, 411.0000 ns/op
OverheadActual   5: 1 op, 381.00 ns, 381.0000 ns/op
OverheadActual   6: 1 op, 451.00 ns, 451.0000 ns/op
OverheadActual   7: 1 op, 391.00 ns, 391.0000 ns/op
OverheadActual   8: 1 op, 291.00 ns, 291.0000 ns/op
OverheadActual   9: 1 op, 391.00 ns, 391.0000 ns/op
OverheadActual  10: 1 op, 370.00 ns, 370.0000 ns/op
OverheadActual  11: 1 op, 672.00 ns, 672.0000 ns/op
OverheadActual  12: 1 op, 361.00 ns, 361.0000 ns/op
OverheadActual  13: 1 op, 371.00 ns, 371.0000 ns/op
OverheadActual  14: 1 op, 341.00 ns, 341.0000 ns/op
OverheadActual  15: 1 op, 551.00 ns, 551.0000 ns/op
OverheadActual  16: 1 op, 391.00 ns, 391.0000 ns/op
OverheadActual  17: 1 op, 641.00 ns, 641.0000 ns/op
OverheadActual  18: 1 op, 391.00 ns, 391.0000 ns/op
OverheadActual  19: 1 op, 481.00 ns, 481.0000 ns/op
OverheadActual  20: 1 op, 461.00 ns, 461.0000 ns/op

WorkloadWarmup   1: 1 op, 80754171.00 ns, 80.7542 ms/op
WorkloadWarmup   2: 1 op, 91209292.00 ns, 91.2093 ms/op
WorkloadWarmup   3: 1 op, 77899986.00 ns, 77.9000 ms/op

// BeforeActualRun
WorkloadActual   1: 1 op, 78601228.00 ns, 78.6012 ms/op
WorkloadActual   2: 1 op, 89734280.00 ns, 89.7343 ms/op
WorkloadActual   3: 1 op, 90671944.00 ns, 90.6719 ms/op

// AfterActualRun
WorkloadResult   1: 1 op, 78600837.00 ns, 78.6008 ms/op
WorkloadResult   2: 1 op, 89733889.00 ns, 89.7339 ms/op
WorkloadResult   3: 1 op, 90671553.00 ns, 90.6716 ms/op
// GC:  0 0 0 221104 1
// Threading:  5 17 1

// AfterAll
// Benchmark Process 1357651 has exited with code 0.

Mean = 86.335 ms, StdErr = 3.877 ms (4.49%), N = 3, StdDev = 6.715 ms
Min = 78.601 ms, Q1 = 84.167 ms, Median = 89.734 ms, Q3 = 90.203 ms, Max = 90.672 ms
IQR = 6.035 ms, LowerFence = 75.114 ms, UpperFence = 99.256 ms
ConfidenceInterval = [-36.166 ms; 208.837 ms] (CI 99.9%), Margin = 122.502 ms (141.89% of Mean)
Skewness = -0.38, Kurtosis = 0.67, MValue = 2

// ** Remained 39 (61.9%) benchmark(s) to run. Estimated finish 2026-09-22 14:54 (0h 0m from now) **
// **************************
// Benchmark: SessionSetupDecompositionBenchmarks.StageS3_PipelineNoPayloadAsync: ShortRun(InvocationCount=1, IterationCount=3, LaunchCount=1, UnrollFactor=1, WarmupCount=3) [Sessions=100]
// *** Execute ***
// Launch: 1 / 1
// Execute: dotnet WinForward.Benchmarks-ShortRun-1.dll --anonymousPipes 123 125 --benchmarkName "WinForward.Benchmarks.Perf.SessionSetupDecompositionBenchmarks.StageS3_PipelineNoPayloadAsync(Sessions: 100)" --job ShortRun --benchmarkId 24 in /home/paff/Projects/WinForward/benchmarks/WinForward.Benchmarks/bin/Release/net10.0/WinForward.Benchmarks-ShortRun-1/bin/Release/net10.0
// Failed to set up high priority (Permission denied). In order to run benchmarks with high priority, make sure you have the right permissions.
// BeforeAnythingElse

// Benchmark Process Environment Information:
// BenchmarkDotNet v0.15.8
// Runtime=.NET 10.0.12 (10.0.12, 10.0.1226.42308), X64 RyuJIT x86-64-v4
// GC=Concurrent Workstation
// HardwareIntrinsics=AVX512 BITALG+VBMI2+VNNI+VPOPCNTDQ,AVX512 IFMA+VBMI,AVX512 F+BW+CD+DQ+VL,AVX2+BMI1+BMI2+F16C+FMA+LZCNT+MOVBE,AVX,SSE3+SSSE3+SSE4.1+SSE4.2+POPCNT,X86Base+SSE+SSE2,AES+PCLMUL,AvxVnni VectorSize=256
// Job: ShortRun(InvocationCount=1, IterationCount=3, LaunchCount=1, UnrollFactor=1, WarmupCount=3)

OverheadJitting  1: 1 op, 432696.00 ns, 432.6960 us/op
WorkloadJitting  1: 1 op, 108389025.00 ns, 108.3890 ms/op

OverheadWarmup   1: 1 op, 671.00 ns, 671.0000 ns/op
OverheadWarmup   2: 1 op, 521.00 ns, 521.0000 ns/op
OverheadWarmup   3: 1 op, 391.00 ns, 391.0000 ns/op
OverheadWarmup   4: 1 op, 391.00 ns, 391.0000 ns/op
OverheadWarmup   5: 1 op, 992.00 ns, 992.0000 ns/op
OverheadWarmup   6: 1 op, 902.00 ns, 902.0000 ns/op
OverheadWarmup   7: 1 op, 611.00 ns, 611.0000 ns/op
OverheadWarmup   8: 1 op, 451.00 ns, 451.0000 ns/op
OverheadWarmup   9: 1 op, 361.00 ns, 361.0000 ns/op
OverheadWarmup  10: 1 op, 471.00 ns, 471.0000 ns/op

OverheadActual   1: 1 op, 471.00 ns, 471.0000 ns/op
OverheadActual   2: 1 op, 591.00 ns, 591.0000 ns/op
OverheadActual   3: 1 op, 561.00 ns, 561.0000 ns/op
OverheadActual   4: 1 op, 591.00 ns, 591.0000 ns/op
OverheadActual   5: 1 op, 501.00 ns, 501.0000 ns/op
OverheadActual   6: 1 op, 350.00 ns, 350.0000 ns/op
OverheadActual   7: 1 op, 400.00 ns, 400.0000 ns/op
OverheadActual   8: 1 op, 380.00 ns, 380.0000 ns/op
OverheadActual   9: 1 op, 521.00 ns, 521.0000 ns/op
OverheadActual  10: 1 op, 361.00 ns, 361.0000 ns/op
OverheadActual  11: 1 op, 481.00 ns, 481.0000 ns/op
OverheadActual  12: 1 op, 381.00 ns, 381.0000 ns/op
OverheadActual  13: 1 op, 481.00 ns, 481.0000 ns/op
OverheadActual  14: 1 op, 380.00 ns, 380.0000 ns/op
OverheadActual  15: 1 op, 351.00 ns, 351.0000 ns/op
OverheadActual  16: 1 op, 390.00 ns, 390.0000 ns/op
OverheadActual  17: 1 op, 391.00 ns, 391.0000 ns/op
OverheadActual  18: 1 op, 511.00 ns, 511.0000 ns/op
OverheadActual  19: 1 op, 501.00 ns, 501.0000 ns/op
OverheadActual  20: 1 op, 421.00 ns, 421.0000 ns/op

WorkloadWarmup   1: 1 op, 39556277.00 ns, 39.5563 ms/op
WorkloadWarmup   2: 1 op, 42873434.00 ns, 42.8734 ms/op
WorkloadWarmup   3: 1 op, 45130142.00 ns, 45.1301 ms/op

// BeforeActualRun
WorkloadActual   1: 1 op, 51103842.00 ns, 51.1038 ms/op
WorkloadActual   2: 1 op, 43190367.00 ns, 43.1904 ms/op
WorkloadActual   3: 1 op, 42450794.00 ns, 42.4508 ms/op

// AfterActualRun
WorkloadResult   1: 1 op, 51103396.00 ns, 51.1034 ms/op
WorkloadResult   2: 1 op, 43189921.00 ns, 43.1899 ms/op
WorkloadResult   3: 1 op, 42450348.00 ns, 42.4503 ms/op
// GC:  0 0 0 548600 1
// Threading:  92 67 1

// AfterAll
// Benchmark Process 1358203 has exited with code 0.

Mean = 45.581 ms, StdErr = 2.769 ms (6.08%), N = 3, StdDev = 4.797 ms
Min = 42.450 ms, Q1 = 42.820 ms, Median = 43.190 ms, Q3 = 47.147 ms, Max = 51.103 ms
IQR = 4.327 ms, LowerFence = 36.330 ms, UpperFence = 53.636 ms
ConfidenceInterval = [-41.927 ms; 133.089 ms] (CI 99.9%), Margin = 87.508 ms (191.98% of Mean)
Skewness = 0.37, Kurtosis = 0.67, MValue = 2

// ** Remained 38 (60.3%) benchmark(s) to run. Estimated finish 2026-09-22 14:54 (0h 0m from now) **
// **************************
// Benchmark: SessionSetupDecompositionBenchmarks.StageS4_ReadinessTeardownOutsideAsync: ShortRun(InvocationCount=1, IterationCount=3, LaunchCount=1, UnrollFactor=1, WarmupCount=3) [Sessions=100]
// *** Execute ***
// Launch: 1 / 1
// Execute: dotnet WinForward.Benchmarks-ShortRun-1.dll --anonymousPipes 123 125 --benchmarkName "WinForward.Benchmarks.Perf.SessionSetupDecompositionBenchmarks.StageS4_ReadinessTeardownOutsideAsync(Sessions: 100)" --job ShortRun --benchmarkId 25 in /home/paff/Projects/WinForward/benchmarks/WinForward.Benchmarks/bin/Release/net10.0/WinForward.Benchmarks-ShortRun-1/bin/Release/net10.0
// Failed to set up high priority (Permission denied). In order to run benchmarks with high priority, make sure you have the right permissions.
// BeforeAnythingElse

// Benchmark Process Environment Information:
// BenchmarkDotNet v0.15.8
// Runtime=.NET 10.0.12 (10.0.12, 10.0.1226.42308), X64 RyuJIT x86-64-v4
// GC=Concurrent Workstation
// HardwareIntrinsics=AVX512 BITALG+VBMI2+VNNI+VPOPCNTDQ,AVX512 IFMA+VBMI,AVX512 F+BW+CD+DQ+VL,AVX2+BMI1+BMI2+F16C+FMA+LZCNT+MOVBE,AVX,SSE3+SSSE3+SSE4.1+SSE4.2+POPCNT,X86Base+SSE+SSE2,AES+PCLMUL,AvxVnni VectorSize=256
// Job: ShortRun(InvocationCount=1, IterationCount=3, LaunchCount=1, UnrollFactor=1, WarmupCount=3)

OverheadJitting  1: 1 op, 427195.00 ns, 427.1950 us/op
WorkloadJitting  1: 1 op, 102778961.00 ns, 102.7790 ms/op

OverheadWarmup   1: 1 op, 862.00 ns, 862.0000 ns/op
OverheadWarmup   2: 1 op, 501.00 ns, 501.0000 ns/op
OverheadWarmup   3: 1 op, 992.00 ns, 992.0000 ns/op
OverheadWarmup   4: 1 op, 401.00 ns, 401.0000 ns/op
OverheadWarmup   5: 1 op, 471.00 ns, 471.0000 ns/op
OverheadWarmup   6: 1 op, 461.00 ns, 461.0000 ns/op

OverheadActual   1: 1 op, 411.00 ns, 411.0000 ns/op
OverheadActual   2: 1 op, 391.00 ns, 391.0000 ns/op
OverheadActual   3: 1 op, 421.00 ns, 421.0000 ns/op
OverheadActual   4: 1 op, 430.00 ns, 430.0000 ns/op
OverheadActual   5: 1 op, 451.00 ns, 451.0000 ns/op
OverheadActual   6: 1 op, 411.00 ns, 411.0000 ns/op
OverheadActual   7: 1 op, 391.00 ns, 391.0000 ns/op
OverheadActual   8: 1 op, 450.00 ns, 450.0000 ns/op
OverheadActual   9: 1 op, 411.00 ns, 411.0000 ns/op
OverheadActual  10: 1 op, 351.00 ns, 351.0000 ns/op
OverheadActual  11: 1 op, 401.00 ns, 401.0000 ns/op
OverheadActual  12: 1 op, 421.00 ns, 421.0000 ns/op
OverheadActual  13: 1 op, 722.00 ns, 722.0000 ns/op
OverheadActual  14: 1 op, 421.00 ns, 421.0000 ns/op
OverheadActual  15: 1 op, 561.00 ns, 561.0000 ns/op
OverheadActual  16: 1 op, 501.00 ns, 501.0000 ns/op
OverheadActual  17: 1 op, 531.00 ns, 531.0000 ns/op
OverheadActual  18: 1 op, 421.00 ns, 421.0000 ns/op
OverheadActual  19: 1 op, 511.00 ns, 511.0000 ns/op
OverheadActual  20: 1 op, 420.00 ns, 420.0000 ns/op

WorkloadWarmup   1: 1 op, 43255769.00 ns, 43.2558 ms/op
WorkloadWarmup   2: 1 op, 40916466.00 ns, 40.9165 ms/op
WorkloadWarmup   3: 1 op, 43817004.00 ns, 43.8170 ms/op

// BeforeActualRun
WorkloadActual   1: 1 op, 43113539.00 ns, 43.1135 ms/op
WorkloadActual   2: 1 op, 47597263.00 ns, 47.5973 ms/op
WorkloadActual   3: 1 op, 43186839.00 ns, 43.1868 ms/op

// AfterActualRun
WorkloadResult   1: 1 op, 43113118.00 ns, 43.1131 ms/op
WorkloadResult   2: 1 op, 47596842.00 ns, 47.5968 ms/op
WorkloadResult   3: 1 op, 43186418.00 ns, 43.1864 ms/op
// GC:  0 0 0 485536 1
// Threading:  90 52 1

// AfterAll
// Benchmark Process 1358756 has exited with code 0.

Mean = 44.632 ms, StdErr = 1.483 ms (3.32%), N = 3, StdDev = 2.568 ms
Min = 43.113 ms, Q1 = 43.150 ms, Median = 43.186 ms, Q3 = 45.392 ms, Max = 47.597 ms
IQR = 2.242 ms, LowerFence = 39.787 ms, UpperFence = 48.754 ms
ConfidenceInterval = [-2.214 ms; 91.478 ms] (CI 99.9%), Margin = 46.846 ms (104.96% of Mean)
Skewness = 0.38, Kurtosis = 0.67, MValue = 2

// ** Remained 37 (58.7%) benchmark(s) to run. Estimated finish 2026-09-22 14:54 (0h 0m from now) **
// **************************
// Benchmark: SessionSetupDecompositionBenchmarks.StageS5_ReadinessTeardownInsideAsync: ShortRun(InvocationCount=1, IterationCount=3, LaunchCount=1, UnrollFactor=1, WarmupCount=3) [Sessions=100]
// *** Execute ***
// Launch: 1 / 1
// Execute: dotnet WinForward.Benchmarks-ShortRun-1.dll --anonymousPipes 123 125 --benchmarkName "WinForward.Benchmarks.Perf.SessionSetupDecompositionBenchmarks.StageS5_ReadinessTeardownInsideAsync(Sessions: 100)" --job ShortRun --benchmarkId 26 in /home/paff/Projects/WinForward/benchmarks/WinForward.Benchmarks/bin/Release/net10.0/WinForward.Benchmarks-ShortRun-1/bin/Release/net10.0
// Failed to set up high priority (Permission denied). In order to run benchmarks with high priority, make sure you have the right permissions.
// BeforeAnythingElse

// Benchmark Process Environment Information:
// BenchmarkDotNet v0.15.8
// Runtime=.NET 10.0.12 (10.0.12, 10.0.1226.42308), X64 RyuJIT x86-64-v4
// GC=Concurrent Workstation
// HardwareIntrinsics=AVX512 BITALG+VBMI2+VNNI+VPOPCNTDQ,AVX512 IFMA+VBMI,AVX512 F+BW+CD+DQ+VL,AVX2+BMI1+BMI2+F16C+FMA+LZCNT+MOVBE,AVX,SSE3+SSSE3+SSE4.1+SSE4.2+POPCNT,X86Base+SSE+SSE2,AES+PCLMUL,AvxVnni VectorSize=256
// Job: ShortRun(InvocationCount=1, IterationCount=3, LaunchCount=1, UnrollFactor=1, WarmupCount=3)

OverheadJitting  1: 1 op, 314845.00 ns, 314.8450 us/op
WorkloadJitting  1: 1 op, 168391403.00 ns, 168.3914 ms/op

OverheadWarmup   1: 1 op, 1032.00 ns, 1.0320 us/op
OverheadWarmup   2: 1 op, 932.00 ns, 932.0000 ns/op
OverheadWarmup   3: 1 op, 872.00 ns, 872.0000 ns/op
OverheadWarmup   4: 1 op, 782.00 ns, 782.0000 ns/op
OverheadWarmup   5: 1 op, 621.00 ns, 621.0000 ns/op
OverheadWarmup   6: 1 op, 701.00 ns, 701.0000 ns/op
OverheadWarmup   7: 1 op, 421.00 ns, 421.0000 ns/op
OverheadWarmup   8: 1 op, 351.00 ns, 351.0000 ns/op
OverheadWarmup   9: 1 op, 592.00 ns, 592.0000 ns/op
OverheadWarmup  10: 1 op, 531.00 ns, 531.0000 ns/op

OverheadActual   1: 1 op, 781.00 ns, 781.0000 ns/op
OverheadActual   2: 1 op, 872.00 ns, 872.0000 ns/op
OverheadActual   3: 1 op, 771.00 ns, 771.0000 ns/op
OverheadActual   4: 1 op, 932.00 ns, 932.0000 ns/op
OverheadActual   5: 1 op, 721.00 ns, 721.0000 ns/op
OverheadActual   6: 1 op, 661.00 ns, 661.0000 ns/op
OverheadActual   7: 1 op, 1052.00 ns, 1.0520 us/op
OverheadActual   8: 1 op, 831.00 ns, 831.0000 ns/op
OverheadActual   9: 1 op, 742.00 ns, 742.0000 ns/op
OverheadActual  10: 1 op, 1022.00 ns, 1.0220 us/op
OverheadActual  11: 1 op, 651.00 ns, 651.0000 ns/op
OverheadActual  12: 1 op, 721.00 ns, 721.0000 ns/op
OverheadActual  13: 1 op, 1944.00 ns, 1.9440 us/op
OverheadActual  14: 1 op, 741.00 ns, 741.0000 ns/op
OverheadActual  15: 1 op, 662.00 ns, 662.0000 ns/op
OverheadActual  16: 1 op, 671.00 ns, 671.0000 ns/op
OverheadActual  17: 1 op, 641.00 ns, 641.0000 ns/op
OverheadActual  18: 1 op, 611.00 ns, 611.0000 ns/op
OverheadActual  19: 1 op, 842.00 ns, 842.0000 ns/op
OverheadActual  20: 1 op, 511.00 ns, 511.0000 ns/op

WorkloadWarmup   1: 1 op, 60036923.00 ns, 60.0369 ms/op
WorkloadWarmup   2: 1 op, 58919949.00 ns, 58.9199 ms/op
WorkloadWarmup   3: 1 op, 56230993.00 ns, 56.2310 ms/op

// BeforeActualRun
WorkloadActual   1: 1 op, 56911491.00 ns, 56.9115 ms/op
WorkloadActual   2: 1 op, 54209062.00 ns, 54.2091 ms/op
WorkloadActual   3: 1 op, 60343569.00 ns, 60.3436 ms/op

// AfterActualRun
WorkloadResult   1: 1 op, 56910749.50 ns, 56.9107 ms/op
WorkloadResult   2: 1 op, 54208320.50 ns, 54.2083 ms/op
WorkloadResult   3: 1 op, 60342827.50 ns, 60.3428 ms/op
// GC:  0 0 0 765088 1
// Threading:  192 121 1
// Exceptions:  328

// AfterAll
// Benchmark Process 1359306 has exited with code 0.

Mean = 57.154 ms, StdErr = 1.775 ms (3.11%), N = 3, StdDev = 3.074 ms
Min = 54.208 ms, Q1 = 55.560 ms, Median = 56.911 ms, Q3 = 58.627 ms, Max = 60.343 ms
IQR = 3.067 ms, LowerFence = 50.959 ms, UpperFence = 63.228 ms
ConfidenceInterval = [1.064 ms; 113.244 ms] (CI 99.9%), Margin = 56.090 ms (98.14% of Mean)
Skewness = 0.08, Kurtosis = 0.67, MValue = 2

// ** Remained 36 (57.1%) benchmark(s) to run. Estimated finish 2026-09-22 14:54 (0h 0m from now) **
// **************************
// Benchmark: SessionSetupDecompositionBenchmarks.StageT1_SessionTeardownInsideAsync: ShortRun(InvocationCount=1, IterationCount=3, LaunchCount=1, UnrollFactor=1, WarmupCount=3) [Sessions=100]
// *** Execute ***
// Launch: 1 / 1
// Execute: dotnet WinForward.Benchmarks-ShortRun-1.dll --anonymousPipes 123 125 --benchmarkName "WinForward.Benchmarks.Perf.SessionSetupDecompositionBenchmarks.StageT1_SessionTeardownInsideAsync(Sessions: 100)" --job ShortRun --benchmarkId 27 in /home/paff/Projects/WinForward/benchmarks/WinForward.Benchmarks/bin/Release/net10.0/WinForward.Benchmarks-ShortRun-1/bin/Release/net10.0
// Failed to set up high priority (Permission denied). In order to run benchmarks with high priority, make sure you have the right permissions.
// BeforeAnythingElse

// Benchmark Process Environment Information:
// BenchmarkDotNet v0.15.8
// Runtime=.NET 10.0.12 (10.0.12, 10.0.1226.42308), X64 RyuJIT x86-64-v4
// GC=Concurrent Workstation
// HardwareIntrinsics=AVX512 BITALG+VBMI2+VNNI+VPOPCNTDQ,AVX512 IFMA+VBMI,AVX512 F+BW+CD+DQ+VL,AVX2+BMI1+BMI2+F16C+FMA+LZCNT+MOVBE,AVX,SSE3+SSSE3+SSE4.1+SSE4.2+POPCNT,X86Base+SSE+SSE2,AES+PCLMUL,AvxVnni VectorSize=256
// Job: ShortRun(InvocationCount=1, IterationCount=3, LaunchCount=1, UnrollFactor=1, WarmupCount=3)

OverheadJitting  1: 1 op, 315035.00 ns, 315.0350 us/op
WorkloadJitting  1: 1 op, 59528929.00 ns, 59.5289 ms/op

OverheadWarmup   1: 1 op, 702.00 ns, 702.0000 ns/op
OverheadWarmup   2: 1 op, 631.00 ns, 631.0000 ns/op
OverheadWarmup   3: 1 op, 511.00 ns, 511.0000 ns/op
OverheadWarmup   4: 1 op, 471.00 ns, 471.0000 ns/op
OverheadWarmup   5: 1 op, 321.00 ns, 321.0000 ns/op
OverheadWarmup   6: 1 op, 461.00 ns, 461.0000 ns/op
OverheadWarmup   7: 1 op, 400.00 ns, 400.0000 ns/op
OverheadWarmup   8: 1 op, 381.00 ns, 381.0000 ns/op
OverheadWarmup   9: 1 op, 321.00 ns, 321.0000 ns/op
OverheadWarmup  10: 1 op, 311.00 ns, 311.0000 ns/op

OverheadActual   1: 1 op, 411.00 ns, 411.0000 ns/op
OverheadActual   2: 1 op, 501.00 ns, 501.0000 ns/op
OverheadActual   3: 1 op, 421.00 ns, 421.0000 ns/op
OverheadActual   4: 1 op, 411.00 ns, 411.0000 ns/op
OverheadActual   5: 1 op, 431.00 ns, 431.0000 ns/op
OverheadActual   6: 1 op, 391.00 ns, 391.0000 ns/op
OverheadActual   7: 1 op, 451.00 ns, 451.0000 ns/op
OverheadActual   8: 1 op, 401.00 ns, 401.0000 ns/op
OverheadActual   9: 1 op, 450.00 ns, 450.0000 ns/op
OverheadActual  10: 1 op, 451.00 ns, 451.0000 ns/op
OverheadActual  11: 1 op, 401.00 ns, 401.0000 ns/op
OverheadActual  12: 1 op, 411.00 ns, 411.0000 ns/op
OverheadActual  13: 1 op, 401.00 ns, 401.0000 ns/op
OverheadActual  14: 1 op, 391.00 ns, 391.0000 ns/op
OverheadActual  15: 1 op, 401.00 ns, 401.0000 ns/op
OverheadActual  16: 1 op, 420.00 ns, 420.0000 ns/op
OverheadActual  17: 1 op, 411.00 ns, 411.0000 ns/op

WorkloadWarmup   1: 1 op, 11484417.00 ns, 11.4844 ms/op
WorkloadWarmup   2: 1 op, 10605438.00 ns, 10.6054 ms/op
WorkloadWarmup   3: 1 op, 7458885.00 ns, 7.4589 ms/op

// BeforeActualRun
WorkloadActual   1: 1 op, 10547856.00 ns, 10.5479 ms/op
WorkloadActual   2: 1 op, 10758966.00 ns, 10.7590 ms/op
WorkloadActual   3: 1 op, 10409435.00 ns, 10.4094 ms/op

// AfterActualRun
WorkloadResult   1: 1 op, 10547445.00 ns, 10.5474 ms/op
WorkloadResult   2: 1 op, 10758555.00 ns, 10.7586 ms/op
WorkloadResult   3: 1 op, 10409024.00 ns, 10.4090 ms/op
// GC:  0 0 0 492280 1
// Threading:  100 0 1
// Exceptions:  200

// AfterAll
// Benchmark Process 1359873 has exited with code 0.

Mean = 10.572 ms, StdErr = 0.102 ms (0.96%), N = 3, StdDev = 0.176 ms
Min = 10.409 ms, Q1 = 10.478 ms, Median = 10.547 ms, Q3 = 10.653 ms, Max = 10.759 ms
IQR = 0.175 ms, LowerFence = 10.216 ms, UpperFence = 10.915 ms
ConfidenceInterval = [7.360 ms; 13.783 ms] (CI 99.9%), Margin = 3.211 ms (30.38% of Mean)
Skewness = 0.14, Kurtosis = 0.67, MValue = 2

// ** Remained 35 (55.6%) benchmark(s) to run. Estimated finish 2026-09-22 14:54 (0h 0m from now) **
// **************************
// Benchmark: SessionSetupDecompositionBenchmarks.StageT3_ExpiryRetireInsideAsync: ShortRun(InvocationCount=1, IterationCount=3, LaunchCount=1, UnrollFactor=1, WarmupCount=3) [Sessions=100]
// *** Execute ***
// Launch: 1 / 1
// Execute: dotnet WinForward.Benchmarks-ShortRun-1.dll --anonymousPipes 123 125 --benchmarkName "WinForward.Benchmarks.Perf.SessionSetupDecompositionBenchmarks.StageT3_ExpiryRetireInsideAsync(Sessions: 100)" --job ShortRun --benchmarkId 28 in /home/paff/Projects/WinForward/benchmarks/WinForward.Benchmarks/bin/Release/net10.0/WinForward.Benchmarks-ShortRun-1/bin/Release/net10.0
// Failed to set up high priority (Permission denied). In order to run benchmarks with high priority, make sure you have the right permissions.
// BeforeAnythingElse

// Benchmark Process Environment Information:
// BenchmarkDotNet v0.15.8
// Runtime=.NET 10.0.12 (10.0.12, 10.0.1226.42308), X64 RyuJIT x86-64-v4
// GC=Concurrent Workstation
// HardwareIntrinsics=AVX512 BITALG+VBMI2+VNNI+VPOPCNTDQ,AVX512 IFMA+VBMI,AVX512 F+BW+CD+DQ+VL,AVX2+BMI1+BMI2+F16C+FMA+LZCNT+MOVBE,AVX,SSE3+SSSE3+SSE4.1+SSE4.2+POPCNT,X86Base+SSE+SSE2,AES+PCLMUL,AvxVnni VectorSize=256
// Job: ShortRun(InvocationCount=1, IterationCount=3, LaunchCount=1, UnrollFactor=1, WarmupCount=3)

OverheadJitting  1: 1 op, 424670.00 ns, 424.6700 us/op
WorkloadJitting  1: 1 op, 138952771.00 ns, 138.9528 ms/op

OverheadWarmup   1: 1 op, 1263.00 ns, 1.2630 us/op
OverheadWarmup   2: 1 op, 1423.00 ns, 1.4230 us/op
OverheadWarmup   3: 1 op, 431.00 ns, 431.0000 ns/op
OverheadWarmup   4: 1 op, 69165.00 ns, 69.1650 us/op
OverheadWarmup   5: 1 op, 471.00 ns, 471.0000 ns/op

OverheadActual   1: 1 op, 411.00 ns, 411.0000 ns/op
OverheadActual   2: 1 op, 471.00 ns, 471.0000 ns/op
OverheadActual   3: 1 op, 391.00 ns, 391.0000 ns/op
OverheadActual   4: 1 op, 411.00 ns, 411.0000 ns/op
OverheadActual   5: 1 op, 280.00 ns, 280.0000 ns/op
OverheadActual   6: 1 op, 411.00 ns, 411.0000 ns/op
OverheadActual   7: 1 op, 571.00 ns, 571.0000 ns/op
OverheadActual   8: 1 op, 701.00 ns, 701.0000 ns/op
OverheadActual   9: 1 op, 411.00 ns, 411.0000 ns/op
OverheadActual  10: 1 op, 280.00 ns, 280.0000 ns/op
OverheadActual  11: 1 op, 461.00 ns, 461.0000 ns/op
OverheadActual  12: 1 op, 401.00 ns, 401.0000 ns/op
OverheadActual  13: 1 op, 441.00 ns, 441.0000 ns/op
OverheadActual  14: 1 op, 481.00 ns, 481.0000 ns/op
OverheadActual  15: 1 op, 401.00 ns, 401.0000 ns/op
OverheadActual  16: 1 op, 501.00 ns, 501.0000 ns/op
OverheadActual  17: 1 op, 270.00 ns, 270.0000 ns/op
OverheadActual  18: 1 op, 301.00 ns, 301.0000 ns/op
OverheadActual  19: 1 op, 420.00 ns, 420.0000 ns/op
OverheadActual  20: 1 op, 291.00 ns, 291.0000 ns/op

WorkloadWarmup   1: 1 op, 55776661.00 ns, 55.7767 ms/op
WorkloadWarmup   2: 1 op, 54382086.00 ns, 54.3821 ms/op
WorkloadWarmup   3: 1 op, 51005148.00 ns, 51.0051 ms/op

// BeforeActualRun
WorkloadActual   1: 1 op, 52120111.00 ns, 52.1201 ms/op
WorkloadActual   2: 1 op, 55146428.00 ns, 55.1464 ms/op
WorkloadActual   3: 1 op, 51959126.00 ns, 51.9591 ms/op

// AfterActualRun
WorkloadResult   1: 1 op, 52119700.00 ns, 52.1197 ms/op
WorkloadResult   2: 1 op, 55146017.00 ns, 55.1460 ms/op
WorkloadResult   3: 1 op, 51958715.00 ns, 51.9587 ms/op
// GC:  0 0 0 719440 1
// Threading:  191 67 1
// Exceptions:  200

// AfterAll
// Benchmark Process 1359892 has exited with code 0.

Mean = 53.075 ms, StdErr = 1.037 ms (1.95%), N = 3, StdDev = 1.796 ms
Min = 51.959 ms, Q1 = 52.039 ms, Median = 52.120 ms, Q3 = 53.633 ms, Max = 55.146 ms
IQR = 1.594 ms, LowerFence = 49.649 ms, UpperFence = 56.023 ms
ConfidenceInterval = [20.318 ms; 85.832 ms] (CI 99.9%), Margin = 32.757 ms (61.72% of Mean)
Skewness = 0.38, Kurtosis = 0.67, MValue = 2

// ** Remained 34 (54.0%) benchmark(s) to run. Estimated finish 2026-09-22 14:54 (0h 0m from now) **
// **************************
// Benchmark: SessionSetupDecompositionBenchmarks.StageT5_NonThrowingParkTeardownAsync: ShortRun(InvocationCount=1, IterationCount=3, LaunchCount=1, UnrollFactor=1, WarmupCount=3) [Sessions=100]
// *** Execute ***
// Launch: 1 / 1
// Execute: dotnet WinForward.Benchmarks-ShortRun-1.dll --anonymousPipes 123 125 --benchmarkName "WinForward.Benchmarks.Perf.SessionSetupDecompositionBenchmarks.StageT5_NonThrowingParkTeardownAsync(Sessions: 100)" --job ShortRun --benchmarkId 29 in /home/paff/Projects/WinForward/benchmarks/WinForward.Benchmarks/bin/Release/net10.0/WinForward.Benchmarks-ShortRun-1/bin/Release/net10.0
// Failed to set up high priority (Permission denied). In order to run benchmarks with high priority, make sure you have the right permissions.
// BeforeAnythingElse

// Benchmark Process Environment Information:
// BenchmarkDotNet v0.15.8
// Runtime=.NET 10.0.12 (10.0.12, 10.0.1226.42308), X64 RyuJIT x86-64-v4
// GC=Concurrent Workstation
// HardwareIntrinsics=AVX512 BITALG+VBMI2+VNNI+VPOPCNTDQ,AVX512 IFMA+VBMI,AVX512 F+BW+CD+DQ+VL,AVX2+BMI1+BMI2+F16C+FMA+LZCNT+MOVBE,AVX,SSE3+SSSE3+SSE4.1+SSE4.2+POPCNT,X86Base+SSE+SSE2,AES+PCLMUL,AvxVnni VectorSize=256
// Job: ShortRun(InvocationCount=1, IterationCount=3, LaunchCount=1, UnrollFactor=1, WarmupCount=3)

OverheadJitting  1: 1 op, 324264.00 ns, 324.2640 us/op
WorkloadJitting  1: 1 op, 52313398.00 ns, 52.3134 ms/op

OverheadWarmup   1: 1 op, 742.00 ns, 742.0000 ns/op
OverheadWarmup   2: 1 op, 671.00 ns, 671.0000 ns/op
OverheadWarmup   3: 1 op, 441.00 ns, 441.0000 ns/op
OverheadWarmup   4: 1 op, 441.00 ns, 441.0000 ns/op
OverheadWarmup   5: 1 op, 441.00 ns, 441.0000 ns/op
OverheadWarmup   6: 1 op, 290.00 ns, 290.0000 ns/op
OverheadWarmup   7: 1 op, 440.00 ns, 440.0000 ns/op

OverheadActual   1: 1 op, 430.00 ns, 430.0000 ns/op
OverheadActual   2: 1 op, 391.00 ns, 391.0000 ns/op
OverheadActual   3: 1 op, 471.00 ns, 471.0000 ns/op
OverheadActual   4: 1 op, 681.00 ns, 681.0000 ns/op
OverheadActual   5: 1 op, 420.00 ns, 420.0000 ns/op
OverheadActual   6: 1 op, 421.00 ns, 421.0000 ns/op
OverheadActual   7: 1 op, 441.00 ns, 441.0000 ns/op
OverheadActual   8: 1 op, 441.00 ns, 441.0000 ns/op
OverheadActual   9: 1 op, 411.00 ns, 411.0000 ns/op
OverheadActual  10: 1 op, 431.00 ns, 431.0000 ns/op
OverheadActual  11: 1 op, 440.00 ns, 440.0000 ns/op
OverheadActual  12: 1 op, 391.00 ns, 391.0000 ns/op
OverheadActual  13: 1 op, 1032.00 ns, 1.0320 us/op
OverheadActual  14: 1 op, 471.00 ns, 471.0000 ns/op
OverheadActual  15: 1 op, 431.00 ns, 431.0000 ns/op
OverheadActual  16: 1 op, 401.00 ns, 401.0000 ns/op
OverheadActual  17: 1 op, 461.00 ns, 461.0000 ns/op
OverheadActual  18: 1 op, 421.00 ns, 421.0000 ns/op
OverheadActual  19: 1 op, 361.00 ns, 361.0000 ns/op
OverheadActual  20: 1 op, 421.00 ns, 421.0000 ns/op

WorkloadWarmup   1: 1 op, 2564553.00 ns, 2.5646 ms/op
WorkloadWarmup   2: 1 op, 1565068.00 ns, 1.5651 ms/op
WorkloadWarmup   3: 1 op, 2123263.00 ns, 2.1233 ms/op

// BeforeActualRun
WorkloadActual   1: 1 op, 2227270.00 ns, 2.2273 ms/op
WorkloadActual   2: 1 op, 1505092.00 ns, 1.5051 ms/op
WorkloadActual   3: 1 op, 1240813.00 ns, 1.2408 ms/op

// AfterActualRun
WorkloadResult   1: 1 op, 2226839.50 ns, 2.2268 ms/op
WorkloadResult   2: 1 op, 1504661.50 ns, 1.5047 ms/op
WorkloadResult   3: 1 op, 1240382.50 ns, 1.2404 ms/op
// GC:  0 0 0 362680 1
// Threading:  106 0 1

// AfterAll
// Benchmark Process 1360434 has exited with code 0.

Mean = 1.657 ms, StdErr = 0.295 ms (17.79%), N = 3, StdDev = 0.511 ms
Min = 1.240 ms, Q1 = 1.373 ms, Median = 1.505 ms, Q3 = 1.866 ms, Max = 2.227 ms
IQR = 0.493 ms, LowerFence = 0.633 ms, UpperFence = 2.606 ms
ConfidenceInterval = [-7.659 ms; 10.973 ms] (CI 99.9%), Margin = 9.316 ms (562.11% of Mean)
Skewness = 0.27, Kurtosis = 0.67, MValue = 2

// ** Remained 33 (52.4%) benchmark(s) to run. Estimated finish 2026-09-22 14:54 (0h 0m from now) **
// **************************
// Benchmark: SessionSetupDecompositionBenchmarks.BaselineF_FakeTransportCreationAsync: ShortRun(InvocationCount=1, IterationCount=3, LaunchCount=1, UnrollFactor=1, WarmupCount=3) [Sessions=100]
// *** Execute ***
// Launch: 1 / 1
// Execute: dotnet WinForward.Benchmarks-ShortRun-1.dll --anonymousPipes 123 125 --benchmarkName "WinForward.Benchmarks.Perf.SessionSetupDecompositionBenchmarks.BaselineF_FakeTransportCreationAsync(Sessions: 100)" --job ShortRun --benchmarkId 30 in /home/paff/Projects/WinForward/benchmarks/WinForward.Benchmarks/bin/Release/net10.0/WinForward.Benchmarks-ShortRun-1/bin/Release/net10.0
// Failed to set up high priority (Permission denied). In order to run benchmarks with high priority, make sure you have the right permissions.
// BeforeAnythingElse

// Benchmark Process Environment Information:
// BenchmarkDotNet v0.15.8
// Runtime=.NET 10.0.12 (10.0.12, 10.0.1226.42308), X64 RyuJIT x86-64-v4
// GC=Concurrent Workstation
// HardwareIntrinsics=AVX512 BITALG+VBMI2+VNNI+VPOPCNTDQ,AVX512 IFMA+VBMI,AVX512 F+BW+CD+DQ+VL,AVX2+BMI1+BMI2+F16C+FMA+LZCNT+MOVBE,AVX,SSE3+SSSE3+SSE4.1+SSE4.2+POPCNT,X86Base+SSE+SSE2,AES+PCLMUL,AvxVnni VectorSize=256
// Job: ShortRun(InvocationCount=1, IterationCount=3, LaunchCount=1, UnrollFactor=1, WarmupCount=3)

OverheadJitting  1: 1 op, 318923.00 ns, 318.9230 us/op
WorkloadJitting  1: 1 op, 6272608.00 ns, 6.2726 ms/op

OverheadWarmup   1: 1 op, 761.00 ns, 761.0000 ns/op
OverheadWarmup   2: 1 op, 371.00 ns, 371.0000 ns/op
OverheadWarmup   3: 1 op, 281.00 ns, 281.0000 ns/op
OverheadWarmup   4: 1 op, 421.00 ns, 421.0000 ns/op
OverheadWarmup   5: 1 op, 401.00 ns, 401.0000 ns/op
OverheadWarmup   6: 1 op, 290.00 ns, 290.0000 ns/op
OverheadWarmup   7: 1 op, 421.00 ns, 421.0000 ns/op
OverheadWarmup   8: 1 op, 461.00 ns, 461.0000 ns/op
OverheadWarmup   9: 1 op, 431.00 ns, 431.0000 ns/op

OverheadActual   1: 1 op, 732.00 ns, 732.0000 ns/op
OverheadActual   2: 1 op, 561.00 ns, 561.0000 ns/op
OverheadActual   3: 1 op, 801.00 ns, 801.0000 ns/op
OverheadActual   4: 1 op, 962.00 ns, 962.0000 ns/op
OverheadActual   5: 1 op, 611.00 ns, 611.0000 ns/op
OverheadActual   6: 1 op, 391.00 ns, 391.0000 ns/op
OverheadActual   7: 1 op, 441.00 ns, 441.0000 ns/op
OverheadActual   8: 1 op, 441.00 ns, 441.0000 ns/op
OverheadActual   9: 1 op, 401.00 ns, 401.0000 ns/op
OverheadActual  10: 1 op, 421.00 ns, 421.0000 ns/op
OverheadActual  11: 1 op, 391.00 ns, 391.0000 ns/op
OverheadActual  12: 1 op, 350.00 ns, 350.0000 ns/op
OverheadActual  13: 1 op, 451.00 ns, 451.0000 ns/op
OverheadActual  14: 1 op, 411.00 ns, 411.0000 ns/op
OverheadActual  15: 1 op, 411.00 ns, 411.0000 ns/op
OverheadActual  16: 1 op, 431.00 ns, 431.0000 ns/op
OverheadActual  17: 1 op, 782.00 ns, 782.0000 ns/op
OverheadActual  18: 1 op, 832.00 ns, 832.0000 ns/op
OverheadActual  19: 1 op, 571.00 ns, 571.0000 ns/op
OverheadActual  20: 1 op, 421.00 ns, 421.0000 ns/op

WorkloadWarmup   1: 1 op, 55920.00 ns, 55.9200 us/op
WorkloadWarmup   2: 1 op, 22133.00 ns, 22.1330 us/op
WorkloadWarmup   3: 1 op, 20761.00 ns, 20.7610 us/op

// BeforeActualRun
WorkloadActual   1: 1 op, 55568.00 ns, 55.5680 us/op
WorkloadActual   2: 1 op, 20320.00 ns, 20.3200 us/op
WorkloadActual   3: 1 op, 20030.00 ns, 20.0300 us/op

// AfterActualRun
WorkloadResult   1: 1 op, 55127.00 ns, 55.1270 us/op
WorkloadResult   2: 1 op, 19879.00 ns, 19.8790 us/op
WorkloadResult   3: 1 op, 19589.00 ns, 19.5890 us/op
// GC:  0 0 0 10432 1
// Threading:  0 0 1

// AfterAll
// Benchmark Process 1360451 has exited with code 0.

Mean = 31.532 us, StdErr = 11.798 us (37.42%), N = 3, StdDev = 20.435 us
Min = 19.589 us, Q1 = 19.734 us, Median = 19.879 us, Q3 = 37.503 us, Max = 55.127 us
IQR = 17.769 us, LowerFence = -6.920 us, UpperFence = 64.156 us
ConfidenceInterval = [-341.273 us; 404.336 us] (CI 99.9%), Margin = 372.804 us (1182.32% of Mean)
Skewness = 0.38, Kurtosis = 0.67, MValue = 2

// ** Remained 32 (50.8%) benchmark(s) to run. Estimated finish 2026-09-22 14:54 (0h 0m from now) **
// **************************
// Benchmark: SessionSetupDecompositionBenchmarks.BaselineH_FlowKeyConstruction: ShortRun(InvocationCount=1, IterationCount=3, LaunchCount=1, UnrollFactor=1, WarmupCount=3) [Sessions=100]
// *** Execute ***
// Launch: 1 / 1
// Execute: dotnet WinForward.Benchmarks-ShortRun-1.dll --anonymousPipes 123 125 --benchmarkName "WinForward.Benchmarks.Perf.SessionSetupDecompositionBenchmarks.BaselineH_FlowKeyConstruction(Sessions: 100)" --job ShortRun --benchmarkId 31 in /home/paff/Projects/WinForward/benchmarks/WinForward.Benchmarks/bin/Release/net10.0/WinForward.Benchmarks-ShortRun-1/bin/Release/net10.0
// Failed to set up high priority (Permission denied). In order to run benchmarks with high priority, make sure you have the right permissions.
// BeforeAnythingElse

// Benchmark Process Environment Information:
// BenchmarkDotNet v0.15.8
// Runtime=.NET 10.0.12 (10.0.12, 10.0.1226.42308), X64 RyuJIT x86-64-v4
// GC=Concurrent Workstation
// HardwareIntrinsics=AVX512 BITALG+VBMI2+VNNI+VPOPCNTDQ,AVX512 IFMA+VBMI,AVX512 F+BW+CD+DQ+VL,AVX2+BMI1+BMI2+F16C+FMA+LZCNT+MOVBE,AVX,SSE3+SSSE3+SSE4.1+SSE4.2+POPCNT,X86Base+SSE+SSE2,AES+PCLMUL,AvxVnni VectorSize=256
// Job: ShortRun(InvocationCount=1, IterationCount=3, LaunchCount=1, UnrollFactor=1, WarmupCount=3)

OverheadJitting  1: 1 op, 423066.00 ns, 423.0660 us/op
WorkloadJitting  1: 1 op, 7073924.00 ns, 7.0739 ms/op

OverheadWarmup   1: 1 op, 491.00 ns, 491.0000 ns/op
OverheadWarmup   2: 1 op, 411.00 ns, 411.0000 ns/op
OverheadWarmup   3: 1 op, 410.00 ns, 410.0000 ns/op
OverheadWarmup   4: 1 op, 401.00 ns, 401.0000 ns/op
OverheadWarmup   5: 1 op, 391.00 ns, 391.0000 ns/op
OverheadWarmup   6: 1 op, 391.00 ns, 391.0000 ns/op
OverheadWarmup   7: 1 op, 722.00 ns, 722.0000 ns/op
OverheadWarmup   8: 1 op, 301.00 ns, 301.0000 ns/op
OverheadWarmup   9: 1 op, 421.00 ns, 421.0000 ns/op

OverheadActual   1: 1 op, 421.00 ns, 421.0000 ns/op
OverheadActual   2: 1 op, 451.00 ns, 451.0000 ns/op
OverheadActual   3: 1 op, 381.00 ns, 381.0000 ns/op
OverheadActual   4: 1 op, 411.00 ns, 411.0000 ns/op
OverheadActual   5: 1 op, 391.00 ns, 391.0000 ns/op
OverheadActual   6: 1 op, 411.00 ns, 411.0000 ns/op
OverheadActual   7: 1 op, 391.00 ns, 391.0000 ns/op
OverheadActual   8: 1 op, 281.00 ns, 281.0000 ns/op
OverheadActual   9: 1 op, 381.00 ns, 381.0000 ns/op
OverheadActual  10: 1 op, 291.00 ns, 291.0000 ns/op
OverheadActual  11: 1 op, 791.00 ns, 791.0000 ns/op
OverheadActual  12: 1 op, 501.00 ns, 501.0000 ns/op
OverheadActual  13: 1 op, 401.00 ns, 401.0000 ns/op
OverheadActual  14: 1 op, 541.00 ns, 541.0000 ns/op
OverheadActual  15: 1 op, 541.00 ns, 541.0000 ns/op
OverheadActual  16: 1 op, 401.00 ns, 401.0000 ns/op
OverheadActual  17: 1 op, 290.00 ns, 290.0000 ns/op
OverheadActual  18: 1 op, 592.00 ns, 592.0000 ns/op
OverheadActual  19: 1 op, 321.00 ns, 321.0000 ns/op
OverheadActual  20: 1 op, 400.00 ns, 400.0000 ns/op

WorkloadWarmup   1: 1 op, 185162.00 ns, 185.1620 us/op
WorkloadWarmup   2: 1 op, 124994.00 ns, 124.9940 us/op
WorkloadWarmup   3: 1 op, 111428.00 ns, 111.4280 us/op

// BeforeActualRun
WorkloadActual   1: 1 op, 138621.00 ns, 138.6210 us/op
WorkloadActual   2: 1 op, 102841.00 ns, 102.8410 us/op
WorkloadActual   3: 1 op, 119504.00 ns, 119.5040 us/op

// AfterActualRun
WorkloadResult   1: 1 op, 138220.00 ns, 138.2200 us/op
WorkloadResult   2: 1 op, 102440.00 ns, 102.4400 us/op
WorkloadResult   3: 1 op, 119103.00 ns, 119.1030 us/op
// GC:  0 0 0 35200 1
// Threading:  0 0 1

// AfterAll
// Benchmark Process 1360460 has exited with code 0.

Mean = 119.921 us, StdErr = 10.337 us (8.62%), N = 3, StdDev = 17.904 us
Min = 102.440 us, Q1 = 110.772 us, Median = 119.103 us, Q3 = 128.661 us, Max = 138.220 us
IQR = 17.890 us, LowerFence = 83.936 us, UpperFence = 155.496 us
ConfidenceInterval = [-206.715 us; 446.557 us] (CI 99.9%), Margin = 326.636 us (272.38% of Mean)
Skewness = 0.05, Kurtosis = 0.67, MValue = 2

// ** Remained 31 (49.2%) benchmark(s) to run. Estimated finish 2026-09-22 14:54 (0h 0m from now) **
// **************************
// Benchmark: SessionSetupDecompositionBenchmarks.ComponentC1_AssociationClaimRelease: ShortRun(InvocationCount=1, IterationCount=3, LaunchCount=1, UnrollFactor=1, WarmupCount=3) [Sessions=100]
// *** Execute ***
// Launch: 1 / 1
// Execute: dotnet WinForward.Benchmarks-ShortRun-1.dll --anonymousPipes 123 125 --benchmarkName "WinForward.Benchmarks.Perf.SessionSetupDecompositionBenchmarks.ComponentC1_AssociationClaimRelease(Sessions: 100)" --job ShortRun --benchmarkId 32 in /home/paff/Projects/WinForward/benchmarks/WinForward.Benchmarks/bin/Release/net10.0/WinForward.Benchmarks-ShortRun-1/bin/Release/net10.0
// Failed to set up high priority (Permission denied). In order to run benchmarks with high priority, make sure you have the right permissions.
// BeforeAnythingElse

// Benchmark Process Environment Information:
// BenchmarkDotNet v0.15.8
// Runtime=.NET 10.0.12 (10.0.12, 10.0.1226.42308), X64 RyuJIT x86-64-v4
// GC=Concurrent Workstation
// HardwareIntrinsics=AVX512 BITALG+VBMI2+VNNI+VPOPCNTDQ,AVX512 IFMA+VBMI,AVX512 F+BW+CD+DQ+VL,AVX2+BMI1+BMI2+F16C+FMA+LZCNT+MOVBE,AVX,SSE3+SSSE3+SSE4.1+SSE4.2+POPCNT,X86Base+SSE+SSE2,AES+PCLMUL,AvxVnni VectorSize=256
// Job: ShortRun(InvocationCount=1, IterationCount=3, LaunchCount=1, UnrollFactor=1, WarmupCount=3)

OverheadJitting  1: 1 op, 413067.00 ns, 413.0670 us/op
WorkloadJitting  1: 1 op, 21008160.00 ns, 21.0082 ms/op

OverheadWarmup   1: 1 op, 581.00 ns, 581.0000 ns/op
OverheadWarmup   2: 1 op, 691.00 ns, 691.0000 ns/op
OverheadWarmup   3: 1 op, 291.00 ns, 291.0000 ns/op
OverheadWarmup   4: 1 op, 401.00 ns, 401.0000 ns/op
OverheadWarmup   5: 1 op, 410.00 ns, 410.0000 ns/op
OverheadWarmup   6: 1 op, 1192.00 ns, 1.1920 us/op
OverheadWarmup   7: 1 op, 381.00 ns, 381.0000 ns/op

OverheadActual   1: 1 op, 491.00 ns, 491.0000 ns/op
OverheadActual   2: 1 op, 822.00 ns, 822.0000 ns/op
OverheadActual   3: 1 op, 401.00 ns, 401.0000 ns/op
OverheadActual   4: 1 op, 511.00 ns, 511.0000 ns/op
OverheadActual   5: 1 op, 781.00 ns, 781.0000 ns/op
OverheadActual   6: 1 op, 511.00 ns, 511.0000 ns/op
OverheadActual   7: 1 op, 381.00 ns, 381.0000 ns/op
OverheadActual   8: 1 op, 672.00 ns, 672.0000 ns/op
OverheadActual   9: 1 op, 431.00 ns, 431.0000 ns/op
OverheadActual  10: 1 op, 381.00 ns, 381.0000 ns/op
OverheadActual  11: 1 op, 371.00 ns, 371.0000 ns/op
OverheadActual  12: 1 op, 401.00 ns, 401.0000 ns/op
OverheadActual  13: 1 op, 400.00 ns, 400.0000 ns/op
OverheadActual  14: 1 op, 400.00 ns, 400.0000 ns/op
OverheadActual  15: 1 op, 391.00 ns, 391.0000 ns/op
OverheadActual  16: 1 op, 390.00 ns, 390.0000 ns/op
OverheadActual  17: 1 op, 391.00 ns, 391.0000 ns/op
OverheadActual  18: 1 op, 391.00 ns, 391.0000 ns/op
OverheadActual  19: 1 op, 400.00 ns, 400.0000 ns/op
OverheadActual  20: 1 op, 401.00 ns, 401.0000 ns/op

WorkloadWarmup   1: 1 op, 441172.00 ns, 441.1720 us/op
WorkloadWarmup   2: 1 op, 425391.00 ns, 425.3910 us/op
WorkloadWarmup   3: 1 op, 426537.00 ns, 426.5370 us/op

// BeforeActualRun
WorkloadActual   1: 1 op, 411293.00 ns, 411.2930 us/op
WorkloadActual   2: 1 op, 322531.00 ns, 322.5310 us/op
WorkloadActual   3: 1 op, 341678.00 ns, 341.6780 us/op

// AfterActualRun
WorkloadResult   1: 1 op, 410892.50 ns, 410.8925 us/op
WorkloadResult   2: 1 op, 322130.50 ns, 322.1305 us/op
WorkloadResult   3: 1 op, 341277.50 ns, 341.2775 us/op
// GC:  0 0 0 82800 1
// Threading:  0 0 1

// AfterAll
// Benchmark Process 1360469 has exited with code 0.

Mean = 358.100 us, StdErr = 26.969 us (7.53%), N = 3, StdDev = 46.711 us
Min = 322.130 us, Q1 = 331.704 us, Median = 341.277 us, Q3 = 376.085 us, Max = 410.892 us
IQR = 44.381 us, LowerFence = 265.132 us, UpperFence = 442.656 us
ConfidenceInterval = [-494.084 us; 1,210.284 us] (CI 99.9%), Margin = 852.184 us (237.97% of Mean)
Skewness = 0.31, Kurtosis = 0.67, MValue = 2

// ** Remained 30 (47.6%) benchmark(s) to run. Estimated finish 2026-09-22 14:54 (0h 0m from now) **
// **************************
// Benchmark: SessionSetupDecompositionBenchmarks.ComponentC2_SessionConstructStartAsync: ShortRun(InvocationCount=1, IterationCount=3, LaunchCount=1, UnrollFactor=1, WarmupCount=3) [Sessions=100]
// *** Execute ***
// Launch: 1 / 1
// Execute: dotnet WinForward.Benchmarks-ShortRun-1.dll --anonymousPipes 123 125 --benchmarkName "WinForward.Benchmarks.Perf.SessionSetupDecompositionBenchmarks.ComponentC2_SessionConstructStartAsync(Sessions: 100)" --job ShortRun --benchmarkId 33 in /home/paff/Projects/WinForward/benchmarks/WinForward.Benchmarks/bin/Release/net10.0/WinForward.Benchmarks-ShortRun-1/bin/Release/net10.0
// Failed to set up high priority (Permission denied). In order to run benchmarks with high priority, make sure you have the right permissions.
// BeforeAnythingElse

// Benchmark Process Environment Information:
// BenchmarkDotNet v0.15.8
// Runtime=.NET 10.0.12 (10.0.12, 10.0.1226.42308), X64 RyuJIT x86-64-v4
// GC=Concurrent Workstation
// HardwareIntrinsics=AVX512 BITALG+VBMI2+VNNI+VPOPCNTDQ,AVX512 IFMA+VBMI,AVX512 F+BW+CD+DQ+VL,AVX2+BMI1+BMI2+F16C+FMA+LZCNT+MOVBE,AVX,SSE3+SSSE3+SSE4.1+SSE4.2+POPCNT,X86Base+SSE+SSE2,AES+PCLMUL,AvxVnni VectorSize=256
// Job: ShortRun(InvocationCount=1, IterationCount=3, LaunchCount=1, UnrollFactor=1, WarmupCount=3)

OverheadJitting  1: 1 op, 422696.00 ns, 422.6960 us/op
WorkloadJitting  1: 1 op, 32944601.00 ns, 32.9446 ms/op

OverheadWarmup   1: 1 op, 802.00 ns, 802.0000 ns/op
OverheadWarmup   2: 1 op, 401.00 ns, 401.0000 ns/op
OverheadWarmup   3: 1 op, 441.00 ns, 441.0000 ns/op
OverheadWarmup   4: 1 op, 441.00 ns, 441.0000 ns/op
OverheadWarmup   5: 1 op, 461.00 ns, 461.0000 ns/op
OverheadWarmup   6: 1 op, 431.00 ns, 431.0000 ns/op

OverheadActual   1: 1 op, 601.00 ns, 601.0000 ns/op
OverheadActual   2: 1 op, 802.00 ns, 802.0000 ns/op
OverheadActual   3: 1 op, 661.00 ns, 661.0000 ns/op
OverheadActual   4: 1 op, 712.00 ns, 712.0000 ns/op
OverheadActual   5: 1 op, 460.00 ns, 460.0000 ns/op
OverheadActual   6: 1 op, 431.00 ns, 431.0000 ns/op
OverheadActual   7: 1 op, 431.00 ns, 431.0000 ns/op
OverheadActual   8: 1 op, 410.00 ns, 410.0000 ns/op
OverheadActual   9: 1 op, 481.00 ns, 481.0000 ns/op
OverheadActual  10: 1 op, 431.00 ns, 431.0000 ns/op
OverheadActual  11: 1 op, 441.00 ns, 441.0000 ns/op
OverheadActual  12: 1 op, 431.00 ns, 431.0000 ns/op
OverheadActual  13: 1 op, 852.00 ns, 852.0000 ns/op
OverheadActual  14: 1 op, 390.00 ns, 390.0000 ns/op
OverheadActual  15: 1 op, 421.00 ns, 421.0000 ns/op
OverheadActual  16: 1 op, 291.00 ns, 291.0000 ns/op
OverheadActual  17: 1 op, 421.00 ns, 421.0000 ns/op
OverheadActual  18: 1 op, 420.00 ns, 420.0000 ns/op
OverheadActual  19: 1 op, 401.00 ns, 401.0000 ns/op
OverheadActual  20: 1 op, 441.00 ns, 441.0000 ns/op

WorkloadWarmup   1: 1 op, 734896.00 ns, 734.8960 us/op
WorkloadWarmup   2: 1 op, 409260.00 ns, 409.2600 us/op
WorkloadWarmup   3: 1 op, 476383.00 ns, 476.3830 us/op

// BeforeActualRun
WorkloadActual   1: 1 op, 586516.00 ns, 586.5160 us/op
WorkloadActual   2: 1 op, 690598.00 ns, 690.5980 us/op
WorkloadActual   3: 1 op, 482663.00 ns, 482.6630 us/op

// AfterActualRun
WorkloadResult   1: 1 op, 586085.00 ns, 586.0850 us/op
WorkloadResult   2: 1 op, 690167.00 ns, 690.1670 us/op
WorkloadResult   3: 1 op, 482232.00 ns, 482.2320 us/op
// GC:  0 0 0 271048 1
// Threading:  0 0 1

// AfterAll
// Benchmark Process 1360479 has exited with code 0.

Mean = 586.161 us, StdErr = 60.026 us (10.24%), N = 3, StdDev = 103.968 us
Min = 482.232 us, Q1 = 534.159 us, Median = 586.085 us, Q3 = 638.126 us, Max = 690.167 us
IQR = 103.968 us, LowerFence = 378.207 us, UpperFence = 794.077 us
ConfidenceInterval = [-1,310.593 us; 2,482.916 us] (CI 99.9%), Margin = 1,896.755 us (323.59% of Mean)
Skewness = 0, Kurtosis = 0.67, MValue = 2

// ** Remained 29 (46.0%) benchmark(s) to run. Estimated finish 2026-09-22 14:54 (0h 0m from now) **
// **************************
// Benchmark: SessionSetupDecompositionBenchmarks.ComponentC2a1_ContextRecordStaticLambda: ShortRun(InvocationCount=1, IterationCount=3, LaunchCount=1, UnrollFactor=1, WarmupCount=3) [Sessions=100]
// *** Execute ***
// Launch: 1 / 1
// Execute: dotnet WinForward.Benchmarks-ShortRun-1.dll --anonymousPipes 123 125 --benchmarkName "WinForward.Benchmarks.Perf.SessionSetupDecompositionBenchmarks.ComponentC2a1_ContextRecordStaticLambda(Sessions: 100)" --job ShortRun --benchmarkId 34 in /home/paff/Projects/WinForward/benchmarks/WinForward.Benchmarks/bin/Release/net10.0/WinForward.Benchmarks-ShortRun-1/bin/Release/net10.0
// Failed to set up high priority (Permission denied). In order to run benchmarks with high priority, make sure you have the right permissions.
// BeforeAnythingElse

// Benchmark Process Environment Information:
// BenchmarkDotNet v0.15.8
// Runtime=.NET 10.0.12 (10.0.12, 10.0.1226.42308), X64 RyuJIT x86-64-v4
// GC=Concurrent Workstation
// HardwareIntrinsics=AVX512 BITALG+VBMI2+VNNI+VPOPCNTDQ,AVX512 IFMA+VBMI,AVX512 F+BW+CD+DQ+VL,AVX2+BMI1+BMI2+F16C+FMA+LZCNT+MOVBE,AVX,SSE3+SSSE3+SSE4.1+SSE4.2+POPCNT,X86Base+SSE+SSE2,AES+PCLMUL,AvxVnni VectorSize=256
// Job: ShortRun(InvocationCount=1, IterationCount=3, LaunchCount=1, UnrollFactor=1, WarmupCount=3)

OverheadJitting  1: 1 op, 289405.00 ns, 289.4050 us/op
WorkloadJitting  1: 1 op, 20017639.00 ns, 20.0176 ms/op

OverheadWarmup   1: 1 op, 671.00 ns, 671.0000 ns/op
OverheadWarmup   2: 1 op, 982.00 ns, 982.0000 ns/op
OverheadWarmup   3: 1 op, 1192.00 ns, 1.1920 us/op
OverheadWarmup   4: 1 op, 531.00 ns, 531.0000 ns/op
OverheadWarmup   5: 1 op, 541.00 ns, 541.0000 ns/op
OverheadWarmup   6: 1 op, 701.00 ns, 701.0000 ns/op
OverheadWarmup   7: 1 op, 531.00 ns, 531.0000 ns/op

OverheadActual   1: 1 op, 952.00 ns, 952.0000 ns/op
OverheadActual   2: 1 op, 1032.00 ns, 1.0320 us/op
OverheadActual   3: 1 op, 992.00 ns, 992.0000 ns/op
OverheadActual   4: 1 op, 681.00 ns, 681.0000 ns/op
OverheadActual   5: 1 op, 521.00 ns, 521.0000 ns/op
OverheadActual   6: 1 op, 531.00 ns, 531.0000 ns/op
OverheadActual   7: 1 op, 781.00 ns, 781.0000 ns/op
OverheadActual   8: 1 op, 511.00 ns, 511.0000 ns/op
OverheadActual   9: 1 op, 681.00 ns, 681.0000 ns/op
OverheadActual  10: 1 op, 421.00 ns, 421.0000 ns/op
OverheadActual  11: 1 op, 561.00 ns, 561.0000 ns/op
OverheadActual  12: 1 op, 802.00 ns, 802.0000 ns/op
OverheadActual  13: 1 op, 801.00 ns, 801.0000 ns/op
OverheadActual  14: 1 op, 602.00 ns, 602.0000 ns/op
OverheadActual  15: 1 op, 431.00 ns, 431.0000 ns/op
OverheadActual  16: 1 op, 431.00 ns, 431.0000 ns/op
OverheadActual  17: 1 op, 421.00 ns, 421.0000 ns/op
OverheadActual  18: 1 op, 400.00 ns, 400.0000 ns/op
OverheadActual  19: 1 op, 731.00 ns, 731.0000 ns/op
OverheadActual  20: 1 op, 672.00 ns, 672.0000 ns/op

WorkloadWarmup   1: 1 op, 124724.00 ns, 124.7240 us/op
WorkloadWarmup   2: 1 op, 78844.00 ns, 78.8440 us/op
WorkloadWarmup   3: 1 op, 50078.00 ns, 50.0780 us/op

// BeforeActualRun
WorkloadActual   1: 1 op, 216784.00 ns, 216.7840 us/op
WorkloadActual   2: 1 op, 73323.00 ns, 73.3230 us/op
WorkloadActual   3: 1 op, 57001.00 ns, 57.0010 us/op

// AfterActualRun
WorkloadResult   1: 1 op, 216147.00 ns, 216.1470 us/op
WorkloadResult   2: 1 op, 72686.00 ns, 72.6860 us/op
WorkloadResult   3: 1 op, 56364.00 ns, 56.3640 us/op
// GC:  0 0 0 27808 1
// Threading:  0 0 1

// AfterAll
// Benchmark Process 1360494 has exited with code 0.

Mean = 115.066 us, StdErr = 50.760 us (44.11%), N = 3, StdDev = 87.919 us
Min = 56.364 us, Q1 = 64.525 us, Median = 72.686 us, Q3 = 144.417 us, Max = 216.147 us
IQR = 79.891 us, LowerFence = -55.312 us, UpperFence = 264.254 us
ConfidenceInterval = [-1,488.897 us; 1,719.028 us] (CI 99.9%), Margin = 1,603.962 us (1393.95% of Mean)
Skewness = 0.37, Kurtosis = 0.67, MValue = 2

// ** Remained 28 (44.4%) benchmark(s) to run. Estimated finish 2026-09-22 14:54 (0h 0m from now) **
// **************************
// Benchmark: SessionSetupDecompositionBenchmarks.ComponentC2a2_ContextRecordMethodGroup: ShortRun(InvocationCount=1, IterationCount=3, LaunchCount=1, UnrollFactor=1, WarmupCount=3) [Sessions=100]
// *** Execute ***
// Launch: 1 / 1
// Execute: dotnet WinForward.Benchmarks-ShortRun-1.dll --anonymousPipes 123 125 --benchmarkName "WinForward.Benchmarks.Perf.SessionSetupDecompositionBenchmarks.ComponentC2a2_ContextRecordMethodGroup(Sessions: 100)" --job ShortRun --benchmarkId 35 in /home/paff/Projects/WinForward/benchmarks/WinForward.Benchmarks/bin/Release/net10.0/WinForward.Benchmarks-ShortRun-1/bin/Release/net10.0
// Failed to set up high priority (Permission denied). In order to run benchmarks with high priority, make sure you have the right permissions.
// BeforeAnythingElse

// Benchmark Process Environment Information:
// BenchmarkDotNet v0.15.8
// Runtime=.NET 10.0.12 (10.0.12, 10.0.1226.42308), X64 RyuJIT x86-64-v4
// GC=Concurrent Workstation
// HardwareIntrinsics=AVX512 BITALG+VBMI2+VNNI+VPOPCNTDQ,AVX512 IFMA+VBMI,AVX512 F+BW+CD+DQ+VL,AVX2+BMI1+BMI2+F16C+FMA+LZCNT+MOVBE,AVX,SSE3+SSSE3+SSE4.1+SSE4.2+POPCNT,X86Base+SSE+SSE2,AES+PCLMUL,AvxVnni VectorSize=256
// Job: ShortRun(InvocationCount=1, IterationCount=3, LaunchCount=1, UnrollFactor=1, WarmupCount=3)

OverheadJitting  1: 1 op, 286570.00 ns, 286.5700 us/op
WorkloadJitting  1: 1 op, 22120038.00 ns, 22.1200 ms/op

OverheadWarmup   1: 1 op, 651.00 ns, 651.0000 ns/op
OverheadWarmup   2: 1 op, 571.00 ns, 571.0000 ns/op
OverheadWarmup   3: 1 op, 591.00 ns, 591.0000 ns/op
OverheadWarmup   4: 1 op, 281.00 ns, 281.0000 ns/op
OverheadWarmup   5: 1 op, 411.00 ns, 411.0000 ns/op
OverheadWarmup   6: 1 op, 401.00 ns, 401.0000 ns/op

OverheadActual   1: 1 op, 481.00 ns, 481.0000 ns/op
OverheadActual   2: 1 op, 481.00 ns, 481.0000 ns/op
OverheadActual   3: 1 op, 411.00 ns, 411.0000 ns/op
OverheadActual   4: 1 op, 471.00 ns, 471.0000 ns/op
OverheadActual   5: 1 op, 271.00 ns, 271.0000 ns/op
OverheadActual   6: 1 op, 391.00 ns, 391.0000 ns/op
OverheadActual   7: 1 op, 381.00 ns, 381.0000 ns/op
OverheadActual   8: 1 op, 451.00 ns, 451.0000 ns/op
OverheadActual   9: 1 op, 511.00 ns, 511.0000 ns/op
OverheadActual  10: 1 op, 401.00 ns, 401.0000 ns/op
OverheadActual  11: 1 op, 361.00 ns, 361.0000 ns/op
OverheadActual  12: 1 op, 391.00 ns, 391.0000 ns/op
OverheadActual  13: 1 op, 410.00 ns, 410.0000 ns/op
OverheadActual  14: 1 op, 420.00 ns, 420.0000 ns/op
OverheadActual  15: 1 op, 511.00 ns, 511.0000 ns/op
OverheadActual  16: 1 op, 421.00 ns, 421.0000 ns/op
OverheadActual  17: 1 op, 621.00 ns, 621.0000 ns/op
OverheadActual  18: 1 op, 391.00 ns, 391.0000 ns/op
OverheadActual  19: 1 op, 401.00 ns, 401.0000 ns/op
OverheadActual  20: 1 op, 421.00 ns, 421.0000 ns/op

WorkloadWarmup   1: 1 op, 99004.00 ns, 99.0040 us/op
WorkloadWarmup   2: 1 op, 38015.00 ns, 38.0150 us/op
WorkloadWarmup   3: 1 op, 35710.00 ns, 35.7100 us/op

// BeforeActualRun
WorkloadActual   1: 1 op, 88092.00 ns, 88.0920 us/op
WorkloadActual   2: 1 op, 35459.00 ns, 35.4590 us/op
WorkloadActual   3: 1 op, 31692.00 ns, 31.6920 us/op

// AfterActualRun
WorkloadResult   1: 1 op, 87676.50 ns, 87.6765 us/op
WorkloadResult   2: 1 op, 35043.50 ns, 35.0435 us/op
WorkloadResult   3: 1 op, 31276.50 ns, 31.2765 us/op
// GC:  0 0 0 34232 1
// Threading:  0 0 1

// AfterAll
// Benchmark Process 1360503 has exited with code 0.

Mean = 51.332 us, StdErr = 18.205 us (35.46%), N = 3, StdDev = 31.531 us
Min = 31.276 us, Q1 = 33.160 us, Median = 35.044 us, Q3 = 61.360 us, Max = 87.677 us
IQR = 28.200 us, LowerFence = -9.140 us, UpperFence = 103.660 us
ConfidenceInterval = [-523.918 us; 626.583 us] (CI 99.9%), Margin = 575.250 us (1120.64% of Mean)
Skewness = 0.38, Kurtosis = 0.67, MValue = 2

// ** Remained 27 (42.9%) benchmark(s) to run. Estimated finish 2026-09-22 14:54 (0h 0m from now) **
// **************************
// Benchmark: SessionSetupDecompositionBenchmarks.ComponentC2b_SessionConstructOnly: ShortRun(InvocationCount=1, IterationCount=3, LaunchCount=1, UnrollFactor=1, WarmupCount=3) [Sessions=100]
// *** Execute ***
// Launch: 1 / 1
// Execute: dotnet WinForward.Benchmarks-ShortRun-1.dll --anonymousPipes 123 125 --benchmarkName "WinForward.Benchmarks.Perf.SessionSetupDecompositionBenchmarks.ComponentC2b_SessionConstructOnly(Sessions: 100)" --job ShortRun --benchmarkId 36 in /home/paff/Projects/WinForward/benchmarks/WinForward.Benchmarks/bin/Release/net10.0/WinForward.Benchmarks-ShortRun-1/bin/Release/net10.0
// Failed to set up high priority (Permission denied). In order to run benchmarks with high priority, make sure you have the right permissions.
// BeforeAnythingElse

// Benchmark Process Environment Information:
// BenchmarkDotNet v0.15.8
// Runtime=.NET 10.0.12 (10.0.12, 10.0.1226.42308), X64 RyuJIT x86-64-v4
// GC=Concurrent Workstation
// HardwareIntrinsics=AVX512 BITALG+VBMI2+VNNI+VPOPCNTDQ,AVX512 IFMA+VBMI,AVX512 F+BW+CD+DQ+VL,AVX2+BMI1+BMI2+F16C+FMA+LZCNT+MOVBE,AVX,SSE3+SSSE3+SSE4.1+SSE4.2+POPCNT,X86Base+SSE+SSE2,AES+PCLMUL,AvxVnni VectorSize=256
// Job: ShortRun(InvocationCount=1, IterationCount=3, LaunchCount=1, UnrollFactor=1, WarmupCount=3)

OverheadJitting  1: 1 op, 336849.00 ns, 336.8490 us/op
WorkloadJitting  1: 1 op, 19817055.00 ns, 19.8171 ms/op

OverheadWarmup   1: 1 op, 731.00 ns, 731.0000 ns/op
OverheadWarmup   2: 1 op, 681.00 ns, 681.0000 ns/op
OverheadWarmup   3: 1 op, 421.00 ns, 421.0000 ns/op
OverheadWarmup   4: 1 op, 301.00 ns, 301.0000 ns/op
OverheadWarmup   5: 1 op, 450.00 ns, 450.0000 ns/op
OverheadWarmup   6: 1 op, 291.00 ns, 291.0000 ns/op
OverheadWarmup   7: 1 op, 431.00 ns, 431.0000 ns/op
OverheadWarmup   8: 1 op, 411.00 ns, 411.0000 ns/op

OverheadActual   1: 1 op, 801.00 ns, 801.0000 ns/op
OverheadActual   2: 1 op, 601.00 ns, 601.0000 ns/op
OverheadActual   3: 1 op, 410.00 ns, 410.0000 ns/op
OverheadActual   4: 1 op, 410.00 ns, 410.0000 ns/op
OverheadActual   5: 1 op, 421.00 ns, 421.0000 ns/op
OverheadActual   6: 1 op, 280.00 ns, 280.0000 ns/op
OverheadActual   7: 1 op, 370.00 ns, 370.0000 ns/op
OverheadActual   8: 1 op, 401.00 ns, 401.0000 ns/op
OverheadActual   9: 1 op, 320.00 ns, 320.0000 ns/op
OverheadActual  10: 1 op, 411.00 ns, 411.0000 ns/op
OverheadActual  11: 1 op, 290.00 ns, 290.0000 ns/op
OverheadActual  12: 1 op, 370.00 ns, 370.0000 ns/op
OverheadActual  13: 1 op, 431.00 ns, 431.0000 ns/op
OverheadActual  14: 1 op, 622.00 ns, 622.0000 ns/op
OverheadActual  15: 1 op, 461.00 ns, 461.0000 ns/op
OverheadActual  16: 1 op, 701.00 ns, 701.0000 ns/op
OverheadActual  17: 1 op, 532.00 ns, 532.0000 ns/op
OverheadActual  18: 1 op, 541.00 ns, 541.0000 ns/op
OverheadActual  19: 1 op, 431.00 ns, 431.0000 ns/op
OverheadActual  20: 1 op, 421.00 ns, 421.0000 ns/op

WorkloadWarmup   1: 1 op, 526348.00 ns, 526.3480 us/op
WorkloadWarmup   2: 1 op, 258906.00 ns, 258.9060 us/op
WorkloadWarmup   3: 1 op, 251401.00 ns, 251.4010 us/op

// BeforeActualRun
WorkloadActual   1: 1 op, 444636.00 ns, 444.6360 us/op
WorkloadActual   2: 1 op, 274036.00 ns, 274.0360 us/op
WorkloadActual   3: 1 op, 257734.00 ns, 257.7340 us/op

// AfterActualRun
WorkloadResult   1: 1 op, 444215.00 ns, 444.2150 us/op
WorkloadResult   2: 1 op, 273615.00 ns, 273.6150 us/op
WorkloadResult   3: 1 op, 257313.00 ns, 257.3130 us/op
// GC:  0 0 0 178112 1
// Threading:  0 0 1

// AfterAll
// Benchmark Process 1360517 has exited with code 0.

Mean = 325.048 us, StdErr = 59.769 us (18.39%), N = 3, StdDev = 103.523 us
Min = 257.313 us, Q1 = 265.464 us, Median = 273.615 us, Q3 = 358.915 us, Max = 444.215 us
IQR = 93.451 us, LowerFence = 125.287 us, UpperFence = 499.091 us
ConfidenceInterval = [-1,563.603 us; 2,213.698 us] (CI 99.9%), Margin = 1,888.651 us (581.04% of Mean)
Skewness = 0.37, Kurtosis = 0.67, MValue = 2

// ** Remained 26 (41.3%) benchmark(s) to run. Estimated finish 2026-09-22 14:54 (0h 0m from now) **
// **************************
// Benchmark: SessionSetupDecompositionBenchmarks.ComponentC2c1_ScopeConstructLinked: ShortRun(InvocationCount=1, IterationCount=3, LaunchCount=1, UnrollFactor=1, WarmupCount=3) [Sessions=100]
// *** Execute ***
// Launch: 1 / 1
// Execute: dotnet WinForward.Benchmarks-ShortRun-1.dll --anonymousPipes 123 125 --benchmarkName "WinForward.Benchmarks.Perf.SessionSetupDecompositionBenchmarks.ComponentC2c1_ScopeConstructLinked(Sessions: 100)" --job ShortRun --benchmarkId 37 in /home/paff/Projects/WinForward/benchmarks/WinForward.Benchmarks/bin/Release/net10.0/WinForward.Benchmarks-ShortRun-1/bin/Release/net10.0
// Failed to set up high priority (Permission denied). In order to run benchmarks with high priority, make sure you have the right permissions.
// BeforeAnythingElse

// Benchmark Process Environment Information:
// BenchmarkDotNet v0.15.8
// Runtime=.NET 10.0.12 (10.0.12, 10.0.1226.42308), X64 RyuJIT x86-64-v4
// GC=Concurrent Workstation
// HardwareIntrinsics=AVX512 BITALG+VBMI2+VNNI+VPOPCNTDQ,AVX512 IFMA+VBMI,AVX512 F+BW+CD+DQ+VL,AVX2+BMI1+BMI2+F16C+FMA+LZCNT+MOVBE,AVX,SSE3+SSSE3+SSE4.1+SSE4.2+POPCNT,X86Base+SSE+SSE2,AES+PCLMUL,AvxVnni VectorSize=256
// Job: ShortRun(InvocationCount=1, IterationCount=3, LaunchCount=1, UnrollFactor=1, WarmupCount=3)

OverheadJitting  1: 1 op, 267413.00 ns, 267.4130 us/op
WorkloadJitting  1: 1 op, 1816159.00 ns, 1.8162 ms/op

OverheadWarmup   1: 1 op, 691.00 ns, 691.0000 ns/op
OverheadWarmup   2: 1 op, 551.00 ns, 551.0000 ns/op
OverheadWarmup   3: 1 op, 471.00 ns, 471.0000 ns/op
OverheadWarmup   4: 1 op, 431.00 ns, 431.0000 ns/op
OverheadWarmup   5: 1 op, 431.00 ns, 431.0000 ns/op
OverheadWarmup   6: 1 op, 301.00 ns, 301.0000 ns/op
OverheadWarmup   7: 1 op, 562.00 ns, 562.0000 ns/op
OverheadWarmup   8: 1 op, 481.00 ns, 481.0000 ns/op

OverheadActual   1: 1 op, 440.00 ns, 440.0000 ns/op
OverheadActual   2: 1 op, 921.00 ns, 921.0000 ns/op
OverheadActual   3: 1 op, 420.00 ns, 420.0000 ns/op
OverheadActual   4: 1 op, 401.00 ns, 401.0000 ns/op
OverheadActual   5: 1 op, 450.00 ns, 450.0000 ns/op
OverheadActual   6: 1 op, 461.00 ns, 461.0000 ns/op
OverheadActual   7: 1 op, 441.00 ns, 441.0000 ns/op
OverheadActual   8: 1 op, 611.00 ns, 611.0000 ns/op
OverheadActual   9: 1 op, 411.00 ns, 411.0000 ns/op
OverheadActual  10: 1 op, 301.00 ns, 301.0000 ns/op
OverheadActual  11: 1 op, 471.00 ns, 471.0000 ns/op
OverheadActual  12: 1 op, 451.00 ns, 451.0000 ns/op
OverheadActual  13: 1 op, 300.00 ns, 300.0000 ns/op
OverheadActual  14: 1 op, 301.00 ns, 301.0000 ns/op
OverheadActual  15: 1 op, 431.00 ns, 431.0000 ns/op
OverheadActual  16: 1 op, 281.00 ns, 281.0000 ns/op
OverheadActual  17: 1 op, 461.00 ns, 461.0000 ns/op
OverheadActual  18: 1 op, 791.00 ns, 791.0000 ns/op
OverheadActual  19: 1 op, 571.00 ns, 571.0000 ns/op
OverheadActual  20: 1 op, 471.00 ns, 471.0000 ns/op

WorkloadWarmup   1: 1 op, 75458.00 ns, 75.4580 us/op
WorkloadWarmup   2: 1 op, 18937.00 ns, 18.9370 us/op
WorkloadWarmup   3: 1 op, 17855.00 ns, 17.8550 us/op

// BeforeActualRun
WorkloadActual   1: 1 op, 60178.00 ns, 60.1780 us/op
WorkloadActual   2: 1 op, 13366.00 ns, 13.3660 us/op
WorkloadActual   3: 1 op, 14709.00 ns, 14.7090 us/op

// AfterActualRun
WorkloadResult   1: 1 op, 59732.50 ns, 59.7325 us/op
WorkloadResult   2: 1 op, 12920.50 ns, 12.9205 us/op
WorkloadResult   3: 1 op, 14263.50 ns, 14.2635 us/op
// GC:  0 0 0 21800 1
// Threading:  0 0 1

// AfterAll
// Benchmark Process 1360526 has exited with code 0.

Mean = 28.972 us, StdErr = 15.385 us (53.10%), N = 3, StdDev = 26.648 us
Min = 12.921 us, Q1 = 13.592 us, Median = 14.264 us, Q3 = 36.998 us, Max = 59.733 us
IQR = 23.406 us, LowerFence = -21.517 us, UpperFence = 72.107 us
ConfidenceInterval = [-457.181 us; 515.125 us] (CI 99.9%), Margin = 486.153 us (1678.00% of Mean)
Skewness = 0.38, Kurtosis = 0.67, MValue = 2

// ** Remained 25 (39.7%) benchmark(s) to run. Estimated finish 2026-09-22 14:54 (0h 0m from now) **
// **************************
// Benchmark: SessionSetupDecompositionBenchmarks.ComponentC2c2_ScopeConstructUnlinked: ShortRun(InvocationCount=1, IterationCount=3, LaunchCount=1, UnrollFactor=1, WarmupCount=3) [Sessions=100]
// *** Execute ***
// Launch: 1 / 1
// Execute: dotnet WinForward.Benchmarks-ShortRun-1.dll --anonymousPipes 123 125 --benchmarkName "WinForward.Benchmarks.Perf.SessionSetupDecompositionBenchmarks.ComponentC2c2_ScopeConstructUnlinked(Sessions: 100)" --job ShortRun --benchmarkId 38 in /home/paff/Projects/WinForward/benchmarks/WinForward.Benchmarks/bin/Release/net10.0/WinForward.Benchmarks-ShortRun-1/bin/Release/net10.0
// Failed to set up high priority (Permission denied). In order to run benchmarks with high priority, make sure you have the right permissions.
// BeforeAnythingElse

// Benchmark Process Environment Information:
// BenchmarkDotNet v0.15.8
// Runtime=.NET 10.0.12 (10.0.12, 10.0.1226.42308), X64 RyuJIT x86-64-v4
// GC=Concurrent Workstation
// HardwareIntrinsics=AVX512 BITALG+VBMI2+VNNI+VPOPCNTDQ,AVX512 IFMA+VBMI,AVX512 F+BW+CD+DQ+VL,AVX2+BMI1+BMI2+F16C+FMA+LZCNT+MOVBE,AVX,SSE3+SSSE3+SSE4.1+SSE4.2+POPCNT,X86Base+SSE+SSE2,AES+PCLMUL,AvxVnni VectorSize=256
// Job: ShortRun(InvocationCount=1, IterationCount=3, LaunchCount=1, UnrollFactor=1, WarmupCount=3)

OverheadJitting  1: 1 op, 328281.00 ns, 328.2810 us/op
WorkloadJitting  1: 1 op, 1975294.00 ns, 1.9753 ms/op

OverheadWarmup   1: 1 op, 611.00 ns, 611.0000 ns/op
OverheadWarmup   2: 1 op, 642.00 ns, 642.0000 ns/op
OverheadWarmup   3: 1 op, 501.00 ns, 501.0000 ns/op
OverheadWarmup   4: 1 op, 511.00 ns, 511.0000 ns/op
OverheadWarmup   5: 1 op, 461.00 ns, 461.0000 ns/op

OverheadActual   1: 1 op, 491.00 ns, 491.0000 ns/op
OverheadActual   2: 1 op, 391.00 ns, 391.0000 ns/op
OverheadActual   3: 1 op, 411.00 ns, 411.0000 ns/op
OverheadActual   4: 1 op, 381.00 ns, 381.0000 ns/op
OverheadActual   5: 1 op, 471.00 ns, 471.0000 ns/op
OverheadActual   6: 1 op, 521.00 ns, 521.0000 ns/op
OverheadActual   7: 1 op, 521.00 ns, 521.0000 ns/op
OverheadActual   8: 1 op, 521.00 ns, 521.0000 ns/op
OverheadActual   9: 1 op, 561.00 ns, 561.0000 ns/op
OverheadActual  10: 1 op, 390.00 ns, 390.0000 ns/op
OverheadActual  11: 1 op, 291.00 ns, 291.0000 ns/op
OverheadActual  12: 1 op, 431.00 ns, 431.0000 ns/op
OverheadActual  13: 1 op, 381.00 ns, 381.0000 ns/op
OverheadActual  14: 1 op, 280.00 ns, 280.0000 ns/op
OverheadActual  15: 1 op, 421.00 ns, 421.0000 ns/op
OverheadActual  16: 1 op, 401.00 ns, 401.0000 ns/op
OverheadActual  17: 1 op, 441.00 ns, 441.0000 ns/op
OverheadActual  18: 1 op, 401.00 ns, 401.0000 ns/op
OverheadActual  19: 1 op, 310.00 ns, 310.0000 ns/op
OverheadActual  20: 1 op, 291.00 ns, 291.0000 ns/op

WorkloadWarmup   1: 1 op, 39317.00 ns, 39.3170 us/op
WorkloadWarmup   2: 1 op, 8496.00 ns, 8.4960 us/op
WorkloadWarmup   3: 1 op, 10510.00 ns, 10.5100 us/op

// BeforeActualRun
WorkloadActual   1: 1 op, 37183.00 ns, 37.1830 us/op
WorkloadActual   2: 1 op, 9579.00 ns, 9.5790 us/op
WorkloadActual   3: 1 op, 12364.00 ns, 12.3640 us/op

// AfterActualRun
WorkloadResult   1: 1 op, 36777.00 ns, 36.7770 us/op
WorkloadResult   2: 1 op, 9173.00 ns, 9.1730 us/op
WorkloadResult   3: 1 op, 11958.00 ns, 11.9580 us/op
// GC:  0 0 0 12088 1
// Threading:  0 0 1

// AfterAll
// Benchmark Process 1360540 has exited with code 0.

Mean = 19.303 us, StdErr = 8.774 us (45.46%), N = 3, StdDev = 15.197 us
Min = 9.173 us, Q1 = 10.566 us, Median = 11.958 us, Q3 = 24.367 us, Max = 36.777 us
IQR = 13.802 us, LowerFence = -10.137 us, UpperFence = 45.071 us
ConfidenceInterval = [-257.950 us; 296.555 us] (CI 99.9%), Margin = 277.253 us (1436.34% of Mean)
Skewness = 0.37, Kurtosis = 0.67, MValue = 2

// ** Remained 24 (38.1%) benchmark(s) to run. Estimated finish 2026-09-22 14:54 (0h 0m from now) **
// **************************
// Benchmark: SessionSetupDecompositionBenchmarks.ComponentC2e_LockConstruction: ShortRun(InvocationCount=1, IterationCount=3, LaunchCount=1, UnrollFactor=1, WarmupCount=3) [Sessions=100]
// *** Execute ***
// Launch: 1 / 1
// Execute: dotnet WinForward.Benchmarks-ShortRun-1.dll --anonymousPipes 123 125 --benchmarkName "WinForward.Benchmarks.Perf.SessionSetupDecompositionBenchmarks.ComponentC2e_LockConstruction(Sessions: 100)" --job ShortRun --benchmarkId 39 in /home/paff/Projects/WinForward/benchmarks/WinForward.Benchmarks/bin/Release/net10.0/WinForward.Benchmarks-ShortRun-1/bin/Release/net10.0
// Failed to set up high priority (Permission denied). In order to run benchmarks with high priority, make sure you have the right permissions.
// BeforeAnythingElse

// Benchmark Process Environment Information:
// BenchmarkDotNet v0.15.8
// Runtime=.NET 10.0.12 (10.0.12, 10.0.1226.42308), X64 RyuJIT x86-64-v4
// GC=Concurrent Workstation
// HardwareIntrinsics=AVX512 BITALG+VBMI2+VNNI+VPOPCNTDQ,AVX512 IFMA+VBMI,AVX512 F+BW+CD+DQ+VL,AVX2+BMI1+BMI2+F16C+FMA+LZCNT+MOVBE,AVX,SSE3+SSSE3+SSE4.1+SSE4.2+POPCNT,X86Base+SSE+SSE2,AES+PCLMUL,AvxVnni VectorSize=256
// Job: ShortRun(InvocationCount=1, IterationCount=3, LaunchCount=1, UnrollFactor=1, WarmupCount=3)

OverheadJitting  1: 1 op, 343040.00 ns, 343.0400 us/op
WorkloadJitting  1: 1 op, 805414.00 ns, 805.4140 us/op

OverheadWarmup   1: 1 op, 641.00 ns, 641.0000 ns/op
OverheadWarmup   2: 1 op, 722.00 ns, 722.0000 ns/op
OverheadWarmup   3: 1 op, 521.00 ns, 521.0000 ns/op
OverheadWarmup   4: 1 op, 381.00 ns, 381.0000 ns/op
OverheadWarmup   5: 1 op, 571.00 ns, 571.0000 ns/op
OverheadWarmup   6: 1 op, 611.00 ns, 611.0000 ns/op
OverheadWarmup   7: 1 op, 511.00 ns, 511.0000 ns/op

OverheadActual   1: 1 op, 581.00 ns, 581.0000 ns/op
OverheadActual   2: 1 op, 431.00 ns, 431.0000 ns/op
OverheadActual   3: 1 op, 702.00 ns, 702.0000 ns/op
OverheadActual   4: 1 op, 501.00 ns, 501.0000 ns/op
OverheadActual   5: 1 op, 401.00 ns, 401.0000 ns/op
OverheadActual   6: 1 op, 551.00 ns, 551.0000 ns/op
OverheadActual   7: 1 op, 491.00 ns, 491.0000 ns/op
OverheadActual   8: 1 op, 421.00 ns, 421.0000 ns/op
OverheadActual   9: 1 op, 411.00 ns, 411.0000 ns/op
OverheadActual  10: 1 op, 290.00 ns, 290.0000 ns/op
OverheadActual  11: 1 op, 291.00 ns, 291.0000 ns/op
OverheadActual  12: 1 op, 281.00 ns, 281.0000 ns/op
OverheadActual  13: 1 op, 701.00 ns, 701.0000 ns/op
OverheadActual  14: 1 op, 411.00 ns, 411.0000 ns/op
OverheadActual  15: 1 op, 421.00 ns, 421.0000 ns/op
OverheadActual  16: 1 op, 321.00 ns, 321.0000 ns/op
OverheadActual  17: 1 op, 290.00 ns, 290.0000 ns/op
OverheadActual  18: 1 op, 411.00 ns, 411.0000 ns/op
OverheadActual  19: 1 op, 430.00 ns, 430.0000 ns/op
OverheadActual  20: 1 op, 441.00 ns, 441.0000 ns/op

WorkloadWarmup   1: 1 op, 5301.00 ns, 5.3010 us/op
WorkloadWarmup   2: 1 op, 4639.00 ns, 4.6390 us/op
WorkloadWarmup   3: 1 op, 6173.00 ns, 6.1730 us/op

// BeforeActualRun
WorkloadActual   1: 1 op, 20570.00 ns, 20.5700 us/op
WorkloadActual   2: 1 op, 5481.00 ns, 5.4810 us/op
WorkloadActual   3: 1 op, 5431.00 ns, 5.4310 us/op

// AfterActualRun
WorkloadResult   1: 1 op, 20149.00 ns, 20.1490 us/op
WorkloadResult   2: 1 op, 5060.00 ns, 5.0600 us/op
WorkloadResult   3: 1 op, 5010.00 ns, 5.0100 us/op
// GC:  0 0 0 4000 1
// Threading:  0 0 1

// AfterAll
// Benchmark Process 1360549 has exited with code 0.

Mean = 10.073 us, StdErr = 5.038 us (50.02%), N = 3, StdDev = 8.726 us
Min = 5.010 us, Q1 = 5.035 us, Median = 5.060 us, Q3 = 12.604 us, Max = 20.149 us
IQR = 7.569 us, LowerFence = -6.319 us, UpperFence = 23.959 us
ConfidenceInterval = [-149.124 us; 169.270 us] (CI 99.9%), Margin = 159.197 us (1580.43% of Mean)
Skewness = 0.38, Kurtosis = 0.67, MValue = 2

// ** Remained 23 (36.5%) benchmark(s) to run. Estimated finish 2026-09-22 14:54 (0h 0m from now) **
// **************************
// Benchmark: SessionSetupDecompositionBenchmarks.ComponentC2e_TaskCompletionSourceConstruction: ShortRun(InvocationCount=1, IterationCount=3, LaunchCount=1, UnrollFactor=1, WarmupCount=3) [Sessions=100]
// *** Execute ***
// Launch: 1 / 1
// Execute: dotnet WinForward.Benchmarks-ShortRun-1.dll --anonymousPipes 123 125 --benchmarkName "WinForward.Benchmarks.Perf.SessionSetupDecompositionBenchmarks.ComponentC2e_TaskCompletionSourceConstruction(Sessions: 100)" --job ShortRun --benchmarkId 40 in /home/paff/Projects/WinForward/benchmarks/WinForward.Benchmarks/bin/Release/net10.0/WinForward.Benchmarks-ShortRun-1/bin/Release/net10.0
// Failed to set up high priority (Permission denied). In order to run benchmarks with high priority, make sure you have the right permissions.
// BeforeAnythingElse

// Benchmark Process Environment Information:
// BenchmarkDotNet v0.15.8
// Runtime=.NET 10.0.12 (10.0.12, 10.0.1226.42308), X64 RyuJIT x86-64-v4
// GC=Concurrent Workstation
// HardwareIntrinsics=AVX512 BITALG+VBMI2+VNNI+VPOPCNTDQ,AVX512 IFMA+VBMI,AVX512 F+BW+CD+DQ+VL,AVX2+BMI1+BMI2+F16C+FMA+LZCNT+MOVBE,AVX,SSE3+SSSE3+SSE4.1+SSE4.2+POPCNT,X86Base+SSE+SSE2,AES+PCLMUL,AvxVnni VectorSize=256
// Job: ShortRun(InvocationCount=1, IterationCount=3, LaunchCount=1, UnrollFactor=1, WarmupCount=3)

OverheadJitting  1: 1 op, 384591.00 ns, 384.5910 us/op
WorkloadJitting  1: 1 op, 960947.00 ns, 960.9470 us/op

OverheadWarmup   1: 1 op, 1173.00 ns, 1.1730 us/op
OverheadWarmup   2: 1 op, 631.00 ns, 631.0000 ns/op
OverheadWarmup   3: 1 op, 431.00 ns, 431.0000 ns/op
OverheadWarmup   4: 1 op, 801.00 ns, 801.0000 ns/op
OverheadWarmup   5: 1 op, 702.00 ns, 702.0000 ns/op
OverheadWarmup   6: 1 op, 391.00 ns, 391.0000 ns/op
OverheadWarmup   7: 1 op, 1042.00 ns, 1.0420 us/op
OverheadWarmup   8: 1 op, 501.00 ns, 501.0000 ns/op

OverheadActual   1: 1 op, 622.00 ns, 622.0000 ns/op
OverheadActual   2: 1 op, 701.00 ns, 701.0000 ns/op
OverheadActual   3: 1 op, 881.00 ns, 881.0000 ns/op
OverheadActual   4: 1 op, 591.00 ns, 591.0000 ns/op
OverheadActual   5: 1 op, 871.00 ns, 871.0000 ns/op
OverheadActual   6: 1 op, 601.00 ns, 601.0000 ns/op
OverheadActual   7: 1 op, 521.00 ns, 521.0000 ns/op
OverheadActual   8: 1 op, 260.00 ns, 260.0000 ns/op
OverheadActual   9: 1 op, 541.00 ns, 541.0000 ns/op
OverheadActual  10: 1 op, 45700.00 ns, 45.7000 us/op
OverheadActual  11: 1 op, 481.00 ns, 481.0000 ns/op
OverheadActual  12: 1 op, 311.00 ns, 311.0000 ns/op
OverheadActual  13: 1 op, 532.00 ns, 532.0000 ns/op
OverheadActual  14: 1 op, 431.00 ns, 431.0000 ns/op
OverheadActual  15: 1 op, 461.00 ns, 461.0000 ns/op
OverheadActual  16: 1 op, 771.00 ns, 771.0000 ns/op
OverheadActual  17: 1 op, 421.00 ns, 421.0000 ns/op
OverheadActual  18: 1 op, 411.00 ns, 411.0000 ns/op
OverheadActual  19: 1 op, 421.00 ns, 421.0000 ns/op
OverheadActual  20: 1 op, 431.00 ns, 431.0000 ns/op

WorkloadWarmup   1: 1 op, 58755.00 ns, 58.7550 us/op
WorkloadWarmup   2: 1 op, 52944.00 ns, 52.9440 us/op
WorkloadWarmup   3: 1 op, 8697.00 ns, 8.6970 us/op

// BeforeActualRun
WorkloadActual   1: 1 op, 37343.00 ns, 37.3430 us/op
WorkloadActual   2: 1 op, 7655.00 ns, 7.6550 us/op
WorkloadActual   3: 1 op, 6563.00 ns, 6.5630 us/op

// AfterActualRun
WorkloadResult   1: 1 op, 36816.50 ns, 36.8165 us/op
WorkloadResult   2: 1 op, 7128.50 ns, 7.1285 us/op
WorkloadResult   3: 1 op, 6036.50 ns, 6.0365 us/op
// GC:  0 0 0 8800 1
// Threading:  0 0 1

// AfterAll
// Benchmark Process 1360585 has exited with code 0.

Mean = 16.660 us, StdErr = 10.083 us (60.52%), N = 3, StdDev = 17.464 us
Min = 6.037 us, Q1 = 6.582 us, Median = 7.128 us, Q3 = 21.973 us, Max = 36.816 us
IQR = 15.390 us, LowerFence = -16.503 us, UpperFence = 45.057 us
ConfidenceInterval = [-301.951 us; 335.272 us] (CI 99.9%), Margin = 318.611 us (1912.37% of Mean)
Skewness = 0.38, Kurtosis = 0.67, MValue = 2

// ** Remained 22 (34.9%) benchmark(s) to run. Estimated finish 2026-09-22 14:54 (0h 0m from now) **
// **************************
// Benchmark: SessionSetupDecompositionBenchmarks.ComponentC2e_LinkedTokenSourceConstruction: ShortRun(InvocationCount=1, IterationCount=3, LaunchCount=1, UnrollFactor=1, WarmupCount=3) [Sessions=100]
// *** Execute ***
// Launch: 1 / 1
// Execute: dotnet WinForward.Benchmarks-ShortRun-1.dll --anonymousPipes 123 125 --benchmarkName "WinForward.Benchmarks.Perf.SessionSetupDecompositionBenchmarks.ComponentC2e_LinkedTokenSourceConstruction(Sessions: 100)" --job ShortRun --benchmarkId 41 in /home/paff/Projects/WinForward/benchmarks/WinForward.Benchmarks/bin/Release/net10.0/WinForward.Benchmarks-ShortRun-1/bin/Release/net10.0
// Failed to set up high priority (Permission denied). In order to run benchmarks with high priority, make sure you have the right permissions.
// BeforeAnythingElse

// Benchmark Process Environment Information:
// BenchmarkDotNet v0.15.8
// Runtime=.NET 10.0.12 (10.0.12, 10.0.1226.42308), X64 RyuJIT x86-64-v4
// GC=Concurrent Workstation
// HardwareIntrinsics=AVX512 BITALG+VBMI2+VNNI+VPOPCNTDQ,AVX512 IFMA+VBMI,AVX512 F+BW+CD+DQ+VL,AVX2+BMI1+BMI2+F16C+FMA+LZCNT+MOVBE,AVX,SSE3+SSSE3+SSE4.1+SSE4.2+POPCNT,X86Base+SSE+SSE2,AES+PCLMUL,AvxVnni VectorSize=256
// Job: ShortRun(InvocationCount=1, IterationCount=3, LaunchCount=1, UnrollFactor=1, WarmupCount=3)

OverheadJitting  1: 1 op, 298914.00 ns, 298.9140 us/op
WorkloadJitting  1: 1 op, 1438140.00 ns, 1.4381 ms/op

OverheadWarmup   1: 1 op, 842.00 ns, 842.0000 ns/op
OverheadWarmup   2: 1 op, 511.00 ns, 511.0000 ns/op
OverheadWarmup   3: 1 op, 401.00 ns, 401.0000 ns/op
OverheadWarmup   4: 1 op, 431.00 ns, 431.0000 ns/op
OverheadWarmup   5: 1 op, 741.00 ns, 741.0000 ns/op
OverheadWarmup   6: 1 op, 391.00 ns, 391.0000 ns/op
OverheadWarmup   7: 1 op, 270.00 ns, 270.0000 ns/op
OverheadWarmup   8: 1 op, 451.00 ns, 451.0000 ns/op
OverheadWarmup   9: 1 op, 371.00 ns, 371.0000 ns/op

OverheadActual   1: 1 op, 381.00 ns, 381.0000 ns/op
OverheadActual   2: 1 op, 401.00 ns, 401.0000 ns/op
OverheadActual   3: 1 op, 381.00 ns, 381.0000 ns/op
OverheadActual   4: 1 op, 381.00 ns, 381.0000 ns/op
OverheadActual   5: 1 op, 380.00 ns, 380.0000 ns/op
OverheadActual   6: 1 op, 381.00 ns, 381.0000 ns/op
OverheadActual   7: 1 op, 291.00 ns, 291.0000 ns/op
OverheadActual   8: 1 op, 411.00 ns, 411.0000 ns/op
OverheadActual   9: 1 op, 401.00 ns, 401.0000 ns/op
OverheadActual  10: 1 op, 291.00 ns, 291.0000 ns/op
OverheadActual  11: 1 op, 311.00 ns, 311.0000 ns/op
OverheadActual  12: 1 op, 802.00 ns, 802.0000 ns/op
OverheadActual  13: 1 op, 390.00 ns, 390.0000 ns/op
OverheadActual  14: 1 op, 380.00 ns, 380.0000 ns/op
OverheadActual  15: 1 op, 471.00 ns, 471.0000 ns/op
OverheadActual  16: 1 op, 291.00 ns, 291.0000 ns/op
OverheadActual  17: 1 op, 390.00 ns, 390.0000 ns/op
OverheadActual  18: 1 op, 401.00 ns, 401.0000 ns/op
OverheadActual  19: 1 op, 430.00 ns, 430.0000 ns/op
OverheadActual  20: 1 op, 401.00 ns, 401.0000 ns/op

WorkloadWarmup   1: 1 op, 57282.00 ns, 57.2820 us/op
WorkloadWarmup   2: 1 op, 14208.00 ns, 14.2080 us/op
WorkloadWarmup   3: 1 op, 13396.00 ns, 13.3960 us/op

// BeforeActualRun
WorkloadActual   1: 1 op, 50699.00 ns, 50.6990 us/op
WorkloadActual   2: 1 op, 13596.00 ns, 13.5960 us/op
WorkloadActual   3: 1 op, 13546.00 ns, 13.5460 us/op

// AfterActualRun
WorkloadResult   1: 1 op, 50313.50 ns, 50.3135 us/op
WorkloadResult   2: 1 op, 13210.50 ns, 13.2105 us/op
WorkloadResult   3: 1 op, 13160.50 ns, 13.1605 us/op
// GC:  0 0 0 15400 1
// Threading:  0 0 1

// AfterAll
// Benchmark Process 1360597 has exited with code 0.

Mean = 25.561 us, StdErr = 12.376 us (48.42%), N = 3, StdDev = 21.436 us
Min = 13.161 us, Q1 = 13.185 us, Median = 13.210 us, Q3 = 31.762 us, Max = 50.313 us
IQR = 18.576 us, LowerFence = -14.679 us, UpperFence = 59.627 us
ConfidenceInterval = [-365.509 us; 416.632 us] (CI 99.9%), Margin = 391.070 us (1529.92% of Mean)
Skewness = 0.38, Kurtosis = 0.67, MValue = 2

// ** Remained 21 (33.3%) benchmark(s) to run. Estimated finish 2026-09-22 14:54 (0h 0m from now) **
// **************************
// Benchmark: SessionSetupDecompositionBenchmarks.StageS0_CoordinatorOnly: ShortRun(InvocationCount=1, IterationCount=3, LaunchCount=1, UnrollFactor=1, WarmupCount=3) [Sessions=1000]
// *** Execute ***
// Launch: 1 / 1
// Execute: dotnet WinForward.Benchmarks-ShortRun-1.dll --anonymousPipes 123 125 --benchmarkName "WinForward.Benchmarks.Perf.SessionSetupDecompositionBenchmarks.StageS0_CoordinatorOnly(Sessions: 1000)" --job ShortRun --benchmarkId 42 in /home/paff/Projects/WinForward/benchmarks/WinForward.Benchmarks/bin/Release/net10.0/WinForward.Benchmarks-ShortRun-1/bin/Release/net10.0
// Failed to set up high priority (Permission denied). In order to run benchmarks with high priority, make sure you have the right permissions.
// BeforeAnythingElse

// Benchmark Process Environment Information:
// BenchmarkDotNet v0.15.8
// Runtime=.NET 10.0.12 (10.0.12, 10.0.1226.42308), X64 RyuJIT x86-64-v4
// GC=Concurrent Workstation
// HardwareIntrinsics=AVX512 BITALG+VBMI2+VNNI+VPOPCNTDQ,AVX512 IFMA+VBMI,AVX512 F+BW+CD+DQ+VL,AVX2+BMI1+BMI2+F16C+FMA+LZCNT+MOVBE,AVX,SSE3+SSSE3+SSE4.1+SSE4.2+POPCNT,X86Base+SSE+SSE2,AES+PCLMUL,AvxVnni VectorSize=256
// Job: ShortRun(InvocationCount=1, IterationCount=3, LaunchCount=1, UnrollFactor=1, WarmupCount=3)

OverheadJitting  1: 1 op, 266962.00 ns, 266.9620 us/op
WorkloadJitting  1: 1 op, 7680698.00 ns, 7.6807 ms/op

OverheadWarmup   1: 1 op, 521.00 ns, 521.0000 ns/op
OverheadWarmup   2: 1 op, 291.00 ns, 291.0000 ns/op
OverheadWarmup   3: 1 op, 1223.00 ns, 1.2230 us/op
OverheadWarmup   4: 1 op, 291.00 ns, 291.0000 ns/op
OverheadWarmup   5: 1 op, 400.00 ns, 400.0000 ns/op
OverheadWarmup   6: 1 op, 290.00 ns, 290.0000 ns/op

OverheadActual   1: 1 op, 420.00 ns, 420.0000 ns/op
OverheadActual   2: 1 op, 411.00 ns, 411.0000 ns/op
OverheadActual   3: 1 op, 421.00 ns, 421.0000 ns/op
OverheadActual   4: 1 op, 401.00 ns, 401.0000 ns/op
OverheadActual   5: 1 op, 391.00 ns, 391.0000 ns/op
OverheadActual   6: 1 op, 290.00 ns, 290.0000 ns/op
OverheadActual   7: 1 op, 411.00 ns, 411.0000 ns/op
OverheadActual   8: 1 op, 290.00 ns, 290.0000 ns/op
OverheadActual   9: 1 op, 291.00 ns, 291.0000 ns/op
OverheadActual  10: 1 op, 421.00 ns, 421.0000 ns/op
OverheadActual  11: 1 op, 401.00 ns, 401.0000 ns/op
OverheadActual  12: 1 op, 451.00 ns, 451.0000 ns/op
OverheadActual  13: 1 op, 290.00 ns, 290.0000 ns/op
OverheadActual  14: 1 op, 391.00 ns, 391.0000 ns/op
OverheadActual  15: 1 op, 430.00 ns, 430.0000 ns/op
OverheadActual  16: 1 op, 431.00 ns, 431.0000 ns/op
OverheadActual  17: 1 op, 411.00 ns, 411.0000 ns/op
OverheadActual  18: 1 op, 401.00 ns, 401.0000 ns/op
OverheadActual  19: 1 op, 290.00 ns, 290.0000 ns/op
OverheadActual  20: 1 op, 361.00 ns, 361.0000 ns/op

WorkloadWarmup   1: 1 op, 184801.00 ns, 184.8010 us/op
WorkloadWarmup   2: 1 op, 65698.00 ns, 65.6980 us/op
WorkloadWarmup   3: 1 op, 84284.00 ns, 84.2840 us/op

// BeforeActualRun
WorkloadActual   1: 1 op, 83112.00 ns, 83.1120 us/op
WorkloadActual   2: 1 op, 161305.00 ns, 161.3050 us/op
WorkloadActual   3: 1 op, 60689.00 ns, 60.6890 us/op

// AfterActualRun
WorkloadResult   1: 1 op, 82711.00 ns, 82.7110 us/op
WorkloadResult   2: 1 op, 160904.00 ns, 160.9040 us/op
WorkloadResult   3: 1 op, 60288.00 ns, 60.2880 us/op
// GC:  0 0 0 496680 1
// Threading:  0 0 1

// AfterAll
// Benchmark Process 1360606 has exited with code 0.

Mean = 101.301 us, StdErr = 30.496 us (30.10%), N = 3, StdDev = 52.821 us
Min = 60.288 us, Q1 = 71.499 us, Median = 82.711 us, Q3 = 121.808 us, Max = 160.904 us
IQR = 50.308 us, LowerFence = -3.962 us, UpperFence = 197.269 us
ConfidenceInterval = [-862.355 us; 1,064.957 us] (CI 99.9%), Margin = 963.656 us (951.28% of Mean)
Skewness = 0.31, Kurtosis = 0.67, MValue = 2

// ** Remained 20 (31.7%) benchmark(s) to run. Estimated finish 2026-09-22 14:54 (0h 0m from now) **
// **************************
// Benchmark: SessionSetupDecompositionBenchmarks.StageS1_AdmissionOnlyAsync: ShortRun(InvocationCount=1, IterationCount=3, LaunchCount=1, UnrollFactor=1, WarmupCount=3) [Sessions=1000]
// *** Execute ***
// Launch: 1 / 1
// Execute: dotnet WinForward.Benchmarks-ShortRun-1.dll --anonymousPipes 123 125 --benchmarkName "WinForward.Benchmarks.Perf.SessionSetupDecompositionBenchmarks.StageS1_AdmissionOnlyAsync(Sessions: 1000)" --job ShortRun --benchmarkId 43 in /home/paff/Projects/WinForward/benchmarks/WinForward.Benchmarks/bin/Release/net10.0/WinForward.Benchmarks-ShortRun-1/bin/Release/net10.0
// Failed to set up high priority (Permission denied). In order to run benchmarks with high priority, make sure you have the right permissions.
// BeforeAnythingElse

// Benchmark Process Environment Information:
// BenchmarkDotNet v0.15.8
// Runtime=.NET 10.0.12 (10.0.12, 10.0.1226.42308), X64 RyuJIT x86-64-v4
// GC=Concurrent Workstation
// HardwareIntrinsics=AVX512 BITALG+VBMI2+VNNI+VPOPCNTDQ,AVX512 IFMA+VBMI,AVX512 F+BW+CD+DQ+VL,AVX2+BMI1+BMI2+F16C+FMA+LZCNT+MOVBE,AVX,SSE3+SSSE3+SSE4.1+SSE4.2+POPCNT,X86Base+SSE+SSE2,AES+PCLMUL,AvxVnni VectorSize=256
// Job: ShortRun(InvocationCount=1, IterationCount=3, LaunchCount=1, UnrollFactor=1, WarmupCount=3)

OverheadJitting  1: 1 op, 268445.00 ns, 268.4450 us/op
WorkloadJitting  1: 1 op, 27976125.00 ns, 27.9761 ms/op

OverheadWarmup   1: 1 op, 601.00 ns, 601.0000 ns/op
OverheadWarmup   2: 1 op, 271.00 ns, 271.0000 ns/op
OverheadWarmup   3: 1 op, 271.00 ns, 271.0000 ns/op
OverheadWarmup   4: 1 op, 291.00 ns, 291.0000 ns/op
OverheadWarmup   5: 1 op, 370.00 ns, 370.0000 ns/op
OverheadWarmup   6: 1 op, 521.00 ns, 521.0000 ns/op
OverheadWarmup   7: 1 op, 271.00 ns, 271.0000 ns/op
OverheadWarmup   8: 1 op, 291.00 ns, 291.0000 ns/op

OverheadActual   1: 1 op, 421.00 ns, 421.0000 ns/op
OverheadActual   2: 1 op, 391.00 ns, 391.0000 ns/op
OverheadActual   3: 1 op, 24107.00 ns, 24.1070 us/op
OverheadActual   4: 1 op, 531.00 ns, 531.0000 ns/op
OverheadActual   5: 1 op, 401.00 ns, 401.0000 ns/op
OverheadActual   6: 1 op, 261.00 ns, 261.0000 ns/op
OverheadActual   7: 1 op, 261.00 ns, 261.0000 ns/op
OverheadActual   8: 1 op, 451.00 ns, 451.0000 ns/op
OverheadActual   9: 1 op, 280.00 ns, 280.0000 ns/op
OverheadActual  10: 1 op, 281.00 ns, 281.0000 ns/op
OverheadActual  11: 1 op, 280.00 ns, 280.0000 ns/op
OverheadActual  12: 1 op, 491.00 ns, 491.0000 ns/op
OverheadActual  13: 1 op, 451.00 ns, 451.0000 ns/op
OverheadActual  14: 1 op, 441.00 ns, 441.0000 ns/op
OverheadActual  15: 1 op, 400.00 ns, 400.0000 ns/op
OverheadActual  16: 1 op, 260.00 ns, 260.0000 ns/op
OverheadActual  17: 1 op, 281.00 ns, 281.0000 ns/op
OverheadActual  18: 1 op, 291.00 ns, 291.0000 ns/op
OverheadActual  19: 1 op, 280.00 ns, 280.0000 ns/op
OverheadActual  20: 1 op, 280.00 ns, 280.0000 ns/op

WorkloadWarmup   1: 1 op, 3195133.00 ns, 3.1951 ms/op
WorkloadWarmup   2: 1 op, 2213445.00 ns, 2.2134 ms/op
WorkloadWarmup   3: 1 op, 2212222.00 ns, 2.2122 ms/op

// BeforeActualRun
WorkloadActual   1: 1 op, 2665929.00 ns, 2.6659 ms/op
WorkloadActual   2: 1 op, 3104245.00 ns, 3.1042 ms/op
WorkloadActual   3: 1 op, 2396092.00 ns, 2.3961 ms/op

// AfterActualRun
WorkloadResult   1: 1 op, 2665588.00 ns, 2.6656 ms/op
WorkloadResult   2: 1 op, 3103904.00 ns, 3.1039 ms/op
WorkloadResult   3: 1 op, 2395751.00 ns, 2.3958 ms/op
// GC:  0 0 0 1323552 1
// Threading:  0 0 1

// AfterAll
// Benchmark Process 1360615 has exited with code 0.

Mean = 2.722 ms, StdErr = 0.206 ms (7.58%), N = 3, StdDev = 0.357 ms
Min = 2.396 ms, Q1 = 2.531 ms, Median = 2.666 ms, Q3 = 2.885 ms, Max = 3.104 ms
IQR = 0.354 ms, LowerFence = 2.000 ms, UpperFence = 3.416 ms
ConfidenceInterval = [-3.799 ms; 9.242 ms] (CI 99.9%), Margin = 6.520 ms (239.56% of Mean)
Skewness = 0.15, Kurtosis = 0.67, MValue = 2

// ** Remained 19 (30.2%) benchmark(s) to run. Estimated finish 2026-09-22 14:54 (0h 0m from now) **
// **************************
// Benchmark: SessionSetupDecompositionBenchmarks.StageS2_SetupStartedAsync: ShortRun(InvocationCount=1, IterationCount=3, LaunchCount=1, UnrollFactor=1, WarmupCount=3) [Sessions=1000]
// *** Execute ***
// Launch: 1 / 1
// Execute: dotnet WinForward.Benchmarks-ShortRun-1.dll --anonymousPipes 123 125 --benchmarkName "WinForward.Benchmarks.Perf.SessionSetupDecompositionBenchmarks.StageS2_SetupStartedAsync(Sessions: 1000)" --job ShortRun --benchmarkId 44 in /home/paff/Projects/WinForward/benchmarks/WinForward.Benchmarks/bin/Release/net10.0/WinForward.Benchmarks-ShortRun-1/bin/Release/net10.0
// Failed to set up high priority (Permission denied). In order to run benchmarks with high priority, make sure you have the right permissions.
// BeforeAnythingElse

// Benchmark Process Environment Information:
// BenchmarkDotNet v0.15.8
// Runtime=.NET 10.0.12 (10.0.12, 10.0.1226.42308), X64 RyuJIT x86-64-v4
// GC=Concurrent Workstation
// HardwareIntrinsics=AVX512 BITALG+VBMI2+VNNI+VPOPCNTDQ,AVX512 IFMA+VBMI,AVX512 F+BW+CD+DQ+VL,AVX2+BMI1+BMI2+F16C+FMA+LZCNT+MOVBE,AVX,SSE3+SSSE3+SSE4.1+SSE4.2+POPCNT,X86Base+SSE+SSE2,AES+PCLMUL,AvxVnni VectorSize=256
// Job: ShortRun(InvocationCount=1, IterationCount=3, LaunchCount=1, UnrollFactor=1, WarmupCount=3)

OverheadJitting  1: 1 op, 361416.00 ns, 361.4160 us/op
WorkloadJitting  1: 1 op, 134398390.00 ns, 134.3984 ms/op

OverheadWarmup   1: 1 op, 631.00 ns, 631.0000 ns/op
OverheadWarmup   2: 1 op, 702.00 ns, 702.0000 ns/op
OverheadWarmup   3: 1 op, 461.00 ns, 461.0000 ns/op
OverheadWarmup   4: 1 op, 481.00 ns, 481.0000 ns/op
OverheadWarmup   5: 1 op, 440.00 ns, 440.0000 ns/op

OverheadActual   1: 1 op, 461.00 ns, 461.0000 ns/op
OverheadActual   2: 1 op, 471.00 ns, 471.0000 ns/op
OverheadActual   3: 1 op, 451.00 ns, 451.0000 ns/op
OverheadActual   4: 1 op, 421.00 ns, 421.0000 ns/op
OverheadActual   5: 1 op, 441.00 ns, 441.0000 ns/op
OverheadActual   6: 1 op, 441.00 ns, 441.0000 ns/op
OverheadActual   7: 1 op, 451.00 ns, 451.0000 ns/op
OverheadActual   8: 1 op, 451.00 ns, 451.0000 ns/op
OverheadActual   9: 1 op, 441.00 ns, 441.0000 ns/op
OverheadActual  10: 1 op, 320.00 ns, 320.0000 ns/op
OverheadActual  11: 1 op, 461.00 ns, 461.0000 ns/op
OverheadActual  12: 1 op, 431.00 ns, 431.0000 ns/op
OverheadActual  13: 1 op, 451.00 ns, 451.0000 ns/op
OverheadActual  14: 1 op, 290.00 ns, 290.0000 ns/op
OverheadActual  15: 1 op, 430.00 ns, 430.0000 ns/op
OverheadActual  16: 1 op, 441.00 ns, 441.0000 ns/op
OverheadActual  17: 1 op, 300.00 ns, 300.0000 ns/op
OverheadActual  18: 1 op, 471.00 ns, 471.0000 ns/op
OverheadActual  19: 1 op, 301.00 ns, 301.0000 ns/op
OverheadActual  20: 1 op, 330.00 ns, 330.0000 ns/op

WorkloadWarmup   1: 1 op, 82163306.00 ns, 82.1633 ms/op
WorkloadWarmup   2: 1 op, 80361486.00 ns, 80.3615 ms/op
WorkloadWarmup   3: 1 op, 79554812.00 ns, 79.5548 ms/op

// BeforeActualRun
WorkloadActual   1: 1 op, 81181858.00 ns, 81.1819 ms/op
WorkloadActual   2: 1 op, 81587460.00 ns, 81.5875 ms/op
WorkloadActual   3: 1 op, 81932898.00 ns, 81.9329 ms/op

// AfterActualRun
WorkloadResult   1: 1 op, 81181417.00 ns, 81.1814 ms/op
WorkloadResult   2: 1 op, 81587019.00 ns, 81.5870 ms/op
WorkloadResult   3: 1 op, 81932457.00 ns, 81.9325 ms/op
// GC:  0 0 0 1522200 1
// Threading:  4 13 1

// AfterAll
// Benchmark Process 1360624 has exited with code 0.

Mean = 81.567 ms, StdErr = 0.217 ms (0.27%), N = 3, StdDev = 0.376 ms
Min = 81.181 ms, Q1 = 81.384 ms, Median = 81.587 ms, Q3 = 81.760 ms, Max = 81.932 ms
IQR = 0.376 ms, LowerFence = 80.821 ms, UpperFence = 82.323 ms
ConfidenceInterval = [74.709 ms; 88.425 ms] (CI 99.9%), Margin = 6.858 ms (8.41% of Mean)
Skewness = -0.05, Kurtosis = 0.67, MValue = 2

// ** Remained 18 (28.6%) benchmark(s) to run. Estimated finish 2026-09-22 14:54 (0h 0m from now) **
// **************************
// Benchmark: SessionSetupDecompositionBenchmarks.StageS3_PipelineNoPayloadAsync: ShortRun(InvocationCount=1, IterationCount=3, LaunchCount=1, UnrollFactor=1, WarmupCount=3) [Sessions=1000]
// *** Execute ***
// Launch: 1 / 1
// Execute: dotnet WinForward.Benchmarks-ShortRun-1.dll --anonymousPipes 123 125 --benchmarkName "WinForward.Benchmarks.Perf.SessionSetupDecompositionBenchmarks.StageS3_PipelineNoPayloadAsync(Sessions: 1000)" --job ShortRun --benchmarkId 45 in /home/paff/Projects/WinForward/benchmarks/WinForward.Benchmarks/bin/Release/net10.0/WinForward.Benchmarks-ShortRun-1/bin/Release/net10.0
// Failed to set up high priority (Permission denied). In order to run benchmarks with high priority, make sure you have the right permissions.
// BeforeAnythingElse

// Benchmark Process Environment Information:
// BenchmarkDotNet v0.15.8
// Runtime=.NET 10.0.12 (10.0.12, 10.0.1226.42308), X64 RyuJIT x86-64-v4
// GC=Concurrent Workstation
// HardwareIntrinsics=AVX512 BITALG+VBMI2+VNNI+VPOPCNTDQ,AVX512 IFMA+VBMI,AVX512 F+BW+CD+DQ+VL,AVX2+BMI1+BMI2+F16C+FMA+LZCNT+MOVBE,AVX,SSE3+SSSE3+SSE4.1+SSE4.2+POPCNT,X86Base+SSE+SSE2,AES+PCLMUL,AvxVnni VectorSize=256
// Job: ShortRun(InvocationCount=1, IterationCount=3, LaunchCount=1, UnrollFactor=1, WarmupCount=3)

OverheadJitting  1: 1 op, 268434.00 ns, 268.4340 us/op
WorkloadJitting  1: 1 op, 135826308.00 ns, 135.8263 ms/op

OverheadWarmup   1: 1 op, 921.00 ns, 921.0000 ns/op
OverheadWarmup   2: 1 op, 621.00 ns, 621.0000 ns/op
OverheadWarmup   3: 1 op, 451.00 ns, 451.0000 ns/op
OverheadWarmup   4: 1 op, 431.00 ns, 431.0000 ns/op
OverheadWarmup   5: 1 op, 441.00 ns, 441.0000 ns/op
OverheadWarmup   6: 1 op, 451.00 ns, 451.0000 ns/op
OverheadWarmup   7: 1 op, 471.00 ns, 471.0000 ns/op
OverheadWarmup   8: 1 op, 501.00 ns, 501.0000 ns/op
OverheadWarmup   9: 1 op, 451.00 ns, 451.0000 ns/op
OverheadWarmup  10: 1 op, 441.00 ns, 441.0000 ns/op

OverheadActual   1: 1 op, 551.00 ns, 551.0000 ns/op
OverheadActual   2: 1 op, 431.00 ns, 431.0000 ns/op
OverheadActual   3: 1 op, 531.00 ns, 531.0000 ns/op
OverheadActual   4: 1 op, 792.00 ns, 792.0000 ns/op
OverheadActual   5: 1 op, 631.00 ns, 631.0000 ns/op
OverheadActual   6: 1 op, 671.00 ns, 671.0000 ns/op
OverheadActual   7: 1 op, 471.00 ns, 471.0000 ns/op
OverheadActual   8: 1 op, 451.00 ns, 451.0000 ns/op
OverheadActual   9: 1 op, 982.00 ns, 982.0000 ns/op
OverheadActual  10: 1 op, 441.00 ns, 441.0000 ns/op
OverheadActual  11: 1 op, 451.00 ns, 451.0000 ns/op
OverheadActual  12: 1 op, 311.00 ns, 311.0000 ns/op
OverheadActual  13: 1 op, 301.00 ns, 301.0000 ns/op
OverheadActual  14: 1 op, 461.00 ns, 461.0000 ns/op
OverheadActual  15: 1 op, 461.00 ns, 461.0000 ns/op
OverheadActual  16: 1 op, 431.00 ns, 431.0000 ns/op
OverheadActual  17: 1 op, 451.00 ns, 451.0000 ns/op
OverheadActual  18: 1 op, 521.00 ns, 521.0000 ns/op
OverheadActual  19: 1 op, 431.00 ns, 431.0000 ns/op
OverheadActual  20: 1 op, 431.00 ns, 431.0000 ns/op

WorkloadWarmup   1: 1 op, 68028691.00 ns, 68.0287 ms/op
WorkloadWarmup   2: 1 op, 60693760.00 ns, 60.6938 ms/op
WorkloadWarmup   3: 1 op, 73321977.00 ns, 73.3220 ms/op

// BeforeActualRun
WorkloadActual   1: 1 op, 77142222.00 ns, 77.1422 ms/op
WorkloadActual   2: 1 op, 73982599.00 ns, 73.9826 ms/op
WorkloadActual   3: 1 op, 67159323.00 ns, 67.1593 ms/op

// AfterActualRun
WorkloadResult   1: 1 op, 77141766.00 ns, 77.1418 ms/op
WorkloadResult   2: 1 op, 73982143.00 ns, 73.9821 ms/op
WorkloadResult   3: 1 op, 67158867.00 ns, 67.1589 ms/op
// GC:  0 0 0 4762472 1
// Threading:  992 468 1

// AfterAll
// Benchmark Process 1361176 has exited with code 0.

Mean = 72.761 ms, StdErr = 2.946 ms (4.05%), N = 3, StdDev = 5.102 ms
Min = 67.159 ms, Q1 = 70.571 ms, Median = 73.982 ms, Q3 = 75.562 ms, Max = 77.142 ms
IQR = 4.991 ms, LowerFence = 63.083 ms, UpperFence = 83.049 ms
ConfidenceInterval = [-20.323 ms; 165.845 ms] (CI 99.9%), Margin = 93.084 ms (127.93% of Mean)
Skewness = -0.23, Kurtosis = 0.67, MValue = 2

// ** Remained 17 (27.0%) benchmark(s) to run. Estimated finish 2026-09-22 14:54 (0h 0m from now) **
// **************************
// Benchmark: SessionSetupDecompositionBenchmarks.StageS4_ReadinessTeardownOutsideAsync: ShortRun(InvocationCount=1, IterationCount=3, LaunchCount=1, UnrollFactor=1, WarmupCount=3) [Sessions=1000]
// *** Execute ***
// Launch: 1 / 1
// Execute: dotnet WinForward.Benchmarks-ShortRun-1.dll --anonymousPipes 123 125 --benchmarkName "WinForward.Benchmarks.Perf.SessionSetupDecompositionBenchmarks.StageS4_ReadinessTeardownOutsideAsync(Sessions: 1000)" --job ShortRun --benchmarkId 46 in /home/paff/Projects/WinForward/benchmarks/WinForward.Benchmarks/bin/Release/net10.0/WinForward.Benchmarks-ShortRun-1/bin/Release/net10.0
// Failed to set up high priority (Permission denied). In order to run benchmarks with high priority, make sure you have the right permissions.
// BeforeAnythingElse

// Benchmark Process Environment Information:
// BenchmarkDotNet v0.15.8
// Runtime=.NET 10.0.12 (10.0.12, 10.0.1226.42308), X64 RyuJIT x86-64-v4
// GC=Concurrent Workstation
// HardwareIntrinsics=AVX512 BITALG+VBMI2+VNNI+VPOPCNTDQ,AVX512 IFMA+VBMI,AVX512 F+BW+CD+DQ+VL,AVX2+BMI1+BMI2+F16C+FMA+LZCNT+MOVBE,AVX,SSE3+SSSE3+SSE4.1+SSE4.2+POPCNT,X86Base+SSE+SSE2,AES+PCLMUL,AvxVnni VectorSize=256
// Job: ShortRun(InvocationCount=1, IterationCount=3, LaunchCount=1, UnrollFactor=1, WarmupCount=3)

OverheadJitting  1: 1 op, 536889.00 ns, 536.8890 us/op
WorkloadJitting  1: 1 op, 141384609.00 ns, 141.3846 ms/op

OverheadWarmup   1: 1 op, 802.00 ns, 802.0000 ns/op
OverheadWarmup   2: 1 op, 431.00 ns, 431.0000 ns/op
OverheadWarmup   3: 1 op, 411.00 ns, 411.0000 ns/op
OverheadWarmup   4: 1 op, 401.00 ns, 401.0000 ns/op
OverheadWarmup   5: 1 op, 451.00 ns, 451.0000 ns/op
OverheadWarmup   6: 1 op, 391.00 ns, 391.0000 ns/op
OverheadWarmup   7: 1 op, 440.00 ns, 440.0000 ns/op
OverheadWarmup   8: 1 op, 831.00 ns, 831.0000 ns/op
OverheadWarmup   9: 1 op, 380.00 ns, 380.0000 ns/op

OverheadActual   1: 1 op, 400.00 ns, 400.0000 ns/op
OverheadActual   2: 1 op, 421.00 ns, 421.0000 ns/op
OverheadActual   3: 1 op, 421.00 ns, 421.0000 ns/op
OverheadActual   4: 1 op, 400.00 ns, 400.0000 ns/op
OverheadActual   5: 1 op, 391.00 ns, 391.0000 ns/op
OverheadActual   6: 1 op, 291.00 ns, 291.0000 ns/op
OverheadActual   7: 1 op, 300.00 ns, 300.0000 ns/op
OverheadActual   8: 1 op, 440.00 ns, 440.0000 ns/op
OverheadActual   9: 1 op, 301.00 ns, 301.0000 ns/op
OverheadActual  10: 1 op, 441.00 ns, 441.0000 ns/op
OverheadActual  11: 1 op, 271.00 ns, 271.0000 ns/op
OverheadActual  12: 1 op, 291.00 ns, 291.0000 ns/op
OverheadActual  13: 1 op, 461.00 ns, 461.0000 ns/op
OverheadActual  14: 1 op, 401.00 ns, 401.0000 ns/op
OverheadActual  15: 1 op, 441.00 ns, 441.0000 ns/op
OverheadActual  16: 1 op, 431.00 ns, 431.0000 ns/op
OverheadActual  17: 1 op, 391.00 ns, 391.0000 ns/op
OverheadActual  18: 1 op, 430.00 ns, 430.0000 ns/op
OverheadActual  19: 1 op, 972.00 ns, 972.0000 ns/op
OverheadActual  20: 1 op, 281.00 ns, 281.0000 ns/op

WorkloadWarmup   1: 1 op, 72197729.00 ns, 72.1977 ms/op
WorkloadWarmup   2: 1 op, 66102929.00 ns, 66.1029 ms/op
WorkloadWarmup   3: 1 op, 68666748.00 ns, 68.6667 ms/op

// BeforeActualRun
WorkloadActual   1: 1 op, 93009323.00 ns, 93.0093 ms/op
WorkloadActual   2: 1 op, 72865225.00 ns, 72.8652 ms/op
WorkloadActual   3: 1 op, 69990223.00 ns, 69.9902 ms/op

// AfterActualRun
WorkloadResult   1: 1 op, 93008922.50 ns, 93.0089 ms/op
WorkloadResult   2: 1 op, 72864824.50 ns, 72.8648 ms/op
WorkloadResult   3: 1 op, 69989822.50 ns, 69.9898 ms/op
// GC:  0 0 0 4474760 1
// Threading:  1002 372 1

// AfterAll
// Benchmark Process 1361742 has exited with code 0.

Mean = 78.621 ms, StdErr = 7.242 ms (9.21%), N = 3, StdDev = 12.543 ms
Min = 69.990 ms, Q1 = 71.427 ms, Median = 72.865 ms, Q3 = 82.937 ms, Max = 93.009 ms
IQR = 11.510 ms, LowerFence = 54.163 ms, UpperFence = 100.201 ms
ConfidenceInterval = [-150.206 ms; 307.448 ms] (CI 99.9%), Margin = 228.827 ms (291.05% of Mean)
Skewness = 0.36, Kurtosis = 0.67, MValue = 2

// ** Remained 16 (25.4%) benchmark(s) to run. Estimated finish 2026-09-22 14:54 (0h 0m from now) **
// **************************
// Benchmark: SessionSetupDecompositionBenchmarks.StageS5_ReadinessTeardownInsideAsync: ShortRun(InvocationCount=1, IterationCount=3, LaunchCount=1, UnrollFactor=1, WarmupCount=3) [Sessions=1000]
// *** Execute ***
// Launch: 1 / 1
// Execute: dotnet WinForward.Benchmarks-ShortRun-1.dll --anonymousPipes 123 125 --benchmarkName "WinForward.Benchmarks.Perf.SessionSetupDecompositionBenchmarks.StageS5_ReadinessTeardownInsideAsync(Sessions: 1000)" --job ShortRun --benchmarkId 47 in /home/paff/Projects/WinForward/benchmarks/WinForward.Benchmarks/bin/Release/net10.0/WinForward.Benchmarks-ShortRun-1/bin/Release/net10.0
// Failed to set up high priority (Permission denied). In order to run benchmarks with high priority, make sure you have the right permissions.
// BeforeAnythingElse

// Benchmark Process Environment Information:
// BenchmarkDotNet v0.15.8
// Runtime=.NET 10.0.12 (10.0.12, 10.0.1226.42308), X64 RyuJIT x86-64-v4
// GC=Concurrent Workstation
// HardwareIntrinsics=AVX512 BITALG+VBMI2+VNNI+VPOPCNTDQ,AVX512 IFMA+VBMI,AVX512 F+BW+CD+DQ+VL,AVX2+BMI1+BMI2+F16C+FMA+LZCNT+MOVBE,AVX,SSE3+SSSE3+SSE4.1+SSE4.2+POPCNT,X86Base+SSE+SSE2,AES+PCLMUL,AvxVnni VectorSize=256
// Job: ShortRun(InvocationCount=1, IterationCount=3, LaunchCount=1, UnrollFactor=1, WarmupCount=3)

OverheadJitting  1: 1 op, 271491.00 ns, 271.4910 us/op
WorkloadJitting  1: 1 op, 223979656.00 ns, 223.9797 ms/op

OverheadWarmup   1: 1 op, 681.00 ns, 681.0000 ns/op
OverheadWarmup   2: 1 op, 922.00 ns, 922.0000 ns/op
OverheadWarmup   3: 1 op, 471.00 ns, 471.0000 ns/op
OverheadWarmup   4: 1 op, 601.00 ns, 601.0000 ns/op
OverheadWarmup   5: 1 op, 451.00 ns, 451.0000 ns/op

OverheadActual   1: 1 op, 430.00 ns, 430.0000 ns/op
OverheadActual   2: 1 op, 421.00 ns, 421.0000 ns/op
OverheadActual   3: 1 op, 430.00 ns, 430.0000 ns/op
OverheadActual   4: 1 op, 411.00 ns, 411.0000 ns/op
OverheadActual   5: 1 op, 441.00 ns, 441.0000 ns/op
OverheadActual   6: 1 op, 431.00 ns, 431.0000 ns/op
OverheadActual   7: 1 op, 431.00 ns, 431.0000 ns/op
OverheadActual   8: 1 op, 451.00 ns, 451.0000 ns/op
OverheadActual   9: 1 op, 431.00 ns, 431.0000 ns/op
OverheadActual  10: 1 op, 461.00 ns, 461.0000 ns/op
OverheadActual  11: 1 op, 461.00 ns, 461.0000 ns/op
OverheadActual  12: 1 op, 471.00 ns, 471.0000 ns/op
OverheadActual  13: 1 op, 401.00 ns, 401.0000 ns/op
OverheadActual  14: 1 op, 461.00 ns, 461.0000 ns/op
OverheadActual  15: 1 op, 421.00 ns, 421.0000 ns/op

WorkloadWarmup   1: 1 op, 86378259.00 ns, 86.3783 ms/op
WorkloadWarmup   2: 1 op, 81305741.00 ns, 81.3057 ms/op
WorkloadWarmup   3: 1 op, 82870138.00 ns, 82.8701 ms/op

// BeforeActualRun
WorkloadActual   1: 1 op, 109927400.00 ns, 109.9274 ms/op
WorkloadActual   2: 1 op, 107704798.00 ns, 107.7048 ms/op
WorkloadActual   3: 1 op, 90315610.00 ns, 90.3156 ms/op

// AfterActualRun
WorkloadResult   1: 1 op, 109926969.00 ns, 109.9270 ms/op
WorkloadResult   2: 1 op, 107704367.00 ns, 107.7044 ms/op
WorkloadResult   3: 1 op, 90315179.00 ns, 90.3152 ms/op
// GC:  0 0 0 6479672 1
// Threading:  1998 479 1
// Exceptions:  2128

// AfterAll
// Benchmark Process 1362326 has exited with code 0.

Mean = 102.649 ms, StdErr = 6.200 ms (6.04%), N = 3, StdDev = 10.739 ms
Min = 90.315 ms, Q1 = 99.010 ms, Median = 107.704 ms, Q3 = 108.816 ms, Max = 109.927 ms
IQR = 9.806 ms, LowerFence = 84.301 ms, UpperFence = 123.525 ms
ConfidenceInterval = [-93.269 ms; 298.567 ms] (CI 99.9%), Margin = 195.918 ms (190.86% of Mean)
Skewness = -0.37, Kurtosis = 0.67, MValue = 2

// ** Remained 15 (23.8%) benchmark(s) to run. Estimated finish 2026-09-22 14:54 (0h 0m from now) **
// **************************
// Benchmark: SessionSetupDecompositionBenchmarks.StageT1_SessionTeardownInsideAsync: ShortRun(InvocationCount=1, IterationCount=3, LaunchCount=1, UnrollFactor=1, WarmupCount=3) [Sessions=1000]
// *** Execute ***
// Launch: 1 / 1
// Execute: dotnet WinForward.Benchmarks-ShortRun-1.dll --anonymousPipes 123 125 --benchmarkName "WinForward.Benchmarks.Perf.SessionSetupDecompositionBenchmarks.StageT1_SessionTeardownInsideAsync(Sessions: 1000)" --job ShortRun --benchmarkId 48 in /home/paff/Projects/WinForward/benchmarks/WinForward.Benchmarks/bin/Release/net10.0/WinForward.Benchmarks-ShortRun-1/bin/Release/net10.0
// Failed to set up high priority (Permission denied). In order to run benchmarks with high priority, make sure you have the right permissions.
// BeforeAnythingElse

// Benchmark Process Environment Information:
// BenchmarkDotNet v0.15.8
// Runtime=.NET 10.0.12 (10.0.12, 10.0.1226.42308), X64 RyuJIT x86-64-v4
// GC=Concurrent Workstation
// HardwareIntrinsics=AVX512 BITALG+VBMI2+VNNI+VPOPCNTDQ,AVX512 IFMA+VBMI,AVX512 F+BW+CD+DQ+VL,AVX2+BMI1+BMI2+F16C+FMA+LZCNT+MOVBE,AVX,SSE3+SSSE3+SSE4.1+SSE4.2+POPCNT,X86Base+SSE+SSE2,AES+PCLMUL,AvxVnni VectorSize=256
// Job: ShortRun(InvocationCount=1, IterationCount=3, LaunchCount=1, UnrollFactor=1, WarmupCount=3)

OverheadJitting  1: 1 op, 469367.00 ns, 469.3670 us/op
WorkloadJitting  1: 1 op, 145702530.00 ns, 145.7025 ms/op

OverheadWarmup   1: 1 op, 842.00 ns, 842.0000 ns/op
OverheadWarmup   2: 1 op, 531.00 ns, 531.0000 ns/op
OverheadWarmup   3: 1 op, 651.00 ns, 651.0000 ns/op
OverheadWarmup   4: 1 op, 702.00 ns, 702.0000 ns/op
OverheadWarmup   5: 1 op, 380.00 ns, 380.0000 ns/op
OverheadWarmup   6: 1 op, 391.00 ns, 391.0000 ns/op
OverheadWarmup   7: 1 op, 431.00 ns, 431.0000 ns/op
OverheadWarmup   8: 1 op, 431.00 ns, 431.0000 ns/op

OverheadActual   1: 1 op, 310.00 ns, 310.0000 ns/op
OverheadActual   2: 1 op, 451.00 ns, 451.0000 ns/op
OverheadActual   3: 1 op, 411.00 ns, 411.0000 ns/op
OverheadActual   4: 1 op, 431.00 ns, 431.0000 ns/op
OverheadActual   5: 1 op, 822.00 ns, 822.0000 ns/op
OverheadActual   6: 1 op, 391.00 ns, 391.0000 ns/op
OverheadActual   7: 1 op, 611.00 ns, 611.0000 ns/op
OverheadActual   8: 1 op, 411.00 ns, 411.0000 ns/op
OverheadActual   9: 1 op, 420.00 ns, 420.0000 ns/op
OverheadActual  10: 1 op, 441.00 ns, 441.0000 ns/op
OverheadActual  11: 1 op, 421.00 ns, 421.0000 ns/op
OverheadActual  12: 1 op, 431.00 ns, 431.0000 ns/op
OverheadActual  13: 1 op, 451.00 ns, 451.0000 ns/op
OverheadActual  14: 1 op, 411.00 ns, 411.0000 ns/op
OverheadActual  15: 1 op, 441.00 ns, 441.0000 ns/op
OverheadActual  16: 1 op, 421.00 ns, 421.0000 ns/op
OverheadActual  17: 1 op, 431.00 ns, 431.0000 ns/op
OverheadActual  18: 1 op, 410.00 ns, 410.0000 ns/op
OverheadActual  19: 1 op, 471.00 ns, 471.0000 ns/op
OverheadActual  20: 1 op, 441.00 ns, 441.0000 ns/op

WorkloadWarmup   1: 1 op, 93568178.00 ns, 93.5682 ms/op
WorkloadWarmup   2: 1 op, 70568097.00 ns, 70.5681 ms/op
WorkloadWarmup   3: 1 op, 18686648.00 ns, 18.6866 ms/op

// BeforeActualRun
WorkloadActual   1: 1 op, 72779158.00 ns, 72.7792 ms/op
WorkloadActual   2: 1 op, 37945902.00 ns, 37.9459 ms/op
WorkloadActual   3: 1 op, 43022888.00 ns, 43.0229 ms/op

// AfterActualRun
WorkloadResult   1: 1 op, 72778727.00 ns, 72.7787 ms/op
WorkloadResult   2: 1 op, 37945471.00 ns, 37.9455 ms/op
WorkloadResult   3: 1 op, 43022457.00 ns, 43.0225 ms/op
// GC:  0 0 0 4848648 1
// Threading:  1000 0 1
// Exceptions:  2000

// AfterAll
// Benchmark Process 1362882 has exited with code 0.

Mean = 51.249 ms, StdErr = 10.864 ms (21.20%), N = 3, StdDev = 18.817 ms
Min = 37.945 ms, Q1 = 40.484 ms, Median = 43.022 ms, Q3 = 57.901 ms, Max = 72.779 ms
IQR = 17.417 ms, LowerFence = 14.359 ms, UpperFence = 84.026 ms
ConfidenceInterval = [-292.051 ms; 394.548 ms] (CI 99.9%), Margin = 343.299 ms (669.87% of Mean)
Skewness = 0.35, Kurtosis = 0.67, MValue = 2

// ** Remained 14 (22.2%) benchmark(s) to run. Estimated finish 2026-09-22 14:54 (0h 0m from now) **
// **************************
// Benchmark: SessionSetupDecompositionBenchmarks.StageT3_ExpiryRetireInsideAsync: ShortRun(InvocationCount=1, IterationCount=3, LaunchCount=1, UnrollFactor=1, WarmupCount=3) [Sessions=1000]
// *** Execute ***
// Launch: 1 / 1
// Execute: dotnet WinForward.Benchmarks-ShortRun-1.dll --anonymousPipes 123 125 --benchmarkName "WinForward.Benchmarks.Perf.SessionSetupDecompositionBenchmarks.StageT3_ExpiryRetireInsideAsync(Sessions: 1000)" --job ShortRun --benchmarkId 49 in /home/paff/Projects/WinForward/benchmarks/WinForward.Benchmarks/bin/Release/net10.0/WinForward.Benchmarks-ShortRun-1/bin/Release/net10.0
// Failed to set up high priority (Permission denied). In order to run benchmarks with high priority, make sure you have the right permissions.
// BeforeAnythingElse

// Benchmark Process Environment Information:
// BenchmarkDotNet v0.15.8
// Runtime=.NET 10.0.12 (10.0.12, 10.0.1226.42308), X64 RyuJIT x86-64-v4
// GC=Concurrent Workstation
// HardwareIntrinsics=AVX512 BITALG+VBMI2+VNNI+VPOPCNTDQ,AVX512 IFMA+VBMI,AVX512 F+BW+CD+DQ+VL,AVX2+BMI1+BMI2+F16C+FMA+LZCNT+MOVBE,AVX,SSE3+SSSE3+SSE4.1+SSE4.2+POPCNT,X86Base+SSE+SSE2,AES+PCLMUL,AvxVnni VectorSize=256
// Job: ShortRun(InvocationCount=1, IterationCount=3, LaunchCount=1, UnrollFactor=1, WarmupCount=3)

OverheadJitting  1: 1 op, 288523.00 ns, 288.5230 us/op
WorkloadJitting  1: 1 op, 237338039.00 ns, 237.3380 ms/op

OverheadWarmup   1: 1 op, 631.00 ns, 631.0000 ns/op
OverheadWarmup   2: 1 op, 280.00 ns, 280.0000 ns/op
OverheadWarmup   3: 1 op, 391.00 ns, 391.0000 ns/op
OverheadWarmup   4: 1 op, 271.00 ns, 271.0000 ns/op
OverheadWarmup   5: 1 op, 440.00 ns, 440.0000 ns/op
OverheadWarmup   6: 1 op, 270.00 ns, 270.0000 ns/op

OverheadActual   1: 1 op, 431.00 ns, 431.0000 ns/op
OverheadActual   2: 1 op, 390.00 ns, 390.0000 ns/op
OverheadActual   3: 1 op, 401.00 ns, 401.0000 ns/op
OverheadActual   4: 1 op, 350.00 ns, 350.0000 ns/op
OverheadActual   5: 1 op, 381.00 ns, 381.0000 ns/op
OverheadActual   6: 1 op, 380.00 ns, 380.0000 ns/op
OverheadActual   7: 1 op, 521.00 ns, 521.0000 ns/op
OverheadActual   8: 1 op, 401.00 ns, 401.0000 ns/op
OverheadActual   9: 1 op, 421.00 ns, 421.0000 ns/op
OverheadActual  10: 1 op, 350.00 ns, 350.0000 ns/op
OverheadActual  11: 1 op, 421.00 ns, 421.0000 ns/op
OverheadActual  12: 1 op, 411.00 ns, 411.0000 ns/op
OverheadActual  13: 1 op, 290.00 ns, 290.0000 ns/op
OverheadActual  14: 1 op, 401.00 ns, 401.0000 ns/op
OverheadActual  15: 1 op, 441.00 ns, 441.0000 ns/op
OverheadActual  16: 1 op, 471.00 ns, 471.0000 ns/op
OverheadActual  17: 1 op, 430.00 ns, 430.0000 ns/op
OverheadActual  18: 1 op, 381.00 ns, 381.0000 ns/op
OverheadActual  19: 1 op, 380.00 ns, 380.0000 ns/op
OverheadActual  20: 1 op, 390.00 ns, 390.0000 ns/op

WorkloadWarmup   1: 1 op, 176864515.00 ns, 176.8645 ms/op
WorkloadWarmup   2: 1 op, 155782245.00 ns, 155.7822 ms/op
WorkloadWarmup   3: 1 op, 171552153.00 ns, 171.5522 ms/op

// BeforeActualRun
WorkloadActual   1: 1 op, 166413820.00 ns, 166.4138 ms/op
WorkloadActual   2: 1 op, 127612567.00 ns, 127.6126 ms/op
WorkloadActual   3: 1 op, 128604937.00 ns, 128.6049 ms/op

// AfterActualRun
WorkloadResult   1: 1 op, 166413419.00 ns, 166.4134 ms/op
WorkloadResult   2: 1 op, 127612166.00 ns, 127.6122 ms/op
WorkloadResult   3: 1 op, 128604536.00 ns, 128.6045 ms/op
// GC:  0 0 0 6959544 1
// Threading:  2003 294 1
// Exceptions:  2000

// AfterAll
// Benchmark Process 1362896 has exited with code 0.

Mean = 140.877 ms, StdErr = 12.772 ms (9.07%), N = 3, StdDev = 22.121 ms
Min = 127.612 ms, Q1 = 128.108 ms, Median = 128.605 ms, Q3 = 147.509 ms, Max = 166.413 ms
IQR = 19.401 ms, LowerFence = 99.007 ms, UpperFence = 176.610 ms
ConfidenceInterval = [-262.693 ms; 544.446 ms] (CI 99.9%), Margin = 403.570 ms (286.47% of Mean)
Skewness = 0.38, Kurtosis = 0.67, MValue = 2

// ** Remained 13 (20.6%) benchmark(s) to run. Estimated finish 2026-09-22 14:54 (0h 0m from now) **
// **************************
// Benchmark: SessionSetupDecompositionBenchmarks.StageT5_NonThrowingParkTeardownAsync: ShortRun(InvocationCount=1, IterationCount=3, LaunchCount=1, UnrollFactor=1, WarmupCount=3) [Sessions=1000]
// *** Execute ***
// Launch: 1 / 1
// Execute: dotnet WinForward.Benchmarks-ShortRun-1.dll --anonymousPipes 123 125 --benchmarkName "WinForward.Benchmarks.Perf.SessionSetupDecompositionBenchmarks.StageT5_NonThrowingParkTeardownAsync(Sessions: 1000)" --job ShortRun --benchmarkId 50 in /home/paff/Projects/WinForward/benchmarks/WinForward.Benchmarks/bin/Release/net10.0/WinForward.Benchmarks-ShortRun-1/bin/Release/net10.0
// Failed to set up high priority (Permission denied). In order to run benchmarks with high priority, make sure you have the right permissions.
// BeforeAnythingElse

// Benchmark Process Environment Information:
// BenchmarkDotNet v0.15.8
// Runtime=.NET 10.0.12 (10.0.12, 10.0.1226.42308), X64 RyuJIT x86-64-v4
// GC=Concurrent Workstation
// HardwareIntrinsics=AVX512 BITALG+VBMI2+VNNI+VPOPCNTDQ,AVX512 IFMA+VBMI,AVX512 F+BW+CD+DQ+VL,AVX2+BMI1+BMI2+F16C+FMA+LZCNT+MOVBE,AVX,SSE3+SSSE3+SSE4.1+SSE4.2+POPCNT,X86Base+SSE+SSE2,AES+PCLMUL,AvxVnni VectorSize=256
// Job: ShortRun(InvocationCount=1, IterationCount=3, LaunchCount=1, UnrollFactor=1, WarmupCount=3)

OverheadJitting  1: 1 op, 403338.00 ns, 403.3380 us/op
WorkloadJitting  1: 1 op, 60459301.00 ns, 60.4593 ms/op

OverheadWarmup   1: 1 op, 380.00 ns, 380.0000 ns/op
OverheadWarmup   2: 1 op, 291.00 ns, 291.0000 ns/op
OverheadWarmup   3: 1 op, 420.00 ns, 420.0000 ns/op
OverheadWarmup   4: 1 op, 281.00 ns, 281.0000 ns/op
OverheadWarmup   5: 1 op, 360.00 ns, 360.0000 ns/op
OverheadWarmup   6: 1 op, 291.00 ns, 291.0000 ns/op

OverheadActual   1: 1 op, 371.00 ns, 371.0000 ns/op
OverheadActual   2: 1 op, 391.00 ns, 391.0000 ns/op
OverheadActual   3: 1 op, 390.00 ns, 390.0000 ns/op
OverheadActual   4: 1 op, 380.00 ns, 380.0000 ns/op
OverheadActual   5: 1 op, 691.00 ns, 691.0000 ns/op
OverheadActual   6: 1 op, 291.00 ns, 291.0000 ns/op
OverheadActual   7: 1 op, 291.00 ns, 291.0000 ns/op
OverheadActual   8: 1 op, 281.00 ns, 281.0000 ns/op
OverheadActual   9: 1 op, 410.00 ns, 410.0000 ns/op
OverheadActual  10: 1 op, 430.00 ns, 430.0000 ns/op
OverheadActual  11: 1 op, 571.00 ns, 571.0000 ns/op
OverheadActual  12: 1 op, 291.00 ns, 291.0000 ns/op
OverheadActual  13: 1 op, 281.00 ns, 281.0000 ns/op
OverheadActual  14: 1 op, 401.00 ns, 401.0000 ns/op
OverheadActual  15: 1 op, 311.00 ns, 311.0000 ns/op
OverheadActual  16: 1 op, 270.00 ns, 270.0000 ns/op
OverheadActual  17: 1 op, 431.00 ns, 431.0000 ns/op
OverheadActual  18: 1 op, 481.00 ns, 481.0000 ns/op
OverheadActual  19: 1 op, 271.00 ns, 271.0000 ns/op
OverheadActual  20: 1 op, 1042.00 ns, 1.0420 us/op

WorkloadWarmup   1: 1 op, 12890809.00 ns, 12.8908 ms/op
WorkloadWarmup   2: 1 op, 9487982.00 ns, 9.4880 ms/op
WorkloadWarmup   3: 1 op, 11064431.00 ns, 11.0644 ms/op

// BeforeActualRun
WorkloadActual   1: 1 op, 11414204.00 ns, 11.4142 ms/op
WorkloadActual   2: 1 op, 9139887.00 ns, 9.1399 ms/op
WorkloadActual   3: 1 op, 7813441.00 ns, 7.8134 ms/op

// AfterActualRun
WorkloadResult   1: 1 op, 11413819.00 ns, 11.4138 ms/op
WorkloadResult   2: 1 op, 9139502.00 ns, 9.1395 ms/op
WorkloadResult   3: 1 op, 7813056.00 ns, 7.8131 ms/op
// GC:  0 0 0 3552792 1
// Threading:  1022 0 1

// AfterAll
// Benchmark Process 1363452 has exited with code 0.

Mean = 9.455 ms, StdErr = 1.051 ms (11.12%), N = 3, StdDev = 1.821 ms
Min = 7.813 ms, Q1 = 8.476 ms, Median = 9.140 ms, Q3 = 10.277 ms, Max = 11.414 ms
IQR = 1.800 ms, LowerFence = 5.776 ms, UpperFence = 12.977 ms
ConfidenceInterval = [-23.767 ms; 42.678 ms] (CI 99.9%), Margin = 33.223 ms (351.36% of Mean)
Skewness = 0.17, Kurtosis = 0.67, MValue = 2

// ** Remained 12 (19.0%) benchmark(s) to run. Estimated finish 2026-09-22 14:54 (0h 0m from now) **
// **************************
// Benchmark: SessionSetupDecompositionBenchmarks.BaselineF_FakeTransportCreationAsync: ShortRun(InvocationCount=1, IterationCount=3, LaunchCount=1, UnrollFactor=1, WarmupCount=3) [Sessions=1000]
// *** Execute ***
// Launch: 1 / 1
// Execute: dotnet WinForward.Benchmarks-ShortRun-1.dll --anonymousPipes 123 125 --benchmarkName "WinForward.Benchmarks.Perf.SessionSetupDecompositionBenchmarks.BaselineF_FakeTransportCreationAsync(Sessions: 1000)" --job ShortRun --benchmarkId 51 in /home/paff/Projects/WinForward/benchmarks/WinForward.Benchmarks/bin/Release/net10.0/WinForward.Benchmarks-ShortRun-1/bin/Release/net10.0
// Failed to set up high priority (Permission denied). In order to run benchmarks with high priority, make sure you have the right permissions.
// BeforeAnythingElse

// Benchmark Process Environment Information:
// BenchmarkDotNet v0.15.8
// Runtime=.NET 10.0.12 (10.0.12, 10.0.1226.42308), X64 RyuJIT x86-64-v4
// GC=Concurrent Workstation
// HardwareIntrinsics=AVX512 BITALG+VBMI2+VNNI+VPOPCNTDQ,AVX512 IFMA+VBMI,AVX512 F+BW+CD+DQ+VL,AVX2+BMI1+BMI2+F16C+FMA+LZCNT+MOVBE,AVX,SSE3+SSSE3+SSE4.1+SSE4.2+POPCNT,X86Base+SSE+SSE2,AES+PCLMUL,AvxVnni VectorSize=256
// Job: ShortRun(InvocationCount=1, IterationCount=3, LaunchCount=1, UnrollFactor=1, WarmupCount=3)

OverheadJitting  1: 1 op, 260288.00 ns, 260.2880 us/op
WorkloadJitting  1: 1 op, 6173407.00 ns, 6.1734 ms/op

OverheadWarmup   1: 1 op, 521.00 ns, 521.0000 ns/op
OverheadWarmup   2: 1 op, 300.00 ns, 300.0000 ns/op
OverheadWarmup   3: 1 op, 461.00 ns, 461.0000 ns/op
OverheadWarmup   4: 1 op, 270.00 ns, 270.0000 ns/op
OverheadWarmup   5: 1 op, 291.00 ns, 291.0000 ns/op
OverheadWarmup   6: 1 op, 291.00 ns, 291.0000 ns/op

OverheadActual   1: 1 op, 401.00 ns, 401.0000 ns/op
OverheadActual   2: 1 op, 441.00 ns, 441.0000 ns/op
OverheadActual   3: 1 op, 451.00 ns, 451.0000 ns/op
OverheadActual   4: 1 op, 440.00 ns, 440.0000 ns/op
OverheadActual   5: 1 op, 461.00 ns, 461.0000 ns/op
OverheadActual   6: 1 op, 391.00 ns, 391.0000 ns/op
OverheadActual   7: 1 op, 410.00 ns, 410.0000 ns/op
OverheadActual   8: 1 op, 390.00 ns, 390.0000 ns/op
OverheadActual   9: 1 op, 391.00 ns, 391.0000 ns/op
OverheadActual  10: 1 op, 401.00 ns, 401.0000 ns/op
OverheadActual  11: 1 op, 390.00 ns, 390.0000 ns/op
OverheadActual  12: 1 op, 441.00 ns, 441.0000 ns/op
OverheadActual  13: 1 op, 361.00 ns, 361.0000 ns/op
OverheadActual  14: 1 op, 491.00 ns, 491.0000 ns/op
OverheadActual  15: 1 op, 491.00 ns, 491.0000 ns/op
OverheadActual  16: 1 op, 451.00 ns, 451.0000 ns/op
OverheadActual  17: 1 op, 371.00 ns, 371.0000 ns/op
OverheadActual  18: 1 op, 461.00 ns, 461.0000 ns/op
OverheadActual  19: 1 op, 390.00 ns, 390.0000 ns/op
OverheadActual  20: 1 op, 511.00 ns, 511.0000 ns/op

WorkloadWarmup   1: 1 op, 228596.00 ns, 228.5960 us/op
WorkloadWarmup   2: 1 op, 123721.00 ns, 123.7210 us/op
WorkloadWarmup   3: 1 op, 160143.00 ns, 160.1430 us/op

// BeforeActualRun
WorkloadActual   1: 1 op, 228626.00 ns, 228.6260 us/op
WorkloadActual   2: 1 op, 179320.00 ns, 179.3200 us/op
WorkloadActual   3: 1 op, 120636.00 ns, 120.6360 us/op

// AfterActualRun
WorkloadResult   1: 1 op, 228201.00 ns, 228.2010 us/op
WorkloadResult   2: 1 op, 178895.00 ns, 178.8950 us/op
WorkloadResult   3: 1 op, 120211.00 ns, 120.2110 us/op
// GC:  0 0 0 104032 1
// Threading:  0 0 1

// AfterAll
// Benchmark Process 1363473 has exited with code 0.

Mean = 175.769 us, StdErr = 31.213 us (17.76%), N = 3, StdDev = 54.063 us
Min = 120.211 us, Q1 = 149.553 us, Median = 178.895 us, Q3 = 203.548 us, Max = 228.201 us
IQR = 53.995 us, LowerFence = 68.561 us, UpperFence = 284.541 us
ConfidenceInterval = [-810.538 us; 1,162.076 us] (CI 99.9%), Margin = 986.307 us (561.14% of Mean)
Skewness = -0.06, Kurtosis = 0.67, MValue = 2

// ** Remained 11 (17.5%) benchmark(s) to run. Estimated finish 2026-09-22 14:54 (0h 0m from now) **
// **************************
// Benchmark: SessionSetupDecompositionBenchmarks.BaselineH_FlowKeyConstruction: ShortRun(InvocationCount=1, IterationCount=3, LaunchCount=1, UnrollFactor=1, WarmupCount=3) [Sessions=1000]
// *** Execute ***
// Launch: 1 / 1
// Execute: dotnet WinForward.Benchmarks-ShortRun-1.dll --anonymousPipes 123 125 --benchmarkName "WinForward.Benchmarks.Perf.SessionSetupDecompositionBenchmarks.BaselineH_FlowKeyConstruction(Sessions: 1000)" --job ShortRun --benchmarkId 52 in /home/paff/Projects/WinForward/benchmarks/WinForward.Benchmarks/bin/Release/net10.0/WinForward.Benchmarks-ShortRun-1/bin/Release/net10.0
// Failed to set up high priority (Permission denied). In order to run benchmarks with high priority, make sure you have the right permissions.
// BeforeAnythingElse

// Benchmark Process Environment Information:
// BenchmarkDotNet v0.15.8
// Runtime=.NET 10.0.12 (10.0.12, 10.0.1226.42308), X64 RyuJIT x86-64-v4
// GC=Concurrent Workstation
// HardwareIntrinsics=AVX512 BITALG+VBMI2+VNNI+VPOPCNTDQ,AVX512 IFMA+VBMI,AVX512 F+BW+CD+DQ+VL,AVX2+BMI1+BMI2+F16C+FMA+LZCNT+MOVBE,AVX,SSE3+SSSE3+SSE4.1+SSE4.2+POPCNT,X86Base+SSE+SSE2,AES+PCLMUL,AvxVnni VectorSize=256
// Job: ShortRun(InvocationCount=1, IterationCount=3, LaunchCount=1, UnrollFactor=1, WarmupCount=3)

OverheadJitting  1: 1 op, 256151.00 ns, 256.1510 us/op
WorkloadJitting  1: 1 op, 7826596.00 ns, 7.8266 ms/op

OverheadWarmup   1: 1 op, 381.00 ns, 381.0000 ns/op
OverheadWarmup   2: 1 op, 411.00 ns, 411.0000 ns/op
OverheadWarmup   3: 1 op, 271.00 ns, 271.0000 ns/op
OverheadWarmup   4: 1 op, 280.00 ns, 280.0000 ns/op
OverheadWarmup   5: 1 op, 371.00 ns, 371.0000 ns/op
OverheadWarmup   6: 1 op, 391.00 ns, 391.0000 ns/op
OverheadWarmup   7: 1 op, 391.00 ns, 391.0000 ns/op

OverheadActual   1: 1 op, 351.00 ns, 351.0000 ns/op
OverheadActual   2: 1 op, 371.00 ns, 371.0000 ns/op
OverheadActual   3: 1 op, 331.00 ns, 331.0000 ns/op
OverheadActual   4: 1 op, 421.00 ns, 421.0000 ns/op
OverheadActual   5: 1 op, 401.00 ns, 401.0000 ns/op
OverheadActual   6: 1 op, 310.00 ns, 310.0000 ns/op
OverheadActual   7: 1 op, 251.00 ns, 251.0000 ns/op
OverheadActual   8: 1 op, 251.00 ns, 251.0000 ns/op
OverheadActual   9: 1 op, 270.00 ns, 270.0000 ns/op
OverheadActual  10: 1 op, 391.00 ns, 391.0000 ns/op
OverheadActual  11: 1 op, 281.00 ns, 281.0000 ns/op
OverheadActual  12: 1 op, 261.00 ns, 261.0000 ns/op
OverheadActual  13: 1 op, 371.00 ns, 371.0000 ns/op
OverheadActual  14: 1 op, 421.00 ns, 421.0000 ns/op
OverheadActual  15: 1 op, 341.00 ns, 341.0000 ns/op
OverheadActual  16: 1 op, 380.00 ns, 380.0000 ns/op
OverheadActual  17: 1 op, 340.00 ns, 340.0000 ns/op
OverheadActual  18: 1 op, 340.00 ns, 340.0000 ns/op
OverheadActual  19: 1 op, 371.00 ns, 371.0000 ns/op
OverheadActual  20: 1 op, 461.00 ns, 461.0000 ns/op

WorkloadWarmup   1: 1 op, 991847.00 ns, 991.8470 us/op
WorkloadWarmup   2: 1 op, 603549.00 ns, 603.5490 us/op
WorkloadWarmup   3: 1 op, 635511.00 ns, 635.5110 us/op

// BeforeActualRun
WorkloadActual   1: 1 op, 636162.00 ns, 636.1620 us/op
WorkloadActual   2: 1 op, 669678.00 ns, 669.6780 us/op
WorkloadActual   3: 1 op, 667003.00 ns, 667.0030 us/op

// AfterActualRun
WorkloadResult   1: 1 op, 635816.00 ns, 635.8160 us/op
WorkloadResult   2: 1 op, 669332.00 ns, 669.3320 us/op
WorkloadResult   3: 1 op, 666657.00 ns, 666.6570 us/op
// GC:  0 0 0 356800 1
// Threading:  0 0 1

// AfterAll
// Benchmark Process 1363482 has exited with code 0.

Mean = 657.268 us, StdErr = 10.754 us (1.64%), N = 3, StdDev = 18.626 us
Min = 635.816 us, Q1 = 651.236 us, Median = 666.657 us, Q3 = 667.995 us, Max = 669.332 us
IQR = 16.758 us, LowerFence = 626.100 us, UpperFence = 693.131 us
ConfidenceInterval = [317.454 us; 997.082 us] (CI 99.9%), Margin = 339.814 us (51.70% of Mean)
Skewness = -0.38, Kurtosis = 0.67, MValue = 2

// ** Remained 10 (15.9%) benchmark(s) to run. Estimated finish 2026-09-22 14:54 (0h 0m from now) **
// **************************
// Benchmark: SessionSetupDecompositionBenchmarks.ComponentC1_AssociationClaimRelease: ShortRun(InvocationCount=1, IterationCount=3, LaunchCount=1, UnrollFactor=1, WarmupCount=3) [Sessions=1000]
// *** Execute ***
// Launch: 1 / 1
// Execute: dotnet WinForward.Benchmarks-ShortRun-1.dll --anonymousPipes 123 125 --benchmarkName "WinForward.Benchmarks.Perf.SessionSetupDecompositionBenchmarks.ComponentC1_AssociationClaimRelease(Sessions: 1000)" --job ShortRun --benchmarkId 53 in /home/paff/Projects/WinForward/benchmarks/WinForward.Benchmarks/bin/Release/net10.0/WinForward.Benchmarks-ShortRun-1/bin/Release/net10.0
// Failed to set up high priority (Permission denied). In order to run benchmarks with high priority, make sure you have the right permissions.
// BeforeAnythingElse

// Benchmark Process Environment Information:
// BenchmarkDotNet v0.15.8
// Runtime=.NET 10.0.12 (10.0.12, 10.0.1226.42308), X64 RyuJIT x86-64-v4
// GC=Concurrent Workstation
// HardwareIntrinsics=AVX512 BITALG+VBMI2+VNNI+VPOPCNTDQ,AVX512 IFMA+VBMI,AVX512 F+BW+CD+DQ+VL,AVX2+BMI1+BMI2+F16C+FMA+LZCNT+MOVBE,AVX,SSE3+SSSE3+SSE4.1+SSE4.2+POPCNT,X86Base+SSE+SSE2,AES+PCLMUL,AvxVnni VectorSize=256
// Job: ShortRun(InvocationCount=1, IterationCount=3, LaunchCount=1, UnrollFactor=1, WarmupCount=3)

OverheadJitting  1: 1 op, 312751.00 ns, 312.7510 us/op
WorkloadJitting  1: 1 op, 21938258.00 ns, 21.9383 ms/op

OverheadWarmup   1: 1 op, 521.00 ns, 521.0000 ns/op
OverheadWarmup   2: 1 op, 281.00 ns, 281.0000 ns/op
OverheadWarmup   3: 1 op, 270.00 ns, 270.0000 ns/op
OverheadWarmup   4: 1 op, 281.00 ns, 281.0000 ns/op
OverheadWarmup   5: 1 op, 270.00 ns, 270.0000 ns/op
OverheadWarmup   6: 1 op, 461.00 ns, 461.0000 ns/op
OverheadWarmup   7: 1 op, 291.00 ns, 291.0000 ns/op

OverheadActual   1: 1 op, 410.00 ns, 410.0000 ns/op
OverheadActual   2: 1 op, 411.00 ns, 411.0000 ns/op
OverheadActual   3: 1 op, 431.00 ns, 431.0000 ns/op
OverheadActual   4: 1 op, 471.00 ns, 471.0000 ns/op
OverheadActual   5: 1 op, 451.00 ns, 451.0000 ns/op
OverheadActual   6: 1 op, 411.00 ns, 411.0000 ns/op
OverheadActual   7: 1 op, 261.00 ns, 261.0000 ns/op
OverheadActual   8: 1 op, 280.00 ns, 280.0000 ns/op
OverheadActual   9: 1 op, 271.00 ns, 271.0000 ns/op
OverheadActual  10: 1 op, 261.00 ns, 261.0000 ns/op
OverheadActual  11: 1 op, 270.00 ns, 270.0000 ns/op
OverheadActual  12: 1 op, 291.00 ns, 291.0000 ns/op
OverheadActual  13: 1 op, 451.00 ns, 451.0000 ns/op
OverheadActual  14: 1 op, 491.00 ns, 491.0000 ns/op
OverheadActual  15: 1 op, 281.00 ns, 281.0000 ns/op
OverheadActual  16: 1 op, 281.00 ns, 281.0000 ns/op
OverheadActual  17: 1 op, 371.00 ns, 371.0000 ns/op
OverheadActual  18: 1 op, 451.00 ns, 451.0000 ns/op
OverheadActual  19: 1 op, 411.00 ns, 411.0000 ns/op
OverheadActual  20: 1 op, 281.00 ns, 281.0000 ns/op

WorkloadWarmup   1: 1 op, 3826734.00 ns, 3.8267 ms/op
WorkloadWarmup   2: 1 op, 3757862.00 ns, 3.7579 ms/op
WorkloadWarmup   3: 1 op, 3205030.00 ns, 3.2050 ms/op

// BeforeActualRun
WorkloadActual   1: 1 op, 3567738.00 ns, 3.5677 ms/op
WorkloadActual   2: 1 op, 3243706.00 ns, 3.2437 ms/op
WorkloadActual   3: 1 op, 3208837.00 ns, 3.2088 ms/op

// AfterActualRun
WorkloadResult   1: 1 op, 3567347.50 ns, 3.5673 ms/op
WorkloadResult   2: 1 op, 3243315.50 ns, 3.2433 ms/op
WorkloadResult   3: 1 op, 3208446.50 ns, 3.2084 ms/op
// GC:  0 0 0 836016 1
// Threading:  0 0 1

// AfterAll
// Benchmark Process 1363491 has exited with code 0.

Mean = 3.340 ms, StdErr = 0.114 ms (3.42%), N = 3, StdDev = 0.198 ms
Min = 3.208 ms, Q1 = 3.226 ms, Median = 3.243 ms, Q3 = 3.405 ms, Max = 3.567 ms
IQR = 0.179 ms, LowerFence = 2.957 ms, UpperFence = 3.675 ms
ConfidenceInterval = [-0.271 ms; 6.950 ms] (CI 99.9%), Margin = 3.611 ms (108.11% of Mean)
Skewness = 0.37, Kurtosis = 0.67, MValue = 2

// ** Remained 9 (14.3%) benchmark(s) to run. Estimated finish 2026-09-22 14:54 (0h 0m from now) **
// **************************
// Benchmark: SessionSetupDecompositionBenchmarks.ComponentC2_SessionConstructStartAsync: ShortRun(InvocationCount=1, IterationCount=3, LaunchCount=1, UnrollFactor=1, WarmupCount=3) [Sessions=1000]
// *** Execute ***
// Launch: 1 / 1
// Execute: dotnet WinForward.Benchmarks-ShortRun-1.dll --anonymousPipes 123 125 --benchmarkName "WinForward.Benchmarks.Perf.SessionSetupDecompositionBenchmarks.ComponentC2_SessionConstructStartAsync(Sessions: 1000)" --job ShortRun --benchmarkId 54 in /home/paff/Projects/WinForward/benchmarks/WinForward.Benchmarks/bin/Release/net10.0/WinForward.Benchmarks-ShortRun-1/bin/Release/net10.0
// Failed to set up high priority (Permission denied). In order to run benchmarks with high priority, make sure you have the right permissions.
// BeforeAnythingElse

// Benchmark Process Environment Information:
// BenchmarkDotNet v0.15.8
// Runtime=.NET 10.0.12 (10.0.12, 10.0.1226.42308), X64 RyuJIT x86-64-v4
// GC=Concurrent Workstation
// HardwareIntrinsics=AVX512 BITALG+VBMI2+VNNI+VPOPCNTDQ,AVX512 IFMA+VBMI,AVX512 F+BW+CD+DQ+VL,AVX2+BMI1+BMI2+F16C+FMA+LZCNT+MOVBE,AVX,SSE3+SSSE3+SSE4.1+SSE4.2+POPCNT,X86Base+SSE+SSE2,AES+PCLMUL,AvxVnni VectorSize=256
// Job: ShortRun(InvocationCount=1, IterationCount=3, LaunchCount=1, UnrollFactor=1, WarmupCount=3)

OverheadJitting  1: 1 op, 276470.00 ns, 276.4700 us/op
WorkloadJitting  1: 1 op, 37448550.00 ns, 37.4486 ms/op

OverheadWarmup   1: 1 op, 702.00 ns, 702.0000 ns/op
OverheadWarmup   2: 1 op, 771.00 ns, 771.0000 ns/op
OverheadWarmup   3: 1 op, 702.00 ns, 702.0000 ns/op
OverheadWarmup   4: 1 op, 381.00 ns, 381.0000 ns/op
OverheadWarmup   5: 1 op, 401.00 ns, 401.0000 ns/op
OverheadWarmup   6: 1 op, 290.00 ns, 290.0000 ns/op

OverheadActual   1: 1 op, 431.00 ns, 431.0000 ns/op
OverheadActual   2: 1 op, 421.00 ns, 421.0000 ns/op
OverheadActual   3: 1 op, 400.00 ns, 400.0000 ns/op
OverheadActual   4: 1 op, 541.00 ns, 541.0000 ns/op
OverheadActual   5: 1 op, 421.00 ns, 421.0000 ns/op
OverheadActual   6: 1 op, 290.00 ns, 290.0000 ns/op
OverheadActual   7: 1 op, 290.00 ns, 290.0000 ns/op
OverheadActual   8: 1 op, 291.00 ns, 291.0000 ns/op
OverheadActual   9: 1 op, 501.00 ns, 501.0000 ns/op
OverheadActual  10: 1 op, 481.00 ns, 481.0000 ns/op
OverheadActual  11: 1 op, 291.00 ns, 291.0000 ns/op
OverheadActual  12: 1 op, 231.00 ns, 231.0000 ns/op
OverheadActual  13: 1 op, 411.00 ns, 411.0000 ns/op
OverheadActual  14: 1 op, 271.00 ns, 271.0000 ns/op
OverheadActual  15: 1 op, 390.00 ns, 390.0000 ns/op
OverheadActual  16: 1 op, 291.00 ns, 291.0000 ns/op
OverheadActual  17: 1 op, 291.00 ns, 291.0000 ns/op
OverheadActual  18: 1 op, 441.00 ns, 441.0000 ns/op
OverheadActual  19: 1 op, 511.00 ns, 511.0000 ns/op
OverheadActual  20: 1 op, 431.00 ns, 431.0000 ns/op

WorkloadWarmup   1: 1 op, 6396312.00 ns, 6.3963 ms/op
WorkloadWarmup   2: 1 op, 4608140.00 ns, 4.6081 ms/op
WorkloadWarmup   3: 1 op, 4208980.00 ns, 4.2090 ms/op

// BeforeActualRun
WorkloadActual   1: 1 op, 5599115.00 ns, 5.5991 ms/op
WorkloadActual   2: 1 op, 4095263.00 ns, 4.0953 ms/op
WorkloadActual   3: 1 op, 5019353.00 ns, 5.0194 ms/op

// AfterActualRun
WorkloadResult   1: 1 op, 5598709.50 ns, 5.5987 ms/op
WorkloadResult   2: 1 op, 4094857.50 ns, 4.0949 ms/op
WorkloadResult   3: 1 op, 5018947.50 ns, 5.0189 ms/op
// GC:  0 0 0 2701864 1
// Threading:  0 0 1

// AfterAll
// Benchmark Process 1363501 has exited with code 0.

Mean = 4.904 ms, StdErr = 0.438 ms (8.93%), N = 3, StdDev = 0.758 ms
Min = 4.095 ms, Q1 = 4.557 ms, Median = 5.019 ms, Q3 = 5.309 ms, Max = 5.599 ms
IQR = 0.752 ms, LowerFence = 3.429 ms, UpperFence = 6.437 ms
ConfidenceInterval = [-8.933 ms; 18.741 ms] (CI 99.9%), Margin = 13.837 ms (282.15% of Mean)
Skewness = -0.15, Kurtosis = 0.67, MValue = 2

// ** Remained 8 (12.7%) benchmark(s) to run. Estimated finish 2026-09-22 14:54 (0h 0m from now) **
// **************************
// Benchmark: SessionSetupDecompositionBenchmarks.ComponentC2a1_ContextRecordStaticLambda: ShortRun(InvocationCount=1, IterationCount=3, LaunchCount=1, UnrollFactor=1, WarmupCount=3) [Sessions=1000]
// *** Execute ***
// Launch: 1 / 1
// Execute: dotnet WinForward.Benchmarks-ShortRun-1.dll --anonymousPipes 123 125 --benchmarkName "WinForward.Benchmarks.Perf.SessionSetupDecompositionBenchmarks.ComponentC2a1_ContextRecordStaticLambda(Sessions: 1000)" --job ShortRun --benchmarkId 55 in /home/paff/Projects/WinForward/benchmarks/WinForward.Benchmarks/bin/Release/net10.0/WinForward.Benchmarks-ShortRun-1/bin/Release/net10.0
// Failed to set up high priority (Permission denied). In order to run benchmarks with high priority, make sure you have the right permissions.
// BeforeAnythingElse

// Benchmark Process Environment Information:
// BenchmarkDotNet v0.15.8
// Runtime=.NET 10.0.12 (10.0.12, 10.0.1226.42308), X64 RyuJIT x86-64-v4
// GC=Concurrent Workstation
// HardwareIntrinsics=AVX512 BITALG+VBMI2+VNNI+VPOPCNTDQ,AVX512 IFMA+VBMI,AVX512 F+BW+CD+DQ+VL,AVX2+BMI1+BMI2+F16C+FMA+LZCNT+MOVBE,AVX,SSE3+SSSE3+SSE4.1+SSE4.2+POPCNT,X86Base+SSE+SSE2,AES+PCLMUL,AvxVnni VectorSize=256
// Job: ShortRun(InvocationCount=1, IterationCount=3, LaunchCount=1, UnrollFactor=1, WarmupCount=3)

OverheadJitting  1: 1 op, 396605.00 ns, 396.6050 us/op
WorkloadJitting  1: 1 op, 17438788.00 ns, 17.4388 ms/op

OverheadWarmup   1: 1 op, 441.00 ns, 441.0000 ns/op
OverheadWarmup   2: 1 op, 411.00 ns, 411.0000 ns/op
OverheadWarmup   3: 1 op, 310.00 ns, 310.0000 ns/op
OverheadWarmup   4: 1 op, 310.00 ns, 310.0000 ns/op
OverheadWarmup   5: 1 op, 401.00 ns, 401.0000 ns/op
OverheadWarmup   6: 1 op, 311.00 ns, 311.0000 ns/op
OverheadWarmup   7: 1 op, 310.00 ns, 310.0000 ns/op
OverheadWarmup   8: 1 op, 451.00 ns, 451.0000 ns/op

OverheadActual   1: 1 op, 902.00 ns, 902.0000 ns/op
OverheadActual   2: 1 op, 431.00 ns, 431.0000 ns/op
OverheadActual   3: 1 op, 450.00 ns, 450.0000 ns/op
OverheadActual   4: 1 op, 450.00 ns, 450.0000 ns/op
OverheadActual   5: 1 op, 401.00 ns, 401.0000 ns/op
OverheadActual   6: 1 op, 461.00 ns, 461.0000 ns/op
OverheadActual   7: 1 op, 441.00 ns, 441.0000 ns/op
OverheadActual   8: 1 op, 511.00 ns, 511.0000 ns/op
OverheadActual   9: 1 op, 290.00 ns, 290.0000 ns/op
OverheadActual  10: 1 op, 451.00 ns, 451.0000 ns/op
OverheadActual  11: 1 op, 511.00 ns, 511.0000 ns/op
OverheadActual  12: 1 op, 321.00 ns, 321.0000 ns/op
OverheadActual  13: 1 op, 511.00 ns, 511.0000 ns/op
OverheadActual  14: 1 op, 451.00 ns, 451.0000 ns/op
OverheadActual  15: 1 op, 461.00 ns, 461.0000 ns/op
OverheadActual  16: 1 op, 471.00 ns, 471.0000 ns/op
OverheadActual  17: 1 op, 441.00 ns, 441.0000 ns/op
OverheadActual  18: 1 op, 381.00 ns, 381.0000 ns/op
OverheadActual  19: 1 op, 491.00 ns, 491.0000 ns/op
OverheadActual  20: 1 op, 421.00 ns, 421.0000 ns/op

WorkloadWarmup   1: 1 op, 363550.00 ns, 363.5500 us/op
WorkloadWarmup   2: 1 op, 89535.00 ns, 89.5350 us/op
WorkloadWarmup   3: 1 op, 81920.00 ns, 81.9200 us/op

// BeforeActualRun
WorkloadActual   1: 1 op, 86358.00 ns, 86.3580 us/op
WorkloadActual   2: 1 op, 79966.00 ns, 79.9660 us/op
WorkloadActual   3: 1 op, 75808.00 ns, 75.8080 us/op

// AfterActualRun
WorkloadResult   1: 1 op, 85907.50 ns, 85.9075 us/op
WorkloadResult   2: 1 op, 79515.50 ns, 79.5155 us/op
WorkloadResult   3: 1 op, 75357.50 ns, 75.3575 us/op
// GC:  0 0 0 243808 1
// Threading:  0 0 1

// AfterAll
// Benchmark Process 1363543 has exited with code 0.

Mean = 80.260 us, StdErr = 3.068 us (3.82%), N = 3, StdDev = 5.314 us
Min = 75.358 us, Q1 = 77.436 us, Median = 79.516 us, Q3 = 82.712 us, Max = 85.907 us
IQR = 5.275 us, LowerFence = 69.524 us, UpperFence = 90.624 us
ConfidenceInterval = [-16.692 us; 177.212 us] (CI 99.9%), Margin = 96.952 us (120.80% of Mean)
Skewness = 0.14, Kurtosis = 0.67, MValue = 2

// ** Remained 7 (11.1%) benchmark(s) to run. Estimated finish 2026-09-22 14:54 (0h 0m from now) **
// **************************
// Benchmark: SessionSetupDecompositionBenchmarks.ComponentC2a2_ContextRecordMethodGroup: ShortRun(InvocationCount=1, IterationCount=3, LaunchCount=1, UnrollFactor=1, WarmupCount=3) [Sessions=1000]
// *** Execute ***
// Launch: 1 / 1
// Execute: dotnet WinForward.Benchmarks-ShortRun-1.dll --anonymousPipes 123 125 --benchmarkName "WinForward.Benchmarks.Perf.SessionSetupDecompositionBenchmarks.ComponentC2a2_ContextRecordMethodGroup(Sessions: 1000)" --job ShortRun --benchmarkId 56 in /home/paff/Projects/WinForward/benchmarks/WinForward.Benchmarks/bin/Release/net10.0/WinForward.Benchmarks-ShortRun-1/bin/Release/net10.0
// Failed to set up high priority (Permission denied). In order to run benchmarks with high priority, make sure you have the right permissions.
// BeforeAnythingElse

// Benchmark Process Environment Information:
// BenchmarkDotNet v0.15.8
// Runtime=.NET 10.0.12 (10.0.12, 10.0.1226.42308), X64 RyuJIT x86-64-v4
// GC=Concurrent Workstation
// HardwareIntrinsics=AVX512 BITALG+VBMI2+VNNI+VPOPCNTDQ,AVX512 IFMA+VBMI,AVX512 F+BW+CD+DQ+VL,AVX2+BMI1+BMI2+F16C+FMA+LZCNT+MOVBE,AVX,SSE3+SSSE3+SSE4.1+SSE4.2+POPCNT,X86Base+SSE+SSE2,AES+PCLMUL,AvxVnni VectorSize=256
// Job: ShortRun(InvocationCount=1, IterationCount=3, LaunchCount=1, UnrollFactor=1, WarmupCount=3)

OverheadJitting  1: 1 op, 267613.00 ns, 267.6130 us/op
WorkloadJitting  1: 1 op, 19319861.00 ns, 19.3199 ms/op

OverheadWarmup   1: 1 op, 741.00 ns, 741.0000 ns/op
OverheadWarmup   2: 1 op, 491.00 ns, 491.0000 ns/op
OverheadWarmup   3: 1 op, 271.00 ns, 271.0000 ns/op
OverheadWarmup   4: 1 op, 441.00 ns, 441.0000 ns/op
OverheadWarmup   5: 1 op, 401.00 ns, 401.0000 ns/op
OverheadWarmup   6: 1 op, 471.00 ns, 471.0000 ns/op
OverheadWarmup   7: 1 op, 541.00 ns, 541.0000 ns/op
OverheadWarmup   8: 1 op, 371.00 ns, 371.0000 ns/op

OverheadActual   1: 1 op, 291.00 ns, 291.0000 ns/op
OverheadActual   2: 1 op, 391.00 ns, 391.0000 ns/op
OverheadActual   3: 1 op, 410.00 ns, 410.0000 ns/op
OverheadActual   4: 1 op, 380.00 ns, 380.0000 ns/op
OverheadActual   5: 1 op, 381.00 ns, 381.0000 ns/op
OverheadActual   6: 1 op, 401.00 ns, 401.0000 ns/op
OverheadActual   7: 1 op, 271.00 ns, 271.0000 ns/op
OverheadActual   8: 1 op, 280.00 ns, 280.0000 ns/op
OverheadActual   9: 1 op, 401.00 ns, 401.0000 ns/op
OverheadActual  10: 1 op, 380.00 ns, 380.0000 ns/op
OverheadActual  11: 1 op, 300.00 ns, 300.0000 ns/op
OverheadActual  12: 1 op, 301.00 ns, 301.0000 ns/op
OverheadActual  13: 1 op, 571.00 ns, 571.0000 ns/op
OverheadActual  14: 1 op, 461.00 ns, 461.0000 ns/op
OverheadActual  15: 1 op, 401.00 ns, 401.0000 ns/op
OverheadActual  16: 1 op, 381.00 ns, 381.0000 ns/op
OverheadActual  17: 1 op, 280.00 ns, 280.0000 ns/op
OverheadActual  18: 1 op, 281.00 ns, 281.0000 ns/op
OverheadActual  19: 1 op, 411.00 ns, 411.0000 ns/op
OverheadActual  20: 1 op, 300.00 ns, 300.0000 ns/op

WorkloadWarmup   1: 1 op, 374822.00 ns, 374.8220 us/op
WorkloadWarmup   2: 1 op, 90487.00 ns, 90.4870 us/op
WorkloadWarmup   3: 1 op, 90677.00 ns, 90.6770 us/op

// BeforeActualRun
WorkloadActual   1: 1 op, 142510.00 ns, 142.5100 us/op
WorkloadActual   2: 1 op, 84786.00 ns, 84.7860 us/op
WorkloadActual   3: 1 op, 85878.00 ns, 85.8780 us/op

// AfterActualRun
WorkloadResult   1: 1 op, 142129.50 ns, 142.1295 us/op
WorkloadResult   2: 1 op, 84405.50 ns, 84.4055 us/op
WorkloadResult   3: 1 op, 85497.50 ns, 85.4975 us/op
// GC:  0 0 0 307832 1
// Threading:  0 0 1

// AfterAll
// Benchmark Process 1363557 has exited with code 0.

Mean = 104.011 us, StdErr = 19.062 us (18.33%), N = 3, StdDev = 33.016 us
Min = 84.406 us, Q1 = 84.951 us, Median = 85.498 us, Q3 = 113.814 us, Max = 142.130 us
IQR = 28.862 us, LowerFence = 41.658 us, UpperFence = 157.107 us
ConfidenceInterval = [-498.328 us; 706.350 us] (CI 99.9%), Margin = 602.339 us (579.11% of Mean)
Skewness = 0.38, Kurtosis = 0.67, MValue = 2

// ** Remained 6 (9.5%) benchmark(s) to run. Estimated finish 2026-09-22 14:54 (0h 0m from now) **
// **************************
// Benchmark: SessionSetupDecompositionBenchmarks.ComponentC2b_SessionConstructOnly: ShortRun(InvocationCount=1, IterationCount=3, LaunchCount=1, UnrollFactor=1, WarmupCount=3) [Sessions=1000]
// *** Execute ***
// Launch: 1 / 1
// Execute: dotnet WinForward.Benchmarks-ShortRun-1.dll --anonymousPipes 123 125 --benchmarkName "WinForward.Benchmarks.Perf.SessionSetupDecompositionBenchmarks.ComponentC2b_SessionConstructOnly(Sessions: 1000)" --job ShortRun --benchmarkId 57 in /home/paff/Projects/WinForward/benchmarks/WinForward.Benchmarks/bin/Release/net10.0/WinForward.Benchmarks-ShortRun-1/bin/Release/net10.0
// Failed to set up high priority (Permission denied). In order to run benchmarks with high priority, make sure you have the right permissions.
// BeforeAnythingElse

// Benchmark Process Environment Information:
// BenchmarkDotNet v0.15.8
// Runtime=.NET 10.0.12 (10.0.12, 10.0.1226.42308), X64 RyuJIT x86-64-v4
// GC=Concurrent Workstation
// HardwareIntrinsics=AVX512 BITALG+VBMI2+VNNI+VPOPCNTDQ,AVX512 IFMA+VBMI,AVX512 F+BW+CD+DQ+VL,AVX2+BMI1+BMI2+F16C+FMA+LZCNT+MOVBE,AVX,SSE3+SSSE3+SSE4.1+SSE4.2+POPCNT,X86Base+SSE+SSE2,AES+PCLMUL,AvxVnni VectorSize=256
// Job: ShortRun(InvocationCount=1, IterationCount=3, LaunchCount=1, UnrollFactor=1, WarmupCount=3)

OverheadJitting  1: 1 op, 264146.00 ns, 264.1460 us/op
WorkloadJitting  1: 1 op, 22659534.00 ns, 22.6595 ms/op

OverheadWarmup   1: 1 op, 431.00 ns, 431.0000 ns/op
OverheadWarmup   2: 1 op, 522.00 ns, 522.0000 ns/op
OverheadWarmup   3: 1 op, 441.00 ns, 441.0000 ns/op
OverheadWarmup   4: 1 op, 411.00 ns, 411.0000 ns/op
OverheadWarmup   5: 1 op, 421.00 ns, 421.0000 ns/op
OverheadWarmup   6: 1 op, 380.00 ns, 380.0000 ns/op

OverheadActual   1: 1 op, 421.00 ns, 421.0000 ns/op
OverheadActual   2: 1 op, 431.00 ns, 431.0000 ns/op
OverheadActual   3: 1 op, 421.00 ns, 421.0000 ns/op
OverheadActual   4: 1 op, 420.00 ns, 420.0000 ns/op
OverheadActual   5: 1 op, 411.00 ns, 411.0000 ns/op
OverheadActual   6: 1 op, 431.00 ns, 431.0000 ns/op
OverheadActual   7: 1 op, 441.00 ns, 441.0000 ns/op
OverheadActual   8: 1 op, 441.00 ns, 441.0000 ns/op
OverheadActual   9: 1 op, 441.00 ns, 441.0000 ns/op
OverheadActual  10: 1 op, 441.00 ns, 441.0000 ns/op
OverheadActual  11: 1 op, 441.00 ns, 441.0000 ns/op
OverheadActual  12: 1 op, 461.00 ns, 461.0000 ns/op
OverheadActual  13: 1 op, 420.00 ns, 420.0000 ns/op
OverheadActual  14: 1 op, 441.00 ns, 441.0000 ns/op
OverheadActual  15: 1 op, 291.00 ns, 291.0000 ns/op
OverheadActual  16: 1 op, 281.00 ns, 281.0000 ns/op
OverheadActual  17: 1 op, 300.00 ns, 300.0000 ns/op
OverheadActual  18: 1 op, 400.00 ns, 400.0000 ns/op
OverheadActual  19: 1 op, 401.00 ns, 401.0000 ns/op
OverheadActual  20: 1 op, 24679.00 ns, 24.6790 us/op

WorkloadWarmup   1: 1 op, 3734904.00 ns, 3.7349 ms/op
WorkloadWarmup   2: 1 op, 2294702.00 ns, 2.2947 ms/op
WorkloadWarmup   3: 1 op, 2289010.00 ns, 2.2890 ms/op

// BeforeActualRun
WorkloadActual   1: 1 op, 3384149.00 ns, 3.3841 ms/op
WorkloadActual   2: 1 op, 2295313.00 ns, 2.2953 ms/op
WorkloadActual   3: 1 op, 2249944.00 ns, 2.2499 ms/op

// AfterActualRun
WorkloadResult   1: 1 op, 3383723.00 ns, 3.3837 ms/op
WorkloadResult   2: 1 op, 2294887.00 ns, 2.2949 ms/op
WorkloadResult   3: 1 op, 2249518.00 ns, 2.2495 ms/op
// GC:  0 0 0 1773728 1
// Threading:  0 0 1

// AfterAll
// Benchmark Process 1363566 has exited with code 0.

Mean = 2.643 ms, StdErr = 0.371 ms (14.03%), N = 3, StdDev = 0.642 ms
Min = 2.250 ms, Q1 = 2.272 ms, Median = 2.295 ms, Q3 = 2.839 ms, Max = 3.384 ms
IQR = 0.567 ms, LowerFence = 1.422 ms, UpperFence = 3.690 ms
ConfidenceInterval = [-9.072 ms; 14.358 ms] (CI 99.9%), Margin = 11.715 ms (443.29% of Mean)
Skewness = 0.38, Kurtosis = 0.67, MValue = 2

// ** Remained 5 (7.9%) benchmark(s) to run. Estimated finish 2026-09-22 14:54 (0h 0m from now) **
// **************************
// Benchmark: SessionSetupDecompositionBenchmarks.ComponentC2c1_ScopeConstructLinked: ShortRun(InvocationCount=1, IterationCount=3, LaunchCount=1, UnrollFactor=1, WarmupCount=3) [Sessions=1000]
// *** Execute ***
// Launch: 1 / 1
// Execute: dotnet WinForward.Benchmarks-ShortRun-1.dll --anonymousPipes 123 125 --benchmarkName "WinForward.Benchmarks.Perf.SessionSetupDecompositionBenchmarks.ComponentC2c1_ScopeConstructLinked(Sessions: 1000)" --job ShortRun --benchmarkId 58 in /home/paff/Projects/WinForward/benchmarks/WinForward.Benchmarks/bin/Release/net10.0/WinForward.Benchmarks-ShortRun-1/bin/Release/net10.0
// Failed to set up high priority (Permission denied). In order to run benchmarks with high priority, make sure you have the right permissions.
// BeforeAnythingElse

// Benchmark Process Environment Information:
// BenchmarkDotNet v0.15.8
// Runtime=.NET 10.0.12 (10.0.12, 10.0.1226.42308), X64 RyuJIT x86-64-v4
// GC=Concurrent Workstation
// HardwareIntrinsics=AVX512 BITALG+VBMI2+VNNI+VPOPCNTDQ,AVX512 IFMA+VBMI,AVX512 F+BW+CD+DQ+VL,AVX2+BMI1+BMI2+F16C+FMA+LZCNT+MOVBE,AVX,SSE3+SSSE3+SSE4.1+SSE4.2+POPCNT,X86Base+SSE+SSE2,AES+PCLMUL,AvxVnni VectorSize=256
// Job: ShortRun(InvocationCount=1, IterationCount=3, LaunchCount=1, UnrollFactor=1, WarmupCount=3)

OverheadJitting  1: 1 op, 350765.00 ns, 350.7650 us/op
WorkloadJitting  1: 1 op, 1893658.00 ns, 1.8937 ms/op

OverheadWarmup   1: 1 op, 652.00 ns, 652.0000 ns/op
OverheadWarmup   2: 1 op, 291.00 ns, 291.0000 ns/op
OverheadWarmup   3: 1 op, 381.00 ns, 381.0000 ns/op
OverheadWarmup   4: 1 op, 311.00 ns, 311.0000 ns/op
OverheadWarmup   5: 1 op, 410.00 ns, 410.0000 ns/op
OverheadWarmup   6: 1 op, 461.00 ns, 461.0000 ns/op
OverheadWarmup   7: 1 op, 400.00 ns, 400.0000 ns/op

OverheadActual   1: 1 op, 401.00 ns, 401.0000 ns/op
OverheadActual   2: 1 op, 471.00 ns, 471.0000 ns/op
OverheadActual   3: 1 op, 401.00 ns, 401.0000 ns/op
OverheadActual   4: 1 op, 381.00 ns, 381.0000 ns/op
OverheadActual   5: 1 op, 401.00 ns, 401.0000 ns/op
OverheadActual   6: 1 op, 301.00 ns, 301.0000 ns/op
OverheadActual   7: 1 op, 291.00 ns, 291.0000 ns/op
OverheadActual   8: 1 op, 391.00 ns, 391.0000 ns/op
OverheadActual   9: 1 op, 440.00 ns, 440.0000 ns/op
OverheadActual  10: 1 op, 431.00 ns, 431.0000 ns/op
OverheadActual  11: 1 op, 291.00 ns, 291.0000 ns/op
OverheadActual  12: 1 op, 290.00 ns, 290.0000 ns/op
OverheadActual  13: 1 op, 271.00 ns, 271.0000 ns/op
OverheadActual  14: 1 op, 421.00 ns, 421.0000 ns/op
OverheadActual  15: 1 op, 401.00 ns, 401.0000 ns/op
OverheadActual  16: 1 op, 331.00 ns, 331.0000 ns/op
OverheadActual  17: 1 op, 391.00 ns, 391.0000 ns/op
OverheadActual  18: 1 op, 401.00 ns, 401.0000 ns/op
OverheadActual  19: 1 op, 280.00 ns, 280.0000 ns/op
OverheadActual  20: 1 op, 290.00 ns, 290.0000 ns/op

WorkloadWarmup   1: 1 op, 331548.00 ns, 331.5480 us/op
WorkloadWarmup   2: 1 op, 95596.00 ns, 95.5960 us/op
WorkloadWarmup   3: 1 op, 67202.00 ns, 67.2020 us/op

// BeforeActualRun
WorkloadActual   1: 1 op, 162818.00 ns, 162.8180 us/op
WorkloadActual   2: 1 op, 71169.00 ns, 71.1690 us/op
WorkloadActual   3: 1 op, 68514.00 ns, 68.5140 us/op

// AfterActualRun
WorkloadResult   1: 1 op, 162427.00 ns, 162.4270 us/op
WorkloadResult   2: 1 op, 70778.00 ns, 70.7780 us/op
WorkloadResult   3: 1 op, 68123.00 ns, 68.1230 us/op
// GC:  0 0 0 216200 1
// Threading:  0 0 1

// AfterAll
// Benchmark Process 1363575 has exited with code 0.

Mean = 100.443 us, StdErr = 31.002 us (30.87%), N = 3, StdDev = 53.696 us
Min = 68.123 us, Q1 = 69.451 us, Median = 70.778 us, Q3 = 116.603 us, Max = 162.427 us
IQR = 47.152 us, LowerFence = -1.278 us, UpperFence = 187.331 us
ConfidenceInterval = [-879.180 us; 1,080.065 us] (CI 99.9%), Margin = 979.623 us (975.31% of Mean)
Skewness = 0.38, Kurtosis = 0.67, MValue = 2

// ** Remained 4 (6.3%) benchmark(s) to run. Estimated finish 2026-09-22 14:54 (0h 0m from now) **
// **************************
// Benchmark: SessionSetupDecompositionBenchmarks.ComponentC2c2_ScopeConstructUnlinked: ShortRun(InvocationCount=1, IterationCount=3, LaunchCount=1, UnrollFactor=1, WarmupCount=3) [Sessions=1000]
// *** Execute ***
// Launch: 1 / 1
// Execute: dotnet WinForward.Benchmarks-ShortRun-1.dll --anonymousPipes 123 125 --benchmarkName "WinForward.Benchmarks.Perf.SessionSetupDecompositionBenchmarks.ComponentC2c2_ScopeConstructUnlinked(Sessions: 1000)" --job ShortRun --benchmarkId 59 in /home/paff/Projects/WinForward/benchmarks/WinForward.Benchmarks/bin/Release/net10.0/WinForward.Benchmarks-ShortRun-1/bin/Release/net10.0
// Failed to set up high priority (Permission denied). In order to run benchmarks with high priority, make sure you have the right permissions.
// BeforeAnythingElse

// Benchmark Process Environment Information:
// BenchmarkDotNet v0.15.8
// Runtime=.NET 10.0.12 (10.0.12, 10.0.1226.42308), X64 RyuJIT x86-64-v4
// GC=Concurrent Workstation
// HardwareIntrinsics=AVX512 BITALG+VBMI2+VNNI+VPOPCNTDQ,AVX512 IFMA+VBMI,AVX512 F+BW+CD+DQ+VL,AVX2+BMI1+BMI2+F16C+FMA+LZCNT+MOVBE,AVX,SSE3+SSSE3+SSE4.1+SSE4.2+POPCNT,X86Base+SSE+SSE2,AES+PCLMUL,AvxVnni VectorSize=256
// Job: ShortRun(InvocationCount=1, IterationCount=3, LaunchCount=1, UnrollFactor=1, WarmupCount=3)

OverheadJitting  1: 1 op, 311618.00 ns, 311.6180 us/op
WorkloadJitting  1: 1 op, 1741471.00 ns, 1.7415 ms/op

OverheadWarmup   1: 1 op, 611.00 ns, 611.0000 ns/op
OverheadWarmup   2: 1 op, 441.00 ns, 441.0000 ns/op
OverheadWarmup   3: 1 op, 481.00 ns, 481.0000 ns/op
OverheadWarmup   4: 1 op, 441.00 ns, 441.0000 ns/op
OverheadWarmup   5: 1 op, 470.00 ns, 470.0000 ns/op
OverheadWarmup   6: 1 op, 301.00 ns, 301.0000 ns/op

OverheadActual   1: 1 op, 411.00 ns, 411.0000 ns/op
OverheadActual   2: 1 op, 431.00 ns, 431.0000 ns/op
OverheadActual   3: 1 op, 441.00 ns, 441.0000 ns/op
OverheadActual   4: 1 op, 401.00 ns, 401.0000 ns/op
OverheadActual   5: 1 op, 441.00 ns, 441.0000 ns/op
OverheadActual   6: 1 op, 471.00 ns, 471.0000 ns/op
OverheadActual   7: 1 op, 451.00 ns, 451.0000 ns/op
OverheadActual   8: 1 op, 531.00 ns, 531.0000 ns/op
OverheadActual   9: 1 op, 431.00 ns, 431.0000 ns/op
OverheadActual  10: 1 op, 400.00 ns, 400.0000 ns/op
OverheadActual  11: 1 op, 450.00 ns, 450.0000 ns/op
OverheadActual  12: 1 op, 421.00 ns, 421.0000 ns/op
OverheadActual  13: 1 op, 431.00 ns, 431.0000 ns/op
OverheadActual  14: 1 op, 431.00 ns, 431.0000 ns/op
OverheadActual  15: 1 op, 360.00 ns, 360.0000 ns/op
OverheadActual  16: 1 op, 410.00 ns, 410.0000 ns/op
OverheadActual  17: 1 op, 842.00 ns, 842.0000 ns/op
OverheadActual  18: 1 op, 421.00 ns, 421.0000 ns/op
OverheadActual  19: 1 op, 441.00 ns, 441.0000 ns/op
OverheadActual  20: 1 op, 290.00 ns, 290.0000 ns/op

WorkloadWarmup   1: 1 op, 160404.00 ns, 160.4040 us/op
WorkloadWarmup   2: 1 op, 36993.00 ns, 36.9930 us/op
WorkloadWarmup   3: 1 op, 46010.00 ns, 46.0100 us/op

// BeforeActualRun
WorkloadActual   1: 1 op, 60578.00 ns, 60.5780 us/op
WorkloadActual   2: 1 op, 35339.00 ns, 35.3390 us/op
WorkloadActual   3: 1 op, 34187.00 ns, 34.1870 us/op

// AfterActualRun
WorkloadResult   1: 1 op, 60147.00 ns, 60.1470 us/op
WorkloadResult   2: 1 op, 34908.00 ns, 34.9080 us/op
WorkloadResult   3: 1 op, 33756.00 ns, 33.7560 us/op
// GC:  0 0 0 120088 1
// Threading:  0 0 1

// AfterAll
// Benchmark Process 1363591 has exited with code 0.

Mean = 42.937 us, StdErr = 8.611 us (20.06%), N = 3, StdDev = 14.915 us
Min = 33.756 us, Q1 = 34.332 us, Median = 34.908 us, Q3 = 47.528 us, Max = 60.147 us
IQR = 13.195 us, LowerFence = 14.539 us, UpperFence = 67.321 us
ConfidenceInterval = [-229.176 us; 315.050 us] (CI 99.9%), Margin = 272.113 us (633.75% of Mean)
Skewness = 0.38, Kurtosis = 0.67, MValue = 2

// ** Remained 3 (4.8%) benchmark(s) to run. Estimated finish 2026-09-22 14:54 (0h 0m from now) **
// **************************
// Benchmark: SessionSetupDecompositionBenchmarks.ComponentC2e_LockConstruction: ShortRun(InvocationCount=1, IterationCount=3, LaunchCount=1, UnrollFactor=1, WarmupCount=3) [Sessions=1000]
// *** Execute ***
// Launch: 1 / 1
// Execute: dotnet WinForward.Benchmarks-ShortRun-1.dll --anonymousPipes 123 125 --benchmarkName "WinForward.Benchmarks.Perf.SessionSetupDecompositionBenchmarks.ComponentC2e_LockConstruction(Sessions: 1000)" --job ShortRun --benchmarkId 60 in /home/paff/Projects/WinForward/benchmarks/WinForward.Benchmarks/bin/Release/net10.0/WinForward.Benchmarks-ShortRun-1/bin/Release/net10.0
// Failed to set up high priority (Permission denied). In order to run benchmarks with high priority, make sure you have the right permissions.
// BeforeAnythingElse

// Benchmark Process Environment Information:
// BenchmarkDotNet v0.15.8
// Runtime=.NET 10.0.12 (10.0.12, 10.0.1226.42308), X64 RyuJIT x86-64-v4
// GC=Concurrent Workstation
// HardwareIntrinsics=AVX512 BITALG+VBMI2+VNNI+VPOPCNTDQ,AVX512 IFMA+VBMI,AVX512 F+BW+CD+DQ+VL,AVX2+BMI1+BMI2+F16C+FMA+LZCNT+MOVBE,AVX,SSE3+SSSE3+SSE4.1+SSE4.2+POPCNT,X86Base+SSE+SSE2,AES+PCLMUL,AvxVnni VectorSize=256
// Job: ShortRun(InvocationCount=1, IterationCount=3, LaunchCount=1, UnrollFactor=1, WarmupCount=3)

OverheadJitting  1: 1 op, 246542.00 ns, 246.5420 us/op
WorkloadJitting  1: 1 op, 694075.00 ns, 694.0750 us/op

OverheadWarmup   1: 1 op, 752.00 ns, 752.0000 ns/op
OverheadWarmup   2: 1 op, 932.00 ns, 932.0000 ns/op
OverheadWarmup   3: 1 op, 832.00 ns, 832.0000 ns/op
OverheadWarmup   4: 1 op, 441.00 ns, 441.0000 ns/op
OverheadWarmup   5: 1 op, 401.00 ns, 401.0000 ns/op
OverheadWarmup   6: 1 op, 421.00 ns, 421.0000 ns/op
OverheadWarmup   7: 1 op, 410.00 ns, 410.0000 ns/op

OverheadActual   1: 1 op, 962.00 ns, 962.0000 ns/op
OverheadActual   2: 1 op, 722.00 ns, 722.0000 ns/op
OverheadActual   3: 1 op, 511.00 ns, 511.0000 ns/op
OverheadActual   4: 1 op, 421.00 ns, 421.0000 ns/op
OverheadActual   5: 1 op, 411.00 ns, 411.0000 ns/op
OverheadActual   6: 1 op, 621.00 ns, 621.0000 ns/op
OverheadActual   7: 1 op, 420.00 ns, 420.0000 ns/op
OverheadActual   8: 1 op, 731.00 ns, 731.0000 ns/op
OverheadActual   9: 1 op, 441.00 ns, 441.0000 ns/op
OverheadActual  10: 1 op, 441.00 ns, 441.0000 ns/op
OverheadActual  11: 1 op, 421.00 ns, 421.0000 ns/op
OverheadActual  12: 1 op, 351.00 ns, 351.0000 ns/op
OverheadActual  13: 1 op, 401.00 ns, 401.0000 ns/op
OverheadActual  14: 1 op, 371.00 ns, 371.0000 ns/op
OverheadActual  15: 1 op, 430.00 ns, 430.0000 ns/op
OverheadActual  16: 1 op, 671.00 ns, 671.0000 ns/op
OverheadActual  17: 1 op, 420.00 ns, 420.0000 ns/op
OverheadActual  18: 1 op, 460.00 ns, 460.0000 ns/op
OverheadActual  19: 1 op, 411.00 ns, 411.0000 ns/op
OverheadActual  20: 1 op, 721.00 ns, 721.0000 ns/op

WorkloadWarmup   1: 1 op, 85687.00 ns, 85.6870 us/op
WorkloadWarmup   2: 1 op, 21371.00 ns, 21.3710 us/op
WorkloadWarmup   3: 1 op, 46912.00 ns, 46.9120 us/op

// BeforeActualRun
WorkloadActual   1: 1 op, 94655.00 ns, 94.6550 us/op
WorkloadActual   2: 1 op, 21262.00 ns, 21.2620 us/op
WorkloadActual   3: 1 op, 21171.00 ns, 21.1710 us/op

// AfterActualRun
WorkloadResult   1: 1 op, 94219.50 ns, 94.2195 us/op
WorkloadResult   2: 1 op, 20826.50 ns, 20.8265 us/op
WorkloadResult   3: 1 op, 20735.50 ns, 20.7355 us/op
// GC:  0 0 0 40000 1
// Threading:  0 0 1

// AfterAll
// Benchmark Process 1363600 has exited with code 0.

Mean = 45.261 us, StdErr = 24.480 us (54.09%), N = 3, StdDev = 42.400 us
Min = 20.735 us, Q1 = 20.781 us, Median = 20.826 us, Q3 = 57.523 us, Max = 94.219 us
IQR = 36.742 us, LowerFence = -34.332 us, UpperFence = 112.636 us
ConfidenceInterval = [-728.269 us; 818.790 us] (CI 99.9%), Margin = 773.529 us (1709.06% of Mean)
Skewness = 0.38, Kurtosis = 0.67, MValue = 2

// ** Remained 2 (3.2%) benchmark(s) to run. Estimated finish 2026-09-22 14:54 (0h 0m from now) **
// **************************
// Benchmark: SessionSetupDecompositionBenchmarks.ComponentC2e_TaskCompletionSourceConstruction: ShortRun(InvocationCount=1, IterationCount=3, LaunchCount=1, UnrollFactor=1, WarmupCount=3) [Sessions=1000]
// *** Execute ***
// Launch: 1 / 1
// Execute: dotnet WinForward.Benchmarks-ShortRun-1.dll --anonymousPipes 123 125 --benchmarkName "WinForward.Benchmarks.Perf.SessionSetupDecompositionBenchmarks.ComponentC2e_TaskCompletionSourceConstruction(Sessions: 1000)" --job ShortRun --benchmarkId 61 in /home/paff/Projects/WinForward/benchmarks/WinForward.Benchmarks/bin/Release/net10.0/WinForward.Benchmarks-ShortRun-1/bin/Release/net10.0
// Failed to set up high priority (Permission denied). In order to run benchmarks with high priority, make sure you have the right permissions.
// BeforeAnythingElse

// Benchmark Process Environment Information:
// BenchmarkDotNet v0.15.8
// Runtime=.NET 10.0.12 (10.0.12, 10.0.1226.42308), X64 RyuJIT x86-64-v4
// GC=Concurrent Workstation
// HardwareIntrinsics=AVX512 BITALG+VBMI2+VNNI+VPOPCNTDQ,AVX512 IFMA+VBMI,AVX512 F+BW+CD+DQ+VL,AVX2+BMI1+BMI2+F16C+FMA+LZCNT+MOVBE,AVX,SSE3+SSSE3+SSE4.1+SSE4.2+POPCNT,X86Base+SSE+SSE2,AES+PCLMUL,AvxVnni VectorSize=256
// Job: ShortRun(InvocationCount=1, IterationCount=3, LaunchCount=1, UnrollFactor=1, WarmupCount=3)

OverheadJitting  1: 1 op, 285648.00 ns, 285.6480 us/op
WorkloadJitting  1: 1 op, 765325.00 ns, 765.3250 us/op

OverheadWarmup   1: 1 op, 381.00 ns, 381.0000 ns/op
OverheadWarmup   2: 1 op, 431.00 ns, 431.0000 ns/op
OverheadWarmup   3: 1 op, 430.00 ns, 430.0000 ns/op
OverheadWarmup   4: 1 op, 501.00 ns, 501.0000 ns/op
OverheadWarmup   5: 1 op, 501.00 ns, 501.0000 ns/op

OverheadActual   1: 1 op, 542.00 ns, 542.0000 ns/op
OverheadActual   2: 1 op, 541.00 ns, 541.0000 ns/op
OverheadActual   3: 1 op, 521.00 ns, 521.0000 ns/op
OverheadActual   4: 1 op, 401.00 ns, 401.0000 ns/op
OverheadActual   5: 1 op, 381.00 ns, 381.0000 ns/op
OverheadActual   6: 1 op, 280.00 ns, 280.0000 ns/op
OverheadActual   7: 1 op, 401.00 ns, 401.0000 ns/op
OverheadActual   8: 1 op, 281.00 ns, 281.0000 ns/op
OverheadActual   9: 1 op, 280.00 ns, 280.0000 ns/op
OverheadActual  10: 1 op, 270.00 ns, 270.0000 ns/op
OverheadActual  11: 1 op, 421.00 ns, 421.0000 ns/op
OverheadActual  12: 1 op, 290.00 ns, 290.0000 ns/op
OverheadActual  13: 1 op, 431.00 ns, 431.0000 ns/op
OverheadActual  14: 1 op, 431.00 ns, 431.0000 ns/op
OverheadActual  15: 1 op, 401.00 ns, 401.0000 ns/op
OverheadActual  16: 1 op, 381.00 ns, 381.0000 ns/op
OverheadActual  17: 1 op, 311.00 ns, 311.0000 ns/op
OverheadActual  18: 1 op, 411.00 ns, 411.0000 ns/op
OverheadActual  19: 1 op, 311.00 ns, 311.0000 ns/op
OverheadActual  20: 1 op, 421.00 ns, 421.0000 ns/op

WorkloadWarmup   1: 1 op, 179260.00 ns, 179.2600 us/op
WorkloadWarmup   2: 1 op, 36541.00 ns, 36.5410 us/op
WorkloadWarmup   3: 1 op, 36902.00 ns, 36.9020 us/op

// BeforeActualRun
WorkloadActual   1: 1 op, 127639.00 ns, 127.6390 us/op
WorkloadActual   2: 1 op, 34157.00 ns, 34.1570 us/op
WorkloadActual   3: 1 op, 35128.00 ns, 35.1280 us/op

// AfterActualRun
WorkloadResult   1: 1 op, 127238.00 ns, 127.2380 us/op
WorkloadResult   2: 1 op, 33756.00 ns, 33.7560 us/op
WorkloadResult   3: 1 op, 34727.00 ns, 34.7270 us/op
// GC:  0 0 0 88000 1
// Threading:  0 0 1

// AfterAll
// Benchmark Process 1363609 has exited with code 0.

Mean = 65.240 us, StdErr = 31.000 us (47.52%), N = 3, StdDev = 53.694 us
Min = 33.756 us, Q1 = 34.242 us, Median = 34.727 us, Q3 = 80.983 us, Max = 127.238 us
IQR = 46.741 us, LowerFence = -35.870 us, UpperFence = 151.094 us
ConfidenceInterval = [-914.334 us; 1,044.814 us] (CI 99.9%), Margin = 979.574 us (1501.49% of Mean)
Skewness = 0.38, Kurtosis = 0.67, MValue = 2

// ** Remained 1 (1.6%) benchmark(s) to run. Estimated finish 2026-09-22 14:54 (0h 0m from now) **
// **************************
// Benchmark: SessionSetupDecompositionBenchmarks.ComponentC2e_LinkedTokenSourceConstruction: ShortRun(InvocationCount=1, IterationCount=3, LaunchCount=1, UnrollFactor=1, WarmupCount=3) [Sessions=1000]
// *** Execute ***
// Launch: 1 / 1
// Execute: dotnet WinForward.Benchmarks-ShortRun-1.dll --anonymousPipes 123 125 --benchmarkName "WinForward.Benchmarks.Perf.SessionSetupDecompositionBenchmarks.ComponentC2e_LinkedTokenSourceConstruction(Sessions: 1000)" --job ShortRun --benchmarkId 62 in /home/paff/Projects/WinForward/benchmarks/WinForward.Benchmarks/bin/Release/net10.0/WinForward.Benchmarks-ShortRun-1/bin/Release/net10.0
// Failed to set up high priority (Permission denied). In order to run benchmarks with high priority, make sure you have the right permissions.
// BeforeAnythingElse

// Benchmark Process Environment Information:
// BenchmarkDotNet v0.15.8
// Runtime=.NET 10.0.12 (10.0.12, 10.0.1226.42308), X64 RyuJIT x86-64-v4
// GC=Concurrent Workstation
// HardwareIntrinsics=AVX512 BITALG+VBMI2+VNNI+VPOPCNTDQ,AVX512 IFMA+VBMI,AVX512 F+BW+CD+DQ+VL,AVX2+BMI1+BMI2+F16C+FMA+LZCNT+MOVBE,AVX,SSE3+SSSE3+SSE4.1+SSE4.2+POPCNT,X86Base+SSE+SSE2,AES+PCLMUL,AvxVnni VectorSize=256
// Job: ShortRun(InvocationCount=1, IterationCount=3, LaunchCount=1, UnrollFactor=1, WarmupCount=3)

OverheadJitting  1: 1 op, 259447.00 ns, 259.4470 us/op
WorkloadJitting  1: 1 op, 1371408.00 ns, 1.3714 ms/op

OverheadWarmup   1: 1 op, 441.00 ns, 441.0000 ns/op
OverheadWarmup   2: 1 op, 411.00 ns, 411.0000 ns/op
OverheadWarmup   3: 1 op, 381.00 ns, 381.0000 ns/op
OverheadWarmup   4: 1 op, 260.00 ns, 260.0000 ns/op
OverheadWarmup   5: 1 op, 361.00 ns, 361.0000 ns/op
OverheadWarmup   6: 1 op, 271.00 ns, 271.0000 ns/op
OverheadWarmup   7: 1 op, 281.00 ns, 281.0000 ns/op
OverheadWarmup   8: 1 op, 431.00 ns, 431.0000 ns/op
OverheadWarmup   9: 1 op, 361.00 ns, 361.0000 ns/op

OverheadActual   1: 1 op, 351.00 ns, 351.0000 ns/op
OverheadActual   2: 1 op, 371.00 ns, 371.0000 ns/op
OverheadActual   3: 1 op, 411.00 ns, 411.0000 ns/op
OverheadActual   4: 1 op, 390.00 ns, 390.0000 ns/op
OverheadActual   5: 1 op, 411.00 ns, 411.0000 ns/op
OverheadActual   6: 1 op, 290.00 ns, 290.0000 ns/op
OverheadActual   7: 1 op, 421.00 ns, 421.0000 ns/op
OverheadActual   8: 1 op, 260.00 ns, 260.0000 ns/op
OverheadActual   9: 1 op, 260.00 ns, 260.0000 ns/op
OverheadActual  10: 1 op, 271.00 ns, 271.0000 ns/op
OverheadActual  11: 1 op, 270.00 ns, 270.0000 ns/op
OverheadActual  12: 1 op, 421.00 ns, 421.0000 ns/op
OverheadActual  13: 1 op, 270.00 ns, 270.0000 ns/op
OverheadActual  14: 1 op, 291.00 ns, 291.0000 ns/op
OverheadActual  15: 1 op, 391.00 ns, 391.0000 ns/op
OverheadActual  16: 1 op, 421.00 ns, 421.0000 ns/op
OverheadActual  17: 1 op, 401.00 ns, 401.0000 ns/op
OverheadActual  18: 1 op, 371.00 ns, 371.0000 ns/op
OverheadActual  19: 1 op, 270.00 ns, 270.0000 ns/op
OverheadActual  20: 1 op, 290.00 ns, 290.0000 ns/op

WorkloadWarmup   1: 1 op, 245760.00 ns, 245.7600 us/op
WorkloadWarmup   2: 1 op, 66690.00 ns, 66.6900 us/op
WorkloadWarmup   3: 1 op, 64696.00 ns, 64.6960 us/op

// BeforeActualRun
WorkloadActual   1: 1 op, 212696.00 ns, 212.6960 us/op
WorkloadActual   2: 1 op, 66921.00 ns, 66.9210 us/op
WorkloadActual   3: 1 op, 66440.00 ns, 66.4400 us/op

// AfterActualRun
WorkloadResult   1: 1 op, 212335.00 ns, 212.3350 us/op
WorkloadResult   2: 1 op, 66560.00 ns, 66.5600 us/op
WorkloadResult   3: 1 op, 66079.00 ns, 66.0790 us/op
// GC:  0 0 0 152200 1
// Threading:  0 0 1

// AfterAll
// Benchmark Process 1363618 has exited with code 0.

Mean = 114.991 us, StdErr = 48.672 us (42.33%), N = 3, StdDev = 84.302 us
Min = 66.079 us, Q1 = 66.320 us, Median = 66.560 us, Q3 = 139.447 us, Max = 212.335 us
IQR = 73.128 us, LowerFence = -43.373 us, UpperFence = 249.139 us
ConfidenceInterval = [-1,422.999 us; 1,652.982 us] (CI 99.9%), Margin = 1,537.990 us (1337.48% of Mean)
Skewness = 0.38, Kurtosis = 0.67, MValue = 2

// ** Remained 0 (0.0%) benchmark(s) to run. Estimated finish 2026-09-22 14:54 (0h 0m from now) **
// ***** BenchmarkRunner: Finish  *****

// * Export *
  BenchmarkDotNet.Artifacts/results/WinForward.Benchmarks.Perf.SessionSetupDecompositionBenchmarks-report.csv
  BenchmarkDotNet.Artifacts/results/WinForward.Benchmarks.Perf.SessionSetupDecompositionBenchmarks-report-github.md
  BenchmarkDotNet.Artifacts/results/WinForward.Benchmarks.Perf.SessionSetupDecompositionBenchmarks-report.html

// * Detailed results *
SessionSetupDecompositionBenchmarks.StageS0_CoordinatorOnly: ShortRun(InvocationCount=1, IterationCount=3, LaunchCount=1, UnrollFactor=1, WarmupCount=3) [Sessions=1]
Runtime = .NET 10.0.12 (10.0.12, 10.0.1226.42308), X64 RyuJIT x86-64-v4; GC = Concurrent Workstation
Mean = 27.755 us, StdErr = 14.679 us (52.89%), N = 3, StdDev = 25.425 us
Min = 12.364 us, Q1 = 13.081 us, Median = 13.797 us, Q3 = 35.450 us, Max = 57.102 us
IQR = 22.369 us, LowerFence = -20.472 us, UpperFence = 69.002 us
ConfidenceInterval = [-436.098 us; 491.607 us] (CI 99.9%), Margin = 463.853 us (1671.27% of Mean)
Skewness = 0.38, Kurtosis = 0.67, MValue = 2
-------------------- Histogram --------------------
[11.595 us ; 57.871 us) | @@@
---------------------------------------------------

SessionSetupDecompositionBenchmarks.StageS1_AdmissionOnlyAsync: ShortRun(InvocationCount=1, IterationCount=3, LaunchCount=1, UnrollFactor=1, WarmupCount=3) [Sessions=1]
Runtime = .NET 10.0.12 (10.0.12, 10.0.1226.42308), X64 RyuJIT x86-64-v4; GC = Concurrent Workstation
Mean = 42.879 us, StdErr = 10.273 us (23.96%), N = 3, StdDev = 17.793 us
Min = 31.446 us, Q1 = 32.629 us, Median = 33.811 us, Q3 = 48.595 us, Max = 63.379 us
IQR = 15.966 us, LowerFence = 8.679 us, UpperFence = 72.545 us
ConfidenceInterval = [-281.735 us; 367.492 us] (CI 99.9%), Margin = 324.613 us (757.05% of Mean)
Skewness = 0.38, Kurtosis = 0.67, MValue = 2
-------------------- Histogram --------------------
[31.220 us ; 63.605 us) | @@@
---------------------------------------------------

SessionSetupDecompositionBenchmarks.StageS2_SetupStartedAsync: ShortRun(InvocationCount=1, IterationCount=3, LaunchCount=1, UnrollFactor=1, WarmupCount=3) [Sessions=1]
Runtime = .NET 10.0.12 (10.0.12, 10.0.1226.42308), X64 RyuJIT x86-64-v4; GC = Concurrent Workstation
Mean = 71.955 ms, StdErr = 0.518 ms (0.72%), N = 3, StdDev = 0.897 ms
Min = 71.413 ms, Q1 = 71.438 ms, Median = 71.463 ms, Q3 = 72.227 ms, Max = 72.991 ms
IQR = 0.789 ms, LowerFence = 70.254 ms, UpperFence = 73.410 ms
ConfidenceInterval = [55.590 ms; 88.321 ms] (CI 99.9%), Margin = 16.366 ms (22.74% of Mean)
Skewness = 0.38, Kurtosis = 0.67, MValue = 2
-------------------- Histogram --------------------
[71.386 ms ; 73.018 ms) | @@@
---------------------------------------------------

SessionSetupDecompositionBenchmarks.StageS3_PipelineNoPayloadAsync: ShortRun(InvocationCount=1, IterationCount=3, LaunchCount=1, UnrollFactor=1, WarmupCount=3) [Sessions=1]
Runtime = .NET 10.0.12 (10.0.12, 10.0.1226.42308), X64 RyuJIT x86-64-v4; GC = Concurrent Workstation
Mean = 30.153 ms, StdErr = 0.205 ms (0.68%), N = 3, StdDev = 0.355 ms
Min = 29.865 ms, Q1 = 29.954 ms, Median = 30.044 ms, Q3 = 30.296 ms, Max = 30.549 ms
IQR = 0.342 ms, LowerFence = 29.441 ms, UpperFence = 30.810 ms
ConfidenceInterval = [23.677 ms; 36.629 ms] (CI 99.9%), Margin = 6.476 ms (21.48% of Mean)
Skewness = 0.28, Kurtosis = 0.67, MValue = 2
-------------------- Histogram --------------------
[29.631 ms ; 30.872 ms) | @@@
---------------------------------------------------

SessionSetupDecompositionBenchmarks.StageS4_ReadinessTeardownOutsideAsync: ShortRun(InvocationCount=1, IterationCount=3, LaunchCount=1, UnrollFactor=1, WarmupCount=3) [Sessions=1]
Runtime = .NET 10.0.12 (10.0.12, 10.0.1226.42308), X64 RyuJIT x86-64-v4; GC = Concurrent Workstation
Mean = 30.346 ms, StdErr = 0.361 ms (1.19%), N = 3, StdDev = 0.625 ms
Min = 29.633 ms, Q1 = 30.120 ms, Median = 30.607 ms, Q3 = 30.703 ms, Max = 30.799 ms
IQR = 0.583 ms, LowerFence = 29.245 ms, UpperFence = 31.577 ms
ConfidenceInterval = [18.943 ms; 41.749 ms] (CI 99.9%), Margin = 11.403 ms (37.58% of Mean)
Skewness = -0.34, Kurtosis = 0.67, MValue = 2
-------------------- Histogram --------------------
[29.064 ms ; 30.134 ms) | @
[30.134 ms ; 31.367 ms) | @@
---------------------------------------------------

SessionSetupDecompositionBenchmarks.StageS5_ReadinessTeardownInsideAsync: ShortRun(InvocationCount=1, IterationCount=3, LaunchCount=1, UnrollFactor=1, WarmupCount=3) [Sessions=1]
Runtime = .NET 10.0.12 (10.0.12, 10.0.1226.42308), X64 RyuJIT x86-64-v4; GC = Concurrent Workstation
Mean = 46.124 ms, StdErr = 0.599 ms (1.30%), N = 3, StdDev = 1.038 ms
Min = 45.212 ms, Q1 = 45.559 ms, Median = 45.907 ms, Q3 = 46.580 ms, Max = 47.254 ms
IQR = 1.021 ms, LowerFence = 44.028 ms, UpperFence = 48.112 ms
ConfidenceInterval = [27.185 ms; 65.064 ms] (CI 99.9%), Margin = 18.940 ms (41.06% of Mean)
Skewness = 0.2, Kurtosis = 0.67, MValue = 2
-------------------- Histogram --------------------
[44.615 ms ; 46.504 ms) | @@
[46.504 ms ; 48.199 ms) | @
---------------------------------------------------

SessionSetupDecompositionBenchmarks.StageT1_SessionTeardownInsideAsync: ShortRun(InvocationCount=1, IterationCount=3, LaunchCount=1, UnrollFactor=1, WarmupCount=3) [Sessions=1]
Runtime = .NET 10.0.12 (10.0.12, 10.0.1226.42308), X64 RyuJIT x86-64-v4; GC = Concurrent Workstation
Mean = 318.830 us, StdErr = 24.113 us (7.56%), N = 3, StdDev = 41.764 us
Min = 287.637 us, Q1 = 295.106 us, Median = 302.575 us, Q3 = 334.426 us, Max = 366.278 us
IQR = 39.321 us, LowerFence = 236.125 us, UpperFence = 393.407 us
ConfidenceInterval = [-443.109 us; 1,080.769 us] (CI 99.9%), Margin = 761.939 us (238.98% of Mean)
Skewness = 0.33, Kurtosis = 0.67, MValue = 2
-------------------- Histogram --------------------
[249.630 us ; 333.113 us) | @@
[333.113 us ; 404.285 us) | @
---------------------------------------------------

SessionSetupDecompositionBenchmarks.StageT3_ExpiryRetireInsideAsync: ShortRun(InvocationCount=1, IterationCount=3, LaunchCount=1, UnrollFactor=1, WarmupCount=3) [Sessions=1]
Runtime = .NET 10.0.12 (10.0.12, 10.0.1226.42308), X64 RyuJIT x86-64-v4; GC = Concurrent Workstation
Mean = 33.407 ms, StdErr = 0.415 ms (1.24%), N = 3, StdDev = 0.718 ms
Min = 32.909 ms, Q1 = 32.995 ms, Median = 33.082 ms, Q3 = 33.656 ms, Max = 34.230 ms
IQR = 0.661 ms, LowerFence = 32.004 ms, UpperFence = 34.647 ms
ConfidenceInterval = [20.307 ms; 46.507 ms] (CI 99.9%), Margin = 13.100 ms (39.21% of Mean)
Skewness = 0.36, Kurtosis = 0.67, MValue = 2
-------------------- Histogram --------------------
[32.255 ms ; 33.649 ms) | @@
[33.649 ms ; 34.883 ms) | @
---------------------------------------------------

SessionSetupDecompositionBenchmarks.StageT5_NonThrowingParkTeardownAsync: ShortRun(InvocationCount=1, IterationCount=3, LaunchCount=1, UnrollFactor=1, WarmupCount=3) [Sessions=1]
Runtime = .NET 10.0.12 (10.0.12, 10.0.1226.42308), X64 RyuJIT x86-64-v4; GC = Concurrent Workstation
Mean = 282.470 us, StdErr = 17.695 us (6.26%), N = 3, StdDev = 30.648 us
Min = 248.887 us, Q1 = 269.241 us, Median = 289.596 us, Q3 = 299.262 us, Max = 308.928 us
IQR = 30.020 us, LowerFence = 224.211 us, UpperFence = 344.293 us
ConfidenceInterval = [-276.667 us; 841.607 us] (CI 99.9%), Margin = 559.137 us (197.95% of Mean)
Skewness = -0.22, Kurtosis = 0.67, MValue = 2
-------------------- Histogram --------------------
[220.996 us ; 271.371 us) | @
[271.371 us ; 336.819 us) | @@
---------------------------------------------------

SessionSetupDecompositionBenchmarks.BaselineF_FakeTransportCreationAsync: ShortRun(InvocationCount=1, IterationCount=3, LaunchCount=1, UnrollFactor=1, WarmupCount=3) [Sessions=1]
Runtime = .NET 10.0.12 (10.0.12, 10.0.1226.42308), X64 RyuJIT x86-64-v4; GC = Concurrent Workstation
Mean = 12.016 us, StdErr = 1.320 us (10.99%), N = 3, StdDev = 2.286 us
Min = 10.486 us, Q1 = 10.701 us, Median = 10.917 us, Q3 = 12.780 us, Max = 14.644 us
IQR = 2.079 us, LowerFence = 7.583 us, UpperFence = 15.899 us
ConfidenceInterval = [-29.696 us; 53.728 us] (CI 99.9%), Margin = 41.712 us (347.15% of Mean)
Skewness = 0.37, Kurtosis = 0.67, MValue = 2
-------------------- Histogram --------------------
[10.484 us ; 14.646 us) | @@@
---------------------------------------------------

SessionSetupDecompositionBenchmarks.BaselineH_FlowKeyConstruction: ShortRun(InvocationCount=1, IterationCount=3, LaunchCount=1, UnrollFactor=1, WarmupCount=3) [Sessions=1]
Runtime = .NET 10.0.12 (10.0.12, 10.0.1226.42308), X64 RyuJIT x86-64-v4; GC = Concurrent Workstation
Mean = 15.949 us, StdErr = 0.647 us (4.06%), N = 3, StdDev = 1.120 us
Min = 14.984 us, Q1 = 15.335 us, Median = 15.686 us, Q3 = 16.432 us, Max = 17.178 us
IQR = 1.097 us, LowerFence = 13.690 us, UpperFence = 18.078 us
ConfidenceInterval = [-4.492 us; 36.391 us] (CI 99.9%), Margin = 20.441 us (128.16% of Mean)
Skewness = 0.22, Kurtosis = 0.67, MValue = 2
-------------------- Histogram --------------------
[14.315 us ; 16.355 us) | @@
[16.355 us ; 18.198 us) | @
---------------------------------------------------

SessionSetupDecompositionBenchmarks.ComponentC1_AssociationClaimRelease: ShortRun(InvocationCount=1, IterationCount=3, LaunchCount=1, UnrollFactor=1, WarmupCount=3) [Sessions=1]
Runtime = .NET 10.0.12 (10.0.12, 10.0.1226.42308), X64 RyuJIT x86-64-v4; GC = Concurrent Workstation
Mean = 31.094 us, StdErr = 0.943 us (3.03%), N = 3, StdDev = 1.633 us
Min = 29.648 us, Q1 = 30.209 us, Median = 30.770 us, Q3 = 31.817 us, Max = 32.864 us
IQR = 1.609 us, LowerFence = 27.796 us, UpperFence = 34.230 us
ConfidenceInterval = [1.307 us; 60.881 us] (CI 99.9%), Margin = 29.787 us (95.80% of Mean)
Skewness = 0.19, Kurtosis = 0.67, MValue = 2
-------------------- Histogram --------------------
[28.723 us ; 31.695 us) | @@
[31.695 us ; 34.350 us) | @
---------------------------------------------------

SessionSetupDecompositionBenchmarks.ComponentC2_SessionConstructStartAsync: ShortRun(InvocationCount=1, IterationCount=3, LaunchCount=1, UnrollFactor=1, WarmupCount=3) [Sessions=1]
Runtime = .NET 10.0.12 (10.0.12, 10.0.1226.42308), X64 RyuJIT x86-64-v4; GC = Concurrent Workstation
Mean = 57.704 us, StdErr = 14.190 us (24.59%), N = 3, StdDev = 24.577 us
Min = 42.849 us, Q1 = 43.520 us, Median = 44.191 us, Q3 = 65.132 us, Max = 86.073 us
IQR = 21.612 us, LowerFence = 11.102 us, UpperFence = 97.550 us
ConfidenceInterval = [-390.674 us; 506.083 us] (CI 99.9%), Margin = 448.379 us (777.03% of Mean)
Skewness = 0.38, Kurtosis = 0.67, MValue = 2
-------------------- Histogram --------------------
[42.095 us ; 86.827 us) | @@@
---------------------------------------------------

SessionSetupDecompositionBenchmarks.ComponentC2a1_ContextRecordStaticLambda: ShortRun(InvocationCount=1, IterationCount=3, LaunchCount=1, UnrollFactor=1, WarmupCount=3) [Sessions=1]
Runtime = .NET 10.0.12 (10.0.12, 10.0.1226.42308), X64 RyuJIT x86-64-v4; GC = Concurrent Workstation
Mean = 46.063 us, StdErr = 9.910 us (21.51%), N = 3, StdDev = 17.164 us
Min = 27.363 us, Q1 = 38.545 us, Median = 49.727 us, Q3 = 55.413 us, Max = 61.099 us
IQR = 16.868 us, LowerFence = 13.243 us, UpperFence = 80.715 us
ConfidenceInterval = [-267.070 us; 359.196 us] (CI 99.9%), Margin = 313.133 us (679.79% of Mean)
Skewness = -0.2, Kurtosis = 0.67, MValue = 2
-------------------- Histogram --------------------
[11.743 us ; 39.793 us) | @
[39.793 us ; 76.719 us) | @@
---------------------------------------------------

SessionSetupDecompositionBenchmarks.ComponentC2a2_ContextRecordMethodGroup: ShortRun(InvocationCount=1, IterationCount=3, LaunchCount=1, UnrollFactor=1, WarmupCount=3) [Sessions=1]
Runtime = .NET 10.0.12 (10.0.12, 10.0.1226.42308), X64 RyuJIT x86-64-v4; GC = Concurrent Workstation
Mean = 38.455 us, StdErr = 10.383 us (27.00%), N = 3, StdDev = 17.983 us
Min = 22.303 us, Q1 = 28.766 us, Median = 35.229 us, Q3 = 46.531 us, Max = 57.833 us
IQR = 17.765 us, LowerFence = 2.119 us, UpperFence = 73.178 us
ConfidenceInterval = [-289.628 us; 366.538 us] (CI 99.9%), Margin = 328.083 us (853.16% of Mean)
Skewness = 0.17, Kurtosis = 0.67, MValue = 2
-------------------- Histogram --------------------
[12.401 us ; 45.131 us) | @@
[45.131 us ; 74.198 us) | @
---------------------------------------------------

SessionSetupDecompositionBenchmarks.ComponentC2b_SessionConstructOnly: ShortRun(InvocationCount=1, IterationCount=3, LaunchCount=1, UnrollFactor=1, WarmupCount=3) [Sessions=1]
Runtime = .NET 10.0.12 (10.0.12, 10.0.1226.42308), X64 RyuJIT x86-64-v4; GC = Concurrent Workstation
Mean = 55.758 us, StdErr = 13.086 us (23.47%), N = 3, StdDev = 22.666 us
Min = 31.366 us, Q1 = 45.550 us, Median = 59.733 us, Q3 = 67.953 us, Max = 76.174 us
IQR = 22.404 us, LowerFence = 11.944 us, UpperFence = 101.558 us
ConfidenceInterval = [-357.763 us; 469.278 us] (CI 99.9%), Margin = 413.520 us (741.64% of Mean)
Skewness = -0.17, Kurtosis = 0.67, MValue = 2
-------------------- Histogram --------------------
[10.739 us ; 47.326 us) | @
[47.326 us ; 96.801 us) | @@
---------------------------------------------------

SessionSetupDecompositionBenchmarks.ComponentC2c1_ScopeConstructLinked: ShortRun(InvocationCount=1, IterationCount=3, LaunchCount=1, UnrollFactor=1, WarmupCount=3) [Sessions=1]
Runtime = .NET 10.0.12 (10.0.12, 10.0.1226.42308), X64 RyuJIT x86-64-v4; GC = Concurrent Workstation
Mean = 8.764 us, StdErr = 2.424 us (27.66%), N = 3, StdDev = 4.198 us
Min = 5.641 us, Q1 = 6.378 us, Median = 7.114 us, Q3 = 10.325 us, Max = 13.536 us
IQR = 3.947 us, LowerFence = 0.456 us, UpperFence = 16.246 us
ConfidenceInterval = [-67.825 us; 85.352 us] (CI 99.9%), Margin = 76.588 us (873.93% of Mean)
Skewness = 0.33, Kurtosis = 0.67, MValue = 2
-------------------- Histogram --------------------
[ 1.821 us ; 10.198 us) | @@
[10.198 us ; 17.356 us) | @
---------------------------------------------------

SessionSetupDecompositionBenchmarks.ComponentC2c2_ScopeConstructUnlinked: ShortRun(InvocationCount=1, IterationCount=3, LaunchCount=1, UnrollFactor=1, WarmupCount=3) [Sessions=1]
Runtime = .NET 10.0.12 (10.0.12, 10.0.1226.42308), X64 RyuJIT x86-64-v4; GC = Concurrent Workstation
Mean = 6.219 us, StdErr = 0.052 us (0.84%), N = 3, StdDev = 0.090 us
Min = 6.132 us, Q1 = 6.172 us, Median = 6.212 us, Q3 = 6.262 us, Max = 6.312 us
IQR = 0.090 us, LowerFence = 6.037 us, UpperFence = 6.397 us
ConfidenceInterval = [4.573 us; 7.864 us] (CI 99.9%), Margin = 1.645 us (26.46% of Mean)
Skewness = 0.07, Kurtosis = 0.67, MValue = 2
-------------------- Histogram --------------------
[6.090 us ; 6.254 us) | @@
[6.254 us ; 6.394 us) | @
---------------------------------------------------

SessionSetupDecompositionBenchmarks.ComponentC2e_LockConstruction: ShortRun(InvocationCount=1, IterationCount=3, LaunchCount=1, UnrollFactor=1, WarmupCount=3) [Sessions=1]
Runtime = .NET 10.0.12 (10.0.12, 10.0.1226.42308), X64 RyuJIT x86-64-v4; GC = Concurrent Workstation
Mean = 9.564 us, StdErr = 6.122 us (64.01%), N = 3, StdDev = 10.604 us
Min = 3.372 us, Q1 = 3.442 us, Median = 3.512 us, Q3 = 12.660 us, Max = 21.808 us
IQR = 9.218 us, LowerFence = -10.385 us, UpperFence = 26.487 us
ConfidenceInterval = [-183.890 us; 203.018 us] (CI 99.9%), Margin = 193.454 us (2022.73% of Mean)
Skewness = 0.38, Kurtosis = 0.67, MValue = 2
-------------------- Histogram --------------------
[2.940 us ; 22.240 us) | @@@
---------------------------------------------------

SessionSetupDecompositionBenchmarks.ComponentC2e_TaskCompletionSourceConstruction: ShortRun(InvocationCount=1, IterationCount=3, LaunchCount=1, UnrollFactor=1, WarmupCount=3) [Sessions=1]
Runtime = .NET 10.0.12 (10.0.12, 10.0.1226.42308), X64 RyuJIT x86-64-v4; GC = Concurrent Workstation
Mean = 3.196 us, StdErr = 0.424 us (13.26%), N = 3, StdDev = 0.734 us
Min = 2.685 us, Q1 = 2.776 us, Median = 2.866 us, Q3 = 3.451 us, Max = 4.037 us
IQR = 0.676 us, LowerFence = 1.762 us, UpperFence = 4.465 us
ConfidenceInterval = [-10.194 us; 16.586 us] (CI 99.9%), Margin = 13.390 us (418.95% of Mean)
Skewness = 0.36, Kurtosis = 0.67, MValue = 2
-------------------- Histogram --------------------
[2.017 us ; 3.443 us) | @@
[3.443 us ; 4.705 us) | @
---------------------------------------------------

SessionSetupDecompositionBenchmarks.ComponentC2e_LinkedTokenSourceConstruction: ShortRun(InvocationCount=1, IterationCount=3, LaunchCount=1, UnrollFactor=1, WarmupCount=3) [Sessions=1]
Runtime = .NET 10.0.12 (10.0.12, 10.0.1226.42308), X64 RyuJIT x86-64-v4; GC = Concurrent Workstation
Mean = 7.623 us, StdErr = 0.109 us (1.43%), N = 3, StdDev = 0.188 us
Min = 7.419 us, Q1 = 7.540 us, Median = 7.660 us, Q3 = 7.725 us, Max = 7.790 us
IQR = 0.185 us, LowerFence = 7.261 us, UpperFence = 8.003 us
ConfidenceInterval = [4.189 us; 11.057 us] (CI 99.9%), Margin = 3.434 us (45.05% of Mean)
Skewness = -0.19, Kurtosis = 0.67, MValue = 2
-------------------- Histogram --------------------
[7.248 us ; 7.554 us) | @
[7.554 us ; 7.961 us) | @@
---------------------------------------------------

SessionSetupDecompositionBenchmarks.StageS0_CoordinatorOnly: ShortRun(InvocationCount=1, IterationCount=3, LaunchCount=1, UnrollFactor=1, WarmupCount=3) [Sessions=100]
Runtime = .NET 10.0.12 (10.0.12, 10.0.1226.42308), X64 RyuJIT x86-64-v4; GC = Concurrent Workstation
Mean = 43.692 us, StdErr = 23.484 us (53.75%), N = 3, StdDev = 40.676 us
Min = 19.709 us, Q1 = 20.209 us, Median = 20.710 us, Q3 = 55.684 us, Max = 90.657 us
IQR = 35.474 us, LowerFence = -33.002 us, UpperFence = 108.896 us
ConfidenceInterval = [-698.394 us; 785.779 us] (CI 99.9%), Margin = 742.086 us (1698.44% of Mean)
Skewness = 0.38, Kurtosis = 0.67, MValue = 2
-------------------- Histogram --------------------
[18.166 us ; 92.200 us) | @@@
---------------------------------------------------

SessionSetupDecompositionBenchmarks.StageS1_AdmissionOnlyAsync: ShortRun(InvocationCount=1, IterationCount=3, LaunchCount=1, UnrollFactor=1, WarmupCount=3) [Sessions=100]
Runtime = .NET 10.0.12 (10.0.12, 10.0.1226.42308), X64 RyuJIT x86-64-v4; GC = Concurrent Workstation
Mean = 244.932 us, StdErr = 12.001 us (4.90%), N = 3, StdDev = 20.786 us
Min = 221.022 us, Q1 = 238.050 us, Median = 255.078 us, Q3 = 256.887 us, Max = 258.696 us
IQR = 18.837 us, LowerFence = 209.794 us, UpperFence = 285.142 us
ConfidenceInterval = [-134.274 us; 624.138 us] (CI 99.9%), Margin = 379.206 us (154.82% of Mean)
Skewness = -0.37, Kurtosis = 0.67, MValue = 2
-------------------- Histogram --------------------
[220.943 us ; 258.775 us) | @@@
---------------------------------------------------

SessionSetupDecompositionBenchmarks.StageS2_SetupStartedAsync: ShortRun(InvocationCount=1, IterationCount=3, LaunchCount=1, UnrollFactor=1, WarmupCount=3) [Sessions=100]
Runtime = .NET 10.0.12 (10.0.12, 10.0.1226.42308), X64 RyuJIT x86-64-v4; GC = Concurrent Workstation
Mean = 86.335 ms, StdErr = 3.877 ms (4.49%), N = 3, StdDev = 6.715 ms
Min = 78.601 ms, Q1 = 84.167 ms, Median = 89.734 ms, Q3 = 90.203 ms, Max = 90.672 ms
IQR = 6.035 ms, LowerFence = 75.114 ms, UpperFence = 99.256 ms
ConfidenceInterval = [-36.166 ms; 208.837 ms] (CI 99.9%), Margin = 122.502 ms (141.89% of Mean)
Skewness = -0.38, Kurtosis = 0.67, MValue = 2
-------------------- Histogram --------------------
[78.526 ms ; 90.747 ms) | @@@
---------------------------------------------------

SessionSetupDecompositionBenchmarks.StageS3_PipelineNoPayloadAsync: ShortRun(InvocationCount=1, IterationCount=3, LaunchCount=1, UnrollFactor=1, WarmupCount=3) [Sessions=100]
Runtime = .NET 10.0.12 (10.0.12, 10.0.1226.42308), X64 RyuJIT x86-64-v4; GC = Concurrent Workstation
Mean = 45.581 ms, StdErr = 2.769 ms (6.08%), N = 3, StdDev = 4.797 ms
Min = 42.450 ms, Q1 = 42.820 ms, Median = 43.190 ms, Q3 = 47.147 ms, Max = 51.103 ms
IQR = 4.327 ms, LowerFence = 36.330 ms, UpperFence = 53.636 ms
ConfidenceInterval = [-41.927 ms; 133.089 ms] (CI 99.9%), Margin = 87.508 ms (191.98% of Mean)
Skewness = 0.37, Kurtosis = 0.67, MValue = 2
-------------------- Histogram --------------------
[42.412 ms ; 51.142 ms) | @@@
---------------------------------------------------

SessionSetupDecompositionBenchmarks.StageS4_ReadinessTeardownOutsideAsync: ShortRun(InvocationCount=1, IterationCount=3, LaunchCount=1, UnrollFactor=1, WarmupCount=3) [Sessions=100]
Runtime = .NET 10.0.12 (10.0.12, 10.0.1226.42308), X64 RyuJIT x86-64-v4; GC = Concurrent Workstation
Mean = 44.632 ms, StdErr = 1.483 ms (3.32%), N = 3, StdDev = 2.568 ms
Min = 43.113 ms, Q1 = 43.150 ms, Median = 43.186 ms, Q3 = 45.392 ms, Max = 47.597 ms
IQR = 2.242 ms, LowerFence = 39.787 ms, UpperFence = 48.754 ms
ConfidenceInterval = [-2.214 ms; 91.478 ms] (CI 99.9%), Margin = 46.846 ms (104.96% of Mean)
Skewness = 0.38, Kurtosis = 0.67, MValue = 2
-------------------- Histogram --------------------
[43.018 ms ; 47.692 ms) | @@@
---------------------------------------------------

SessionSetupDecompositionBenchmarks.StageS5_ReadinessTeardownInsideAsync: ShortRun(InvocationCount=1, IterationCount=3, LaunchCount=1, UnrollFactor=1, WarmupCount=3) [Sessions=100]
Runtime = .NET 10.0.12 (10.0.12, 10.0.1226.42308), X64 RyuJIT x86-64-v4; GC = Concurrent Workstation
Mean = 57.154 ms, StdErr = 1.775 ms (3.11%), N = 3, StdDev = 3.074 ms
Min = 54.208 ms, Q1 = 55.560 ms, Median = 56.911 ms, Q3 = 58.627 ms, Max = 60.343 ms
IQR = 3.067 ms, LowerFence = 50.959 ms, UpperFence = 63.228 ms
ConfidenceInterval = [1.064 ms; 113.244 ms] (CI 99.9%), Margin = 56.090 ms (98.14% of Mean)
Skewness = 0.08, Kurtosis = 0.67, MValue = 2
-------------------- Histogram --------------------
[52.762 ms ; 58.357 ms) | @@
[58.357 ms ; 63.141 ms) | @
---------------------------------------------------

SessionSetupDecompositionBenchmarks.StageT1_SessionTeardownInsideAsync: ShortRun(InvocationCount=1, IterationCount=3, LaunchCount=1, UnrollFactor=1, WarmupCount=3) [Sessions=100]
Runtime = .NET 10.0.12 (10.0.12, 10.0.1226.42308), X64 RyuJIT x86-64-v4; GC = Concurrent Workstation
Mean = 10.572 ms, StdErr = 0.102 ms (0.96%), N = 3, StdDev = 0.176 ms
Min = 10.409 ms, Q1 = 10.478 ms, Median = 10.547 ms, Q3 = 10.653 ms, Max = 10.759 ms
IQR = 0.175 ms, LowerFence = 10.216 ms, UpperFence = 10.915 ms
ConfidenceInterval = [7.360 ms; 13.783 ms] (CI 99.9%), Margin = 3.211 ms (30.38% of Mean)
Skewness = 0.14, Kurtosis = 0.67, MValue = 2
-------------------- Histogram --------------------
[10.318 ms ; 10.638 ms) | @@
[10.638 ms ; 10.919 ms) | @
---------------------------------------------------

SessionSetupDecompositionBenchmarks.StageT3_ExpiryRetireInsideAsync: ShortRun(InvocationCount=1, IterationCount=3, LaunchCount=1, UnrollFactor=1, WarmupCount=3) [Sessions=100]
Runtime = .NET 10.0.12 (10.0.12, 10.0.1226.42308), X64 RyuJIT x86-64-v4; GC = Concurrent Workstation
Mean = 53.075 ms, StdErr = 1.037 ms (1.95%), N = 3, StdDev = 1.796 ms
Min = 51.959 ms, Q1 = 52.039 ms, Median = 52.120 ms, Q3 = 53.633 ms, Max = 55.146 ms
IQR = 1.594 ms, LowerFence = 49.649 ms, UpperFence = 56.023 ms
ConfidenceInterval = [20.318 ms; 85.832 ms] (CI 99.9%), Margin = 32.757 ms (61.72% of Mean)
Skewness = 0.38, Kurtosis = 0.67, MValue = 2
-------------------- Histogram --------------------
[51.918 ms ; 55.186 ms) | @@@
---------------------------------------------------

SessionSetupDecompositionBenchmarks.StageT5_NonThrowingParkTeardownAsync: ShortRun(InvocationCount=1, IterationCount=3, LaunchCount=1, UnrollFactor=1, WarmupCount=3) [Sessions=100]
Runtime = .NET 10.0.12 (10.0.12, 10.0.1226.42308), X64 RyuJIT x86-64-v4; GC = Concurrent Workstation
Mean = 1.657 ms, StdErr = 0.295 ms (17.79%), N = 3, StdDev = 0.511 ms
Min = 1.240 ms, Q1 = 1.373 ms, Median = 1.505 ms, Q3 = 1.866 ms, Max = 2.227 ms
IQR = 0.493 ms, LowerFence = 0.633 ms, UpperFence = 2.606 ms
ConfidenceInterval = [-7.659 ms; 10.973 ms] (CI 99.9%), Margin = 9.316 ms (562.11% of Mean)
Skewness = 0.27, Kurtosis = 0.67, MValue = 2
-------------------- Histogram --------------------
[0.908 ms ; 1.837 ms) | @@
[1.837 ms ; 2.692 ms) | @
---------------------------------------------------

SessionSetupDecompositionBenchmarks.BaselineF_FakeTransportCreationAsync: ShortRun(InvocationCount=1, IterationCount=3, LaunchCount=1, UnrollFactor=1, WarmupCount=3) [Sessions=100]
Runtime = .NET 10.0.12 (10.0.12, 10.0.1226.42308), X64 RyuJIT x86-64-v4; GC = Concurrent Workstation
Mean = 31.532 us, StdErr = 11.798 us (37.42%), N = 3, StdDev = 20.435 us
Min = 19.589 us, Q1 = 19.734 us, Median = 19.879 us, Q3 = 37.503 us, Max = 55.127 us
IQR = 17.769 us, LowerFence = -6.920 us, UpperFence = 64.156 us
ConfidenceInterval = [-341.273 us; 404.336 us] (CI 99.9%), Margin = 372.804 us (1182.32% of Mean)
Skewness = 0.38, Kurtosis = 0.67, MValue = 2
-------------------- Histogram --------------------
[18.762 us ; 55.954 us) | @@@
---------------------------------------------------

SessionSetupDecompositionBenchmarks.BaselineH_FlowKeyConstruction: ShortRun(InvocationCount=1, IterationCount=3, LaunchCount=1, UnrollFactor=1, WarmupCount=3) [Sessions=100]
Runtime = .NET 10.0.12 (10.0.12, 10.0.1226.42308), X64 RyuJIT x86-64-v4; GC = Concurrent Workstation
Mean = 119.921 us, StdErr = 10.337 us (8.62%), N = 3, StdDev = 17.904 us
Min = 102.440 us, Q1 = 110.772 us, Median = 119.103 us, Q3 = 128.661 us, Max = 138.220 us
IQR = 17.890 us, LowerFence = 83.936 us, UpperFence = 155.496 us
ConfidenceInterval = [-206.715 us; 446.557 us] (CI 99.9%), Margin = 326.636 us (272.38% of Mean)
Skewness = 0.05, Kurtosis = 0.67, MValue = 2
-------------------- Histogram --------------------
[ 94.478 us ; 127.065 us) | @@
[127.065 us ; 154.513 us) | @
---------------------------------------------------

SessionSetupDecompositionBenchmarks.ComponentC1_AssociationClaimRelease: ShortRun(InvocationCount=1, IterationCount=3, LaunchCount=1, UnrollFactor=1, WarmupCount=3) [Sessions=100]
Runtime = .NET 10.0.12 (10.0.12, 10.0.1226.42308), X64 RyuJIT x86-64-v4; GC = Concurrent Workstation
Mean = 358.100 us, StdErr = 26.969 us (7.53%), N = 3, StdDev = 46.711 us
Min = 322.130 us, Q1 = 331.704 us, Median = 341.277 us, Q3 = 376.085 us, Max = 410.892 us
IQR = 44.381 us, LowerFence = 265.132 us, UpperFence = 442.656 us
ConfidenceInterval = [-494.084 us; 1,210.284 us] (CI 99.9%), Margin = 852.184 us (237.97% of Mean)
Skewness = 0.31, Kurtosis = 0.67, MValue = 2
-------------------- Histogram --------------------
[289.195 us ; 374.213 us) | @@
[374.213 us ; 453.401 us) | @
---------------------------------------------------

SessionSetupDecompositionBenchmarks.ComponentC2_SessionConstructStartAsync: ShortRun(InvocationCount=1, IterationCount=3, LaunchCount=1, UnrollFactor=1, WarmupCount=3) [Sessions=100]
Runtime = .NET 10.0.12 (10.0.12, 10.0.1226.42308), X64 RyuJIT x86-64-v4; GC = Concurrent Workstation
Mean = 586.161 us, StdErr = 60.026 us (10.24%), N = 3, StdDev = 103.968 us
Min = 482.232 us, Q1 = 534.159 us, Median = 586.085 us, Q3 = 638.126 us, Max = 690.167 us
IQR = 103.968 us, LowerFence = 378.207 us, UpperFence = 794.077 us
ConfidenceInterval = [-1,310.593 us; 2,482.916 us] (CI 99.9%), Margin = 1,896.755 us (323.59% of Mean)
Skewness = 0, Kurtosis = 0.67, MValue = 2
-------------------- Histogram --------------------
[439.544 us ; 628.773 us) | @@
[628.773 us ; 784.781 us) | @
---------------------------------------------------

SessionSetupDecompositionBenchmarks.ComponentC2a1_ContextRecordStaticLambda: ShortRun(InvocationCount=1, IterationCount=3, LaunchCount=1, UnrollFactor=1, WarmupCount=3) [Sessions=100]
Runtime = .NET 10.0.12 (10.0.12, 10.0.1226.42308), X64 RyuJIT x86-64-v4; GC = Concurrent Workstation
Mean = 115.066 us, StdErr = 50.760 us (44.11%), N = 3, StdDev = 87.919 us
Min = 56.364 us, Q1 = 64.525 us, Median = 72.686 us, Q3 = 144.417 us, Max = 216.147 us
IQR = 79.891 us, LowerFence = -55.312 us, UpperFence = 264.254 us
ConfidenceInterval = [-1,488.897 us; 1,719.028 us] (CI 99.9%), Margin = 1,603.962 us (1393.95% of Mean)
Skewness = 0.37, Kurtosis = 0.67, MValue = 2
-------------------- Histogram --------------------
[56.246 us ; 216.265 us) | @@@
---------------------------------------------------

SessionSetupDecompositionBenchmarks.ComponentC2a2_ContextRecordMethodGroup: ShortRun(InvocationCount=1, IterationCount=3, LaunchCount=1, UnrollFactor=1, WarmupCount=3) [Sessions=100]
Runtime = .NET 10.0.12 (10.0.12, 10.0.1226.42308), X64 RyuJIT x86-64-v4; GC = Concurrent Workstation
Mean = 51.332 us, StdErr = 18.205 us (35.46%), N = 3, StdDev = 31.531 us
Min = 31.276 us, Q1 = 33.160 us, Median = 35.044 us, Q3 = 61.360 us, Max = 87.677 us
IQR = 28.200 us, LowerFence = -9.140 us, UpperFence = 103.660 us
ConfidenceInterval = [-523.918 us; 626.583 us] (CI 99.9%), Margin = 575.250 us (1120.64% of Mean)
Skewness = 0.38, Kurtosis = 0.67, MValue = 2
-------------------- Histogram --------------------
[30.782 us ; 88.171 us) | @@@
---------------------------------------------------

SessionSetupDecompositionBenchmarks.ComponentC2b_SessionConstructOnly: ShortRun(InvocationCount=1, IterationCount=3, LaunchCount=1, UnrollFactor=1, WarmupCount=3) [Sessions=100]
Runtime = .NET 10.0.12 (10.0.12, 10.0.1226.42308), X64 RyuJIT x86-64-v4; GC = Concurrent Workstation
Mean = 325.048 us, StdErr = 59.769 us (18.39%), N = 3, StdDev = 103.523 us
Min = 257.313 us, Q1 = 265.464 us, Median = 273.615 us, Q3 = 358.915 us, Max = 444.215 us
IQR = 93.451 us, LowerFence = 125.287 us, UpperFence = 499.091 us
ConfidenceInterval = [-1,563.603 us; 2,213.698 us] (CI 99.9%), Margin = 1,888.651 us (581.04% of Mean)
Skewness = 0.37, Kurtosis = 0.67, MValue = 2
-------------------- Histogram --------------------
[256.554 us ; 444.974 us) | @@@
---------------------------------------------------

SessionSetupDecompositionBenchmarks.ComponentC2c1_ScopeConstructLinked: ShortRun(InvocationCount=1, IterationCount=3, LaunchCount=1, UnrollFactor=1, WarmupCount=3) [Sessions=100]
Runtime = .NET 10.0.12 (10.0.12, 10.0.1226.42308), X64 RyuJIT x86-64-v4; GC = Concurrent Workstation
Mean = 28.972 us, StdErr = 15.385 us (53.10%), N = 3, StdDev = 26.648 us
Min = 12.921 us, Q1 = 13.592 us, Median = 14.264 us, Q3 = 36.998 us, Max = 59.733 us
IQR = 23.406 us, LowerFence = -21.517 us, UpperFence = 72.107 us
ConfidenceInterval = [-457.181 us; 515.125 us] (CI 99.9%), Margin = 486.153 us (1678.00% of Mean)
Skewness = 0.38, Kurtosis = 0.67, MValue = 2
-------------------- Histogram --------------------
[12.076 us ; 60.577 us) | @@@
---------------------------------------------------

SessionSetupDecompositionBenchmarks.ComponentC2c2_ScopeConstructUnlinked: ShortRun(InvocationCount=1, IterationCount=3, LaunchCount=1, UnrollFactor=1, WarmupCount=3) [Sessions=100]
Runtime = .NET 10.0.12 (10.0.12, 10.0.1226.42308), X64 RyuJIT x86-64-v4; GC = Concurrent Workstation
Mean = 19.303 us, StdErr = 8.774 us (45.46%), N = 3, StdDev = 15.197 us
Min = 9.173 us, Q1 = 10.566 us, Median = 11.958 us, Q3 = 24.367 us, Max = 36.777 us
IQR = 13.802 us, LowerFence = -10.137 us, UpperFence = 45.071 us
ConfidenceInterval = [-257.950 us; 296.555 us] (CI 99.9%), Margin = 277.253 us (1436.34% of Mean)
Skewness = 0.37, Kurtosis = 0.67, MValue = 2
-------------------- Histogram --------------------
[9.145 us ; 36.805 us) | @@@
---------------------------------------------------

SessionSetupDecompositionBenchmarks.ComponentC2e_LockConstruction: ShortRun(InvocationCount=1, IterationCount=3, LaunchCount=1, UnrollFactor=1, WarmupCount=3) [Sessions=100]
Runtime = .NET 10.0.12 (10.0.12, 10.0.1226.42308), X64 RyuJIT x86-64-v4; GC = Concurrent Workstation
Mean = 10.073 us, StdErr = 5.038 us (50.02%), N = 3, StdDev = 8.726 us
Min = 5.010 us, Q1 = 5.035 us, Median = 5.060 us, Q3 = 12.604 us, Max = 20.149 us
IQR = 7.569 us, LowerFence = -6.319 us, UpperFence = 23.959 us
ConfidenceInterval = [-149.124 us; 169.270 us] (CI 99.9%), Margin = 159.197 us (1580.43% of Mean)
Skewness = 0.38, Kurtosis = 0.67, MValue = 2
-------------------- Histogram --------------------
[4.638 us ; 20.521 us) | @@@
---------------------------------------------------

SessionSetupDecompositionBenchmarks.ComponentC2e_TaskCompletionSourceConstruction: ShortRun(InvocationCount=1, IterationCount=3, LaunchCount=1, UnrollFactor=1, WarmupCount=3) [Sessions=100]
Runtime = .NET 10.0.12 (10.0.12, 10.0.1226.42308), X64 RyuJIT x86-64-v4; GC = Concurrent Workstation
Mean = 16.660 us, StdErr = 10.083 us (60.52%), N = 3, StdDev = 17.464 us
Min = 6.037 us, Q1 = 6.582 us, Median = 7.128 us, Q3 = 21.973 us, Max = 36.816 us
IQR = 15.390 us, LowerFence = -16.503 us, UpperFence = 45.057 us
ConfidenceInterval = [-301.951 us; 335.272 us] (CI 99.9%), Margin = 318.611 us (1912.37% of Mean)
Skewness = 0.38, Kurtosis = 0.67, MValue = 2
-------------------- Histogram --------------------
[5.533 us ; 37.320 us) | @@@
---------------------------------------------------

SessionSetupDecompositionBenchmarks.ComponentC2e_LinkedTokenSourceConstruction: ShortRun(InvocationCount=1, IterationCount=3, LaunchCount=1, UnrollFactor=1, WarmupCount=3) [Sessions=100]
Runtime = .NET 10.0.12 (10.0.12, 10.0.1226.42308), X64 RyuJIT x86-64-v4; GC = Concurrent Workstation
Mean = 25.561 us, StdErr = 12.376 us (48.42%), N = 3, StdDev = 21.436 us
Min = 13.161 us, Q1 = 13.185 us, Median = 13.210 us, Q3 = 31.762 us, Max = 50.313 us
IQR = 18.576 us, LowerFence = -14.679 us, UpperFence = 59.627 us
ConfidenceInterval = [-365.509 us; 416.632 us] (CI 99.9%), Margin = 391.070 us (1529.92% of Mean)
Skewness = 0.38, Kurtosis = 0.67, MValue = 2
-------------------- Histogram --------------------
[12.230 us ; 51.244 us) | @@@
---------------------------------------------------

SessionSetupDecompositionBenchmarks.StageS0_CoordinatorOnly: ShortRun(InvocationCount=1, IterationCount=3, LaunchCount=1, UnrollFactor=1, WarmupCount=3) [Sessions=1000]
Runtime = .NET 10.0.12 (10.0.12, 10.0.1226.42308), X64 RyuJIT x86-64-v4; GC = Concurrent Workstation
Mean = 101.301 us, StdErr = 30.496 us (30.10%), N = 3, StdDev = 52.821 us
Min = 60.288 us, Q1 = 71.499 us, Median = 82.711 us, Q3 = 121.808 us, Max = 160.904 us
IQR = 50.308 us, LowerFence = -3.962 us, UpperFence = 197.269 us
ConfidenceInterval = [-862.355 us; 1,064.957 us] (CI 99.9%), Margin = 963.656 us (951.28% of Mean)
Skewness = 0.31, Kurtosis = 0.67, MValue = 2
-------------------- Histogram --------------------
[ 23.430 us ; 119.569 us) | @@
[119.569 us ; 208.973 us) | @
---------------------------------------------------

SessionSetupDecompositionBenchmarks.StageS1_AdmissionOnlyAsync: ShortRun(InvocationCount=1, IterationCount=3, LaunchCount=1, UnrollFactor=1, WarmupCount=3) [Sessions=1000]
Runtime = .NET 10.0.12 (10.0.12, 10.0.1226.42308), X64 RyuJIT x86-64-v4; GC = Concurrent Workstation
Mean = 2.722 ms, StdErr = 0.206 ms (7.58%), N = 3, StdDev = 0.357 ms
Min = 2.396 ms, Q1 = 2.531 ms, Median = 2.666 ms, Q3 = 2.885 ms, Max = 3.104 ms
IQR = 0.354 ms, LowerFence = 2.000 ms, UpperFence = 3.416 ms
ConfidenceInterval = [-3.799 ms; 9.242 ms] (CI 99.9%), Margin = 6.520 ms (239.56% of Mean)
Skewness = 0.15, Kurtosis = 0.67, MValue = 2
-------------------- Histogram --------------------
[2.205 ms ; 2.856 ms) | @@
[2.856 ms ; 3.429 ms) | @
---------------------------------------------------

SessionSetupDecompositionBenchmarks.StageS2_SetupStartedAsync: ShortRun(InvocationCount=1, IterationCount=3, LaunchCount=1, UnrollFactor=1, WarmupCount=3) [Sessions=1000]
Runtime = .NET 10.0.12 (10.0.12, 10.0.1226.42308), X64 RyuJIT x86-64-v4; GC = Concurrent Workstation
Mean = 81.567 ms, StdErr = 0.217 ms (0.27%), N = 3, StdDev = 0.376 ms
Min = 81.181 ms, Q1 = 81.384 ms, Median = 81.587 ms, Q3 = 81.760 ms, Max = 81.932 ms
IQR = 0.376 ms, LowerFence = 80.821 ms, UpperFence = 82.323 ms
ConfidenceInterval = [74.709 ms; 88.425 ms] (CI 99.9%), Margin = 6.858 ms (8.41% of Mean)
Skewness = -0.05, Kurtosis = 0.67, MValue = 2
-------------------- Histogram --------------------
[80.839 ms ; 82.275 ms) | @@@
---------------------------------------------------

SessionSetupDecompositionBenchmarks.StageS3_PipelineNoPayloadAsync: ShortRun(InvocationCount=1, IterationCount=3, LaunchCount=1, UnrollFactor=1, WarmupCount=3) [Sessions=1000]
Runtime = .NET 10.0.12 (10.0.12, 10.0.1226.42308), X64 RyuJIT x86-64-v4; GC = Concurrent Workstation
Mean = 72.761 ms, StdErr = 2.946 ms (4.05%), N = 3, StdDev = 5.102 ms
Min = 67.159 ms, Q1 = 70.571 ms, Median = 73.982 ms, Q3 = 75.562 ms, Max = 77.142 ms
IQR = 4.991 ms, LowerFence = 63.083 ms, UpperFence = 83.049 ms
ConfidenceInterval = [-20.323 ms; 165.845 ms] (CI 99.9%), Margin = 93.084 ms (127.93% of Mean)
Skewness = -0.23, Kurtosis = 0.67, MValue = 2
-------------------- Histogram --------------------
[62.516 ms ; 70.919 ms) | @
[70.919 ms ; 81.785 ms) | @@
---------------------------------------------------

SessionSetupDecompositionBenchmarks.StageS4_ReadinessTeardownOutsideAsync: ShortRun(InvocationCount=1, IterationCount=3, LaunchCount=1, UnrollFactor=1, WarmupCount=3) [Sessions=1000]
Runtime = .NET 10.0.12 (10.0.12, 10.0.1226.42308), X64 RyuJIT x86-64-v4; GC = Concurrent Workstation
Mean = 78.621 ms, StdErr = 7.242 ms (9.21%), N = 3, StdDev = 12.543 ms
Min = 69.990 ms, Q1 = 71.427 ms, Median = 72.865 ms, Q3 = 82.937 ms, Max = 93.009 ms
IQR = 11.510 ms, LowerFence = 54.163 ms, UpperFence = 100.201 ms
ConfidenceInterval = [-150.206 ms; 307.448 ms] (CI 99.9%), Margin = 228.827 ms (291.05% of Mean)
Skewness = 0.36, Kurtosis = 0.67, MValue = 2
-------------------- Histogram --------------------
[58.575 ms ;  82.842 ms) | @@
[82.842 ms ; 104.423 ms) | @
---------------------------------------------------

SessionSetupDecompositionBenchmarks.StageS5_ReadinessTeardownInsideAsync: ShortRun(InvocationCount=1, IterationCount=3, LaunchCount=1, UnrollFactor=1, WarmupCount=3) [Sessions=1000]
Runtime = .NET 10.0.12 (10.0.12, 10.0.1226.42308), X64 RyuJIT x86-64-v4; GC = Concurrent Workstation
Mean = 102.649 ms, StdErr = 6.200 ms (6.04%), N = 3, StdDev = 10.739 ms
Min = 90.315 ms, Q1 = 99.010 ms, Median = 107.704 ms, Q3 = 108.816 ms, Max = 109.927 ms
IQR = 9.806 ms, LowerFence = 84.301 ms, UpperFence = 123.525 ms
ConfidenceInterval = [-93.269 ms; 298.567 ms] (CI 99.9%), Margin = 195.918 ms (190.86% of Mean)
Skewness = -0.37, Kurtosis = 0.67, MValue = 2
-------------------- Histogram --------------------
[80.542 ms ;  99.043 ms) | @
[99.043 ms ; 119.700 ms) | @@
---------------------------------------------------

SessionSetupDecompositionBenchmarks.StageT1_SessionTeardownInsideAsync: ShortRun(InvocationCount=1, IterationCount=3, LaunchCount=1, UnrollFactor=1, WarmupCount=3) [Sessions=1000]
Runtime = .NET 10.0.12 (10.0.12, 10.0.1226.42308), X64 RyuJIT x86-64-v4; GC = Concurrent Workstation
Mean = 51.249 ms, StdErr = 10.864 ms (21.20%), N = 3, StdDev = 18.817 ms
Min = 37.945 ms, Q1 = 40.484 ms, Median = 43.022 ms, Q3 = 57.901 ms, Max = 72.779 ms
IQR = 17.417 ms, LowerFence = 14.359 ms, UpperFence = 84.026 ms
ConfidenceInterval = [-292.051 ms; 394.548 ms] (CI 99.9%), Margin = 343.299 ms (669.87% of Mean)
Skewness = 0.35, Kurtosis = 0.67, MValue = 2
-------------------- Histogram --------------------
[20.821 ms ; 57.608 ms) | @@
[57.608 ms ; 89.903 ms) | @
---------------------------------------------------

SessionSetupDecompositionBenchmarks.StageT3_ExpiryRetireInsideAsync: ShortRun(InvocationCount=1, IterationCount=3, LaunchCount=1, UnrollFactor=1, WarmupCount=3) [Sessions=1000]
Runtime = .NET 10.0.12 (10.0.12, 10.0.1226.42308), X64 RyuJIT x86-64-v4; GC = Concurrent Workstation
Mean = 140.877 ms, StdErr = 12.772 ms (9.07%), N = 3, StdDev = 22.121 ms
Min = 127.612 ms, Q1 = 128.108 ms, Median = 128.605 ms, Q3 = 147.509 ms, Max = 166.413 ms
IQR = 19.401 ms, LowerFence = 99.007 ms, UpperFence = 176.610 ms
ConfidenceInterval = [-262.693 ms; 544.446 ms] (CI 99.9%), Margin = 403.570 ms (286.47% of Mean)
Skewness = 0.38, Kurtosis = 0.67, MValue = 2
-------------------- Histogram --------------------
[126.882 ms ; 167.144 ms) | @@@
---------------------------------------------------

SessionSetupDecompositionBenchmarks.StageT5_NonThrowingParkTeardownAsync: ShortRun(InvocationCount=1, IterationCount=3, LaunchCount=1, UnrollFactor=1, WarmupCount=3) [Sessions=1000]
Runtime = .NET 10.0.12 (10.0.12, 10.0.1226.42308), X64 RyuJIT x86-64-v4; GC = Concurrent Workstation
Mean = 9.455 ms, StdErr = 1.051 ms (11.12%), N = 3, StdDev = 1.821 ms
Min = 7.813 ms, Q1 = 8.476 ms, Median = 9.140 ms, Q3 = 10.277 ms, Max = 11.414 ms
IQR = 1.800 ms, LowerFence = 5.776 ms, UpperFence = 12.977 ms
ConfidenceInterval = [-23.767 ms; 42.678 ms] (CI 99.9%), Margin = 33.223 ms (351.36% of Mean)
Skewness = 0.17, Kurtosis = 0.67, MValue = 2
-------------------- Histogram --------------------
[ 6.819 ms ; 10.134 ms) | @@
[10.134 ms ; 13.071 ms) | @
---------------------------------------------------

SessionSetupDecompositionBenchmarks.BaselineF_FakeTransportCreationAsync: ShortRun(InvocationCount=1, IterationCount=3, LaunchCount=1, UnrollFactor=1, WarmupCount=3) [Sessions=1000]
Runtime = .NET 10.0.12 (10.0.12, 10.0.1226.42308), X64 RyuJIT x86-64-v4; GC = Concurrent Workstation
Mean = 175.769 us, StdErr = 31.213 us (17.76%), N = 3, StdDev = 54.063 us
Min = 120.211 us, Q1 = 149.553 us, Median = 178.895 us, Q3 = 203.548 us, Max = 228.201 us
IQR = 53.995 us, LowerFence = 68.561 us, UpperFence = 284.541 us
ConfidenceInterval = [-810.538 us; 1,162.076 us] (CI 99.9%), Margin = 986.307 us (561.14% of Mean)
Skewness = -0.06, Kurtosis = 0.67, MValue = 2
-------------------- Histogram --------------------
[ 71.012 us ; 154.349 us) | @
[154.349 us ; 252.747 us) | @@
---------------------------------------------------

SessionSetupDecompositionBenchmarks.BaselineH_FlowKeyConstruction: ShortRun(InvocationCount=1, IterationCount=3, LaunchCount=1, UnrollFactor=1, WarmupCount=3) [Sessions=1000]
Runtime = .NET 10.0.12 (10.0.12, 10.0.1226.42308), X64 RyuJIT x86-64-v4; GC = Concurrent Workstation
Mean = 657.268 us, StdErr = 10.754 us (1.64%), N = 3, StdDev = 18.626 us
Min = 635.816 us, Q1 = 651.236 us, Median = 666.657 us, Q3 = 667.995 us, Max = 669.332 us
IQR = 16.758 us, LowerFence = 626.100 us, UpperFence = 693.131 us
ConfidenceInterval = [317.454 us; 997.082 us] (CI 99.9%), Margin = 339.814 us (51.70% of Mean)
Skewness = -0.38, Kurtosis = 0.67, MValue = 2
-------------------- Histogram --------------------
[635.623 us ; 669.525 us) | @@@
---------------------------------------------------

SessionSetupDecompositionBenchmarks.ComponentC1_AssociationClaimRelease: ShortRun(InvocationCount=1, IterationCount=3, LaunchCount=1, UnrollFactor=1, WarmupCount=3) [Sessions=1000]
Runtime = .NET 10.0.12 (10.0.12, 10.0.1226.42308), X64 RyuJIT x86-64-v4; GC = Concurrent Workstation
Mean = 3.340 ms, StdErr = 0.114 ms (3.42%), N = 3, StdDev = 0.198 ms
Min = 3.208 ms, Q1 = 3.226 ms, Median = 3.243 ms, Q3 = 3.405 ms, Max = 3.567 ms
IQR = 0.179 ms, LowerFence = 2.957 ms, UpperFence = 3.675 ms
ConfidenceInterval = [-0.271 ms; 6.950 ms] (CI 99.9%), Margin = 3.611 ms (108.11% of Mean)
Skewness = 0.37, Kurtosis = 0.67, MValue = 2
-------------------- Histogram --------------------
[3.208 ms ; 3.568 ms) | @@@
---------------------------------------------------

SessionSetupDecompositionBenchmarks.ComponentC2_SessionConstructStartAsync: ShortRun(InvocationCount=1, IterationCount=3, LaunchCount=1, UnrollFactor=1, WarmupCount=3) [Sessions=1000]
Runtime = .NET 10.0.12 (10.0.12, 10.0.1226.42308), X64 RyuJIT x86-64-v4; GC = Concurrent Workstation
Mean = 4.904 ms, StdErr = 0.438 ms (8.93%), N = 3, StdDev = 0.758 ms
Min = 4.095 ms, Q1 = 4.557 ms, Median = 5.019 ms, Q3 = 5.309 ms, Max = 5.599 ms
IQR = 0.752 ms, LowerFence = 3.429 ms, UpperFence = 6.437 ms
ConfidenceInterval = [-8.933 ms; 18.741 ms] (CI 99.9%), Margin = 13.837 ms (282.15% of Mean)
Skewness = -0.15, Kurtosis = 0.67, MValue = 2
-------------------- Histogram --------------------
[3.405 ms ; 4.619 ms) | @
[4.619 ms ; 5.999 ms) | @@
---------------------------------------------------

SessionSetupDecompositionBenchmarks.ComponentC2a1_ContextRecordStaticLambda: ShortRun(InvocationCount=1, IterationCount=3, LaunchCount=1, UnrollFactor=1, WarmupCount=3) [Sessions=1000]
Runtime = .NET 10.0.12 (10.0.12, 10.0.1226.42308), X64 RyuJIT x86-64-v4; GC = Concurrent Workstation
Mean = 80.260 us, StdErr = 3.068 us (3.82%), N = 3, StdDev = 5.314 us
Min = 75.358 us, Q1 = 77.436 us, Median = 79.516 us, Q3 = 82.712 us, Max = 85.907 us
IQR = 5.275 us, LowerFence = 69.524 us, UpperFence = 90.624 us
ConfidenceInterval = [-16.692 us; 177.212 us] (CI 99.9%), Margin = 96.952 us (120.80% of Mean)
Skewness = 0.14, Kurtosis = 0.67, MValue = 2
-------------------- Histogram --------------------
[72.600 us ; 82.273 us) | @@
[82.273 us ; 90.744 us) | @
---------------------------------------------------

SessionSetupDecompositionBenchmarks.ComponentC2a2_ContextRecordMethodGroup: ShortRun(InvocationCount=1, IterationCount=3, LaunchCount=1, UnrollFactor=1, WarmupCount=3) [Sessions=1000]
Runtime = .NET 10.0.12 (10.0.12, 10.0.1226.42308), X64 RyuJIT x86-64-v4; GC = Concurrent Workstation
Mean = 104.011 us, StdErr = 19.062 us (18.33%), N = 3, StdDev = 33.016 us
Min = 84.406 us, Q1 = 84.951 us, Median = 85.498 us, Q3 = 113.814 us, Max = 142.130 us
IQR = 28.862 us, LowerFence = 41.658 us, UpperFence = 157.107 us
ConfidenceInterval = [-498.328 us; 706.350 us] (CI 99.9%), Margin = 602.339 us (579.11% of Mean)
Skewness = 0.38, Kurtosis = 0.67, MValue = 2
-------------------- Histogram --------------------
[83.222 us ; 143.313 us) | @@@
---------------------------------------------------

SessionSetupDecompositionBenchmarks.ComponentC2b_SessionConstructOnly: ShortRun(InvocationCount=1, IterationCount=3, LaunchCount=1, UnrollFactor=1, WarmupCount=3) [Sessions=1000]
Runtime = .NET 10.0.12 (10.0.12, 10.0.1226.42308), X64 RyuJIT x86-64-v4; GC = Concurrent Workstation
Mean = 2.643 ms, StdErr = 0.371 ms (14.03%), N = 3, StdDev = 0.642 ms
Min = 2.250 ms, Q1 = 2.272 ms, Median = 2.295 ms, Q3 = 2.839 ms, Max = 3.384 ms
IQR = 0.567 ms, LowerFence = 1.422 ms, UpperFence = 3.690 ms
ConfidenceInterval = [-9.072 ms; 14.358 ms] (CI 99.9%), Margin = 11.715 ms (443.29% of Mean)
Skewness = 0.38, Kurtosis = 0.67, MValue = 2
-------------------- Histogram --------------------
[2.232 ms ; 3.401 ms) | @@@
---------------------------------------------------

SessionSetupDecompositionBenchmarks.ComponentC2c1_ScopeConstructLinked: ShortRun(InvocationCount=1, IterationCount=3, LaunchCount=1, UnrollFactor=1, WarmupCount=3) [Sessions=1000]
Runtime = .NET 10.0.12 (10.0.12, 10.0.1226.42308), X64 RyuJIT x86-64-v4; GC = Concurrent Workstation
Mean = 100.443 us, StdErr = 31.002 us (30.87%), N = 3, StdDev = 53.696 us
Min = 68.123 us, Q1 = 69.451 us, Median = 70.778 us, Q3 = 116.603 us, Max = 162.427 us
IQR = 47.152 us, LowerFence = -1.278 us, UpperFence = 187.331 us
ConfidenceInterval = [-879.180 us; 1,080.065 us] (CI 99.9%), Margin = 979.623 us (975.31% of Mean)
Skewness = 0.38, Kurtosis = 0.67, MValue = 2
-------------------- Histogram --------------------
[66.409 us ; 164.141 us) | @@@
---------------------------------------------------

SessionSetupDecompositionBenchmarks.ComponentC2c2_ScopeConstructUnlinked: ShortRun(InvocationCount=1, IterationCount=3, LaunchCount=1, UnrollFactor=1, WarmupCount=3) [Sessions=1000]
Runtime = .NET 10.0.12 (10.0.12, 10.0.1226.42308), X64 RyuJIT x86-64-v4; GC = Concurrent Workstation
Mean = 42.937 us, StdErr = 8.611 us (20.06%), N = 3, StdDev = 14.915 us
Min = 33.756 us, Q1 = 34.332 us, Median = 34.908 us, Q3 = 47.528 us, Max = 60.147 us
IQR = 13.195 us, LowerFence = 14.539 us, UpperFence = 67.321 us
ConfidenceInterval = [-229.176 us; 315.050 us] (CI 99.9%), Margin = 272.113 us (633.75% of Mean)
Skewness = 0.38, Kurtosis = 0.67, MValue = 2
-------------------- Histogram --------------------
[33.378 us ; 60.525 us) | @@@
---------------------------------------------------

SessionSetupDecompositionBenchmarks.ComponentC2e_LockConstruction: ShortRun(InvocationCount=1, IterationCount=3, LaunchCount=1, UnrollFactor=1, WarmupCount=3) [Sessions=1000]
Runtime = .NET 10.0.12 (10.0.12, 10.0.1226.42308), X64 RyuJIT x86-64-v4; GC = Concurrent Workstation
Mean = 45.261 us, StdErr = 24.480 us (54.09%), N = 3, StdDev = 42.400 us
Min = 20.735 us, Q1 = 20.781 us, Median = 20.826 us, Q3 = 57.523 us, Max = 94.219 us
IQR = 36.742 us, LowerFence = -34.332 us, UpperFence = 112.636 us
ConfidenceInterval = [-728.269 us; 818.790 us] (CI 99.9%), Margin = 773.529 us (1709.06% of Mean)
Skewness = 0.38, Kurtosis = 0.67, MValue = 2
-------------------- Histogram --------------------
[18.892 us ; 96.063 us) | @@@
---------------------------------------------------

SessionSetupDecompositionBenchmarks.ComponentC2e_TaskCompletionSourceConstruction: ShortRun(InvocationCount=1, IterationCount=3, LaunchCount=1, UnrollFactor=1, WarmupCount=3) [Sessions=1000]
Runtime = .NET 10.0.12 (10.0.12, 10.0.1226.42308), X64 RyuJIT x86-64-v4; GC = Concurrent Workstation
Mean = 65.240 us, StdErr = 31.000 us (47.52%), N = 3, StdDev = 53.694 us
Min = 33.756 us, Q1 = 34.242 us, Median = 34.727 us, Q3 = 80.983 us, Max = 127.238 us
IQR = 46.741 us, LowerFence = -35.870 us, UpperFence = 151.094 us
ConfidenceInterval = [-914.334 us; 1,044.814 us] (CI 99.9%), Margin = 979.574 us (1501.49% of Mean)
Skewness = 0.38, Kurtosis = 0.67, MValue = 2
-------------------- Histogram --------------------
[31.634 us ; 129.360 us) | @@@
---------------------------------------------------

SessionSetupDecompositionBenchmarks.ComponentC2e_LinkedTokenSourceConstruction: ShortRun(InvocationCount=1, IterationCount=3, LaunchCount=1, UnrollFactor=1, WarmupCount=3) [Sessions=1000]
Runtime = .NET 10.0.12 (10.0.12, 10.0.1226.42308), X64 RyuJIT x86-64-v4; GC = Concurrent Workstation
Mean = 114.991 us, StdErr = 48.672 us (42.33%), N = 3, StdDev = 84.302 us
Min = 66.079 us, Q1 = 66.320 us, Median = 66.560 us, Q3 = 139.447 us, Max = 212.335 us
IQR = 73.128 us, LowerFence = -43.373 us, UpperFence = 249.139 us
ConfidenceInterval = [-1,422.999 us; 1,652.982 us] (CI 99.9%), Margin = 1,537.990 us (1337.48% of Mean)
Skewness = 0.38, Kurtosis = 0.67, MValue = 2
-------------------- Histogram --------------------
[62.489 us ; 215.925 us) | @@@
---------------------------------------------------

// * Summary *

BenchmarkDotNet v0.15.8, Linux NixOS 26.11 (Zokor)
AMD Ryzen 9 9955HX 2.43GHz, 1 CPU, 32 logical and 16 physical cores
.NET SDK 10.0.401
  [Host]   : .NET 10.0.12 (10.0.12, 10.0.1226.42308), X64 RyuJIT x86-64-v4
  ShortRun : .NET 10.0.12 (10.0.12, 10.0.1226.42308), X64 RyuJIT x86-64-v4

Job=ShortRun  InvocationCount=1  IterationCount=3  
LaunchCount=1  UnrollFactor=1  WarmupCount=3  

| Method                                        | Sessions | Mean           | Error          | StdDev         | Median         | Allocated |
|---------------------------------------------- |--------- |---------------:|---------------:|---------------:|---------------:|----------:|
| StageS0_CoordinatorOnly                       | 1        |      27.755 us |     463.853 us |     25.4253 us |      13.797 us |    8280 B |
| StageS1_AdmissionOnlyAsync                    | 1        |      42.879 us |     324.613 us |     17.7931 us |      33.811 us |    7176 B |
| StageS2_SetupStartedAsync                     | 1        |  71,955.472 us |  16,365.791 us |    897.0643 us |  71,462.655 us |   34824 B |
| StageS3_PipelineNoPayloadAsync                | 1        |  30,152.669 us |   6,475.968 us |    354.9696 us |  30,043.549 us |   35608 B |
| StageS4_ReadinessTeardownOutsideAsync         | 1        |  30,345.980 us |  11,402.569 us |    625.0133 us |  30,606.534 us |   33368 B |
| StageS5_ReadinessTeardownInsideAsync          | 1        |  46,124.243 us |  18,939.518 us |  1,038.1389 us |  45,906.582 us |  102296 B |
| StageT1_SessionTeardownInsideAsync            | 1        |     318.830 us |     761.939 us |     41.7645 us |     302.575 us |    8200 B |
| StageT3_ExpiryRetireInsideAsync               | 1        |  33,406.772 us |  13,099.967 us |    718.0534 us |  33,081.869 us |   36488 B |
| StageT5_NonThrowingParkTeardownAsync          | 1        |     282.470 us |     559.137 us |     30.6482 us |     289.596 us |    6904 B |
| BaselineF_FakeTransportCreationAsync          | 1        |      12.016 us |      41.712 us |      2.2864 us |      10.917 us |     136 B |
| BaselineH_FlowKeyConstruction                 | 1        |      15.949 us |      20.441 us |      1.1205 us |      15.686 us |     352 B |
| ComponentC1_AssociationClaimRelease           | 1        |      31.094 us |      29.787 us |      1.6327 us |      30.770 us |    2120 B |
| ComponentC2_SessionConstructStartAsync        | 1        |      57.704 us |     448.379 us |     24.5771 us |      44.191 us |    5832 B |
| ComponentC2a1_ContextRecordStaticLambda       | 1        |      46.063 us |     313.133 us |     17.1639 us |      49.727 us |    4048 B |
| ComponentC2a2_ContextRecordMethodGroup        | 1        |      38.455 us |     328.083 us |     17.9833 us |      35.229 us |    4136 B |
| ComponentC2b_SessionConstructOnly             | 1        |      55.758 us |     413.520 us |     22.6664 us |      59.733 us |    4768 B |
| ComponentC2c1_ScopeConstructLinked            | 1        |       8.764 us |      76.588 us |      4.1981 us |       7.114 us |     416 B |
| ComponentC2c2_ScopeConstructUnlinked          | 1        |       6.219 us |       1.645 us |      0.0902 us |       6.212 us |     208 B |
| ComponentC2e_LockConstruction                 | 1        |       9.564 us |     193.454 us |     10.6038 us |       3.512 us |      40 B |
| ComponentC2e_TaskCompletionSourceConstruction | 1        |       3.196 us |      13.390 us |      0.7339 us |       2.866 us |      88 B |
| ComponentC2e_LinkedTokenSourceConstruction    | 1        |       7.623 us |       3.434 us |      0.1882 us |       7.660 us |     352 B |
| StageS0_CoordinatorOnly                       | 100      |      43.692 us |     742.086 us |     40.6763 us |      20.710 us |   54456 B |
| StageS1_AdmissionOnlyAsync                    | 100      |     244.932 us |     379.206 us |     20.7855 us |     255.078 us |  134928 B |
| StageS2_SetupStartedAsync                     | 100      |  86,335.426 us | 122,501.819 us |  6,714.7381 us |  89,733.889 us |  221104 B |
| StageS3_PipelineNoPayloadAsync                | 100      |  45,581.222 us |  87,508.177 us |  4,796.6185 us |  43,189.921 us |  548600 B |
| StageS4_ReadinessTeardownOutsideAsync         | 100      |  44,632.126 us |  46,845.883 us |  2,567.7809 us |  43,186.418 us |  485536 B |
| StageS5_ReadinessTeardownInsideAsync          | 100      |  57,153.966 us |  56,089.908 us |  3,074.4771 us |  56,910.749 us |  765088 B |
| StageT1_SessionTeardownInsideAsync            | 100      |  10,571.675 us |   3,211.273 us |    176.0207 us |  10,547.445 us |  492280 B |
| StageT3_ExpiryRetireInsideAsync               | 100      |  53,074.811 us |  32,757.013 us |  1,795.5224 us |  52,119.700 us |  719440 B |
| StageT5_NonThrowingParkTeardownAsync          | 100      |   1,657.294 us |   9,315.863 us |    510.6339 us |   1,504.661 us |  362680 B |
| BaselineF_FakeTransportCreationAsync          | 100      |      31.532 us |     372.804 us |     20.4347 us |      19.879 us |   10432 B |
| BaselineH_FlowKeyConstruction                 | 100      |     119.921 us |     326.636 us |     17.9040 us |     119.103 us |   35200 B |
| ComponentC1_AssociationClaimRelease           | 100      |     358.100 us |     852.184 us |     46.7111 us |     341.277 us |   82800 B |
| ComponentC2_SessionConstructStartAsync        | 100      |     586.161 us |   1,896.755 us |    103.9675 us |     586.085 us |  271048 B |
| ComponentC2a1_ContextRecordStaticLambda       | 100      |     115.066 us |   1,603.962 us |     87.9186 us |      72.686 us |   27808 B |
| ComponentC2a2_ContextRecordMethodGroup        | 100      |      51.332 us |     575.250 us |     31.5314 us |      35.044 us |   34232 B |
| ComponentC2b_SessionConstructOnly             | 100      |     325.048 us |   1,888.651 us |    103.5233 us |     273.615 us |  178112 B |
| ComponentC2c1_ScopeConstructLinked            | 100      |      28.972 us |     486.153 us |     26.6477 us |      14.264 us |   21800 B |
| ComponentC2c2_ScopeConstructUnlinked          | 100      |      19.303 us |     277.253 us |     15.1971 us |      11.958 us |   12088 B |
| ComponentC2e_LockConstruction                 | 100      |      10.073 us |     159.197 us |      8.7261 us |       5.060 us |    4000 B |
| ComponentC2e_TaskCompletionSourceConstruction | 100      |      16.660 us |     318.611 us |     17.4641 us |       7.128 us |    8800 B |
| ComponentC2e_LinkedTokenSourceConstruction    | 100      |      25.561 us |     391.070 us |     21.4359 us |      13.210 us |   15400 B |
| StageS0_CoordinatorOnly                       | 1000     |     101.301 us |     963.656 us |     52.8213 us |      82.711 us |  496680 B |
| StageS1_AdmissionOnlyAsync                    | 1000     |   2,721.748 us |   6,520.328 us |    357.4012 us |   2,665.588 us | 1323552 B |
| StageS2_SetupStartedAsync                     | 1000     |  81,566.964 us |   6,858.206 us |    375.9214 us |  81,587.019 us | 1522200 B |
| StageS3_PipelineNoPayloadAsync                | 1000     |  72,760.925 us |  93,084.288 us |  5,102.2640 us |  73,982.143 us | 4762472 B |
| StageS4_ReadinessTeardownOutsideAsync         | 1000     |  78,621.190 us | 228,827.157 us | 12,542.7887 us |  72,864.825 us | 4474760 B |
| StageS5_ReadinessTeardownInsideAsync          | 1000     | 102,648.838 us | 195,917.836 us | 10,738.9177 us | 107,704.367 us | 6479672 B |
| StageT1_SessionTeardownInsideAsync            | 1000     |  51,248.885 us | 343,299.414 us | 18,817.3994 us |  43,022.457 us | 4848648 B |
| StageT3_ExpiryRetireInsideAsync               | 1000     | 140,876.707 us | 403,569.513 us | 22,121.0069 us | 128,604.536 us | 6959544 B |
| StageT5_NonThrowingParkTeardownAsync          | 1000     |   9,455.459 us |  33,222.842 us |  1,821.0561 us |   9,139.502 us | 3552792 B |
| BaselineF_FakeTransportCreationAsync          | 1000     |     175.769 us |     986.307 us |     54.0628 us |     178.895 us |  104032 B |
| BaselineH_FlowKeyConstruction                 | 1000     |     657.268 us |     339.814 us |     18.6263 us |     666.657 us |  356800 B |
| ComponentC1_AssociationClaimRelease           | 1000     |   3,339.703 us |   3,610.710 us |    197.9152 us |   3,243.316 us |  836016 B |
| ComponentC2_SessionConstructStartAsync        | 1000     |   4,904.172 us |  13,837.270 us |    758.4674 us |   5,018.948 us | 2701864 B |
| ComponentC2a1_ContextRecordStaticLambda       | 1000     |      80.260 us |      96.952 us |      5.3143 us |      79.516 us |  243808 B |
| ComponentC2a2_ContextRecordMethodGroup        | 1000     |     104.011 us |     602.339 us |     33.0162 us |      85.498 us |  307832 B |
| ComponentC2b_SessionConstructOnly             | 1000     |   2,642.709 us |  11,714.978 us |    642.1375 us |   2,294.887 us | 1773728 B |
| ComponentC2c1_ScopeConstructLinked            | 1000     |     100.443 us |     979.623 us |     53.6964 us |      70.778 us |  216200 B |
| ComponentC2c2_ScopeConstructUnlinked          | 1000     |      42.937 us |     272.113 us |     14.9154 us |      34.908 us |  120088 B |
| ComponentC2e_LockConstruction                 | 1000     |      45.261 us |     773.529 us |     42.3998 us |      20.826 us |   40000 B |
| ComponentC2e_TaskCompletionSourceConstruction | 1000     |      65.240 us |     979.574 us |     53.6937 us |      34.727 us |   88000 B |
| ComponentC2e_LinkedTokenSourceConstruction    | 1000     |     114.991 us |   1,537.990 us |     84.3024 us |      66.560 us |  152200 B |

// * Warnings *
MinIterationTime
  SessionSetupDecompositionBenchmarks.StageS0_CoordinatorOnly: ShortRun                       -> The minimum observed iteration time is 12.765us which is very small. It's recommended to increase it to at least 100ms using more operations.
  SessionSetupDecompositionBenchmarks.StageS1_AdmissionOnlyAsync: ShortRun                    -> The minimum observed iteration time is 31.852us which is very small. It's recommended to increase it to at least 100ms using more operations.
  SessionSetupDecompositionBenchmarks.StageS2_SetupStartedAsync: ShortRun                     -> The minimum observed iteration time is 71.413ms which is very small. It's recommended to increase it to at least 100ms using more operations.
  SessionSetupDecompositionBenchmarks.StageS3_PipelineNoPayloadAsync: ShortRun                -> The minimum observed iteration time is 29.865ms which is very small. It's recommended to increase it to at least 100ms using more operations.
  SessionSetupDecompositionBenchmarks.StageS4_ReadinessTeardownOutsideAsync: ShortRun         -> The minimum observed iteration time is 29.633ms which is very small. It's recommended to increase it to at least 100ms using more operations.
  SessionSetupDecompositionBenchmarks.StageS5_ReadinessTeardownInsideAsync: ShortRun          -> The minimum observed iteration time is 45.213ms which is very small. It's recommended to increase it to at least 100ms using more operations.
  SessionSetupDecompositionBenchmarks.StageT1_SessionTeardownInsideAsync: ShortRun            -> The minimum observed iteration time is 288.053us which is very small. It's recommended to increase it to at least 100ms using more operations.
  SessionSetupDecompositionBenchmarks.StageT3_ExpiryRetireInsideAsync: ShortRun               -> The minimum observed iteration time is 32.909ms which is very small. It's recommended to increase it to at least 100ms using more operations.
  SessionSetupDecompositionBenchmarks.StageT5_NonThrowingParkTeardownAsync: ShortRun          -> The minimum observed iteration time is 249.378us which is very small. It's recommended to increase it to at least 100ms using more operations.
  SessionSetupDecompositionBenchmarks.BaselineF_FakeTransportCreationAsync: ShortRun          -> The minimum observed iteration time is 11.042us which is very small. It's recommended to increase it to at least 100ms using more operations.
  SessionSetupDecompositionBenchmarks.BaselineH_FlowKeyConstruction: ShortRun                 -> The minimum observed iteration time is 15.41us which is very small. It's recommended to increase it to at least 100ms using more operations.
  SessionSetupDecompositionBenchmarks.ComponentC1_AssociationClaimRelease: ShortRun           -> The minimum observed iteration time is 30.098us which is very small. It's recommended to increase it to at least 100ms using more operations.
  SessionSetupDecompositionBenchmarks.ComponentC2_SessionConstructStartAsync: ShortRun        -> The minimum observed iteration time is 43.255us which is very small. It's recommended to increase it to at least 100ms using more operations.
  SessionSetupDecompositionBenchmarks.ComponentC2a1_ContextRecordStaticLambda: ShortRun       -> The minimum observed iteration time is 27.734us which is very small. It's recommended to increase it to at least 100ms using more operations.
  SessionSetupDecompositionBenchmarks.ComponentC2a2_ContextRecordMethodGroup: ShortRun        -> The minimum observed iteration time is 22.794us which is very small. It's recommended to increase it to at least 100ms using more operations.
  SessionSetupDecompositionBenchmarks.ComponentC2b_SessionConstructOnly: ShortRun             -> The minimum observed iteration time is 31.752us which is very small. It's recommended to increase it to at least 100ms using more operations.
  SessionSetupDecompositionBenchmarks.ComponentC2c1_ScopeConstructLinked: ShortRun            -> The minimum observed iteration time is 6.092us which is very small. It's recommended to increase it to at least 100ms using more operations.
  SessionSetupDecompositionBenchmarks.ComponentC2c2_ScopeConstructUnlinked: ShortRun          -> The minimum observed iteration time is 6.583us which is very small. It's recommended to increase it to at least 100ms using more operations.
  SessionSetupDecompositionBenchmarks.ComponentC2e_LockConstruction: ShortRun                 -> The minimum observed iteration time is 3.818us which is very small. It's recommended to increase it to at least 100ms using more operations.
  SessionSetupDecompositionBenchmarks.ComponentC2e_TaskCompletionSourceConstruction: ShortRun -> The minimum observed iteration time is 3.086us which is very small. It's recommended to increase it to at least 100ms using more operations.
  SessionSetupDecompositionBenchmarks.ComponentC2e_LinkedTokenSourceConstruction: ShortRun    -> The minimum observed iteration time is 7.865us which is very small. It's recommended to increase it to at least 100ms using more operations.
  SessionSetupDecompositionBenchmarks.StageS0_CoordinatorOnly: ShortRun                       -> The minimum observed iteration time is 20.129us which is very small. It's recommended to increase it to at least 100ms using more operations.
  SessionSetupDecompositionBenchmarks.StageS1_AdmissionOnlyAsync: ShortRun                    -> The minimum observed iteration time is 221.433us which is very small. It's recommended to increase it to at least 100ms using more operations.
  SessionSetupDecompositionBenchmarks.StageS2_SetupStartedAsync: ShortRun                     -> The minimum observed iteration time is 78.601ms which is very small. It's recommended to increase it to at least 100ms using more operations.
  SessionSetupDecompositionBenchmarks.StageS3_PipelineNoPayloadAsync: ShortRun                -> The minimum observed iteration time is 42.451ms which is very small. It's recommended to increase it to at least 100ms using more operations.
  SessionSetupDecompositionBenchmarks.StageS4_ReadinessTeardownOutsideAsync: ShortRun         -> The minimum observed iteration time is 43.114ms which is very small. It's recommended to increase it to at least 100ms using more operations.
  SessionSetupDecompositionBenchmarks.StageS5_ReadinessTeardownInsideAsync: ShortRun          -> The minimum observed iteration time is 54.209ms which is very small. It's recommended to increase it to at least 100ms using more operations.
  SessionSetupDecompositionBenchmarks.StageT1_SessionTeardownInsideAsync: ShortRun            -> The minimum observed iteration time is 10.409ms which is very small. It's recommended to increase it to at least 100ms using more operations.
  SessionSetupDecompositionBenchmarks.StageT3_ExpiryRetireInsideAsync: ShortRun               -> The minimum observed iteration time is 51.959ms which is very small. It's recommended to increase it to at least 100ms using more operations.
  SessionSetupDecompositionBenchmarks.StageT5_NonThrowingParkTeardownAsync: ShortRun          -> The minimum observed iteration time is 1.241ms which is very small. It's recommended to increase it to at least 100ms using more operations.
  SessionSetupDecompositionBenchmarks.BaselineF_FakeTransportCreationAsync: ShortRun          -> The minimum observed iteration time is 20.03us which is very small. It's recommended to increase it to at least 100ms using more operations.
  SessionSetupDecompositionBenchmarks.BaselineH_FlowKeyConstruction: ShortRun                 -> The minimum observed iteration time is 102.841us which is very small. It's recommended to increase it to at least 100ms using more operations.
  SessionSetupDecompositionBenchmarks.ComponentC1_AssociationClaimRelease: ShortRun           -> The minimum observed iteration time is 322.531us which is very small. It's recommended to increase it to at least 100ms using more operations.
  SessionSetupDecompositionBenchmarks.ComponentC2_SessionConstructStartAsync: ShortRun        -> The minimum observed iteration time is 482.663us which is very small. It's recommended to increase it to at least 100ms using more operations.
  SessionSetupDecompositionBenchmarks.ComponentC2a1_ContextRecordStaticLambda: ShortRun       -> The minimum observed iteration time is 57.001us which is very small. It's recommended to increase it to at least 100ms using more operations.
  SessionSetupDecompositionBenchmarks.ComponentC2a2_ContextRecordMethodGroup: ShortRun        -> The minimum observed iteration time is 31.692us which is very small. It's recommended to increase it to at least 100ms using more operations.
  SessionSetupDecompositionBenchmarks.ComponentC2b_SessionConstructOnly: ShortRun             -> The minimum observed iteration time is 257.734us which is very small. It's recommended to increase it to at least 100ms using more operations.
  SessionSetupDecompositionBenchmarks.ComponentC2c1_ScopeConstructLinked: ShortRun            -> The minimum observed iteration time is 13.366us which is very small. It's recommended to increase it to at least 100ms using more operations.
  SessionSetupDecompositionBenchmarks.ComponentC2c2_ScopeConstructUnlinked: ShortRun          -> The minimum observed iteration time is 9.579us which is very small. It's recommended to increase it to at least 100ms using more operations.
  SessionSetupDecompositionBenchmarks.ComponentC2e_LockConstruction: ShortRun                 -> The minimum observed iteration time is 5.431us which is very small. It's recommended to increase it to at least 100ms using more operations.
  SessionSetupDecompositionBenchmarks.ComponentC2e_TaskCompletionSourceConstruction: ShortRun -> The minimum observed iteration time is 6.563us which is very small. It's recommended to increase it to at least 100ms using more operations.
  SessionSetupDecompositionBenchmarks.ComponentC2e_LinkedTokenSourceConstruction: ShortRun    -> The minimum observed iteration time is 13.546us which is very small. It's recommended to increase it to at least 100ms using more operations.
  SessionSetupDecompositionBenchmarks.StageS0_CoordinatorOnly: ShortRun                       -> The minimum observed iteration time is 60.689us which is very small. It's recommended to increase it to at least 100ms using more operations.
  SessionSetupDecompositionBenchmarks.StageS1_AdmissionOnlyAsync: ShortRun                    -> The minimum observed iteration time is 2.396ms which is very small. It's recommended to increase it to at least 100ms using more operations.
  SessionSetupDecompositionBenchmarks.StageS2_SetupStartedAsync: ShortRun                     -> The minimum observed iteration time is 81.182ms which is very small. It's recommended to increase it to at least 100ms using more operations.
  SessionSetupDecompositionBenchmarks.StageS3_PipelineNoPayloadAsync: ShortRun                -> The minimum observed iteration time is 67.159ms which is very small. It's recommended to increase it to at least 100ms using more operations.
  SessionSetupDecompositionBenchmarks.StageS4_ReadinessTeardownOutsideAsync: ShortRun         -> The minimum observed iteration time is 69.99ms which is very small. It's recommended to increase it to at least 100ms using more operations.
  SessionSetupDecompositionBenchmarks.StageS5_ReadinessTeardownInsideAsync: ShortRun          -> The minimum observed iteration time is 90.316ms which is very small. It's recommended to increase it to at least 100ms using more operations.
  SessionSetupDecompositionBenchmarks.StageT1_SessionTeardownInsideAsync: ShortRun            -> The minimum observed iteration time is 37.946ms which is very small. It's recommended to increase it to at least 100ms using more operations.
  SessionSetupDecompositionBenchmarks.StageT5_NonThrowingParkTeardownAsync: ShortRun          -> The minimum observed iteration time is 7.813ms which is very small. It's recommended to increase it to at least 100ms using more operations.
  SessionSetupDecompositionBenchmarks.BaselineF_FakeTransportCreationAsync: ShortRun          -> The minimum observed iteration time is 120.636us which is very small. It's recommended to increase it to at least 100ms using more operations.
  SessionSetupDecompositionBenchmarks.BaselineH_FlowKeyConstruction: ShortRun                 -> The minimum observed iteration time is 636.162us which is very small. It's recommended to increase it to at least 100ms using more operations.
  SessionSetupDecompositionBenchmarks.ComponentC1_AssociationClaimRelease: ShortRun           -> The minimum observed iteration time is 3.209ms which is very small. It's recommended to increase it to at least 100ms using more operations.
  SessionSetupDecompositionBenchmarks.ComponentC2_SessionConstructStartAsync: ShortRun        -> The minimum observed iteration time is 4.095ms which is very small. It's recommended to increase it to at least 100ms using more operations.
  SessionSetupDecompositionBenchmarks.ComponentC2a1_ContextRecordStaticLambda: ShortRun       -> The minimum observed iteration time is 75.808us which is very small. It's recommended to increase it to at least 100ms using more operations.
  SessionSetupDecompositionBenchmarks.ComponentC2a2_ContextRecordMethodGroup: ShortRun        -> The minimum observed iteration time is 84.786us which is very small. It's recommended to increase it to at least 100ms using more operations.
  SessionSetupDecompositionBenchmarks.ComponentC2b_SessionConstructOnly: ShortRun             -> The minimum observed iteration time is 2.25ms which is very small. It's recommended to increase it to at least 100ms using more operations.
  SessionSetupDecompositionBenchmarks.ComponentC2c1_ScopeConstructLinked: ShortRun            -> The minimum observed iteration time is 68.514us which is very small. It's recommended to increase it to at least 100ms using more operations.
  SessionSetupDecompositionBenchmarks.ComponentC2c2_ScopeConstructUnlinked: ShortRun          -> The minimum observed iteration time is 34.187us which is very small. It's recommended to increase it to at least 100ms using more operations.
  SessionSetupDecompositionBenchmarks.ComponentC2e_LockConstruction: ShortRun                 -> The minimum observed iteration time is 21.171us which is very small. It's recommended to increase it to at least 100ms using more operations.
  SessionSetupDecompositionBenchmarks.ComponentC2e_TaskCompletionSourceConstruction: ShortRun -> The minimum observed iteration time is 34.157us which is very small. It's recommended to increase it to at least 100ms using more operations.
  SessionSetupDecompositionBenchmarks.ComponentC2e_LinkedTokenSourceConstruction: ShortRun    -> The minimum observed iteration time is 66.44us which is very small. It's recommended to increase it to at least 100ms using more operations.

// * Legends *
  Sessions  : Value of the 'Sessions' parameter
  Mean      : Arithmetic mean of all measurements
  Error     : Half of 99.9% confidence interval
  StdDev    : Standard deviation of all measurements
  Median    : Value separating the higher half of all measurements (50th percentile)
  Allocated : Allocated memory per single operation (managed only, inclusive, 1KB = 1024B)
  1 us      : 1 Microsecond (0.000001 sec)

// * Diagnostic Output - MemoryDiagnoser *


// ***** BenchmarkRunner: End *****
Run time: 00:00:33 (33.1 sec), executed benchmarks: 63

Global total time: 00:01:09 (69.56 sec), executed benchmarks: 63
// * Artifacts cleanup *
Artifacts cleanup is finished
