// Validating benchmarks:
// ***** BenchmarkRunner: Start   *****
// ***** Found 63 benchmark(s) in total *****
// ***** Building 1 exe(s) in Parallel: Start   *****
// start dotnet  restore --nodeReuse:false /p:UseSharedCompilation=false /p:Deterministic=true /p:Optimize=true /p:ArtifactsPath="/home/paff/Projects/WinForward/benchmarks/WinForward.Benchmarks/bin/Release/net10.0/WinForward.Benchmarks-ShortRun-1/" /p:OutDir="/home/paff/Projects/WinForward/benchmarks/WinForward.Benchmarks/bin/Release/net10.0/WinForward.Benchmarks-ShortRun-1/bin/Release/net10.0/" /p:OutputPath="/home/paff/Projects/WinForward/benchmarks/WinForward.Benchmarks/bin/Release/net10.0/WinForward.Benchmarks-ShortRun-1/bin/Release/net10.0/" /p:PublishDir="/home/paff/Projects/WinForward/benchmarks/WinForward.Benchmarks/bin/Release/net10.0/WinForward.Benchmarks-ShortRun-1/publish/" in /home/paff/Projects/WinForward/benchmarks/WinForward.Benchmarks/bin/Release/net10.0/WinForward.Benchmarks-ShortRun-1
// command took 2.96 sec and exited with 0
// start dotnet  build -c Release --no-restore --nodeReuse:false /p:UseSharedCompilation=false /p:Deterministic=true /p:Optimize=true /p:ArtifactsPath="/home/paff/Projects/WinForward/benchmarks/WinForward.Benchmarks/bin/Release/net10.0/WinForward.Benchmarks-ShortRun-1/" /p:OutDir="/home/paff/Projects/WinForward/benchmarks/WinForward.Benchmarks/bin/Release/net10.0/WinForward.Benchmarks-ShortRun-1/bin/Release/net10.0/" /p:OutputPath="/home/paff/Projects/WinForward/benchmarks/WinForward.Benchmarks/bin/Release/net10.0/WinForward.Benchmarks-ShortRun-1/bin/Release/net10.0/" /p:PublishDir="/home/paff/Projects/WinForward/benchmarks/WinForward.Benchmarks/bin/Release/net10.0/WinForward.Benchmarks-ShortRun-1/publish/" --output "/home/paff/Projects/WinForward/benchmarks/WinForward.Benchmarks/bin/Release/net10.0/WinForward.Benchmarks-ShortRun-1/bin/Release/net10.0/" in /home/paff/Projects/WinForward/benchmarks/WinForward.Benchmarks/bin/Release/net10.0/WinForward.Benchmarks-ShortRun-1
// command took 34.77 sec and exited with 0
// ***** Done, took 00:00:37 (37.91 sec)   *****
// Found 63 benchmarks:
//   SessionSetupDecompositionBenchmarks.StageS0_CoordinatorOnly: ShortRun(InvocationCount=1, IterationCount=3, LaunchCount=1, UnrollFactor=1, WarmupCount=3) [Sessions=1]
//   SessionSetupDecompositionBenchmarks.StageS1_AdmissionOnlyAsync: ShortRun(InvocationCount=1, IterationCount=3, LaunchCount=1, UnrollFactor=1, WarmupCount=3) [Sessions=1]
//   SessionSetupDecompositionBenchmarks.StageS2_SetupStartedAsync: ShortRun(InvocationCount=1, IterationCount=3, LaunchCount=1, UnrollFactor=1, WarmupCount=3) [Sessions=1]
//   SessionSetupDecompositionBenchmarks.StageS3_PipelineNoPayloadAsync: ShortRun(InvocationCount=1, IterationCount=3, LaunchCount=1, UnrollFactor=1, WarmupCount=3) [Sessions=1]
//   SessionSetupDecompositionBenchmarks.StageS4_ReadinessTeardownOutsideAsync: ShortRun(InvocationCount=1, IterationCount=3, LaunchCount=1, UnrollFactor=1, WarmupCount=3) [Sessions=1]
//   SessionSetupDecompositionBenchmarks.StageS5_ReadinessTeardownInsideAsync: ShortRun(InvocationCount=1, IterationCount=3, LaunchCount=1, UnrollFactor=1, WarmupCount=3) [Sessions=1]
//   SessionSetupDecompositionBenchmarks.StageT1_SessionTeardownInsideAsync: ShortRun(InvocationCount=1, IterationCount=3, LaunchCount=1, UnrollFactor=1, WarmupCount=3) [Sessions=1]
//   SessionSetupDecompositionBenchmarks.StageT3_ExpiryRetireInsideAsync: ShortRun(InvocationCount=1, IterationCount=3, LaunchCount=1, UnrollFactor=1, WarmupCount=3) [Sessions=1]
//   SessionSetupDecompositionBenchmarks.StageT5_NonThrowingParkTeardownAsync: ShortRun(InvocationCount=1, IterationCount=3, LaunchCount=1, UnrollFactor=1, WarmupCount=3) [Sessions=1]
//   SessionSetupDecompositionBenchmarks.BaselineF_FakeTransportCreationAsync: ShortRun(InvocationCount=1, IterationCount=3, LaunchCount=1, UnrollFactor=1, WarmupCount=3) [Sessions=1]
//   SessionSetupDecompositionBenchmarks.BaselineH_FlowKeyConstruction: ShortRun(InvocationCount=1, IterationCount=3, LaunchCount=1, UnrollFactor=1, WarmupCount=3) [Sessions=1]
//   SessionSetupDecompositionBenchmarks.ComponentC1_AssociationClaimRelease: ShortRun(InvocationCount=1, IterationCount=3, LaunchCount=1, UnrollFactor=1, WarmupCount=3) [Sessions=1]
//   SessionSetupDecompositionBenchmarks.ComponentC2_SessionConstructStartAsync: ShortRun(InvocationCount=1, IterationCount=3, LaunchCount=1, UnrollFactor=1, WarmupCount=3) [Sessions=1]
//   SessionSetupDecompositionBenchmarks.ComponentC2a1_ContextRecordStaticLambda: ShortRun(InvocationCount=1, IterationCount=3, LaunchCount=1, UnrollFactor=1, WarmupCount=3) [Sessions=1]
//   SessionSetupDecompositionBenchmarks.ComponentC2a2_ContextRecordMethodGroup: ShortRun(InvocationCount=1, IterationCount=3, LaunchCount=1, UnrollFactor=1, WarmupCount=3) [Sessions=1]
//   SessionSetupDecompositionBenchmarks.ComponentC2b_SessionConstructOnly: ShortRun(InvocationCount=1, IterationCount=3, LaunchCount=1, UnrollFactor=1, WarmupCount=3) [Sessions=1]
//   SessionSetupDecompositionBenchmarks.ComponentC2c1_ScopeConstructLinked: ShortRun(InvocationCount=1, IterationCount=3, LaunchCount=1, UnrollFactor=1, WarmupCount=3) [Sessions=1]
//   SessionSetupDecompositionBenchmarks.ComponentC2c2_ScopeConstructUnlinked: ShortRun(InvocationCount=1, IterationCount=3, LaunchCount=1, UnrollFactor=1, WarmupCount=3) [Sessions=1]
//   SessionSetupDecompositionBenchmarks.ComponentC2e_LockConstruction: ShortRun(InvocationCount=1, IterationCount=3, LaunchCount=1, UnrollFactor=1, WarmupCount=3) [Sessions=1]
//   SessionSetupDecompositionBenchmarks.ComponentC2e_TaskCompletionSourceConstruction: ShortRun(InvocationCount=1, IterationCount=3, LaunchCount=1, UnrollFactor=1, WarmupCount=3) [Sessions=1]
//   SessionSetupDecompositionBenchmarks.ComponentC2e_LinkedTokenSourceConstruction: ShortRun(InvocationCount=1, IterationCount=3, LaunchCount=1, UnrollFactor=1, WarmupCount=3) [Sessions=1]
//   SessionSetupDecompositionBenchmarks.StageS0_CoordinatorOnly: ShortRun(InvocationCount=1, IterationCount=3, LaunchCount=1, UnrollFactor=1, WarmupCount=3) [Sessions=100]
//   SessionSetupDecompositionBenchmarks.StageS1_AdmissionOnlyAsync: ShortRun(InvocationCount=1, IterationCount=3, LaunchCount=1, UnrollFactor=1, WarmupCount=3) [Sessions=100]
//   SessionSetupDecompositionBenchmarks.StageS2_SetupStartedAsync: ShortRun(InvocationCount=1, IterationCount=3, LaunchCount=1, UnrollFactor=1, WarmupCount=3) [Sessions=100]
//   SessionSetupDecompositionBenchmarks.StageS3_PipelineNoPayloadAsync: ShortRun(InvocationCount=1, IterationCount=3, LaunchCount=1, UnrollFactor=1, WarmupCount=3) [Sessions=100]
//   SessionSetupDecompositionBenchmarks.StageS4_ReadinessTeardownOutsideAsync: ShortRun(InvocationCount=1, IterationCount=3, LaunchCount=1, UnrollFactor=1, WarmupCount=3) [Sessions=100]
//   SessionSetupDecompositionBenchmarks.StageS5_ReadinessTeardownInsideAsync: ShortRun(InvocationCount=1, IterationCount=3, LaunchCount=1, UnrollFactor=1, WarmupCount=3) [Sessions=100]
//   SessionSetupDecompositionBenchmarks.StageT1_SessionTeardownInsideAsync: ShortRun(InvocationCount=1, IterationCount=3, LaunchCount=1, UnrollFactor=1, WarmupCount=3) [Sessions=100]
//   SessionSetupDecompositionBenchmarks.StageT3_ExpiryRetireInsideAsync: ShortRun(InvocationCount=1, IterationCount=3, LaunchCount=1, UnrollFactor=1, WarmupCount=3) [Sessions=100]
//   SessionSetupDecompositionBenchmarks.StageT5_NonThrowingParkTeardownAsync: ShortRun(InvocationCount=1, IterationCount=3, LaunchCount=1, UnrollFactor=1, WarmupCount=3) [Sessions=100]
//   SessionSetupDecompositionBenchmarks.BaselineF_FakeTransportCreationAsync: ShortRun(InvocationCount=1, IterationCount=3, LaunchCount=1, UnrollFactor=1, WarmupCount=3) [Sessions=100]
//   SessionSetupDecompositionBenchmarks.BaselineH_FlowKeyConstruction: ShortRun(InvocationCount=1, IterationCount=3, LaunchCount=1, UnrollFactor=1, WarmupCount=3) [Sessions=100]
//   SessionSetupDecompositionBenchmarks.ComponentC1_AssociationClaimRelease: ShortRun(InvocationCount=1, IterationCount=3, LaunchCount=1, UnrollFactor=1, WarmupCount=3) [Sessions=100]
//   SessionSetupDecompositionBenchmarks.ComponentC2_SessionConstructStartAsync: ShortRun(InvocationCount=1, IterationCount=3, LaunchCount=1, UnrollFactor=1, WarmupCount=3) [Sessions=100]
//   SessionSetupDecompositionBenchmarks.ComponentC2a1_ContextRecordStaticLambda: ShortRun(InvocationCount=1, IterationCount=3, LaunchCount=1, UnrollFactor=1, WarmupCount=3) [Sessions=100]
//   SessionSetupDecompositionBenchmarks.ComponentC2a2_ContextRecordMethodGroup: ShortRun(InvocationCount=1, IterationCount=3, LaunchCount=1, UnrollFactor=1, WarmupCount=3) [Sessions=100]
//   SessionSetupDecompositionBenchmarks.ComponentC2b_SessionConstructOnly: ShortRun(InvocationCount=1, IterationCount=3, LaunchCount=1, UnrollFactor=1, WarmupCount=3) [Sessions=100]
//   SessionSetupDecompositionBenchmarks.ComponentC2c1_ScopeConstructLinked: ShortRun(InvocationCount=1, IterationCount=3, LaunchCount=1, UnrollFactor=1, WarmupCount=3) [Sessions=100]
//   SessionSetupDecompositionBenchmarks.ComponentC2c2_ScopeConstructUnlinked: ShortRun(InvocationCount=1, IterationCount=3, LaunchCount=1, UnrollFactor=1, WarmupCount=3) [Sessions=100]
//   SessionSetupDecompositionBenchmarks.ComponentC2e_LockConstruction: ShortRun(InvocationCount=1, IterationCount=3, LaunchCount=1, UnrollFactor=1, WarmupCount=3) [Sessions=100]
//   SessionSetupDecompositionBenchmarks.ComponentC2e_TaskCompletionSourceConstruction: ShortRun(InvocationCount=1, IterationCount=3, LaunchCount=1, UnrollFactor=1, WarmupCount=3) [Sessions=100]
//   SessionSetupDecompositionBenchmarks.ComponentC2e_LinkedTokenSourceConstruction: ShortRun(InvocationCount=1, IterationCount=3, LaunchCount=1, UnrollFactor=1, WarmupCount=3) [Sessions=100]
//   SessionSetupDecompositionBenchmarks.StageS0_CoordinatorOnly: ShortRun(InvocationCount=1, IterationCount=3, LaunchCount=1, UnrollFactor=1, WarmupCount=3) [Sessions=1000]
//   SessionSetupDecompositionBenchmarks.StageS1_AdmissionOnlyAsync: ShortRun(InvocationCount=1, IterationCount=3, LaunchCount=1, UnrollFactor=1, WarmupCount=3) [Sessions=1000]
//   SessionSetupDecompositionBenchmarks.StageS2_SetupStartedAsync: ShortRun(InvocationCount=1, IterationCount=3, LaunchCount=1, UnrollFactor=1, WarmupCount=3) [Sessions=1000]
//   SessionSetupDecompositionBenchmarks.StageS3_PipelineNoPayloadAsync: ShortRun(InvocationCount=1, IterationCount=3, LaunchCount=1, UnrollFactor=1, WarmupCount=3) [Sessions=1000]
//   SessionSetupDecompositionBenchmarks.StageS4_ReadinessTeardownOutsideAsync: ShortRun(InvocationCount=1, IterationCount=3, LaunchCount=1, UnrollFactor=1, WarmupCount=3) [Sessions=1000]
//   SessionSetupDecompositionBenchmarks.StageS5_ReadinessTeardownInsideAsync: ShortRun(InvocationCount=1, IterationCount=3, LaunchCount=1, UnrollFactor=1, WarmupCount=3) [Sessions=1000]
//   SessionSetupDecompositionBenchmarks.StageT1_SessionTeardownInsideAsync: ShortRun(InvocationCount=1, IterationCount=3, LaunchCount=1, UnrollFactor=1, WarmupCount=3) [Sessions=1000]
//   SessionSetupDecompositionBenchmarks.StageT3_ExpiryRetireInsideAsync: ShortRun(InvocationCount=1, IterationCount=3, LaunchCount=1, UnrollFactor=1, WarmupCount=3) [Sessions=1000]
//   SessionSetupDecompositionBenchmarks.StageT5_NonThrowingParkTeardownAsync: ShortRun(InvocationCount=1, IterationCount=3, LaunchCount=1, UnrollFactor=1, WarmupCount=3) [Sessions=1000]
//   SessionSetupDecompositionBenchmarks.BaselineF_FakeTransportCreationAsync: ShortRun(InvocationCount=1, IterationCount=3, LaunchCount=1, UnrollFactor=1, WarmupCount=3) [Sessions=1000]
//   SessionSetupDecompositionBenchmarks.BaselineH_FlowKeyConstruction: ShortRun(InvocationCount=1, IterationCount=3, LaunchCount=1, UnrollFactor=1, WarmupCount=3) [Sessions=1000]
//   SessionSetupDecompositionBenchmarks.ComponentC1_AssociationClaimRelease: ShortRun(InvocationCount=1, IterationCount=3, LaunchCount=1, UnrollFactor=1, WarmupCount=3) [Sessions=1000]
//   SessionSetupDecompositionBenchmarks.ComponentC2_SessionConstructStartAsync: ShortRun(InvocationCount=1, IterationCount=3, LaunchCount=1, UnrollFactor=1, WarmupCount=3) [Sessions=1000]
//   SessionSetupDecompositionBenchmarks.ComponentC2a1_ContextRecordStaticLambda: ShortRun(InvocationCount=1, IterationCount=3, LaunchCount=1, UnrollFactor=1, WarmupCount=3) [Sessions=1000]
//   SessionSetupDecompositionBenchmarks.ComponentC2a2_ContextRecordMethodGroup: ShortRun(InvocationCount=1, IterationCount=3, LaunchCount=1, UnrollFactor=1, WarmupCount=3) [Sessions=1000]
//   SessionSetupDecompositionBenchmarks.ComponentC2b_SessionConstructOnly: ShortRun(InvocationCount=1, IterationCount=3, LaunchCount=1, UnrollFactor=1, WarmupCount=3) [Sessions=1000]
//   SessionSetupDecompositionBenchmarks.ComponentC2c1_ScopeConstructLinked: ShortRun(InvocationCount=1, IterationCount=3, LaunchCount=1, UnrollFactor=1, WarmupCount=3) [Sessions=1000]
//   SessionSetupDecompositionBenchmarks.ComponentC2c2_ScopeConstructUnlinked: ShortRun(InvocationCount=1, IterationCount=3, LaunchCount=1, UnrollFactor=1, WarmupCount=3) [Sessions=1000]
//   SessionSetupDecompositionBenchmarks.ComponentC2e_LockConstruction: ShortRun(InvocationCount=1, IterationCount=3, LaunchCount=1, UnrollFactor=1, WarmupCount=3) [Sessions=1000]
//   SessionSetupDecompositionBenchmarks.ComponentC2e_TaskCompletionSourceConstruction: ShortRun(InvocationCount=1, IterationCount=3, LaunchCount=1, UnrollFactor=1, WarmupCount=3) [Sessions=1000]
//   SessionSetupDecompositionBenchmarks.ComponentC2e_LinkedTokenSourceConstruction: ShortRun(InvocationCount=1, IterationCount=3, LaunchCount=1, UnrollFactor=1, WarmupCount=3) [Sessions=1000]

// **************************
// Benchmark: SessionSetupDecompositionBenchmarks.StageS0_CoordinatorOnly: ShortRun(InvocationCount=1, IterationCount=3, LaunchCount=1, UnrollFactor=1, WarmupCount=3) [Sessions=1]
// *** Execute ***
// Launch: 1 / 1
// Execute: dotnet WinForward.Benchmarks-ShortRun-1.dll --anonymousPipes 123 125 --benchmarkName "WinForward.Benchmarks.Perf.SessionSetupDecompositionBenchmarks.StageS0_CoordinatorOnly(Sessions: 1)" --job ShortRun --benchmarkId 0 in /home/paff/Projects/WinForward/benchmarks/WinForward.Benchmarks/bin/Release/net10.0/WinForward.Benchmarks-ShortRun-1/bin/Release/net10.0
// Failed to set up high priority (Permission denied). In order to run benchmarks with high priority, make sure you have the right permissions.
// BeforeAnythingElse

// Benchmark Process Environment Information:
// BenchmarkDotNet v0.15.8
// Runtime=.NET 10.0.12 (10.0.12, 10.0.1226.42308), X64 RyuJIT x86-64-v4
// GC=Concurrent Workstation
// HardwareIntrinsics=AVX512 BITALG+VBMI2+VNNI+VPOPCNTDQ,AVX512 IFMA+VBMI,AVX512 F+BW+CD+DQ+VL,AVX2+BMI1+BMI2+F16C+FMA+LZCNT+MOVBE,AVX,SSE3+SSSE3+SSE4.1+SSE4.2+POPCNT,X86Base+SSE+SSE2,AES+PCLMUL,AvxVnni VectorSize=256
// Job: ShortRun(InvocationCount=1, IterationCount=3, LaunchCount=1, UnrollFactor=1, WarmupCount=3)

OverheadJitting  1: 1 op, 275938.00 ns, 275.9380 us/op
WorkloadJitting  1: 1 op, 14866234.00 ns, 14.8662 ms/op

OverheadWarmup   1: 1 op, 1232.00 ns, 1.2320 us/op
OverheadWarmup   2: 1 op, 901.00 ns, 901.0000 ns/op
OverheadWarmup   3: 1 op, 821.00 ns, 821.0000 ns/op
OverheadWarmup   4: 1 op, 411.00 ns, 411.0000 ns/op
OverheadWarmup   5: 1 op, 582.00 ns, 582.0000 ns/op
OverheadWarmup   6: 1 op, 401.00 ns, 401.0000 ns/op
OverheadWarmup   7: 1 op, 411.00 ns, 411.0000 ns/op
OverheadWarmup   8: 1 op, 511.00 ns, 511.0000 ns/op
OverheadWarmup   9: 1 op, 521.00 ns, 521.0000 ns/op
OverheadWarmup  10: 1 op, 511.00 ns, 511.0000 ns/op

OverheadActual   1: 1 op, 521.00 ns, 521.0000 ns/op
OverheadActual   2: 1 op, 862.00 ns, 862.0000 ns/op
OverheadActual   3: 1 op, 672.00 ns, 672.0000 ns/op
OverheadActual   4: 1 op, 972.00 ns, 972.0000 ns/op
OverheadActual   5: 1 op, 581.00 ns, 581.0000 ns/op
OverheadActual   6: 1 op, 932.00 ns, 932.0000 ns/op
OverheadActual   7: 1 op, 592.00 ns, 592.0000 ns/op
OverheadActual   8: 1 op, 401.00 ns, 401.0000 ns/op
OverheadActual   9: 1 op, 781.00 ns, 781.0000 ns/op
OverheadActual  10: 1 op, 491.00 ns, 491.0000 ns/op
OverheadActual  11: 1 op, 591.00 ns, 591.0000 ns/op
OverheadActual  12: 1 op, 571.00 ns, 571.0000 ns/op
OverheadActual  13: 1 op, 431.00 ns, 431.0000 ns/op
OverheadActual  14: 1 op, 461.00 ns, 461.0000 ns/op
OverheadActual  15: 1 op, 391.00 ns, 391.0000 ns/op
OverheadActual  16: 1 op, 922.00 ns, 922.0000 ns/op
OverheadActual  17: 1 op, 411.00 ns, 411.0000 ns/op
OverheadActual  18: 1 op, 361.00 ns, 361.0000 ns/op
OverheadActual  19: 1 op, 460.00 ns, 460.0000 ns/op
OverheadActual  20: 1 op, 511.00 ns, 511.0000 ns/op

WorkloadWarmup   1: 1 op, 58394.00 ns, 58.3940 us/op
WorkloadWarmup   2: 1 op, 18526.00 ns, 18.5260 us/op
WorkloadWarmup   3: 1 op, 16933.00 ns, 16.9330 us/op

// BeforeActualRun
WorkloadActual   1: 1 op, 75126.00 ns, 75.1260 us/op
WorkloadActual   2: 1 op, 17554.00 ns, 17.5540 us/op
WorkloadActual   3: 1 op, 14448.00 ns, 14.4480 us/op

// AfterActualRun
WorkloadResult   1: 1 op, 74580.00 ns, 74.5800 us/op
WorkloadResult   2: 1 op, 17008.00 ns, 17.0080 us/op
WorkloadResult   3: 1 op, 13902.00 ns, 13.9020 us/op
// GC:  0 0 0 8280 1
// Threading:  0 0 1

// AfterAll
// Benchmark Process 1365273 has exited with code 0.

Mean = 35.163 us, StdErr = 19.729 us (56.11%), N = 3, StdDev = 34.171 us
Min = 13.902 us, Q1 = 15.455 us, Median = 17.008 us, Q3 = 45.794 us, Max = 74.580 us
IQR = 30.339 us, LowerFence = -30.053 us, UpperFence = 91.302 us
ConfidenceInterval = [-588.246 us; 658.572 us] (CI 99.9%), Margin = 623.409 us (1772.89% of Mean)
Skewness = 0.38, Kurtosis = 0.67, MValue = 2

// ** Remained 62 (98.4%) benchmark(s) to run. Estimated finish 2026-09-22 14:55 (0h 0m from now) **
// **************************
// Benchmark: SessionSetupDecompositionBenchmarks.StageS1_AdmissionOnlyAsync: ShortRun(InvocationCount=1, IterationCount=3, LaunchCount=1, UnrollFactor=1, WarmupCount=3) [Sessions=1]
// *** Execute ***
// Launch: 1 / 1
// Execute: dotnet WinForward.Benchmarks-ShortRun-1.dll --anonymousPipes 123 125 --benchmarkName "WinForward.Benchmarks.Perf.SessionSetupDecompositionBenchmarks.StageS1_AdmissionOnlyAsync(Sessions: 1)" --job ShortRun --benchmarkId 1 in /home/paff/Projects/WinForward/benchmarks/WinForward.Benchmarks/bin/Release/net10.0/WinForward.Benchmarks-ShortRun-1/bin/Release/net10.0
// Failed to set up high priority (Permission denied). In order to run benchmarks with high priority, make sure you have the right permissions.
// BeforeAnythingElse

// Benchmark Process Environment Information:
// BenchmarkDotNet v0.15.8
// Runtime=.NET 10.0.12 (10.0.12, 10.0.1226.42308), X64 RyuJIT x86-64-v4
// GC=Concurrent Workstation
// HardwareIntrinsics=AVX512 BITALG+VBMI2+VNNI+VPOPCNTDQ,AVX512 IFMA+VBMI,AVX512 F+BW+CD+DQ+VL,AVX2+BMI1+BMI2+F16C+FMA+LZCNT+MOVBE,AVX,SSE3+SSSE3+SSE4.1+SSE4.2+POPCNT,X86Base+SSE+SSE2,AES+PCLMUL,AvxVnni VectorSize=256
// Job: ShortRun(InvocationCount=1, IterationCount=3, LaunchCount=1, UnrollFactor=1, WarmupCount=3)

OverheadJitting  1: 1 op, 308952.00 ns, 308.9520 us/op
WorkloadJitting  1: 1 op, 26380450.00 ns, 26.3805 ms/op

OverheadWarmup   1: 1 op, 721.00 ns, 721.0000 ns/op
OverheadWarmup   2: 1 op, 571.00 ns, 571.0000 ns/op
OverheadWarmup   3: 1 op, 582.00 ns, 582.0000 ns/op
OverheadWarmup   4: 1 op, 430.00 ns, 430.0000 ns/op
OverheadWarmup   5: 1 op, 531.00 ns, 531.0000 ns/op
OverheadWarmup   6: 1 op, 541.00 ns, 541.0000 ns/op
OverheadWarmup   7: 1 op, 400.00 ns, 400.0000 ns/op

OverheadActual   1: 1 op, 592.00 ns, 592.0000 ns/op
OverheadActual   2: 1 op, 411.00 ns, 411.0000 ns/op
OverheadActual   3: 1 op, 491.00 ns, 491.0000 ns/op
OverheadActual   4: 1 op, 511.00 ns, 511.0000 ns/op
OverheadActual   5: 1 op, 501.00 ns, 501.0000 ns/op
OverheadActual   6: 1 op, 280.00 ns, 280.0000 ns/op
OverheadActual   7: 1 op, 441.00 ns, 441.0000 ns/op
OverheadActual   8: 1 op, 541.00 ns, 541.0000 ns/op
OverheadActual   9: 1 op, 420.00 ns, 420.0000 ns/op
OverheadActual  10: 1 op, 281.00 ns, 281.0000 ns/op
OverheadActual  11: 1 op, 421.00 ns, 421.0000 ns/op
OverheadActual  12: 1 op, 471.00 ns, 471.0000 ns/op
OverheadActual  13: 1 op, 470.00 ns, 470.0000 ns/op
OverheadActual  14: 1 op, 341.00 ns, 341.0000 ns/op
OverheadActual  15: 1 op, 471.00 ns, 471.0000 ns/op
OverheadActual  16: 1 op, 430.00 ns, 430.0000 ns/op
OverheadActual  17: 1 op, 390.00 ns, 390.0000 ns/op
OverheadActual  18: 1 op, 291.00 ns, 291.0000 ns/op
OverheadActual  19: 1 op, 300.00 ns, 300.0000 ns/op
OverheadActual  20: 1 op, 280.00 ns, 280.0000 ns/op

WorkloadWarmup   1: 1 op, 147167.00 ns, 147.1670 us/op
WorkloadWarmup   2: 1 op, 39437.00 ns, 39.4370 us/op
WorkloadWarmup   3: 1 op, 36882.00 ns, 36.8820 us/op

// BeforeActualRun
WorkloadActual   1: 1 op, 62562.00 ns, 62.5620 us/op
WorkloadActual   2: 1 op, 34968.00 ns, 34.9680 us/op
WorkloadActual   3: 1 op, 36481.00 ns, 36.4810 us/op

// AfterActualRun
WorkloadResult   1: 1 op, 62136.50 ns, 62.1365 us/op
WorkloadResult   2: 1 op, 34542.50 ns, 34.5425 us/op
WorkloadResult   3: 1 op, 36055.50 ns, 36.0555 us/op
// GC:  0 0 0 7176 1
// Threading:  0 0 1

// AfterAll
// Benchmark Process 1365283 has exited with code 0.

Mean = 44.245 us, StdErr = 8.956 us (20.24%), N = 3, StdDev = 15.513 us
Min = 34.542 us, Q1 = 35.299 us, Median = 36.056 us, Q3 = 49.096 us, Max = 62.136 us
IQR = 13.797 us, LowerFence = 14.604 us, UpperFence = 69.791 us
ConfidenceInterval = [-238.772 us; 327.261 us] (CI 99.9%), Margin = 283.017 us (639.66% of Mean)
Skewness = 0.38, Kurtosis = 0.67, MValue = 2

// ** Remained 61 (96.8%) benchmark(s) to run. Estimated finish 2026-09-22 14:55 (0h 0m from now) **
// **************************
// Benchmark: SessionSetupDecompositionBenchmarks.StageS2_SetupStartedAsync: ShortRun(InvocationCount=1, IterationCount=3, LaunchCount=1, UnrollFactor=1, WarmupCount=3) [Sessions=1]
// *** Execute ***
// Launch: 1 / 1
// Execute: dotnet WinForward.Benchmarks-ShortRun-1.dll --anonymousPipes 123 125 --benchmarkName "WinForward.Benchmarks.Perf.SessionSetupDecompositionBenchmarks.StageS2_SetupStartedAsync(Sessions: 1)" --job ShortRun --benchmarkId 2 in /home/paff/Projects/WinForward/benchmarks/WinForward.Benchmarks/bin/Release/net10.0/WinForward.Benchmarks-ShortRun-1/bin/Release/net10.0
// Failed to set up high priority (Permission denied). In order to run benchmarks with high priority, make sure you have the right permissions.
// BeforeAnythingElse

// Benchmark Process Environment Information:
// BenchmarkDotNet v0.15.8
// Runtime=.NET 10.0.12 (10.0.12, 10.0.1226.42308), X64 RyuJIT x86-64-v4
// GC=Concurrent Workstation
// HardwareIntrinsics=AVX512 BITALG+VBMI2+VNNI+VPOPCNTDQ,AVX512 IFMA+VBMI,AVX512 F+BW+CD+DQ+VL,AVX2+BMI1+BMI2+F16C+FMA+LZCNT+MOVBE,AVX,SSE3+SSSE3+SSE4.1+SSE4.2+POPCNT,X86Base+SSE+SSE2,AES+PCLMUL,AvxVnni VectorSize=256
// Job: ShortRun(InvocationCount=1, IterationCount=3, LaunchCount=1, UnrollFactor=1, WarmupCount=3)

OverheadJitting  1: 1 op, 270698.00 ns, 270.6980 us/op
WorkloadJitting  1: 1 op, 115272424.00 ns, 115.2724 ms/op

OverheadWarmup   1: 1 op, 631.00 ns, 631.0000 ns/op
OverheadWarmup   2: 1 op, 441.00 ns, 441.0000 ns/op
OverheadWarmup   3: 1 op, 531.00 ns, 531.0000 ns/op
OverheadWarmup   4: 1 op, 421.00 ns, 421.0000 ns/op
OverheadWarmup   5: 1 op, 401.00 ns, 401.0000 ns/op
OverheadWarmup   6: 1 op, 421.00 ns, 421.0000 ns/op
OverheadWarmup   7: 1 op, 451.00 ns, 451.0000 ns/op
OverheadWarmup   8: 1 op, 290.00 ns, 290.0000 ns/op

OverheadActual   1: 1 op, 390.00 ns, 390.0000 ns/op
OverheadActual   2: 1 op, 411.00 ns, 411.0000 ns/op
OverheadActual   3: 1 op, 390.00 ns, 390.0000 ns/op
OverheadActual   4: 1 op, 421.00 ns, 421.0000 ns/op
OverheadActual   5: 1 op, 281.00 ns, 281.0000 ns/op
OverheadActual   6: 1 op, 280.00 ns, 280.0000 ns/op
OverheadActual   7: 1 op, 311.00 ns, 311.0000 ns/op
OverheadActual   8: 1 op, 430.00 ns, 430.0000 ns/op
OverheadActual   9: 1 op, 441.00 ns, 441.0000 ns/op
OverheadActual  10: 1 op, 410.00 ns, 410.0000 ns/op
OverheadActual  11: 1 op, 281.00 ns, 281.0000 ns/op
OverheadActual  12: 1 op, 390.00 ns, 390.0000 ns/op
OverheadActual  13: 1 op, 441.00 ns, 441.0000 ns/op
OverheadActual  14: 1 op, 421.00 ns, 421.0000 ns/op
OverheadActual  15: 1 op, 381.00 ns, 381.0000 ns/op
OverheadActual  16: 1 op, 421.00 ns, 421.0000 ns/op
OverheadActual  17: 1 op, 371.00 ns, 371.0000 ns/op
OverheadActual  18: 1 op, 701.00 ns, 701.0000 ns/op
OverheadActual  19: 1 op, 381.00 ns, 381.0000 ns/op
OverheadActual  20: 1 op, 481.00 ns, 481.0000 ns/op

WorkloadWarmup   1: 1 op, 74818447.00 ns, 74.8184 ms/op
WorkloadWarmup   2: 1 op, 72299507.00 ns, 72.2995 ms/op
WorkloadWarmup   3: 1 op, 72923174.00 ns, 72.9232 ms/op

// BeforeActualRun
WorkloadActual   1: 1 op, 74710506.00 ns, 74.7105 ms/op
WorkloadActual   2: 1 op, 73349534.00 ns, 73.3495 ms/op
WorkloadActual   3: 1 op, 73183160.00 ns, 73.1832 ms/op

// AfterActualRun
WorkloadResult   1: 1 op, 74710106.00 ns, 74.7101 ms/op
WorkloadResult   2: 1 op, 73349134.00 ns, 73.3491 ms/op
WorkloadResult   3: 1 op, 73182760.00 ns, 73.1828 ms/op
// GC:  0 0 0 34824 1
// Threading:  4 0 1

// AfterAll
// Benchmark Process 1365294 has exited with code 0.

Mean = 73.747 ms, StdErr = 0.484 ms (0.66%), N = 3, StdDev = 0.838 ms
Min = 73.183 ms, Q1 = 73.266 ms, Median = 73.349 ms, Q3 = 74.030 ms, Max = 74.710 ms
IQR = 0.764 ms, LowerFence = 72.120 ms, UpperFence = 75.175 ms
ConfidenceInterval = [58.460 ms; 89.034 ms] (CI 99.9%), Margin = 15.287 ms (20.73% of Mean)
Skewness = 0.37, Kurtosis = 0.67, MValue = 2

// ** Remained 60 (95.2%) benchmark(s) to run. Estimated finish 2026-09-22 14:56 (0h 0m from now) **
// **************************
// Benchmark: SessionSetupDecompositionBenchmarks.StageS3_PipelineNoPayloadAsync: ShortRun(InvocationCount=1, IterationCount=3, LaunchCount=1, UnrollFactor=1, WarmupCount=3) [Sessions=1]
// *** Execute ***
// Launch: 1 / 1
// Execute: dotnet WinForward.Benchmarks-ShortRun-1.dll --anonymousPipes 123 125 --benchmarkName "WinForward.Benchmarks.Perf.SessionSetupDecompositionBenchmarks.StageS3_PipelineNoPayloadAsync(Sessions: 1)" --job ShortRun --benchmarkId 3 in /home/paff/Projects/WinForward/benchmarks/WinForward.Benchmarks/bin/Release/net10.0/WinForward.Benchmarks-ShortRun-1/bin/Release/net10.0
// Failed to set up high priority (Permission denied). In order to run benchmarks with high priority, make sure you have the right permissions.
// BeforeAnythingElse

// Benchmark Process Environment Information:
// BenchmarkDotNet v0.15.8
// Runtime=.NET 10.0.12 (10.0.12, 10.0.1226.42308), X64 RyuJIT x86-64-v4
// GC=Concurrent Workstation
// HardwareIntrinsics=AVX512 BITALG+VBMI2+VNNI+VPOPCNTDQ,AVX512 IFMA+VBMI,AVX512 F+BW+CD+DQ+VL,AVX2+BMI1+BMI2+F16C+FMA+LZCNT+MOVBE,AVX,SSE3+SSSE3+SSE4.1+SSE4.2+POPCNT,X86Base+SSE+SSE2,AES+PCLMUL,AvxVnni VectorSize=256
// Job: ShortRun(InvocationCount=1, IterationCount=3, LaunchCount=1, UnrollFactor=1, WarmupCount=3)

OverheadJitting  1: 1 op, 266660.00 ns, 266.6600 us/op
WorkloadJitting  1: 1 op, 84038469.00 ns, 84.0385 ms/op

OverheadWarmup   1: 1 op, 702.00 ns, 702.0000 ns/op
OverheadWarmup   2: 1 op, 521.00 ns, 521.0000 ns/op
OverheadWarmup   3: 1 op, 371.00 ns, 371.0000 ns/op
OverheadWarmup   4: 1 op, 390.00 ns, 390.0000 ns/op
OverheadWarmup   5: 1 op, 391.00 ns, 391.0000 ns/op
OverheadWarmup   6: 1 op, 321.00 ns, 321.0000 ns/op
OverheadWarmup   7: 1 op, 411.00 ns, 411.0000 ns/op
OverheadWarmup   8: 1 op, 511.00 ns, 511.0000 ns/op
OverheadWarmup   9: 1 op, 430.00 ns, 430.0000 ns/op

OverheadActual   1: 1 op, 390.00 ns, 390.0000 ns/op
OverheadActual   2: 1 op, 410.00 ns, 410.0000 ns/op
OverheadActual   3: 1 op, 501.00 ns, 501.0000 ns/op
OverheadActual   4: 1 op, 421.00 ns, 421.0000 ns/op
OverheadActual   5: 1 op, 420.00 ns, 420.0000 ns/op
OverheadActual   6: 1 op, 411.00 ns, 411.0000 ns/op
OverheadActual   7: 1 op, 421.00 ns, 421.0000 ns/op
OverheadActual   8: 1 op, 421.00 ns, 421.0000 ns/op
OverheadActual   9: 1 op, 380.00 ns, 380.0000 ns/op
OverheadActual  10: 1 op, 682.00 ns, 682.0000 ns/op
OverheadActual  11: 1 op, 391.00 ns, 391.0000 ns/op
OverheadActual  12: 1 op, 410.00 ns, 410.0000 ns/op
OverheadActual  13: 1 op, 421.00 ns, 421.0000 ns/op
OverheadActual  14: 1 op, 421.00 ns, 421.0000 ns/op
OverheadActual  15: 1 op, 420.00 ns, 420.0000 ns/op

WorkloadWarmup   1: 1 op, 32574952.00 ns, 32.5750 ms/op
WorkloadWarmup   2: 1 op, 31127177.00 ns, 31.1272 ms/op
WorkloadWarmup   3: 1 op, 32884248.00 ns, 32.8842 ms/op

// BeforeActualRun
WorkloadActual   1: 1 op, 31892859.00 ns, 31.8929 ms/op
WorkloadActual   2: 1 op, 30358203.00 ns, 30.3582 ms/op
WorkloadActual   3: 1 op, 31306246.00 ns, 31.3062 ms/op

// AfterActualRun
WorkloadResult   1: 1 op, 31892439.00 ns, 31.8924 ms/op
WorkloadResult   2: 1 op, 30357783.00 ns, 30.3578 ms/op
WorkloadResult   3: 1 op, 31305826.00 ns, 31.3058 ms/op
// GC:  0 0 0 36784 1
// Threading:  0 0 1

// AfterAll
// Benchmark Process 1365825 has exited with code 0.

Mean = 31.185 ms, StdErr = 0.447 ms (1.43%), N = 3, StdDev = 0.774 ms
Min = 30.358 ms, Q1 = 30.832 ms, Median = 31.306 ms, Q3 = 31.599 ms, Max = 31.892 ms
IQR = 0.767 ms, LowerFence = 29.681 ms, UpperFence = 32.750 ms
ConfidenceInterval = [17.058 ms; 45.313 ms] (CI 99.9%), Margin = 14.128 ms (45.30% of Mean)
Skewness = -0.15, Kurtosis = 0.67, MValue = 2

// ** Remained 59 (93.7%) benchmark(s) to run. Estimated finish 2026-09-22 14:56 (0h 0m from now) **
// **************************
// Benchmark: SessionSetupDecompositionBenchmarks.StageS4_ReadinessTeardownOutsideAsync: ShortRun(InvocationCount=1, IterationCount=3, LaunchCount=1, UnrollFactor=1, WarmupCount=3) [Sessions=1]
// *** Execute ***
// Launch: 1 / 1
// Execute: dotnet WinForward.Benchmarks-ShortRun-1.dll --anonymousPipes 123 125 --benchmarkName "WinForward.Benchmarks.Perf.SessionSetupDecompositionBenchmarks.StageS4_ReadinessTeardownOutsideAsync(Sessions: 1)" --job ShortRun --benchmarkId 4 in /home/paff/Projects/WinForward/benchmarks/WinForward.Benchmarks/bin/Release/net10.0/WinForward.Benchmarks-ShortRun-1/bin/Release/net10.0
// Failed to set up high priority (Permission denied). In order to run benchmarks with high priority, make sure you have the right permissions.
// BeforeAnythingElse

// Benchmark Process Environment Information:
// BenchmarkDotNet v0.15.8
// Runtime=.NET 10.0.12 (10.0.12, 10.0.1226.42308), X64 RyuJIT x86-64-v4
// GC=Concurrent Workstation
// HardwareIntrinsics=AVX512 BITALG+VBMI2+VNNI+VPOPCNTDQ,AVX512 IFMA+VBMI,AVX512 F+BW+CD+DQ+VL,AVX2+BMI1+BMI2+F16C+FMA+LZCNT+MOVBE,AVX,SSE3+SSSE3+SSE4.1+SSE4.2+POPCNT,X86Base+SSE+SSE2,AES+PCLMUL,AvxVnni VectorSize=256
// Job: ShortRun(InvocationCount=1, IterationCount=3, LaunchCount=1, UnrollFactor=1, WarmupCount=3)

OverheadJitting  1: 1 op, 466930.00 ns, 466.9300 us/op
WorkloadJitting  1: 1 op, 85206100.00 ns, 85.2061 ms/op

OverheadWarmup   1: 1 op, 852.00 ns, 852.0000 ns/op
OverheadWarmup   2: 1 op, 451.00 ns, 451.0000 ns/op
OverheadWarmup   3: 1 op, 411.00 ns, 411.0000 ns/op
OverheadWarmup   4: 1 op, 401.00 ns, 401.0000 ns/op
OverheadWarmup   5: 1 op, 410.00 ns, 410.0000 ns/op
OverheadWarmup   6: 1 op, 441.00 ns, 441.0000 ns/op
OverheadWarmup   7: 1 op, 792.00 ns, 792.0000 ns/op
OverheadWarmup   8: 1 op, 531.00 ns, 531.0000 ns/op
OverheadWarmup   9: 1 op, 431.00 ns, 431.0000 ns/op
OverheadWarmup  10: 1 op, 381.00 ns, 381.0000 ns/op

OverheadActual   1: 1 op, 702.00 ns, 702.0000 ns/op
OverheadActual   2: 1 op, 631.00 ns, 631.0000 ns/op
OverheadActual   3: 1 op, 992.00 ns, 992.0000 ns/op
OverheadActual   4: 1 op, 621.00 ns, 621.0000 ns/op
OverheadActual   5: 1 op, 481.00 ns, 481.0000 ns/op
OverheadActual   6: 1 op, 792.00 ns, 792.0000 ns/op
OverheadActual   7: 1 op, 641.00 ns, 641.0000 ns/op
OverheadActual   8: 1 op, 361.00 ns, 361.0000 ns/op
OverheadActual   9: 1 op, 381.00 ns, 381.0000 ns/op
OverheadActual  10: 1 op, 281.00 ns, 281.0000 ns/op
OverheadActual  11: 1 op, 271.00 ns, 271.0000 ns/op
OverheadActual  12: 1 op, 280.00 ns, 280.0000 ns/op
OverheadActual  13: 1 op, 431.00 ns, 431.0000 ns/op
OverheadActual  14: 1 op, 270.00 ns, 270.0000 ns/op
OverheadActual  15: 1 op, 401.00 ns, 401.0000 ns/op
OverheadActual  16: 1 op, 411.00 ns, 411.0000 ns/op
OverheadActual  17: 1 op, 401.00 ns, 401.0000 ns/op
OverheadActual  18: 1 op, 280.00 ns, 280.0000 ns/op
OverheadActual  19: 1 op, 251.00 ns, 251.0000 ns/op
OverheadActual  20: 1 op, 241.00 ns, 241.0000 ns/op

WorkloadWarmup   1: 1 op, 32233192.00 ns, 32.2332 ms/op
WorkloadWarmup   2: 1 op, 31199397.00 ns, 31.1994 ms/op
WorkloadWarmup   3: 1 op, 31001360.00 ns, 31.0014 ms/op

// BeforeActualRun
WorkloadActual   1: 1 op, 32521599.00 ns, 32.5216 ms/op
WorkloadActual   2: 1 op, 34398372.00 ns, 34.3984 ms/op
WorkloadActual   3: 1 op, 31130717.00 ns, 31.1307 ms/op

// AfterActualRun
WorkloadResult   1: 1 op, 32521198.00 ns, 32.5212 ms/op
WorkloadResult   2: 1 op, 34397971.00 ns, 34.3980 ms/op
WorkloadResult   3: 1 op, 31130316.00 ns, 31.1303 ms/op
// GC:  0 0 0 35072 1
// Threading:  0 0 1

// AfterAll
// Benchmark Process 1366350 has exited with code 0.

Mean = 32.683 ms, StdErr = 0.947 ms (2.90%), N = 3, StdDev = 1.640 ms
Min = 31.130 ms, Q1 = 31.826 ms, Median = 32.521 ms, Q3 = 33.460 ms, Max = 34.398 ms
IQR = 1.634 ms, LowerFence = 29.375 ms, UpperFence = 35.910 ms
ConfidenceInterval = [2.766 ms; 62.600 ms] (CI 99.9%), Margin = 29.917 ms (91.54% of Mean)
Skewness = 0.1, Kurtosis = 0.67, MValue = 2

// ** Remained 58 (92.1%) benchmark(s) to run. Estimated finish 2026-09-22 14:56 (0h 0m from now) **
// **************************
// Benchmark: SessionSetupDecompositionBenchmarks.StageS5_ReadinessTeardownInsideAsync: ShortRun(InvocationCount=1, IterationCount=3, LaunchCount=1, UnrollFactor=1, WarmupCount=3) [Sessions=1]
// *** Execute ***
// Launch: 1 / 1
// Execute: dotnet WinForward.Benchmarks-ShortRun-1.dll --anonymousPipes 123 125 --benchmarkName "WinForward.Benchmarks.Perf.SessionSetupDecompositionBenchmarks.StageS5_ReadinessTeardownInsideAsync(Sessions: 1)" --job ShortRun --benchmarkId 5 in /home/paff/Projects/WinForward/benchmarks/WinForward.Benchmarks/bin/Release/net10.0/WinForward.Benchmarks-ShortRun-1/bin/Release/net10.0
// Failed to set up high priority (Permission denied). In order to run benchmarks with high priority, make sure you have the right permissions.
// BeforeAnythingElse

// Benchmark Process Environment Information:
// BenchmarkDotNet v0.15.8
// Runtime=.NET 10.0.12 (10.0.12, 10.0.1226.42308), X64 RyuJIT x86-64-v4
// GC=Concurrent Workstation
// HardwareIntrinsics=AVX512 BITALG+VBMI2+VNNI+VPOPCNTDQ,AVX512 IFMA+VBMI,AVX512 F+BW+CD+DQ+VL,AVX2+BMI1+BMI2+F16C+FMA+LZCNT+MOVBE,AVX,SSE3+SSSE3+SSE4.1+SSE4.2+POPCNT,X86Base+SSE+SSE2,AES+PCLMUL,AvxVnni VectorSize=256
// Job: ShortRun(InvocationCount=1, IterationCount=3, LaunchCount=1, UnrollFactor=1, WarmupCount=3)

OverheadJitting  1: 1 op, 262652.00 ns, 262.6520 us/op
WorkloadJitting  1: 1 op, 112488070.00 ns, 112.4881 ms/op

OverheadWarmup   1: 1 op, 1132.00 ns, 1.1320 us/op
OverheadWarmup   2: 1 op, 421.00 ns, 421.0000 ns/op
OverheadWarmup   3: 1 op, 421.00 ns, 421.0000 ns/op
OverheadWarmup   4: 1 op, 862.00 ns, 862.0000 ns/op
OverheadWarmup   5: 1 op, 802.00 ns, 802.0000 ns/op
OverheadWarmup   6: 1 op, 441.00 ns, 441.0000 ns/op
OverheadWarmup   7: 1 op, 531.00 ns, 531.0000 ns/op

OverheadActual   1: 1 op, 541.00 ns, 541.0000 ns/op
OverheadActual   2: 1 op, 471.00 ns, 471.0000 ns/op
OverheadActual   3: 1 op, 641.00 ns, 641.0000 ns/op
OverheadActual   4: 1 op, 521.00 ns, 521.0000 ns/op
OverheadActual   5: 1 op, 551.00 ns, 551.0000 ns/op
OverheadActual   6: 1 op, 531.00 ns, 531.0000 ns/op
OverheadActual   7: 1 op, 431.00 ns, 431.0000 ns/op
OverheadActual   8: 1 op, 791.00 ns, 791.0000 ns/op
OverheadActual   9: 1 op, 621.00 ns, 621.0000 ns/op
OverheadActual  10: 1 op, 391.00 ns, 391.0000 ns/op
OverheadActual  11: 1 op, 431.00 ns, 431.0000 ns/op
OverheadActual  12: 1 op, 441.00 ns, 441.0000 ns/op
OverheadActual  13: 1 op, 411.00 ns, 411.0000 ns/op
OverheadActual  14: 1 op, 421.00 ns, 421.0000 ns/op
OverheadActual  15: 1 op, 471.00 ns, 471.0000 ns/op
OverheadActual  16: 1 op, 902.00 ns, 902.0000 ns/op
OverheadActual  17: 1 op, 411.00 ns, 411.0000 ns/op
OverheadActual  18: 1 op, 491.00 ns, 491.0000 ns/op
OverheadActual  19: 1 op, 641.00 ns, 641.0000 ns/op
OverheadActual  20: 1 op, 541.00 ns, 541.0000 ns/op

WorkloadWarmup   1: 1 op, 47557715.00 ns, 47.5577 ms/op
WorkloadWarmup   2: 1 op, 47393559.00 ns, 47.3936 ms/op
WorkloadWarmup   3: 1 op, 48226460.00 ns, 48.2265 ms/op

// BeforeActualRun
WorkloadActual   1: 1 op, 48639299.00 ns, 48.6393 ms/op
WorkloadActual   2: 1 op, 46567512.00 ns, 46.5675 ms/op
WorkloadActual   3: 1 op, 46547292.00 ns, 46.5473 ms/op

// AfterActualRun
WorkloadResult   1: 1 op, 48638793.00 ns, 48.6388 ms/op
WorkloadResult   2: 1 op, 46567006.00 ns, 46.5670 ms/op
WorkloadResult   3: 1 op, 46546786.00 ns, 46.5468 ms/op
// GC:  0 0 0 100592 1
// Threading:  1 64 1
// Exceptions:  130

// AfterAll
// Benchmark Process 1366877 has exited with code 0.

Mean = 47.251 ms, StdErr = 0.694 ms (1.47%), N = 3, StdDev = 1.202 ms
Min = 46.547 ms, Q1 = 46.557 ms, Median = 46.567 ms, Q3 = 47.603 ms, Max = 48.639 ms
IQR = 1.046 ms, LowerFence = 44.988 ms, UpperFence = 49.172 ms
ConfidenceInterval = [25.321 ms; 69.180 ms] (CI 99.9%), Margin = 21.929 ms (46.41% of Mean)
Skewness = 0.38, Kurtosis = 0.67, MValue = 2

// ** Remained 57 (90.5%) benchmark(s) to run. Estimated finish 2026-09-22 14:56 (0h 0m from now) **
// **************************
// Benchmark: SessionSetupDecompositionBenchmarks.StageT1_SessionTeardownInsideAsync: ShortRun(InvocationCount=1, IterationCount=3, LaunchCount=1, UnrollFactor=1, WarmupCount=3) [Sessions=1]
// *** Execute ***
// Launch: 1 / 1
// Execute: dotnet WinForward.Benchmarks-ShortRun-1.dll --anonymousPipes 123 125 --benchmarkName "WinForward.Benchmarks.Perf.SessionSetupDecompositionBenchmarks.StageT1_SessionTeardownInsideAsync(Sessions: 1)" --job ShortRun --benchmarkId 6 in /home/paff/Projects/WinForward/benchmarks/WinForward.Benchmarks/bin/Release/net10.0/WinForward.Benchmarks-ShortRun-1/bin/Release/net10.0
// Failed to set up high priority (Permission denied). In order to run benchmarks with high priority, make sure you have the right permissions.
// BeforeAnythingElse

// Benchmark Process Environment Information:
// BenchmarkDotNet v0.15.8
// Runtime=.NET 10.0.12 (10.0.12, 10.0.1226.42308), X64 RyuJIT x86-64-v4
// GC=Concurrent Workstation
// HardwareIntrinsics=AVX512 BITALG+VBMI2+VNNI+VPOPCNTDQ,AVX512 IFMA+VBMI,AVX512 F+BW+CD+DQ+VL,AVX2+BMI1+BMI2+F16C+FMA+LZCNT+MOVBE,AVX,SSE3+SSSE3+SSE4.1+SSE4.2+POPCNT,X86Base+SSE+SSE2,AES+PCLMUL,AvxVnni VectorSize=256
// Job: ShortRun(InvocationCount=1, IterationCount=3, LaunchCount=1, UnrollFactor=1, WarmupCount=3)

OverheadJitting  1: 1 op, 335895.00 ns, 335.8950 us/op
WorkloadJitting  1: 1 op, 45324290.00 ns, 45.3243 ms/op

OverheadWarmup   1: 1 op, 621.00 ns, 621.0000 ns/op
OverheadWarmup   2: 1 op, 370.00 ns, 370.0000 ns/op
OverheadWarmup   3: 1 op, 491.00 ns, 491.0000 ns/op
OverheadWarmup   4: 1 op, 411.00 ns, 411.0000 ns/op
OverheadWarmup   5: 1 op, 841.00 ns, 841.0000 ns/op
OverheadWarmup   6: 1 op, 411.00 ns, 411.0000 ns/op

OverheadActual   1: 1 op, 431.00 ns, 431.0000 ns/op
OverheadActual   2: 1 op, 742.00 ns, 742.0000 ns/op
OverheadActual   3: 1 op, 902.00 ns, 902.0000 ns/op
OverheadActual   4: 1 op, 901.00 ns, 901.0000 ns/op
OverheadActual   5: 1 op, 531.00 ns, 531.0000 ns/op
OverheadActual   6: 1 op, 511.00 ns, 511.0000 ns/op
OverheadActual   7: 1 op, 541.00 ns, 541.0000 ns/op
OverheadActual   8: 1 op, 541.00 ns, 541.0000 ns/op
OverheadActual   9: 1 op, 712.00 ns, 712.0000 ns/op
OverheadActual  10: 1 op, 421.00 ns, 421.0000 ns/op
OverheadActual  11: 1 op, 431.00 ns, 431.0000 ns/op
OverheadActual  12: 1 op, 411.00 ns, 411.0000 ns/op
OverheadActual  13: 1 op, 431.00 ns, 431.0000 ns/op
OverheadActual  14: 1 op, 411.00 ns, 411.0000 ns/op
OverheadActual  15: 1 op, 411.00 ns, 411.0000 ns/op
OverheadActual  16: 1 op, 271.00 ns, 271.0000 ns/op
OverheadActual  17: 1 op, 281.00 ns, 281.0000 ns/op
OverheadActual  18: 1 op, 380.00 ns, 380.0000 ns/op
OverheadActual  19: 1 op, 521.00 ns, 521.0000 ns/op
OverheadActual  20: 1 op, 511.00 ns, 511.0000 ns/op

WorkloadWarmup   1: 1 op, 959223.00 ns, 959.2230 us/op
WorkloadWarmup   2: 1 op, 387802.00 ns, 387.8020 us/op
WorkloadWarmup   3: 1 op, 346511.00 ns, 346.5110 us/op

// BeforeActualRun
WorkloadActual   1: 1 op, 477633.00 ns, 477.6330 us/op
WorkloadActual   2: 1 op, 339080.00 ns, 339.0800 us/op
WorkloadActual   3: 1 op, 368649.00 ns, 368.6490 us/op

// AfterActualRun
WorkloadResult   1: 1 op, 477162.00 ns, 477.1620 us/op
WorkloadResult   2: 1 op, 338609.00 ns, 338.6090 us/op
WorkloadResult   3: 1 op, 368178.00 ns, 368.1780 us/op
// GC:  0 0 0 8200 1
// Threading:  1 0 1
// Exceptions:  2

// AfterAll
// Benchmark Process 1367408 has exited with code 0.

Mean = 394.650 us, StdErr = 42.130 us (10.68%), N = 3, StdDev = 72.971 us
Min = 338.609 us, Q1 = 353.394 us, Median = 368.178 us, Q3 = 422.670 us, Max = 477.162 us
IQR = 69.276 us, LowerFence = 249.479 us, UpperFence = 526.585 us
ConfidenceInterval = [-936.617 us; 1,725.916 us] (CI 99.9%), Margin = 1,331.266 us (337.33% of Mean)
Skewness = 0.32, Kurtosis = 0.67, MValue = 2

// ** Remained 56 (88.9%) benchmark(s) to run. Estimated finish 2026-09-22 14:56 (0h 0m from now) **
// **************************
// Benchmark: SessionSetupDecompositionBenchmarks.StageT3_ExpiryRetireInsideAsync: ShortRun(InvocationCount=1, IterationCount=3, LaunchCount=1, UnrollFactor=1, WarmupCount=3) [Sessions=1]
// *** Execute ***
// Launch: 1 / 1
// Execute: dotnet WinForward.Benchmarks-ShortRun-1.dll --anonymousPipes 123 125 --benchmarkName "WinForward.Benchmarks.Perf.SessionSetupDecompositionBenchmarks.StageT3_ExpiryRetireInsideAsync(Sessions: 1)" --job ShortRun --benchmarkId 7 in /home/paff/Projects/WinForward/benchmarks/WinForward.Benchmarks/bin/Release/net10.0/WinForward.Benchmarks-ShortRun-1/bin/Release/net10.0
// Failed to set up high priority (Permission denied). In order to run benchmarks with high priority, make sure you have the right permissions.
// BeforeAnythingElse

// Benchmark Process Environment Information:
// BenchmarkDotNet v0.15.8
// Runtime=.NET 10.0.12 (10.0.12, 10.0.1226.42308), X64 RyuJIT x86-64-v4
// GC=Concurrent Workstation
// HardwareIntrinsics=AVX512 BITALG+VBMI2+VNNI+VPOPCNTDQ,AVX512 IFMA+VBMI,AVX512 F+BW+CD+DQ+VL,AVX2+BMI1+BMI2+F16C+FMA+LZCNT+MOVBE,AVX,SSE3+SSSE3+SSE4.1+SSE4.2+POPCNT,X86Base+SSE+SSE2,AES+PCLMUL,AvxVnni VectorSize=256
// Job: ShortRun(InvocationCount=1, IterationCount=3, LaunchCount=1, UnrollFactor=1, WarmupCount=3)

OverheadJitting  1: 1 op, 348980.00 ns, 348.9800 us/op
WorkloadJitting  1: 1 op, 107131460.00 ns, 107.1315 ms/op

OverheadWarmup   1: 1 op, 882.00 ns, 882.0000 ns/op
OverheadWarmup   2: 1 op, 501.00 ns, 501.0000 ns/op
OverheadWarmup   3: 1 op, 932.00 ns, 932.0000 ns/op
OverheadWarmup   4: 1 op, 441.00 ns, 441.0000 ns/op
OverheadWarmup   5: 1 op, 401.00 ns, 401.0000 ns/op
OverheadWarmup   6: 1 op, 411.00 ns, 411.0000 ns/op
OverheadWarmup   7: 1 op, 290.00 ns, 290.0000 ns/op

OverheadActual   1: 1 op, 420.00 ns, 420.0000 ns/op
OverheadActual   2: 1 op, 531.00 ns, 531.0000 ns/op
OverheadActual   3: 1 op, 420.00 ns, 420.0000 ns/op
OverheadActual   4: 1 op, 420.00 ns, 420.0000 ns/op
OverheadActual   5: 1 op, 491.00 ns, 491.0000 ns/op
OverheadActual   6: 1 op, 441.00 ns, 441.0000 ns/op
OverheadActual   7: 1 op, 291.00 ns, 291.0000 ns/op
OverheadActual   8: 1 op, 281.00 ns, 281.0000 ns/op
OverheadActual   9: 1 op, 421.00 ns, 421.0000 ns/op
OverheadActual  10: 1 op, 521.00 ns, 521.0000 ns/op
OverheadActual  11: 1 op, 451.00 ns, 451.0000 ns/op
OverheadActual  12: 1 op, 401.00 ns, 401.0000 ns/op
OverheadActual  13: 1 op, 451.00 ns, 451.0000 ns/op
OverheadActual  14: 1 op, 290.00 ns, 290.0000 ns/op
OverheadActual  15: 1 op, 440.00 ns, 440.0000 ns/op
OverheadActual  16: 1 op, 320.00 ns, 320.0000 ns/op
OverheadActual  17: 1 op, 411.00 ns, 411.0000 ns/op
OverheadActual  18: 1 op, 291.00 ns, 291.0000 ns/op
OverheadActual  19: 1 op, 401.00 ns, 401.0000 ns/op
OverheadActual  20: 1 op, 290.00 ns, 290.0000 ns/op

WorkloadWarmup   1: 1 op, 31417349.00 ns, 31.4173 ms/op
WorkloadWarmup   2: 1 op, 32314225.00 ns, 32.3142 ms/op
WorkloadWarmup   3: 1 op, 32433843.00 ns, 32.4338 ms/op

// BeforeActualRun
WorkloadActual   1: 1 op, 32061613.00 ns, 32.0616 ms/op
WorkloadActual   2: 1 op, 32031422.00 ns, 32.0314 ms/op
WorkloadActual   3: 1 op, 33677503.00 ns, 33.6775 ms/op

// AfterActualRun
WorkloadResult   1: 1 op, 32061193.00 ns, 32.0612 ms/op
WorkloadResult   2: 1 op, 32031002.00 ns, 32.0310 ms/op
WorkloadResult   3: 1 op, 33677083.00 ns, 33.6771 ms/op
// GC:  0 0 0 38192 1
// Threading:  1 0 1
// Exceptions:  2

// AfterAll
// Benchmark Process 1367420 has exited with code 0.

Mean = 32.590 ms, StdErr = 0.544 ms (1.67%), N = 3, StdDev = 0.942 ms
Min = 32.031 ms, Q1 = 32.046 ms, Median = 32.061 ms, Q3 = 32.869 ms, Max = 33.677 ms
IQR = 0.823 ms, LowerFence = 30.812 ms, UpperFence = 34.104 ms
ConfidenceInterval = [15.408 ms; 49.771 ms] (CI 99.9%), Margin = 17.181 ms (52.72% of Mean)
Skewness = 0.38, Kurtosis = 0.67, MValue = 2

// ** Remained 55 (87.3%) benchmark(s) to run. Estimated finish 2026-09-22 14:56 (0h 0m from now) **
// **************************
// Benchmark: SessionSetupDecompositionBenchmarks.StageT5_NonThrowingParkTeardownAsync: ShortRun(InvocationCount=1, IterationCount=3, LaunchCount=1, UnrollFactor=1, WarmupCount=3) [Sessions=1]
// *** Execute ***
// Launch: 1 / 1
// Execute: dotnet WinForward.Benchmarks-ShortRun-1.dll --anonymousPipes 123 125 --benchmarkName "WinForward.Benchmarks.Perf.SessionSetupDecompositionBenchmarks.StageT5_NonThrowingParkTeardownAsync(Sessions: 1)" --job ShortRun --benchmarkId 8 in /home/paff/Projects/WinForward/benchmarks/WinForward.Benchmarks/bin/Release/net10.0/WinForward.Benchmarks-ShortRun-1/bin/Release/net10.0
// Failed to set up high priority (Permission denied). In order to run benchmarks with high priority, make sure you have the right permissions.
// BeforeAnythingElse

// Benchmark Process Environment Information:
// BenchmarkDotNet v0.15.8
// Runtime=.NET 10.0.12 (10.0.12, 10.0.1226.42308), X64 RyuJIT x86-64-v4
// GC=Concurrent Workstation
// HardwareIntrinsics=AVX512 BITALG+VBMI2+VNNI+VPOPCNTDQ,AVX512 IFMA+VBMI,AVX512 F+BW+CD+DQ+VL,AVX2+BMI1+BMI2+F16C+FMA+LZCNT+MOVBE,AVX,SSE3+SSSE3+SSE4.1+SSE4.2+POPCNT,X86Base+SSE+SSE2,AES+PCLMUL,AvxVnni VectorSize=256
// Job: ShortRun(InvocationCount=1, IterationCount=3, LaunchCount=1, UnrollFactor=1, WarmupCount=3)

OverheadJitting  1: 1 op, 393387.00 ns, 393.3870 us/op
WorkloadJitting  1: 1 op, 48108702.00 ns, 48.1087 ms/op

OverheadWarmup   1: 1 op, 832.00 ns, 832.0000 ns/op
OverheadWarmup   2: 1 op, 651.00 ns, 651.0000 ns/op
OverheadWarmup   3: 1 op, 441.00 ns, 441.0000 ns/op
OverheadWarmup   4: 1 op, 431.00 ns, 431.0000 ns/op
OverheadWarmup   5: 1 op, 441.00 ns, 441.0000 ns/op
OverheadWarmup   6: 1 op, 461.00 ns, 461.0000 ns/op
OverheadWarmup   7: 1 op, 441.00 ns, 441.0000 ns/op
OverheadWarmup   8: 1 op, 2365.00 ns, 2.3650 us/op
OverheadWarmup   9: 1 op, 291.00 ns, 291.0000 ns/op

OverheadActual   1: 1 op, 742.00 ns, 742.0000 ns/op
OverheadActual   2: 1 op, 421.00 ns, 421.0000 ns/op
OverheadActual   3: 1 op, 411.00 ns, 411.0000 ns/op
OverheadActual   4: 1 op, 420.00 ns, 420.0000 ns/op
OverheadActual   5: 1 op, 421.00 ns, 421.0000 ns/op
OverheadActual   6: 1 op, 401.00 ns, 401.0000 ns/op
OverheadActual   7: 1 op, 461.00 ns, 461.0000 ns/op
OverheadActual   8: 1 op, 401.00 ns, 401.0000 ns/op
OverheadActual   9: 1 op, 440.00 ns, 440.0000 ns/op
OverheadActual  10: 1 op, 632.00 ns, 632.0000 ns/op
OverheadActual  11: 1 op, 1142.00 ns, 1.1420 us/op
OverheadActual  12: 1 op, 562.00 ns, 562.0000 ns/op
OverheadActual  13: 1 op, 420.00 ns, 420.0000 ns/op
OverheadActual  14: 1 op, 410.00 ns, 410.0000 ns/op
OverheadActual  15: 1 op, 471.00 ns, 471.0000 ns/op
OverheadActual  16: 1 op, 551.00 ns, 551.0000 ns/op
OverheadActual  17: 1 op, 441.00 ns, 441.0000 ns/op
OverheadActual  18: 1 op, 421.00 ns, 421.0000 ns/op
OverheadActual  19: 1 op, 411.00 ns, 411.0000 ns/op
OverheadActual  20: 1 op, 952.00 ns, 952.0000 ns/op

WorkloadWarmup   1: 1 op, 816140.00 ns, 816.1400 us/op
WorkloadWarmup   2: 1 op, 369684.00 ns, 369.6840 us/op
WorkloadWarmup   3: 1 op, 393937.00 ns, 393.9370 us/op

// BeforeActualRun
WorkloadActual   1: 1 op, 382936.00 ns, 382.9360 us/op
WorkloadActual   2: 1 op, 685113.00 ns, 685.1130 us/op
WorkloadActual   3: 1 op, 340257.00 ns, 340.2570 us/op

// AfterActualRun
WorkloadResult   1: 1 op, 382505.50 ns, 382.5055 us/op
WorkloadResult   2: 1 op, 684682.50 ns, 684.6825 us/op
WorkloadResult   3: 1 op, 339826.50 ns, 339.8265 us/op
// GC:  0 0 0 7960 1
// Threading:  1 0 1

// AfterAll
// Benchmark Process 1367949 has exited with code 0.

Mean = 469.005 us, StdErr = 108.540 us (23.14%), N = 3, StdDev = 187.997 us
Min = 339.827 us, Q1 = 361.166 us, Median = 382.505 us, Q3 = 533.594 us, Max = 684.683 us
IQR = 172.428 us, LowerFence = 102.524 us, UpperFence = 792.236 us
ConfidenceInterval = [-2,960.767 us; 3,898.777 us] (CI 99.9%), Margin = 3,429.772 us (731.29% of Mean)
Skewness = 0.36, Kurtosis = 0.67, MValue = 2

// ** Remained 54 (85.7%) benchmark(s) to run. Estimated finish 2026-09-22 14:56 (0h 0m from now) **
// **************************
// Benchmark: SessionSetupDecompositionBenchmarks.BaselineF_FakeTransportCreationAsync: ShortRun(InvocationCount=1, IterationCount=3, LaunchCount=1, UnrollFactor=1, WarmupCount=3) [Sessions=1]
// *** Execute ***
// Launch: 1 / 1
// Execute: dotnet WinForward.Benchmarks-ShortRun-1.dll --anonymousPipes 123 125 --benchmarkName "WinForward.Benchmarks.Perf.SessionSetupDecompositionBenchmarks.BaselineF_FakeTransportCreationAsync(Sessions: 1)" --job ShortRun --benchmarkId 9 in /home/paff/Projects/WinForward/benchmarks/WinForward.Benchmarks/bin/Release/net10.0/WinForward.Benchmarks-ShortRun-1/bin/Release/net10.0
// Failed to set up high priority (Permission denied). In order to run benchmarks with high priority, make sure you have the right permissions.
// BeforeAnythingElse

// Benchmark Process Environment Information:
// BenchmarkDotNet v0.15.8
// Runtime=.NET 10.0.12 (10.0.12, 10.0.1226.42308), X64 RyuJIT x86-64-v4
// GC=Concurrent Workstation
// HardwareIntrinsics=AVX512 BITALG+VBMI2+VNNI+VPOPCNTDQ,AVX512 IFMA+VBMI,AVX512 F+BW+CD+DQ+VL,AVX2+BMI1+BMI2+F16C+FMA+LZCNT+MOVBE,AVX,SSE3+SSSE3+SSE4.1+SSE4.2+POPCNT,X86Base+SSE+SSE2,AES+PCLMUL,AvxVnni VectorSize=256
// Job: ShortRun(InvocationCount=1, IterationCount=3, LaunchCount=1, UnrollFactor=1, WarmupCount=3)

OverheadJitting  1: 1 op, 286338.00 ns, 286.3380 us/op
WorkloadJitting  1: 1 op, 7015962.00 ns, 7.0160 ms/op

OverheadWarmup   1: 1 op, 581.00 ns, 581.0000 ns/op
OverheadWarmup   2: 1 op, 932.00 ns, 932.0000 ns/op
OverheadWarmup   3: 1 op, 551.00 ns, 551.0000 ns/op
OverheadWarmup   4: 1 op, 451.00 ns, 451.0000 ns/op
OverheadWarmup   5: 1 op, 521.00 ns, 521.0000 ns/op
OverheadWarmup   6: 1 op, 521.00 ns, 521.0000 ns/op

OverheadActual   1: 1 op, 671.00 ns, 671.0000 ns/op
OverheadActual   2: 1 op, 421.00 ns, 421.0000 ns/op
OverheadActual   3: 1 op, 431.00 ns, 431.0000 ns/op
OverheadActual   4: 1 op, 401.00 ns, 401.0000 ns/op
OverheadActual   5: 1 op, 411.00 ns, 411.0000 ns/op
OverheadActual   6: 1 op, 411.00 ns, 411.0000 ns/op
OverheadActual   7: 1 op, 531.00 ns, 531.0000 ns/op
OverheadActual   8: 1 op, 1533.00 ns, 1.5330 us/op
OverheadActual   9: 1 op, 611.00 ns, 611.0000 ns/op
OverheadActual  10: 1 op, 501.00 ns, 501.0000 ns/op
OverheadActual  11: 1 op, 511.00 ns, 511.0000 ns/op
OverheadActual  12: 1 op, 411.00 ns, 411.0000 ns/op
OverheadActual  13: 1 op, 300.00 ns, 300.0000 ns/op
OverheadActual  14: 1 op, 672.00 ns, 672.0000 ns/op
OverheadActual  15: 1 op, 291.00 ns, 291.0000 ns/op
OverheadActual  16: 1 op, 300.00 ns, 300.0000 ns/op
OverheadActual  17: 1 op, 410.00 ns, 410.0000 ns/op
OverheadActual  18: 1 op, 410.00 ns, 410.0000 ns/op
OverheadActual  19: 1 op, 441.00 ns, 441.0000 ns/op
OverheadActual  20: 1 op, 271.00 ns, 271.0000 ns/op

WorkloadWarmup   1: 1 op, 118421.00 ns, 118.4210 us/op
WorkloadWarmup   2: 1 op, 10451.00 ns, 10.4510 us/op
WorkloadWarmup   3: 1 op, 8586.00 ns, 8.5860 us/op

// BeforeActualRun
WorkloadActual   1: 1 op, 8788.00 ns, 8.7880 us/op
WorkloadActual   2: 1 op, 8747.00 ns, 8.7470 us/op
WorkloadActual   3: 1 op, 8116.00 ns, 8.1160 us/op

// AfterActualRun
WorkloadResult   1: 1 op, 8372.00 ns, 8.3720 us/op
WorkloadResult   2: 1 op, 8331.00 ns, 8.3310 us/op
WorkloadResult   3: 1 op, 7700.00 ns, 7.7000 us/op
// GC:  0 0 0 136 1
// Threading:  0 0 1

// AfterAll
// Benchmark Process 1367961 has exited with code 0.

Mean = 8.134 us, StdErr = 0.217 us (2.67%), N = 3, StdDev = 0.377 us
Min = 7.700 us, Q1 = 8.015 us, Median = 8.331 us, Q3 = 8.351 us, Max = 8.372 us
IQR = 0.336 us, LowerFence = 7.511 us, UpperFence = 8.855 us
ConfidenceInterval = [1.262 us; 15.007 us] (CI 99.9%), Margin = 6.872 us (84.49% of Mean)
Skewness = -0.38, Kurtosis = 0.67, MValue = 2

// ** Remained 53 (84.1%) benchmark(s) to run. Estimated finish 2026-09-22 14:56 (0h 0m from now) **
// **************************
// Benchmark: SessionSetupDecompositionBenchmarks.BaselineH_FlowKeyConstruction: ShortRun(InvocationCount=1, IterationCount=3, LaunchCount=1, UnrollFactor=1, WarmupCount=3) [Sessions=1]
// *** Execute ***
// Launch: 1 / 1
// Execute: dotnet WinForward.Benchmarks-ShortRun-1.dll --anonymousPipes 123 125 --benchmarkName "WinForward.Benchmarks.Perf.SessionSetupDecompositionBenchmarks.BaselineH_FlowKeyConstruction(Sessions: 1)" --job ShortRun --benchmarkId 10 in /home/paff/Projects/WinForward/benchmarks/WinForward.Benchmarks/bin/Release/net10.0/WinForward.Benchmarks-ShortRun-1/bin/Release/net10.0
// Failed to set up high priority (Permission denied). In order to run benchmarks with high priority, make sure you have the right permissions.
// BeforeAnythingElse

// Benchmark Process Environment Information:
// BenchmarkDotNet v0.15.8
// Runtime=.NET 10.0.12 (10.0.12, 10.0.1226.42308), X64 RyuJIT x86-64-v4
// GC=Concurrent Workstation
// HardwareIntrinsics=AVX512 BITALG+VBMI2+VNNI+VPOPCNTDQ,AVX512 IFMA+VBMI,AVX512 F+BW+CD+DQ+VL,AVX2+BMI1+BMI2+F16C+FMA+LZCNT+MOVBE,AVX,SSE3+SSSE3+SSE4.1+SSE4.2+POPCNT,X86Base+SSE+SSE2,AES+PCLMUL,AvxVnni VectorSize=256
// Job: ShortRun(InvocationCount=1, IterationCount=3, LaunchCount=1, UnrollFactor=1, WarmupCount=3)

OverheadJitting  1: 1 op, 559872.00 ns, 559.8720 us/op
WorkloadJitting  1: 1 op, 7465560.00 ns, 7.4656 ms/op

OverheadWarmup   1: 1 op, 712.00 ns, 712.0000 ns/op
OverheadWarmup   2: 1 op, 451.00 ns, 451.0000 ns/op
OverheadWarmup   3: 1 op, 491.00 ns, 491.0000 ns/op
OverheadWarmup   4: 1 op, 401.00 ns, 401.0000 ns/op
OverheadWarmup   5: 1 op, 431.00 ns, 431.0000 ns/op
OverheadWarmup   6: 1 op, 451.00 ns, 451.0000 ns/op
OverheadWarmup   7: 1 op, 401.00 ns, 401.0000 ns/op

OverheadActual   1: 1 op, 681.00 ns, 681.0000 ns/op
OverheadActual   2: 1 op, 461.00 ns, 461.0000 ns/op
OverheadActual   3: 1 op, 431.00 ns, 431.0000 ns/op
OverheadActual   4: 1 op, 421.00 ns, 421.0000 ns/op
OverheadActual   5: 1 op, 390.00 ns, 390.0000 ns/op
OverheadActual   6: 1 op, 471.00 ns, 471.0000 ns/op
OverheadActual   7: 1 op, 311.00 ns, 311.0000 ns/op
OverheadActual   8: 1 op, 310.00 ns, 310.0000 ns/op
OverheadActual   9: 1 op, 261.00 ns, 261.0000 ns/op
OverheadActual  10: 1 op, 280.00 ns, 280.0000 ns/op
OverheadActual  11: 1 op, 391.00 ns, 391.0000 ns/op
OverheadActual  12: 1 op, 291.00 ns, 291.0000 ns/op
OverheadActual  13: 1 op, 321.00 ns, 321.0000 ns/op
OverheadActual  14: 1 op, 280.00 ns, 280.0000 ns/op
OverheadActual  15: 1 op, 291.00 ns, 291.0000 ns/op
OverheadActual  16: 1 op, 441.00 ns, 441.0000 ns/op
OverheadActual  17: 1 op, 401.00 ns, 401.0000 ns/op
OverheadActual  18: 1 op, 400.00 ns, 400.0000 ns/op
OverheadActual  19: 1 op, 431.00 ns, 431.0000 ns/op
OverheadActual  20: 1 op, 391.00 ns, 391.0000 ns/op

WorkloadWarmup   1: 1 op, 22334.00 ns, 22.3340 us/op
WorkloadWarmup   2: 1 op, 13416.00 ns, 13.4160 us/op
WorkloadWarmup   3: 1 op, 16953.00 ns, 16.9530 us/op

// BeforeActualRun
WorkloadActual   1: 1 op, 25380.00 ns, 25.3800 us/op
WorkloadActual   2: 1 op, 16913.00 ns, 16.9130 us/op
WorkloadActual   3: 1 op, 17394.00 ns, 17.3940 us/op

// AfterActualRun
WorkloadResult   1: 1 op, 24989.00 ns, 24.9890 us/op
WorkloadResult   2: 1 op, 16522.00 ns, 16.5220 us/op
WorkloadResult   3: 1 op, 17003.00 ns, 17.0030 us/op
// GC:  0 0 0 352 1
// Threading:  0 0 1

// AfterAll
// Benchmark Process 1367970 has exited with code 0.

Mean = 19.505 us, StdErr = 2.746 us (14.08%), N = 3, StdDev = 4.756 us
Min = 16.522 us, Q1 = 16.762 us, Median = 17.003 us, Q3 = 20.996 us, Max = 24.989 us
IQR = 4.234 us, LowerFence = 10.412 us, UpperFence = 27.346 us
ConfidenceInterval = [-67.256 us; 106.266 us] (CI 99.9%), Margin = 86.761 us (444.82% of Mean)
Skewness = 0.38, Kurtosis = 0.67, MValue = 2

// ** Remained 52 (82.5%) benchmark(s) to run. Estimated finish 2026-09-22 14:56 (0h 0m from now) **
// **************************
// Benchmark: SessionSetupDecompositionBenchmarks.ComponentC1_AssociationClaimRelease: ShortRun(InvocationCount=1, IterationCount=3, LaunchCount=1, UnrollFactor=1, WarmupCount=3) [Sessions=1]
// *** Execute ***
// Launch: 1 / 1
// Execute: dotnet WinForward.Benchmarks-ShortRun-1.dll --anonymousPipes 123 125 --benchmarkName "WinForward.Benchmarks.Perf.SessionSetupDecompositionBenchmarks.ComponentC1_AssociationClaimRelease(Sessions: 1)" --job ShortRun --benchmarkId 11 in /home/paff/Projects/WinForward/benchmarks/WinForward.Benchmarks/bin/Release/net10.0/WinForward.Benchmarks-ShortRun-1/bin/Release/net10.0
// Failed to set up high priority (Permission denied). In order to run benchmarks with high priority, make sure you have the right permissions.
// BeforeAnythingElse

// Benchmark Process Environment Information:
// BenchmarkDotNet v0.15.8
// Runtime=.NET 10.0.12 (10.0.12, 10.0.1226.42308), X64 RyuJIT x86-64-v4
// GC=Concurrent Workstation
// HardwareIntrinsics=AVX512 BITALG+VBMI2+VNNI+VPOPCNTDQ,AVX512 IFMA+VBMI,AVX512 F+BW+CD+DQ+VL,AVX2+BMI1+BMI2+F16C+FMA+LZCNT+MOVBE,AVX,SSE3+SSSE3+SSE4.1+SSE4.2+POPCNT,X86Base+SSE+SSE2,AES+PCLMUL,AvxVnni VectorSize=256
// Job: ShortRun(InvocationCount=1, IterationCount=3, LaunchCount=1, UnrollFactor=1, WarmupCount=3)

OverheadJitting  1: 1 op, 268864.00 ns, 268.8640 us/op
WorkloadJitting  1: 1 op, 19623269.00 ns, 19.6233 ms/op

OverheadWarmup   1: 1 op, 612.00 ns, 612.0000 ns/op
OverheadWarmup   2: 1 op, 481.00 ns, 481.0000 ns/op
OverheadWarmup   3: 1 op, 481.00 ns, 481.0000 ns/op
OverheadWarmup   4: 1 op, 431.00 ns, 431.0000 ns/op
OverheadWarmup   5: 1 op, 411.00 ns, 411.0000 ns/op
OverheadWarmup   6: 1 op, 240.00 ns, 240.0000 ns/op
OverheadWarmup   7: 1 op, 361.00 ns, 361.0000 ns/op
OverheadWarmup   8: 1 op, 461.00 ns, 461.0000 ns/op
OverheadWarmup   9: 1 op, 390.00 ns, 390.0000 ns/op

OverheadActual   1: 1 op, 431.00 ns, 431.0000 ns/op
OverheadActual   2: 1 op, 410.00 ns, 410.0000 ns/op
OverheadActual   3: 1 op, 401.00 ns, 401.0000 ns/op
OverheadActual   4: 1 op, 421.00 ns, 421.0000 ns/op
OverheadActual   5: 1 op, 421.00 ns, 421.0000 ns/op
OverheadActual   6: 1 op, 401.00 ns, 401.0000 ns/op
OverheadActual   7: 1 op, 331.00 ns, 331.0000 ns/op
OverheadActual   8: 1 op, 320.00 ns, 320.0000 ns/op
OverheadActual   9: 1 op, 411.00 ns, 411.0000 ns/op
OverheadActual  10: 1 op, 421.00 ns, 421.0000 ns/op
OverheadActual  11: 1 op, 390.00 ns, 390.0000 ns/op
OverheadActual  12: 1 op, 1132.00 ns, 1.1320 us/op
OverheadActual  13: 1 op, 411.00 ns, 411.0000 ns/op
OverheadActual  14: 1 op, 351.00 ns, 351.0000 ns/op
OverheadActual  15: 1 op, 400.00 ns, 400.0000 ns/op
OverheadActual  16: 1 op, 420.00 ns, 420.0000 ns/op
OverheadActual  17: 1 op, 381.00 ns, 381.0000 ns/op
OverheadActual  18: 1 op, 450.00 ns, 450.0000 ns/op
OverheadActual  19: 1 op, 461.00 ns, 461.0000 ns/op
OverheadActual  20: 1 op, 431.00 ns, 431.0000 ns/op

WorkloadWarmup   1: 1 op, 53424.00 ns, 53.4240 us/op
WorkloadWarmup   2: 1 op, 30780.00 ns, 30.7800 us/op
WorkloadWarmup   3: 1 op, 31231.00 ns, 31.2310 us/op

// BeforeActualRun
WorkloadActual   1: 1 op, 28125.00 ns, 28.1250 us/op
WorkloadActual   2: 1 op, 23636.00 ns, 23.6360 us/op
WorkloadActual   3: 1 op, 27724.00 ns, 27.7240 us/op

// AfterActualRun
WorkloadResult   1: 1 op, 27714.00 ns, 27.7140 us/op
WorkloadResult   2: 1 op, 23225.00 ns, 23.2250 us/op
WorkloadResult   3: 1 op, 27313.00 ns, 27.3130 us/op
// GC:  0 0 0 2120 1
// Threading:  0 0 1

// AfterAll
// Benchmark Process 1367984 has exited with code 0.

Mean = 26.084 us, StdErr = 1.434 us (5.50%), N = 3, StdDev = 2.484 us
Min = 23.225 us, Q1 = 25.269 us, Median = 27.313 us, Q3 = 27.514 us, Max = 27.714 us
IQR = 2.244 us, LowerFence = 21.902 us, UpperFence = 30.880 us
ConfidenceInterval = [-19.235 us; 71.403 us] (CI 99.9%), Margin = 45.319 us (173.74% of Mean)
Skewness = -0.37, Kurtosis = 0.67, MValue = 2

// ** Remained 51 (81.0%) benchmark(s) to run. Estimated finish 2026-09-22 14:56 (0h 0m from now) **
// **************************
// Benchmark: SessionSetupDecompositionBenchmarks.ComponentC2_SessionConstructStartAsync: ShortRun(InvocationCount=1, IterationCount=3, LaunchCount=1, UnrollFactor=1, WarmupCount=3) [Sessions=1]
// *** Execute ***
// Launch: 1 / 1
// Execute: dotnet WinForward.Benchmarks-ShortRun-1.dll --anonymousPipes 123 125 --benchmarkName "WinForward.Benchmarks.Perf.SessionSetupDecompositionBenchmarks.ComponentC2_SessionConstructStartAsync(Sessions: 1)" --job ShortRun --benchmarkId 12 in /home/paff/Projects/WinForward/benchmarks/WinForward.Benchmarks/bin/Release/net10.0/WinForward.Benchmarks-ShortRun-1/bin/Release/net10.0
// Failed to set up high priority (Permission denied). In order to run benchmarks with high priority, make sure you have the right permissions.
// BeforeAnythingElse

// Benchmark Process Environment Information:
// BenchmarkDotNet v0.15.8
// Runtime=.NET 10.0.12 (10.0.12, 10.0.1226.42308), X64 RyuJIT x86-64-v4
// GC=Concurrent Workstation
// HardwareIntrinsics=AVX512 BITALG+VBMI2+VNNI+VPOPCNTDQ,AVX512 IFMA+VBMI,AVX512 F+BW+CD+DQ+VL,AVX2+BMI1+BMI2+F16C+FMA+LZCNT+MOVBE,AVX,SSE3+SSSE3+SSE4.1+SSE4.2+POPCNT,X86Base+SSE+SSE2,AES+PCLMUL,AvxVnni VectorSize=256
// Job: ShortRun(InvocationCount=1, IterationCount=3, LaunchCount=1, UnrollFactor=1, WarmupCount=3)

OverheadJitting  1: 1 op, 354381.00 ns, 354.3810 us/op
WorkloadJitting  1: 1 op, 31721465.00 ns, 31.7215 ms/op

OverheadWarmup   1: 1 op, 791.00 ns, 791.0000 ns/op
OverheadWarmup   2: 1 op, 271.00 ns, 271.0000 ns/op
OverheadWarmup   3: 1 op, 270.00 ns, 270.0000 ns/op
OverheadWarmup   4: 1 op, 481.00 ns, 481.0000 ns/op
OverheadWarmup   5: 1 op, 301.00 ns, 301.0000 ns/op
OverheadWarmup   6: 1 op, 301.00 ns, 301.0000 ns/op
OverheadWarmup   7: 1 op, 741.00 ns, 741.0000 ns/op

OverheadActual   1: 1 op, 591.00 ns, 591.0000 ns/op
OverheadActual   2: 1 op, 441.00 ns, 441.0000 ns/op
OverheadActual   3: 1 op, 401.00 ns, 401.0000 ns/op
OverheadActual   4: 1 op, 381.00 ns, 381.0000 ns/op
OverheadActual   5: 1 op, 431.00 ns, 431.0000 ns/op
OverheadActual   6: 1 op, 431.00 ns, 431.0000 ns/op
OverheadActual   7: 1 op, 361.00 ns, 361.0000 ns/op
OverheadActual   8: 1 op, 280.00 ns, 280.0000 ns/op
OverheadActual   9: 1 op, 231.00 ns, 231.0000 ns/op
OverheadActual  10: 1 op, 351.00 ns, 351.0000 ns/op
OverheadActual  11: 1 op, 390.00 ns, 390.0000 ns/op
OverheadActual  12: 1 op, 381.00 ns, 381.0000 ns/op
OverheadActual  13: 1 op, 400.00 ns, 400.0000 ns/op
OverheadActual  14: 1 op, 431.00 ns, 431.0000 ns/op
OverheadActual  15: 1 op, 420.00 ns, 420.0000 ns/op
OverheadActual  16: 1 op, 361.00 ns, 361.0000 ns/op
OverheadActual  17: 1 op, 390.00 ns, 390.0000 ns/op
OverheadActual  18: 1 op, 420.00 ns, 420.0000 ns/op
OverheadActual  19: 1 op, 290.00 ns, 290.0000 ns/op
OverheadActual  20: 1 op, 281.00 ns, 281.0000 ns/op

WorkloadWarmup   1: 1 op, 168558.00 ns, 168.5580 us/op
WorkloadWarmup   2: 1 op, 44467.00 ns, 44.4670 us/op
WorkloadWarmup   3: 1 op, 40469.00 ns, 40.4690 us/op

// BeforeActualRun
WorkloadActual   1: 1 op, 70968.00 ns, 70.9680 us/op
WorkloadActual   2: 1 op, 43715.00 ns, 43.7150 us/op
WorkloadActual   3: 1 op, 39006.00 ns, 39.0060 us/op

// AfterActualRun
WorkloadResult   1: 1 op, 70578.00 ns, 70.5780 us/op
WorkloadResult   2: 1 op, 43325.00 ns, 43.3250 us/op
WorkloadResult   3: 1 op, 38616.00 ns, 38.6160 us/op
// GC:  0 0 0 5832 1
// Threading:  0 0 1

// AfterAll
// Benchmark Process 1367993 has exited with code 0.

Mean = 50.840 us, StdErr = 9.962 us (19.60%), N = 3, StdDev = 17.255 us
Min = 38.616 us, Q1 = 40.971 us, Median = 43.325 us, Q3 = 56.952 us, Max = 70.578 us
IQR = 15.981 us, LowerFence = 16.999 us, UpperFence = 80.923 us
ConfidenceInterval = [-263.961 us; 365.640 us] (CI 99.9%), Margin = 314.801 us (619.20% of Mean)
Skewness = 0.35, Kurtosis = 0.67, MValue = 2

// ** Remained 50 (79.4%) benchmark(s) to run. Estimated finish 2026-09-22 14:55 (0h 0m from now) **
// **************************
// Benchmark: SessionSetupDecompositionBenchmarks.ComponentC2a1_ContextRecordStaticLambda: ShortRun(InvocationCount=1, IterationCount=3, LaunchCount=1, UnrollFactor=1, WarmupCount=3) [Sessions=1]
// *** Execute ***
// Launch: 1 / 1
// Execute: dotnet WinForward.Benchmarks-ShortRun-1.dll --anonymousPipes 123 125 --benchmarkName "WinForward.Benchmarks.Perf.SessionSetupDecompositionBenchmarks.ComponentC2a1_ContextRecordStaticLambda(Sessions: 1)" --job ShortRun --benchmarkId 13 in /home/paff/Projects/WinForward/benchmarks/WinForward.Benchmarks/bin/Release/net10.0/WinForward.Benchmarks-ShortRun-1/bin/Release/net10.0
// Failed to set up high priority (Permission denied). In order to run benchmarks with high priority, make sure you have the right permissions.
// BeforeAnythingElse

// Benchmark Process Environment Information:
// BenchmarkDotNet v0.15.8
// Runtime=.NET 10.0.12 (10.0.12, 10.0.1226.42308), X64 RyuJIT x86-64-v4
// GC=Concurrent Workstation
// HardwareIntrinsics=AVX512 BITALG+VBMI2+VNNI+VPOPCNTDQ,AVX512 IFMA+VBMI,AVX512 F+BW+CD+DQ+VL,AVX2+BMI1+BMI2+F16C+FMA+LZCNT+MOVBE,AVX,SSE3+SSSE3+SSE4.1+SSE4.2+POPCNT,X86Base+SSE+SSE2,AES+PCLMUL,AvxVnni VectorSize=256
// Job: ShortRun(InvocationCount=1, IterationCount=3, LaunchCount=1, UnrollFactor=1, WarmupCount=3)

OverheadJitting  1: 1 op, 310164.00 ns, 310.1640 us/op
WorkloadJitting  1: 1 op, 20019710.00 ns, 20.0197 ms/op

OverheadWarmup   1: 1 op, 531.00 ns, 531.0000 ns/op
OverheadWarmup   2: 1 op, 461.00 ns, 461.0000 ns/op
OverheadWarmup   3: 1 op, 441.00 ns, 441.0000 ns/op
OverheadWarmup   4: 1 op, 411.00 ns, 411.0000 ns/op
OverheadWarmup   5: 1 op, 481.00 ns, 481.0000 ns/op
OverheadWarmup   6: 1 op, 461.00 ns, 461.0000 ns/op
OverheadWarmup   7: 1 op, 481.00 ns, 481.0000 ns/op
OverheadWarmup   8: 1 op, 471.00 ns, 471.0000 ns/op

OverheadActual   1: 1 op, 391.00 ns, 391.0000 ns/op
OverheadActual   2: 1 op, 411.00 ns, 411.0000 ns/op
OverheadActual   3: 1 op, 491.00 ns, 491.0000 ns/op
OverheadActual   4: 1 op, 421.00 ns, 421.0000 ns/op
OverheadActual   5: 1 op, 431.00 ns, 431.0000 ns/op
OverheadActual   6: 1 op, 420.00 ns, 420.0000 ns/op
OverheadActual   7: 1 op, 391.00 ns, 391.0000 ns/op
OverheadActual   8: 1 op, 361.00 ns, 361.0000 ns/op
OverheadActual   9: 1 op, 391.00 ns, 391.0000 ns/op
OverheadActual  10: 1 op, 440.00 ns, 440.0000 ns/op
OverheadActual  11: 1 op, 531.00 ns, 531.0000 ns/op
OverheadActual  12: 1 op, 390.00 ns, 390.0000 ns/op
OverheadActual  13: 1 op, 972.00 ns, 972.0000 ns/op
OverheadActual  14: 1 op, 501.00 ns, 501.0000 ns/op
OverheadActual  15: 1 op, 381.00 ns, 381.0000 ns/op
OverheadActual  16: 1 op, 420.00 ns, 420.0000 ns/op
OverheadActual  17: 1 op, 301.00 ns, 301.0000 ns/op
OverheadActual  18: 1 op, 591.00 ns, 591.0000 ns/op
OverheadActual  19: 1 op, 391.00 ns, 391.0000 ns/op
OverheadActual  20: 1 op, 421.00 ns, 421.0000 ns/op

WorkloadWarmup   1: 1 op, 76149.00 ns, 76.1490 us/op
WorkloadWarmup   2: 1 op, 32994.00 ns, 32.9940 us/op
WorkloadWarmup   3: 1 op, 34968.00 ns, 34.9680 us/op

// BeforeActualRun
WorkloadActual   1: 1 op, 52613.00 ns, 52.6130 us/op
WorkloadActual   2: 1 op, 20299.00 ns, 20.2990 us/op
WorkloadActual   3: 1 op, 24548.00 ns, 24.5480 us/op

// AfterActualRun
WorkloadResult   1: 1 op, 52193.00 ns, 52.1930 us/op
WorkloadResult   2: 1 op, 19879.00 ns, 19.8790 us/op
WorkloadResult   3: 1 op, 24128.00 ns, 24.1280 us/op
// GC:  0 0 0 4048 1
// Threading:  0 0 1

// AfterAll
// Benchmark Process 1368005 has exited with code 0.

Mean = 32.067 us, StdErr = 10.138 us (31.61%), N = 3, StdDev = 17.559 us
Min = 19.879 us, Q1 = 22.003 us, Median = 24.128 us, Q3 = 38.160 us, Max = 52.193 us
IQR = 16.157 us, LowerFence = -2.232 us, UpperFence = 62.396 us
ConfidenceInterval = [-288.273 us; 352.407 us] (CI 99.9%), Margin = 320.340 us (998.98% of Mean)
Skewness = 0.36, Kurtosis = 0.67, MValue = 2

// ** Remained 49 (77.8%) benchmark(s) to run. Estimated finish 2026-09-22 14:55 (0h 0m from now) **
// **************************
// Benchmark: SessionSetupDecompositionBenchmarks.ComponentC2a2_ContextRecordMethodGroup: ShortRun(InvocationCount=1, IterationCount=3, LaunchCount=1, UnrollFactor=1, WarmupCount=3) [Sessions=1]
// *** Execute ***
// Launch: 1 / 1
// Execute: dotnet WinForward.Benchmarks-ShortRun-1.dll --anonymousPipes 123 125 --benchmarkName "WinForward.Benchmarks.Perf.SessionSetupDecompositionBenchmarks.ComponentC2a2_ContextRecordMethodGroup(Sessions: 1)" --job ShortRun --benchmarkId 14 in /home/paff/Projects/WinForward/benchmarks/WinForward.Benchmarks/bin/Release/net10.0/WinForward.Benchmarks-ShortRun-1/bin/Release/net10.0
// Failed to set up high priority (Permission denied). In order to run benchmarks with high priority, make sure you have the right permissions.
// BeforeAnythingElse

// Benchmark Process Environment Information:
// BenchmarkDotNet v0.15.8
// Runtime=.NET 10.0.12 (10.0.12, 10.0.1226.42308), X64 RyuJIT x86-64-v4
// GC=Concurrent Workstation
// HardwareIntrinsics=AVX512 BITALG+VBMI2+VNNI+VPOPCNTDQ,AVX512 IFMA+VBMI,AVX512 F+BW+CD+DQ+VL,AVX2+BMI1+BMI2+F16C+FMA+LZCNT+MOVBE,AVX,SSE3+SSSE3+SSE4.1+SSE4.2+POPCNT,X86Base+SSE+SSE2,AES+PCLMUL,AvxVnni VectorSize=256
// Job: ShortRun(InvocationCount=1, IterationCount=3, LaunchCount=1, UnrollFactor=1, WarmupCount=3)

OverheadJitting  1: 1 op, 348830.00 ns, 348.8300 us/op
WorkloadJitting  1: 1 op, 18010164.00 ns, 18.0102 ms/op

OverheadWarmup   1: 1 op, 491.00 ns, 491.0000 ns/op
OverheadWarmup   2: 1 op, 291.00 ns, 291.0000 ns/op
OverheadWarmup   3: 1 op, 391.00 ns, 391.0000 ns/op
OverheadWarmup   4: 1 op, 400.00 ns, 400.0000 ns/op
OverheadWarmup   5: 1 op, 391.00 ns, 391.0000 ns/op
OverheadWarmup   6: 1 op, 320.00 ns, 320.0000 ns/op
OverheadWarmup   7: 1 op, 411.00 ns, 411.0000 ns/op
OverheadWarmup   8: 1 op, 281.00 ns, 281.0000 ns/op

OverheadActual   1: 1 op, 401.00 ns, 401.0000 ns/op
OverheadActual   2: 1 op, 421.00 ns, 421.0000 ns/op
OverheadActual   3: 1 op, 24848.00 ns, 24.8480 us/op
OverheadActual   4: 1 op, 531.00 ns, 531.0000 ns/op
OverheadActual   5: 1 op, 431.00 ns, 431.0000 ns/op
OverheadActual   6: 1 op, 391.00 ns, 391.0000 ns/op
OverheadActual   7: 1 op, 381.00 ns, 381.0000 ns/op
OverheadActual   8: 1 op, 380.00 ns, 380.0000 ns/op
OverheadActual   9: 1 op, 280.00 ns, 280.0000 ns/op
OverheadActual  10: 1 op, 401.00 ns, 401.0000 ns/op
OverheadActual  11: 1 op, 400.00 ns, 400.0000 ns/op
OverheadActual  12: 1 op, 401.00 ns, 401.0000 ns/op
OverheadActual  13: 1 op, 651.00 ns, 651.0000 ns/op
OverheadActual  14: 1 op, 411.00 ns, 411.0000 ns/op
OverheadActual  15: 1 op, 381.00 ns, 381.0000 ns/op
OverheadActual  16: 1 op, 371.00 ns, 371.0000 ns/op
OverheadActual  17: 1 op, 281.00 ns, 281.0000 ns/op
OverheadActual  18: 1 op, 281.00 ns, 281.0000 ns/op
OverheadActual  19: 1 op, 281.00 ns, 281.0000 ns/op
OverheadActual  20: 1 op, 441.00 ns, 441.0000 ns/op

WorkloadWarmup   1: 1 op, 113150.00 ns, 113.1500 us/op
WorkloadWarmup   2: 1 op, 28114.00 ns, 28.1140 us/op
WorkloadWarmup   3: 1 op, 25920.00 ns, 25.9200 us/op

// BeforeActualRun
WorkloadActual   1: 1 op, 54456.00 ns, 54.4560 us/op
WorkloadActual   2: 1 op, 51811.00 ns, 51.8110 us/op
WorkloadActual   3: 1 op, 20831.00 ns, 20.8310 us/op

// AfterActualRun
WorkloadResult   1: 1 op, 54055.50 ns, 54.0555 us/op
WorkloadResult   2: 1 op, 51410.50 ns, 51.4105 us/op
WorkloadResult   3: 1 op, 20430.50 ns, 20.4305 us/op
// GC:  0 0 0 4136 1
// Threading:  0 0 1

// AfterAll
// Benchmark Process 1368014 has exited with code 0.

Mean = 41.965 us, StdErr = 10.795 us (25.72%), N = 3, StdDev = 18.697 us
Min = 20.430 us, Q1 = 35.920 us, Median = 51.410 us, Q3 = 52.733 us, Max = 54.056 us
IQR = 16.812 us, LowerFence = 10.702 us, UpperFence = 77.952 us
ConfidenceInterval = [-299.132 us; 383.063 us] (CI 99.9%), Margin = 341.097 us (812.80% of Mean)
Skewness = -0.38, Kurtosis = 0.67, MValue = 2

// ** Remained 48 (76.2%) benchmark(s) to run. Estimated finish 2026-09-22 14:55 (0h 0m from now) **
// **************************
// Benchmark: SessionSetupDecompositionBenchmarks.ComponentC2b_SessionConstructOnly: ShortRun(InvocationCount=1, IterationCount=3, LaunchCount=1, UnrollFactor=1, WarmupCount=3) [Sessions=1]
// *** Execute ***
// Launch: 1 / 1
// Execute: dotnet WinForward.Benchmarks-ShortRun-1.dll --anonymousPipes 123 125 --benchmarkName "WinForward.Benchmarks.Perf.SessionSetupDecompositionBenchmarks.ComponentC2b_SessionConstructOnly(Sessions: 1)" --job ShortRun --benchmarkId 15 in /home/paff/Projects/WinForward/benchmarks/WinForward.Benchmarks/bin/Release/net10.0/WinForward.Benchmarks-ShortRun-1/bin/Release/net10.0
// Failed to set up high priority (Permission denied). In order to run benchmarks with high priority, make sure you have the right permissions.
// BeforeAnythingElse

// Benchmark Process Environment Information:
// BenchmarkDotNet v0.15.8
// Runtime=.NET 10.0.12 (10.0.12, 10.0.1226.42308), X64 RyuJIT x86-64-v4
// GC=Concurrent Workstation
// HardwareIntrinsics=AVX512 BITALG+VBMI2+VNNI+VPOPCNTDQ,AVX512 IFMA+VBMI,AVX512 F+BW+CD+DQ+VL,AVX2+BMI1+BMI2+F16C+FMA+LZCNT+MOVBE,AVX,SSE3+SSSE3+SSE4.1+SSE4.2+POPCNT,X86Base+SSE+SSE2,AES+PCLMUL,AvxVnni VectorSize=256
// Job: ShortRun(InvocationCount=1, IterationCount=3, LaunchCount=1, UnrollFactor=1, WarmupCount=3)

OverheadJitting  1: 1 op, 313651.00 ns, 313.6510 us/op
WorkloadJitting  1: 1 op, 21819157.00 ns, 21.8192 ms/op

OverheadWarmup   1: 1 op, 861.00 ns, 861.0000 ns/op
OverheadWarmup   2: 1 op, 381.00 ns, 381.0000 ns/op
OverheadWarmup   3: 1 op, 271.00 ns, 271.0000 ns/op
OverheadWarmup   4: 1 op, 361.00 ns, 361.0000 ns/op
OverheadWarmup   5: 1 op, 450.00 ns, 450.0000 ns/op
OverheadWarmup   6: 1 op, 290.00 ns, 290.0000 ns/op
OverheadWarmup   7: 1 op, 391.00 ns, 391.0000 ns/op
OverheadWarmup   8: 1 op, 381.00 ns, 381.0000 ns/op

OverheadActual   1: 1 op, 371.00 ns, 371.0000 ns/op
OverheadActual   2: 1 op, 351.00 ns, 351.0000 ns/op
OverheadActual   3: 1 op, 370.00 ns, 370.0000 ns/op
OverheadActual   4: 1 op, 381.00 ns, 381.0000 ns/op
OverheadActual   5: 1 op, 410.00 ns, 410.0000 ns/op
OverheadActual   6: 1 op, 280.00 ns, 280.0000 ns/op
OverheadActual   7: 1 op, 360.00 ns, 360.0000 ns/op
OverheadActual   8: 1 op, 361.00 ns, 361.0000 ns/op
OverheadActual   9: 1 op, 281.00 ns, 281.0000 ns/op
OverheadActual  10: 1 op, 371.00 ns, 371.0000 ns/op
OverheadActual  11: 1 op, 370.00 ns, 370.0000 ns/op
OverheadActual  12: 1 op, 361.00 ns, 361.0000 ns/op
OverheadActual  13: 1 op, 390.00 ns, 390.0000 ns/op
OverheadActual  14: 1 op, 551.00 ns, 551.0000 ns/op
OverheadActual  15: 1 op, 370.00 ns, 370.0000 ns/op
OverheadActual  16: 1 op, 361.00 ns, 361.0000 ns/op
OverheadActual  17: 1 op, 461.00 ns, 461.0000 ns/op
OverheadActual  18: 1 op, 531.00 ns, 531.0000 ns/op
OverheadActual  19: 1 op, 271.00 ns, 271.0000 ns/op
OverheadActual  20: 1 op, 391.00 ns, 391.0000 ns/op

WorkloadWarmup   1: 1 op, 76980.00 ns, 76.9800 us/op
WorkloadWarmup   2: 1 op, 36982.00 ns, 36.9820 us/op
WorkloadWarmup   3: 1 op, 31922.00 ns, 31.9220 us/op

// BeforeActualRun
WorkloadActual   1: 1 op, 103793.00 ns, 103.7930 us/op
WorkloadActual   2: 1 op, 27974.00 ns, 27.9740 us/op
WorkloadActual   3: 1 op, 30430.00 ns, 30.4300 us/op

// AfterActualRun
WorkloadResult   1: 1 op, 103423.00 ns, 103.4230 us/op
WorkloadResult   2: 1 op, 27604.00 ns, 27.6040 us/op
WorkloadResult   3: 1 op, 30060.00 ns, 30.0600 us/op
// GC:  0 0 0 4768 1
// Threading:  0 0 1

// AfterAll
// Benchmark Process 1368025 has exited with code 0.

Mean = 53.696 us, StdErr = 24.874 us (46.32%), N = 3, StdDev = 43.083 us
Min = 27.604 us, Q1 = 28.832 us, Median = 30.060 us, Q3 = 66.742 us, Max = 103.423 us
IQR = 37.910 us, LowerFence = -28.032 us, UpperFence = 123.606 us
ConfidenceInterval = [-732.292 us; 839.683 us] (CI 99.9%), Margin = 785.988 us (1463.78% of Mean)
Skewness = 0.38, Kurtosis = 0.67, MValue = 2

// ** Remained 47 (74.6%) benchmark(s) to run. Estimated finish 2026-09-22 14:55 (0h 0m from now) **
// **************************
// Benchmark: SessionSetupDecompositionBenchmarks.ComponentC2c1_ScopeConstructLinked: ShortRun(InvocationCount=1, IterationCount=3, LaunchCount=1, UnrollFactor=1, WarmupCount=3) [Sessions=1]
// *** Execute ***
// Launch: 1 / 1
// Execute: dotnet WinForward.Benchmarks-ShortRun-1.dll --anonymousPipes 123 125 --benchmarkName "WinForward.Benchmarks.Perf.SessionSetupDecompositionBenchmarks.ComponentC2c1_ScopeConstructLinked(Sessions: 1)" --job ShortRun --benchmarkId 16 in /home/paff/Projects/WinForward/benchmarks/WinForward.Benchmarks/bin/Release/net10.0/WinForward.Benchmarks-ShortRun-1/bin/Release/net10.0
// Failed to set up high priority (Permission denied). In order to run benchmarks with high priority, make sure you have the right permissions.
// BeforeAnythingElse

// Benchmark Process Environment Information:
// BenchmarkDotNet v0.15.8
// Runtime=.NET 10.0.12 (10.0.12, 10.0.1226.42308), X64 RyuJIT x86-64-v4
// GC=Concurrent Workstation
// HardwareIntrinsics=AVX512 BITALG+VBMI2+VNNI+VPOPCNTDQ,AVX512 IFMA+VBMI,AVX512 F+BW+CD+DQ+VL,AVX2+BMI1+BMI2+F16C+FMA+LZCNT+MOVBE,AVX,SSE3+SSSE3+SSE4.1+SSE4.2+POPCNT,X86Base+SSE+SSE2,AES+PCLMUL,AvxVnni VectorSize=256
// Job: ShortRun(InvocationCount=1, IterationCount=3, LaunchCount=1, UnrollFactor=1, WarmupCount=3)

OverheadJitting  1: 1 op, 327478.00 ns, 327.4780 us/op
WorkloadJitting  1: 1 op, 2183565.00 ns, 2.1836 ms/op

OverheadWarmup   1: 1 op, 561.00 ns, 561.0000 ns/op
OverheadWarmup   2: 1 op, 371.00 ns, 371.0000 ns/op
OverheadWarmup   3: 1 op, 681.00 ns, 681.0000 ns/op
OverheadWarmup   4: 1 op, 400.00 ns, 400.0000 ns/op
OverheadWarmup   5: 1 op, 421.00 ns, 421.0000 ns/op
OverheadWarmup   6: 1 op, 370.00 ns, 370.0000 ns/op

OverheadActual   1: 1 op, 561.00 ns, 561.0000 ns/op
OverheadActual   2: 1 op, 881.00 ns, 881.0000 ns/op
OverheadActual   3: 1 op, 872.00 ns, 872.0000 ns/op
OverheadActual   4: 1 op, 721.00 ns, 721.0000 ns/op
OverheadActual   5: 1 op, 491.00 ns, 491.0000 ns/op
OverheadActual   6: 1 op, 601.00 ns, 601.0000 ns/op
OverheadActual   7: 1 op, 701.00 ns, 701.0000 ns/op
OverheadActual   8: 1 op, 511.00 ns, 511.0000 ns/op
OverheadActual   9: 1 op, 401.00 ns, 401.0000 ns/op
OverheadActual  10: 1 op, 411.00 ns, 411.0000 ns/op
OverheadActual  11: 1 op, 381.00 ns, 381.0000 ns/op
OverheadActual  12: 1 op, 371.00 ns, 371.0000 ns/op
OverheadActual  13: 1 op, 381.00 ns, 381.0000 ns/op
OverheadActual  14: 1 op, 370.00 ns, 370.0000 ns/op
OverheadActual  15: 1 op, 310.00 ns, 310.0000 ns/op
OverheadActual  16: 1 op, 280.00 ns, 280.0000 ns/op
OverheadActual  17: 1 op, 281.00 ns, 281.0000 ns/op
OverheadActual  18: 1 op, 381.00 ns, 381.0000 ns/op
OverheadActual  19: 1 op, 270.00 ns, 270.0000 ns/op
OverheadActual  20: 1 op, 381.00 ns, 381.0000 ns/op

WorkloadWarmup   1: 1 op, 18176.00 ns, 18.1760 us/op
WorkloadWarmup   2: 1 op, 8927.00 ns, 8.9270 us/op
WorkloadWarmup   3: 1 op, 8657.00 ns, 8.6570 us/op

// BeforeActualRun
WorkloadActual   1: 1 op, 8717.00 ns, 8.7170 us/op
WorkloadActual   2: 1 op, 8376.00 ns, 8.3760 us/op
WorkloadActual   3: 1 op, 8186.00 ns, 8.1860 us/op

// AfterActualRun
WorkloadResult   1: 1 op, 8326.00 ns, 8.3260 us/op
WorkloadResult   2: 1 op, 7985.00 ns, 7.9850 us/op
WorkloadResult   3: 1 op, 7795.00 ns, 7.7950 us/op
// GC:  0 0 0 416 1
// Threading:  0 0 1

// AfterAll
// Benchmark Process 1368040 has exited with code 0.

Mean = 8.035 us, StdErr = 0.155 us (1.93%), N = 3, StdDev = 0.269 us
Min = 7.795 us, Q1 = 7.890 us, Median = 7.985 us, Q3 = 8.155 us, Max = 8.326 us
IQR = 0.266 us, LowerFence = 7.492 us, UpperFence = 8.554 us
ConfidenceInterval = [3.127 us; 12.944 us] (CI 99.9%), Margin = 4.909 us (61.09% of Mean)
Skewness = 0.18, Kurtosis = 0.67, MValue = 2

// ** Remained 46 (73.0%) benchmark(s) to run. Estimated finish 2026-09-22 14:55 (0h 0m from now) **
// **************************
// Benchmark: SessionSetupDecompositionBenchmarks.ComponentC2c2_ScopeConstructUnlinked: ShortRun(InvocationCount=1, IterationCount=3, LaunchCount=1, UnrollFactor=1, WarmupCount=3) [Sessions=1]
// *** Execute ***
// Launch: 1 / 1
// Execute: dotnet WinForward.Benchmarks-ShortRun-1.dll --anonymousPipes 123 125 --benchmarkName "WinForward.Benchmarks.Perf.SessionSetupDecompositionBenchmarks.ComponentC2c2_ScopeConstructUnlinked(Sessions: 1)" --job ShortRun --benchmarkId 17 in /home/paff/Projects/WinForward/benchmarks/WinForward.Benchmarks/bin/Release/net10.0/WinForward.Benchmarks-ShortRun-1/bin/Release/net10.0
// Failed to set up high priority (Permission denied). In order to run benchmarks with high priority, make sure you have the right permissions.
// BeforeAnythingElse

// Benchmark Process Environment Information:
// BenchmarkDotNet v0.15.8
// Runtime=.NET 10.0.12 (10.0.12, 10.0.1226.42308), X64 RyuJIT x86-64-v4
// GC=Concurrent Workstation
// HardwareIntrinsics=AVX512 BITALG+VBMI2+VNNI+VPOPCNTDQ,AVX512 IFMA+VBMI,AVX512 F+BW+CD+DQ+VL,AVX2+BMI1+BMI2+F16C+FMA+LZCNT+MOVBE,AVX,SSE3+SSSE3+SSE4.1+SSE4.2+POPCNT,X86Base+SSE+SSE2,AES+PCLMUL,AvxVnni VectorSize=256
// Job: ShortRun(InvocationCount=1, IterationCount=3, LaunchCount=1, UnrollFactor=1, WarmupCount=3)

OverheadJitting  1: 1 op, 347327.00 ns, 347.3270 us/op
WorkloadJitting  1: 1 op, 1838763.00 ns, 1.8388 ms/op

OverheadWarmup   1: 1 op, 992.00 ns, 992.0000 ns/op
OverheadWarmup   2: 1 op, 572.00 ns, 572.0000 ns/op
OverheadWarmup   3: 1 op, 561.00 ns, 561.0000 ns/op
OverheadWarmup   4: 1 op, 411.00 ns, 411.0000 ns/op
OverheadWarmup   5: 1 op, 431.00 ns, 431.0000 ns/op
OverheadWarmup   6: 1 op, 421.00 ns, 421.0000 ns/op
OverheadWarmup   7: 1 op, 390.00 ns, 390.0000 ns/op
OverheadWarmup   8: 1 op, 461.00 ns, 461.0000 ns/op
OverheadWarmup   9: 1 op, 401.00 ns, 401.0000 ns/op

OverheadActual   1: 1 op, 380.00 ns, 380.0000 ns/op
OverheadActual   2: 1 op, 401.00 ns, 401.0000 ns/op
OverheadActual   3: 1 op, 441.00 ns, 441.0000 ns/op
OverheadActual   4: 1 op, 681.00 ns, 681.0000 ns/op
OverheadActual   5: 1 op, 391.00 ns, 391.0000 ns/op
OverheadActual   6: 1 op, 281.00 ns, 281.0000 ns/op
OverheadActual   7: 1 op, 391.00 ns, 391.0000 ns/op
OverheadActual   8: 1 op, 411.00 ns, 411.0000 ns/op
OverheadActual   9: 1 op, 280.00 ns, 280.0000 ns/op
OverheadActual  10: 1 op, 281.00 ns, 281.0000 ns/op
OverheadActual  11: 1 op, 281.00 ns, 281.0000 ns/op
OverheadActual  12: 1 op, 280.00 ns, 280.0000 ns/op
OverheadActual  13: 1 op, 271.00 ns, 271.0000 ns/op
OverheadActual  14: 1 op, 301.00 ns, 301.0000 ns/op
OverheadActual  15: 1 op, 290.00 ns, 290.0000 ns/op
OverheadActual  16: 1 op, 391.00 ns, 391.0000 ns/op
OverheadActual  17: 1 op, 421.00 ns, 421.0000 ns/op
OverheadActual  18: 1 op, 361.00 ns, 361.0000 ns/op
OverheadActual  19: 1 op, 491.00 ns, 491.0000 ns/op
OverheadActual  20: 1 op, 300.00 ns, 300.0000 ns/op

WorkloadWarmup   1: 1 op, 7675.00 ns, 7.6750 us/op
WorkloadWarmup   2: 1 op, 5791.00 ns, 5.7910 us/op
WorkloadWarmup   3: 1 op, 4408.00 ns, 4.4080 us/op

// BeforeActualRun
WorkloadActual   1: 1 op, 6322.00 ns, 6.3220 us/op
WorkloadActual   2: 1 op, 16031.00 ns, 16.0310 us/op
WorkloadActual   3: 1 op, 6142.00 ns, 6.1420 us/op

// AfterActualRun
WorkloadResult   1: 1 op, 5951.50 ns, 5.9515 us/op
WorkloadResult   2: 1 op, 15660.50 ns, 15.6605 us/op
WorkloadResult   3: 1 op, 5771.50 ns, 5.7715 us/op
// GC:  0 0 0 208 1
// Threading:  0 0 1

// AfterAll
// Benchmark Process 1368049 has exited with code 0.

Mean = 9.128 us, StdErr = 3.267 us (35.79%), N = 3, StdDev = 5.658 us
Min = 5.771 us, Q1 = 5.862 us, Median = 5.952 us, Q3 = 10.806 us, Max = 15.661 us
IQR = 4.944 us, LowerFence = -1.555 us, UpperFence = 18.223 us
ConfidenceInterval = [-94.098 us; 112.354 us] (CI 99.9%), Margin = 103.226 us (1130.89% of Mean)
Skewness = 0.38, Kurtosis = 0.67, MValue = 2

// ** Remained 45 (71.4%) benchmark(s) to run. Estimated finish 2026-09-22 14:55 (0h 0m from now) **
// **************************
// Benchmark: SessionSetupDecompositionBenchmarks.ComponentC2e_LockConstruction: ShortRun(InvocationCount=1, IterationCount=3, LaunchCount=1, UnrollFactor=1, WarmupCount=3) [Sessions=1]
// *** Execute ***
// Launch: 1 / 1
// Execute: dotnet WinForward.Benchmarks-ShortRun-1.dll --anonymousPipes 123 125 --benchmarkName "WinForward.Benchmarks.Perf.SessionSetupDecompositionBenchmarks.ComponentC2e_LockConstruction(Sessions: 1)" --job ShortRun --benchmarkId 18 in /home/paff/Projects/WinForward/benchmarks/WinForward.Benchmarks/bin/Release/net10.0/WinForward.Benchmarks-ShortRun-1/bin/Release/net10.0
// Failed to set up high priority (Permission denied). In order to run benchmarks with high priority, make sure you have the right permissions.
// BeforeAnythingElse

// Benchmark Process Environment Information:
// BenchmarkDotNet v0.15.8
// Runtime=.NET 10.0.12 (10.0.12, 10.0.1226.42308), X64 RyuJIT x86-64-v4
// GC=Concurrent Workstation
// HardwareIntrinsics=AVX512 BITALG+VBMI2+VNNI+VPOPCNTDQ,AVX512 IFMA+VBMI,AVX512 F+BW+CD+DQ+VL,AVX2+BMI1+BMI2+F16C+FMA+LZCNT+MOVBE,AVX,SSE3+SSSE3+SSE4.1+SSE4.2+POPCNT,X86Base+SSE+SSE2,AES+PCLMUL,AvxVnni VectorSize=256
// Job: ShortRun(InvocationCount=1, IterationCount=3, LaunchCount=1, UnrollFactor=1, WarmupCount=3)

OverheadJitting  1: 1 op, 315304.00 ns, 315.3040 us/op
WorkloadJitting  1: 1 op, 1078029.00 ns, 1.0780 ms/op

OverheadWarmup   1: 1 op, 501.00 ns, 501.0000 ns/op
OverheadWarmup   2: 1 op, 501.00 ns, 501.0000 ns/op
OverheadWarmup   3: 1 op, 401.00 ns, 401.0000 ns/op
OverheadWarmup   4: 1 op, 821.00 ns, 821.0000 ns/op
OverheadWarmup   5: 1 op, 420.00 ns, 420.0000 ns/op

OverheadActual   1: 1 op, 401.00 ns, 401.0000 ns/op
OverheadActual   2: 1 op, 471.00 ns, 471.0000 ns/op
OverheadActual   3: 1 op, 611.00 ns, 611.0000 ns/op
OverheadActual   4: 1 op, 401.00 ns, 401.0000 ns/op
OverheadActual   5: 1 op, 411.00 ns, 411.0000 ns/op
OverheadActual   6: 1 op, 58474.00 ns, 58.4740 us/op
OverheadActual   7: 1 op, 421.00 ns, 421.0000 ns/op
OverheadActual   8: 1 op, 461.00 ns, 461.0000 ns/op
OverheadActual   9: 1 op, 411.00 ns, 411.0000 ns/op
OverheadActual  10: 1 op, 411.00 ns, 411.0000 ns/op
OverheadActual  11: 1 op, 621.00 ns, 621.0000 ns/op
OverheadActual  12: 1 op, 441.00 ns, 441.0000 ns/op
OverheadActual  13: 1 op, 421.00 ns, 421.0000 ns/op
OverheadActual  14: 1 op, 391.00 ns, 391.0000 ns/op
OverheadActual  15: 1 op, 411.00 ns, 411.0000 ns/op
OverheadActual  16: 1 op, 391.00 ns, 391.0000 ns/op
OverheadActual  17: 1 op, 360.00 ns, 360.0000 ns/op
OverheadActual  18: 1 op, 400.00 ns, 400.0000 ns/op
OverheadActual  19: 1 op, 430.00 ns, 430.0000 ns/op
OverheadActual  20: 1 op, 401.00 ns, 401.0000 ns/op

WorkloadWarmup   1: 1 op, 3788.00 ns, 3.7880 us/op
WorkloadWarmup   2: 1 op, 2795.00 ns, 2.7950 us/op
WorkloadWarmup   3: 1 op, 3036.00 ns, 3.0360 us/op

// BeforeActualRun
WorkloadActual   1: 1 op, 166614.00 ns, 166.6140 us/op
WorkloadActual   2: 1 op, 3817.00 ns, 3.8170 us/op
WorkloadActual   3: 1 op, 3758.00 ns, 3.7580 us/op

// AfterActualRun
WorkloadResult   1: 1 op, 166203.00 ns, 166.2030 us/op
WorkloadResult   2: 1 op, 3406.00 ns, 3.4060 us/op
WorkloadResult   3: 1 op, 3347.00 ns, 3.3470 us/op
// GC:  0 0 0 40 1
// Threading:  0 0 1

// AfterAll
// Benchmark Process 1368058 has exited with code 0.

Mean = 57.652 us, StdErr = 54.276 us (94.14%), N = 3, StdDev = 94.008 us
Min = 3.347 us, Q1 = 3.377 us, Median = 3.406 us, Q3 = 84.805 us, Max = 166.203 us
IQR = 81.428 us, LowerFence = -118.766 us, UpperFence = 206.946 us
ConfidenceInterval = [-1,657.403 us; 1,772.707 us] (CI 99.9%), Margin = 1,715.055 us (2974.84% of Mean)
Skewness = 0.38, Kurtosis = 0.67, MValue = 2

// ** Remained 44 (69.8%) benchmark(s) to run. Estimated finish 2026-09-22 14:55 (0h 0m from now) **
// **************************
// Benchmark: SessionSetupDecompositionBenchmarks.ComponentC2e_TaskCompletionSourceConstruction: ShortRun(InvocationCount=1, IterationCount=3, LaunchCount=1, UnrollFactor=1, WarmupCount=3) [Sessions=1]
// *** Execute ***
// Launch: 1 / 1
// Execute: dotnet WinForward.Benchmarks-ShortRun-1.dll --anonymousPipes 123 125 --benchmarkName "WinForward.Benchmarks.Perf.SessionSetupDecompositionBenchmarks.ComponentC2e_TaskCompletionSourceConstruction(Sessions: 1)" --job ShortRun --benchmarkId 19 in /home/paff/Projects/WinForward/benchmarks/WinForward.Benchmarks/bin/Release/net10.0/WinForward.Benchmarks-ShortRun-1/bin/Release/net10.0
// Failed to set up high priority (Permission denied). In order to run benchmarks with high priority, make sure you have the right permissions.
// BeforeAnythingElse

// Benchmark Process Environment Information:
// BenchmarkDotNet v0.15.8
// Runtime=.NET 10.0.12 (10.0.12, 10.0.1226.42308), X64 RyuJIT x86-64-v4
// GC=Concurrent Workstation
// HardwareIntrinsics=AVX512 BITALG+VBMI2+VNNI+VPOPCNTDQ,AVX512 IFMA+VBMI,AVX512 F+BW+CD+DQ+VL,AVX2+BMI1+BMI2+F16C+FMA+LZCNT+MOVBE,AVX,SSE3+SSSE3+SSE4.1+SSE4.2+POPCNT,X86Base+SSE+SSE2,AES+PCLMUL,AvxVnni VectorSize=256
// Job: ShortRun(InvocationCount=1, IterationCount=3, LaunchCount=1, UnrollFactor=1, WarmupCount=3)

OverheadJitting  1: 1 op, 318301.00 ns, 318.3010 us/op
WorkloadJitting  1: 1 op, 661489.00 ns, 661.4890 us/op

OverheadWarmup   1: 1 op, 691.00 ns, 691.0000 ns/op
OverheadWarmup   2: 1 op, 731.00 ns, 731.0000 ns/op
OverheadWarmup   3: 1 op, 721.00 ns, 721.0000 ns/op
OverheadWarmup   4: 1 op, 541.00 ns, 541.0000 ns/op
OverheadWarmup   5: 1 op, 652.00 ns, 652.0000 ns/op
OverheadWarmup   6: 1 op, 531.00 ns, 531.0000 ns/op

OverheadActual   1: 1 op, 791.00 ns, 791.0000 ns/op
OverheadActual   2: 1 op, 1092.00 ns, 1.0920 us/op
OverheadActual   3: 1 op, 731.00 ns, 731.0000 ns/op
OverheadActual   4: 1 op, 501.00 ns, 501.0000 ns/op
OverheadActual   5: 1 op, 892.00 ns, 892.0000 ns/op
OverheadActual   6: 1 op, 541.00 ns, 541.0000 ns/op
OverheadActual   7: 1 op, 401.00 ns, 401.0000 ns/op
OverheadActual   8: 1 op, 691.00 ns, 691.0000 ns/op
OverheadActual   9: 1 op, 531.00 ns, 531.0000 ns/op
OverheadActual  10: 1 op, 561.00 ns, 561.0000 ns/op
OverheadActual  11: 1 op, 571.00 ns, 571.0000 ns/op
OverheadActual  12: 1 op, 441.00 ns, 441.0000 ns/op
OverheadActual  13: 1 op, 1092.00 ns, 1.0920 us/op
OverheadActual  14: 1 op, 551.00 ns, 551.0000 ns/op
OverheadActual  15: 1 op, 411.00 ns, 411.0000 ns/op
OverheadActual  16: 1 op, 411.00 ns, 411.0000 ns/op
OverheadActual  17: 1 op, 701.00 ns, 701.0000 ns/op
OverheadActual  18: 1 op, 461.00 ns, 461.0000 ns/op
OverheadActual  19: 1 op, 571.00 ns, 571.0000 ns/op
OverheadActual  20: 1 op, 481.00 ns, 481.0000 ns/op

WorkloadWarmup   1: 1 op, 11372.00 ns, 11.3720 us/op
WorkloadWarmup   2: 1 op, 6462.00 ns, 6.4620 us/op
WorkloadWarmup   3: 1 op, 5341.00 ns, 5.3410 us/op

// BeforeActualRun
WorkloadActual   1: 1 op, 5702.00 ns, 5.7020 us/op
WorkloadActual   2: 1 op, 6342.00 ns, 6.3420 us/op
WorkloadActual   3: 1 op, 5241.00 ns, 5.2410 us/op

// AfterActualRun
WorkloadResult   1: 1 op, 5146.00 ns, 5.1460 us/op
WorkloadResult   2: 1 op, 5786.00 ns, 5.7860 us/op
WorkloadResult   3: 1 op, 4685.00 ns, 4.6850 us/op
// GC:  0 0 0 88 1
// Threading:  0 0 1

// AfterAll
// Benchmark Process 1368070 has exited with code 0.

Mean = 5.206 us, StdErr = 0.319 us (6.13%), N = 3, StdDev = 0.553 us
Min = 4.685 us, Q1 = 4.915 us, Median = 5.146 us, Q3 = 5.466 us, Max = 5.786 us
IQR = 0.550 us, LowerFence = 4.090 us, UpperFence = 6.292 us
ConfidenceInterval = [-4.882 us; 15.293 us] (CI 99.9%), Margin = 10.087 us (193.78% of Mean)
Skewness = 0.11, Kurtosis = 0.67, MValue = 2

// ** Remained 43 (68.3%) benchmark(s) to run. Estimated finish 2026-09-22 14:55 (0h 0m from now) **
// **************************
// Benchmark: SessionSetupDecompositionBenchmarks.ComponentC2e_LinkedTokenSourceConstruction: ShortRun(InvocationCount=1, IterationCount=3, LaunchCount=1, UnrollFactor=1, WarmupCount=3) [Sessions=1]
// *** Execute ***
// Launch: 1 / 1
// Execute: dotnet WinForward.Benchmarks-ShortRun-1.dll --anonymousPipes 123 125 --benchmarkName "WinForward.Benchmarks.Perf.SessionSetupDecompositionBenchmarks.ComponentC2e_LinkedTokenSourceConstruction(Sessions: 1)" --job ShortRun --benchmarkId 20 in /home/paff/Projects/WinForward/benchmarks/WinForward.Benchmarks/bin/Release/net10.0/WinForward.Benchmarks-ShortRun-1/bin/Release/net10.0
// Failed to set up high priority (Permission denied). In order to run benchmarks with high priority, make sure you have the right permissions.
// BeforeAnythingElse

// Benchmark Process Environment Information:
// BenchmarkDotNet v0.15.8
// Runtime=.NET 10.0.12 (10.0.12, 10.0.1226.42308), X64 RyuJIT x86-64-v4
// GC=Concurrent Workstation
// HardwareIntrinsics=AVX512 BITALG+VBMI2+VNNI+VPOPCNTDQ,AVX512 IFMA+VBMI,AVX512 F+BW+CD+DQ+VL,AVX2+BMI1+BMI2+F16C+FMA+LZCNT+MOVBE,AVX,SSE3+SSSE3+SSE4.1+SSE4.2+POPCNT,X86Base+SSE+SSE2,AES+PCLMUL,AvxVnni VectorSize=256
// Job: ShortRun(InvocationCount=1, IterationCount=3, LaunchCount=1, UnrollFactor=1, WarmupCount=3)

OverheadJitting  1: 1 op, 268333.00 ns, 268.3330 us/op
WorkloadJitting  1: 1 op, 1100594.00 ns, 1.1006 ms/op

OverheadWarmup   1: 1 op, 601.00 ns, 601.0000 ns/op
OverheadWarmup   2: 1 op, 341.00 ns, 341.0000 ns/op
OverheadWarmup   3: 1 op, 301.00 ns, 301.0000 ns/op
OverheadWarmup   4: 1 op, 281.00 ns, 281.0000 ns/op
OverheadWarmup   5: 1 op, 381.00 ns, 381.0000 ns/op
OverheadWarmup   6: 1 op, 411.00 ns, 411.0000 ns/op
OverheadWarmup   7: 1 op, 360.00 ns, 360.0000 ns/op
OverheadWarmup   8: 1 op, 441.00 ns, 441.0000 ns/op
OverheadWarmup   9: 1 op, 271.00 ns, 271.0000 ns/op

OverheadActual   1: 1 op, 441.00 ns, 441.0000 ns/op
OverheadActual   2: 1 op, 420.00 ns, 420.0000 ns/op
OverheadActual   3: 1 op, 390.00 ns, 390.0000 ns/op
OverheadActual   4: 1 op, 391.00 ns, 391.0000 ns/op
OverheadActual   5: 1 op, 370.00 ns, 370.0000 ns/op
OverheadActual   6: 1 op, 390.00 ns, 390.0000 ns/op
OverheadActual   7: 1 op, 411.00 ns, 411.0000 ns/op
OverheadActual   8: 1 op, 371.00 ns, 371.0000 ns/op
OverheadActual   9: 1 op, 461.00 ns, 461.0000 ns/op
OverheadActual  10: 1 op, 300.00 ns, 300.0000 ns/op
OverheadActual  11: 1 op, 251.00 ns, 251.0000 ns/op
OverheadActual  12: 1 op, 431.00 ns, 431.0000 ns/op
OverheadActual  13: 1 op, 421.00 ns, 421.0000 ns/op
OverheadActual  14: 1 op, 391.00 ns, 391.0000 ns/op
OverheadActual  15: 1 op, 631.00 ns, 631.0000 ns/op
OverheadActual  16: 1 op, 320.00 ns, 320.0000 ns/op
OverheadActual  17: 1 op, 411.00 ns, 411.0000 ns/op
OverheadActual  18: 1 op, 431.00 ns, 431.0000 ns/op
OverheadActual  19: 1 op, 441.00 ns, 441.0000 ns/op
OverheadActual  20: 1 op, 310.00 ns, 310.0000 ns/op

WorkloadWarmup   1: 1 op, 13386.00 ns, 13.3860 us/op
WorkloadWarmup   2: 1 op, 6152.00 ns, 6.1520 us/op
WorkloadWarmup   3: 1 op, 5621.00 ns, 5.6210 us/op

// BeforeActualRun
WorkloadActual   1: 1 op, 7174.00 ns, 7.1740 us/op
WorkloadActual   2: 1 op, 5571.00 ns, 5.5710 us/op
WorkloadActual   3: 1 op, 6963.00 ns, 6.9630 us/op

// AfterActualRun
WorkloadResult   1: 1 op, 6773.00 ns, 6.7730 us/op
WorkloadResult   2: 1 op, 5170.00 ns, 5.1700 us/op
WorkloadResult   3: 1 op, 6562.00 ns, 6.5620 us/op
// GC:  0 0 0 352 1
// Threading:  0 0 1

// AfterAll
// Benchmark Process 1368127 has exited with code 0.

Mean = 6.168 us, StdErr = 0.503 us (8.15%), N = 3, StdDev = 0.871 us
Min = 5.170 us, Q1 = 5.866 us, Median = 6.562 us, Q3 = 6.668 us, Max = 6.773 us
IQR = 0.801 us, LowerFence = 4.664 us, UpperFence = 7.870 us
ConfidenceInterval = [-9.722 us; 22.059 us] (CI 99.9%), Margin = 15.890 us (257.61% of Mean)
Skewness = -0.36, Kurtosis = 0.67, MValue = 2

// ** Remained 42 (66.7%) benchmark(s) to run. Estimated finish 2026-09-22 14:55 (0h 0m from now) **
// **************************
// Benchmark: SessionSetupDecompositionBenchmarks.StageS0_CoordinatorOnly: ShortRun(InvocationCount=1, IterationCount=3, LaunchCount=1, UnrollFactor=1, WarmupCount=3) [Sessions=100]
// *** Execute ***
// Launch: 1 / 1
// Execute: dotnet WinForward.Benchmarks-ShortRun-1.dll --anonymousPipes 123 125 --benchmarkName "WinForward.Benchmarks.Perf.SessionSetupDecompositionBenchmarks.StageS0_CoordinatorOnly(Sessions: 100)" --job ShortRun --benchmarkId 21 in /home/paff/Projects/WinForward/benchmarks/WinForward.Benchmarks/bin/Release/net10.0/WinForward.Benchmarks-ShortRun-1/bin/Release/net10.0
// Failed to set up high priority (Permission denied). In order to run benchmarks with high priority, make sure you have the right permissions.
// BeforeAnythingElse

// Benchmark Process Environment Information:
// BenchmarkDotNet v0.15.8
// Runtime=.NET 10.0.12 (10.0.12, 10.0.1226.42308), X64 RyuJIT x86-64-v4
// GC=Concurrent Workstation
// HardwareIntrinsics=AVX512 BITALG+VBMI2+VNNI+VPOPCNTDQ,AVX512 IFMA+VBMI,AVX512 F+BW+CD+DQ+VL,AVX2+BMI1+BMI2+F16C+FMA+LZCNT+MOVBE,AVX,SSE3+SSSE3+SSE4.1+SSE4.2+POPCNT,X86Base+SSE+SSE2,AES+PCLMUL,AvxVnni VectorSize=256
// Job: ShortRun(InvocationCount=1, IterationCount=3, LaunchCount=1, UnrollFactor=1, WarmupCount=3)

OverheadJitting  1: 1 op, 265367.00 ns, 265.3670 us/op
WorkloadJitting  1: 1 op, 7145122.00 ns, 7.1451 ms/op

OverheadWarmup   1: 1 op, 471.00 ns, 471.0000 ns/op
OverheadWarmup   2: 1 op, 441.00 ns, 441.0000 ns/op
OverheadWarmup   3: 1 op, 281.00 ns, 281.0000 ns/op
OverheadWarmup   4: 1 op, 440.00 ns, 440.0000 ns/op
OverheadWarmup   5: 1 op, 381.00 ns, 381.0000 ns/op
OverheadWarmup   6: 1 op, 481.00 ns, 481.0000 ns/op
OverheadWarmup   7: 1 op, 471.00 ns, 471.0000 ns/op

OverheadActual   1: 1 op, 381.00 ns, 381.0000 ns/op
OverheadActual   2: 1 op, 361.00 ns, 361.0000 ns/op
OverheadActual   3: 1 op, 431.00 ns, 431.0000 ns/op
OverheadActual   4: 1 op, 401.00 ns, 401.0000 ns/op
OverheadActual   5: 1 op, 390.00 ns, 390.0000 ns/op
OverheadActual   6: 1 op, 471.00 ns, 471.0000 ns/op
OverheadActual   7: 1 op, 280.00 ns, 280.0000 ns/op
OverheadActual   8: 1 op, 411.00 ns, 411.0000 ns/op
OverheadActual   9: 1 op, 291.00 ns, 291.0000 ns/op
OverheadActual  10: 1 op, 280.00 ns, 280.0000 ns/op
OverheadActual  11: 1 op, 381.00 ns, 381.0000 ns/op
OverheadActual  12: 1 op, 281.00 ns, 281.0000 ns/op
OverheadActual  13: 1 op, 632.00 ns, 632.0000 ns/op
OverheadActual  14: 1 op, 290.00 ns, 290.0000 ns/op
OverheadActual  15: 1 op, 291.00 ns, 291.0000 ns/op
OverheadActual  16: 1 op, 281.00 ns, 281.0000 ns/op
OverheadActual  17: 1 op, 401.00 ns, 401.0000 ns/op
OverheadActual  18: 1 op, 361.00 ns, 361.0000 ns/op
OverheadActual  19: 1 op, 421.00 ns, 421.0000 ns/op
OverheadActual  20: 1 op, 280.00 ns, 280.0000 ns/op

WorkloadWarmup   1: 1 op, 93683.00 ns, 93.6830 us/op
WorkloadWarmup   2: 1 op, 17824.00 ns, 17.8240 us/op
WorkloadWarmup   3: 1 op, 18056.00 ns, 18.0560 us/op

// BeforeActualRun
WorkloadActual   1: 1 op, 123741.00 ns, 123.7410 us/op
WorkloadActual   2: 1 op, 16803.00 ns, 16.8030 us/op
WorkloadActual   3: 1 op, 16733.00 ns, 16.7330 us/op

// AfterActualRun
WorkloadResult   1: 1 op, 123370.00 ns, 123.3700 us/op
WorkloadResult   2: 1 op, 16432.00 ns, 16.4320 us/op
WorkloadResult   3: 1 op, 16362.00 ns, 16.3620 us/op
// GC:  0 0 0 54456 1
// Threading:  0 0 1

// AfterAll
// Benchmark Process 1368136 has exited with code 0.

Mean = 52.055 us, StdErr = 35.658 us (68.50%), N = 3, StdDev = 61.761 us
Min = 16.362 us, Q1 = 16.397 us, Median = 16.432 us, Q3 = 69.901 us, Max = 123.370 us
IQR = 53.504 us, LowerFence = -63.859 us, UpperFence = 150.157 us
ConfidenceInterval = [-1,074.694 us; 1,178.803 us] (CI 99.9%), Margin = 1,126.749 us (2164.55% of Mean)
Skewness = 0.38, Kurtosis = 0.67, MValue = 2

// ** Remained 41 (65.1%) benchmark(s) to run. Estimated finish 2026-09-22 14:55 (0h 0m from now) **
// **************************
// Benchmark: SessionSetupDecompositionBenchmarks.StageS1_AdmissionOnlyAsync: ShortRun(InvocationCount=1, IterationCount=3, LaunchCount=1, UnrollFactor=1, WarmupCount=3) [Sessions=100]
// *** Execute ***
// Launch: 1 / 1
// Execute: dotnet WinForward.Benchmarks-ShortRun-1.dll --anonymousPipes 123 125 --benchmarkName "WinForward.Benchmarks.Perf.SessionSetupDecompositionBenchmarks.StageS1_AdmissionOnlyAsync(Sessions: 100)" --job ShortRun --benchmarkId 22 in /home/paff/Projects/WinForward/benchmarks/WinForward.Benchmarks/bin/Release/net10.0/WinForward.Benchmarks-ShortRun-1/bin/Release/net10.0
// Failed to set up high priority (Permission denied). In order to run benchmarks with high priority, make sure you have the right permissions.
// BeforeAnythingElse

// Benchmark Process Environment Information:
// BenchmarkDotNet v0.15.8
// Runtime=.NET 10.0.12 (10.0.12, 10.0.1226.42308), X64 RyuJIT x86-64-v4
// GC=Concurrent Workstation
// HardwareIntrinsics=AVX512 BITALG+VBMI2+VNNI+VPOPCNTDQ,AVX512 IFMA+VBMI,AVX512 F+BW+CD+DQ+VL,AVX2+BMI1+BMI2+F16C+FMA+LZCNT+MOVBE,AVX,SSE3+SSSE3+SSE4.1+SSE4.2+POPCNT,X86Base+SSE+SSE2,AES+PCLMUL,AvxVnni VectorSize=256
// Job: ShortRun(InvocationCount=1, IterationCount=3, LaunchCount=1, UnrollFactor=1, WarmupCount=3)

OverheadJitting  1: 1 op, 286058.00 ns, 286.0580 us/op
WorkloadJitting  1: 1 op, 24117650.00 ns, 24.1177 ms/op

OverheadWarmup   1: 1 op, 832.00 ns, 832.0000 ns/op
OverheadWarmup   2: 1 op, 471.00 ns, 471.0000 ns/op
OverheadWarmup   3: 1 op, 541.00 ns, 541.0000 ns/op
OverheadWarmup   4: 1 op, 911.00 ns, 911.0000 ns/op
OverheadWarmup   5: 1 op, 431.00 ns, 431.0000 ns/op
OverheadWarmup   6: 1 op, 431.00 ns, 431.0000 ns/op
OverheadWarmup   7: 1 op, 280.00 ns, 280.0000 ns/op

OverheadActual   1: 1 op, 391.00 ns, 391.0000 ns/op
OverheadActual   2: 1 op, 421.00 ns, 421.0000 ns/op
OverheadActual   3: 1 op, 441.00 ns, 441.0000 ns/op
OverheadActual   4: 1 op, 391.00 ns, 391.0000 ns/op
OverheadActual   5: 1 op, 391.00 ns, 391.0000 ns/op
OverheadActual   6: 1 op, 281.00 ns, 281.0000 ns/op
OverheadActual   7: 1 op, 441.00 ns, 441.0000 ns/op
OverheadActual   8: 1 op, 411.00 ns, 411.0000 ns/op
OverheadActual   9: 1 op, 431.00 ns, 431.0000 ns/op
OverheadActual  10: 1 op, 440.00 ns, 440.0000 ns/op
OverheadActual  11: 1 op, 271.00 ns, 271.0000 ns/op
OverheadActual  12: 1 op, 420.00 ns, 420.0000 ns/op
OverheadActual  13: 1 op, 421.00 ns, 421.0000 ns/op
OverheadActual  14: 1 op, 420.00 ns, 420.0000 ns/op
OverheadActual  15: 1 op, 431.00 ns, 431.0000 ns/op
OverheadActual  16: 1 op, 431.00 ns, 431.0000 ns/op
OverheadActual  17: 1 op, 481.00 ns, 481.0000 ns/op
OverheadActual  18: 1 op, 451.00 ns, 451.0000 ns/op
OverheadActual  19: 1 op, 401.00 ns, 401.0000 ns/op
OverheadActual  20: 1 op, 421.00 ns, 421.0000 ns/op

WorkloadWarmup   1: 1 op, 454926.00 ns, 454.9260 us/op
WorkloadWarmup   2: 1 op, 222133.00 ns, 222.1330 us/op
WorkloadWarmup   3: 1 op, 210591.00 ns, 210.5910 us/op

// BeforeActualRun
WorkloadActual   1: 1 op, 220229.00 ns, 220.2290 us/op
WorkloadActual   2: 1 op, 216051.00 ns, 216.0510 us/op
WorkloadActual   3: 1 op, 247963.00 ns, 247.9630 us/op

// AfterActualRun
WorkloadResult   1: 1 op, 219808.00 ns, 219.8080 us/op
WorkloadResult   2: 1 op, 215630.00 ns, 215.6300 us/op
WorkloadResult   3: 1 op, 247542.00 ns, 247.5420 us/op
// GC:  0 0 0 134928 1
// Threading:  0 0 1

// AfterAll
// Benchmark Process 1368145 has exited with code 0.

Mean = 227.660 us, StdErr = 10.014 us (4.40%), N = 3, StdDev = 17.345 us
Min = 215.630 us, Q1 = 217.719 us, Median = 219.808 us, Q3 = 233.675 us, Max = 247.542 us
IQR = 15.956 us, LowerFence = 193.785 us, UpperFence = 257.609 us
ConfidenceInterval = [-88.770 us; 544.090 us] (CI 99.9%), Margin = 316.430 us (138.99% of Mean)
Skewness = 0.36, Kurtosis = 0.67, MValue = 2

// ** Remained 40 (63.5%) benchmark(s) to run. Estimated finish 2026-09-22 14:55 (0h 0m from now) **
// **************************
// Benchmark: SessionSetupDecompositionBenchmarks.StageS2_SetupStartedAsync: ShortRun(InvocationCount=1, IterationCount=3, LaunchCount=1, UnrollFactor=1, WarmupCount=3) [Sessions=100]
// *** Execute ***
// Launch: 1 / 1
// Execute: dotnet WinForward.Benchmarks-ShortRun-1.dll --anonymousPipes 123 125 --benchmarkName "WinForward.Benchmarks.Perf.SessionSetupDecompositionBenchmarks.StageS2_SetupStartedAsync(Sessions: 100)" --job ShortRun --benchmarkId 23 in /home/paff/Projects/WinForward/benchmarks/WinForward.Benchmarks/bin/Release/net10.0/WinForward.Benchmarks-ShortRun-1/bin/Release/net10.0
// Failed to set up high priority (Permission denied). In order to run benchmarks with high priority, make sure you have the right permissions.
// BeforeAnythingElse

// Benchmark Process Environment Information:
// BenchmarkDotNet v0.15.8
// Runtime=.NET 10.0.12 (10.0.12, 10.0.1226.42308), X64 RyuJIT x86-64-v4
// GC=Concurrent Workstation
// HardwareIntrinsics=AVX512 BITALG+VBMI2+VNNI+VPOPCNTDQ,AVX512 IFMA+VBMI,AVX512 F+BW+CD+DQ+VL,AVX2+BMI1+BMI2+F16C+FMA+LZCNT+MOVBE,AVX,SSE3+SSSE3+SSE4.1+SSE4.2+POPCNT,X86Base+SSE+SSE2,AES+PCLMUL,AvxVnni VectorSize=256
// Job: ShortRun(InvocationCount=1, IterationCount=3, LaunchCount=1, UnrollFactor=1, WarmupCount=3)

OverheadJitting  1: 1 op, 350864.00 ns, 350.8640 us/op
WorkloadJitting  1: 1 op, 116585691.00 ns, 116.5857 ms/op

OverheadWarmup   1: 1 op, 611.00 ns, 611.0000 ns/op
OverheadWarmup   2: 1 op, 421.00 ns, 421.0000 ns/op
OverheadWarmup   3: 1 op, 511.00 ns, 511.0000 ns/op
OverheadWarmup   4: 1 op, 531.00 ns, 531.0000 ns/op
OverheadWarmup   5: 1 op, 431.00 ns, 431.0000 ns/op
OverheadWarmup   6: 1 op, 411.00 ns, 411.0000 ns/op
OverheadWarmup   7: 1 op, 351.00 ns, 351.0000 ns/op
OverheadWarmup   8: 1 op, 501.00 ns, 501.0000 ns/op
OverheadWarmup   9: 1 op, 651.00 ns, 651.0000 ns/op
OverheadWarmup  10: 1 op, 291.00 ns, 291.0000 ns/op

OverheadActual   1: 1 op, 440.00 ns, 440.0000 ns/op
OverheadActual   2: 1 op, 461.00 ns, 461.0000 ns/op
OverheadActual   3: 1 op, 391.00 ns, 391.0000 ns/op
OverheadActual   4: 1 op, 370.00 ns, 370.0000 ns/op
OverheadActual   5: 1 op, 461.00 ns, 461.0000 ns/op
OverheadActual   6: 1 op, 481.00 ns, 481.0000 ns/op
OverheadActual   7: 1 op, 431.00 ns, 431.0000 ns/op
OverheadActual   8: 1 op, 321.00 ns, 321.0000 ns/op
OverheadActual   9: 1 op, 481.00 ns, 481.0000 ns/op
OverheadActual  10: 1 op, 401.00 ns, 401.0000 ns/op
OverheadActual  11: 1 op, 511.00 ns, 511.0000 ns/op
OverheadActual  12: 1 op, 450.00 ns, 450.0000 ns/op
OverheadActual  13: 1 op, 260.00 ns, 260.0000 ns/op
OverheadActual  14: 1 op, 872.00 ns, 872.0000 ns/op
OverheadActual  15: 1 op, 440.00 ns, 440.0000 ns/op
OverheadActual  16: 1 op, 441.00 ns, 441.0000 ns/op
OverheadActual  17: 1 op, 441.00 ns, 441.0000 ns/op
OverheadActual  18: 1 op, 410.00 ns, 410.0000 ns/op
OverheadActual  19: 1 op, 431.00 ns, 431.0000 ns/op
OverheadActual  20: 1 op, 321.00 ns, 321.0000 ns/op

WorkloadWarmup   1: 1 op, 79183128.00 ns, 79.1831 ms/op
WorkloadWarmup   2: 1 op, 78782287.00 ns, 78.7823 ms/op
WorkloadWarmup   3: 1 op, 79351535.00 ns, 79.3515 ms/op

// BeforeActualRun
WorkloadActual   1: 1 op, 79484455.00 ns, 79.4845 ms/op
WorkloadActual   2: 1 op, 87233477.00 ns, 87.2335 ms/op
WorkloadActual   3: 1 op, 88139848.00 ns, 88.1398 ms/op

// AfterActualRun
WorkloadResult   1: 1 op, 79484015.00 ns, 79.4840 ms/op
WorkloadResult   2: 1 op, 87233037.00 ns, 87.2330 ms/op
WorkloadResult   3: 1 op, 88139408.00 ns, 88.1394 ms/op
// GC:  0 0 0 220936 1
// Threading:  4 14 1

// AfterAll
// Benchmark Process 1368154 has exited with code 0.

Mean = 84.952 ms, StdErr = 2.747 ms (3.23%), N = 3, StdDev = 4.757 ms
Min = 79.484 ms, Q1 = 83.359 ms, Median = 87.233 ms, Q3 = 87.686 ms, Max = 88.139 ms
IQR = 4.328 ms, LowerFence = 76.867 ms, UpperFence = 94.178 ms
ConfidenceInterval = [-1.837 ms; 171.741 ms] (CI 99.9%), Margin = 86.789 ms (102.16% of Mean)
Skewness = -0.37, Kurtosis = 0.67, MValue = 2

// ** Remained 39 (61.9%) benchmark(s) to run. Estimated finish 2026-09-22 14:55 (0h 0m from now) **
// **************************
// Benchmark: SessionSetupDecompositionBenchmarks.StageS3_PipelineNoPayloadAsync: ShortRun(InvocationCount=1, IterationCount=3, LaunchCount=1, UnrollFactor=1, WarmupCount=3) [Sessions=100]
// *** Execute ***
// Launch: 1 / 1
// Execute: dotnet WinForward.Benchmarks-ShortRun-1.dll --anonymousPipes 123 125 --benchmarkName "WinForward.Benchmarks.Perf.SessionSetupDecompositionBenchmarks.StageS3_PipelineNoPayloadAsync(Sessions: 100)" --job ShortRun --benchmarkId 24 in /home/paff/Projects/WinForward/benchmarks/WinForward.Benchmarks/bin/Release/net10.0/WinForward.Benchmarks-ShortRun-1/bin/Release/net10.0
// Failed to set up high priority (Permission denied). In order to run benchmarks with high priority, make sure you have the right permissions.
// BeforeAnythingElse

// Benchmark Process Environment Information:
// BenchmarkDotNet v0.15.8
// Runtime=.NET 10.0.12 (10.0.12, 10.0.1226.42308), X64 RyuJIT x86-64-v4
// GC=Concurrent Workstation
// HardwareIntrinsics=AVX512 BITALG+VBMI2+VNNI+VPOPCNTDQ,AVX512 IFMA+VBMI,AVX512 F+BW+CD+DQ+VL,AVX2+BMI1+BMI2+F16C+FMA+LZCNT+MOVBE,AVX,SSE3+SSSE3+SSE4.1+SSE4.2+POPCNT,X86Base+SSE+SSE2,AES+PCLMUL,AvxVnni VectorSize=256
// Job: ShortRun(InvocationCount=1, IterationCount=3, LaunchCount=1, UnrollFactor=1, WarmupCount=3)

OverheadJitting  1: 1 op, 406733.00 ns, 406.7330 us/op
WorkloadJitting  1: 1 op, 98594610.00 ns, 98.5946 ms/op

OverheadWarmup   1: 1 op, 712.00 ns, 712.0000 ns/op
OverheadWarmup   2: 1 op, 532.00 ns, 532.0000 ns/op
OverheadWarmup   3: 1 op, 431.00 ns, 431.0000 ns/op
OverheadWarmup   4: 1 op, 291.00 ns, 291.0000 ns/op
OverheadWarmup   5: 1 op, 461.00 ns, 461.0000 ns/op
OverheadWarmup   6: 1 op, 391.00 ns, 391.0000 ns/op
OverheadWarmup   7: 1 op, 331.00 ns, 331.0000 ns/op
OverheadWarmup   8: 1 op, 461.00 ns, 461.0000 ns/op
OverheadWarmup   9: 1 op, 411.00 ns, 411.0000 ns/op

OverheadActual   1: 1 op, 711.00 ns, 711.0000 ns/op
OverheadActual   2: 1 op, 401.00 ns, 401.0000 ns/op
OverheadActual   3: 1 op, 391.00 ns, 391.0000 ns/op
OverheadActual   4: 1 op, 421.00 ns, 421.0000 ns/op
OverheadActual   5: 1 op, 431.00 ns, 431.0000 ns/op
OverheadActual   6: 1 op, 371.00 ns, 371.0000 ns/op
OverheadActual   7: 1 op, 380.00 ns, 380.0000 ns/op
OverheadActual   8: 1 op, 381.00 ns, 381.0000 ns/op
OverheadActual   9: 1 op, 411.00 ns, 411.0000 ns/op
OverheadActual  10: 1 op, 421.00 ns, 421.0000 ns/op
OverheadActual  11: 1 op, 291.00 ns, 291.0000 ns/op
OverheadActual  12: 1 op, 441.00 ns, 441.0000 ns/op
OverheadActual  13: 1 op, 380.00 ns, 380.0000 ns/op
OverheadActual  14: 1 op, 401.00 ns, 401.0000 ns/op
OverheadActual  15: 1 op, 421.00 ns, 421.0000 ns/op
OverheadActual  16: 1 op, 371.00 ns, 371.0000 ns/op
OverheadActual  17: 1 op, 380.00 ns, 380.0000 ns/op
OverheadActual  18: 1 op, 411.00 ns, 411.0000 ns/op
OverheadActual  19: 1 op, 431.00 ns, 431.0000 ns/op
OverheadActual  20: 1 op, 411.00 ns, 411.0000 ns/op

WorkloadWarmup   1: 1 op, 40910144.00 ns, 40.9101 ms/op
WorkloadWarmup   2: 1 op, 40771515.00 ns, 40.7715 ms/op
WorkloadWarmup   3: 1 op, 38915463.00 ns, 38.9155 ms/op

// BeforeActualRun
WorkloadActual   1: 1 op, 40392817.00 ns, 40.3928 ms/op
WorkloadActual   2: 1 op, 44171208.00 ns, 44.1712 ms/op
WorkloadActual   3: 1 op, 39231392.00 ns, 39.2314 ms/op

// AfterActualRun
WorkloadResult   1: 1 op, 40392411.00 ns, 40.3924 ms/op
WorkloadResult   2: 1 op, 44170802.00 ns, 44.1708 ms/op
WorkloadResult   3: 1 op, 39230986.00 ns, 39.2310 ms/op
// GC:  0 0 0 481560 1
// Threading:  92 84 1

// AfterAll
// Benchmark Process 1368702 has exited with code 0.

Mean = 41.265 ms, StdErr = 1.491 ms (3.61%), N = 3, StdDev = 2.583 ms
Min = 39.231 ms, Q1 = 39.812 ms, Median = 40.392 ms, Q3 = 42.282 ms, Max = 44.171 ms
IQR = 2.470 ms, LowerFence = 36.107 ms, UpperFence = 45.986 ms
ConfidenceInterval = [-5.856 ms; 88.386 ms] (CI 99.9%), Margin = 47.121 ms (114.19% of Mean)
Skewness = 0.3, Kurtosis = 0.67, MValue = 2

// ** Remained 38 (60.3%) benchmark(s) to run. Estimated finish 2026-09-22 14:55 (0h 0m from now) **
// **************************
// Benchmark: SessionSetupDecompositionBenchmarks.StageS4_ReadinessTeardownOutsideAsync: ShortRun(InvocationCount=1, IterationCount=3, LaunchCount=1, UnrollFactor=1, WarmupCount=3) [Sessions=100]
// *** Execute ***
// Launch: 1 / 1
// Execute: dotnet WinForward.Benchmarks-ShortRun-1.dll --anonymousPipes 123 125 --benchmarkName "WinForward.Benchmarks.Perf.SessionSetupDecompositionBenchmarks.StageS4_ReadinessTeardownOutsideAsync(Sessions: 100)" --job ShortRun --benchmarkId 25 in /home/paff/Projects/WinForward/benchmarks/WinForward.Benchmarks/bin/Release/net10.0/WinForward.Benchmarks-ShortRun-1/bin/Release/net10.0
// Failed to set up high priority (Permission denied). In order to run benchmarks with high priority, make sure you have the right permissions.
// BeforeAnythingElse

// Benchmark Process Environment Information:
// BenchmarkDotNet v0.15.8
// Runtime=.NET 10.0.12 (10.0.12, 10.0.1226.42308), X64 RyuJIT x86-64-v4
// GC=Concurrent Workstation
// HardwareIntrinsics=AVX512 BITALG+VBMI2+VNNI+VPOPCNTDQ,AVX512 IFMA+VBMI,AVX512 F+BW+CD+DQ+VL,AVX2+BMI1+BMI2+F16C+FMA+LZCNT+MOVBE,AVX,SSE3+SSSE3+SSE4.1+SSE4.2+POPCNT,X86Base+SSE+SSE2,AES+PCLMUL,AvxVnni VectorSize=256
// Job: ShortRun(InvocationCount=1, IterationCount=3, LaunchCount=1, UnrollFactor=1, WarmupCount=3)

OverheadJitting  1: 1 op, 262541.00 ns, 262.5410 us/op
WorkloadJitting  1: 1 op, 102166351.00 ns, 102.1664 ms/op

OverheadWarmup   1: 1 op, 722.00 ns, 722.0000 ns/op
OverheadWarmup   2: 1 op, 491.00 ns, 491.0000 ns/op
OverheadWarmup   3: 1 op, 421.00 ns, 421.0000 ns/op
OverheadWarmup   4: 1 op, 391.00 ns, 391.0000 ns/op
OverheadWarmup   5: 1 op, 471.00 ns, 471.0000 ns/op
OverheadWarmup   6: 1 op, 431.00 ns, 431.0000 ns/op
OverheadWarmup   7: 1 op, 391.00 ns, 391.0000 ns/op
OverheadWarmup   8: 1 op, 280.00 ns, 280.0000 ns/op
OverheadWarmup   9: 1 op, 290.00 ns, 290.0000 ns/op
OverheadWarmup  10: 1 op, 281.00 ns, 281.0000 ns/op

OverheadActual   1: 1 op, 441.00 ns, 441.0000 ns/op
OverheadActual   2: 1 op, 511.00 ns, 511.0000 ns/op
OverheadActual   3: 1 op, 401.00 ns, 401.0000 ns/op
OverheadActual   4: 1 op, 421.00 ns, 421.0000 ns/op
OverheadActual   5: 1 op, 421.00 ns, 421.0000 ns/op
OverheadActual   6: 1 op, 421.00 ns, 421.0000 ns/op
OverheadActual   7: 1 op, 281.00 ns, 281.0000 ns/op
OverheadActual   8: 1 op, 481.00 ns, 481.0000 ns/op
OverheadActual   9: 1 op, 401.00 ns, 401.0000 ns/op
OverheadActual  10: 1 op, 280.00 ns, 280.0000 ns/op
OverheadActual  11: 1 op, 501.00 ns, 501.0000 ns/op
OverheadActual  12: 1 op, 261.00 ns, 261.0000 ns/op
OverheadActual  13: 1 op, 411.00 ns, 411.0000 ns/op
OverheadActual  14: 1 op, 280.00 ns, 280.0000 ns/op
OverheadActual  15: 1 op, 280.00 ns, 280.0000 ns/op
OverheadActual  16: 1 op, 291.00 ns, 291.0000 ns/op
OverheadActual  17: 1 op, 280.00 ns, 280.0000 ns/op
OverheadActual  18: 1 op, 451.00 ns, 451.0000 ns/op
OverheadActual  19: 1 op, 270.00 ns, 270.0000 ns/op
OverheadActual  20: 1 op, 441.00 ns, 441.0000 ns/op

WorkloadWarmup   1: 1 op, 40795628.00 ns, 40.7956 ms/op
WorkloadWarmup   2: 1 op, 40682969.00 ns, 40.6830 ms/op
WorkloadWarmup   3: 1 op, 39568093.00 ns, 39.5681 ms/op

// BeforeActualRun
WorkloadActual   1: 1 op, 41410787.00 ns, 41.4108 ms/op
WorkloadActual   2: 1 op, 38452253.00 ns, 38.4523 ms/op
WorkloadActual   3: 1 op, 42021797.00 ns, 42.0218 ms/op

// AfterActualRun
WorkloadResult   1: 1 op, 41410381.00 ns, 41.4104 ms/op
WorkloadResult   2: 1 op, 38451847.00 ns, 38.4518 ms/op
WorkloadResult   3: 1 op, 42021391.00 ns, 42.0214 ms/op
// GC:  0 0 0 461816 1
// Threading:  89 85 1

// AfterAll
// Benchmark Process 1369259 has exited with code 0.

Mean = 40.628 ms, StdErr = 1.102 ms (2.71%), N = 3, StdDev = 1.909 ms
Min = 38.452 ms, Q1 = 39.931 ms, Median = 41.410 ms, Q3 = 41.716 ms, Max = 42.021 ms
IQR = 1.785 ms, LowerFence = 37.254 ms, UpperFence = 44.393 ms
ConfidenceInterval = [5.799 ms; 75.457 ms] (CI 99.9%), Margin = 34.829 ms (85.73% of Mean)
Skewness = -0.34, Kurtosis = 0.67, MValue = 2

// ** Remained 37 (58.7%) benchmark(s) to run. Estimated finish 2026-09-22 14:55 (0h 0m from now) **
// **************************
// Benchmark: SessionSetupDecompositionBenchmarks.StageS5_ReadinessTeardownInsideAsync: ShortRun(InvocationCount=1, IterationCount=3, LaunchCount=1, UnrollFactor=1, WarmupCount=3) [Sessions=100]
// *** Execute ***
// Launch: 1 / 1
// Execute: dotnet WinForward.Benchmarks-ShortRun-1.dll --anonymousPipes 123 125 --benchmarkName "WinForward.Benchmarks.Perf.SessionSetupDecompositionBenchmarks.StageS5_ReadinessTeardownInsideAsync(Sessions: 100)" --job ShortRun --benchmarkId 26 in /home/paff/Projects/WinForward/benchmarks/WinForward.Benchmarks/bin/Release/net10.0/WinForward.Benchmarks-ShortRun-1/bin/Release/net10.0
// Failed to set up high priority (Permission denied). In order to run benchmarks with high priority, make sure you have the right permissions.
// BeforeAnythingElse

// Benchmark Process Environment Information:
// BenchmarkDotNet v0.15.8
// Runtime=.NET 10.0.12 (10.0.12, 10.0.1226.42308), X64 RyuJIT x86-64-v4
// GC=Concurrent Workstation
// HardwareIntrinsics=AVX512 BITALG+VBMI2+VNNI+VPOPCNTDQ,AVX512 IFMA+VBMI,AVX512 F+BW+CD+DQ+VL,AVX2+BMI1+BMI2+F16C+FMA+LZCNT+MOVBE,AVX,SSE3+SSSE3+SSE4.1+SSE4.2+POPCNT,X86Base+SSE+SSE2,AES+PCLMUL,AvxVnni VectorSize=256
// Job: ShortRun(InvocationCount=1, IterationCount=3, LaunchCount=1, UnrollFactor=1, WarmupCount=3)

OverheadJitting  1: 1 op, 391683.00 ns, 391.6830 us/op
WorkloadJitting  1: 1 op, 129951181.00 ns, 129.9512 ms/op

OverheadWarmup   1: 1 op, 732.00 ns, 732.0000 ns/op
OverheadWarmup   2: 1 op, 501.00 ns, 501.0000 ns/op
OverheadWarmup   3: 1 op, 541.00 ns, 541.0000 ns/op
OverheadWarmup   4: 1 op, 451.00 ns, 451.0000 ns/op
OverheadWarmup   5: 1 op, 692.00 ns, 692.0000 ns/op
OverheadWarmup   6: 1 op, 451.00 ns, 451.0000 ns/op

OverheadActual   1: 1 op, 411.00 ns, 411.0000 ns/op
OverheadActual   2: 1 op, 411.00 ns, 411.0000 ns/op
OverheadActual   3: 1 op, 351.00 ns, 351.0000 ns/op
OverheadActual   4: 1 op, 421.00 ns, 421.0000 ns/op
OverheadActual   5: 1 op, 431.00 ns, 431.0000 ns/op
OverheadActual   6: 1 op, 301.00 ns, 301.0000 ns/op
OverheadActual   7: 1 op, 380.00 ns, 380.0000 ns/op
OverheadActual   8: 1 op, 421.00 ns, 421.0000 ns/op
OverheadActual   9: 1 op, 441.00 ns, 441.0000 ns/op
OverheadActual  10: 1 op, 401.00 ns, 401.0000 ns/op
OverheadActual  11: 1 op, 280.00 ns, 280.0000 ns/op
OverheadActual  12: 1 op, 280.00 ns, 280.0000 ns/op
OverheadActual  13: 1 op, 300.00 ns, 300.0000 ns/op
OverheadActual  14: 1 op, 301.00 ns, 301.0000 ns/op
OverheadActual  15: 1 op, 311.00 ns, 311.0000 ns/op
OverheadActual  16: 1 op, 421.00 ns, 421.0000 ns/op
OverheadActual  17: 1 op, 280.00 ns, 280.0000 ns/op
OverheadActual  18: 1 op, 371.00 ns, 371.0000 ns/op
OverheadActual  19: 1 op, 291.00 ns, 291.0000 ns/op
OverheadActual  20: 1 op, 280.00 ns, 280.0000 ns/op

WorkloadWarmup   1: 1 op, 52435110.00 ns, 52.4351 ms/op
WorkloadWarmup   2: 1 op, 55457701.00 ns, 55.4577 ms/op
WorkloadWarmup   3: 1 op, 55120291.00 ns, 55.1203 ms/op

// BeforeActualRun
WorkloadActual   1: 1 op, 52864477.00 ns, 52.8645 ms/op
WorkloadActual   2: 1 op, 51713845.00 ns, 51.7138 ms/op
WorkloadActual   3: 1 op, 55990386.00 ns, 55.9904 ms/op

// AfterActualRun
WorkloadResult   1: 1 op, 52864116.00 ns, 52.8641 ms/op
WorkloadResult   2: 1 op, 51713484.00 ns, 51.7135 ms/op
WorkloadResult   3: 1 op, 55990025.00 ns, 55.9900 ms/op
// GC:  0 0 0 731496 1
// Threading:  187 119 1
// Exceptions:  328

// AfterAll
// Benchmark Process 1369810 has exited with code 0.

Mean = 53.523 ms, StdErr = 1.278 ms (2.39%), N = 3, StdDev = 2.213 ms
Min = 51.713 ms, Q1 = 52.289 ms, Median = 52.864 ms, Q3 = 54.427 ms, Max = 55.990 ms
IQR = 2.138 ms, LowerFence = 49.081 ms, UpperFence = 57.634 ms
ConfidenceInterval = [13.149 ms; 93.896 ms] (CI 99.9%), Margin = 40.373 ms (75.43% of Mean)
Skewness = 0.27, Kurtosis = 0.67, MValue = 2

// ** Remained 36 (57.1%) benchmark(s) to run. Estimated finish 2026-09-22 14:55 (0h 0m from now) **
// **************************
// Benchmark: SessionSetupDecompositionBenchmarks.StageT1_SessionTeardownInsideAsync: ShortRun(InvocationCount=1, IterationCount=3, LaunchCount=1, UnrollFactor=1, WarmupCount=3) [Sessions=100]
// *** Execute ***
// Launch: 1 / 1
// Execute: dotnet WinForward.Benchmarks-ShortRun-1.dll --anonymousPipes 123 125 --benchmarkName "WinForward.Benchmarks.Perf.SessionSetupDecompositionBenchmarks.StageT1_SessionTeardownInsideAsync(Sessions: 100)" --job ShortRun --benchmarkId 27 in /home/paff/Projects/WinForward/benchmarks/WinForward.Benchmarks/bin/Release/net10.0/WinForward.Benchmarks-ShortRun-1/bin/Release/net10.0
// Failed to set up high priority (Permission denied). In order to run benchmarks with high priority, make sure you have the right permissions.
// BeforeAnythingElse

// Benchmark Process Environment Information:
// BenchmarkDotNet v0.15.8
// Runtime=.NET 10.0.12 (10.0.12, 10.0.1226.42308), X64 RyuJIT x86-64-v4
// GC=Concurrent Workstation
// HardwareIntrinsics=AVX512 BITALG+VBMI2+VNNI+VPOPCNTDQ,AVX512 IFMA+VBMI,AVX512 F+BW+CD+DQ+VL,AVX2+BMI1+BMI2+F16C+FMA+LZCNT+MOVBE,AVX,SSE3+SSSE3+SSE4.1+SSE4.2+POPCNT,X86Base+SSE+SSE2,AES+PCLMUL,AvxVnni VectorSize=256
// Job: ShortRun(InvocationCount=1, IterationCount=3, LaunchCount=1, UnrollFactor=1, WarmupCount=3)

OverheadJitting  1: 1 op, 366323.00 ns, 366.3230 us/op
WorkloadJitting  1: 1 op, 52819595.00 ns, 52.8196 ms/op

OverheadWarmup   1: 1 op, 601.00 ns, 601.0000 ns/op
OverheadWarmup   2: 1 op, 281.00 ns, 281.0000 ns/op
OverheadWarmup   3: 1 op, 521.00 ns, 521.0000 ns/op
OverheadWarmup   4: 1 op, 441.00 ns, 441.0000 ns/op
OverheadWarmup   5: 1 op, 360.00 ns, 360.0000 ns/op
OverheadWarmup   6: 1 op, 551.00 ns, 551.0000 ns/op
OverheadWarmup   7: 1 op, 420.00 ns, 420.0000 ns/op

OverheadActual   1: 1 op, 892.00 ns, 892.0000 ns/op
OverheadActual   2: 1 op, 411.00 ns, 411.0000 ns/op
OverheadActual   3: 1 op, 421.00 ns, 421.0000 ns/op
OverheadActual   4: 1 op, 430.00 ns, 430.0000 ns/op
OverheadActual   5: 1 op, 431.00 ns, 431.0000 ns/op
OverheadActual   6: 1 op, 481.00 ns, 481.0000 ns/op
OverheadActual   7: 1 op, 340.00 ns, 340.0000 ns/op
OverheadActual   8: 1 op, 420.00 ns, 420.0000 ns/op
OverheadActual   9: 1 op, 280.00 ns, 280.0000 ns/op
OverheadActual  10: 1 op, 290.00 ns, 290.0000 ns/op
OverheadActual  11: 1 op, 571.00 ns, 571.0000 ns/op
OverheadActual  12: 1 op, 330.00 ns, 330.0000 ns/op
OverheadActual  13: 1 op, 431.00 ns, 431.0000 ns/op
OverheadActual  14: 1 op, 481.00 ns, 481.0000 ns/op
OverheadActual  15: 1 op, 541.00 ns, 541.0000 ns/op
OverheadActual  16: 1 op, 371.00 ns, 371.0000 ns/op
OverheadActual  17: 1 op, 351.00 ns, 351.0000 ns/op
OverheadActual  18: 1 op, 430.00 ns, 430.0000 ns/op
OverheadActual  19: 1 op, 401.00 ns, 401.0000 ns/op
OverheadActual  20: 1 op, 371.00 ns, 371.0000 ns/op

WorkloadWarmup   1: 1 op, 11181282.00 ns, 11.1813 ms/op
WorkloadWarmup   2: 1 op, 5041423.00 ns, 5.0414 ms/op
WorkloadWarmup   3: 1 op, 9005353.00 ns, 9.0054 ms/op

// BeforeActualRun
WorkloadActual   1: 1 op, 6883739.00 ns, 6.8837 ms/op
WorkloadActual   2: 1 op, 8836030.00 ns, 8.8360 ms/op
WorkloadActual   3: 1 op, 8881231.00 ns, 8.8812 ms/op

// AfterActualRun
WorkloadResult   1: 1 op, 6883318.50 ns, 6.8833 ms/op
WorkloadResult   2: 1 op, 8835609.50 ns, 8.8356 ms/op
WorkloadResult   3: 1 op, 8880810.50 ns, 8.8808 ms/op
// GC:  0 0 0 492280 1
// Threading:  101 0 1
// Exceptions:  200

// AfterAll
// Benchmark Process 1370363 has exited with code 0.

Mean = 8.200 ms, StdErr = 0.658 ms (8.03%), N = 3, StdDev = 1.140 ms
Min = 6.883 ms, Q1 = 7.859 ms, Median = 8.836 ms, Q3 = 8.858 ms, Max = 8.881 ms
IQR = 0.999 ms, LowerFence = 6.361 ms, UpperFence = 10.356 ms
ConfidenceInterval = [-12.606 ms; 29.006 ms] (CI 99.9%), Margin = 20.806 ms (253.73% of Mean)
Skewness = -0.38, Kurtosis = 0.67, MValue = 2

// ** Remained 35 (55.6%) benchmark(s) to run. Estimated finish 2026-09-22 14:55 (0h 0m from now) **
// **************************
// Benchmark: SessionSetupDecompositionBenchmarks.StageT3_ExpiryRetireInsideAsync: ShortRun(InvocationCount=1, IterationCount=3, LaunchCount=1, UnrollFactor=1, WarmupCount=3) [Sessions=100]
// *** Execute ***
// Launch: 1 / 1
// Execute: dotnet WinForward.Benchmarks-ShortRun-1.dll --anonymousPipes 123 125 --benchmarkName "WinForward.Benchmarks.Perf.SessionSetupDecompositionBenchmarks.StageT3_ExpiryRetireInsideAsync(Sessions: 100)" --job ShortRun --benchmarkId 28 in /home/paff/Projects/WinForward/benchmarks/WinForward.Benchmarks/bin/Release/net10.0/WinForward.Benchmarks-ShortRun-1/bin/Release/net10.0
// Failed to set up high priority (Permission denied). In order to run benchmarks with high priority, make sure you have the right permissions.
// BeforeAnythingElse

// Benchmark Process Environment Information:
// BenchmarkDotNet v0.15.8
// Runtime=.NET 10.0.12 (10.0.12, 10.0.1226.42308), X64 RyuJIT x86-64-v4
// GC=Concurrent Workstation
// HardwareIntrinsics=AVX512 BITALG+VBMI2+VNNI+VPOPCNTDQ,AVX512 IFMA+VBMI,AVX512 F+BW+CD+DQ+VL,AVX2+BMI1+BMI2+F16C+FMA+LZCNT+MOVBE,AVX,SSE3+SSSE3+SSE4.1+SSE4.2+POPCNT,X86Base+SSE+SSE2,AES+PCLMUL,AvxVnni VectorSize=256
// Job: ShortRun(InvocationCount=1, IterationCount=3, LaunchCount=1, UnrollFactor=1, WarmupCount=3)

OverheadJitting  1: 1 op, 368518.00 ns, 368.5180 us/op
WorkloadJitting  1: 1 op, 139603324.00 ns, 139.6033 ms/op

OverheadWarmup   1: 1 op, 972.00 ns, 972.0000 ns/op
OverheadWarmup   2: 1 op, 390.00 ns, 390.0000 ns/op
OverheadWarmup   3: 1 op, 1102.00 ns, 1.1020 us/op
OverheadWarmup   4: 1 op, 691.00 ns, 691.0000 ns/op
OverheadWarmup   5: 1 op, 721.00 ns, 721.0000 ns/op
OverheadWarmup   6: 1 op, 521.00 ns, 521.0000 ns/op

OverheadActual   1: 1 op, 671.00 ns, 671.0000 ns/op
OverheadActual   2: 1 op, 511.00 ns, 511.0000 ns/op
OverheadActual   3: 1 op, 411.00 ns, 411.0000 ns/op
OverheadActual   4: 1 op, 381.00 ns, 381.0000 ns/op
OverheadActual   5: 1 op, 361.00 ns, 361.0000 ns/op
OverheadActual   6: 1 op, 230.00 ns, 230.0000 ns/op
OverheadActual   7: 1 op, 260.00 ns, 260.0000 ns/op
OverheadActual   8: 1 op, 401.00 ns, 401.0000 ns/op
OverheadActual   9: 1 op, 411.00 ns, 411.0000 ns/op
OverheadActual  10: 1 op, 451.00 ns, 451.0000 ns/op
OverheadActual  11: 1 op, 341.00 ns, 341.0000 ns/op
OverheadActual  12: 1 op, 401.00 ns, 401.0000 ns/op
OverheadActual  13: 1 op, 451.00 ns, 451.0000 ns/op
OverheadActual  14: 1 op, 270.00 ns, 270.0000 ns/op
OverheadActual  15: 1 op, 351.00 ns, 351.0000 ns/op
OverheadActual  16: 1 op, 370.00 ns, 370.0000 ns/op
OverheadActual  17: 1 op, 361.00 ns, 361.0000 ns/op
OverheadActual  18: 1 op, 411.00 ns, 411.0000 ns/op
OverheadActual  19: 1 op, 421.00 ns, 421.0000 ns/op
OverheadActual  20: 1 op, 291.00 ns, 291.0000 ns/op

WorkloadWarmup   1: 1 op, 53755388.00 ns, 53.7554 ms/op
WorkloadWarmup   2: 1 op, 51450718.00 ns, 51.4507 ms/op
WorkloadWarmup   3: 1 op, 50010741.00 ns, 50.0107 ms/op

// BeforeActualRun
WorkloadActual   1: 1 op, 47667048.00 ns, 47.6670 ms/op
WorkloadActual   2: 1 op, 48039051.00 ns, 48.0391 ms/op
WorkloadActual   3: 1 op, 51078007.00 ns, 51.0780 ms/op

// AfterActualRun
WorkloadResult   1: 1 op, 47666657.00 ns, 47.6667 ms/op
WorkloadResult   2: 1 op, 48038660.00 ns, 48.0387 ms/op
WorkloadResult   3: 1 op, 51077616.00 ns, 51.0776 ms/op
// GC:  0 0 0 717288 1
// Threading:  192 59 1
// Exceptions:  200

// AfterAll
// Benchmark Process 1370378 has exited with code 0.

Mean = 48.928 ms, StdErr = 1.080 ms (2.21%), N = 3, StdDev = 1.871 ms
Min = 47.667 ms, Q1 = 47.853 ms, Median = 48.039 ms, Q3 = 49.558 ms, Max = 51.078 ms
IQR = 1.705 ms, LowerFence = 45.294 ms, UpperFence = 52.116 ms
ConfidenceInterval = [14.790 ms; 83.065 ms] (CI 99.9%), Margin = 34.138 ms (69.77% of Mean)
Skewness = 0.37, Kurtosis = 0.67, MValue = 2

// ** Remained 34 (54.0%) benchmark(s) to run. Estimated finish 2026-09-22 14:55 (0h 0m from now) **
// **************************
// Benchmark: SessionSetupDecompositionBenchmarks.StageT5_NonThrowingParkTeardownAsync: ShortRun(InvocationCount=1, IterationCount=3, LaunchCount=1, UnrollFactor=1, WarmupCount=3) [Sessions=100]
// *** Execute ***
// Launch: 1 / 1
// Execute: dotnet WinForward.Benchmarks-ShortRun-1.dll --anonymousPipes 123 125 --benchmarkName "WinForward.Benchmarks.Perf.SessionSetupDecompositionBenchmarks.StageT5_NonThrowingParkTeardownAsync(Sessions: 100)" --job ShortRun --benchmarkId 29 in /home/paff/Projects/WinForward/benchmarks/WinForward.Benchmarks/bin/Release/net10.0/WinForward.Benchmarks-ShortRun-1/bin/Release/net10.0
// Failed to set up high priority (Permission denied). In order to run benchmarks with high priority, make sure you have the right permissions.
// BeforeAnythingElse

// Benchmark Process Environment Information:
// BenchmarkDotNet v0.15.8
// Runtime=.NET 10.0.12 (10.0.12, 10.0.1226.42308), X64 RyuJIT x86-64-v4
// GC=Concurrent Workstation
// HardwareIntrinsics=AVX512 BITALG+VBMI2+VNNI+VPOPCNTDQ,AVX512 IFMA+VBMI,AVX512 F+BW+CD+DQ+VL,AVX2+BMI1+BMI2+F16C+FMA+LZCNT+MOVBE,AVX,SSE3+SSSE3+SSE4.1+SSE4.2+POPCNT,X86Base+SSE+SSE2,AES+PCLMUL,AvxVnni VectorSize=256
// Job: ShortRun(InvocationCount=1, IterationCount=3, LaunchCount=1, UnrollFactor=1, WarmupCount=3)

OverheadJitting  1: 1 op, 272480.00 ns, 272.4800 us/op
WorkloadJitting  1: 1 op, 46303367.00 ns, 46.3034 ms/op

OverheadWarmup   1: 1 op, 621.00 ns, 621.0000 ns/op
OverheadWarmup   2: 1 op, 381.00 ns, 381.0000 ns/op
OverheadWarmup   3: 1 op, 391.00 ns, 391.0000 ns/op
OverheadWarmup   4: 1 op, 411.00 ns, 411.0000 ns/op
OverheadWarmup   5: 1 op, 291.00 ns, 291.0000 ns/op
OverheadWarmup   6: 1 op, 301.00 ns, 301.0000 ns/op
OverheadWarmup   7: 1 op, 301.00 ns, 301.0000 ns/op

OverheadActual   1: 1 op, 631.00 ns, 631.0000 ns/op
OverheadActual   2: 1 op, 461.00 ns, 461.0000 ns/op
OverheadActual   3: 1 op, 501.00 ns, 501.0000 ns/op
OverheadActual   4: 1 op, 411.00 ns, 411.0000 ns/op
OverheadActual   5: 1 op, 411.00 ns, 411.0000 ns/op
OverheadActual   6: 1 op, 280.00 ns, 280.0000 ns/op
OverheadActual   7: 1 op, 280.00 ns, 280.0000 ns/op
OverheadActual   8: 1 op, 291.00 ns, 291.0000 ns/op
OverheadActual   9: 1 op, 501.00 ns, 501.0000 ns/op
OverheadActual  10: 1 op, 401.00 ns, 401.0000 ns/op
OverheadActual  11: 1 op, 531.00 ns, 531.0000 ns/op
OverheadActual  12: 1 op, 391.00 ns, 391.0000 ns/op
OverheadActual  13: 1 op, 371.00 ns, 371.0000 ns/op
OverheadActual  14: 1 op, 430.00 ns, 430.0000 ns/op
OverheadActual  15: 1 op, 401.00 ns, 401.0000 ns/op
OverheadActual  16: 1 op, 401.00 ns, 401.0000 ns/op
OverheadActual  17: 1 op, 371.00 ns, 371.0000 ns/op
OverheadActual  18: 1 op, 390.00 ns, 390.0000 ns/op
OverheadActual  19: 1 op, 341.00 ns, 341.0000 ns/op
OverheadActual  20: 1 op, 391.00 ns, 391.0000 ns/op

WorkloadWarmup   1: 1 op, 3090671.00 ns, 3.0907 ms/op
WorkloadWarmup   2: 1 op, 1188234.00 ns, 1.1882 ms/op
WorkloadWarmup   3: 1 op, 1445004.00 ns, 1.4450 ms/op

// BeforeActualRun
WorkloadActual   1: 1 op, 2105682.00 ns, 2.1057 ms/op
WorkloadActual   2: 1 op, 1333459.00 ns, 1.3335 ms/op
WorkloadActual   3: 1 op, 1300583.00 ns, 1.3006 ms/op

// AfterActualRun
WorkloadResult   1: 1 op, 2105281.00 ns, 2.1053 ms/op
WorkloadResult   2: 1 op, 1333058.00 ns, 1.3331 ms/op
WorkloadResult   3: 1 op, 1300182.00 ns, 1.3002 ms/op
// GC:  0 0 0 362680 1
// Threading:  103 0 1

// AfterAll
// Benchmark Process 1370925 has exited with code 0.

Mean = 1.580 ms, StdErr = 0.263 ms (16.65%), N = 3, StdDev = 0.456 ms
Min = 1.300 ms, Q1 = 1.317 ms, Median = 1.333 ms, Q3 = 1.719 ms, Max = 2.105 ms
IQR = 0.403 ms, LowerFence = 0.713 ms, UpperFence = 2.323 ms
ConfidenceInterval = [-6.733 ms; 9.892 ms] (CI 99.9%), Margin = 8.312 ms (526.26% of Mean)
Skewness = 0.38, Kurtosis = 0.67, MValue = 2

// ** Remained 33 (52.4%) benchmark(s) to run. Estimated finish 2026-09-22 14:55 (0h 0m from now) **
// **************************
// Benchmark: SessionSetupDecompositionBenchmarks.BaselineF_FakeTransportCreationAsync: ShortRun(InvocationCount=1, IterationCount=3, LaunchCount=1, UnrollFactor=1, WarmupCount=3) [Sessions=100]
// *** Execute ***
// Launch: 1 / 1
// Execute: dotnet WinForward.Benchmarks-ShortRun-1.dll --anonymousPipes 123 125 --benchmarkName "WinForward.Benchmarks.Perf.SessionSetupDecompositionBenchmarks.BaselineF_FakeTransportCreationAsync(Sessions: 100)" --job ShortRun --benchmarkId 30 in /home/paff/Projects/WinForward/benchmarks/WinForward.Benchmarks/bin/Release/net10.0/WinForward.Benchmarks-ShortRun-1/bin/Release/net10.0
// Failed to set up high priority (Permission denied). In order to run benchmarks with high priority, make sure you have the right permissions.
// BeforeAnythingElse

// Benchmark Process Environment Information:
// BenchmarkDotNet v0.15.8
// Runtime=.NET 10.0.12 (10.0.12, 10.0.1226.42308), X64 RyuJIT x86-64-v4
// GC=Concurrent Workstation
// HardwareIntrinsics=AVX512 BITALG+VBMI2+VNNI+VPOPCNTDQ,AVX512 IFMA+VBMI,AVX512 F+BW+CD+DQ+VL,AVX2+BMI1+BMI2+F16C+FMA+LZCNT+MOVBE,AVX,SSE3+SSSE3+SSE4.1+SSE4.2+POPCNT,X86Base+SSE+SSE2,AES+PCLMUL,AvxVnni VectorSize=256
// Job: ShortRun(InvocationCount=1, IterationCount=3, LaunchCount=1, UnrollFactor=1, WarmupCount=3)

OverheadJitting  1: 1 op, 364841.00 ns, 364.8410 us/op
WorkloadJitting  1: 1 op, 6318568.00 ns, 6.3186 ms/op

OverheadWarmup   1: 1 op, 942.00 ns, 942.0000 ns/op
OverheadWarmup   2: 1 op, 581.00 ns, 581.0000 ns/op
OverheadWarmup   3: 1 op, 401.00 ns, 401.0000 ns/op
OverheadWarmup   4: 1 op, 431.00 ns, 431.0000 ns/op
OverheadWarmup   5: 1 op, 371.00 ns, 371.0000 ns/op
OverheadWarmup   6: 1 op, 411.00 ns, 411.0000 ns/op
OverheadWarmup   7: 1 op, 391.00 ns, 391.0000 ns/op

OverheadActual   1: 1 op, 420.00 ns, 420.0000 ns/op
OverheadActual   2: 1 op, 430.00 ns, 430.0000 ns/op
OverheadActual   3: 1 op, 431.00 ns, 431.0000 ns/op
OverheadActual   4: 1 op, 471.00 ns, 471.0000 ns/op
OverheadActual   5: 1 op, 441.00 ns, 441.0000 ns/op
OverheadActual   6: 1 op, 411.00 ns, 411.0000 ns/op
OverheadActual   7: 1 op, 401.00 ns, 401.0000 ns/op
OverheadActual   8: 1 op, 391.00 ns, 391.0000 ns/op
OverheadActual   9: 1 op, 361.00 ns, 361.0000 ns/op
OverheadActual  10: 1 op, 390.00 ns, 390.0000 ns/op
OverheadActual  11: 1 op, 401.00 ns, 401.0000 ns/op
OverheadActual  12: 1 op, 411.00 ns, 411.0000 ns/op
OverheadActual  13: 1 op, 431.00 ns, 431.0000 ns/op
OverheadActual  14: 1 op, 721.00 ns, 721.0000 ns/op
OverheadActual  15: 1 op, 410.00 ns, 410.0000 ns/op
OverheadActual  16: 1 op, 461.00 ns, 461.0000 ns/op
OverheadActual  17: 1 op, 431.00 ns, 431.0000 ns/op
OverheadActual  18: 1 op, 460.00 ns, 460.0000 ns/op
OverheadActual  19: 1 op, 401.00 ns, 401.0000 ns/op
OverheadActual  20: 1 op, 401.00 ns, 401.0000 ns/op

WorkloadWarmup   1: 1 op, 54766.00 ns, 54.7660 us/op
WorkloadWarmup   2: 1 op, 29848.00 ns, 29.8480 us/op
WorkloadWarmup   3: 1 op, 20620.00 ns, 20.6200 us/op

// BeforeActualRun
WorkloadActual   1: 1 op, 95306.00 ns, 95.3060 us/op
WorkloadActual   2: 1 op, 18937.00 ns, 18.9370 us/op
WorkloadActual   3: 1 op, 17203.00 ns, 17.2030 us/op

// AfterActualRun
WorkloadResult   1: 1 op, 94890.50 ns, 94.8905 us/op
WorkloadResult   2: 1 op, 18521.50 ns, 18.5215 us/op
WorkloadResult   3: 1 op, 16787.50 ns, 16.7875 us/op
// GC:  0 0 0 10432 1
// Threading:  0 0 1

// AfterAll
// Benchmark Process 1370940 has exited with code 0.

Mean = 43.400 us, StdErr = 25.750 us (59.33%), N = 3, StdDev = 44.601 us
Min = 16.788 us, Q1 = 17.654 us, Median = 18.521 us, Q3 = 56.706 us, Max = 94.891 us
IQR = 39.051 us, LowerFence = -40.923 us, UpperFence = 115.283 us
ConfidenceInterval = [-770.282 us; 857.082 us] (CI 99.9%), Margin = 813.682 us (1874.85% of Mean)
Skewness = 0.38, Kurtosis = 0.67, MValue = 2

// ** Remained 32 (50.8%) benchmark(s) to run. Estimated finish 2026-09-22 14:55 (0h 0m from now) **
// **************************
// Benchmark: SessionSetupDecompositionBenchmarks.BaselineH_FlowKeyConstruction: ShortRun(InvocationCount=1, IterationCount=3, LaunchCount=1, UnrollFactor=1, WarmupCount=3) [Sessions=100]
// *** Execute ***
// Launch: 1 / 1
// Execute: dotnet WinForward.Benchmarks-ShortRun-1.dll --anonymousPipes 123 125 --benchmarkName "WinForward.Benchmarks.Perf.SessionSetupDecompositionBenchmarks.BaselineH_FlowKeyConstruction(Sessions: 100)" --job ShortRun --benchmarkId 31 in /home/paff/Projects/WinForward/benchmarks/WinForward.Benchmarks/bin/Release/net10.0/WinForward.Benchmarks-ShortRun-1/bin/Release/net10.0
// Failed to set up high priority (Permission denied). In order to run benchmarks with high priority, make sure you have the right permissions.
// BeforeAnythingElse

// Benchmark Process Environment Information:
// BenchmarkDotNet v0.15.8
// Runtime=.NET 10.0.12 (10.0.12, 10.0.1226.42308), X64 RyuJIT x86-64-v4
// GC=Concurrent Workstation
// HardwareIntrinsics=AVX512 BITALG+VBMI2+VNNI+VPOPCNTDQ,AVX512 IFMA+VBMI,AVX512 F+BW+CD+DQ+VL,AVX2+BMI1+BMI2+F16C+FMA+LZCNT+MOVBE,AVX,SSE3+SSSE3+SSE4.1+SSE4.2+POPCNT,X86Base+SSE+SSE2,AES+PCLMUL,AvxVnni VectorSize=256
// Job: ShortRun(InvocationCount=1, IterationCount=3, LaunchCount=1, UnrollFactor=1, WarmupCount=3)

OverheadJitting  1: 1 op, 262331.00 ns, 262.3310 us/op
WorkloadJitting  1: 1 op, 7047998.00 ns, 7.0480 ms/op

OverheadWarmup   1: 1 op, 461.00 ns, 461.0000 ns/op
OverheadWarmup   2: 1 op, 281.00 ns, 281.0000 ns/op
OverheadWarmup   3: 1 op, 301.00 ns, 301.0000 ns/op
OverheadWarmup   4: 1 op, 471.00 ns, 471.0000 ns/op
OverheadWarmup   5: 1 op, 291.00 ns, 291.0000 ns/op
OverheadWarmup   6: 1 op, 350.00 ns, 350.0000 ns/op
OverheadWarmup   7: 1 op, 411.00 ns, 411.0000 ns/op
OverheadWarmup   8: 1 op, 290.00 ns, 290.0000 ns/op

OverheadActual   1: 1 op, 411.00 ns, 411.0000 ns/op
OverheadActual   2: 1 op, 431.00 ns, 431.0000 ns/op
OverheadActual   3: 1 op, 451.00 ns, 451.0000 ns/op
OverheadActual   4: 1 op, 411.00 ns, 411.0000 ns/op
OverheadActual   5: 1 op, 381.00 ns, 381.0000 ns/op
OverheadActual   6: 1 op, 431.00 ns, 431.0000 ns/op
OverheadActual   7: 1 op, 421.00 ns, 421.0000 ns/op
OverheadActual   8: 1 op, 441.00 ns, 441.0000 ns/op
OverheadActual   9: 1 op, 441.00 ns, 441.0000 ns/op
OverheadActual  10: 1 op, 451.00 ns, 451.0000 ns/op
OverheadActual  11: 1 op, 391.00 ns, 391.0000 ns/op
OverheadActual  12: 1 op, 461.00 ns, 461.0000 ns/op
OverheadActual  13: 1 op, 390.00 ns, 390.0000 ns/op
OverheadActual  14: 1 op, 401.00 ns, 401.0000 ns/op
OverheadActual  15: 1 op, 391.00 ns, 391.0000 ns/op
OverheadActual  16: 1 op, 411.00 ns, 411.0000 ns/op
OverheadActual  17: 1 op, 431.00 ns, 431.0000 ns/op
OverheadActual  18: 1 op, 420.00 ns, 420.0000 ns/op
OverheadActual  19: 1 op, 420.00 ns, 420.0000 ns/op

WorkloadWarmup   1: 1 op, 126426.00 ns, 126.4260 us/op
WorkloadWarmup   2: 1 op, 81939.00 ns, 81.9390 us/op
WorkloadWarmup   3: 1 op, 70187.00 ns, 70.1870 us/op

// BeforeActualRun
WorkloadActual   1: 1 op, 125234.00 ns, 125.2340 us/op
WorkloadActual   2: 1 op, 79154.00 ns, 79.1540 us/op
WorkloadActual   3: 1 op, 69405.00 ns, 69.4050 us/op

// AfterActualRun
WorkloadResult   1: 1 op, 124814.00 ns, 124.8140 us/op
WorkloadResult   2: 1 op, 78734.00 ns, 78.7340 us/op
WorkloadResult   3: 1 op, 68985.00 ns, 68.9850 us/op
// GC:  0 0 0 35200 1
// Threading:  0 0 1

// AfterAll
// Benchmark Process 1370954 has exited with code 0.

Mean = 90.844 us, StdErr = 17.216 us (18.95%), N = 3, StdDev = 29.820 us
Min = 68.985 us, Q1 = 73.859 us, Median = 78.734 us, Q3 = 101.774 us, Max = 124.814 us
IQR = 27.915 us, LowerFence = 31.988 us, UpperFence = 143.646 us
ConfidenceInterval = [-453.178 us; 634.867 us] (CI 99.9%), Margin = 544.022 us (598.85% of Mean)
Skewness = 0.34, Kurtosis = 0.67, MValue = 2

// ** Remained 31 (49.2%) benchmark(s) to run. Estimated finish 2026-09-22 14:55 (0h 0m from now) **
// **************************
// Benchmark: SessionSetupDecompositionBenchmarks.ComponentC1_AssociationClaimRelease: ShortRun(InvocationCount=1, IterationCount=3, LaunchCount=1, UnrollFactor=1, WarmupCount=3) [Sessions=100]
// *** Execute ***
// Launch: 1 / 1
// Execute: dotnet WinForward.Benchmarks-ShortRun-1.dll --anonymousPipes 123 125 --benchmarkName "WinForward.Benchmarks.Perf.SessionSetupDecompositionBenchmarks.ComponentC1_AssociationClaimRelease(Sessions: 100)" --job ShortRun --benchmarkId 32 in /home/paff/Projects/WinForward/benchmarks/WinForward.Benchmarks/bin/Release/net10.0/WinForward.Benchmarks-ShortRun-1/bin/Release/net10.0
// Failed to set up high priority (Permission denied). In order to run benchmarks with high priority, make sure you have the right permissions.
// BeforeAnythingElse

// Benchmark Process Environment Information:
// BenchmarkDotNet v0.15.8
// Runtime=.NET 10.0.12 (10.0.12, 10.0.1226.42308), X64 RyuJIT x86-64-v4
// GC=Concurrent Workstation
// HardwareIntrinsics=AVX512 BITALG+VBMI2+VNNI+VPOPCNTDQ,AVX512 IFMA+VBMI,AVX512 F+BW+CD+DQ+VL,AVX2+BMI1+BMI2+F16C+FMA+LZCNT+MOVBE,AVX,SSE3+SSSE3+SSE4.1+SSE4.2+POPCNT,X86Base+SSE+SSE2,AES+PCLMUL,AvxVnni VectorSize=256
// Job: ShortRun(InvocationCount=1, IterationCount=3, LaunchCount=1, UnrollFactor=1, WarmupCount=3)

OverheadJitting  1: 1 op, 292830.00 ns, 292.8300 us/op
WorkloadJitting  1: 1 op, 19550676.00 ns, 19.5507 ms/op

OverheadWarmup   1: 1 op, 420.00 ns, 420.0000 ns/op
OverheadWarmup   2: 1 op, 290.00 ns, 290.0000 ns/op
OverheadWarmup   3: 1 op, 451.00 ns, 451.0000 ns/op
OverheadWarmup   4: 1 op, 451.00 ns, 451.0000 ns/op
OverheadWarmup   5: 1 op, 361.00 ns, 361.0000 ns/op
OverheadWarmup   6: 1 op, 301.00 ns, 301.0000 ns/op
OverheadWarmup   7: 1 op, 301.00 ns, 301.0000 ns/op

OverheadActual   1: 1 op, 330.00 ns, 330.0000 ns/op
OverheadActual   2: 1 op, 461.00 ns, 461.0000 ns/op
OverheadActual   3: 1 op, 421.00 ns, 421.0000 ns/op
OverheadActual   4: 1 op, 401.00 ns, 401.0000 ns/op
OverheadActual   5: 1 op, 431.00 ns, 431.0000 ns/op
OverheadActual   6: 1 op, 421.00 ns, 421.0000 ns/op
OverheadActual   7: 1 op, 301.00 ns, 301.0000 ns/op
OverheadActual   8: 1 op, 261.00 ns, 261.0000 ns/op
OverheadActual   9: 1 op, 301.00 ns, 301.0000 ns/op
OverheadActual  10: 1 op, 301.00 ns, 301.0000 ns/op
OverheadActual  11: 1 op, 421.00 ns, 421.0000 ns/op
OverheadActual  12: 1 op, 421.00 ns, 421.0000 ns/op
OverheadActual  13: 1 op, 300.00 ns, 300.0000 ns/op
OverheadActual  14: 1 op, 451.00 ns, 451.0000 ns/op
OverheadActual  15: 1 op, 421.00 ns, 421.0000 ns/op
OverheadActual  16: 1 op, 411.00 ns, 411.0000 ns/op
OverheadActual  17: 1 op, 430.00 ns, 430.0000 ns/op
OverheadActual  18: 1 op, 430.00 ns, 430.0000 ns/op
OverheadActual  19: 1 op, 370.00 ns, 370.0000 ns/op
OverheadActual  20: 1 op, 391.00 ns, 391.0000 ns/op

WorkloadWarmup   1: 1 op, 426371.00 ns, 426.3710 us/op
WorkloadWarmup   2: 1 op, 367275.00 ns, 367.2750 us/op
WorkloadWarmup   3: 1 op, 322699.00 ns, 322.6990 us/op

// BeforeActualRun
WorkloadActual   1: 1 op, 489794.00 ns, 489.7940 us/op
WorkloadActual   2: 1 op, 378457.00 ns, 378.4570 us/op
WorkloadActual   3: 1 op, 315325.00 ns, 315.3250 us/op

// AfterActualRun
WorkloadResult   1: 1 op, 489378.00 ns, 489.3780 us/op
WorkloadResult   2: 1 op, 378041.00 ns, 378.0410 us/op
WorkloadResult   3: 1 op, 314909.00 ns, 314.9090 us/op
// GC:  0 0 0 82800 1
// Threading:  0 0 1

// AfterAll
// Benchmark Process 1370963 has exited with code 0.

Mean = 394.109 us, StdErr = 51.002 us (12.94%), N = 3, StdDev = 88.337 us
Min = 314.909 us, Q1 = 346.475 us, Median = 378.041 us, Q3 = 433.709 us, Max = 489.378 us
IQR = 87.234 us, LowerFence = 215.623 us, UpperFence = 564.561 us
ConfidenceInterval = [-1,217.494 us; 2,005.713 us] (CI 99.9%), Margin = 1,611.604 us (408.92% of Mean)
Skewness = 0.18, Kurtosis = 0.67, MValue = 2

// ** Remained 30 (47.6%) benchmark(s) to run. Estimated finish 2026-09-22 14:55 (0h 0m from now) **
// **************************
// Benchmark: SessionSetupDecompositionBenchmarks.ComponentC2_SessionConstructStartAsync: ShortRun(InvocationCount=1, IterationCount=3, LaunchCount=1, UnrollFactor=1, WarmupCount=3) [Sessions=100]
// *** Execute ***
// Launch: 1 / 1
// Execute: dotnet WinForward.Benchmarks-ShortRun-1.dll --anonymousPipes 123 125 --benchmarkName "WinForward.Benchmarks.Perf.SessionSetupDecompositionBenchmarks.ComponentC2_SessionConstructStartAsync(Sessions: 100)" --job ShortRun --benchmarkId 33 in /home/paff/Projects/WinForward/benchmarks/WinForward.Benchmarks/bin/Release/net10.0/WinForward.Benchmarks-ShortRun-1/bin/Release/net10.0
// Failed to set up high priority (Permission denied). In order to run benchmarks with high priority, make sure you have the right permissions.
// BeforeAnythingElse

// Benchmark Process Environment Information:
// BenchmarkDotNet v0.15.8
// Runtime=.NET 10.0.12 (10.0.12, 10.0.1226.42308), X64 RyuJIT x86-64-v4
// GC=Concurrent Workstation
// HardwareIntrinsics=AVX512 BITALG+VBMI2+VNNI+VPOPCNTDQ,AVX512 IFMA+VBMI,AVX512 F+BW+CD+DQ+VL,AVX2+BMI1+BMI2+F16C+FMA+LZCNT+MOVBE,AVX,SSE3+SSSE3+SSE4.1+SSE4.2+POPCNT,X86Base+SSE+SSE2,AES+PCLMUL,AvxVnni VectorSize=256
// Job: ShortRun(InvocationCount=1, IterationCount=3, LaunchCount=1, UnrollFactor=1, WarmupCount=3)

OverheadJitting  1: 1 op, 380832.00 ns, 380.8320 us/op
WorkloadJitting  1: 1 op, 32197737.00 ns, 32.1977 ms/op

OverheadWarmup   1: 1 op, 591.00 ns, 591.0000 ns/op
OverheadWarmup   2: 1 op, 351.00 ns, 351.0000 ns/op
OverheadWarmup   3: 1 op, 280.00 ns, 280.0000 ns/op
OverheadWarmup   4: 1 op, 281.00 ns, 281.0000 ns/op
OverheadWarmup   5: 1 op, 461.00 ns, 461.0000 ns/op
OverheadWarmup   6: 1 op, 401.00 ns, 401.0000 ns/op
OverheadWarmup   7: 1 op, 451.00 ns, 451.0000 ns/op
OverheadWarmup   8: 1 op, 381.00 ns, 381.0000 ns/op

OverheadActual   1: 1 op, 391.00 ns, 391.0000 ns/op
OverheadActual   2: 1 op, 430.00 ns, 430.0000 ns/op
OverheadActual   3: 1 op, 411.00 ns, 411.0000 ns/op
OverheadActual   4: 1 op, 391.00 ns, 391.0000 ns/op
OverheadActual   5: 1 op, 511.00 ns, 511.0000 ns/op
OverheadActual   6: 1 op, 421.00 ns, 421.0000 ns/op
OverheadActual   7: 1 op, 281.00 ns, 281.0000 ns/op
OverheadActual   8: 1 op, 270.00 ns, 270.0000 ns/op
OverheadActual   9: 1 op, 451.00 ns, 451.0000 ns/op
OverheadActual  10: 1 op, 251.00 ns, 251.0000 ns/op
OverheadActual  11: 1 op, 401.00 ns, 401.0000 ns/op
OverheadActual  12: 1 op, 280.00 ns, 280.0000 ns/op
OverheadActual  13: 1 op, 261.00 ns, 261.0000 ns/op
OverheadActual  14: 1 op, 280.00 ns, 280.0000 ns/op
OverheadActual  15: 1 op, 451.00 ns, 451.0000 ns/op
OverheadActual  16: 1 op, 481.00 ns, 481.0000 ns/op
OverheadActual  17: 1 op, 380.00 ns, 380.0000 ns/op
OverheadActual  18: 1 op, 491.00 ns, 491.0000 ns/op
OverheadActual  19: 1 op, 430.00 ns, 430.0000 ns/op
OverheadActual  20: 1 op, 431.00 ns, 431.0000 ns/op

WorkloadWarmup   1: 1 op, 926886.00 ns, 926.8860 us/op
WorkloadWarmup   2: 1 op, 384589.00 ns, 384.5890 us/op
WorkloadWarmup   3: 1 op, 437903.00 ns, 437.9030 us/op

// BeforeActualRun
WorkloadActual   1: 1 op, 655166.00 ns, 655.1660 us/op
WorkloadActual   2: 1 op, 455177.00 ns, 455.1770 us/op
WorkloadActual   3: 1 op, 415710.00 ns, 415.7100 us/op

// AfterActualRun
WorkloadResult   1: 1 op, 654760.00 ns, 654.7600 us/op
WorkloadResult   2: 1 op, 454771.00 ns, 454.7710 us/op
WorkloadResult   3: 1 op, 415304.00 ns, 415.3040 us/op
// GC:  0 0 0 271048 1
// Threading:  0 0 1

// AfterAll
// Benchmark Process 1370972 has exited with code 0.

Mean = 508.278 us, StdErr = 74.122 us (14.58%), N = 3, StdDev = 128.383 us
Min = 415.304 us, Q1 = 435.038 us, Median = 454.771 us, Q3 = 554.765 us, Max = 654.760 us
IQR = 119.728 us, LowerFence = 255.446 us, UpperFence = 734.357 us
ConfidenceInterval = [-1,833.897 us; 2,850.453 us] (CI 99.9%), Margin = 2,342.175 us (460.81% of Mean)
Skewness = 0.34, Kurtosis = 0.67, MValue = 2

// ** Remained 29 (46.0%) benchmark(s) to run. Estimated finish 2026-09-22 14:55 (0h 0m from now) **
// **************************
// Benchmark: SessionSetupDecompositionBenchmarks.ComponentC2a1_ContextRecordStaticLambda: ShortRun(InvocationCount=1, IterationCount=3, LaunchCount=1, UnrollFactor=1, WarmupCount=3) [Sessions=100]
// *** Execute ***
// Launch: 1 / 1
// Execute: dotnet WinForward.Benchmarks-ShortRun-1.dll --anonymousPipes 123 125 --benchmarkName "WinForward.Benchmarks.Perf.SessionSetupDecompositionBenchmarks.ComponentC2a1_ContextRecordStaticLambda(Sessions: 100)" --job ShortRun --benchmarkId 34 in /home/paff/Projects/WinForward/benchmarks/WinForward.Benchmarks/bin/Release/net10.0/WinForward.Benchmarks-ShortRun-1/bin/Release/net10.0
// Failed to set up high priority (Permission denied). In order to run benchmarks with high priority, make sure you have the right permissions.
// BeforeAnythingElse

// Benchmark Process Environment Information:
// BenchmarkDotNet v0.15.8
// Runtime=.NET 10.0.12 (10.0.12, 10.0.1226.42308), X64 RyuJIT x86-64-v4
// GC=Concurrent Workstation
// HardwareIntrinsics=AVX512 BITALG+VBMI2+VNNI+VPOPCNTDQ,AVX512 IFMA+VBMI,AVX512 F+BW+CD+DQ+VL,AVX2+BMI1+BMI2+F16C+FMA+LZCNT+MOVBE,AVX,SSE3+SSSE3+SSE4.1+SSE4.2+POPCNT,X86Base+SSE+SSE2,AES+PCLMUL,AvxVnni VectorSize=256
// Job: ShortRun(InvocationCount=1, IterationCount=3, LaunchCount=1, UnrollFactor=1, WarmupCount=3)

OverheadJitting  1: 1 op, 338900.00 ns, 338.9000 us/op
WorkloadJitting  1: 1 op, 18483612.00 ns, 18.4836 ms/op

OverheadWarmup   1: 1 op, 792.00 ns, 792.0000 ns/op
OverheadWarmup   2: 1 op, 632.00 ns, 632.0000 ns/op
OverheadWarmup   3: 1 op, 531.00 ns, 531.0000 ns/op
OverheadWarmup   4: 1 op, 431.00 ns, 431.0000 ns/op
OverheadWarmup   5: 1 op, 491.00 ns, 491.0000 ns/op
OverheadWarmup   6: 1 op, 391.00 ns, 391.0000 ns/op
OverheadWarmup   7: 1 op, 441.00 ns, 441.0000 ns/op
OverheadWarmup   8: 1 op, 411.00 ns, 411.0000 ns/op

OverheadActual   1: 1 op, 331.00 ns, 331.0000 ns/op
OverheadActual   2: 1 op, 451.00 ns, 451.0000 ns/op
OverheadActual   3: 1 op, 431.00 ns, 431.0000 ns/op
OverheadActual   4: 1 op, 441.00 ns, 441.0000 ns/op
OverheadActual   5: 1 op, 471.00 ns, 471.0000 ns/op
OverheadActual   6: 1 op, 440.00 ns, 440.0000 ns/op
OverheadActual   7: 1 op, 461.00 ns, 461.0000 ns/op
OverheadActual   8: 1 op, 411.00 ns, 411.0000 ns/op
OverheadActual   9: 1 op, 411.00 ns, 411.0000 ns/op
OverheadActual  10: 1 op, 400.00 ns, 400.0000 ns/op
OverheadActual  11: 1 op, 391.00 ns, 391.0000 ns/op
OverheadActual  12: 1 op, 381.00 ns, 381.0000 ns/op
OverheadActual  13: 1 op, 391.00 ns, 391.0000 ns/op
OverheadActual  14: 1 op, 401.00 ns, 401.0000 ns/op
OverheadActual  15: 1 op, 401.00 ns, 401.0000 ns/op
OverheadActual  16: 1 op, 461.00 ns, 461.0000 ns/op
OverheadActual  17: 1 op, 441.00 ns, 441.0000 ns/op
OverheadActual  18: 1 op, 421.00 ns, 421.0000 ns/op
OverheadActual  19: 1 op, 431.00 ns, 431.0000 ns/op
OverheadActual  20: 1 op, 421.00 ns, 421.0000 ns/op

WorkloadWarmup   1: 1 op, 80737.00 ns, 80.7370 us/op
WorkloadWarmup   2: 1 op, 43976.00 ns, 43.9760 us/op
WorkloadWarmup   3: 1 op, 30099.00 ns, 30.0990 us/op

// BeforeActualRun
WorkloadActual   1: 1 op, 74405.00 ns, 74.4050 us/op
WorkloadActual   2: 1 op, 37193.00 ns, 37.1930 us/op
WorkloadActual   3: 1 op, 26853.00 ns, 26.8530 us/op

// AfterActualRun
WorkloadResult   1: 1 op, 73984.00 ns, 73.9840 us/op
WorkloadResult   2: 1 op, 36772.00 ns, 36.7720 us/op
WorkloadResult   3: 1 op, 26432.00 ns, 26.4320 us/op
// GC:  0 0 0 27808 1
// Threading:  0 0 1

// AfterAll
// Benchmark Process 1370990 has exited with code 0.

Mean = 45.729 us, StdErr = 14.439 us (31.58%), N = 3, StdDev = 25.009 us
Min = 26.432 us, Q1 = 31.602 us, Median = 36.772 us, Q3 = 55.378 us, Max = 73.984 us
IQR = 23.776 us, LowerFence = -4.062 us, UpperFence = 91.042 us
ConfidenceInterval = [-410.536 us; 501.995 us] (CI 99.9%), Margin = 456.266 us (997.75% of Mean)
Skewness = 0.31, Kurtosis = 0.67, MValue = 2

// ** Remained 28 (44.4%) benchmark(s) to run. Estimated finish 2026-09-22 14:55 (0h 0m from now) **
// **************************
// Benchmark: SessionSetupDecompositionBenchmarks.ComponentC2a2_ContextRecordMethodGroup: ShortRun(InvocationCount=1, IterationCount=3, LaunchCount=1, UnrollFactor=1, WarmupCount=3) [Sessions=100]
// *** Execute ***
// Launch: 1 / 1
// Execute: dotnet WinForward.Benchmarks-ShortRun-1.dll --anonymousPipes 123 125 --benchmarkName "WinForward.Benchmarks.Perf.SessionSetupDecompositionBenchmarks.ComponentC2a2_ContextRecordMethodGroup(Sessions: 100)" --job ShortRun --benchmarkId 35 in /home/paff/Projects/WinForward/benchmarks/WinForward.Benchmarks/bin/Release/net10.0/WinForward.Benchmarks-ShortRun-1/bin/Release/net10.0
// Failed to set up high priority (Permission denied). In order to run benchmarks with high priority, make sure you have the right permissions.
// BeforeAnythingElse

// Benchmark Process Environment Information:
// BenchmarkDotNet v0.15.8
// Runtime=.NET 10.0.12 (10.0.12, 10.0.1226.42308), X64 RyuJIT x86-64-v4
// GC=Concurrent Workstation
// HardwareIntrinsics=AVX512 BITALG+VBMI2+VNNI+VPOPCNTDQ,AVX512 IFMA+VBMI,AVX512 F+BW+CD+DQ+VL,AVX2+BMI1+BMI2+F16C+FMA+LZCNT+MOVBE,AVX,SSE3+SSSE3+SSE4.1+SSE4.2+POPCNT,X86Base+SSE+SSE2,AES+PCLMUL,AvxVnni VectorSize=256
// Job: ShortRun(InvocationCount=1, IterationCount=3, LaunchCount=1, UnrollFactor=1, WarmupCount=3)

OverheadJitting  1: 1 op, 293391.00 ns, 293.3910 us/op
WorkloadJitting  1: 1 op, 18308049.00 ns, 18.3080 ms/op

OverheadWarmup   1: 1 op, 411.00 ns, 411.0000 ns/op
OverheadWarmup   2: 1 op, 331.00 ns, 331.0000 ns/op
OverheadWarmup   3: 1 op, 250.00 ns, 250.0000 ns/op
OverheadWarmup   4: 1 op, 411.00 ns, 411.0000 ns/op
OverheadWarmup   5: 1 op, 401.00 ns, 401.0000 ns/op
OverheadWarmup   6: 1 op, 440.00 ns, 440.0000 ns/op
OverheadWarmup   7: 1 op, 281.00 ns, 281.0000 ns/op

OverheadActual   1: 1 op, 391.00 ns, 391.0000 ns/op
OverheadActual   2: 1 op, 461.00 ns, 461.0000 ns/op
OverheadActual   3: 1 op, 351.00 ns, 351.0000 ns/op
OverheadActual   4: 1 op, 431.00 ns, 431.0000 ns/op
OverheadActual   5: 1 op, 441.00 ns, 441.0000 ns/op
OverheadActual   6: 1 op, 381.00 ns, 381.0000 ns/op
OverheadActual   7: 1 op, 391.00 ns, 391.0000 ns/op
OverheadActual   8: 1 op, 320.00 ns, 320.0000 ns/op
OverheadActual   9: 1 op, 400.00 ns, 400.0000 ns/op
OverheadActual  10: 1 op, 410.00 ns, 410.0000 ns/op
OverheadActual  11: 1 op, 291.00 ns, 291.0000 ns/op
OverheadActual  12: 1 op, 391.00 ns, 391.0000 ns/op
OverheadActual  13: 1 op, 331.00 ns, 331.0000 ns/op
OverheadActual  14: 1 op, 330.00 ns, 330.0000 ns/op
OverheadActual  15: 1 op, 330.00 ns, 330.0000 ns/op
OverheadActual  16: 1 op, 351.00 ns, 351.0000 ns/op
OverheadActual  17: 1 op, 391.00 ns, 391.0000 ns/op
OverheadActual  18: 1 op, 451.00 ns, 451.0000 ns/op
OverheadActual  19: 1 op, 261.00 ns, 261.0000 ns/op
OverheadActual  20: 1 op, 270.00 ns, 270.0000 ns/op

WorkloadWarmup   1: 1 op, 122328.00 ns, 122.3280 us/op
WorkloadWarmup   2: 1 op, 30720.00 ns, 30.7200 us/op
WorkloadWarmup   3: 1 op, 42693.00 ns, 42.6930 us/op

// BeforeActualRun
WorkloadActual   1: 1 op, 75397.00 ns, 75.3970 us/op
WorkloadActual   2: 1 op, 41020.00 ns, 41.0200 us/op
WorkloadActual   3: 1 op, 26742.00 ns, 26.7420 us/op

// AfterActualRun
WorkloadResult   1: 1 op, 75011.00 ns, 75.0110 us/op
WorkloadResult   2: 1 op, 40634.00 ns, 40.6340 us/op
WorkloadResult   3: 1 op, 26356.00 ns, 26.3560 us/op
// GC:  0 0 0 34232 1
// Threading:  0 0 1

// AfterAll
// Benchmark Process 1370999 has exited with code 0.

Mean = 47.334 us, StdErr = 14.439 us (30.51%), N = 3, StdDev = 25.010 us
Min = 26.356 us, Q1 = 33.495 us, Median = 40.634 us, Q3 = 57.822 us, Max = 75.011 us
IQR = 24.328 us, LowerFence = -2.996 us, UpperFence = 94.314 us
ConfidenceInterval = [-408.939 us; 503.606 us] (CI 99.9%), Margin = 456.272 us (963.95% of Mean)
Skewness = 0.25, Kurtosis = 0.67, MValue = 2

// ** Remained 27 (42.9%) benchmark(s) to run. Estimated finish 2026-09-22 14:55 (0h 0m from now) **
// **************************
// Benchmark: SessionSetupDecompositionBenchmarks.ComponentC2b_SessionConstructOnly: ShortRun(InvocationCount=1, IterationCount=3, LaunchCount=1, UnrollFactor=1, WarmupCount=3) [Sessions=100]
// *** Execute ***
// Launch: 1 / 1
// Execute: dotnet WinForward.Benchmarks-ShortRun-1.dll --anonymousPipes 123 125 --benchmarkName "WinForward.Benchmarks.Perf.SessionSetupDecompositionBenchmarks.ComponentC2b_SessionConstructOnly(Sessions: 100)" --job ShortRun --benchmarkId 36 in /home/paff/Projects/WinForward/benchmarks/WinForward.Benchmarks/bin/Release/net10.0/WinForward.Benchmarks-ShortRun-1/bin/Release/net10.0
// Failed to set up high priority (Permission denied). In order to run benchmarks with high priority, make sure you have the right permissions.
// BeforeAnythingElse

// Benchmark Process Environment Information:
// BenchmarkDotNet v0.15.8
// Runtime=.NET 10.0.12 (10.0.12, 10.0.1226.42308), X64 RyuJIT x86-64-v4
// GC=Concurrent Workstation
// HardwareIntrinsics=AVX512 BITALG+VBMI2+VNNI+VPOPCNTDQ,AVX512 IFMA+VBMI,AVX512 F+BW+CD+DQ+VL,AVX2+BMI1+BMI2+F16C+FMA+LZCNT+MOVBE,AVX,SSE3+SSSE3+SSE4.1+SSE4.2+POPCNT,X86Base+SSE+SSE2,AES+PCLMUL,AvxVnni VectorSize=256
// Job: ShortRun(InvocationCount=1, IterationCount=3, LaunchCount=1, UnrollFactor=1, WarmupCount=3)

OverheadJitting  1: 1 op, 284154.00 ns, 284.1540 us/op
WorkloadJitting  1: 1 op, 26352008.00 ns, 26.3520 ms/op

OverheadWarmup   1: 1 op, 851.00 ns, 851.0000 ns/op
OverheadWarmup   2: 1 op, 781.00 ns, 781.0000 ns/op
OverheadWarmup   3: 1 op, 791.00 ns, 791.0000 ns/op
OverheadWarmup   4: 1 op, 631.00 ns, 631.0000 ns/op
OverheadWarmup   5: 1 op, 621.00 ns, 621.0000 ns/op
OverheadWarmup   6: 1 op, 471.00 ns, 471.0000 ns/op
OverheadWarmup   7: 1 op, 581.00 ns, 581.0000 ns/op
OverheadWarmup   8: 1 op, 531.00 ns, 531.0000 ns/op

OverheadActual   1: 1 op, 471.00 ns, 471.0000 ns/op
OverheadActual   2: 1 op, 451.00 ns, 451.0000 ns/op
OverheadActual   3: 1 op, 381.00 ns, 381.0000 ns/op
OverheadActual   4: 1 op, 431.00 ns, 431.0000 ns/op
OverheadActual   5: 1 op, 431.00 ns, 431.0000 ns/op
OverheadActual   6: 1 op, 271.00 ns, 271.0000 ns/op
OverheadActual   7: 1 op, 270.00 ns, 270.0000 ns/op
OverheadActual   8: 1 op, 270.00 ns, 270.0000 ns/op
OverheadActual   9: 1 op, 270.00 ns, 270.0000 ns/op
OverheadActual  10: 1 op, 270.00 ns, 270.0000 ns/op
OverheadActual  11: 1 op, 410.00 ns, 410.0000 ns/op
OverheadActual  12: 1 op, 411.00 ns, 411.0000 ns/op
OverheadActual  13: 1 op, 451.00 ns, 451.0000 ns/op
OverheadActual  14: 1 op, 410.00 ns, 410.0000 ns/op
OverheadActual  15: 1 op, 300.00 ns, 300.0000 ns/op
OverheadActual  16: 1 op, 401.00 ns, 401.0000 ns/op
OverheadActual  17: 1 op, 451.00 ns, 451.0000 ns/op
OverheadActual  18: 1 op, 832.00 ns, 832.0000 ns/op
OverheadActual  19: 1 op, 400.00 ns, 400.0000 ns/op
OverheadActual  20: 1 op, 281.00 ns, 281.0000 ns/op

WorkloadWarmup   1: 1 op, 564971.00 ns, 564.9710 us/op
WorkloadWarmup   2: 1 op, 261149.00 ns, 261.1490 us/op
WorkloadWarmup   3: 1 op, 234567.00 ns, 234.5670 us/op

// BeforeActualRun
WorkloadActual   1: 1 op, 236951.00 ns, 236.9510 us/op
WorkloadActual   2: 1 op, 272080.00 ns, 272.0800 us/op
WorkloadActual   3: 1 op, 230439.00 ns, 230.4390 us/op

// AfterActualRun
WorkloadResult   1: 1 op, 236545.50 ns, 236.5455 us/op
WorkloadResult   2: 1 op, 271674.50 ns, 271.6745 us/op
WorkloadResult   3: 1 op, 230033.50 ns, 230.0335 us/op
// GC:  0 0 0 178112 1
// Threading:  0 0 1

// AfterAll
// Benchmark Process 1371008 has exited with code 0.

Mean = 246.084 us, StdErr = 12.932 us (5.26%), N = 3, StdDev = 22.400 us
Min = 230.034 us, Q1 = 233.290 us, Median = 236.546 us, Q3 = 254.110 us, Max = 271.675 us
IQR = 20.820 us, LowerFence = 202.059 us, UpperFence = 285.341 us
ConfidenceInterval = [-162.566 us; 654.735 us] (CI 99.9%), Margin = 408.650 us (166.06% of Mean)
Skewness = 0.35, Kurtosis = 0.67, MValue = 2

// ** Remained 26 (41.3%) benchmark(s) to run. Estimated finish 2026-09-22 14:55 (0h 0m from now) **
// **************************
// Benchmark: SessionSetupDecompositionBenchmarks.ComponentC2c1_ScopeConstructLinked: ShortRun(InvocationCount=1, IterationCount=3, LaunchCount=1, UnrollFactor=1, WarmupCount=3) [Sessions=100]
// *** Execute ***
// Launch: 1 / 1
// Execute: dotnet WinForward.Benchmarks-ShortRun-1.dll --anonymousPipes 123 125 --benchmarkName "WinForward.Benchmarks.Perf.SessionSetupDecompositionBenchmarks.ComponentC2c1_ScopeConstructLinked(Sessions: 100)" --job ShortRun --benchmarkId 37 in /home/paff/Projects/WinForward/benchmarks/WinForward.Benchmarks/bin/Release/net10.0/WinForward.Benchmarks-ShortRun-1/bin/Release/net10.0
// Failed to set up high priority (Permission denied). In order to run benchmarks with high priority, make sure you have the right permissions.
// BeforeAnythingElse

// Benchmark Process Environment Information:
// BenchmarkDotNet v0.15.8
// Runtime=.NET 10.0.12 (10.0.12, 10.0.1226.42308), X64 RyuJIT x86-64-v4
// GC=Concurrent Workstation
// HardwareIntrinsics=AVX512 BITALG+VBMI2+VNNI+VPOPCNTDQ,AVX512 IFMA+VBMI,AVX512 F+BW+CD+DQ+VL,AVX2+BMI1+BMI2+F16C+FMA+LZCNT+MOVBE,AVX,SSE3+SSSE3+SSE4.1+SSE4.2+POPCNT,X86Base+SSE+SSE2,AES+PCLMUL,AvxVnni VectorSize=256
// Job: ShortRun(InvocationCount=1, IterationCount=3, LaunchCount=1, UnrollFactor=1, WarmupCount=3)

OverheadJitting  1: 1 op, 266509.00 ns, 266.5090 us/op
WorkloadJitting  1: 1 op, 2115169.00 ns, 2.1152 ms/op

OverheadWarmup   1: 1 op, 441.00 ns, 441.0000 ns/op
OverheadWarmup   2: 1 op, 410.00 ns, 410.0000 ns/op
OverheadWarmup   3: 1 op, 461.00 ns, 461.0000 ns/op
OverheadWarmup   4: 1 op, 431.00 ns, 431.0000 ns/op
OverheadWarmup   5: 1 op, 370.00 ns, 370.0000 ns/op
OverheadWarmup   6: 1 op, 280.00 ns, 280.0000 ns/op
OverheadWarmup   7: 1 op, 270.00 ns, 270.0000 ns/op
OverheadWarmup   8: 1 op, 391.00 ns, 391.0000 ns/op
OverheadWarmup   9: 1 op, 270.00 ns, 270.0000 ns/op

OverheadActual   1: 1 op, 411.00 ns, 411.0000 ns/op
OverheadActual   2: 1 op, 521.00 ns, 521.0000 ns/op
OverheadActual   3: 1 op, 411.00 ns, 411.0000 ns/op
OverheadActual   4: 1 op, 431.00 ns, 431.0000 ns/op
OverheadActual   5: 1 op, 401.00 ns, 401.0000 ns/op
OverheadActual   6: 1 op, 391.00 ns, 391.0000 ns/op
OverheadActual   7: 1 op, 411.00 ns, 411.0000 ns/op
OverheadActual   8: 1 op, 421.00 ns, 421.0000 ns/op
OverheadActual   9: 1 op, 421.00 ns, 421.0000 ns/op
OverheadActual  10: 1 op, 411.00 ns, 411.0000 ns/op
OverheadActual  11: 1 op, 290.00 ns, 290.0000 ns/op
OverheadActual  12: 1 op, 270.00 ns, 270.0000 ns/op
OverheadActual  13: 1 op, 421.00 ns, 421.0000 ns/op
OverheadActual  14: 1 op, 391.00 ns, 391.0000 ns/op
OverheadActual  15: 1 op, 421.00 ns, 421.0000 ns/op
OverheadActual  16: 1 op, 421.00 ns, 421.0000 ns/op
OverheadActual  17: 1 op, 391.00 ns, 391.0000 ns/op
OverheadActual  18: 1 op, 701.00 ns, 701.0000 ns/op
OverheadActual  19: 1 op, 381.00 ns, 381.0000 ns/op
OverheadActual  20: 1 op, 401.00 ns, 401.0000 ns/op

WorkloadWarmup   1: 1 op, 64305.00 ns, 64.3050 us/op
WorkloadWarmup   2: 1 op, 15400.00 ns, 15.4000 us/op
WorkloadWarmup   3: 1 op, 14829.00 ns, 14.8290 us/op

// BeforeActualRun
WorkloadActual   1: 1 op, 64826.00 ns, 64.8260 us/op
WorkloadActual   2: 1 op, 14288.00 ns, 14.2880 us/op
WorkloadActual   3: 1 op, 12784.00 ns, 12.7840 us/op

// AfterActualRun
WorkloadResult   1: 1 op, 64415.00 ns, 64.4150 us/op
WorkloadResult   2: 1 op, 13877.00 ns, 13.8770 us/op
WorkloadResult   3: 1 op, 12373.00 ns, 12.3730 us/op
// GC:  0 0 0 21800 1
// Threading:  0 0 1

// AfterAll
// Benchmark Process 1371017 has exited with code 0.

Mean = 30.222 us, StdErr = 17.102 us (56.59%), N = 3, StdDev = 29.622 us
Min = 12.373 us, Q1 = 13.125 us, Median = 13.877 us, Q3 = 39.146 us, Max = 64.415 us
IQR = 26.021 us, LowerFence = -25.907 us, UpperFence = 78.177 us
ConfidenceInterval = [-510.191 us; 570.634 us] (CI 99.9%), Margin = 540.413 us (1788.16% of Mean)
Skewness = 0.38, Kurtosis = 0.67, MValue = 2

// ** Remained 25 (39.7%) benchmark(s) to run. Estimated finish 2026-09-22 14:55 (0h 0m from now) **
// **************************
// Benchmark: SessionSetupDecompositionBenchmarks.ComponentC2c2_ScopeConstructUnlinked: ShortRun(InvocationCount=1, IterationCount=3, LaunchCount=1, UnrollFactor=1, WarmupCount=3) [Sessions=100]
// *** Execute ***
// Launch: 1 / 1
// Execute: dotnet WinForward.Benchmarks-ShortRun-1.dll --anonymousPipes 123 125 --benchmarkName "WinForward.Benchmarks.Perf.SessionSetupDecompositionBenchmarks.ComponentC2c2_ScopeConstructUnlinked(Sessions: 100)" --job ShortRun --benchmarkId 38 in /home/paff/Projects/WinForward/benchmarks/WinForward.Benchmarks/bin/Release/net10.0/WinForward.Benchmarks-ShortRun-1/bin/Release/net10.0
// Failed to set up high priority (Permission denied). In order to run benchmarks with high priority, make sure you have the right permissions.
// BeforeAnythingElse

// Benchmark Process Environment Information:
// BenchmarkDotNet v0.15.8
// Runtime=.NET 10.0.12 (10.0.12, 10.0.1226.42308), X64 RyuJIT x86-64-v4
// GC=Concurrent Workstation
// HardwareIntrinsics=AVX512 BITALG+VBMI2+VNNI+VPOPCNTDQ,AVX512 IFMA+VBMI,AVX512 F+BW+CD+DQ+VL,AVX2+BMI1+BMI2+F16C+FMA+LZCNT+MOVBE,AVX,SSE3+SSSE3+SSE4.1+SSE4.2+POPCNT,X86Base+SSE+SSE2,AES+PCLMUL,AvxVnni VectorSize=256
// Job: ShortRun(InvocationCount=1, IterationCount=3, LaunchCount=1, UnrollFactor=1, WarmupCount=3)

OverheadJitting  1: 1 op, 294944.00 ns, 294.9440 us/op
WorkloadJitting  1: 1 op, 1373716.00 ns, 1.3737 ms/op

OverheadWarmup   1: 1 op, 441.00 ns, 441.0000 ns/op
OverheadWarmup   2: 1 op, 291.00 ns, 291.0000 ns/op
OverheadWarmup   3: 1 op, 461.00 ns, 461.0000 ns/op
OverheadWarmup   4: 1 op, 431.00 ns, 431.0000 ns/op
OverheadWarmup   5: 1 op, 411.00 ns, 411.0000 ns/op
OverheadWarmup   6: 1 op, 501.00 ns, 501.0000 ns/op
OverheadWarmup   7: 1 op, 270.00 ns, 270.0000 ns/op

OverheadActual   1: 1 op, 531.00 ns, 531.0000 ns/op
OverheadActual   2: 1 op, 1102.00 ns, 1.1020 us/op
OverheadActual   3: 1 op, 1062.00 ns, 1.0620 us/op
OverheadActual   4: 1 op, 691.00 ns, 691.0000 ns/op
OverheadActual   5: 1 op, 521.00 ns, 521.0000 ns/op
OverheadActual   6: 1 op, 861.00 ns, 861.0000 ns/op
OverheadActual   7: 1 op, 582.00 ns, 582.0000 ns/op
OverheadActual   8: 1 op, 691.00 ns, 691.0000 ns/op
OverheadActual   9: 1 op, 631.00 ns, 631.0000 ns/op
OverheadActual  10: 1 op, 571.00 ns, 571.0000 ns/op
OverheadActual  11: 1 op, 501.00 ns, 501.0000 ns/op
OverheadActual  12: 1 op, 481.00 ns, 481.0000 ns/op
OverheadActual  13: 1 op, 301.00 ns, 301.0000 ns/op
OverheadActual  14: 1 op, 421.00 ns, 421.0000 ns/op
OverheadActual  15: 1 op, 421.00 ns, 421.0000 ns/op
OverheadActual  16: 1 op, 251.00 ns, 251.0000 ns/op
OverheadActual  17: 1 op, 300.00 ns, 300.0000 ns/op
OverheadActual  18: 1 op, 430.00 ns, 430.0000 ns/op
OverheadActual  19: 1 op, 731.00 ns, 731.0000 ns/op
OverheadActual  20: 1 op, 400.00 ns, 400.0000 ns/op

WorkloadWarmup   1: 1 op, 38625.00 ns, 38.6250 us/op
WorkloadWarmup   2: 1 op, 7796.00 ns, 7.7960 us/op
WorkloadWarmup   3: 1 op, 9328.00 ns, 9.3280 us/op

// BeforeActualRun
WorkloadActual   1: 1 op, 36491.00 ns, 36.4910 us/op
WorkloadActual   2: 1 op, 7485.00 ns, 7.4850 us/op
WorkloadActual   3: 1 op, 12334.00 ns, 12.3340 us/op

// AfterActualRun
WorkloadResult   1: 1 op, 35965.00 ns, 35.9650 us/op
WorkloadResult   2: 1 op, 6959.00 ns, 6.9590 us/op
WorkloadResult   3: 1 op, 11808.00 ns, 11.8080 us/op
// GC:  0 0 0 12088 1
// Threading:  0 0 1

// AfterAll
// Benchmark Process 1371026 has exited with code 0.

Mean = 18.244 us, StdErr = 8.970 us (49.17%), N = 3, StdDev = 15.537 us
Min = 6.959 us, Q1 = 9.383 us, Median = 11.808 us, Q3 = 23.887 us, Max = 35.965 us
IQR = 14.503 us, LowerFence = -12.371 us, UpperFence = 45.641 us
ConfidenceInterval = [-265.212 us; 301.700 us] (CI 99.9%), Margin = 283.456 us (1553.69% of Mean)
Skewness = 0.34, Kurtosis = 0.67, MValue = 2

// ** Remained 24 (38.1%) benchmark(s) to run. Estimated finish 2026-09-22 14:55 (0h 0m from now) **
// **************************
// Benchmark: SessionSetupDecompositionBenchmarks.ComponentC2e_LockConstruction: ShortRun(InvocationCount=1, IterationCount=3, LaunchCount=1, UnrollFactor=1, WarmupCount=3) [Sessions=100]
// *** Execute ***
// Launch: 1 / 1
// Execute: dotnet WinForward.Benchmarks-ShortRun-1.dll --anonymousPipes 123 125 --benchmarkName "WinForward.Benchmarks.Perf.SessionSetupDecompositionBenchmarks.ComponentC2e_LockConstruction(Sessions: 100)" --job ShortRun --benchmarkId 39 in /home/paff/Projects/WinForward/benchmarks/WinForward.Benchmarks/bin/Release/net10.0/WinForward.Benchmarks-ShortRun-1/bin/Release/net10.0
// Failed to set up high priority (Permission denied). In order to run benchmarks with high priority, make sure you have the right permissions.
// BeforeAnythingElse

// Benchmark Process Environment Information:
// BenchmarkDotNet v0.15.8
// Runtime=.NET 10.0.12 (10.0.12, 10.0.1226.42308), X64 RyuJIT x86-64-v4
// GC=Concurrent Workstation
// HardwareIntrinsics=AVX512 BITALG+VBMI2+VNNI+VPOPCNTDQ,AVX512 IFMA+VBMI,AVX512 F+BW+CD+DQ+VL,AVX2+BMI1+BMI2+F16C+FMA+LZCNT+MOVBE,AVX,SSE3+SSSE3+SSE4.1+SSE4.2+POPCNT,X86Base+SSE+SSE2,AES+PCLMUL,AvxVnni VectorSize=256
// Job: ShortRun(InvocationCount=1, IterationCount=3, LaunchCount=1, UnrollFactor=1, WarmupCount=3)

OverheadJitting  1: 1 op, 295706.00 ns, 295.7060 us/op
WorkloadJitting  1: 1 op, 944479.00 ns, 944.4790 us/op

OverheadWarmup   1: 1 op, 521.00 ns, 521.0000 ns/op
OverheadWarmup   2: 1 op, 430.00 ns, 430.0000 ns/op
OverheadWarmup   3: 1 op, 641.00 ns, 641.0000 ns/op
OverheadWarmup   4: 1 op, 411.00 ns, 411.0000 ns/op
OverheadWarmup   5: 1 op, 431.00 ns, 431.0000 ns/op
OverheadWarmup   6: 1 op, 411.00 ns, 411.0000 ns/op

OverheadActual   1: 1 op, 421.00 ns, 421.0000 ns/op
OverheadActual   2: 1 op, 370.00 ns, 370.0000 ns/op
OverheadActual   3: 1 op, 842.00 ns, 842.0000 ns/op
OverheadActual   4: 1 op, 411.00 ns, 411.0000 ns/op
OverheadActual   5: 1 op, 401.00 ns, 401.0000 ns/op
OverheadActual   6: 1 op, 451.00 ns, 451.0000 ns/op
OverheadActual   7: 1 op, 451.00 ns, 451.0000 ns/op
OverheadActual   8: 1 op, 401.00 ns, 401.0000 ns/op
OverheadActual   9: 1 op, 441.00 ns, 441.0000 ns/op
OverheadActual  10: 1 op, 401.00 ns, 401.0000 ns/op
OverheadActual  11: 1 op, 431.00 ns, 431.0000 ns/op
OverheadActual  12: 1 op, 380.00 ns, 380.0000 ns/op
OverheadActual  13: 1 op, 291.00 ns, 291.0000 ns/op
OverheadActual  14: 1 op, 290.00 ns, 290.0000 ns/op
OverheadActual  15: 1 op, 290.00 ns, 290.0000 ns/op
OverheadActual  16: 1 op, 291.00 ns, 291.0000 ns/op
OverheadActual  17: 1 op, 291.00 ns, 291.0000 ns/op
OverheadActual  18: 1 op, 311.00 ns, 311.0000 ns/op
OverheadActual  19: 1 op, 291.00 ns, 291.0000 ns/op
OverheadActual  20: 1 op, 451.00 ns, 451.0000 ns/op

WorkloadWarmup   1: 1 op, 5961.00 ns, 5.9610 us/op
WorkloadWarmup   2: 1 op, 4789.00 ns, 4.7890 us/op
WorkloadWarmup   3: 1 op, 5330.00 ns, 5.3300 us/op

// BeforeActualRun
WorkloadActual   1: 1 op, 19689.00 ns, 19.6890 us/op
WorkloadActual   2: 1 op, 4508.00 ns, 4.5080 us/op
WorkloadActual   3: 1 op, 4409.00 ns, 4.4090 us/op

// AfterActualRun
WorkloadResult   1: 1 op, 19288.00 ns, 19.2880 us/op
WorkloadResult   2: 1 op, 4107.00 ns, 4.1070 us/op
WorkloadResult   3: 1 op, 4008.00 ns, 4.0080 us/op
// GC:  0 0 0 4000 1
// Threading:  0 0 1

// AfterAll
// Benchmark Process 1371035 has exited with code 0.

Mean = 9.134 us, StdErr = 5.077 us (55.58%), N = 3, StdDev = 8.793 us
Min = 4.008 us, Q1 = 4.058 us, Median = 4.107 us, Q3 = 11.697 us, Max = 19.288 us
IQR = 7.640 us, LowerFence = -7.402 us, UpperFence = 23.157 us
ConfidenceInterval = [-151.291 us; 169.560 us] (CI 99.9%), Margin = 160.426 us (1756.29% of Mean)
Skewness = 0.38, Kurtosis = 0.67, MValue = 2

// ** Remained 23 (36.5%) benchmark(s) to run. Estimated finish 2026-09-22 14:55 (0h 0m from now) **
// **************************
// Benchmark: SessionSetupDecompositionBenchmarks.ComponentC2e_TaskCompletionSourceConstruction: ShortRun(InvocationCount=1, IterationCount=3, LaunchCount=1, UnrollFactor=1, WarmupCount=3) [Sessions=100]
// *** Execute ***
// Launch: 1 / 1
// Execute: dotnet WinForward.Benchmarks-ShortRun-1.dll --anonymousPipes 123 125 --benchmarkName "WinForward.Benchmarks.Perf.SessionSetupDecompositionBenchmarks.ComponentC2e_TaskCompletionSourceConstruction(Sessions: 100)" --job ShortRun --benchmarkId 40 in /home/paff/Projects/WinForward/benchmarks/WinForward.Benchmarks/bin/Release/net10.0/WinForward.Benchmarks-ShortRun-1/bin/Release/net10.0
// Failed to set up high priority (Permission denied). In order to run benchmarks with high priority, make sure you have the right permissions.
// BeforeAnythingElse

// Benchmark Process Environment Information:
// BenchmarkDotNet v0.15.8
// Runtime=.NET 10.0.12 (10.0.12, 10.0.1226.42308), X64 RyuJIT x86-64-v4
// GC=Concurrent Workstation
// HardwareIntrinsics=AVX512 BITALG+VBMI2+VNNI+VPOPCNTDQ,AVX512 IFMA+VBMI,AVX512 F+BW+CD+DQ+VL,AVX2+BMI1+BMI2+F16C+FMA+LZCNT+MOVBE,AVX,SSE3+SSSE3+SSE4.1+SSE4.2+POPCNT,X86Base+SSE+SSE2,AES+PCLMUL,AvxVnni VectorSize=256
// Job: ShortRun(InvocationCount=1, IterationCount=3, LaunchCount=1, UnrollFactor=1, WarmupCount=3)

OverheadJitting  1: 1 op, 396793.00 ns, 396.7930 us/op
WorkloadJitting  1: 1 op, 643904.00 ns, 643.9040 us/op

OverheadWarmup   1: 1 op, 401.00 ns, 401.0000 ns/op
OverheadWarmup   2: 1 op, 471.00 ns, 471.0000 ns/op
OverheadWarmup   3: 1 op, 310.00 ns, 310.0000 ns/op
OverheadWarmup   4: 1 op, 401.00 ns, 401.0000 ns/op
OverheadWarmup   5: 1 op, 391.00 ns, 391.0000 ns/op

OverheadActual   1: 1 op, 371.00 ns, 371.0000 ns/op
OverheadActual   2: 1 op, 411.00 ns, 411.0000 ns/op
OverheadActual   3: 1 op, 380.00 ns, 380.0000 ns/op
OverheadActual   4: 1 op, 391.00 ns, 391.0000 ns/op
OverheadActual   5: 1 op, 420.00 ns, 420.0000 ns/op
OverheadActual   6: 1 op, 451.00 ns, 451.0000 ns/op
OverheadActual   7: 1 op, 421.00 ns, 421.0000 ns/op
OverheadActual   8: 1 op, 280.00 ns, 280.0000 ns/op
OverheadActual   9: 1 op, 421.00 ns, 421.0000 ns/op
OverheadActual  10: 1 op, 280.00 ns, 280.0000 ns/op
OverheadActual  11: 1 op, 301.00 ns, 301.0000 ns/op
OverheadActual  12: 1 op, 421.00 ns, 421.0000 ns/op
OverheadActual  13: 1 op, 641.00 ns, 641.0000 ns/op
OverheadActual  14: 1 op, 451.00 ns, 451.0000 ns/op
OverheadActual  15: 1 op, 290.00 ns, 290.0000 ns/op
OverheadActual  16: 1 op, 411.00 ns, 411.0000 ns/op
OverheadActual  17: 1 op, 400.00 ns, 400.0000 ns/op
OverheadActual  18: 1 op, 411.00 ns, 411.0000 ns/op
OverheadActual  19: 1 op, 411.00 ns, 411.0000 ns/op
OverheadActual  20: 1 op, 300.00 ns, 300.0000 ns/op

WorkloadWarmup   1: 1 op, 36351.00 ns, 36.3510 us/op
WorkloadWarmup   2: 1 op, 8336.00 ns, 8.3360 us/op
WorkloadWarmup   3: 1 op, 7895.00 ns, 7.8950 us/op

// BeforeActualRun
WorkloadActual   1: 1 op, 35489.00 ns, 35.4890 us/op
WorkloadActual   2: 1 op, 6423.00 ns, 6.4230 us/op
WorkloadActual   3: 1 op, 7855.00 ns, 7.8550 us/op

// AfterActualRun
WorkloadResult   1: 1 op, 35078.00 ns, 35.0780 us/op
WorkloadResult   2: 1 op, 6012.00 ns, 6.0120 us/op
WorkloadResult   3: 1 op, 7444.00 ns, 7.4440 us/op
// GC:  0 0 0 8800 1
// Threading:  0 0 1

// AfterAll
// Benchmark Process 1371044 has exited with code 0.

Mean = 16.178 us, StdErr = 9.459 us (58.47%), N = 3, StdDev = 16.384 us
Min = 6.012 us, Q1 = 6.728 us, Median = 7.444 us, Q3 = 21.261 us, Max = 35.078 us
IQR = 14.533 us, LowerFence = -15.072 us, UpperFence = 43.060 us
ConfidenceInterval = [-282.719 us; 315.075 us] (CI 99.9%), Margin = 298.897 us (1847.55% of Mean)
Skewness = 0.38, Kurtosis = 0.67, MValue = 2

// ** Remained 22 (34.9%) benchmark(s) to run. Estimated finish 2026-09-22 14:55 (0h 0m from now) **
// **************************
// Benchmark: SessionSetupDecompositionBenchmarks.ComponentC2e_LinkedTokenSourceConstruction: ShortRun(InvocationCount=1, IterationCount=3, LaunchCount=1, UnrollFactor=1, WarmupCount=3) [Sessions=100]
// *** Execute ***
// Launch: 1 / 1
// Execute: dotnet WinForward.Benchmarks-ShortRun-1.dll --anonymousPipes 123 125 --benchmarkName "WinForward.Benchmarks.Perf.SessionSetupDecompositionBenchmarks.ComponentC2e_LinkedTokenSourceConstruction(Sessions: 100)" --job ShortRun --benchmarkId 41 in /home/paff/Projects/WinForward/benchmarks/WinForward.Benchmarks/bin/Release/net10.0/WinForward.Benchmarks-ShortRun-1/bin/Release/net10.0
// Failed to set up high priority (Permission denied). In order to run benchmarks with high priority, make sure you have the right permissions.
// BeforeAnythingElse

// Benchmark Process Environment Information:
// BenchmarkDotNet v0.15.8
// Runtime=.NET 10.0.12 (10.0.12, 10.0.1226.42308), X64 RyuJIT x86-64-v4
// GC=Concurrent Workstation
// HardwareIntrinsics=AVX512 BITALG+VBMI2+VNNI+VPOPCNTDQ,AVX512 IFMA+VBMI,AVX512 F+BW+CD+DQ+VL,AVX2+BMI1+BMI2+F16C+FMA+LZCNT+MOVBE,AVX,SSE3+SSSE3+SSE4.1+SSE4.2+POPCNT,X86Base+SSE+SSE2,AES+PCLMUL,AvxVnni VectorSize=256
// Job: ShortRun(InvocationCount=1, IterationCount=3, LaunchCount=1, UnrollFactor=1, WarmupCount=3)

OverheadJitting  1: 1 op, 402384.00 ns, 402.3840 us/op
WorkloadJitting  1: 1 op, 1229084.00 ns, 1.2291 ms/op

OverheadWarmup   1: 1 op, 410.00 ns, 410.0000 ns/op
OverheadWarmup   2: 1 op, 300.00 ns, 300.0000 ns/op
OverheadWarmup   3: 1 op, 441.00 ns, 441.0000 ns/op
OverheadWarmup   4: 1 op, 311.00 ns, 311.0000 ns/op
OverheadWarmup   5: 1 op, 400.00 ns, 400.0000 ns/op
OverheadWarmup   6: 1 op, 410.00 ns, 410.0000 ns/op
OverheadWarmup   7: 1 op, 301.00 ns, 301.0000 ns/op

OverheadActual   1: 1 op, 421.00 ns, 421.0000 ns/op
OverheadActual   2: 1 op, 431.00 ns, 431.0000 ns/op
OverheadActual   3: 1 op, 411.00 ns, 411.0000 ns/op
OverheadActual   4: 1 op, 431.00 ns, 431.0000 ns/op
OverheadActual   5: 1 op, 440.00 ns, 440.0000 ns/op
OverheadActual   6: 1 op, 401.00 ns, 401.0000 ns/op
OverheadActual   7: 1 op, 271.00 ns, 271.0000 ns/op
OverheadActual   8: 1 op, 421.00 ns, 421.0000 ns/op
OverheadActual   9: 1 op, 300.00 ns, 300.0000 ns/op
OverheadActual  10: 1 op, 451.00 ns, 451.0000 ns/op
OverheadActual  11: 1 op, 310.00 ns, 310.0000 ns/op
OverheadActual  12: 1 op, 300.00 ns, 300.0000 ns/op
OverheadActual  13: 1 op, 411.00 ns, 411.0000 ns/op
OverheadActual  14: 1 op, 421.00 ns, 421.0000 ns/op
OverheadActual  15: 1 op, 300.00 ns, 300.0000 ns/op
OverheadActual  16: 1 op, 281.00 ns, 281.0000 ns/op
OverheadActual  17: 1 op, 290.00 ns, 290.0000 ns/op
OverheadActual  18: 1 op, 320.00 ns, 320.0000 ns/op
OverheadActual  19: 1 op, 291.00 ns, 291.0000 ns/op
OverheadActual  20: 1 op, 441.00 ns, 441.0000 ns/op

WorkloadWarmup   1: 1 op, 88022.00 ns, 88.0220 us/op
WorkloadWarmup   2: 1 op, 15860.00 ns, 15.8600 us/op
WorkloadWarmup   3: 1 op, 11954.00 ns, 11.9540 us/op

// BeforeActualRun
WorkloadActual   1: 1 op, 56150.00 ns, 56.1500 us/op
WorkloadActual   2: 1 op, 13456.00 ns, 13.4560 us/op
WorkloadActual   3: 1 op, 13246.00 ns, 13.2460 us/op

// AfterActualRun
WorkloadResult   1: 1 op, 55744.00 ns, 55.7440 us/op
WorkloadResult   2: 1 op, 13050.00 ns, 13.0500 us/op
WorkloadResult   3: 1 op, 12840.00 ns, 12.8400 us/op
// GC:  0 0 0 15400 1
// Threading:  0 0 1

// AfterAll
// Benchmark Process 1371053 has exited with code 0.

Mean = 27.211 us, StdErr = 14.266 us (52.43%), N = 3, StdDev = 24.710 us
Min = 12.840 us, Q1 = 12.945 us, Median = 13.050 us, Q3 = 34.397 us, Max = 55.744 us
IQR = 21.452 us, LowerFence = -19.233 us, UpperFence = 66.575 us
ConfidenceInterval = [-423.595 us; 478.018 us] (CI 99.9%), Margin = 450.807 us (1656.69% of Mean)
Skewness = 0.38, Kurtosis = 0.67, MValue = 2

// ** Remained 21 (33.3%) benchmark(s) to run. Estimated finish 2026-09-22 14:55 (0h 0m from now) **
// **************************
// Benchmark: SessionSetupDecompositionBenchmarks.StageS0_CoordinatorOnly: ShortRun(InvocationCount=1, IterationCount=3, LaunchCount=1, UnrollFactor=1, WarmupCount=3) [Sessions=1000]
// *** Execute ***
// Launch: 1 / 1
// Execute: dotnet WinForward.Benchmarks-ShortRun-1.dll --anonymousPipes 123 125 --benchmarkName "WinForward.Benchmarks.Perf.SessionSetupDecompositionBenchmarks.StageS0_CoordinatorOnly(Sessions: 1000)" --job ShortRun --benchmarkId 42 in /home/paff/Projects/WinForward/benchmarks/WinForward.Benchmarks/bin/Release/net10.0/WinForward.Benchmarks-ShortRun-1/bin/Release/net10.0
// Failed to set up high priority (Permission denied). In order to run benchmarks with high priority, make sure you have the right permissions.
// BeforeAnythingElse

// Benchmark Process Environment Information:
// BenchmarkDotNet v0.15.8
// Runtime=.NET 10.0.12 (10.0.12, 10.0.1226.42308), X64 RyuJIT x86-64-v4
// GC=Concurrent Workstation
// HardwareIntrinsics=AVX512 BITALG+VBMI2+VNNI+VPOPCNTDQ,AVX512 IFMA+VBMI,AVX512 F+BW+CD+DQ+VL,AVX2+BMI1+BMI2+F16C+FMA+LZCNT+MOVBE,AVX,SSE3+SSSE3+SSE4.1+SSE4.2+POPCNT,X86Base+SSE+SSE2,AES+PCLMUL,AvxVnni VectorSize=256
// Job: ShortRun(InvocationCount=1, IterationCount=3, LaunchCount=1, UnrollFactor=1, WarmupCount=3)

OverheadJitting  1: 1 op, 267902.00 ns, 267.9020 us/op
WorkloadJitting  1: 1 op, 7872643.00 ns, 7.8726 ms/op

OverheadWarmup   1: 1 op, 421.00 ns, 421.0000 ns/op
OverheadWarmup   2: 1 op, 281.00 ns, 281.0000 ns/op
OverheadWarmup   3: 1 op, 301.00 ns, 301.0000 ns/op
OverheadWarmup   4: 1 op, 411.00 ns, 411.0000 ns/op
OverheadWarmup   5: 1 op, 401.00 ns, 401.0000 ns/op
OverheadWarmup   6: 1 op, 391.00 ns, 391.0000 ns/op
OverheadWarmup   7: 1 op, 561.00 ns, 561.0000 ns/op
OverheadWarmup   8: 1 op, 351.00 ns, 351.0000 ns/op

OverheadActual   1: 1 op, 491.00 ns, 491.0000 ns/op
OverheadActual   2: 1 op, 420.00 ns, 420.0000 ns/op
OverheadActual   3: 1 op, 571.00 ns, 571.0000 ns/op
OverheadActual   4: 1 op, 541.00 ns, 541.0000 ns/op
OverheadActual   5: 1 op, 471.00 ns, 471.0000 ns/op
OverheadActual   6: 1 op, 441.00 ns, 441.0000 ns/op
OverheadActual   7: 1 op, 421.00 ns, 421.0000 ns/op
OverheadActual   8: 1 op, 380.00 ns, 380.0000 ns/op
OverheadActual   9: 1 op, 371.00 ns, 371.0000 ns/op
OverheadActual  10: 1 op, 381.00 ns, 381.0000 ns/op
OverheadActual  11: 1 op, 381.00 ns, 381.0000 ns/op
OverheadActual  12: 1 op, 371.00 ns, 371.0000 ns/op
OverheadActual  13: 1 op, 461.00 ns, 461.0000 ns/op
OverheadActual  14: 1 op, 531.00 ns, 531.0000 ns/op
OverheadActual  15: 1 op, 301.00 ns, 301.0000 ns/op
OverheadActual  16: 1 op, 461.00 ns, 461.0000 ns/op
OverheadActual  17: 1 op, 390.00 ns, 390.0000 ns/op
OverheadActual  18: 1 op, 461.00 ns, 461.0000 ns/op
OverheadActual  19: 1 op, 291.00 ns, 291.0000 ns/op
OverheadActual  20: 1 op, 351.00 ns, 351.0000 ns/op

WorkloadWarmup   1: 1 op, 176353.00 ns, 176.3530 us/op
WorkloadWarmup   2: 1 op, 59987.00 ns, 59.9870 us/op
WorkloadWarmup   3: 1 op, 62492.00 ns, 62.4920 us/op

// BeforeActualRun
WorkloadActual   1: 1 op, 112689.00 ns, 112.6890 us/op
WorkloadActual   2: 1 op, 79805.00 ns, 79.8050 us/op
WorkloadActual   3: 1 op, 60157.00 ns, 60.1570 us/op

// AfterActualRun
WorkloadResult   1: 1 op, 112268.50 ns, 112.2685 us/op
WorkloadResult   2: 1 op, 79384.50 ns, 79.3845 us/op
WorkloadResult   3: 1 op, 59736.50 ns, 59.7365 us/op
// GC:  0 0 0 496680 1
// Threading:  0 0 1

// AfterAll
// Benchmark Process 1371062 has exited with code 0.

Mean = 83.796 us, StdErr = 15.324 us (18.29%), N = 3, StdDev = 26.542 us
Min = 59.736 us, Q1 = 69.561 us, Median = 79.385 us, Q3 = 95.826 us, Max = 112.269 us
IQR = 26.266 us, LowerFence = 30.162 us, UpperFence = 135.226 us
ConfidenceInterval = [-400.437 us; 568.030 us] (CI 99.9%), Margin = 484.233 us (577.87% of Mean)
Skewness = 0.16, Kurtosis = 0.67, MValue = 2

// ** Remained 20 (31.7%) benchmark(s) to run. Estimated finish 2026-09-22 14:55 (0h 0m from now) **
// **************************
// Benchmark: SessionSetupDecompositionBenchmarks.StageS1_AdmissionOnlyAsync: ShortRun(InvocationCount=1, IterationCount=3, LaunchCount=1, UnrollFactor=1, WarmupCount=3) [Sessions=1000]
// *** Execute ***
// Launch: 1 / 1
// Execute: dotnet WinForward.Benchmarks-ShortRun-1.dll --anonymousPipes 123 125 --benchmarkName "WinForward.Benchmarks.Perf.SessionSetupDecompositionBenchmarks.StageS1_AdmissionOnlyAsync(Sessions: 1000)" --job ShortRun --benchmarkId 43 in /home/paff/Projects/WinForward/benchmarks/WinForward.Benchmarks/bin/Release/net10.0/WinForward.Benchmarks-ShortRun-1/bin/Release/net10.0
// Failed to set up high priority (Permission denied). In order to run benchmarks with high priority, make sure you have the right permissions.
// BeforeAnythingElse

// Benchmark Process Environment Information:
// BenchmarkDotNet v0.15.8
// Runtime=.NET 10.0.12 (10.0.12, 10.0.1226.42308), X64 RyuJIT x86-64-v4
// GC=Concurrent Workstation
// HardwareIntrinsics=AVX512 BITALG+VBMI2+VNNI+VPOPCNTDQ,AVX512 IFMA+VBMI,AVX512 F+BW+CD+DQ+VL,AVX2+BMI1+BMI2+F16C+FMA+LZCNT+MOVBE,AVX,SSE3+SSSE3+SSE4.1+SSE4.2+POPCNT,X86Base+SSE+SSE2,AES+PCLMUL,AvxVnni VectorSize=256
// Job: ShortRun(InvocationCount=1, IterationCount=3, LaunchCount=1, UnrollFactor=1, WarmupCount=3)

OverheadJitting  1: 1 op, 412163.00 ns, 412.1630 us/op
WorkloadJitting  1: 1 op, 30192765.00 ns, 30.1928 ms/op

OverheadWarmup   1: 1 op, 581.00 ns, 581.0000 ns/op
OverheadWarmup   2: 1 op, 381.00 ns, 381.0000 ns/op
OverheadWarmup   3: 1 op, 390.00 ns, 390.0000 ns/op
OverheadWarmup   4: 1 op, 381.00 ns, 381.0000 ns/op
OverheadWarmup   5: 1 op, 411.00 ns, 411.0000 ns/op
OverheadWarmup   6: 1 op, 281.00 ns, 281.0000 ns/op

OverheadActual   1: 1 op, 371.00 ns, 371.0000 ns/op
OverheadActual   2: 1 op, 390.00 ns, 390.0000 ns/op
OverheadActual   3: 1 op, 361.00 ns, 361.0000 ns/op
OverheadActual   4: 1 op, 421.00 ns, 421.0000 ns/op
OverheadActual   5: 1 op, 421.00 ns, 421.0000 ns/op
OverheadActual   6: 1 op, 281.00 ns, 281.0000 ns/op
OverheadActual   7: 1 op, 280.00 ns, 280.0000 ns/op
OverheadActual   8: 1 op, 381.00 ns, 381.0000 ns/op
OverheadActual   9: 1 op, 291.00 ns, 291.0000 ns/op
OverheadActual  10: 1 op, 381.00 ns, 381.0000 ns/op
OverheadActual  11: 1 op, 370.00 ns, 370.0000 ns/op
OverheadActual  12: 1 op, 411.00 ns, 411.0000 ns/op
OverheadActual  13: 1 op, 381.00 ns, 381.0000 ns/op
OverheadActual  14: 1 op, 882.00 ns, 882.0000 ns/op
OverheadActual  15: 1 op, 390.00 ns, 390.0000 ns/op
OverheadActual  16: 1 op, 391.00 ns, 391.0000 ns/op
OverheadActual  17: 1 op, 771.00 ns, 771.0000 ns/op
OverheadActual  18: 1 op, 280.00 ns, 280.0000 ns/op
OverheadActual  19: 1 op, 381.00 ns, 381.0000 ns/op
OverheadActual  20: 1 op, 380.00 ns, 380.0000 ns/op

WorkloadWarmup   1: 1 op, 3234219.00 ns, 3.2342 ms/op
WorkloadWarmup   2: 1 op, 2242668.00 ns, 2.2427 ms/op
WorkloadWarmup   3: 1 op, 2311963.00 ns, 2.3120 ms/op

// BeforeActualRun
WorkloadActual   1: 1 op, 2753012.00 ns, 2.7530 ms/op
WorkloadActual   2: 1 op, 3483505.00 ns, 3.4835 ms/op
WorkloadActual   3: 1 op, 2290510.00 ns, 2.2905 ms/op

// AfterActualRun
WorkloadResult   1: 1 op, 2752631.00 ns, 2.7526 ms/op
WorkloadResult   2: 1 op, 3483124.00 ns, 3.4831 ms/op
WorkloadResult   3: 1 op, 2290129.00 ns, 2.2901 ms/op
// GC:  0 0 0 1323552 1
// Threading:  0 0 1

// AfterAll
// Benchmark Process 1371076 has exited with code 0.

Mean = 2.842 ms, StdErr = 0.347 ms (12.22%), N = 3, StdDev = 0.601 ms
Min = 2.290 ms, Q1 = 2.521 ms, Median = 2.753 ms, Q3 = 3.118 ms, Max = 3.483 ms
IQR = 0.596 ms, LowerFence = 1.627 ms, UpperFence = 4.013 ms
ConfidenceInterval = [-8.132 ms; 13.815 ms] (CI 99.9%), Margin = 10.973 ms (386.12% of Mean)
Skewness = 0.15, Kurtosis = 0.67, MValue = 2

// ** Remained 19 (30.2%) benchmark(s) to run. Estimated finish 2026-09-22 14:55 (0h 0m from now) **
// **************************
// Benchmark: SessionSetupDecompositionBenchmarks.StageS2_SetupStartedAsync: ShortRun(InvocationCount=1, IterationCount=3, LaunchCount=1, UnrollFactor=1, WarmupCount=3) [Sessions=1000]
// *** Execute ***
// Launch: 1 / 1
// Execute: dotnet WinForward.Benchmarks-ShortRun-1.dll --anonymousPipes 123 125 --benchmarkName "WinForward.Benchmarks.Perf.SessionSetupDecompositionBenchmarks.StageS2_SetupStartedAsync(Sessions: 1000)" --job ShortRun --benchmarkId 44 in /home/paff/Projects/WinForward/benchmarks/WinForward.Benchmarks/bin/Release/net10.0/WinForward.Benchmarks-ShortRun-1/bin/Release/net10.0
// Failed to set up high priority (Permission denied). In order to run benchmarks with high priority, make sure you have the right permissions.
// BeforeAnythingElse

// Benchmark Process Environment Information:
// BenchmarkDotNet v0.15.8
// Runtime=.NET 10.0.12 (10.0.12, 10.0.1226.42308), X64 RyuJIT x86-64-v4
// GC=Concurrent Workstation
// HardwareIntrinsics=AVX512 BITALG+VBMI2+VNNI+VPOPCNTDQ,AVX512 IFMA+VBMI,AVX512 F+BW+CD+DQ+VL,AVX2+BMI1+BMI2+F16C+FMA+LZCNT+MOVBE,AVX,SSE3+SSSE3+SSE4.1+SSE4.2+POPCNT,X86Base+SSE+SSE2,AES+PCLMUL,AvxVnni VectorSize=256
// Job: ShortRun(InvocationCount=1, IterationCount=3, LaunchCount=1, UnrollFactor=1, WarmupCount=3)

OverheadJitting  1: 1 op, 268734.00 ns, 268.7340 us/op
WorkloadJitting  1: 1 op, 118055762.00 ns, 118.0558 ms/op

OverheadWarmup   1: 1 op, 702.00 ns, 702.0000 ns/op
OverheadWarmup   2: 1 op, 531.00 ns, 531.0000 ns/op
OverheadWarmup   3: 1 op, 682.00 ns, 682.0000 ns/op
OverheadWarmup   4: 1 op, 411.00 ns, 411.0000 ns/op
OverheadWarmup   5: 1 op, 381.00 ns, 381.0000 ns/op
OverheadWarmup   6: 1 op, 421.00 ns, 421.0000 ns/op
OverheadWarmup   7: 1 op, 391.00 ns, 391.0000 ns/op

OverheadActual   1: 1 op, 421.00 ns, 421.0000 ns/op
OverheadActual   2: 1 op, 381.00 ns, 381.0000 ns/op
OverheadActual   3: 1 op, 381.00 ns, 381.0000 ns/op
OverheadActual   4: 1 op, 401.00 ns, 401.0000 ns/op
OverheadActual   5: 1 op, 380.00 ns, 380.0000 ns/op
OverheadActual   6: 1 op, 340.00 ns, 340.0000 ns/op
OverheadActual   7: 1 op, 411.00 ns, 411.0000 ns/op
OverheadActual   8: 1 op, 411.00 ns, 411.0000 ns/op
OverheadActual   9: 1 op, 431.00 ns, 431.0000 ns/op
OverheadActual  10: 1 op, 401.00 ns, 401.0000 ns/op
OverheadActual  11: 1 op, 421.00 ns, 421.0000 ns/op
OverheadActual  12: 1 op, 330.00 ns, 330.0000 ns/op
OverheadActual  13: 1 op, 401.00 ns, 401.0000 ns/op
OverheadActual  14: 1 op, 421.00 ns, 421.0000 ns/op
OverheadActual  15: 1 op, 390.00 ns, 390.0000 ns/op
OverheadActual  16: 1 op, 361.00 ns, 361.0000 ns/op
OverheadActual  17: 1 op, 381.00 ns, 381.0000 ns/op
OverheadActual  18: 1 op, 391.00 ns, 391.0000 ns/op
OverheadActual  19: 1 op, 441.00 ns, 441.0000 ns/op
OverheadActual  20: 1 op, 411.00 ns, 411.0000 ns/op

WorkloadWarmup   1: 1 op, 81485027.00 ns, 81.4850 ms/op
WorkloadWarmup   2: 1 op, 82086297.00 ns, 82.0863 ms/op
WorkloadWarmup   3: 1 op, 82772295.00 ns, 82.7723 ms/op

// BeforeActualRun
WorkloadActual   1: 1 op, 85392640.00 ns, 85.3926 ms/op
WorkloadActual   2: 1 op, 81203708.00 ns, 81.2037 ms/op
WorkloadActual   3: 1 op, 81444572.00 ns, 81.4446 ms/op

// AfterActualRun
WorkloadResult   1: 1 op, 85392239.00 ns, 85.3922 ms/op
WorkloadResult   2: 1 op, 81203307.00 ns, 81.2033 ms/op
WorkloadResult   3: 1 op, 81444171.00 ns, 81.4442 ms/op
// GC:  0 0 0 1522200 1
// Threading:  4 10 1

// AfterAll
// Benchmark Process 1371117 has exited with code 0.

Mean = 82.680 ms, StdErr = 1.358 ms (1.64%), N = 3, StdDev = 2.352 ms
Min = 81.203 ms, Q1 = 81.324 ms, Median = 81.444 ms, Q3 = 83.418 ms, Max = 85.392 ms
IQR = 2.094 ms, LowerFence = 78.182 ms, UpperFence = 86.560 ms
ConfidenceInterval = [39.770 ms; 125.590 ms] (CI 99.9%), Margin = 42.910 ms (51.90% of Mean)
Skewness = 0.38, Kurtosis = 0.67, MValue = 2

// ** Remained 18 (28.6%) benchmark(s) to run. Estimated finish 2026-09-22 14:55 (0h 0m from now) **
// **************************
// Benchmark: SessionSetupDecompositionBenchmarks.StageS3_PipelineNoPayloadAsync: ShortRun(InvocationCount=1, IterationCount=3, LaunchCount=1, UnrollFactor=1, WarmupCount=3) [Sessions=1000]
// *** Execute ***
// Launch: 1 / 1
// Execute: dotnet WinForward.Benchmarks-ShortRun-1.dll --anonymousPipes 123 125 --benchmarkName "WinForward.Benchmarks.Perf.SessionSetupDecompositionBenchmarks.StageS3_PipelineNoPayloadAsync(Sessions: 1000)" --job ShortRun --benchmarkId 45 in /home/paff/Projects/WinForward/benchmarks/WinForward.Benchmarks/bin/Release/net10.0/WinForward.Benchmarks-ShortRun-1/bin/Release/net10.0
// Failed to set up high priority (Permission denied). In order to run benchmarks with high priority, make sure you have the right permissions.
// BeforeAnythingElse

// Benchmark Process Environment Information:
// BenchmarkDotNet v0.15.8
// Runtime=.NET 10.0.12 (10.0.12, 10.0.1226.42308), X64 RyuJIT x86-64-v4
// GC=Concurrent Workstation
// HardwareIntrinsics=AVX512 BITALG+VBMI2+VNNI+VPOPCNTDQ,AVX512 IFMA+VBMI,AVX512 F+BW+CD+DQ+VL,AVX2+BMI1+BMI2+F16C+FMA+LZCNT+MOVBE,AVX,SSE3+SSSE3+SSE4.1+SSE4.2+POPCNT,X86Base+SSE+SSE2,AES+PCLMUL,AvxVnni VectorSize=256
// Job: ShortRun(InvocationCount=1, IterationCount=3, LaunchCount=1, UnrollFactor=1, WarmupCount=3)

OverheadJitting  1: 1 op, 397163.00 ns, 397.1630 us/op
WorkloadJitting  1: 1 op, 123779517.00 ns, 123.7795 ms/op

OverheadWarmup   1: 1 op, 912.00 ns, 912.0000 ns/op
OverheadWarmup   2: 1 op, 691.00 ns, 691.0000 ns/op
OverheadWarmup   3: 1 op, 541.00 ns, 541.0000 ns/op
OverheadWarmup   4: 1 op, 541.00 ns, 541.0000 ns/op
OverheadWarmup   5: 1 op, 421.00 ns, 421.0000 ns/op
OverheadWarmup   6: 1 op, 421.00 ns, 421.0000 ns/op
OverheadWarmup   7: 1 op, 410.00 ns, 410.0000 ns/op

OverheadActual   1: 1 op, 702.00 ns, 702.0000 ns/op
OverheadActual   2: 1 op, 431.00 ns, 431.0000 ns/op
OverheadActual   3: 1 op, 491.00 ns, 491.0000 ns/op
OverheadActual   4: 1 op, 451.00 ns, 451.0000 ns/op
OverheadActual   5: 1 op, 401.00 ns, 401.0000 ns/op
OverheadActual   6: 1 op, 271.00 ns, 271.0000 ns/op
OverheadActual   7: 1 op, 300.00 ns, 300.0000 ns/op
OverheadActual   8: 1 op, 231.00 ns, 231.0000 ns/op
OverheadActual   9: 1 op, 351.00 ns, 351.0000 ns/op
OverheadActual  10: 1 op, 461.00 ns, 461.0000 ns/op
OverheadActual  11: 1 op, 291.00 ns, 291.0000 ns/op
OverheadActual  12: 1 op, 441.00 ns, 441.0000 ns/op
OverheadActual  13: 1 op, 431.00 ns, 431.0000 ns/op
OverheadActual  14: 1 op, 441.00 ns, 441.0000 ns/op
OverheadActual  15: 1 op, 331.00 ns, 331.0000 ns/op
OverheadActual  16: 1 op, 280.00 ns, 280.0000 ns/op
OverheadActual  17: 1 op, 290.00 ns, 290.0000 ns/op
OverheadActual  18: 1 op, 411.00 ns, 411.0000 ns/op
OverheadActual  19: 1 op, 301.00 ns, 301.0000 ns/op
OverheadActual  20: 1 op, 481.00 ns, 481.0000 ns/op

WorkloadWarmup   1: 1 op, 65439653.00 ns, 65.4397 ms/op
WorkloadWarmup   2: 1 op, 65855331.00 ns, 65.8553 ms/op
WorkloadWarmup   3: 1 op, 61601790.00 ns, 61.6018 ms/op

// BeforeActualRun
WorkloadActual   1: 1 op, 65062294.00 ns, 65.0623 ms/op
WorkloadActual   2: 1 op, 62122809.00 ns, 62.1228 ms/op
WorkloadActual   3: 1 op, 59178512.00 ns, 59.1785 ms/op

// AfterActualRun
WorkloadResult   1: 1 op, 65061888.00 ns, 65.0619 ms/op
WorkloadResult   2: 1 op, 62122403.00 ns, 62.1224 ms/op
WorkloadResult   3: 1 op, 59178106.00 ns, 59.1781 ms/op
// GC:  0 0 0 4564920 1
// Threading:  990 371 1

// AfterAll
// Benchmark Process 1371678 has exited with code 0.

Mean = 62.121 ms, StdErr = 1.699 ms (2.73%), N = 3, StdDev = 2.942 ms
Min = 59.178 ms, Q1 = 60.650 ms, Median = 62.122 ms, Q3 = 63.592 ms, Max = 65.062 ms
IQR = 2.942 ms, LowerFence = 56.237 ms, UpperFence = 68.005 ms
ConfidenceInterval = [8.450 ms; 115.792 ms] (CI 99.9%), Margin = 53.671 ms (86.40% of Mean)
Skewness = -0, Kurtosis = 0.67, MValue = 2

// ** Remained 17 (27.0%) benchmark(s) to run. Estimated finish 2026-09-22 14:55 (0h 0m from now) **
// **************************
// Benchmark: SessionSetupDecompositionBenchmarks.StageS4_ReadinessTeardownOutsideAsync: ShortRun(InvocationCount=1, IterationCount=3, LaunchCount=1, UnrollFactor=1, WarmupCount=3) [Sessions=1000]
// *** Execute ***
// Launch: 1 / 1
// Execute: dotnet WinForward.Benchmarks-ShortRun-1.dll --anonymousPipes 123 125 --benchmarkName "WinForward.Benchmarks.Perf.SessionSetupDecompositionBenchmarks.StageS4_ReadinessTeardownOutsideAsync(Sessions: 1000)" --job ShortRun --benchmarkId 46 in /home/paff/Projects/WinForward/benchmarks/WinForward.Benchmarks/bin/Release/net10.0/WinForward.Benchmarks-ShortRun-1/bin/Release/net10.0
// Failed to set up high priority (Permission denied). In order to run benchmarks with high priority, make sure you have the right permissions.
// BeforeAnythingElse

// Benchmark Process Environment Information:
// BenchmarkDotNet v0.15.8
// Runtime=.NET 10.0.12 (10.0.12, 10.0.1226.42308), X64 RyuJIT x86-64-v4
// GC=Concurrent Workstation
// HardwareIntrinsics=AVX512 BITALG+VBMI2+VNNI+VPOPCNTDQ,AVX512 IFMA+VBMI,AVX512 F+BW+CD+DQ+VL,AVX2+BMI1+BMI2+F16C+FMA+LZCNT+MOVBE,AVX,SSE3+SSSE3+SSE4.1+SSE4.2+POPCNT,X86Base+SSE+SSE2,AES+PCLMUL,AvxVnni VectorSize=256
// Job: ShortRun(InvocationCount=1, IterationCount=3, LaunchCount=1, UnrollFactor=1, WarmupCount=3)

OverheadJitting  1: 1 op, 259977.00 ns, 259.9770 us/op
WorkloadJitting  1: 1 op, 132060415.00 ns, 132.0604 ms/op

OverheadWarmup   1: 1 op, 902.00 ns, 902.0000 ns/op
OverheadWarmup   2: 1 op, 761.00 ns, 761.0000 ns/op
OverheadWarmup   3: 1 op, 381.00 ns, 381.0000 ns/op
OverheadWarmup   4: 1 op, 401.00 ns, 401.0000 ns/op
OverheadWarmup   5: 1 op, 421.00 ns, 421.0000 ns/op
OverheadWarmup   6: 1 op, 401.00 ns, 401.0000 ns/op
OverheadWarmup   7: 1 op, 562.00 ns, 562.0000 ns/op
OverheadWarmup   8: 1 op, 441.00 ns, 441.0000 ns/op

OverheadActual   1: 1 op, 761.00 ns, 761.0000 ns/op
OverheadActual   2: 1 op, 692.00 ns, 692.0000 ns/op
OverheadActual   3: 1 op, 742.00 ns, 742.0000 ns/op
OverheadActual   4: 1 op, 562.00 ns, 562.0000 ns/op
OverheadActual   5: 1 op, 631.00 ns, 631.0000 ns/op
OverheadActual   6: 1 op, 491.00 ns, 491.0000 ns/op
OverheadActual   7: 1 op, 381.00 ns, 381.0000 ns/op
OverheadActual   8: 1 op, 381.00 ns, 381.0000 ns/op
OverheadActual   9: 1 op, 371.00 ns, 371.0000 ns/op
OverheadActual  10: 1 op, 441.00 ns, 441.0000 ns/op
OverheadActual  11: 1 op, 912.00 ns, 912.0000 ns/op
OverheadActual  12: 1 op, 451.00 ns, 451.0000 ns/op
OverheadActual  13: 1 op, 300.00 ns, 300.0000 ns/op
OverheadActual  14: 1 op, 441.00 ns, 441.0000 ns/op
OverheadActual  15: 1 op, 401.00 ns, 401.0000 ns/op
OverheadActual  16: 1 op, 451.00 ns, 451.0000 ns/op
OverheadActual  17: 1 op, 511.00 ns, 511.0000 ns/op
OverheadActual  18: 1 op, 511.00 ns, 511.0000 ns/op
OverheadActual  19: 1 op, 431.00 ns, 431.0000 ns/op
OverheadActual  20: 1 op, 471.00 ns, 471.0000 ns/op

WorkloadWarmup   1: 1 op, 71028452.00 ns, 71.0285 ms/op
WorkloadWarmup   2: 1 op, 67071977.00 ns, 67.0720 ms/op
WorkloadWarmup   3: 1 op, 74608768.00 ns, 74.6088 ms/op

// BeforeActualRun
WorkloadActual   1: 1 op, 76912487.00 ns, 76.9125 ms/op
WorkloadActual   2: 1 op, 76582707.00 ns, 76.5827 ms/op
WorkloadActual   3: 1 op, 65004855.00 ns, 65.0049 ms/op

// AfterActualRun
WorkloadResult   1: 1 op, 76912026.00 ns, 76.9120 ms/op
WorkloadResult   2: 1 op, 76582246.00 ns, 76.5822 ms/op
WorkloadResult   3: 1 op, 65004394.00 ns, 65.0044 ms/op
// GC:  0 0 0 4252360 1
// Threading:  999 382 1

// AfterAll
// Benchmark Process 1372233 has exited with code 0.

Mean = 72.833 ms, StdErr = 3.915 ms (5.38%), N = 3, StdDev = 6.782 ms
Min = 65.004 ms, Q1 = 70.793 ms, Median = 76.582 ms, Q3 = 76.747 ms, Max = 76.912 ms
IQR = 5.954 ms, LowerFence = 61.863 ms, UpperFence = 85.678 ms
ConfidenceInterval = [-50.890 ms; 196.556 ms] (CI 99.9%), Margin = 123.723 ms (169.87% of Mean)
Skewness = -0.38, Kurtosis = 0.67, MValue = 2

// ** Remained 16 (25.4%) benchmark(s) to run. Estimated finish 2026-09-22 14:55 (0h 0m from now) **
// **************************
// Benchmark: SessionSetupDecompositionBenchmarks.StageS5_ReadinessTeardownInsideAsync: ShortRun(InvocationCount=1, IterationCount=3, LaunchCount=1, UnrollFactor=1, WarmupCount=3) [Sessions=1000]
// *** Execute ***
// Launch: 1 / 1
// Execute: dotnet WinForward.Benchmarks-ShortRun-1.dll --anonymousPipes 123 125 --benchmarkName "WinForward.Benchmarks.Perf.SessionSetupDecompositionBenchmarks.StageS5_ReadinessTeardownInsideAsync(Sessions: 1000)" --job ShortRun --benchmarkId 47 in /home/paff/Projects/WinForward/benchmarks/WinForward.Benchmarks/bin/Release/net10.0/WinForward.Benchmarks-ShortRun-1/bin/Release/net10.0
// Failed to set up high priority (Permission denied). In order to run benchmarks with high priority, make sure you have the right permissions.
// BeforeAnythingElse

// Benchmark Process Environment Information:
// BenchmarkDotNet v0.15.8
// Runtime=.NET 10.0.12 (10.0.12, 10.0.1226.42308), X64 RyuJIT x86-64-v4
// GC=Concurrent Workstation
// HardwareIntrinsics=AVX512 BITALG+VBMI2+VNNI+VPOPCNTDQ,AVX512 IFMA+VBMI,AVX512 F+BW+CD+DQ+VL,AVX2+BMI1+BMI2+F16C+FMA+LZCNT+MOVBE,AVX,SSE3+SSSE3+SSE4.1+SSE4.2+POPCNT,X86Base+SSE+SSE2,AES+PCLMUL,AvxVnni VectorSize=256
// Job: ShortRun(InvocationCount=1, IterationCount=3, LaunchCount=1, UnrollFactor=1, WarmupCount=3)

OverheadJitting  1: 1 op, 255337.00 ns, 255.3370 us/op
WorkloadJitting  1: 1 op, 157520286.00 ns, 157.5203 ms/op

OverheadWarmup   1: 1 op, 682.00 ns, 682.0000 ns/op
OverheadWarmup   2: 1 op, 301.00 ns, 301.0000 ns/op
OverheadWarmup   3: 1 op, 441.00 ns, 441.0000 ns/op
OverheadWarmup   4: 1 op, 741.00 ns, 741.0000 ns/op
OverheadWarmup   5: 1 op, 421.00 ns, 421.0000 ns/op
OverheadWarmup   6: 1 op, 271.00 ns, 271.0000 ns/op
OverheadWarmup   7: 1 op, 271.00 ns, 271.0000 ns/op
OverheadWarmup   8: 1 op, 391.00 ns, 391.0000 ns/op

OverheadActual   1: 1 op, 431.00 ns, 431.0000 ns/op
OverheadActual   2: 1 op, 421.00 ns, 421.0000 ns/op
OverheadActual   3: 1 op, 401.00 ns, 401.0000 ns/op
OverheadActual   4: 1 op, 381.00 ns, 381.0000 ns/op
OverheadActual   5: 1 op, 401.00 ns, 401.0000 ns/op
OverheadActual   6: 1 op, 391.00 ns, 391.0000 ns/op
OverheadActual   7: 1 op, 862.00 ns, 862.0000 ns/op
OverheadActual   8: 1 op, 270.00 ns, 270.0000 ns/op
OverheadActual   9: 1 op, 441.00 ns, 441.0000 ns/op
OverheadActual  10: 1 op, 421.00 ns, 421.0000 ns/op
OverheadActual  11: 1 op, 280.00 ns, 280.0000 ns/op
OverheadActual  12: 1 op, 300.00 ns, 300.0000 ns/op
OverheadActual  13: 1 op, 300.00 ns, 300.0000 ns/op
OverheadActual  14: 1 op, 421.00 ns, 421.0000 ns/op
OverheadActual  15: 1 op, 471.00 ns, 471.0000 ns/op
OverheadActual  16: 1 op, 281.00 ns, 281.0000 ns/op
OverheadActual  17: 1 op, 280.00 ns, 280.0000 ns/op
OverheadActual  18: 1 op, 451.00 ns, 451.0000 ns/op
OverheadActual  19: 1 op, 390.00 ns, 390.0000 ns/op
OverheadActual  20: 1 op, 672.00 ns, 672.0000 ns/op

WorkloadWarmup   1: 1 op, 83377139.00 ns, 83.3771 ms/op
WorkloadWarmup   2: 1 op, 80941498.00 ns, 80.9415 ms/op
WorkloadWarmup   3: 1 op, 81148197.00 ns, 81.1482 ms/op

// BeforeActualRun
WorkloadActual   1: 1 op, 95573737.00 ns, 95.5737 ms/op
WorkloadActual   2: 1 op, 83577266.00 ns, 83.5773 ms/op
WorkloadActual   3: 1 op, 82915205.00 ns, 82.9152 ms/op

// AfterActualRun
WorkloadResult   1: 1 op, 95573336.00 ns, 95.5733 ms/op
WorkloadResult   2: 1 op, 83576865.00 ns, 83.5769 ms/op
WorkloadResult   3: 1 op, 82914804.00 ns, 82.9148 ms/op
// GC:  0 0 0 6307088 1
// Threading:  1999 542 1
// Exceptions:  2128

// AfterAll
// Benchmark Process 1372789 has exited with code 0.

Mean = 87.355 ms, StdErr = 4.114 ms (4.71%), N = 3, StdDev = 7.125 ms
Min = 82.915 ms, Q1 = 83.246 ms, Median = 83.577 ms, Q3 = 89.575 ms, Max = 95.573 ms
IQR = 6.329 ms, LowerFence = 73.752 ms, UpperFence = 99.069 ms
ConfidenceInterval = [-42.631 ms; 217.341 ms] (CI 99.9%), Margin = 129.986 ms (148.80% of Mean)
Skewness = 0.38, Kurtosis = 0.67, MValue = 2

// ** Remained 15 (23.8%) benchmark(s) to run. Estimated finish 2026-09-22 14:55 (0h 0m from now) **
// **************************
// Benchmark: SessionSetupDecompositionBenchmarks.StageT1_SessionTeardownInsideAsync: ShortRun(InvocationCount=1, IterationCount=3, LaunchCount=1, UnrollFactor=1, WarmupCount=3) [Sessions=1000]
// *** Execute ***
// Launch: 1 / 1
// Execute: dotnet WinForward.Benchmarks-ShortRun-1.dll --anonymousPipes 123 125 --benchmarkName "WinForward.Benchmarks.Perf.SessionSetupDecompositionBenchmarks.StageT1_SessionTeardownInsideAsync(Sessions: 1000)" --job ShortRun --benchmarkId 48 in /home/paff/Projects/WinForward/benchmarks/WinForward.Benchmarks/bin/Release/net10.0/WinForward.Benchmarks-ShortRun-1/bin/Release/net10.0
// Failed to set up high priority (Permission denied). In order to run benchmarks with high priority, make sure you have the right permissions.
// BeforeAnythingElse

// Benchmark Process Environment Information:
// BenchmarkDotNet v0.15.8
// Runtime=.NET 10.0.12 (10.0.12, 10.0.1226.42308), X64 RyuJIT x86-64-v4
// GC=Concurrent Workstation
// HardwareIntrinsics=AVX512 BITALG+VBMI2+VNNI+VPOPCNTDQ,AVX512 IFMA+VBMI,AVX512 F+BW+CD+DQ+VL,AVX2+BMI1+BMI2+F16C+FMA+LZCNT+MOVBE,AVX,SSE3+SSSE3+SSE4.1+SSE4.2+POPCNT,X86Base+SSE+SSE2,AES+PCLMUL,AvxVnni VectorSize=256
// Job: ShortRun(InvocationCount=1, IterationCount=3, LaunchCount=1, UnrollFactor=1, WarmupCount=3)

OverheadJitting  1: 1 op, 266779.00 ns, 266.7790 us/op
WorkloadJitting  1: 1 op, 122405136.00 ns, 122.4051 ms/op

OverheadWarmup   1: 1 op, 501.00 ns, 501.0000 ns/op
OverheadWarmup   2: 1 op, 902.00 ns, 902.0000 ns/op
OverheadWarmup   3: 1 op, 391.00 ns, 391.0000 ns/op
OverheadWarmup   4: 1 op, 411.00 ns, 411.0000 ns/op
OverheadWarmup   5: 1 op, 381.00 ns, 381.0000 ns/op

OverheadActual   1: 1 op, 661.00 ns, 661.0000 ns/op
OverheadActual   2: 1 op, 692.00 ns, 692.0000 ns/op
OverheadActual   3: 1 op, 811.00 ns, 811.0000 ns/op
OverheadActual   4: 1 op, 822.00 ns, 822.0000 ns/op
OverheadActual   5: 1 op, 851.00 ns, 851.0000 ns/op
OverheadActual   6: 1 op, 471.00 ns, 471.0000 ns/op
OverheadActual   7: 1 op, 922.00 ns, 922.0000 ns/op
OverheadActual   8: 1 op, 611.00 ns, 611.0000 ns/op
OverheadActual   9: 1 op, 380.00 ns, 380.0000 ns/op
OverheadActual  10: 1 op, 391.00 ns, 391.0000 ns/op
OverheadActual  11: 1 op, 511.00 ns, 511.0000 ns/op
OverheadActual  12: 1 op, 471.00 ns, 471.0000 ns/op
OverheadActual  13: 1 op, 281.00 ns, 281.0000 ns/op
OverheadActual  14: 1 op, 280.00 ns, 280.0000 ns/op
OverheadActual  15: 1 op, 411.00 ns, 411.0000 ns/op
OverheadActual  16: 1 op, 270.00 ns, 270.0000 ns/op
OverheadActual  17: 1 op, 441.00 ns, 441.0000 ns/op
OverheadActual  18: 1 op, 450.00 ns, 450.0000 ns/op
OverheadActual  19: 1 op, 381.00 ns, 381.0000 ns/op
OverheadActual  20: 1 op, 411.00 ns, 411.0000 ns/op

WorkloadWarmup   1: 1 op, 90542192.00 ns, 90.5422 ms/op
WorkloadWarmup   2: 1 op, 55148804.00 ns, 55.1488 ms/op
WorkloadWarmup   3: 1 op, 43836919.00 ns, 43.8369 ms/op

// BeforeActualRun
WorkloadActual   1: 1 op, 92009245.00 ns, 92.0092 ms/op
WorkloadActual   2: 1 op, 31012627.00 ns, 31.0126 ms/op
WorkloadActual   3: 1 op, 81161266.00 ns, 81.1613 ms/op

// AfterActualRun
WorkloadResult   1: 1 op, 92008784.50 ns, 92.0088 ms/op
WorkloadResult   2: 1 op, 31012166.50 ns, 31.0122 ms/op
WorkloadResult   3: 1 op, 81160805.50 ns, 81.1608 ms/op
// GC:  0 0 0 4848792 1
// Threading:  1001 0 1
// Exceptions:  2000

// AfterAll
// Benchmark Process 1373354 has exited with code 0.

Mean = 68.061 ms, StdErr = 18.787 ms (27.60%), N = 3, StdDev = 32.540 ms
Min = 31.012 ms, Q1 = 56.086 ms, Median = 81.161 ms, Q3 = 86.585 ms, Max = 92.009 ms
IQR = 30.498 ms, LowerFence = 10.339 ms, UpperFence = 132.332 ms
ConfidenceInterval = [-525.592 ms; 661.713 ms] (CI 99.9%), Margin = 593.653 ms (872.24% of Mean)
Skewness = -0.34, Kurtosis = 0.67, MValue = 2

// ** Remained 14 (22.2%) benchmark(s) to run. Estimated finish 2026-09-22 14:55 (0h 0m from now) **
// **************************
// Benchmark: SessionSetupDecompositionBenchmarks.StageT3_ExpiryRetireInsideAsync: ShortRun(InvocationCount=1, IterationCount=3, LaunchCount=1, UnrollFactor=1, WarmupCount=3) [Sessions=1000]
// *** Execute ***
// Launch: 1 / 1
// Execute: dotnet WinForward.Benchmarks-ShortRun-1.dll --anonymousPipes 123 125 --benchmarkName "WinForward.Benchmarks.Perf.SessionSetupDecompositionBenchmarks.StageT3_ExpiryRetireInsideAsync(Sessions: 1000)" --job ShortRun --benchmarkId 49 in /home/paff/Projects/WinForward/benchmarks/WinForward.Benchmarks/bin/Release/net10.0/WinForward.Benchmarks-ShortRun-1/bin/Release/net10.0
// Failed to set up high priority (Permission denied). In order to run benchmarks with high priority, make sure you have the right permissions.
// BeforeAnythingElse

// Benchmark Process Environment Information:
// BenchmarkDotNet v0.15.8
// Runtime=.NET 10.0.12 (10.0.12, 10.0.1226.42308), X64 RyuJIT x86-64-v4
// GC=Concurrent Workstation
// HardwareIntrinsics=AVX512 BITALG+VBMI2+VNNI+VPOPCNTDQ,AVX512 IFMA+VBMI,AVX512 F+BW+CD+DQ+VL,AVX2+BMI1+BMI2+F16C+FMA+LZCNT+MOVBE,AVX,SSE3+SSSE3+SSE4.1+SSE4.2+POPCNT,X86Base+SSE+SSE2,AES+PCLMUL,AvxVnni VectorSize=256
// Job: ShortRun(InvocationCount=1, IterationCount=3, LaunchCount=1, UnrollFactor=1, WarmupCount=3)

OverheadJitting  1: 1 op, 402324.00 ns, 402.3240 us/op
WorkloadJitting  1: 1 op, 244750705.00 ns, 244.7507 ms/op

OverheadWarmup   1: 1 op, 651.00 ns, 651.0000 ns/op
OverheadWarmup   2: 1 op, 511.00 ns, 511.0000 ns/op
OverheadWarmup   3: 1 op, 551.00 ns, 551.0000 ns/op
OverheadWarmup   4: 1 op, 391.00 ns, 391.0000 ns/op
OverheadWarmup   5: 1 op, 410.00 ns, 410.0000 ns/op
OverheadWarmup   6: 1 op, 380.00 ns, 380.0000 ns/op

OverheadActual   1: 1 op, 952.00 ns, 952.0000 ns/op
OverheadActual   2: 1 op, 410.00 ns, 410.0000 ns/op
OverheadActual   3: 1 op, 421.00 ns, 421.0000 ns/op
OverheadActual   4: 1 op, 441.00 ns, 441.0000 ns/op
OverheadActual   5: 1 op, 602.00 ns, 602.0000 ns/op
OverheadActual   6: 1 op, 801.00 ns, 801.0000 ns/op
OverheadActual   7: 1 op, 712.00 ns, 712.0000 ns/op
OverheadActual   8: 1 op, 582.00 ns, 582.0000 ns/op
OverheadActual   9: 1 op, 411.00 ns, 411.0000 ns/op
OverheadActual  10: 1 op, 781.00 ns, 781.0000 ns/op
OverheadActual  11: 1 op, 271.00 ns, 271.0000 ns/op
OverheadActual  12: 1 op, 821.00 ns, 821.0000 ns/op
OverheadActual  13: 1 op, 521.00 ns, 521.0000 ns/op
OverheadActual  14: 1 op, 1142.00 ns, 1.1420 us/op
OverheadActual  15: 1 op, 401.00 ns, 401.0000 ns/op
OverheadActual  16: 1 op, 290.00 ns, 290.0000 ns/op
OverheadActual  17: 1 op, 431.00 ns, 431.0000 ns/op
OverheadActual  18: 1 op, 531.00 ns, 531.0000 ns/op
OverheadActual  19: 1 op, 551.00 ns, 551.0000 ns/op
OverheadActual  20: 1 op, 420.00 ns, 420.0000 ns/op

WorkloadWarmup   1: 1 op, 158290509.00 ns, 158.2905 ms/op
WorkloadWarmup   2: 1 op, 168046986.00 ns, 168.0470 ms/op
WorkloadWarmup   3: 1 op, 175600393.00 ns, 175.6004 ms/op

// BeforeActualRun
WorkloadActual   1: 1 op, 143114424.00 ns, 143.1144 ms/op
WorkloadActual   2: 1 op, 132912024.00 ns, 132.9120 ms/op
WorkloadActual   3: 1 op, 120470302.00 ns, 120.4703 ms/op

// AfterActualRun
WorkloadResult   1: 1 op, 143113898.00 ns, 143.1139 ms/op
WorkloadResult   2: 1 op, 132911498.00 ns, 132.9115 ms/op
WorkloadResult   3: 1 op, 120469776.00 ns, 120.4698 ms/op
// GC:  0 0 0 6684512 1
// Threading:  2013 383 1
// Exceptions:  2000

// AfterAll
// Benchmark Process 1373371 has exited with code 0.

Mean = 132.165 ms, StdErr = 6.547 ms (4.95%), N = 3, StdDev = 11.341 ms
Min = 120.470 ms, Q1 = 126.691 ms, Median = 132.911 ms, Q3 = 138.013 ms, Max = 143.114 ms
IQR = 11.322 ms, LowerFence = 109.708 ms, UpperFence = 154.996 ms
ConfidenceInterval = [-74.728 ms; 339.058 ms] (CI 99.9%), Margin = 206.893 ms (156.54% of Mean)
Skewness = -0.07, Kurtosis = 0.67, MValue = 2

// ** Remained 13 (20.6%) benchmark(s) to run. Estimated finish 2026-09-22 14:55 (0h 0m from now) **
// **************************
// Benchmark: SessionSetupDecompositionBenchmarks.StageT5_NonThrowingParkTeardownAsync: ShortRun(InvocationCount=1, IterationCount=3, LaunchCount=1, UnrollFactor=1, WarmupCount=3) [Sessions=1000]
// *** Execute ***
// Launch: 1 / 1
// Execute: dotnet WinForward.Benchmarks-ShortRun-1.dll --anonymousPipes 123 125 --benchmarkName "WinForward.Benchmarks.Perf.SessionSetupDecompositionBenchmarks.StageT5_NonThrowingParkTeardownAsync(Sessions: 1000)" --job ShortRun --benchmarkId 50 in /home/paff/Projects/WinForward/benchmarks/WinForward.Benchmarks/bin/Release/net10.0/WinForward.Benchmarks-ShortRun-1/bin/Release/net10.0
// Failed to set up high priority (Permission denied). In order to run benchmarks with high priority, make sure you have the right permissions.
// BeforeAnythingElse

// Benchmark Process Environment Information:
// BenchmarkDotNet v0.15.8
// Runtime=.NET 10.0.12 (10.0.12, 10.0.1226.42308), X64 RyuJIT x86-64-v4
// GC=Concurrent Workstation
// HardwareIntrinsics=AVX512 BITALG+VBMI2+VNNI+VPOPCNTDQ,AVX512 IFMA+VBMI,AVX512 F+BW+CD+DQ+VL,AVX2+BMI1+BMI2+F16C+FMA+LZCNT+MOVBE,AVX,SSE3+SSSE3+SSE4.1+SSE4.2+POPCNT,X86Base+SSE+SSE2,AES+PCLMUL,AvxVnni VectorSize=256
// Job: ShortRun(InvocationCount=1, IterationCount=3, LaunchCount=1, UnrollFactor=1, WarmupCount=3)

OverheadJitting  1: 1 op, 324342.00 ns, 324.3420 us/op
WorkloadJitting  1: 1 op, 60696087.00 ns, 60.6961 ms/op

OverheadWarmup   1: 1 op, 651.00 ns, 651.0000 ns/op
OverheadWarmup   2: 1 op, 391.00 ns, 391.0000 ns/op
OverheadWarmup   3: 1 op, 421.00 ns, 421.0000 ns/op
OverheadWarmup   4: 1 op, 381.00 ns, 381.0000 ns/op
OverheadWarmup   5: 1 op, 391.00 ns, 391.0000 ns/op
OverheadWarmup   6: 1 op, 381.00 ns, 381.0000 ns/op

OverheadActual   1: 1 op, 421.00 ns, 421.0000 ns/op
OverheadActual   2: 1 op, 401.00 ns, 401.0000 ns/op
OverheadActual   3: 1 op, 411.00 ns, 411.0000 ns/op
OverheadActual   4: 1 op, 401.00 ns, 401.0000 ns/op
OverheadActual   5: 1 op, 320.00 ns, 320.0000 ns/op
OverheadActual   6: 1 op, 380.00 ns, 380.0000 ns/op
OverheadActual   7: 1 op, 281.00 ns, 281.0000 ns/op
OverheadActual   8: 1 op, 672.00 ns, 672.0000 ns/op
OverheadActual   9: 1 op, 371.00 ns, 371.0000 ns/op
OverheadActual  10: 1 op, 360.00 ns, 360.0000 ns/op
OverheadActual  11: 1 op, 391.00 ns, 391.0000 ns/op
OverheadActual  12: 1 op, 401.00 ns, 401.0000 ns/op
OverheadActual  13: 1 op, 411.00 ns, 411.0000 ns/op
OverheadActual  14: 1 op, 380.00 ns, 380.0000 ns/op
OverheadActual  15: 1 op, 371.00 ns, 371.0000 ns/op
OverheadActual  16: 1 op, 391.00 ns, 391.0000 ns/op
OverheadActual  17: 1 op, 410.00 ns, 410.0000 ns/op
OverheadActual  18: 1 op, 631.00 ns, 631.0000 ns/op
OverheadActual  19: 1 op, 421.00 ns, 421.0000 ns/op
OverheadActual  20: 1 op, 441.00 ns, 441.0000 ns/op

WorkloadWarmup   1: 1 op, 12607788.00 ns, 12.6078 ms/op
WorkloadWarmup   2: 1 op, 7403775.00 ns, 7.4038 ms/op
WorkloadWarmup   3: 1 op, 9439089.00 ns, 9.4391 ms/op

// BeforeActualRun
WorkloadActual   1: 1 op, 11596989.00 ns, 11.5970 ms/op
WorkloadActual   2: 1 op, 9113847.00 ns, 9.1138 ms/op
WorkloadActual   3: 1 op, 7678599.00 ns, 7.6786 ms/op

// AfterActualRun
WorkloadResult   1: 1 op, 11596588.00 ns, 11.5966 ms/op
WorkloadResult   2: 1 op, 9113446.00 ns, 9.1134 ms/op
WorkloadResult   3: 1 op, 7678198.00 ns, 7.6782 ms/op
// GC:  0 0 0 3552792 1
// Threading:  1024 0 1

// AfterAll
// Benchmark Process 1373915 has exited with code 0.

Mean = 9.463 ms, StdErr = 1.145 ms (12.10%), N = 3, StdDev = 1.982 ms
Min = 7.678 ms, Q1 = 8.396 ms, Median = 9.113 ms, Q3 = 10.355 ms, Max = 11.597 ms
IQR = 1.959 ms, LowerFence = 5.457 ms, UpperFence = 13.294 ms
ConfidenceInterval = [-26.704 ms; 45.629 ms] (CI 99.9%), Margin = 36.167 ms (382.20% of Mean)
Skewness = 0.17, Kurtosis = 0.67, MValue = 2

// ** Remained 12 (19.0%) benchmark(s) to run. Estimated finish 2026-09-22 14:55 (0h 0m from now) **
// **************************
// Benchmark: SessionSetupDecompositionBenchmarks.BaselineF_FakeTransportCreationAsync: ShortRun(InvocationCount=1, IterationCount=3, LaunchCount=1, UnrollFactor=1, WarmupCount=3) [Sessions=1000]
// *** Execute ***
// Launch: 1 / 1
// Execute: dotnet WinForward.Benchmarks-ShortRun-1.dll --anonymousPipes 123 125 --benchmarkName "WinForward.Benchmarks.Perf.SessionSetupDecompositionBenchmarks.BaselineF_FakeTransportCreationAsync(Sessions: 1000)" --job ShortRun --benchmarkId 51 in /home/paff/Projects/WinForward/benchmarks/WinForward.Benchmarks/bin/Release/net10.0/WinForward.Benchmarks-ShortRun-1/bin/Release/net10.0
// Failed to set up high priority (Permission denied). In order to run benchmarks with high priority, make sure you have the right permissions.
// BeforeAnythingElse

// Benchmark Process Environment Information:
// BenchmarkDotNet v0.15.8
// Runtime=.NET 10.0.12 (10.0.12, 10.0.1226.42308), X64 RyuJIT x86-64-v4
// GC=Concurrent Workstation
// HardwareIntrinsics=AVX512 BITALG+VBMI2+VNNI+VPOPCNTDQ,AVX512 IFMA+VBMI,AVX512 F+BW+CD+DQ+VL,AVX2+BMI1+BMI2+F16C+FMA+LZCNT+MOVBE,AVX,SSE3+SSSE3+SSE4.1+SSE4.2+POPCNT,X86Base+SSE+SSE2,AES+PCLMUL,AvxVnni VectorSize=256
// Job: ShortRun(InvocationCount=1, IterationCount=3, LaunchCount=1, UnrollFactor=1, WarmupCount=3)

OverheadJitting  1: 1 op, 416431.00 ns, 416.4310 us/op
WorkloadJitting  1: 1 op, 6276150.00 ns, 6.2762 ms/op

OverheadWarmup   1: 1 op, 431.00 ns, 431.0000 ns/op
OverheadWarmup   2: 1 op, 271.00 ns, 271.0000 ns/op
OverheadWarmup   3: 1 op, 441.00 ns, 441.0000 ns/op
OverheadWarmup   4: 1 op, 501.00 ns, 501.0000 ns/op
OverheadWarmup   5: 1 op, 300.00 ns, 300.0000 ns/op
OverheadWarmup   6: 1 op, 281.00 ns, 281.0000 ns/op
OverheadWarmup   7: 1 op, 471.00 ns, 471.0000 ns/op
OverheadWarmup   8: 1 op, 361.00 ns, 361.0000 ns/op

OverheadActual   1: 1 op, 441.00 ns, 441.0000 ns/op
OverheadActual   2: 1 op, 441.00 ns, 441.0000 ns/op
OverheadActual   3: 1 op, 471.00 ns, 471.0000 ns/op
OverheadActual   4: 1 op, 551.00 ns, 551.0000 ns/op
OverheadActual   5: 1 op, 531.00 ns, 531.0000 ns/op
OverheadActual   6: 1 op, 651.00 ns, 651.0000 ns/op
OverheadActual   7: 1 op, 381.00 ns, 381.0000 ns/op
OverheadActual   8: 1 op, 411.00 ns, 411.0000 ns/op
OverheadActual   9: 1 op, 671.00 ns, 671.0000 ns/op
OverheadActual  10: 1 op, 401.00 ns, 401.0000 ns/op
OverheadActual  11: 1 op, 310.00 ns, 310.0000 ns/op
OverheadActual  12: 1 op, 411.00 ns, 411.0000 ns/op
OverheadActual  13: 1 op, 491.00 ns, 491.0000 ns/op
OverheadActual  14: 1 op, 351.00 ns, 351.0000 ns/op
OverheadActual  15: 1 op, 361.00 ns, 361.0000 ns/op
OverheadActual  16: 1 op, 290.00 ns, 290.0000 ns/op
OverheadActual  17: 1 op, 291.00 ns, 291.0000 ns/op
OverheadActual  18: 1 op, 421.00 ns, 421.0000 ns/op
OverheadActual  19: 1 op, 451.00 ns, 451.0000 ns/op
OverheadActual  20: 1 op, 481.00 ns, 481.0000 ns/op

WorkloadWarmup   1: 1 op, 228565.00 ns, 228.5650 us/op
WorkloadWarmup   2: 1 op, 163949.00 ns, 163.9490 us/op
WorkloadWarmup   3: 1 op, 122559.00 ns, 122.5590 us/op

// BeforeActualRun
WorkloadActual   1: 1 op, 222183.00 ns, 222.1830 us/op
WorkloadActual   2: 1 op, 118010.00 ns, 118.0100 us/op
WorkloadActual   3: 1 op, 117939.00 ns, 117.9390 us/op

// AfterActualRun
WorkloadResult   1: 1 op, 221752.00 ns, 221.7520 us/op
WorkloadResult   2: 1 op, 117579.00 ns, 117.5790 us/op
WorkloadResult   3: 1 op, 117508.00 ns, 117.5080 us/op
// GC:  0 0 0 104032 1
// Threading:  0 0 1

// AfterAll
// Benchmark Process 1373931 has exited with code 0.

Mean = 152.280 us, StdErr = 34.736 us (22.81%), N = 3, StdDev = 60.165 us
Min = 117.508 us, Q1 = 117.543 us, Median = 117.579 us, Q3 = 169.666 us, Max = 221.752 us
IQR = 52.122 us, LowerFence = 39.361 us, UpperFence = 247.849 us
ConfidenceInterval = [-945.351 us; 1,249.910 us] (CI 99.9%), Margin = 1,097.630 us (720.80% of Mean)
Skewness = 0.38, Kurtosis = 0.67, MValue = 2

// ** Remained 11 (17.5%) benchmark(s) to run. Estimated finish 2026-09-22 14:55 (0h 0m from now) **
// **************************
// Benchmark: SessionSetupDecompositionBenchmarks.BaselineH_FlowKeyConstruction: ShortRun(InvocationCount=1, IterationCount=3, LaunchCount=1, UnrollFactor=1, WarmupCount=3) [Sessions=1000]
// *** Execute ***
// Launch: 1 / 1
// Execute: dotnet WinForward.Benchmarks-ShortRun-1.dll --anonymousPipes 123 125 --benchmarkName "WinForward.Benchmarks.Perf.SessionSetupDecompositionBenchmarks.BaselineH_FlowKeyConstruction(Sessions: 1000)" --job ShortRun --benchmarkId 52 in /home/paff/Projects/WinForward/benchmarks/WinForward.Benchmarks/bin/Release/net10.0/WinForward.Benchmarks-ShortRun-1/bin/Release/net10.0
// Failed to set up high priority (Permission denied). In order to run benchmarks with high priority, make sure you have the right permissions.
// BeforeAnythingElse

// Benchmark Process Environment Information:
// BenchmarkDotNet v0.15.8
// Runtime=.NET 10.0.12 (10.0.12, 10.0.1226.42308), X64 RyuJIT x86-64-v4
// GC=Concurrent Workstation
// HardwareIntrinsics=AVX512 BITALG+VBMI2+VNNI+VPOPCNTDQ,AVX512 IFMA+VBMI,AVX512 F+BW+CD+DQ+VL,AVX2+BMI1+BMI2+F16C+FMA+LZCNT+MOVBE,AVX,SSE3+SSSE3+SSE4.1+SSE4.2+POPCNT,X86Base+SSE+SSE2,AES+PCLMUL,AvxVnni VectorSize=256
// Job: ShortRun(InvocationCount=1, IterationCount=3, LaunchCount=1, UnrollFactor=1, WarmupCount=3)

OverheadJitting  1: 1 op, 272541.00 ns, 272.5410 us/op
WorkloadJitting  1: 1 op, 7267851.00 ns, 7.2679 ms/op

OverheadWarmup   1: 1 op, 721.00 ns, 721.0000 ns/op
OverheadWarmup   2: 1 op, 581.00 ns, 581.0000 ns/op
OverheadWarmup   3: 1 op, 481.00 ns, 481.0000 ns/op
OverheadWarmup   4: 1 op, 511.00 ns, 511.0000 ns/op
OverheadWarmup   5: 1 op, 541.00 ns, 541.0000 ns/op
OverheadWarmup   6: 1 op, 521.00 ns, 521.0000 ns/op
OverheadWarmup   7: 1 op, 531.00 ns, 531.0000 ns/op
OverheadWarmup   8: 1 op, 1212.00 ns, 1.2120 us/op
OverheadWarmup   9: 1 op, 541.00 ns, 541.0000 ns/op

OverheadActual   1: 1 op, 751.00 ns, 751.0000 ns/op
OverheadActual   2: 1 op, 661.00 ns, 661.0000 ns/op
OverheadActual   3: 1 op, 731.00 ns, 731.0000 ns/op
OverheadActual   4: 1 op, 511.00 ns, 511.0000 ns/op
OverheadActual   5: 1 op, 532.00 ns, 532.0000 ns/op
OverheadActual   6: 1 op, 481.00 ns, 481.0000 ns/op
OverheadActual   7: 1 op, 441.00 ns, 441.0000 ns/op
OverheadActual   8: 1 op, 301.00 ns, 301.0000 ns/op
OverheadActual   9: 1 op, 471.00 ns, 471.0000 ns/op
OverheadActual  10: 1 op, 440.00 ns, 440.0000 ns/op
OverheadActual  11: 1 op, 271.00 ns, 271.0000 ns/op
OverheadActual  12: 1 op, 471.00 ns, 471.0000 ns/op
OverheadActual  13: 1 op, 441.00 ns, 441.0000 ns/op
OverheadActual  14: 1 op, 441.00 ns, 441.0000 ns/op
OverheadActual  15: 1 op, 461.00 ns, 461.0000 ns/op
OverheadActual  16: 1 op, 441.00 ns, 441.0000 ns/op
OverheadActual  17: 1 op, 701.00 ns, 701.0000 ns/op
OverheadActual  18: 1 op, 451.00 ns, 451.0000 ns/op
OverheadActual  19: 1 op, 441.00 ns, 441.0000 ns/op
OverheadActual  20: 1 op, 421.00 ns, 421.0000 ns/op

WorkloadWarmup   1: 1 op, 1028051.00 ns, 1.0281 ms/op
WorkloadWarmup   2: 1 op, 712658.00 ns, 712.6580 us/op
WorkloadWarmup   3: 1 op, 741704.00 ns, 741.7040 us/op

// BeforeActualRun
WorkloadActual   1: 1 op, 783856.00 ns, 783.8560 us/op
WorkloadActual   2: 1 op, 658832.00 ns, 658.8320 us/op
WorkloadActual   3: 1 op, 686476.00 ns, 686.4760 us/op

// AfterActualRun
WorkloadResult   1: 1 op, 783400.00 ns, 783.4000 us/op
WorkloadResult   2: 1 op, 658376.00 ns, 658.3760 us/op
WorkloadResult   3: 1 op, 686020.00 ns, 686.0200 us/op
// GC:  0 0 0 356800 1
// Threading:  0 0 1

// AfterAll
// Benchmark Process 1373953 has exited with code 0.

Mean = 709.265 us, StdErr = 37.917 us (5.35%), N = 3, StdDev = 65.674 us
Min = 658.376 us, Q1 = 672.198 us, Median = 686.020 us, Q3 = 734.710 us, Max = 783.400 us
IQR = 62.512 us, LowerFence = 578.430 us, UpperFence = 828.478 us
ConfidenceInterval = [-488.864 us; 1,907.395 us] (CI 99.9%), Margin = 1,198.129 us (168.93% of Mean)
Skewness = 0.31, Kurtosis = 0.67, MValue = 2

// ** Remained 10 (15.9%) benchmark(s) to run. Estimated finish 2026-09-22 14:55 (0h 0m from now) **
// **************************
// Benchmark: SessionSetupDecompositionBenchmarks.ComponentC1_AssociationClaimRelease: ShortRun(InvocationCount=1, IterationCount=3, LaunchCount=1, UnrollFactor=1, WarmupCount=3) [Sessions=1000]
// *** Execute ***
// Launch: 1 / 1
// Execute: dotnet WinForward.Benchmarks-ShortRun-1.dll --anonymousPipes 123 125 --benchmarkName "WinForward.Benchmarks.Perf.SessionSetupDecompositionBenchmarks.ComponentC1_AssociationClaimRelease(Sessions: 1000)" --job ShortRun --benchmarkId 53 in /home/paff/Projects/WinForward/benchmarks/WinForward.Benchmarks/bin/Release/net10.0/WinForward.Benchmarks-ShortRun-1/bin/Release/net10.0
// Failed to set up high priority (Permission denied). In order to run benchmarks with high priority, make sure you have the right permissions.
// BeforeAnythingElse

// Benchmark Process Environment Information:
// BenchmarkDotNet v0.15.8
// Runtime=.NET 10.0.12 (10.0.12, 10.0.1226.42308), X64 RyuJIT x86-64-v4
// GC=Concurrent Workstation
// HardwareIntrinsics=AVX512 BITALG+VBMI2+VNNI+VPOPCNTDQ,AVX512 IFMA+VBMI,AVX512 F+BW+CD+DQ+VL,AVX2+BMI1+BMI2+F16C+FMA+LZCNT+MOVBE,AVX,SSE3+SSSE3+SSE4.1+SSE4.2+POPCNT,X86Base+SSE+SSE2,AES+PCLMUL,AvxVnni VectorSize=256
// Job: ShortRun(InvocationCount=1, IterationCount=3, LaunchCount=1, UnrollFactor=1, WarmupCount=3)

OverheadJitting  1: 1 op, 259285.00 ns, 259.2850 us/op
WorkloadJitting  1: 1 op, 22765022.00 ns, 22.7650 ms/op

OverheadWarmup   1: 1 op, 591.00 ns, 591.0000 ns/op
OverheadWarmup   2: 1 op, 371.00 ns, 371.0000 ns/op
OverheadWarmup   3: 1 op, 381.00 ns, 381.0000 ns/op
OverheadWarmup   4: 1 op, 301.00 ns, 301.0000 ns/op
OverheadWarmup   5: 1 op, 401.00 ns, 401.0000 ns/op
OverheadWarmup   6: 1 op, 310.00 ns, 310.0000 ns/op

OverheadActual   1: 1 op, 421.00 ns, 421.0000 ns/op
OverheadActual   2: 1 op, 391.00 ns, 391.0000 ns/op
OverheadActual   3: 1 op, 391.00 ns, 391.0000 ns/op
OverheadActual   4: 1 op, 400.00 ns, 400.0000 ns/op
OverheadActual   5: 1 op, 401.00 ns, 401.0000 ns/op
OverheadActual   6: 1 op, 420.00 ns, 420.0000 ns/op
OverheadActual   7: 1 op, 481.00 ns, 481.0000 ns/op
OverheadActual   8: 1 op, 350.00 ns, 350.0000 ns/op
OverheadActual   9: 1 op, 410.00 ns, 410.0000 ns/op
OverheadActual  10: 1 op, 411.00 ns, 411.0000 ns/op
OverheadActual  11: 1 op, 411.00 ns, 411.0000 ns/op
OverheadActual  12: 1 op, 401.00 ns, 401.0000 ns/op
OverheadActual  13: 1 op, 471.00 ns, 471.0000 ns/op
OverheadActual  14: 1 op, 411.00 ns, 411.0000 ns/op
OverheadActual  15: 1 op, 410.00 ns, 410.0000 ns/op
OverheadActual  16: 1 op, 450.00 ns, 450.0000 ns/op
OverheadActual  17: 1 op, 431.00 ns, 431.0000 ns/op
OverheadActual  18: 1 op, 411.00 ns, 411.0000 ns/op
OverheadActual  19: 1 op, 421.00 ns, 421.0000 ns/op

WorkloadWarmup   1: 1 op, 4083180.00 ns, 4.0832 ms/op
WorkloadWarmup   2: 1 op, 3094595.00 ns, 3.0946 ms/op
WorkloadWarmup   3: 1 op, 3114043.00 ns, 3.1140 ms/op

// BeforeActualRun
WorkloadActual   1: 1 op, 3515073.00 ns, 3.5151 ms/op
WorkloadActual   2: 1 op, 3089275.00 ns, 3.0893 ms/op
WorkloadActual   3: 1 op, 3086018.00 ns, 3.0860 ms/op

// AfterActualRun
WorkloadResult   1: 1 op, 3514662.00 ns, 3.5147 ms/op
WorkloadResult   2: 1 op, 3088864.00 ns, 3.0889 ms/op
WorkloadResult   3: 1 op, 3085607.00 ns, 3.0856 ms/op
// GC:  0 0 0 836016 1
// Threading:  0 0 1

// AfterAll
// Benchmark Process 1373962 has exited with code 0.

Mean = 3.230 ms, StdErr = 0.142 ms (4.41%), N = 3, StdDev = 0.247 ms
Min = 3.086 ms, Q1 = 3.087 ms, Median = 3.089 ms, Q3 = 3.302 ms, Max = 3.515 ms
IQR = 0.215 ms, LowerFence = 2.765 ms, UpperFence = 3.624 ms
ConfidenceInterval = [-1.272 ms; 7.732 ms] (CI 99.9%), Margin = 4.502 ms (139.40% of Mean)
Skewness = 0.38, Kurtosis = 0.67, MValue = 2

// ** Remained 9 (14.3%) benchmark(s) to run. Estimated finish 2026-09-22 14:55 (0h 0m from now) **
// **************************
// Benchmark: SessionSetupDecompositionBenchmarks.ComponentC2_SessionConstructStartAsync: ShortRun(InvocationCount=1, IterationCount=3, LaunchCount=1, UnrollFactor=1, WarmupCount=3) [Sessions=1000]
// *** Execute ***
// Launch: 1 / 1
// Execute: dotnet WinForward.Benchmarks-ShortRun-1.dll --anonymousPipes 123 125 --benchmarkName "WinForward.Benchmarks.Perf.SessionSetupDecompositionBenchmarks.ComponentC2_SessionConstructStartAsync(Sessions: 1000)" --job ShortRun --benchmarkId 54 in /home/paff/Projects/WinForward/benchmarks/WinForward.Benchmarks/bin/Release/net10.0/WinForward.Benchmarks-ShortRun-1/bin/Release/net10.0
// Failed to set up high priority (Permission denied). In order to run benchmarks with high priority, make sure you have the right permissions.
// BeforeAnythingElse

// Benchmark Process Environment Information:
// BenchmarkDotNet v0.15.8
// Runtime=.NET 10.0.12 (10.0.12, 10.0.1226.42308), X64 RyuJIT x86-64-v4
// GC=Concurrent Workstation
// HardwareIntrinsics=AVX512 BITALG+VBMI2+VNNI+VPOPCNTDQ,AVX512 IFMA+VBMI,AVX512 F+BW+CD+DQ+VL,AVX2+BMI1+BMI2+F16C+FMA+LZCNT+MOVBE,AVX,SSE3+SSSE3+SSE4.1+SSE4.2+POPCNT,X86Base+SSE+SSE2,AES+PCLMUL,AvxVnni VectorSize=256
// Job: ShortRun(InvocationCount=1, IterationCount=3, LaunchCount=1, UnrollFactor=1, WarmupCount=3)

OverheadJitting  1: 1 op, 285195.00 ns, 285.1950 us/op
WorkloadJitting  1: 1 op, 43066368.00 ns, 43.0664 ms/op

OverheadWarmup   1: 1 op, 891.00 ns, 891.0000 ns/op
OverheadWarmup   2: 1 op, 641.00 ns, 641.0000 ns/op
OverheadWarmup   3: 1 op, 270.00 ns, 270.0000 ns/op
OverheadWarmup   4: 1 op, 270.00 ns, 270.0000 ns/op
OverheadWarmup   5: 1 op, 270.00 ns, 270.0000 ns/op
OverheadWarmup   6: 1 op, 270.00 ns, 270.0000 ns/op
OverheadWarmup   7: 1 op, 280.00 ns, 280.0000 ns/op

OverheadActual   1: 1 op, 381.00 ns, 381.0000 ns/op
OverheadActual   2: 1 op, 360.00 ns, 360.0000 ns/op
OverheadActual   3: 1 op, 391.00 ns, 391.0000 ns/op
OverheadActual   4: 1 op, 370.00 ns, 370.0000 ns/op
OverheadActual   5: 1 op, 361.00 ns, 361.0000 ns/op
OverheadActual   6: 1 op, 280.00 ns, 280.0000 ns/op
OverheadActual   7: 1 op, 271.00 ns, 271.0000 ns/op
OverheadActual   8: 1 op, 291.00 ns, 291.0000 ns/op
OverheadActual   9: 1 op, 421.00 ns, 421.0000 ns/op
OverheadActual  10: 1 op, 481.00 ns, 481.0000 ns/op
OverheadActual  11: 1 op, 391.00 ns, 391.0000 ns/op
OverheadActual  12: 1 op, 300.00 ns, 300.0000 ns/op
OverheadActual  13: 1 op, 441.00 ns, 441.0000 ns/op
OverheadActual  14: 1 op, 291.00 ns, 291.0000 ns/op
OverheadActual  15: 1 op, 531.00 ns, 531.0000 ns/op
OverheadActual  16: 1 op, 281.00 ns, 281.0000 ns/op
OverheadActual  17: 1 op, 270.00 ns, 270.0000 ns/op
OverheadActual  18: 1 op, 461.00 ns, 461.0000 ns/op
OverheadActual  19: 1 op, 270.00 ns, 270.0000 ns/op
OverheadActual  20: 1 op, 270.00 ns, 270.0000 ns/op

WorkloadWarmup   1: 1 op, 5835110.00 ns, 5.8351 ms/op
WorkloadWarmup   2: 1 op, 3791201.00 ns, 3.7912 ms/op
WorkloadWarmup   3: 1 op, 5767868.00 ns, 5.7679 ms/op

// BeforeActualRun
WorkloadActual   1: 1 op, 6194520.00 ns, 6.1945 ms/op
WorkloadActual   2: 1 op, 3815539.00 ns, 3.8155 ms/op
WorkloadActual   3: 1 op, 3705604.00 ns, 3.7056 ms/op

// AfterActualRun
WorkloadResult   1: 1 op, 6194159.50 ns, 6.1942 ms/op
WorkloadResult   2: 1 op, 3815178.50 ns, 3.8152 ms/op
WorkloadResult   3: 1 op, 3705243.50 ns, 3.7052 ms/op
// GC:  0 0 0 2701864 1
// Threading:  0 0 1

// AfterAll
// Benchmark Process 1373971 has exited with code 0.

Mean = 4.572 ms, StdErr = 0.812 ms (17.76%), N = 3, StdDev = 1.406 ms
Min = 3.705 ms, Q1 = 3.760 ms, Median = 3.815 ms, Q3 = 5.005 ms, Max = 6.194 ms
IQR = 1.244 ms, LowerFence = 1.894 ms, UpperFence = 6.871 ms
ConfidenceInterval = [-21.085 ms; 30.228 ms] (CI 99.9%), Margin = 25.656 ms (561.22% of Mean)
Skewness = 0.38, Kurtosis = 0.67, MValue = 2

// ** Remained 8 (12.7%) benchmark(s) to run. Estimated finish 2026-09-22 14:55 (0h 0m from now) **
// **************************
// Benchmark: SessionSetupDecompositionBenchmarks.ComponentC2a1_ContextRecordStaticLambda: ShortRun(InvocationCount=1, IterationCount=3, LaunchCount=1, UnrollFactor=1, WarmupCount=3) [Sessions=1000]
// *** Execute ***
// Launch: 1 / 1
// Execute: dotnet WinForward.Benchmarks-ShortRun-1.dll --anonymousPipes 123 125 --benchmarkName "WinForward.Benchmarks.Perf.SessionSetupDecompositionBenchmarks.ComponentC2a1_ContextRecordStaticLambda(Sessions: 1000)" --job ShortRun --benchmarkId 55 in /home/paff/Projects/WinForward/benchmarks/WinForward.Benchmarks/bin/Release/net10.0/WinForward.Benchmarks-ShortRun-1/bin/Release/net10.0
// Failed to set up high priority (Permission denied). In order to run benchmarks with high priority, make sure you have the right permissions.
// BeforeAnythingElse

// Benchmark Process Environment Information:
// BenchmarkDotNet v0.15.8
// Runtime=.NET 10.0.12 (10.0.12, 10.0.1226.42308), X64 RyuJIT x86-64-v4
// GC=Concurrent Workstation
// HardwareIntrinsics=AVX512 BITALG+VBMI2+VNNI+VPOPCNTDQ,AVX512 IFMA+VBMI,AVX512 F+BW+CD+DQ+VL,AVX2+BMI1+BMI2+F16C+FMA+LZCNT+MOVBE,AVX,SSE3+SSSE3+SSE4.1+SSE4.2+POPCNT,X86Base+SSE+SSE2,AES+PCLMUL,AvxVnni VectorSize=256
// Job: ShortRun(InvocationCount=1, IterationCount=3, LaunchCount=1, UnrollFactor=1, WarmupCount=3)

OverheadJitting  1: 1 op, 294383.00 ns, 294.3830 us/op
WorkloadJitting  1: 1 op, 20100875.00 ns, 20.1009 ms/op

OverheadWarmup   1: 1 op, 421.00 ns, 421.0000 ns/op
OverheadWarmup   2: 1 op, 321.00 ns, 321.0000 ns/op
OverheadWarmup   3: 1 op, 380.00 ns, 380.0000 ns/op
OverheadWarmup   4: 1 op, 270.00 ns, 270.0000 ns/op
OverheadWarmup   5: 1 op, 361.00 ns, 361.0000 ns/op
OverheadWarmup   6: 1 op, 270.00 ns, 270.0000 ns/op

OverheadActual   1: 1 op, 450.00 ns, 450.0000 ns/op
OverheadActual   2: 1 op, 531.00 ns, 531.0000 ns/op
OverheadActual   3: 1 op, 571.00 ns, 571.0000 ns/op
OverheadActual   4: 1 op, 541.00 ns, 541.0000 ns/op
OverheadActual   5: 1 op, 1272.00 ns, 1.2720 us/op
OverheadActual   6: 1 op, 471.00 ns, 471.0000 ns/op
OverheadActual   7: 1 op, 461.00 ns, 461.0000 ns/op
OverheadActual   8: 1 op, 291.00 ns, 291.0000 ns/op
OverheadActual   9: 1 op, 281.00 ns, 281.0000 ns/op
OverheadActual  10: 1 op, 290.00 ns, 290.0000 ns/op
OverheadActual  11: 1 op, 281.00 ns, 281.0000 ns/op
OverheadActual  12: 1 op, 391.00 ns, 391.0000 ns/op
OverheadActual  13: 1 op, 391.00 ns, 391.0000 ns/op
OverheadActual  14: 1 op, 390.00 ns, 390.0000 ns/op
OverheadActual  15: 1 op, 271.00 ns, 271.0000 ns/op
OverheadActual  16: 1 op, 391.00 ns, 391.0000 ns/op
OverheadActual  17: 1 op, 381.00 ns, 381.0000 ns/op
OverheadActual  18: 1 op, 291.00 ns, 291.0000 ns/op
OverheadActual  19: 1 op, 411.00 ns, 411.0000 ns/op
OverheadActual  20: 1 op, 431.00 ns, 431.0000 ns/op

WorkloadWarmup   1: 1 op, 330353.00 ns, 330.3530 us/op
WorkloadWarmup   2: 1 op, 287349.00 ns, 287.3490 us/op
WorkloadWarmup   3: 1 op, 83672.00 ns, 83.6720 us/op

// BeforeActualRun
WorkloadActual   1: 1 op, 107960.00 ns, 107.9600 us/op
WorkloadActual   2: 1 op, 85577.00 ns, 85.5770 us/op
WorkloadActual   3: 1 op, 79003.00 ns, 79.0030 us/op

// AfterActualRun
WorkloadResult   1: 1 op, 107569.00 ns, 107.5690 us/op
WorkloadResult   2: 1 op, 85186.00 ns, 85.1860 us/op
WorkloadResult   3: 1 op, 78612.00 ns, 78.6120 us/op
// GC:  0 0 0 243808 1
// Threading:  0 0 1

// AfterAll
// Benchmark Process 1373992 has exited with code 0.

Mean = 90.456 us, StdErr = 8.765 us (9.69%), N = 3, StdDev = 15.181 us
Min = 78.612 us, Q1 = 81.899 us, Median = 85.186 us, Q3 = 96.377 us, Max = 107.569 us
IQR = 14.479 us, LowerFence = 60.181 us, UpperFence = 118.095 us
ConfidenceInterval = [-186.497 us; 367.408 us] (CI 99.9%), Margin = 276.953 us (306.18% of Mean)
Skewness = 0.31, Kurtosis = 0.67, MValue = 2

// ** Remained 7 (11.1%) benchmark(s) to run. Estimated finish 2026-09-22 14:55 (0h 0m from now) **
// **************************
// Benchmark: SessionSetupDecompositionBenchmarks.ComponentC2a2_ContextRecordMethodGroup: ShortRun(InvocationCount=1, IterationCount=3, LaunchCount=1, UnrollFactor=1, WarmupCount=3) [Sessions=1000]
// *** Execute ***
// Launch: 1 / 1
// Execute: dotnet WinForward.Benchmarks-ShortRun-1.dll --anonymousPipes 123 125 --benchmarkName "WinForward.Benchmarks.Perf.SessionSetupDecompositionBenchmarks.ComponentC2a2_ContextRecordMethodGroup(Sessions: 1000)" --job ShortRun --benchmarkId 56 in /home/paff/Projects/WinForward/benchmarks/WinForward.Benchmarks/bin/Release/net10.0/WinForward.Benchmarks-ShortRun-1/bin/Release/net10.0
// Failed to set up high priority (Permission denied). In order to run benchmarks with high priority, make sure you have the right permissions.
// BeforeAnythingElse

// Benchmark Process Environment Information:
// BenchmarkDotNet v0.15.8
// Runtime=.NET 10.0.12 (10.0.12, 10.0.1226.42308), X64 RyuJIT x86-64-v4
// GC=Concurrent Workstation
// HardwareIntrinsics=AVX512 BITALG+VBMI2+VNNI+VPOPCNTDQ,AVX512 IFMA+VBMI,AVX512 F+BW+CD+DQ+VL,AVX2+BMI1+BMI2+F16C+FMA+LZCNT+MOVBE,AVX,SSE3+SSSE3+SSE4.1+SSE4.2+POPCNT,X86Base+SSE+SSE2,AES+PCLMUL,AvxVnni VectorSize=256
// Job: ShortRun(InvocationCount=1, IterationCount=3, LaunchCount=1, UnrollFactor=1, WarmupCount=3)

OverheadJitting  1: 1 op, 265196.00 ns, 265.1960 us/op
WorkloadJitting  1: 1 op, 20620714.00 ns, 20.6207 ms/op

OverheadWarmup   1: 1 op, 1012.00 ns, 1.0120 us/op
OverheadWarmup   2: 1 op, 470.00 ns, 470.0000 ns/op
OverheadWarmup   3: 1 op, 401.00 ns, 401.0000 ns/op
OverheadWarmup   4: 1 op, 431.00 ns, 431.0000 ns/op
OverheadWarmup   5: 1 op, 280.00 ns, 280.0000 ns/op
OverheadWarmup   6: 1 op, 371.00 ns, 371.0000 ns/op
OverheadWarmup   7: 1 op, 431.00 ns, 431.0000 ns/op
OverheadWarmup   8: 1 op, 381.00 ns, 381.0000 ns/op

OverheadActual   1: 1 op, 430.00 ns, 430.0000 ns/op
OverheadActual   2: 1 op, 451.00 ns, 451.0000 ns/op
OverheadActual   3: 1 op, 391.00 ns, 391.0000 ns/op
OverheadActual   4: 1 op, 401.00 ns, 401.0000 ns/op
OverheadActual   5: 1 op, 471.00 ns, 471.0000 ns/op
OverheadActual   6: 1 op, 401.00 ns, 401.0000 ns/op
OverheadActual   7: 1 op, 461.00 ns, 461.0000 ns/op
OverheadActual   8: 1 op, 481.00 ns, 481.0000 ns/op
OverheadActual   9: 1 op, 1433.00 ns, 1.4330 us/op
OverheadActual  10: 1 op, 411.00 ns, 411.0000 ns/op
OverheadActual  11: 1 op, 480.00 ns, 480.0000 ns/op
OverheadActual  12: 1 op, 461.00 ns, 461.0000 ns/op
OverheadActual  13: 1 op, 401.00 ns, 401.0000 ns/op
OverheadActual  14: 1 op, 411.00 ns, 411.0000 ns/op
OverheadActual  15: 1 op, 611.00 ns, 611.0000 ns/op
OverheadActual  16: 1 op, 391.00 ns, 391.0000 ns/op
OverheadActual  17: 1 op, 351.00 ns, 351.0000 ns/op
OverheadActual  18: 1 op, 411.00 ns, 411.0000 ns/op
OverheadActual  19: 1 op, 611.00 ns, 611.0000 ns/op
OverheadActual  20: 1 op, 381.00 ns, 381.0000 ns/op

WorkloadWarmup   1: 1 op, 373116.00 ns, 373.1160 us/op
WorkloadWarmup   2: 1 op, 120064.00 ns, 120.0640 us/op
WorkloadWarmup   3: 1 op, 93773.00 ns, 93.7730 us/op

// BeforeActualRun
WorkloadActual   1: 1 op, 90546.00 ns, 90.5460 us/op
WorkloadActual   2: 1 op, 85547.00 ns, 85.5470 us/op
WorkloadActual   3: 1 op, 79846.00 ns, 79.8460 us/op

// AfterActualRun
WorkloadResult   1: 1 op, 90125.50 ns, 90.1255 us/op
WorkloadResult   2: 1 op, 85126.50 ns, 85.1265 us/op
WorkloadResult   3: 1 op, 79425.50 ns, 79.4255 us/op
// GC:  0 0 0 307832 1
// Threading:  0 0 1

// AfterAll
// Benchmark Process 1374001 has exited with code 0.

Mean = 84.892 us, StdErr = 3.091 us (3.64%), N = 3, StdDev = 5.354 us
Min = 79.425 us, Q1 = 82.276 us, Median = 85.126 us, Q3 = 87.626 us, Max = 90.126 us
IQR = 5.350 us, LowerFence = 74.251 us, UpperFence = 95.651 us
ConfidenceInterval = [-12.781 us; 182.566 us] (CI 99.9%), Margin = 97.674 us (115.06% of Mean)
Skewness = -0.04, Kurtosis = 0.67, MValue = 2

// ** Remained 6 (9.5%) benchmark(s) to run. Estimated finish 2026-09-22 14:55 (0h 0m from now) **
// **************************
// Benchmark: SessionSetupDecompositionBenchmarks.ComponentC2b_SessionConstructOnly: ShortRun(InvocationCount=1, IterationCount=3, LaunchCount=1, UnrollFactor=1, WarmupCount=3) [Sessions=1000]
// *** Execute ***
// Launch: 1 / 1
// Execute: dotnet WinForward.Benchmarks-ShortRun-1.dll --anonymousPipes 123 125 --benchmarkName "WinForward.Benchmarks.Perf.SessionSetupDecompositionBenchmarks.ComponentC2b_SessionConstructOnly(Sessions: 1000)" --job ShortRun --benchmarkId 57 in /home/paff/Projects/WinForward/benchmarks/WinForward.Benchmarks/bin/Release/net10.0/WinForward.Benchmarks-ShortRun-1/bin/Release/net10.0
// Failed to set up high priority (Permission denied). In order to run benchmarks with high priority, make sure you have the right permissions.
// BeforeAnythingElse

// Benchmark Process Environment Information:
// BenchmarkDotNet v0.15.8
// Runtime=.NET 10.0.12 (10.0.12, 10.0.1226.42308), X64 RyuJIT x86-64-v4
// GC=Concurrent Workstation
// HardwareIntrinsics=AVX512 BITALG+VBMI2+VNNI+VPOPCNTDQ,AVX512 IFMA+VBMI,AVX512 F+BW+CD+DQ+VL,AVX2+BMI1+BMI2+F16C+FMA+LZCNT+MOVBE,AVX,SSE3+SSSE3+SSE4.1+SSE4.2+POPCNT,X86Base+SSE+SSE2,AES+PCLMUL,AvxVnni VectorSize=256
// Job: ShortRun(InvocationCount=1, IterationCount=3, LaunchCount=1, UnrollFactor=1, WarmupCount=3)

OverheadJitting  1: 1 op, 389138.00 ns, 389.1380 us/op
WorkloadJitting  1: 1 op, 26849090.00 ns, 26.8491 ms/op

OverheadWarmup   1: 1 op, 691.00 ns, 691.0000 ns/op
OverheadWarmup   2: 1 op, 461.00 ns, 461.0000 ns/op
OverheadWarmup   3: 1 op, 281.00 ns, 281.0000 ns/op
OverheadWarmup   4: 1 op, 421.00 ns, 421.0000 ns/op
OverheadWarmup   5: 1 op, 441.00 ns, 441.0000 ns/op
OverheadWarmup   6: 1 op, 431.00 ns, 431.0000 ns/op
OverheadWarmup   7: 1 op, 581.00 ns, 581.0000 ns/op
OverheadWarmup   8: 1 op, 421.00 ns, 421.0000 ns/op

OverheadActual   1: 1 op, 361.00 ns, 361.0000 ns/op
OverheadActual   2: 1 op, 401.00 ns, 401.0000 ns/op
OverheadActual   3: 1 op, 400.00 ns, 400.0000 ns/op
OverheadActual   4: 1 op, 431.00 ns, 431.0000 ns/op
OverheadActual   5: 1 op, 251.00 ns, 251.0000 ns/op
OverheadActual   6: 1 op, 301.00 ns, 301.0000 ns/op
OverheadActual   7: 1 op, 291.00 ns, 291.0000 ns/op
OverheadActual   8: 1 op, 271.00 ns, 271.0000 ns/op
OverheadActual   9: 1 op, 461.00 ns, 461.0000 ns/op
OverheadActual  10: 1 op, 411.00 ns, 411.0000 ns/op
OverheadActual  11: 1 op, 281.00 ns, 281.0000 ns/op
OverheadActual  12: 1 op, 300.00 ns, 300.0000 ns/op
OverheadActual  13: 1 op, 431.00 ns, 431.0000 ns/op
OverheadActual  14: 1 op, 391.00 ns, 391.0000 ns/op
OverheadActual  15: 1 op, 370.00 ns, 370.0000 ns/op
OverheadActual  16: 1 op, 341.00 ns, 341.0000 ns/op
OverheadActual  17: 1 op, 401.00 ns, 401.0000 ns/op
OverheadActual  18: 1 op, 290.00 ns, 290.0000 ns/op
OverheadActual  19: 1 op, 310.00 ns, 310.0000 ns/op
OverheadActual  20: 1 op, 271.00 ns, 271.0000 ns/op

WorkloadWarmup   1: 1 op, 4250084.00 ns, 4.2501 ms/op
WorkloadWarmup   2: 1 op, 2384432.00 ns, 2.3844 ms/op
WorkloadWarmup   3: 1 op, 2351017.00 ns, 2.3510 ms/op

// BeforeActualRun
WorkloadActual   1: 1 op, 3722067.00 ns, 3.7221 ms/op
WorkloadActual   2: 1 op, 2442280.00 ns, 2.4423 ms/op
WorkloadActual   3: 1 op, 2309596.00 ns, 2.3096 ms/op

// AfterActualRun
WorkloadResult   1: 1 op, 3721716.00 ns, 3.7217 ms/op
WorkloadResult   2: 1 op, 2441929.00 ns, 2.4419 ms/op
WorkloadResult   3: 1 op, 2309245.00 ns, 2.3092 ms/op
// GC:  0 0 0 1773728 1
// Threading:  0 0 1

// AfterAll
// Benchmark Process 1374010 has exited with code 0.

Mean = 2.824 ms, StdErr = 0.450 ms (15.95%), N = 3, StdDev = 0.780 ms
Min = 2.309 ms, Q1 = 2.376 ms, Median = 2.442 ms, Q3 = 3.082 ms, Max = 3.722 ms
IQR = 0.706 ms, LowerFence = 1.316 ms, UpperFence = 4.141 ms
ConfidenceInterval = [-11.406 ms; 17.055 ms] (CI 99.9%), Margin = 14.230 ms (503.86% of Mean)
Skewness = 0.37, Kurtosis = 0.67, MValue = 2

// ** Remained 5 (7.9%) benchmark(s) to run. Estimated finish 2026-09-22 14:55 (0h 0m from now) **
// **************************
// Benchmark: SessionSetupDecompositionBenchmarks.ComponentC2c1_ScopeConstructLinked: ShortRun(InvocationCount=1, IterationCount=3, LaunchCount=1, UnrollFactor=1, WarmupCount=3) [Sessions=1000]
// *** Execute ***
// Launch: 1 / 1
// Execute: dotnet WinForward.Benchmarks-ShortRun-1.dll --anonymousPipes 123 125 --benchmarkName "WinForward.Benchmarks.Perf.SessionSetupDecompositionBenchmarks.ComponentC2c1_ScopeConstructLinked(Sessions: 1000)" --job ShortRun --benchmarkId 58 in /home/paff/Projects/WinForward/benchmarks/WinForward.Benchmarks/bin/Release/net10.0/WinForward.Benchmarks-ShortRun-1/bin/Release/net10.0
// Failed to set up high priority (Permission denied). In order to run benchmarks with high priority, make sure you have the right permissions.
// BeforeAnythingElse

// Benchmark Process Environment Information:
// BenchmarkDotNet v0.15.8
// Runtime=.NET 10.0.12 (10.0.12, 10.0.1226.42308), X64 RyuJIT x86-64-v4
// GC=Concurrent Workstation
// HardwareIntrinsics=AVX512 BITALG+VBMI2+VNNI+VPOPCNTDQ,AVX512 IFMA+VBMI,AVX512 F+BW+CD+DQ+VL,AVX2+BMI1+BMI2+F16C+FMA+LZCNT+MOVBE,AVX,SSE3+SSSE3+SSE4.1+SSE4.2+POPCNT,X86Base+SSE+SSE2,AES+PCLMUL,AvxVnni VectorSize=256
// Job: ShortRun(InvocationCount=1, IterationCount=3, LaunchCount=1, UnrollFactor=1, WarmupCount=3)

OverheadJitting  1: 1 op, 272871.00 ns, 272.8710 us/op
WorkloadJitting  1: 1 op, 1829412.00 ns, 1.8294 ms/op

OverheadWarmup   1: 1 op, 621.00 ns, 621.0000 ns/op
OverheadWarmup   2: 1 op, 280.00 ns, 280.0000 ns/op
OverheadWarmup   3: 1 op, 812.00 ns, 812.0000 ns/op
OverheadWarmup   4: 1 op, 311.00 ns, 311.0000 ns/op
OverheadWarmup   5: 1 op, 391.00 ns, 391.0000 ns/op
OverheadWarmup   6: 1 op, 381.00 ns, 381.0000 ns/op

OverheadActual   1: 1 op, 371.00 ns, 371.0000 ns/op
OverheadActual   2: 1 op, 360.00 ns, 360.0000 ns/op
OverheadActual   3: 1 op, 361.00 ns, 361.0000 ns/op
OverheadActual   4: 1 op, 371.00 ns, 371.0000 ns/op
OverheadActual   5: 1 op, 371.00 ns, 371.0000 ns/op
OverheadActual   6: 1 op, 281.00 ns, 281.0000 ns/op
OverheadActual   7: 1 op, 511.00 ns, 511.0000 ns/op
OverheadActual   8: 1 op, 391.00 ns, 391.0000 ns/op
OverheadActual   9: 1 op, 401.00 ns, 401.0000 ns/op
OverheadActual  10: 1 op, 391.00 ns, 391.0000 ns/op
OverheadActual  11: 1 op, 411.00 ns, 411.0000 ns/op
OverheadActual  12: 1 op, 451.00 ns, 451.0000 ns/op
OverheadActual  13: 1 op, 361.00 ns, 361.0000 ns/op
OverheadActual  14: 1 op, 711.00 ns, 711.0000 ns/op
OverheadActual  15: 1 op, 410.00 ns, 410.0000 ns/op
OverheadActual  16: 1 op, 290.00 ns, 290.0000 ns/op
OverheadActual  17: 1 op, 421.00 ns, 421.0000 ns/op
OverheadActual  18: 1 op, 421.00 ns, 421.0000 ns/op
OverheadActual  19: 1 op, 281.00 ns, 281.0000 ns/op
OverheadActual  20: 1 op, 311.00 ns, 311.0000 ns/op

WorkloadWarmup   1: 1 op, 263804.00 ns, 263.8040 us/op
WorkloadWarmup   2: 1 op, 73443.00 ns, 73.4430 us/op
WorkloadWarmup   3: 1 op, 73693.00 ns, 73.6930 us/op

// BeforeActualRun
WorkloadActual   1: 1 op, 206632.00 ns, 206.6320 us/op
WorkloadActual   2: 1 op, 70076.00 ns, 70.0760 us/op
WorkloadActual   3: 1 op, 71139.00 ns, 71.1390 us/op

// AfterActualRun
WorkloadResult   1: 1 op, 206251.00 ns, 206.2510 us/op
WorkloadResult   2: 1 op, 69695.00 ns, 69.6950 us/op
WorkloadResult   3: 1 op, 70758.00 ns, 70.7580 us/op
// GC:  0 0 0 216200 1
// Threading:  0 0 1

// AfterAll
// Benchmark Process 1374021 has exited with code 0.

Mean = 115.568 us, StdErr = 45.343 us (39.23%), N = 3, StdDev = 78.536 us
Min = 69.695 us, Q1 = 70.227 us, Median = 70.758 us, Q3 = 138.505 us, Max = 206.251 us
IQR = 68.278 us, LowerFence = -32.191 us, UpperFence = 240.922 us
ConfidenceInterval = [-1,317.213 us; 1,548.349 us] (CI 99.9%), Margin = 1,432.781 us (1239.77% of Mean)
Skewness = 0.38, Kurtosis = 0.67, MValue = 2

// ** Remained 4 (6.3%) benchmark(s) to run. Estimated finish 2026-09-22 14:55 (0h 0m from now) **
// **************************
// Benchmark: SessionSetupDecompositionBenchmarks.ComponentC2c2_ScopeConstructUnlinked: ShortRun(InvocationCount=1, IterationCount=3, LaunchCount=1, UnrollFactor=1, WarmupCount=3) [Sessions=1000]
// *** Execute ***
// Launch: 1 / 1
// Execute: dotnet WinForward.Benchmarks-ShortRun-1.dll --anonymousPipes 123 125 --benchmarkName "WinForward.Benchmarks.Perf.SessionSetupDecompositionBenchmarks.ComponentC2c2_ScopeConstructUnlinked(Sessions: 1000)" --job ShortRun --benchmarkId 59 in /home/paff/Projects/WinForward/benchmarks/WinForward.Benchmarks/bin/Release/net10.0/WinForward.Benchmarks-ShortRun-1/bin/Release/net10.0
// Failed to set up high priority (Permission denied). In order to run benchmarks with high priority, make sure you have the right permissions.
// BeforeAnythingElse

// Benchmark Process Environment Information:
// BenchmarkDotNet v0.15.8
// Runtime=.NET 10.0.12 (10.0.12, 10.0.1226.42308), X64 RyuJIT x86-64-v4
// GC=Concurrent Workstation
// HardwareIntrinsics=AVX512 BITALG+VBMI2+VNNI+VPOPCNTDQ,AVX512 IFMA+VBMI,AVX512 F+BW+CD+DQ+VL,AVX2+BMI1+BMI2+F16C+FMA+LZCNT+MOVBE,AVX,SSE3+SSSE3+SSE4.1+SSE4.2+POPCNT,X86Base+SSE+SSE2,AES+PCLMUL,AvxVnni VectorSize=256
// Job: ShortRun(InvocationCount=1, IterationCount=3, LaunchCount=1, UnrollFactor=1, WarmupCount=3)

OverheadJitting  1: 1 op, 278492.00 ns, 278.4920 us/op
WorkloadJitting  1: 1 op, 1617078.00 ns, 1.6171 ms/op

OverheadWarmup   1: 1 op, 441.00 ns, 441.0000 ns/op
OverheadWarmup   2: 1 op, 441.00 ns, 441.0000 ns/op
OverheadWarmup   3: 1 op, 320.00 ns, 320.0000 ns/op
OverheadWarmup   4: 1 op, 461.00 ns, 461.0000 ns/op
OverheadWarmup   5: 1 op, 301.00 ns, 301.0000 ns/op

OverheadActual   1: 1 op, 440.00 ns, 440.0000 ns/op
OverheadActual   2: 1 op, 401.00 ns, 401.0000 ns/op
OverheadActual   3: 1 op, 371.00 ns, 371.0000 ns/op
OverheadActual   4: 1 op, 370.00 ns, 370.0000 ns/op
OverheadActual   5: 1 op, 401.00 ns, 401.0000 ns/op
OverheadActual   6: 1 op, 260.00 ns, 260.0000 ns/op
OverheadActual   7: 1 op, 301.00 ns, 301.0000 ns/op
OverheadActual   8: 1 op, 461.00 ns, 461.0000 ns/op
OverheadActual   9: 1 op, 271.00 ns, 271.0000 ns/op
OverheadActual  10: 1 op, 261.00 ns, 261.0000 ns/op
OverheadActual  11: 1 op, 271.00 ns, 271.0000 ns/op
OverheadActual  12: 1 op, 311.00 ns, 311.0000 ns/op
OverheadActual  13: 1 op, 291.00 ns, 291.0000 ns/op
OverheadActual  14: 1 op, 270.00 ns, 270.0000 ns/op
OverheadActual  15: 1 op, 421.00 ns, 421.0000 ns/op
OverheadActual  16: 1 op, 291.00 ns, 291.0000 ns/op
OverheadActual  17: 1 op, 300.00 ns, 300.0000 ns/op
OverheadActual  18: 1 op, 370.00 ns, 370.0000 ns/op
OverheadActual  19: 1 op, 421.00 ns, 421.0000 ns/op
OverheadActual  20: 1 op, 291.00 ns, 291.0000 ns/op

WorkloadWarmup   1: 1 op, 223425.00 ns, 223.4250 us/op
WorkloadWarmup   2: 1 op, 38215.00 ns, 38.2150 us/op
WorkloadWarmup   3: 1 op, 35019.00 ns, 35.0190 us/op

// BeforeActualRun
WorkloadActual   1: 1 op, 128259.00 ns, 128.2590 us/op
WorkloadActual   2: 1 op, 36571.00 ns, 36.5710 us/op
WorkloadActual   3: 1 op, 34427.00 ns, 34.4270 us/op

// AfterActualRun
WorkloadResult   1: 1 op, 127953.00 ns, 127.9530 us/op
WorkloadResult   2: 1 op, 36265.00 ns, 36.2650 us/op
WorkloadResult   3: 1 op, 34121.00 ns, 34.1210 us/op
// GC:  0 0 0 120088 1
// Threading:  0 0 1

// AfterAll
// Benchmark Process 1374057 has exited with code 0.

Mean = 66.113 us, StdErr = 30.926 us (46.78%), N = 3, StdDev = 53.566 us
Min = 34.121 us, Q1 = 35.193 us, Median = 36.265 us, Q3 = 82.109 us, Max = 127.953 us
IQR = 46.916 us, LowerFence = -35.181 us, UpperFence = 152.483 us
ConfidenceInterval = [-911.125 us; 1,043.351 us] (CI 99.9%), Margin = 977.238 us (1478.13% of Mean)
Skewness = 0.38, Kurtosis = 0.67, MValue = 2

// ** Remained 3 (4.8%) benchmark(s) to run. Estimated finish 2026-09-22 14:55 (0h 0m from now) **
// **************************
// Benchmark: SessionSetupDecompositionBenchmarks.ComponentC2e_LockConstruction: ShortRun(InvocationCount=1, IterationCount=3, LaunchCount=1, UnrollFactor=1, WarmupCount=3) [Sessions=1000]
// *** Execute ***
// Launch: 1 / 1
// Execute: dotnet WinForward.Benchmarks-ShortRun-1.dll --anonymousPipes 123 125 --benchmarkName "WinForward.Benchmarks.Perf.SessionSetupDecompositionBenchmarks.ComponentC2e_LockConstruction(Sessions: 1000)" --job ShortRun --benchmarkId 60 in /home/paff/Projects/WinForward/benchmarks/WinForward.Benchmarks/bin/Release/net10.0/WinForward.Benchmarks-ShortRun-1/bin/Release/net10.0
// Failed to set up high priority (Permission denied). In order to run benchmarks with high priority, make sure you have the right permissions.
// BeforeAnythingElse

// Benchmark Process Environment Information:
// BenchmarkDotNet v0.15.8
// Runtime=.NET 10.0.12 (10.0.12, 10.0.1226.42308), X64 RyuJIT x86-64-v4
// GC=Concurrent Workstation
// HardwareIntrinsics=AVX512 BITALG+VBMI2+VNNI+VPOPCNTDQ,AVX512 IFMA+VBMI,AVX512 F+BW+CD+DQ+VL,AVX2+BMI1+BMI2+F16C+FMA+LZCNT+MOVBE,AVX,SSE3+SSSE3+SSE4.1+SSE4.2+POPCNT,X86Base+SSE+SSE2,AES+PCLMUL,AvxVnni VectorSize=256
// Job: ShortRun(InvocationCount=1, IterationCount=3, LaunchCount=1, UnrollFactor=1, WarmupCount=3)

OverheadJitting  1: 1 op, 251409.00 ns, 251.4090 us/op
WorkloadJitting  1: 1 op, 683020.00 ns, 683.0200 us/op

OverheadWarmup   1: 1 op, 912.00 ns, 912.0000 ns/op
OverheadWarmup   2: 1 op, 511.00 ns, 511.0000 ns/op
OverheadWarmup   3: 1 op, 280.00 ns, 280.0000 ns/op
OverheadWarmup   4: 1 op, 431.00 ns, 431.0000 ns/op
OverheadWarmup   5: 1 op, 421.00 ns, 421.0000 ns/op
OverheadWarmup   6: 1 op, 431.00 ns, 431.0000 ns/op
OverheadWarmup   7: 1 op, 301.00 ns, 301.0000 ns/op

OverheadActual   1: 1 op, 1112.00 ns, 1.1120 us/op
OverheadActual   2: 1 op, 521.00 ns, 521.0000 ns/op
OverheadActual   3: 1 op, 812.00 ns, 812.0000 ns/op
OverheadActual   4: 1 op, 411.00 ns, 411.0000 ns/op
OverheadActual   5: 1 op, 421.00 ns, 421.0000 ns/op
OverheadActual   6: 1 op, 280.00 ns, 280.0000 ns/op
OverheadActual   7: 1 op, 471.00 ns, 471.0000 ns/op
OverheadActual   8: 1 op, 411.00 ns, 411.0000 ns/op
OverheadActual   9: 1 op, 421.00 ns, 421.0000 ns/op
OverheadActual  10: 1 op, 411.00 ns, 411.0000 ns/op
OverheadActual  11: 1 op, 410.00 ns, 410.0000 ns/op
OverheadActual  12: 1 op, 420.00 ns, 420.0000 ns/op
OverheadActual  13: 1 op, 431.00 ns, 431.0000 ns/op
OverheadActual  14: 1 op, 411.00 ns, 411.0000 ns/op
OverheadActual  15: 1 op, 280.00 ns, 280.0000 ns/op
OverheadActual  16: 1 op, 421.00 ns, 421.0000 ns/op
OverheadActual  17: 1 op, 451.00 ns, 451.0000 ns/op
OverheadActual  18: 1 op, 401.00 ns, 401.0000 ns/op
OverheadActual  19: 1 op, 411.00 ns, 411.0000 ns/op
OverheadActual  20: 1 op, 421.00 ns, 421.0000 ns/op

WorkloadWarmup   1: 1 op, 129291.00 ns, 129.2910 us/op
WorkloadWarmup   2: 1 op, 21773.00 ns, 21.7730 us/op
WorkloadWarmup   3: 1 op, 143239.00 ns, 143.2390 us/op

// BeforeActualRun
WorkloadActual   1: 1 op, 90566.00 ns, 90.5660 us/op
WorkloadActual   2: 1 op, 21251.00 ns, 21.2510 us/op
WorkloadActual   3: 1 op, 20590.00 ns, 20.5900 us/op

// AfterActualRun
WorkloadResult   1: 1 op, 90145.50 ns, 90.1455 us/op
WorkloadResult   2: 1 op, 20830.50 ns, 20.8305 us/op
WorkloadResult   3: 1 op, 20169.50 ns, 20.1695 us/op
// GC:  0 0 0 40000 1
// Threading:  0 0 1

// AfterAll
// Benchmark Process 1374066 has exited with code 0.

Mean = 43.715 us, StdErr = 23.216 us (53.11%), N = 3, StdDev = 40.211 us
Min = 20.169 us, Q1 = 20.500 us, Median = 20.831 us, Q3 = 55.488 us, Max = 90.145 us
IQR = 34.988 us, LowerFence = -31.982 us, UpperFence = 107.970 us
ConfidenceInterval = [-689.887 us; 777.317 us] (CI 99.9%), Margin = 733.602 us (1678.14% of Mean)
Skewness = 0.38, Kurtosis = 0.67, MValue = 2

// ** Remained 2 (3.2%) benchmark(s) to run. Estimated finish 2026-09-22 14:55 (0h 0m from now) **
// **************************
// Benchmark: SessionSetupDecompositionBenchmarks.ComponentC2e_TaskCompletionSourceConstruction: ShortRun(InvocationCount=1, IterationCount=3, LaunchCount=1, UnrollFactor=1, WarmupCount=3) [Sessions=1000]
// *** Execute ***
// Launch: 1 / 1
// Execute: dotnet WinForward.Benchmarks-ShortRun-1.dll --anonymousPipes 123 125 --benchmarkName "WinForward.Benchmarks.Perf.SessionSetupDecompositionBenchmarks.ComponentC2e_TaskCompletionSourceConstruction(Sessions: 1000)" --job ShortRun --benchmarkId 61 in /home/paff/Projects/WinForward/benchmarks/WinForward.Benchmarks/bin/Release/net10.0/WinForward.Benchmarks-ShortRun-1/bin/Release/net10.0
// Failed to set up high priority (Permission denied). In order to run benchmarks with high priority, make sure you have the right permissions.
// BeforeAnythingElse

// Benchmark Process Environment Information:
// BenchmarkDotNet v0.15.8
// Runtime=.NET 10.0.12 (10.0.12, 10.0.1226.42308), X64 RyuJIT x86-64-v4
// GC=Concurrent Workstation
// HardwareIntrinsics=AVX512 BITALG+VBMI2+VNNI+VPOPCNTDQ,AVX512 IFMA+VBMI,AVX512 F+BW+CD+DQ+VL,AVX2+BMI1+BMI2+F16C+FMA+LZCNT+MOVBE,AVX,SSE3+SSSE3+SSE4.1+SSE4.2+POPCNT,X86Base+SSE+SSE2,AES+PCLMUL,AvxVnni VectorSize=256
// Job: ShortRun(InvocationCount=1, IterationCount=3, LaunchCount=1, UnrollFactor=1, WarmupCount=3)

OverheadJitting  1: 1 op, 289233.00 ns, 289.2330 us/op
WorkloadJitting  1: 1 op, 892738.00 ns, 892.7380 us/op

OverheadWarmup   1: 1 op, 400.00 ns, 400.0000 ns/op
OverheadWarmup   2: 1 op, 271.00 ns, 271.0000 ns/op
OverheadWarmup   3: 1 op, 280.00 ns, 280.0000 ns/op
OverheadWarmup   4: 1 op, 261.00 ns, 261.0000 ns/op
OverheadWarmup   5: 1 op, 401.00 ns, 401.0000 ns/op
OverheadWarmup   6: 1 op, 391.00 ns, 391.0000 ns/op

OverheadActual   1: 1 op, 391.00 ns, 391.0000 ns/op
OverheadActual   2: 1 op, 361.00 ns, 361.0000 ns/op
OverheadActual   3: 1 op, 411.00 ns, 411.0000 ns/op
OverheadActual   4: 1 op, 441.00 ns, 441.0000 ns/op
OverheadActual   5: 1 op, 421.00 ns, 421.0000 ns/op
OverheadActual   6: 1 op, 480.00 ns, 480.0000 ns/op
OverheadActual   7: 1 op, 280.00 ns, 280.0000 ns/op
OverheadActual   8: 1 op, 461.00 ns, 461.0000 ns/op
OverheadActual   9: 1 op, 281.00 ns, 281.0000 ns/op
OverheadActual  10: 1 op, 271.00 ns, 271.0000 ns/op
OverheadActual  11: 1 op, 281.00 ns, 281.0000 ns/op
OverheadActual  12: 1 op, 271.00 ns, 271.0000 ns/op
OverheadActual  13: 1 op, 280.00 ns, 280.0000 ns/op
OverheadActual  14: 1 op, 421.00 ns, 421.0000 ns/op
OverheadActual  15: 1 op, 411.00 ns, 411.0000 ns/op
OverheadActual  16: 1 op, 300.00 ns, 300.0000 ns/op
OverheadActual  17: 1 op, 441.00 ns, 441.0000 ns/op
OverheadActual  18: 1 op, 291.00 ns, 291.0000 ns/op
OverheadActual  19: 1 op, 281.00 ns, 281.0000 ns/op
OverheadActual  20: 1 op, 270.00 ns, 270.0000 ns/op

WorkloadWarmup   1: 1 op, 123350.00 ns, 123.3500 us/op
WorkloadWarmup   2: 1 op, 34077.00 ns, 34.0770 us/op
WorkloadWarmup   3: 1 op, 35088.00 ns, 35.0880 us/op

// BeforeActualRun
WorkloadActual   1: 1 op, 733588.00 ns, 733.5880 us/op
WorkloadActual   2: 1 op, 34838.00 ns, 34.8380 us/op
WorkloadActual   3: 1 op, 33475.00 ns, 33.4750 us/op

// AfterActualRun
WorkloadResult   1: 1 op, 733257.50 ns, 733.2575 us/op
WorkloadResult   2: 1 op, 34507.50 ns, 34.5075 us/op
WorkloadResult   3: 1 op, 33144.50 ns, 33.1445 us/op
// GC:  0 0 0 88000 1
// Threading:  0 0 1

// AfterAll
// Benchmark Process 1374076 has exited with code 0.

Mean = 266.970 us, StdErr = 233.144 us (87.33%), N = 3, StdDev = 403.818 us
Min = 33.145 us, Q1 = 33.826 us, Median = 34.508 us, Q3 = 383.882 us, Max = 733.258 us
IQR = 350.057 us, LowerFence = -491.259 us, UpperFence = 908.967 us
ConfidenceInterval = [-7,100.165 us; 7,634.105 us] (CI 99.9%), Margin = 7,367.135 us (2759.54% of Mean)
Skewness = 0.38, Kurtosis = 0.67, MValue = 2

// ** Remained 1 (1.6%) benchmark(s) to run. Estimated finish 2026-09-22 14:55 (0h 0m from now) **
// **************************
// Benchmark: SessionSetupDecompositionBenchmarks.ComponentC2e_LinkedTokenSourceConstruction: ShortRun(InvocationCount=1, IterationCount=3, LaunchCount=1, UnrollFactor=1, WarmupCount=3) [Sessions=1000]
// *** Execute ***
// Launch: 1 / 1
// Execute: dotnet WinForward.Benchmarks-ShortRun-1.dll --anonymousPipes 123 125 --benchmarkName "WinForward.Benchmarks.Perf.SessionSetupDecompositionBenchmarks.ComponentC2e_LinkedTokenSourceConstruction(Sessions: 1000)" --job ShortRun --benchmarkId 62 in /home/paff/Projects/WinForward/benchmarks/WinForward.Benchmarks/bin/Release/net10.0/WinForward.Benchmarks-ShortRun-1/bin/Release/net10.0
// Failed to set up high priority (Permission denied). In order to run benchmarks with high priority, make sure you have the right permissions.
// BeforeAnythingElse

// Benchmark Process Environment Information:
// BenchmarkDotNet v0.15.8
// Runtime=.NET 10.0.12 (10.0.12, 10.0.1226.42308), X64 RyuJIT x86-64-v4
// GC=Concurrent Workstation
// HardwareIntrinsics=AVX512 BITALG+VBMI2+VNNI+VPOPCNTDQ,AVX512 IFMA+VBMI,AVX512 F+BW+CD+DQ+VL,AVX2+BMI1+BMI2+F16C+FMA+LZCNT+MOVBE,AVX,SSE3+SSSE3+SSE4.1+SSE4.2+POPCNT,X86Base+SSE+SSE2,AES+PCLMUL,AvxVnni VectorSize=256
// Job: ShortRun(InvocationCount=1, IterationCount=3, LaunchCount=1, UnrollFactor=1, WarmupCount=3)

OverheadJitting  1: 1 op, 434997.00 ns, 434.9970 us/op
WorkloadJitting  1: 1 op, 1687265.00 ns, 1.6873 ms/op

OverheadWarmup   1: 1 op, 621.00 ns, 621.0000 ns/op
OverheadWarmup   2: 1 op, 802.00 ns, 802.0000 ns/op
OverheadWarmup   3: 1 op, 511.00 ns, 511.0000 ns/op
OverheadWarmup   4: 1 op, 711.00 ns, 711.0000 ns/op
OverheadWarmup   5: 1 op, 501.00 ns, 501.0000 ns/op

OverheadActual   1: 1 op, 461.00 ns, 461.0000 ns/op
OverheadActual   2: 1 op, 491.00 ns, 491.0000 ns/op
OverheadActual   3: 1 op, 481.00 ns, 481.0000 ns/op
OverheadActual   4: 1 op, 481.00 ns, 481.0000 ns/op
OverheadActual   5: 1 op, 421.00 ns, 421.0000 ns/op
OverheadActual   6: 1 op, 461.00 ns, 461.0000 ns/op
OverheadActual   7: 1 op, 691.00 ns, 691.0000 ns/op
OverheadActual   8: 1 op, 511.00 ns, 511.0000 ns/op
OverheadActual   9: 1 op, 511.00 ns, 511.0000 ns/op
OverheadActual  10: 1 op, 481.00 ns, 481.0000 ns/op
OverheadActual  11: 1 op, 531.00 ns, 531.0000 ns/op
OverheadActual  12: 1 op, 671.00 ns, 671.0000 ns/op
OverheadActual  13: 1 op, 581.00 ns, 581.0000 ns/op
OverheadActual  14: 1 op, 681.00 ns, 681.0000 ns/op
OverheadActual  15: 1 op, 511.00 ns, 511.0000 ns/op
OverheadActual  16: 1 op, 431.00 ns, 431.0000 ns/op
OverheadActual  17: 1 op, 471.00 ns, 471.0000 ns/op
OverheadActual  18: 1 op, 401.00 ns, 401.0000 ns/op
OverheadActual  19: 1 op, 441.00 ns, 441.0000 ns/op
OverheadActual  20: 1 op, 440.00 ns, 440.0000 ns/op

WorkloadWarmup   1: 1 op, 250908.00 ns, 250.9080 us/op
WorkloadWarmup   2: 1 op, 68082.00 ns, 68.0820 us/op
WorkloadWarmup   3: 1 op, 67792.00 ns, 67.7920 us/op

// BeforeActualRun
WorkloadActual   1: 1 op, 232062.00 ns, 232.0620 us/op
WorkloadActual   2: 1 op, 69025.00 ns, 69.0250 us/op
WorkloadActual   3: 1 op, 68283.00 ns, 68.2830 us/op

// AfterActualRun
WorkloadResult   1: 1 op, 231581.00 ns, 231.5810 us/op
WorkloadResult   2: 1 op, 68544.00 ns, 68.5440 us/op
WorkloadResult   3: 1 op, 67802.00 ns, 67.8020 us/op
// GC:  0 0 0 152200 1
// Threading:  0 0 1

// AfterAll
// Benchmark Process 1374085 has exited with code 0.

Mean = 122.642 us, StdErr = 54.470 us (44.41%), N = 3, StdDev = 94.344 us
Min = 67.802 us, Q1 = 68.173 us, Median = 68.544 us, Q3 = 150.062 us, Max = 231.581 us
IQR = 81.889 us, LowerFence = -54.661 us, UpperFence = 272.897 us
ConfidenceInterval = [-1,598.550 us; 1,843.835 us] (CI 99.9%), Margin = 1,721.193 us (1403.42% of Mean)
Skewness = 0.38, Kurtosis = 0.67, MValue = 2

// ** Remained 0 (0.0%) benchmark(s) to run. Estimated finish 2026-09-22 14:55 (0h 0m from now) **
// ***** BenchmarkRunner: Finish  *****

// * Export *
  BenchmarkDotNet.Artifacts/results/WinForward.Benchmarks.Perf.SessionSetupDecompositionBenchmarks-report.csv
  BenchmarkDotNet.Artifacts/results/WinForward.Benchmarks.Perf.SessionSetupDecompositionBenchmarks-report-github.md
  BenchmarkDotNet.Artifacts/results/WinForward.Benchmarks.Perf.SessionSetupDecompositionBenchmarks-report.html

// * Detailed results *
SessionSetupDecompositionBenchmarks.StageS0_CoordinatorOnly: ShortRun(InvocationCount=1, IterationCount=3, LaunchCount=1, UnrollFactor=1, WarmupCount=3) [Sessions=1]
Runtime = .NET 10.0.12 (10.0.12, 10.0.1226.42308), X64 RyuJIT x86-64-v4; GC = Concurrent Workstation
Mean = 35.163 us, StdErr = 19.729 us (56.11%), N = 3, StdDev = 34.171 us
Min = 13.902 us, Q1 = 15.455 us, Median = 17.008 us, Q3 = 45.794 us, Max = 74.580 us
IQR = 30.339 us, LowerFence = -30.053 us, UpperFence = 91.302 us
ConfidenceInterval = [-588.246 us; 658.572 us] (CI 99.9%), Margin = 623.409 us (1772.89% of Mean)
Skewness = 0.38, Kurtosis = 0.67, MValue = 2
-------------------- Histogram --------------------
[13.144 us ; 75.338 us) | @@@
---------------------------------------------------

SessionSetupDecompositionBenchmarks.StageS1_AdmissionOnlyAsync: ShortRun(InvocationCount=1, IterationCount=3, LaunchCount=1, UnrollFactor=1, WarmupCount=3) [Sessions=1]
Runtime = .NET 10.0.12 (10.0.12, 10.0.1226.42308), X64 RyuJIT x86-64-v4; GC = Concurrent Workstation
Mean = 44.245 us, StdErr = 8.956 us (20.24%), N = 3, StdDev = 15.513 us
Min = 34.542 us, Q1 = 35.299 us, Median = 36.056 us, Q3 = 49.096 us, Max = 62.136 us
IQR = 13.797 us, LowerFence = 14.604 us, UpperFence = 69.791 us
ConfidenceInterval = [-238.772 us; 327.261 us] (CI 99.9%), Margin = 283.017 us (639.66% of Mean)
Skewness = 0.38, Kurtosis = 0.67, MValue = 2
-------------------- Histogram --------------------
[34.222 us ; 62.457 us) | @@@
---------------------------------------------------

SessionSetupDecompositionBenchmarks.StageS2_SetupStartedAsync: ShortRun(InvocationCount=1, IterationCount=3, LaunchCount=1, UnrollFactor=1, WarmupCount=3) [Sessions=1]
Runtime = .NET 10.0.12 (10.0.12, 10.0.1226.42308), X64 RyuJIT x86-64-v4; GC = Concurrent Workstation
Mean = 73.747 ms, StdErr = 0.484 ms (0.66%), N = 3, StdDev = 0.838 ms
Min = 73.183 ms, Q1 = 73.266 ms, Median = 73.349 ms, Q3 = 74.030 ms, Max = 74.710 ms
IQR = 0.764 ms, LowerFence = 72.120 ms, UpperFence = 75.175 ms
ConfidenceInterval = [58.460 ms; 89.034 ms] (CI 99.9%), Margin = 15.287 ms (20.73% of Mean)
Skewness = 0.37, Kurtosis = 0.67, MValue = 2
-------------------- Histogram --------------------
[72.420 ms ; 75.473 ms) | @@@
---------------------------------------------------

SessionSetupDecompositionBenchmarks.StageS3_PipelineNoPayloadAsync: ShortRun(InvocationCount=1, IterationCount=3, LaunchCount=1, UnrollFactor=1, WarmupCount=3) [Sessions=1]
Runtime = .NET 10.0.12 (10.0.12, 10.0.1226.42308), X64 RyuJIT x86-64-v4; GC = Concurrent Workstation
Mean = 31.185 ms, StdErr = 0.447 ms (1.43%), N = 3, StdDev = 0.774 ms
Min = 30.358 ms, Q1 = 30.832 ms, Median = 31.306 ms, Q3 = 31.599 ms, Max = 31.892 ms
IQR = 0.767 ms, LowerFence = 29.681 ms, UpperFence = 32.750 ms
ConfidenceInterval = [17.058 ms; 45.313 ms] (CI 99.9%), Margin = 14.128 ms (45.30% of Mean)
Skewness = -0.15, Kurtosis = 0.67, MValue = 2
-------------------- Histogram --------------------
[29.653 ms ; 30.894 ms) | @
[30.894 ms ; 32.304 ms) | @@
---------------------------------------------------

SessionSetupDecompositionBenchmarks.StageS4_ReadinessTeardownOutsideAsync: ShortRun(InvocationCount=1, IterationCount=3, LaunchCount=1, UnrollFactor=1, WarmupCount=3) [Sessions=1]
Runtime = .NET 10.0.12 (10.0.12, 10.0.1226.42308), X64 RyuJIT x86-64-v4; GC = Concurrent Workstation
Mean = 32.683 ms, StdErr = 0.947 ms (2.90%), N = 3, StdDev = 1.640 ms
Min = 31.130 ms, Q1 = 31.826 ms, Median = 32.521 ms, Q3 = 33.460 ms, Max = 34.398 ms
IQR = 1.634 ms, LowerFence = 29.375 ms, UpperFence = 35.910 ms
ConfidenceInterval = [2.766 ms; 62.600 ms] (CI 99.9%), Margin = 29.917 ms (91.54% of Mean)
Skewness = 0.1, Kurtosis = 0.67, MValue = 2
-------------------- Histogram --------------------
[30.333 ms ; 33.318 ms) | @@
[33.318 ms ; 35.890 ms) | @
---------------------------------------------------

SessionSetupDecompositionBenchmarks.StageS5_ReadinessTeardownInsideAsync: ShortRun(InvocationCount=1, IterationCount=3, LaunchCount=1, UnrollFactor=1, WarmupCount=3) [Sessions=1]
Runtime = .NET 10.0.12 (10.0.12, 10.0.1226.42308), X64 RyuJIT x86-64-v4; GC = Concurrent Workstation
Mean = 47.251 ms, StdErr = 0.694 ms (1.47%), N = 3, StdDev = 1.202 ms
Min = 46.547 ms, Q1 = 46.557 ms, Median = 46.567 ms, Q3 = 47.603 ms, Max = 48.639 ms
IQR = 1.046 ms, LowerFence = 44.988 ms, UpperFence = 49.172 ms
ConfidenceInterval = [25.321 ms; 69.180 ms] (CI 99.9%), Margin = 21.929 ms (46.41% of Mean)
Skewness = 0.38, Kurtosis = 0.67, MValue = 2
-------------------- Histogram --------------------
[46.499 ms ; 48.687 ms) | @@@
---------------------------------------------------

SessionSetupDecompositionBenchmarks.StageT1_SessionTeardownInsideAsync: ShortRun(InvocationCount=1, IterationCount=3, LaunchCount=1, UnrollFactor=1, WarmupCount=3) [Sessions=1]
Runtime = .NET 10.0.12 (10.0.12, 10.0.1226.42308), X64 RyuJIT x86-64-v4; GC = Concurrent Workstation
Mean = 394.650 us, StdErr = 42.130 us (10.68%), N = 3, StdDev = 72.971 us
Min = 338.609 us, Q1 = 353.394 us, Median = 368.178 us, Q3 = 422.670 us, Max = 477.162 us
IQR = 69.276 us, LowerFence = 249.479 us, UpperFence = 526.585 us
ConfidenceInterval = [-936.617 us; 1,725.916 us] (CI 99.9%), Margin = 1,331.266 us (337.33% of Mean)
Skewness = 0.32, Kurtosis = 0.67, MValue = 2
-------------------- Histogram --------------------
[286.987 us ; 419.800 us) | @@
[419.800 us ; 543.568 us) | @
---------------------------------------------------

SessionSetupDecompositionBenchmarks.StageT3_ExpiryRetireInsideAsync: ShortRun(InvocationCount=1, IterationCount=3, LaunchCount=1, UnrollFactor=1, WarmupCount=3) [Sessions=1]
Runtime = .NET 10.0.12 (10.0.12, 10.0.1226.42308), X64 RyuJIT x86-64-v4; GC = Concurrent Workstation
Mean = 32.590 ms, StdErr = 0.544 ms (1.67%), N = 3, StdDev = 0.942 ms
Min = 32.031 ms, Q1 = 32.046 ms, Median = 32.061 ms, Q3 = 32.869 ms, Max = 33.677 ms
IQR = 0.823 ms, LowerFence = 30.812 ms, UpperFence = 34.104 ms
ConfidenceInterval = [15.408 ms; 49.771 ms] (CI 99.9%), Margin = 17.181 ms (52.72% of Mean)
Skewness = 0.38, Kurtosis = 0.67, MValue = 2
-------------------- Histogram --------------------
[31.997 ms ; 33.711 ms) | @@@
---------------------------------------------------

SessionSetupDecompositionBenchmarks.StageT5_NonThrowingParkTeardownAsync: ShortRun(InvocationCount=1, IterationCount=3, LaunchCount=1, UnrollFactor=1, WarmupCount=3) [Sessions=1]
Runtime = .NET 10.0.12 (10.0.12, 10.0.1226.42308), X64 RyuJIT x86-64-v4; GC = Concurrent Workstation
Mean = 469.005 us, StdErr = 108.540 us (23.14%), N = 3, StdDev = 187.997 us
Min = 339.827 us, Q1 = 361.166 us, Median = 382.505 us, Q3 = 533.594 us, Max = 684.683 us
IQR = 172.428 us, LowerFence = 102.524 us, UpperFence = 792.236 us
ConfidenceInterval = [-2,960.767 us; 3,898.777 us] (CI 99.9%), Margin = 3,429.772 us (731.29% of Mean)
Skewness = 0.36, Kurtosis = 0.67, MValue = 2
-------------------- Histogram --------------------
[168.742 us ; 532.251 us) | @@
[532.251 us ; 855.767 us) | @
---------------------------------------------------

SessionSetupDecompositionBenchmarks.BaselineF_FakeTransportCreationAsync: ShortRun(InvocationCount=1, IterationCount=3, LaunchCount=1, UnrollFactor=1, WarmupCount=3) [Sessions=1]
Runtime = .NET 10.0.12 (10.0.12, 10.0.1226.42308), X64 RyuJIT x86-64-v4; GC = Concurrent Workstation
Mean = 8.134 us, StdErr = 0.217 us (2.67%), N = 3, StdDev = 0.377 us
Min = 7.700 us, Q1 = 8.015 us, Median = 8.331 us, Q3 = 8.351 us, Max = 8.372 us
IQR = 0.336 us, LowerFence = 7.511 us, UpperFence = 8.855 us
ConfidenceInterval = [1.262 us; 15.007 us] (CI 99.9%), Margin = 6.872 us (84.49% of Mean)
Skewness = -0.38, Kurtosis = 0.67, MValue = 2
-------------------- Histogram --------------------
[7.693 us ; 8.379 us) | @@@
---------------------------------------------------

SessionSetupDecompositionBenchmarks.BaselineH_FlowKeyConstruction: ShortRun(InvocationCount=1, IterationCount=3, LaunchCount=1, UnrollFactor=1, WarmupCount=3) [Sessions=1]
Runtime = .NET 10.0.12 (10.0.12, 10.0.1226.42308), X64 RyuJIT x86-64-v4; GC = Concurrent Workstation
Mean = 19.505 us, StdErr = 2.746 us (14.08%), N = 3, StdDev = 4.756 us
Min = 16.522 us, Q1 = 16.762 us, Median = 17.003 us, Q3 = 20.996 us, Max = 24.989 us
IQR = 4.234 us, LowerFence = 10.412 us, UpperFence = 27.346 us
ConfidenceInterval = [-67.256 us; 106.266 us] (CI 99.9%), Margin = 86.761 us (444.82% of Mean)
Skewness = 0.38, Kurtosis = 0.67, MValue = 2
-------------------- Histogram --------------------
[16.428 us ; 25.083 us) | @@@
---------------------------------------------------

SessionSetupDecompositionBenchmarks.ComponentC1_AssociationClaimRelease: ShortRun(InvocationCount=1, IterationCount=3, LaunchCount=1, UnrollFactor=1, WarmupCount=3) [Sessions=1]
Runtime = .NET 10.0.12 (10.0.12, 10.0.1226.42308), X64 RyuJIT x86-64-v4; GC = Concurrent Workstation
Mean = 26.084 us, StdErr = 1.434 us (5.50%), N = 3, StdDev = 2.484 us
Min = 23.225 us, Q1 = 25.269 us, Median = 27.313 us, Q3 = 27.514 us, Max = 27.714 us
IQR = 2.244 us, LowerFence = 21.902 us, UpperFence = 30.880 us
ConfidenceInterval = [-19.235 us; 71.403 us] (CI 99.9%), Margin = 45.319 us (173.74% of Mean)
Skewness = -0.37, Kurtosis = 0.67, MValue = 2
-------------------- Histogram --------------------
[23.209 us ; 27.730 us) | @@@
---------------------------------------------------

SessionSetupDecompositionBenchmarks.ComponentC2_SessionConstructStartAsync: ShortRun(InvocationCount=1, IterationCount=3, LaunchCount=1, UnrollFactor=1, WarmupCount=3) [Sessions=1]
Runtime = .NET 10.0.12 (10.0.12, 10.0.1226.42308), X64 RyuJIT x86-64-v4; GC = Concurrent Workstation
Mean = 50.840 us, StdErr = 9.962 us (19.60%), N = 3, StdDev = 17.255 us
Min = 38.616 us, Q1 = 40.971 us, Median = 43.325 us, Q3 = 56.952 us, Max = 70.578 us
IQR = 15.981 us, LowerFence = 16.999 us, UpperFence = 80.923 us
ConfidenceInterval = [-263.961 us; 365.640 us] (CI 99.9%), Margin = 314.801 us (619.20% of Mean)
Skewness = 0.35, Kurtosis = 0.67, MValue = 2
-------------------- Histogram --------------------
[22.913 us ; 56.673 us) | @@
[56.673 us ; 86.281 us) | @
---------------------------------------------------

SessionSetupDecompositionBenchmarks.ComponentC2a1_ContextRecordStaticLambda: ShortRun(InvocationCount=1, IterationCount=3, LaunchCount=1, UnrollFactor=1, WarmupCount=3) [Sessions=1]
Runtime = .NET 10.0.12 (10.0.12, 10.0.1226.42308), X64 RyuJIT x86-64-v4; GC = Concurrent Workstation
Mean = 32.067 us, StdErr = 10.138 us (31.61%), N = 3, StdDev = 17.559 us
Min = 19.879 us, Q1 = 22.003 us, Median = 24.128 us, Q3 = 38.160 us, Max = 52.193 us
IQR = 16.157 us, LowerFence = -2.232 us, UpperFence = 62.396 us
ConfidenceInterval = [-288.273 us; 352.407 us] (CI 99.9%), Margin = 320.340 us (998.98% of Mean)
Skewness = 0.36, Kurtosis = 0.67, MValue = 2
-------------------- Histogram --------------------
[ 3.900 us ; 37.983 us) | @@
[37.983 us ; 68.172 us) | @
---------------------------------------------------

SessionSetupDecompositionBenchmarks.ComponentC2a2_ContextRecordMethodGroup: ShortRun(InvocationCount=1, IterationCount=3, LaunchCount=1, UnrollFactor=1, WarmupCount=3) [Sessions=1]
Runtime = .NET 10.0.12 (10.0.12, 10.0.1226.42308), X64 RyuJIT x86-64-v4; GC = Concurrent Workstation
Mean = 41.965 us, StdErr = 10.795 us (25.72%), N = 3, StdDev = 18.697 us
Min = 20.430 us, Q1 = 35.920 us, Median = 51.410 us, Q3 = 52.733 us, Max = 54.056 us
IQR = 16.812 us, LowerFence = 10.702 us, UpperFence = 77.952 us
ConfidenceInterval = [-299.132 us; 383.063 us] (CI 99.9%), Margin = 341.097 us (812.80% of Mean)
Skewness = -0.38, Kurtosis = 0.67, MValue = 2
-------------------- Histogram --------------------
[20.228 us ; 54.258 us) | @@@
---------------------------------------------------

SessionSetupDecompositionBenchmarks.ComponentC2b_SessionConstructOnly: ShortRun(InvocationCount=1, IterationCount=3, LaunchCount=1, UnrollFactor=1, WarmupCount=3) [Sessions=1]
Runtime = .NET 10.0.12 (10.0.12, 10.0.1226.42308), X64 RyuJIT x86-64-v4; GC = Concurrent Workstation
Mean = 53.696 us, StdErr = 24.874 us (46.32%), N = 3, StdDev = 43.083 us
Min = 27.604 us, Q1 = 28.832 us, Median = 30.060 us, Q3 = 66.742 us, Max = 103.423 us
IQR = 37.910 us, LowerFence = -28.032 us, UpperFence = 123.606 us
ConfidenceInterval = [-732.292 us; 839.683 us] (CI 99.9%), Margin = 785.988 us (1463.78% of Mean)
Skewness = 0.38, Kurtosis = 0.67, MValue = 2
-------------------- Histogram --------------------
[26.307 us ; 104.720 us) | @@@
---------------------------------------------------

SessionSetupDecompositionBenchmarks.ComponentC2c1_ScopeConstructLinked: ShortRun(InvocationCount=1, IterationCount=3, LaunchCount=1, UnrollFactor=1, WarmupCount=3) [Sessions=1]
Runtime = .NET 10.0.12 (10.0.12, 10.0.1226.42308), X64 RyuJIT x86-64-v4; GC = Concurrent Workstation
Mean = 8.035 us, StdErr = 0.155 us (1.93%), N = 3, StdDev = 0.269 us
Min = 7.795 us, Q1 = 7.890 us, Median = 7.985 us, Q3 = 8.155 us, Max = 8.326 us
IQR = 0.266 us, LowerFence = 7.492 us, UpperFence = 8.554 us
ConfidenceInterval = [3.127 us; 12.944 us] (CI 99.9%), Margin = 4.909 us (61.09% of Mean)
Skewness = 0.18, Kurtosis = 0.67, MValue = 2
-------------------- Histogram --------------------
[7.645 us ; 8.135 us) | @@
[8.135 us ; 8.571 us) | @
---------------------------------------------------

SessionSetupDecompositionBenchmarks.ComponentC2c2_ScopeConstructUnlinked: ShortRun(InvocationCount=1, IterationCount=3, LaunchCount=1, UnrollFactor=1, WarmupCount=3) [Sessions=1]
Runtime = .NET 10.0.12 (10.0.12, 10.0.1226.42308), X64 RyuJIT x86-64-v4; GC = Concurrent Workstation
Mean = 9.128 us, StdErr = 3.267 us (35.79%), N = 3, StdDev = 5.658 us
Min = 5.771 us, Q1 = 5.862 us, Median = 5.952 us, Q3 = 10.806 us, Max = 15.661 us
IQR = 4.944 us, LowerFence = -1.555 us, UpperFence = 18.223 us
ConfidenceInterval = [-94.098 us; 112.354 us] (CI 99.9%), Margin = 103.226 us (1130.89% of Mean)
Skewness = 0.38, Kurtosis = 0.67, MValue = 2
-------------------- Histogram --------------------
[5.567 us ; 15.865 us) | @@@
---------------------------------------------------

SessionSetupDecompositionBenchmarks.ComponentC2e_LockConstruction: ShortRun(InvocationCount=1, IterationCount=3, LaunchCount=1, UnrollFactor=1, WarmupCount=3) [Sessions=1]
Runtime = .NET 10.0.12 (10.0.12, 10.0.1226.42308), X64 RyuJIT x86-64-v4; GC = Concurrent Workstation
Mean = 57.652 us, StdErr = 54.276 us (94.14%), N = 3, StdDev = 94.008 us
Min = 3.347 us, Q1 = 3.377 us, Median = 3.406 us, Q3 = 84.805 us, Max = 166.203 us
IQR = 81.428 us, LowerFence = -118.766 us, UpperFence = 206.946 us
ConfidenceInterval = [-1,657.403 us; 1,772.707 us] (CI 99.9%), Margin = 1,715.055 us (2974.84% of Mean)
Skewness = 0.38, Kurtosis = 0.67, MValue = 2
-------------------- Histogram --------------------
[3.347 us ; 170.326 us) | @@@
---------------------------------------------------

SessionSetupDecompositionBenchmarks.ComponentC2e_TaskCompletionSourceConstruction: ShortRun(InvocationCount=1, IterationCount=3, LaunchCount=1, UnrollFactor=1, WarmupCount=3) [Sessions=1]
Runtime = .NET 10.0.12 (10.0.12, 10.0.1226.42308), X64 RyuJIT x86-64-v4; GC = Concurrent Workstation
Mean = 5.206 us, StdErr = 0.319 us (6.13%), N = 3, StdDev = 0.553 us
Min = 4.685 us, Q1 = 4.915 us, Median = 5.146 us, Q3 = 5.466 us, Max = 5.786 us
IQR = 0.550 us, LowerFence = 4.090 us, UpperFence = 6.292 us
ConfidenceInterval = [-4.882 us; 15.293 us] (CI 99.9%), Margin = 10.087 us (193.78% of Mean)
Skewness = 0.11, Kurtosis = 0.67, MValue = 2
-------------------- Histogram --------------------
[4.412 us ; 5.419 us) | @@
[5.419 us ; 6.289 us) | @
---------------------------------------------------

SessionSetupDecompositionBenchmarks.ComponentC2e_LinkedTokenSourceConstruction: ShortRun(InvocationCount=1, IterationCount=3, LaunchCount=1, UnrollFactor=1, WarmupCount=3) [Sessions=1]
Runtime = .NET 10.0.12 (10.0.12, 10.0.1226.42308), X64 RyuJIT x86-64-v4; GC = Concurrent Workstation
Mean = 6.168 us, StdErr = 0.503 us (8.15%), N = 3, StdDev = 0.871 us
Min = 5.170 us, Q1 = 5.866 us, Median = 6.562 us, Q3 = 6.668 us, Max = 6.773 us
IQR = 0.801 us, LowerFence = 4.664 us, UpperFence = 7.870 us
ConfidenceInterval = [-9.722 us; 22.059 us] (CI 99.9%), Margin = 15.890 us (257.61% of Mean)
Skewness = -0.36, Kurtosis = 0.67, MValue = 2
-------------------- Histogram --------------------
[4.377 us ; 5.875 us) | @
[5.875 us ; 7.566 us) | @@
---------------------------------------------------

SessionSetupDecompositionBenchmarks.StageS0_CoordinatorOnly: ShortRun(InvocationCount=1, IterationCount=3, LaunchCount=1, UnrollFactor=1, WarmupCount=3) [Sessions=100]
Runtime = .NET 10.0.12 (10.0.12, 10.0.1226.42308), X64 RyuJIT x86-64-v4; GC = Concurrent Workstation
Mean = 52.055 us, StdErr = 35.658 us (68.50%), N = 3, StdDev = 61.761 us
Min = 16.362 us, Q1 = 16.397 us, Median = 16.432 us, Q3 = 69.901 us, Max = 123.370 us
IQR = 53.504 us, LowerFence = -63.859 us, UpperFence = 150.157 us
ConfidenceInterval = [-1,074.694 us; 1,178.803 us] (CI 99.9%), Margin = 1,126.749 us (2164.55% of Mean)
Skewness = 0.38, Kurtosis = 0.67, MValue = 2
-------------------- Histogram --------------------
[13.661 us ; 126.071 us) | @@@
---------------------------------------------------

SessionSetupDecompositionBenchmarks.StageS1_AdmissionOnlyAsync: ShortRun(InvocationCount=1, IterationCount=3, LaunchCount=1, UnrollFactor=1, WarmupCount=3) [Sessions=100]
Runtime = .NET 10.0.12 (10.0.12, 10.0.1226.42308), X64 RyuJIT x86-64-v4; GC = Concurrent Workstation
Mean = 227.660 us, StdErr = 10.014 us (4.40%), N = 3, StdDev = 17.345 us
Min = 215.630 us, Q1 = 217.719 us, Median = 219.808 us, Q3 = 233.675 us, Max = 247.542 us
IQR = 15.956 us, LowerFence = 193.785 us, UpperFence = 257.609 us
ConfidenceInterval = [-88.770 us; 544.090 us] (CI 99.9%), Margin = 316.430 us (138.99% of Mean)
Skewness = 0.36, Kurtosis = 0.67, MValue = 2
-------------------- Histogram --------------------
[199.846 us ; 233.503 us) | @@
[233.503 us ; 263.326 us) | @
---------------------------------------------------

SessionSetupDecompositionBenchmarks.StageS2_SetupStartedAsync: ShortRun(InvocationCount=1, IterationCount=3, LaunchCount=1, UnrollFactor=1, WarmupCount=3) [Sessions=100]
Runtime = .NET 10.0.12 (10.0.12, 10.0.1226.42308), X64 RyuJIT x86-64-v4; GC = Concurrent Workstation
Mean = 84.952 ms, StdErr = 2.747 ms (3.23%), N = 3, StdDev = 4.757 ms
Min = 79.484 ms, Q1 = 83.359 ms, Median = 87.233 ms, Q3 = 87.686 ms, Max = 88.139 ms
IQR = 4.328 ms, LowerFence = 76.867 ms, UpperFence = 94.178 ms
ConfidenceInterval = [-1.837 ms; 171.741 ms] (CI 99.9%), Margin = 86.789 ms (102.16% of Mean)
Skewness = -0.37, Kurtosis = 0.67, MValue = 2
-------------------- Histogram --------------------
[79.483 ms ; 88.141 ms) | @@@
---------------------------------------------------

SessionSetupDecompositionBenchmarks.StageS3_PipelineNoPayloadAsync: ShortRun(InvocationCount=1, IterationCount=3, LaunchCount=1, UnrollFactor=1, WarmupCount=3) [Sessions=100]
Runtime = .NET 10.0.12 (10.0.12, 10.0.1226.42308), X64 RyuJIT x86-64-v4; GC = Concurrent Workstation
Mean = 41.265 ms, StdErr = 1.491 ms (3.61%), N = 3, StdDev = 2.583 ms
Min = 39.231 ms, Q1 = 39.812 ms, Median = 40.392 ms, Q3 = 42.282 ms, Max = 44.171 ms
IQR = 2.470 ms, LowerFence = 36.107 ms, UpperFence = 45.986 ms
ConfidenceInterval = [-5.856 ms; 88.386 ms] (CI 99.9%), Margin = 47.121 ms (114.19% of Mean)
Skewness = 0.3, Kurtosis = 0.67, MValue = 2
-------------------- Histogram --------------------
[37.461 ms ; 42.162 ms) | @@
[42.162 ms ; 46.521 ms) | @
---------------------------------------------------

SessionSetupDecompositionBenchmarks.StageS4_ReadinessTeardownOutsideAsync: ShortRun(InvocationCount=1, IterationCount=3, LaunchCount=1, UnrollFactor=1, WarmupCount=3) [Sessions=100]
Runtime = .NET 10.0.12 (10.0.12, 10.0.1226.42308), X64 RyuJIT x86-64-v4; GC = Concurrent Workstation
Mean = 40.628 ms, StdErr = 1.102 ms (2.71%), N = 3, StdDev = 1.909 ms
Min = 38.452 ms, Q1 = 39.931 ms, Median = 41.410 ms, Q3 = 41.716 ms, Max = 42.021 ms
IQR = 1.785 ms, LowerFence = 37.254 ms, UpperFence = 44.393 ms
ConfidenceInterval = [5.799 ms; 75.457 ms] (CI 99.9%), Margin = 34.829 ms (85.73% of Mean)
Skewness = -0.34, Kurtosis = 0.67, MValue = 2
-------------------- Histogram --------------------
[36.714 ms ; 39.979 ms) | @
[39.979 ms ; 43.759 ms) | @@
---------------------------------------------------

SessionSetupDecompositionBenchmarks.StageS5_ReadinessTeardownInsideAsync: ShortRun(InvocationCount=1, IterationCount=3, LaunchCount=1, UnrollFactor=1, WarmupCount=3) [Sessions=100]
Runtime = .NET 10.0.12 (10.0.12, 10.0.1226.42308), X64 RyuJIT x86-64-v4; GC = Concurrent Workstation
Mean = 53.523 ms, StdErr = 1.278 ms (2.39%), N = 3, StdDev = 2.213 ms
Min = 51.713 ms, Q1 = 52.289 ms, Median = 52.864 ms, Q3 = 54.427 ms, Max = 55.990 ms
IQR = 2.138 ms, LowerFence = 49.081 ms, UpperFence = 57.634 ms
ConfidenceInterval = [13.149 ms; 93.896 ms] (CI 99.9%), Margin = 40.373 ms (75.43% of Mean)
Skewness = 0.27, Kurtosis = 0.67, MValue = 2
-------------------- Histogram --------------------
[50.275 ms ; 54.303 ms) | @@
[54.303 ms ; 58.004 ms) | @
---------------------------------------------------

SessionSetupDecompositionBenchmarks.StageT1_SessionTeardownInsideAsync: ShortRun(InvocationCount=1, IterationCount=3, LaunchCount=1, UnrollFactor=1, WarmupCount=3) [Sessions=100]
Runtime = .NET 10.0.12 (10.0.12, 10.0.1226.42308), X64 RyuJIT x86-64-v4; GC = Concurrent Workstation
Mean = 8.200 ms, StdErr = 0.658 ms (8.03%), N = 3, StdDev = 1.140 ms
Min = 6.883 ms, Q1 = 7.859 ms, Median = 8.836 ms, Q3 = 8.858 ms, Max = 8.881 ms
IQR = 0.999 ms, LowerFence = 6.361 ms, UpperFence = 10.356 ms
ConfidenceInterval = [-12.606 ms; 29.006 ms] (CI 99.9%), Margin = 20.806 ms (253.73% of Mean)
Skewness = -0.38, Kurtosis = 0.67, MValue = 2
-------------------- Histogram --------------------
[6.844 ms ; 8.920 ms) | @@@
---------------------------------------------------

SessionSetupDecompositionBenchmarks.StageT3_ExpiryRetireInsideAsync: ShortRun(InvocationCount=1, IterationCount=3, LaunchCount=1, UnrollFactor=1, WarmupCount=3) [Sessions=100]
Runtime = .NET 10.0.12 (10.0.12, 10.0.1226.42308), X64 RyuJIT x86-64-v4; GC = Concurrent Workstation
Mean = 48.928 ms, StdErr = 1.080 ms (2.21%), N = 3, StdDev = 1.871 ms
Min = 47.667 ms, Q1 = 47.853 ms, Median = 48.039 ms, Q3 = 49.558 ms, Max = 51.078 ms
IQR = 1.705 ms, LowerFence = 45.294 ms, UpperFence = 52.116 ms
ConfidenceInterval = [14.790 ms; 83.065 ms] (CI 99.9%), Margin = 34.138 ms (69.77% of Mean)
Skewness = 0.37, Kurtosis = 0.67, MValue = 2
-------------------- Histogram --------------------
[45.964 ms ; 49.556 ms) | @@
[49.556 ms ; 52.780 ms) | @
---------------------------------------------------

SessionSetupDecompositionBenchmarks.StageT5_NonThrowingParkTeardownAsync: ShortRun(InvocationCount=1, IterationCount=3, LaunchCount=1, UnrollFactor=1, WarmupCount=3) [Sessions=100]
Runtime = .NET 10.0.12 (10.0.12, 10.0.1226.42308), X64 RyuJIT x86-64-v4; GC = Concurrent Workstation
Mean = 1.580 ms, StdErr = 0.263 ms (16.65%), N = 3, StdDev = 0.456 ms
Min = 1.300 ms, Q1 = 1.317 ms, Median = 1.333 ms, Q3 = 1.719 ms, Max = 2.105 ms
IQR = 0.403 ms, LowerFence = 0.713 ms, UpperFence = 2.323 ms
ConfidenceInterval = [-6.733 ms; 9.892 ms] (CI 99.9%), Margin = 8.312 ms (526.26% of Mean)
Skewness = 0.38, Kurtosis = 0.67, MValue = 2
-------------------- Histogram --------------------
[1.288 ms ; 2.117 ms) | @@@
---------------------------------------------------

SessionSetupDecompositionBenchmarks.BaselineF_FakeTransportCreationAsync: ShortRun(InvocationCount=1, IterationCount=3, LaunchCount=1, UnrollFactor=1, WarmupCount=3) [Sessions=100]
Runtime = .NET 10.0.12 (10.0.12, 10.0.1226.42308), X64 RyuJIT x86-64-v4; GC = Concurrent Workstation
Mean = 43.400 us, StdErr = 25.750 us (59.33%), N = 3, StdDev = 44.601 us
Min = 16.788 us, Q1 = 17.654 us, Median = 18.521 us, Q3 = 56.706 us, Max = 94.891 us
IQR = 39.051 us, LowerFence = -40.923 us, UpperFence = 115.283 us
ConfidenceInterval = [-770.282 us; 857.082 us] (CI 99.9%), Margin = 813.682 us (1874.85% of Mean)
Skewness = 0.38, Kurtosis = 0.67, MValue = 2
-------------------- Histogram --------------------
[15.251 us ; 96.427 us) | @@@
---------------------------------------------------

SessionSetupDecompositionBenchmarks.BaselineH_FlowKeyConstruction: ShortRun(InvocationCount=1, IterationCount=3, LaunchCount=1, UnrollFactor=1, WarmupCount=3) [Sessions=100]
Runtime = .NET 10.0.12 (10.0.12, 10.0.1226.42308), X64 RyuJIT x86-64-v4; GC = Concurrent Workstation
Mean = 90.844 us, StdErr = 17.216 us (18.95%), N = 3, StdDev = 29.820 us
Min = 68.985 us, Q1 = 73.859 us, Median = 78.734 us, Q3 = 101.774 us, Max = 124.814 us
IQR = 27.915 us, LowerFence = 31.988 us, UpperFence = 143.646 us
ConfidenceInterval = [-453.178 us; 634.867 us] (CI 99.9%), Margin = 544.022 us (598.85% of Mean)
Skewness = 0.34, Kurtosis = 0.67, MValue = 2
-------------------- Histogram --------------------
[ 41.848 us ; 100.997 us) | @@
[100.997 us ; 151.951 us) | @
---------------------------------------------------

SessionSetupDecompositionBenchmarks.ComponentC1_AssociationClaimRelease: ShortRun(InvocationCount=1, IterationCount=3, LaunchCount=1, UnrollFactor=1, WarmupCount=3) [Sessions=100]
Runtime = .NET 10.0.12 (10.0.12, 10.0.1226.42308), X64 RyuJIT x86-64-v4; GC = Concurrent Workstation
Mean = 394.109 us, StdErr = 51.002 us (12.94%), N = 3, StdDev = 88.337 us
Min = 314.909 us, Q1 = 346.475 us, Median = 378.041 us, Q3 = 433.709 us, Max = 489.378 us
IQR = 87.234 us, LowerFence = 215.623 us, UpperFence = 564.561 us
ConfidenceInterval = [-1,217.494 us; 2,005.713 us] (CI 99.9%), Margin = 1,611.604 us (408.92% of Mean)
Skewness = 0.18, Kurtosis = 0.67, MValue = 2
-------------------- Histogram --------------------
[266.085 us ; 426.865 us) | @@
[426.865 us ; 569.768 us) | @
---------------------------------------------------

SessionSetupDecompositionBenchmarks.ComponentC2_SessionConstructStartAsync: ShortRun(InvocationCount=1, IterationCount=3, LaunchCount=1, UnrollFactor=1, WarmupCount=3) [Sessions=100]
Runtime = .NET 10.0.12 (10.0.12, 10.0.1226.42308), X64 RyuJIT x86-64-v4; GC = Concurrent Workstation
Mean = 508.278 us, StdErr = 74.122 us (14.58%), N = 3, StdDev = 128.383 us
Min = 415.304 us, Q1 = 435.038 us, Median = 454.771 us, Q3 = 554.765 us, Max = 654.760 us
IQR = 119.728 us, LowerFence = 255.446 us, UpperFence = 734.357 us
ConfidenceInterval = [-1,833.897 us; 2,850.453 us] (CI 99.9%), Margin = 2,342.175 us (460.81% of Mean)
Skewness = 0.34, Kurtosis = 0.67, MValue = 2
-------------------- Histogram --------------------
[298.471 us ; 551.870 us) | @@
[551.870 us ; 771.593 us) | @
---------------------------------------------------

SessionSetupDecompositionBenchmarks.ComponentC2a1_ContextRecordStaticLambda: ShortRun(InvocationCount=1, IterationCount=3, LaunchCount=1, UnrollFactor=1, WarmupCount=3) [Sessions=100]
Runtime = .NET 10.0.12 (10.0.12, 10.0.1226.42308), X64 RyuJIT x86-64-v4; GC = Concurrent Workstation
Mean = 45.729 us, StdErr = 14.439 us (31.58%), N = 3, StdDev = 25.009 us
Min = 26.432 us, Q1 = 31.602 us, Median = 36.772 us, Q3 = 55.378 us, Max = 73.984 us
IQR = 23.776 us, LowerFence = -4.062 us, UpperFence = 91.042 us
ConfidenceInterval = [-410.536 us; 501.995 us] (CI 99.9%), Margin = 456.266 us (997.75% of Mean)
Skewness = 0.31, Kurtosis = 0.67, MValue = 2
-------------------- Histogram --------------------
[ 8.842 us ; 54.362 us) | @@
[54.362 us ; 96.744 us) | @
---------------------------------------------------

SessionSetupDecompositionBenchmarks.ComponentC2a2_ContextRecordMethodGroup: ShortRun(InvocationCount=1, IterationCount=3, LaunchCount=1, UnrollFactor=1, WarmupCount=3) [Sessions=100]
Runtime = .NET 10.0.12 (10.0.12, 10.0.1226.42308), X64 RyuJIT x86-64-v4; GC = Concurrent Workstation
Mean = 47.334 us, StdErr = 14.439 us (30.51%), N = 3, StdDev = 25.010 us
Min = 26.356 us, Q1 = 33.495 us, Median = 40.634 us, Q3 = 57.822 us, Max = 75.011 us
IQR = 24.328 us, LowerFence = -2.996 us, UpperFence = 94.314 us
ConfidenceInterval = [-408.939 us; 503.606 us] (CI 99.9%), Margin = 456.272 us (963.95% of Mean)
Skewness = 0.25, Kurtosis = 0.67, MValue = 2
-------------------- Histogram --------------------
[10.735 us ; 56.255 us) | @@
[56.255 us ; 97.771 us) | @
---------------------------------------------------

SessionSetupDecompositionBenchmarks.ComponentC2b_SessionConstructOnly: ShortRun(InvocationCount=1, IterationCount=3, LaunchCount=1, UnrollFactor=1, WarmupCount=3) [Sessions=100]
Runtime = .NET 10.0.12 (10.0.12, 10.0.1226.42308), X64 RyuJIT x86-64-v4; GC = Concurrent Workstation
Mean = 246.084 us, StdErr = 12.932 us (5.26%), N = 3, StdDev = 22.400 us
Min = 230.034 us, Q1 = 233.290 us, Median = 236.546 us, Q3 = 254.110 us, Max = 271.675 us
IQR = 20.820 us, LowerFence = 202.059 us, UpperFence = 285.341 us
ConfidenceInterval = [-162.566 us; 654.735 us] (CI 99.9%), Margin = 408.650 us (166.06% of Mean)
Skewness = 0.35, Kurtosis = 0.67, MValue = 2
-------------------- Histogram --------------------
[209.649 us ; 253.674 us) | @@
[253.674 us ; 292.059 us) | @
---------------------------------------------------

SessionSetupDecompositionBenchmarks.ComponentC2c1_ScopeConstructLinked: ShortRun(InvocationCount=1, IterationCount=3, LaunchCount=1, UnrollFactor=1, WarmupCount=3) [Sessions=100]
Runtime = .NET 10.0.12 (10.0.12, 10.0.1226.42308), X64 RyuJIT x86-64-v4; GC = Concurrent Workstation
Mean = 30.222 us, StdErr = 17.102 us (56.59%), N = 3, StdDev = 29.622 us
Min = 12.373 us, Q1 = 13.125 us, Median = 13.877 us, Q3 = 39.146 us, Max = 64.415 us
IQR = 26.021 us, LowerFence = -25.907 us, UpperFence = 78.177 us
ConfidenceInterval = [-510.191 us; 570.634 us] (CI 99.9%), Margin = 540.413 us (1788.16% of Mean)
Skewness = 0.38, Kurtosis = 0.67, MValue = 2
-------------------- Histogram --------------------
[11.437 us ; 65.351 us) | @@@
---------------------------------------------------

SessionSetupDecompositionBenchmarks.ComponentC2c2_ScopeConstructUnlinked: ShortRun(InvocationCount=1, IterationCount=3, LaunchCount=1, UnrollFactor=1, WarmupCount=3) [Sessions=100]
Runtime = .NET 10.0.12 (10.0.12, 10.0.1226.42308), X64 RyuJIT x86-64-v4; GC = Concurrent Workstation
Mean = 18.244 us, StdErr = 8.970 us (49.17%), N = 3, StdDev = 15.537 us
Min = 6.959 us, Q1 = 9.383 us, Median = 11.808 us, Q3 = 23.887 us, Max = 35.965 us
IQR = 14.503 us, LowerFence = -12.371 us, UpperFence = 45.641 us
ConfidenceInterval = [-265.212 us; 301.700 us] (CI 99.9%), Margin = 283.456 us (1553.69% of Mean)
Skewness = 0.34, Kurtosis = 0.67, MValue = 2
-------------------- Histogram --------------------
[ 6.959 us ; 23.523 us) | @@
[23.523 us ; 50.104 us) | @
---------------------------------------------------

SessionSetupDecompositionBenchmarks.ComponentC2e_LockConstruction: ShortRun(InvocationCount=1, IterationCount=3, LaunchCount=1, UnrollFactor=1, WarmupCount=3) [Sessions=100]
Runtime = .NET 10.0.12 (10.0.12, 10.0.1226.42308), X64 RyuJIT x86-64-v4; GC = Concurrent Workstation
Mean = 9.134 us, StdErr = 5.077 us (55.58%), N = 3, StdDev = 8.793 us
Min = 4.008 us, Q1 = 4.058 us, Median = 4.107 us, Q3 = 11.697 us, Max = 19.288 us
IQR = 7.640 us, LowerFence = -7.402 us, UpperFence = 23.157 us
ConfidenceInterval = [-151.291 us; 169.560 us] (CI 99.9%), Margin = 160.426 us (1756.29% of Mean)
Skewness = 0.38, Kurtosis = 0.67, MValue = 2
-------------------- Histogram --------------------
[3.646 us ; 19.650 us) | @@@
---------------------------------------------------

SessionSetupDecompositionBenchmarks.ComponentC2e_TaskCompletionSourceConstruction: ShortRun(InvocationCount=1, IterationCount=3, LaunchCount=1, UnrollFactor=1, WarmupCount=3) [Sessions=100]
Runtime = .NET 10.0.12 (10.0.12, 10.0.1226.42308), X64 RyuJIT x86-64-v4; GC = Concurrent Workstation
Mean = 16.178 us, StdErr = 9.459 us (58.47%), N = 3, StdDev = 16.384 us
Min = 6.012 us, Q1 = 6.728 us, Median = 7.444 us, Q3 = 21.261 us, Max = 35.078 us
IQR = 14.533 us, LowerFence = -15.072 us, UpperFence = 43.060 us
ConfidenceInterval = [-282.719 us; 315.075 us] (CI 99.9%), Margin = 298.897 us (1847.55% of Mean)
Skewness = 0.38, Kurtosis = 0.67, MValue = 2
-------------------- Histogram --------------------
[5.635 us ; 35.455 us) | @@@
---------------------------------------------------

SessionSetupDecompositionBenchmarks.ComponentC2e_LinkedTokenSourceConstruction: ShortRun(InvocationCount=1, IterationCount=3, LaunchCount=1, UnrollFactor=1, WarmupCount=3) [Sessions=100]
Runtime = .NET 10.0.12 (10.0.12, 10.0.1226.42308), X64 RyuJIT x86-64-v4; GC = Concurrent Workstation
Mean = 27.211 us, StdErr = 14.266 us (52.43%), N = 3, StdDev = 24.710 us
Min = 12.840 us, Q1 = 12.945 us, Median = 13.050 us, Q3 = 34.397 us, Max = 55.744 us
IQR = 21.452 us, LowerFence = -19.233 us, UpperFence = 66.575 us
ConfidenceInterval = [-423.595 us; 478.018 us] (CI 99.9%), Margin = 450.807 us (1656.69% of Mean)
Skewness = 0.38, Kurtosis = 0.67, MValue = 2
-------------------- Histogram --------------------
[11.805 us ; 56.779 us) | @@@
---------------------------------------------------

SessionSetupDecompositionBenchmarks.StageS0_CoordinatorOnly: ShortRun(InvocationCount=1, IterationCount=3, LaunchCount=1, UnrollFactor=1, WarmupCount=3) [Sessions=1000]
Runtime = .NET 10.0.12 (10.0.12, 10.0.1226.42308), X64 RyuJIT x86-64-v4; GC = Concurrent Workstation
Mean = 83.796 us, StdErr = 15.324 us (18.29%), N = 3, StdDev = 26.542 us
Min = 59.736 us, Q1 = 69.561 us, Median = 79.385 us, Q3 = 95.826 us, Max = 112.269 us
IQR = 26.266 us, LowerFence = 30.162 us, UpperFence = 135.226 us
ConfidenceInterval = [-400.437 us; 568.030 us] (CI 99.9%), Margin = 484.233 us (577.87% of Mean)
Skewness = 0.16, Kurtosis = 0.67, MValue = 2
-------------------- Histogram --------------------
[45.406 us ;  93.715 us) | @@
[93.715 us ; 136.423 us) | @
---------------------------------------------------

SessionSetupDecompositionBenchmarks.StageS1_AdmissionOnlyAsync: ShortRun(InvocationCount=1, IterationCount=3, LaunchCount=1, UnrollFactor=1, WarmupCount=3) [Sessions=1000]
Runtime = .NET 10.0.12 (10.0.12, 10.0.1226.42308), X64 RyuJIT x86-64-v4; GC = Concurrent Workstation
Mean = 2.842 ms, StdErr = 0.347 ms (12.22%), N = 3, StdDev = 0.601 ms
Min = 2.290 ms, Q1 = 2.521 ms, Median = 2.753 ms, Q3 = 3.118 ms, Max = 3.483 ms
IQR = 0.596 ms, LowerFence = 1.627 ms, UpperFence = 4.013 ms
ConfidenceInterval = [-8.132 ms; 13.815 ms] (CI 99.9%), Margin = 10.973 ms (386.12% of Mean)
Skewness = 0.15, Kurtosis = 0.67, MValue = 2
-------------------- Histogram --------------------
[1.974 ms ; 3.069 ms) | @@
[3.069 ms ; 4.031 ms) | @
---------------------------------------------------

SessionSetupDecompositionBenchmarks.StageS2_SetupStartedAsync: ShortRun(InvocationCount=1, IterationCount=3, LaunchCount=1, UnrollFactor=1, WarmupCount=3) [Sessions=1000]
Runtime = .NET 10.0.12 (10.0.12, 10.0.1226.42308), X64 RyuJIT x86-64-v4; GC = Concurrent Workstation
Mean = 82.680 ms, StdErr = 1.358 ms (1.64%), N = 3, StdDev = 2.352 ms
Min = 81.203 ms, Q1 = 81.324 ms, Median = 81.444 ms, Q3 = 83.418 ms, Max = 85.392 ms
IQR = 2.094 ms, LowerFence = 78.182 ms, UpperFence = 86.560 ms
ConfidenceInterval = [39.770 ms; 125.590 ms] (CI 99.9%), Margin = 42.910 ms (51.90% of Mean)
Skewness = 0.38, Kurtosis = 0.67, MValue = 2
-------------------- Histogram --------------------
[81.157 ms ; 85.438 ms) | @@@
---------------------------------------------------

SessionSetupDecompositionBenchmarks.StageS3_PipelineNoPayloadAsync: ShortRun(InvocationCount=1, IterationCount=3, LaunchCount=1, UnrollFactor=1, WarmupCount=3) [Sessions=1000]
Runtime = .NET 10.0.12 (10.0.12, 10.0.1226.42308), X64 RyuJIT x86-64-v4; GC = Concurrent Workstation
Mean = 62.121 ms, StdErr = 1.699 ms (2.73%), N = 3, StdDev = 2.942 ms
Min = 59.178 ms, Q1 = 60.650 ms, Median = 62.122 ms, Q3 = 63.592 ms, Max = 65.062 ms
IQR = 2.942 ms, LowerFence = 56.237 ms, UpperFence = 68.005 ms
ConfidenceInterval = [8.450 ms; 115.792 ms] (CI 99.9%), Margin = 53.671 ms (86.40% of Mean)
Skewness = -0, Kurtosis = 0.67, MValue = 2
-------------------- Histogram --------------------
[56.501 ms ; 60.915 ms) | @
[60.915 ms ; 66.269 ms) | @@
---------------------------------------------------

SessionSetupDecompositionBenchmarks.StageS4_ReadinessTeardownOutsideAsync: ShortRun(InvocationCount=1, IterationCount=3, LaunchCount=1, UnrollFactor=1, WarmupCount=3) [Sessions=1000]
Runtime = .NET 10.0.12 (10.0.12, 10.0.1226.42308), X64 RyuJIT x86-64-v4; GC = Concurrent Workstation
Mean = 72.833 ms, StdErr = 3.915 ms (5.38%), N = 3, StdDev = 6.782 ms
Min = 65.004 ms, Q1 = 70.793 ms, Median = 76.582 ms, Q3 = 76.747 ms, Max = 76.912 ms
IQR = 5.954 ms, LowerFence = 61.863 ms, UpperFence = 85.678 ms
ConfidenceInterval = [-50.890 ms; 196.556 ms] (CI 99.9%), Margin = 123.723 ms (169.87% of Mean)
Skewness = -0.38, Kurtosis = 0.67, MValue = 2
-------------------- Histogram --------------------
[64.787 ms ; 77.130 ms) | @@@
---------------------------------------------------

SessionSetupDecompositionBenchmarks.StageS5_ReadinessTeardownInsideAsync: ShortRun(InvocationCount=1, IterationCount=3, LaunchCount=1, UnrollFactor=1, WarmupCount=3) [Sessions=1000]
Runtime = .NET 10.0.12 (10.0.12, 10.0.1226.42308), X64 RyuJIT x86-64-v4; GC = Concurrent Workstation
Mean = 87.355 ms, StdErr = 4.114 ms (4.71%), N = 3, StdDev = 7.125 ms
Min = 82.915 ms, Q1 = 83.246 ms, Median = 83.577 ms, Q3 = 89.575 ms, Max = 95.573 ms
IQR = 6.329 ms, LowerFence = 73.752 ms, UpperFence = 99.069 ms
ConfidenceInterval = [-42.631 ms; 217.341 ms] (CI 99.9%), Margin = 129.986 ms (148.80% of Mean)
Skewness = 0.38, Kurtosis = 0.67, MValue = 2
-------------------- Histogram --------------------
[82.760 ms ; 95.728 ms) | @@@
---------------------------------------------------

SessionSetupDecompositionBenchmarks.StageT1_SessionTeardownInsideAsync: ShortRun(InvocationCount=1, IterationCount=3, LaunchCount=1, UnrollFactor=1, WarmupCount=3) [Sessions=1000]
Runtime = .NET 10.0.12 (10.0.12, 10.0.1226.42308), X64 RyuJIT x86-64-v4; GC = Concurrent Workstation
Mean = 68.061 ms, StdErr = 18.787 ms (27.60%), N = 3, StdDev = 32.540 ms
Min = 31.012 ms, Q1 = 56.086 ms, Median = 81.161 ms, Q3 = 86.585 ms, Max = 92.009 ms
IQR = 30.498 ms, LowerFence = 10.339 ms, UpperFence = 132.332 ms
ConfidenceInterval = [-525.592 ms; 661.713 ms] (CI 99.9%), Margin = 593.653 ms (872.24% of Mean)
Skewness = -0.34, Kurtosis = 0.67, MValue = 2
-------------------- Histogram --------------------
[ 1.399 ms ;  56.972 ms) | @
[56.972 ms ; 121.621 ms) | @@
---------------------------------------------------

SessionSetupDecompositionBenchmarks.StageT3_ExpiryRetireInsideAsync: ShortRun(InvocationCount=1, IterationCount=3, LaunchCount=1, UnrollFactor=1, WarmupCount=3) [Sessions=1000]
Runtime = .NET 10.0.12 (10.0.12, 10.0.1226.42308), X64 RyuJIT x86-64-v4; GC = Concurrent Workstation
Mean = 132.165 ms, StdErr = 6.547 ms (4.95%), N = 3, StdDev = 11.341 ms
Min = 120.470 ms, Q1 = 126.691 ms, Median = 132.911 ms, Q3 = 138.013 ms, Max = 143.114 ms
IQR = 11.322 ms, LowerFence = 109.708 ms, UpperFence = 154.996 ms
ConfidenceInterval = [-74.728 ms; 339.058 ms] (CI 99.9%), Margin = 206.893 ms (156.54% of Mean)
Skewness = -0.07, Kurtosis = 0.67, MValue = 2
-------------------- Histogram --------------------
[110.150 ms ; 127.692 ms) | @
[127.692 ms ; 148.333 ms) | @@
---------------------------------------------------

SessionSetupDecompositionBenchmarks.StageT5_NonThrowingParkTeardownAsync: ShortRun(InvocationCount=1, IterationCount=3, LaunchCount=1, UnrollFactor=1, WarmupCount=3) [Sessions=1000]
Runtime = .NET 10.0.12 (10.0.12, 10.0.1226.42308), X64 RyuJIT x86-64-v4; GC = Concurrent Workstation
Mean = 9.463 ms, StdErr = 1.145 ms (12.10%), N = 3, StdDev = 1.982 ms
Min = 7.678 ms, Q1 = 8.396 ms, Median = 9.113 ms, Q3 = 10.355 ms, Max = 11.597 ms
IQR = 1.959 ms, LowerFence = 5.457 ms, UpperFence = 13.294 ms
ConfidenceInterval = [-26.704 ms; 45.629 ms] (CI 99.9%), Margin = 36.167 ms (382.20% of Mean)
Skewness = 0.17, Kurtosis = 0.67, MValue = 2
-------------------- Histogram --------------------
[ 6.592 ms ; 10.200 ms) | @@
[10.200 ms ; 13.401 ms) | @
---------------------------------------------------

SessionSetupDecompositionBenchmarks.BaselineF_FakeTransportCreationAsync: ShortRun(InvocationCount=1, IterationCount=3, LaunchCount=1, UnrollFactor=1, WarmupCount=3) [Sessions=1000]
Runtime = .NET 10.0.12 (10.0.12, 10.0.1226.42308), X64 RyuJIT x86-64-v4; GC = Concurrent Workstation
Mean = 152.280 us, StdErr = 34.736 us (22.81%), N = 3, StdDev = 60.165 us
Min = 117.508 us, Q1 = 117.543 us, Median = 117.579 us, Q3 = 169.666 us, Max = 221.752 us
IQR = 52.122 us, LowerFence = 39.361 us, UpperFence = 247.849 us
ConfidenceInterval = [-945.351 us; 1,249.910 us] (CI 99.9%), Margin = 1,097.630 us (720.80% of Mean)
Skewness = 0.38, Kurtosis = 0.67, MValue = 2
-------------------- Histogram --------------------
[114.878 us ; 224.382 us) | @@@
---------------------------------------------------

SessionSetupDecompositionBenchmarks.BaselineH_FlowKeyConstruction: ShortRun(InvocationCount=1, IterationCount=3, LaunchCount=1, UnrollFactor=1, WarmupCount=3) [Sessions=1000]
Runtime = .NET 10.0.12 (10.0.12, 10.0.1226.42308), X64 RyuJIT x86-64-v4; GC = Concurrent Workstation
Mean = 709.265 us, StdErr = 37.917 us (5.35%), N = 3, StdDev = 65.674 us
Min = 658.376 us, Q1 = 672.198 us, Median = 686.020 us, Q3 = 734.710 us, Max = 783.400 us
IQR = 62.512 us, LowerFence = 578.430 us, UpperFence = 828.478 us
ConfidenceInterval = [-488.864 us; 1,907.395 us] (CI 99.9%), Margin = 1,198.129 us (168.93% of Mean)
Skewness = 0.31, Kurtosis = 0.67, MValue = 2
-------------------- Histogram --------------------
[612.433 us ; 731.963 us) | @@
[731.963 us ; 843.165 us) | @
---------------------------------------------------

SessionSetupDecompositionBenchmarks.ComponentC1_AssociationClaimRelease: ShortRun(InvocationCount=1, IterationCount=3, LaunchCount=1, UnrollFactor=1, WarmupCount=3) [Sessions=1000]
Runtime = .NET 10.0.12 (10.0.12, 10.0.1226.42308), X64 RyuJIT x86-64-v4; GC = Concurrent Workstation
Mean = 3.230 ms, StdErr = 0.142 ms (4.41%), N = 3, StdDev = 0.247 ms
Min = 3.086 ms, Q1 = 3.087 ms, Median = 3.089 ms, Q3 = 3.302 ms, Max = 3.515 ms
IQR = 0.215 ms, LowerFence = 2.765 ms, UpperFence = 3.624 ms
ConfidenceInterval = [-1.272 ms; 7.732 ms] (CI 99.9%), Margin = 4.502 ms (139.40% of Mean)
Skewness = 0.38, Kurtosis = 0.67, MValue = 2
-------------------- Histogram --------------------
[3.076 ms ; 3.525 ms) | @@@
---------------------------------------------------

SessionSetupDecompositionBenchmarks.ComponentC2_SessionConstructStartAsync: ShortRun(InvocationCount=1, IterationCount=3, LaunchCount=1, UnrollFactor=1, WarmupCount=3) [Sessions=1000]
Runtime = .NET 10.0.12 (10.0.12, 10.0.1226.42308), X64 RyuJIT x86-64-v4; GC = Concurrent Workstation
Mean = 4.572 ms, StdErr = 0.812 ms (17.76%), N = 3, StdDev = 1.406 ms
Min = 3.705 ms, Q1 = 3.760 ms, Median = 3.815 ms, Q3 = 5.005 ms, Max = 6.194 ms
IQR = 1.244 ms, LowerFence = 1.894 ms, UpperFence = 6.871 ms
ConfidenceInterval = [-21.085 ms; 30.228 ms] (CI 99.9%), Margin = 25.656 ms (561.22% of Mean)
Skewness = 0.38, Kurtosis = 0.67, MValue = 2
-------------------- Histogram --------------------
[3.670 ms ; 6.230 ms) | @@@
---------------------------------------------------

SessionSetupDecompositionBenchmarks.ComponentC2a1_ContextRecordStaticLambda: ShortRun(InvocationCount=1, IterationCount=3, LaunchCount=1, UnrollFactor=1, WarmupCount=3) [Sessions=1000]
Runtime = .NET 10.0.12 (10.0.12, 10.0.1226.42308), X64 RyuJIT x86-64-v4; GC = Concurrent Workstation
Mean = 90.456 us, StdErr = 8.765 us (9.69%), N = 3, StdDev = 15.181 us
Min = 78.612 us, Q1 = 81.899 us, Median = 85.186 us, Q3 = 96.377 us, Max = 107.569 us
IQR = 14.479 us, LowerFence = 60.181 us, UpperFence = 118.095 us
ConfidenceInterval = [-186.497 us; 367.408 us] (CI 99.9%), Margin = 276.953 us (306.18% of Mean)
Skewness = 0.31, Kurtosis = 0.67, MValue = 2
-------------------- Histogram --------------------
[68.084 us ;  95.714 us) | @@
[95.714 us ; 121.384 us) | @
---------------------------------------------------

SessionSetupDecompositionBenchmarks.ComponentC2a2_ContextRecordMethodGroup: ShortRun(InvocationCount=1, IterationCount=3, LaunchCount=1, UnrollFactor=1, WarmupCount=3) [Sessions=1000]
Runtime = .NET 10.0.12 (10.0.12, 10.0.1226.42308), X64 RyuJIT x86-64-v4; GC = Concurrent Workstation
Mean = 84.892 us, StdErr = 3.091 us (3.64%), N = 3, StdDev = 5.354 us
Min = 79.425 us, Q1 = 82.276 us, Median = 85.126 us, Q3 = 87.626 us, Max = 90.126 us
IQR = 5.350 us, LowerFence = 74.251 us, UpperFence = 95.651 us
ConfidenceInterval = [-12.781 us; 182.566 us] (CI 99.9%), Margin = 97.674 us (115.06% of Mean)
Skewness = -0.04, Kurtosis = 0.67, MValue = 2
-------------------- Histogram --------------------
[74.553 us ; 82.754 us) | @
[82.754 us ; 92.498 us) | @@
---------------------------------------------------

SessionSetupDecompositionBenchmarks.ComponentC2b_SessionConstructOnly: ShortRun(InvocationCount=1, IterationCount=3, LaunchCount=1, UnrollFactor=1, WarmupCount=3) [Sessions=1000]
Runtime = .NET 10.0.12 (10.0.12, 10.0.1226.42308), X64 RyuJIT x86-64-v4; GC = Concurrent Workstation
Mean = 2.824 ms, StdErr = 0.450 ms (15.95%), N = 3, StdDev = 0.780 ms
Min = 2.309 ms, Q1 = 2.376 ms, Median = 2.442 ms, Q3 = 3.082 ms, Max = 3.722 ms
IQR = 0.706 ms, LowerFence = 1.316 ms, UpperFence = 4.141 ms
ConfidenceInterval = [-11.406 ms; 17.055 ms] (CI 99.9%), Margin = 14.230 ms (503.86% of Mean)
Skewness = 0.37, Kurtosis = 0.67, MValue = 2
-------------------- Histogram --------------------
[2.306 ms ; 3.725 ms) | @@@
---------------------------------------------------

SessionSetupDecompositionBenchmarks.ComponentC2c1_ScopeConstructLinked: ShortRun(InvocationCount=1, IterationCount=3, LaunchCount=1, UnrollFactor=1, WarmupCount=3) [Sessions=1000]
Runtime = .NET 10.0.12 (10.0.12, 10.0.1226.42308), X64 RyuJIT x86-64-v4; GC = Concurrent Workstation
Mean = 115.568 us, StdErr = 45.343 us (39.23%), N = 3, StdDev = 78.536 us
Min = 69.695 us, Q1 = 70.227 us, Median = 70.758 us, Q3 = 138.505 us, Max = 206.251 us
IQR = 68.278 us, LowerFence = -32.191 us, UpperFence = 240.922 us
ConfidenceInterval = [-1,317.213 us; 1,548.349 us] (CI 99.9%), Margin = 1,432.781 us (1239.77% of Mean)
Skewness = 0.38, Kurtosis = 0.67, MValue = 2
-------------------- Histogram --------------------
[66.503 us ; 209.443 us) | @@@
---------------------------------------------------

SessionSetupDecompositionBenchmarks.ComponentC2c2_ScopeConstructUnlinked: ShortRun(InvocationCount=1, IterationCount=3, LaunchCount=1, UnrollFactor=1, WarmupCount=3) [Sessions=1000]
Runtime = .NET 10.0.12 (10.0.12, 10.0.1226.42308), X64 RyuJIT x86-64-v4; GC = Concurrent Workstation
Mean = 66.113 us, StdErr = 30.926 us (46.78%), N = 3, StdDev = 53.566 us
Min = 34.121 us, Q1 = 35.193 us, Median = 36.265 us, Q3 = 82.109 us, Max = 127.953 us
IQR = 46.916 us, LowerFence = -35.181 us, UpperFence = 152.483 us
ConfidenceInterval = [-911.125 us; 1,043.351 us] (CI 99.9%), Margin = 977.238 us (1478.13% of Mean)
Skewness = 0.38, Kurtosis = 0.67, MValue = 2
-------------------- Histogram --------------------
[32.290 us ; 129.784 us) | @@@
---------------------------------------------------

SessionSetupDecompositionBenchmarks.ComponentC2e_LockConstruction: ShortRun(InvocationCount=1, IterationCount=3, LaunchCount=1, UnrollFactor=1, WarmupCount=3) [Sessions=1000]
Runtime = .NET 10.0.12 (10.0.12, 10.0.1226.42308), X64 RyuJIT x86-64-v4; GC = Concurrent Workstation
Mean = 43.715 us, StdErr = 23.216 us (53.11%), N = 3, StdDev = 40.211 us
Min = 20.169 us, Q1 = 20.500 us, Median = 20.831 us, Q3 = 55.488 us, Max = 90.145 us
IQR = 34.988 us, LowerFence = -31.982 us, UpperFence = 107.970 us
ConfidenceInterval = [-689.887 us; 777.317 us] (CI 99.9%), Margin = 733.602 us (1678.14% of Mean)
Skewness = 0.38, Kurtosis = 0.67, MValue = 2
-------------------- Histogram --------------------
[18.564 us ; 91.751 us) | @@@
---------------------------------------------------

SessionSetupDecompositionBenchmarks.ComponentC2e_TaskCompletionSourceConstruction: ShortRun(InvocationCount=1, IterationCount=3, LaunchCount=1, UnrollFactor=1, WarmupCount=3) [Sessions=1000]
Runtime = .NET 10.0.12 (10.0.12, 10.0.1226.42308), X64 RyuJIT x86-64-v4; GC = Concurrent Workstation
Mean = 266.970 us, StdErr = 233.144 us (87.33%), N = 3, StdDev = 403.818 us
Min = 33.145 us, Q1 = 33.826 us, Median = 34.508 us, Q3 = 383.882 us, Max = 733.258 us
IQR = 350.057 us, LowerFence = -491.259 us, UpperFence = 908.967 us
ConfidenceInterval = [-7,100.165 us; 7,634.105 us] (CI 99.9%), Margin = 7,367.135 us (2759.54% of Mean)
Skewness = 0.38, Kurtosis = 0.67, MValue = 2
-------------------- Histogram --------------------
[15.712 us ; 750.690 us) | @@@
---------------------------------------------------

SessionSetupDecompositionBenchmarks.ComponentC2e_LinkedTokenSourceConstruction: ShortRun(InvocationCount=1, IterationCount=3, LaunchCount=1, UnrollFactor=1, WarmupCount=3) [Sessions=1000]
Runtime = .NET 10.0.12 (10.0.12, 10.0.1226.42308), X64 RyuJIT x86-64-v4; GC = Concurrent Workstation
Mean = 122.642 us, StdErr = 54.470 us (44.41%), N = 3, StdDev = 94.344 us
Min = 67.802 us, Q1 = 68.173 us, Median = 68.544 us, Q3 = 150.062 us, Max = 231.581 us
IQR = 81.889 us, LowerFence = -54.661 us, UpperFence = 272.897 us
ConfidenceInterval = [-1,598.550 us; 1,843.835 us] (CI 99.9%), Margin = 1,721.193 us (1403.42% of Mean)
Skewness = 0.38, Kurtosis = 0.67, MValue = 2
-------------------- Histogram --------------------
[63.835 us ; 235.548 us) | @@@
---------------------------------------------------

// * Summary *

BenchmarkDotNet v0.15.8, Linux NixOS 26.11 (Zokor)
AMD Ryzen 9 9955HX 2.50GHz, 1 CPU, 32 logical and 16 physical cores
.NET SDK 10.0.401
  [Host]   : .NET 10.0.12 (10.0.12, 10.0.1226.42308), X64 RyuJIT x86-64-v4
  ShortRun : .NET 10.0.12 (10.0.12, 10.0.1226.42308), X64 RyuJIT x86-64-v4

Job=ShortRun  InvocationCount=1  IterationCount=3  
LaunchCount=1  UnrollFactor=1  WarmupCount=3  

| Method                                        | Sessions | Mean           | Error          | StdDev         | Median         | Allocated |
|---------------------------------------------- |--------- |---------------:|---------------:|---------------:|---------------:|----------:|
| StageS0_CoordinatorOnly                       | 1        |      35.163 us |     623.409 us |     34.1711 us |      17.008 us |    8280 B |
| StageS1_AdmissionOnlyAsync                    | 1        |      44.245 us |     283.017 us |     15.5131 us |      36.056 us |    7176 B |
| StageS2_SetupStartedAsync                     | 1        |  73,747.333 us |  15,286.873 us |    837.9251 us |  73,349.134 us |   34824 B |
| StageS3_PipelineNoPayloadAsync                | 1        |  31,185.349 us |  14,127.737 us |    774.3889 us |  31,305.826 us |   36784 B |
| StageS4_ReadinessTeardownOutsideAsync         | 1        |  32,683.162 us |  29,916.737 us |  1,639.8373 us |  32,521.198 us |   35072 B |
| StageS5_ReadinessTeardownInsideAsync          | 1        |  47,250.862 us |  21,929.435 us |  1,202.0263 us |  46,567.006 us |  100592 B |
| StageT1_SessionTeardownInsideAsync            | 1        |     394.650 us |   1,331.266 us |     72.9712 us |     368.178 us |    8200 B |
| StageT3_ExpiryRetireInsideAsync               | 1        |  32,589.759 us |  17,181.407 us |    941.7709 us |  32,061.193 us |   38192 B |
| StageT5_NonThrowingParkTeardownAsync          | 1        |     469.005 us |   3,429.772 us |    187.9974 us |     382.505 us |    7960 B |
| BaselineF_FakeTransportCreationAsync          | 1        |       8.134 us |       6.872 us |      0.3767 us |       8.331 us |     136 B |
| BaselineH_FlowKeyConstruction                 | 1        |      19.505 us |      86.761 us |      4.7557 us |      17.003 us |     352 B |
| ComponentC1_AssociationClaimRelease           | 1        |      26.084 us |      45.319 us |      2.4841 us |      27.313 us |    2120 B |
| ComponentC2_SessionConstructStartAsync        | 1        |      50.840 us |     314.801 us |     17.2553 us |      43.325 us |    5832 B |
| ComponentC2a1_ContextRecordStaticLambda       | 1        |      32.067 us |     320.340 us |     17.5589 us |      24.128 us |    4048 B |
| ComponentC2a2_ContextRecordMethodGroup        | 1        |      41.965 us |     341.097 us |     18.6967 us |      51.410 us |    4136 B |
| ComponentC2b_SessionConstructOnly             | 1        |      53.696 us |     785.988 us |     43.0826 us |      30.060 us |    4768 B |
| ComponentC2c1_ScopeConstructLinked            | 1        |       8.035 us |       4.909 us |      0.2691 us |       7.985 us |     416 B |
| ComponentC2c2_ScopeConstructUnlinked          | 1        |       9.128 us |     103.226 us |      5.6582 us |       5.952 us |     208 B |
| ComponentC2e_LockConstruction                 | 1        |      57.652 us |   1,715.055 us |     94.0079 us |       3.406 us |      40 B |
| ComponentC2e_TaskCompletionSourceConstruction | 1        |       5.206 us |      10.087 us |      0.5529 us |       5.146 us |      88 B |
| ComponentC2e_LinkedTokenSourceConstruction    | 1        |       6.168 us |      15.890 us |      0.8710 us |       6.562 us |     352 B |
| StageS0_CoordinatorOnly                       | 100      |      52.055 us |   1,126.749 us |     61.7609 us |      16.432 us |   54456 B |
| StageS1_AdmissionOnlyAsync                    | 100      |     227.660 us |     316.430 us |     17.3446 us |     219.808 us |  134928 B |
| StageS2_SetupStartedAsync                     | 100      |  84,952.153 us |  86,788.707 us |  4,757.1819 us |  87,233.037 us |  220936 B |
| StageS3_PipelineNoPayloadAsync                | 100      |  41,264.733 us |  47,120.942 us |  2,582.8579 us |  40,392.411 us |  481560 B |
| StageS4_ReadinessTeardownOutsideAsync         | 100      |  40,627.873 us |  34,829.030 us |  1,909.0967 us |  41,410.381 us |  461816 B |
| StageS5_ReadinessTeardownInsideAsync          | 100      |  53,522.542 us |  40,373.255 us |  2,212.9944 us |  52,864.116 us |  731496 B |
| StageT1_SessionTeardownInsideAsync            | 100      |   8,199.913 us |  20,805.654 us |  1,140.4281 us |   8,835.610 us |  492280 B |
| StageT3_ExpiryRetireInsideAsync               | 100      |  48,927.644 us |  34,137.609 us |  1,871.1975 us |  48,038.660 us |  717288 B |
| StageT5_NonThrowingParkTeardownAsync          | 100      |   1,579.507 us |   8,312.392 us |    455.6303 us |   1,333.058 us |  362680 B |
| BaselineF_FakeTransportCreationAsync          | 100      |      43.400 us |     813.682 us |     44.6007 us |      18.521 us |   10432 B |
| BaselineH_FlowKeyConstruction                 | 100      |      90.844 us |     544.022 us |     29.8197 us |      78.734 us |   35200 B |
| ComponentC1_AssociationClaimRelease           | 100      |     394.109 us |   1,611.604 us |     88.3374 us |     378.041 us |   82800 B |
| ComponentC2_SessionConstructStartAsync        | 100      |     508.278 us |   2,342.175 us |    128.3825 us |     454.771 us |  271048 B |
| ComponentC2a1_ContextRecordStaticLambda       | 100      |      45.729 us |     456.266 us |     25.0095 us |      36.772 us |   27808 B |
| ComponentC2a2_ContextRecordMethodGroup        | 100      |      47.334 us |     456.272 us |     25.0098 us |      40.634 us |   34232 B |
| ComponentC2b_SessionConstructOnly             | 100      |     246.084 us |     408.650 us |     22.3995 us |     236.546 us |  178112 B |
| ComponentC2c1_ScopeConstructLinked            | 100      |      30.222 us |     540.413 us |     29.6218 us |      13.877 us |   21800 B |
| ComponentC2c2_ScopeConstructUnlinked          | 100      |      18.244 us |     283.456 us |     15.5372 us |      11.808 us |   12088 B |
| ComponentC2e_LockConstruction                 | 100      |       9.134 us |     160.426 us |      8.7935 us |       4.107 us |    4000 B |
| ComponentC2e_TaskCompletionSourceConstruction | 100      |      16.178 us |     298.897 us |     16.3835 us |       7.444 us |    8800 B |
| ComponentC2e_LinkedTokenSourceConstruction    | 100      |      27.211 us |     450.807 us |     24.7102 us |      13.050 us |   15400 B |
| StageS0_CoordinatorOnly                       | 1000     |      83.796 us |     484.233 us |     26.5425 us |      79.385 us |  496680 B |
| StageS1_AdmissionOnlyAsync                    | 1000     |   2,841.961 us |  10,973.477 us |    601.4933 us |   2,752.631 us | 1323552 B |
| StageS2_SetupStartedAsync                     | 1000     |  82,679.906 us |  42,909.871 us |  2,352.0349 us |  81,444.171 us | 1522200 B |
| StageS3_PipelineNoPayloadAsync                | 1000     |  62,120.799 us |  53,671.049 us |  2,941.8913 us |  62,122.403 us | 4564920 B |
| StageS4_ReadinessTeardownOutsideAsync         | 1000     |  72,832.889 us | 123,723.091 us |  6,781.6801 us |  76,582.246 us | 4252360 B |
| StageS5_ReadinessTeardownInsideAsync          | 1000     |  87,355.002 us | 129,986.166 us |  7,124.9804 us |  83,576.865 us | 6307088 B |
| StageT1_SessionTeardownInsideAsync            | 1000     |  68,060.586 us | 593,652.716 us | 32,540.1087 us |  81,160.806 us | 4848792 B |
| StageT3_ExpiryRetireInsideAsync               | 1000     | 132,165.057 us | 206,892.940 us | 11,340.5002 us | 132,911.498 us | 6684512 B |
| StageT5_NonThrowingParkTeardownAsync          | 1000     |   9,462.744 us |  36,166.549 us |  1,982.4106 us |   9,113.446 us | 3552792 B |
| BaselineF_FakeTransportCreationAsync          | 1000     |     152.280 us |   1,097.630 us |     60.1648 us |     117.579 us |  104032 B |
| BaselineH_FlowKeyConstruction                 | 1000     |     709.265 us |   1,198.129 us |     65.6735 us |     686.020 us |  356800 B |
| ComponentC1_AssociationClaimRelease           | 1000     |   3,229.711 us |   4,502.189 us |    246.7802 us |   3,088.864 us |  836016 B |
| ComponentC2_SessionConstructStartAsync        | 1000     |   4,571.527 us |  25,656.429 us |  1,406.3155 us |   3,815.178 us | 2701864 B |
| ComponentC2a1_ContextRecordStaticLambda       | 1000     |      90.456 us |     276.953 us |     15.1807 us |      85.186 us |  243808 B |
| ComponentC2a2_ContextRecordMethodGroup        | 1000     |      84.892 us |      97.674 us |      5.3538 us |      85.126 us |  307832 B |
| ComponentC2b_SessionConstructOnly             | 1000     |   2,824.297 us |  14,230.365 us |    780.0143 us |   2,441.929 us | 1773728 B |
| ComponentC2c1_ScopeConstructLinked            | 1000     |     115.568 us |   1,432.781 us |     78.5356 us |      70.758 us |  216200 B |
| ComponentC2c2_ScopeConstructUnlinked          | 1000     |      66.113 us |     977.238 us |     53.5657 us |      36.265 us |  120088 B |
| ComponentC2e_LockConstruction                 | 1000     |      43.715 us |     733.602 us |     40.2112 us |      20.831 us |   40000 B |
| ComponentC2e_TaskCompletionSourceConstruction | 1000     |     266.970 us |   7,367.135 us |    403.8175 us |      34.508 us |   88000 B |
| ComponentC2e_LinkedTokenSourceConstruction    | 1000     |     122.642 us |   1,721.193 us |     94.3444 us |      68.544 us |  152200 B |

// * Warnings *
MinIterationTime
  SessionSetupDecompositionBenchmarks.StageS0_CoordinatorOnly: ShortRun                       -> The minimum observed iteration time is 14.448us which is very small. It's recommended to increase it to at least 100ms using more operations.
  SessionSetupDecompositionBenchmarks.StageS1_AdmissionOnlyAsync: ShortRun                    -> The minimum observed iteration time is 34.968us which is very small. It's recommended to increase it to at least 100ms using more operations.
  SessionSetupDecompositionBenchmarks.StageS2_SetupStartedAsync: ShortRun                     -> The minimum observed iteration time is 73.183ms which is very small. It's recommended to increase it to at least 100ms using more operations.
  SessionSetupDecompositionBenchmarks.StageS3_PipelineNoPayloadAsync: ShortRun                -> The minimum observed iteration time is 30.358ms which is very small. It's recommended to increase it to at least 100ms using more operations.
  SessionSetupDecompositionBenchmarks.StageS4_ReadinessTeardownOutsideAsync: ShortRun         -> The minimum observed iteration time is 31.131ms which is very small. It's recommended to increase it to at least 100ms using more operations.
  SessionSetupDecompositionBenchmarks.StageS5_ReadinessTeardownInsideAsync: ShortRun          -> The minimum observed iteration time is 46.547ms which is very small. It's recommended to increase it to at least 100ms using more operations.
  SessionSetupDecompositionBenchmarks.StageT1_SessionTeardownInsideAsync: ShortRun            -> The minimum observed iteration time is 339.08us which is very small. It's recommended to increase it to at least 100ms using more operations.
  SessionSetupDecompositionBenchmarks.StageT3_ExpiryRetireInsideAsync: ShortRun               -> The minimum observed iteration time is 32.031ms which is very small. It's recommended to increase it to at least 100ms using more operations.
  SessionSetupDecompositionBenchmarks.StageT5_NonThrowingParkTeardownAsync: ShortRun          -> The minimum observed iteration time is 340.257us which is very small. It's recommended to increase it to at least 100ms using more operations.
  SessionSetupDecompositionBenchmarks.BaselineF_FakeTransportCreationAsync: ShortRun          -> The minimum observed iteration time is 8.116us which is very small. It's recommended to increase it to at least 100ms using more operations.
  SessionSetupDecompositionBenchmarks.BaselineH_FlowKeyConstruction: ShortRun                 -> The minimum observed iteration time is 16.913us which is very small. It's recommended to increase it to at least 100ms using more operations.
  SessionSetupDecompositionBenchmarks.ComponentC1_AssociationClaimRelease: ShortRun           -> The minimum observed iteration time is 23.636us which is very small. It's recommended to increase it to at least 100ms using more operations.
  SessionSetupDecompositionBenchmarks.ComponentC2_SessionConstructStartAsync: ShortRun        -> The minimum observed iteration time is 39.006us which is very small. It's recommended to increase it to at least 100ms using more operations.
  SessionSetupDecompositionBenchmarks.ComponentC2a1_ContextRecordStaticLambda: ShortRun       -> The minimum observed iteration time is 20.299us which is very small. It's recommended to increase it to at least 100ms using more operations.
  SessionSetupDecompositionBenchmarks.ComponentC2a2_ContextRecordMethodGroup: ShortRun        -> The minimum observed iteration time is 20.831us which is very small. It's recommended to increase it to at least 100ms using more operations.
  SessionSetupDecompositionBenchmarks.ComponentC2b_SessionConstructOnly: ShortRun             -> The minimum observed iteration time is 27.974us which is very small. It's recommended to increase it to at least 100ms using more operations.
  SessionSetupDecompositionBenchmarks.ComponentC2c1_ScopeConstructLinked: ShortRun            -> The minimum observed iteration time is 8.186us which is very small. It's recommended to increase it to at least 100ms using more operations.
  SessionSetupDecompositionBenchmarks.ComponentC2c2_ScopeConstructUnlinked: ShortRun          -> The minimum observed iteration time is 6.142us which is very small. It's recommended to increase it to at least 100ms using more operations.
  SessionSetupDecompositionBenchmarks.ComponentC2e_LockConstruction: ShortRun                 -> The minimum observed iteration time is 3.758us which is very small. It's recommended to increase it to at least 100ms using more operations.
  SessionSetupDecompositionBenchmarks.ComponentC2e_TaskCompletionSourceConstruction: ShortRun -> The minimum observed iteration time is 5.241us which is very small. It's recommended to increase it to at least 100ms using more operations.
  SessionSetupDecompositionBenchmarks.ComponentC2e_LinkedTokenSourceConstruction: ShortRun    -> The minimum observed iteration time is 5.571us which is very small. It's recommended to increase it to at least 100ms using more operations.
  SessionSetupDecompositionBenchmarks.StageS0_CoordinatorOnly: ShortRun                       -> The minimum observed iteration time is 16.733us which is very small. It's recommended to increase it to at least 100ms using more operations.
  SessionSetupDecompositionBenchmarks.StageS1_AdmissionOnlyAsync: ShortRun                    -> The minimum observed iteration time is 216.051us which is very small. It's recommended to increase it to at least 100ms using more operations.
  SessionSetupDecompositionBenchmarks.StageS2_SetupStartedAsync: ShortRun                     -> The minimum observed iteration time is 79.484ms which is very small. It's recommended to increase it to at least 100ms using more operations.
  SessionSetupDecompositionBenchmarks.StageS3_PipelineNoPayloadAsync: ShortRun                -> The minimum observed iteration time is 39.231ms which is very small. It's recommended to increase it to at least 100ms using more operations.
  SessionSetupDecompositionBenchmarks.StageS4_ReadinessTeardownOutsideAsync: ShortRun         -> The minimum observed iteration time is 38.452ms which is very small. It's recommended to increase it to at least 100ms using more operations.
  SessionSetupDecompositionBenchmarks.StageS5_ReadinessTeardownInsideAsync: ShortRun          -> The minimum observed iteration time is 51.714ms which is very small. It's recommended to increase it to at least 100ms using more operations.
  SessionSetupDecompositionBenchmarks.StageT1_SessionTeardownInsideAsync: ShortRun            -> The minimum observed iteration time is 6.884ms which is very small. It's recommended to increase it to at least 100ms using more operations.
  SessionSetupDecompositionBenchmarks.StageT3_ExpiryRetireInsideAsync: ShortRun               -> The minimum observed iteration time is 47.667ms which is very small. It's recommended to increase it to at least 100ms using more operations.
  SessionSetupDecompositionBenchmarks.StageT5_NonThrowingParkTeardownAsync: ShortRun          -> The minimum observed iteration time is 1.301ms which is very small. It's recommended to increase it to at least 100ms using more operations.
  SessionSetupDecompositionBenchmarks.BaselineF_FakeTransportCreationAsync: ShortRun          -> The minimum observed iteration time is 17.203us which is very small. It's recommended to increase it to at least 100ms using more operations.
  SessionSetupDecompositionBenchmarks.BaselineH_FlowKeyConstruction: ShortRun                 -> The minimum observed iteration time is 69.405us which is very small. It's recommended to increase it to at least 100ms using more operations.
  SessionSetupDecompositionBenchmarks.ComponentC1_AssociationClaimRelease: ShortRun           -> The minimum observed iteration time is 315.325us which is very small. It's recommended to increase it to at least 100ms using more operations.
  SessionSetupDecompositionBenchmarks.ComponentC2_SessionConstructStartAsync: ShortRun        -> The minimum observed iteration time is 415.71us which is very small. It's recommended to increase it to at least 100ms using more operations.
  SessionSetupDecompositionBenchmarks.ComponentC2a1_ContextRecordStaticLambda: ShortRun       -> The minimum observed iteration time is 26.853us which is very small. It's recommended to increase it to at least 100ms using more operations.
  SessionSetupDecompositionBenchmarks.ComponentC2a2_ContextRecordMethodGroup: ShortRun        -> The minimum observed iteration time is 26.742us which is very small. It's recommended to increase it to at least 100ms using more operations.
  SessionSetupDecompositionBenchmarks.ComponentC2b_SessionConstructOnly: ShortRun             -> The minimum observed iteration time is 230.439us which is very small. It's recommended to increase it to at least 100ms using more operations.
  SessionSetupDecompositionBenchmarks.ComponentC2c1_ScopeConstructLinked: ShortRun            -> The minimum observed iteration time is 12.784us which is very small. It's recommended to increase it to at least 100ms using more operations.
  SessionSetupDecompositionBenchmarks.ComponentC2c2_ScopeConstructUnlinked: ShortRun          -> The minimum observed iteration time is 7.485us which is very small. It's recommended to increase it to at least 100ms using more operations.
  SessionSetupDecompositionBenchmarks.ComponentC2e_LockConstruction: ShortRun                 -> The minimum observed iteration time is 4.409us which is very small. It's recommended to increase it to at least 100ms using more operations.
  SessionSetupDecompositionBenchmarks.ComponentC2e_TaskCompletionSourceConstruction: ShortRun -> The minimum observed iteration time is 6.423us which is very small. It's recommended to increase it to at least 100ms using more operations.
  SessionSetupDecompositionBenchmarks.ComponentC2e_LinkedTokenSourceConstruction: ShortRun    -> The minimum observed iteration time is 13.246us which is very small. It's recommended to increase it to at least 100ms using more operations.
  SessionSetupDecompositionBenchmarks.StageS0_CoordinatorOnly: ShortRun                       -> The minimum observed iteration time is 60.157us which is very small. It's recommended to increase it to at least 100ms using more operations.
  SessionSetupDecompositionBenchmarks.StageS1_AdmissionOnlyAsync: ShortRun                    -> The minimum observed iteration time is 2.291ms which is very small. It's recommended to increase it to at least 100ms using more operations.
  SessionSetupDecompositionBenchmarks.StageS2_SetupStartedAsync: ShortRun                     -> The minimum observed iteration time is 81.204ms which is very small. It's recommended to increase it to at least 100ms using more operations.
  SessionSetupDecompositionBenchmarks.StageS3_PipelineNoPayloadAsync: ShortRun                -> The minimum observed iteration time is 59.179ms which is very small. It's recommended to increase it to at least 100ms using more operations.
  SessionSetupDecompositionBenchmarks.StageS4_ReadinessTeardownOutsideAsync: ShortRun         -> The minimum observed iteration time is 65.005ms which is very small. It's recommended to increase it to at least 100ms using more operations.
  SessionSetupDecompositionBenchmarks.StageS5_ReadinessTeardownInsideAsync: ShortRun          -> The minimum observed iteration time is 82.915ms which is very small. It's recommended to increase it to at least 100ms using more operations.
  SessionSetupDecompositionBenchmarks.StageT1_SessionTeardownInsideAsync: ShortRun            -> The minimum observed iteration time is 31.013ms which is very small. It's recommended to increase it to at least 100ms using more operations.
  SessionSetupDecompositionBenchmarks.StageT5_NonThrowingParkTeardownAsync: ShortRun          -> The minimum observed iteration time is 7.679ms which is very small. It's recommended to increase it to at least 100ms using more operations.
  SessionSetupDecompositionBenchmarks.BaselineF_FakeTransportCreationAsync: ShortRun          -> The minimum observed iteration time is 117.939us which is very small. It's recommended to increase it to at least 100ms using more operations.
  SessionSetupDecompositionBenchmarks.BaselineH_FlowKeyConstruction: ShortRun                 -> The minimum observed iteration time is 658.832us which is very small. It's recommended to increase it to at least 100ms using more operations.
  SessionSetupDecompositionBenchmarks.ComponentC1_AssociationClaimRelease: ShortRun           -> The minimum observed iteration time is 3.086ms which is very small. It's recommended to increase it to at least 100ms using more operations.
  SessionSetupDecompositionBenchmarks.ComponentC2_SessionConstructStartAsync: ShortRun        -> The minimum observed iteration time is 3.706ms which is very small. It's recommended to increase it to at least 100ms using more operations.
  SessionSetupDecompositionBenchmarks.ComponentC2a1_ContextRecordStaticLambda: ShortRun       -> The minimum observed iteration time is 79.003us which is very small. It's recommended to increase it to at least 100ms using more operations.
  SessionSetupDecompositionBenchmarks.ComponentC2a2_ContextRecordMethodGroup: ShortRun        -> The minimum observed iteration time is 79.846us which is very small. It's recommended to increase it to at least 100ms using more operations.
  SessionSetupDecompositionBenchmarks.ComponentC2b_SessionConstructOnly: ShortRun             -> The minimum observed iteration time is 2.31ms which is very small. It's recommended to increase it to at least 100ms using more operations.
  SessionSetupDecompositionBenchmarks.ComponentC2c1_ScopeConstructLinked: ShortRun            -> The minimum observed iteration time is 70.076us which is very small. It's recommended to increase it to at least 100ms using more operations.
  SessionSetupDecompositionBenchmarks.ComponentC2c2_ScopeConstructUnlinked: ShortRun          -> The minimum observed iteration time is 34.427us which is very small. It's recommended to increase it to at least 100ms using more operations.
  SessionSetupDecompositionBenchmarks.ComponentC2e_LockConstruction: ShortRun                 -> The minimum observed iteration time is 20.59us which is very small. It's recommended to increase it to at least 100ms using more operations.
  SessionSetupDecompositionBenchmarks.ComponentC2e_TaskCompletionSourceConstruction: ShortRun -> The minimum observed iteration time is 33.475us which is very small. It's recommended to increase it to at least 100ms using more operations.
  SessionSetupDecompositionBenchmarks.ComponentC2e_LinkedTokenSourceConstruction: ShortRun    -> The minimum observed iteration time is 68.283us which is very small. It's recommended to increase it to at least 100ms using more operations.

// * Legends *
  Sessions  : Value of the 'Sessions' parameter
  Mean      : Arithmetic mean of all measurements
  Error     : Half of 99.9% confidence interval
  StdDev    : Standard deviation of all measurements
  Median    : Value separating the higher half of all measurements (50th percentile)
  Allocated : Allocated memory per single operation (managed only, inclusive, 1KB = 1024B)
  1 us      : 1 Microsecond (0.000001 sec)

// * Diagnostic Output - MemoryDiagnoser *


// ***** BenchmarkRunner: End *****
Run time: 00:00:32 (32.25 sec), executed benchmarks: 63

Global total time: 00:01:10 (70.37 sec), executed benchmarks: 63
// * Artifacts cleanup *
Artifacts cleanup is finished
