// Validating benchmarks:
// ***** BenchmarkRunner: Start   *****
// ***** Found 30 benchmark(s) in total *****
// ***** Building 1 exe(s) in Parallel: Start   *****
// start dotnet  restore --nodeReuse:false /p:UseSharedCompilation=false /p:Deterministic=true /p:Optimize=true /p:ArtifactsPath="/home/paff/Projects/WinForward/benchmarks/WinForward.Benchmarks/bin/Release/net10.0/WinForward.Benchmarks-ShortRun-1/" /p:OutDir="/home/paff/Projects/WinForward/benchmarks/WinForward.Benchmarks/bin/Release/net10.0/WinForward.Benchmarks-ShortRun-1/bin/Release/net10.0/" /p:OutputPath="/home/paff/Projects/WinForward/benchmarks/WinForward.Benchmarks/bin/Release/net10.0/WinForward.Benchmarks-ShortRun-1/bin/Release/net10.0/" /p:PublishDir="/home/paff/Projects/WinForward/benchmarks/WinForward.Benchmarks/bin/Release/net10.0/WinForward.Benchmarks-ShortRun-1/publish/" in /home/paff/Projects/WinForward/benchmarks/WinForward.Benchmarks/bin/Release/net10.0/WinForward.Benchmarks-ShortRun-1
// command took 2.97 sec and exited with 0
// start dotnet  build -c Release --no-restore --nodeReuse:false /p:UseSharedCompilation=false /p:Deterministic=true /p:Optimize=true /p:ArtifactsPath="/home/paff/Projects/WinForward/benchmarks/WinForward.Benchmarks/bin/Release/net10.0/WinForward.Benchmarks-ShortRun-1/" /p:OutDir="/home/paff/Projects/WinForward/benchmarks/WinForward.Benchmarks/bin/Release/net10.0/WinForward.Benchmarks-ShortRun-1/bin/Release/net10.0/" /p:OutputPath="/home/paff/Projects/WinForward/benchmarks/WinForward.Benchmarks/bin/Release/net10.0/WinForward.Benchmarks-ShortRun-1/bin/Release/net10.0/" /p:PublishDir="/home/paff/Projects/WinForward/benchmarks/WinForward.Benchmarks/bin/Release/net10.0/WinForward.Benchmarks-ShortRun-1/publish/" --output "/home/paff/Projects/WinForward/benchmarks/WinForward.Benchmarks/bin/Release/net10.0/WinForward.Benchmarks-ShortRun-1/bin/Release/net10.0/" in /home/paff/Projects/WinForward/benchmarks/WinForward.Benchmarks/bin/Release/net10.0/WinForward.Benchmarks-ShortRun-1
// command took 34.29 sec and exited with 0
// ***** Done, took 00:00:37 (37.42 sec)   *****
// Found 30 benchmarks:
//   SessionSetupDecompositionBenchmarks.StageS0_CoordinatorOnly: ShortRun(InvocationCount=1, IterationCount=3, LaunchCount=1, UnrollFactor=1, WarmupCount=3) [Sessions=1]
//   SessionSetupDecompositionBenchmarks.StageS1_AdmissionOnlyAsync: ShortRun(InvocationCount=1, IterationCount=3, LaunchCount=1, UnrollFactor=1, WarmupCount=3) [Sessions=1]
//   SessionSetupDecompositionBenchmarks.StageS2_SetupStartedAsync: ShortRun(InvocationCount=1, IterationCount=3, LaunchCount=1, UnrollFactor=1, WarmupCount=3) [Sessions=1]
//   SessionSetupDecompositionBenchmarks.StageS3_PipelineNoPayloadAsync: ShortRun(InvocationCount=1, IterationCount=3, LaunchCount=1, UnrollFactor=1, WarmupCount=3) [Sessions=1]
//   SessionSetupDecompositionBenchmarks.StageS4_ReadinessTeardownOutsideAsync: ShortRun(InvocationCount=1, IterationCount=3, LaunchCount=1, UnrollFactor=1, WarmupCount=3) [Sessions=1]
//   SessionSetupDecompositionBenchmarks.StageS5_ReadinessTeardownInsideAsync: ShortRun(InvocationCount=1, IterationCount=3, LaunchCount=1, UnrollFactor=1, WarmupCount=3) [Sessions=1]
//   SessionSetupDecompositionBenchmarks.BaselineF_FakeTransportCreationAsync: ShortRun(InvocationCount=1, IterationCount=3, LaunchCount=1, UnrollFactor=1, WarmupCount=3) [Sessions=1]
//   SessionSetupDecompositionBenchmarks.BaselineH_FlowKeyConstruction: ShortRun(InvocationCount=1, IterationCount=3, LaunchCount=1, UnrollFactor=1, WarmupCount=3) [Sessions=1]
//   SessionSetupDecompositionBenchmarks.ComponentC1_AssociationClaimRelease: ShortRun(InvocationCount=1, IterationCount=3, LaunchCount=1, UnrollFactor=1, WarmupCount=3) [Sessions=1]
//   SessionSetupDecompositionBenchmarks.ComponentC2_SessionConstructStartAsync: ShortRun(InvocationCount=1, IterationCount=3, LaunchCount=1, UnrollFactor=1, WarmupCount=3) [Sessions=1]
//   SessionSetupDecompositionBenchmarks.StageS0_CoordinatorOnly: ShortRun(InvocationCount=1, IterationCount=3, LaunchCount=1, UnrollFactor=1, WarmupCount=3) [Sessions=100]
//   SessionSetupDecompositionBenchmarks.StageS1_AdmissionOnlyAsync: ShortRun(InvocationCount=1, IterationCount=3, LaunchCount=1, UnrollFactor=1, WarmupCount=3) [Sessions=100]
//   SessionSetupDecompositionBenchmarks.StageS2_SetupStartedAsync: ShortRun(InvocationCount=1, IterationCount=3, LaunchCount=1, UnrollFactor=1, WarmupCount=3) [Sessions=100]
//   SessionSetupDecompositionBenchmarks.StageS3_PipelineNoPayloadAsync: ShortRun(InvocationCount=1, IterationCount=3, LaunchCount=1, UnrollFactor=1, WarmupCount=3) [Sessions=100]
//   SessionSetupDecompositionBenchmarks.StageS4_ReadinessTeardownOutsideAsync: ShortRun(InvocationCount=1, IterationCount=3, LaunchCount=1, UnrollFactor=1, WarmupCount=3) [Sessions=100]
//   SessionSetupDecompositionBenchmarks.StageS5_ReadinessTeardownInsideAsync: ShortRun(InvocationCount=1, IterationCount=3, LaunchCount=1, UnrollFactor=1, WarmupCount=3) [Sessions=100]
//   SessionSetupDecompositionBenchmarks.BaselineF_FakeTransportCreationAsync: ShortRun(InvocationCount=1, IterationCount=3, LaunchCount=1, UnrollFactor=1, WarmupCount=3) [Sessions=100]
//   SessionSetupDecompositionBenchmarks.BaselineH_FlowKeyConstruction: ShortRun(InvocationCount=1, IterationCount=3, LaunchCount=1, UnrollFactor=1, WarmupCount=3) [Sessions=100]
//   SessionSetupDecompositionBenchmarks.ComponentC1_AssociationClaimRelease: ShortRun(InvocationCount=1, IterationCount=3, LaunchCount=1, UnrollFactor=1, WarmupCount=3) [Sessions=100]
//   SessionSetupDecompositionBenchmarks.ComponentC2_SessionConstructStartAsync: ShortRun(InvocationCount=1, IterationCount=3, LaunchCount=1, UnrollFactor=1, WarmupCount=3) [Sessions=100]
//   SessionSetupDecompositionBenchmarks.StageS0_CoordinatorOnly: ShortRun(InvocationCount=1, IterationCount=3, LaunchCount=1, UnrollFactor=1, WarmupCount=3) [Sessions=1000]
//   SessionSetupDecompositionBenchmarks.StageS1_AdmissionOnlyAsync: ShortRun(InvocationCount=1, IterationCount=3, LaunchCount=1, UnrollFactor=1, WarmupCount=3) [Sessions=1000]
//   SessionSetupDecompositionBenchmarks.StageS2_SetupStartedAsync: ShortRun(InvocationCount=1, IterationCount=3, LaunchCount=1, UnrollFactor=1, WarmupCount=3) [Sessions=1000]
//   SessionSetupDecompositionBenchmarks.StageS3_PipelineNoPayloadAsync: ShortRun(InvocationCount=1, IterationCount=3, LaunchCount=1, UnrollFactor=1, WarmupCount=3) [Sessions=1000]
//   SessionSetupDecompositionBenchmarks.StageS4_ReadinessTeardownOutsideAsync: ShortRun(InvocationCount=1, IterationCount=3, LaunchCount=1, UnrollFactor=1, WarmupCount=3) [Sessions=1000]
//   SessionSetupDecompositionBenchmarks.StageS5_ReadinessTeardownInsideAsync: ShortRun(InvocationCount=1, IterationCount=3, LaunchCount=1, UnrollFactor=1, WarmupCount=3) [Sessions=1000]
//   SessionSetupDecompositionBenchmarks.BaselineF_FakeTransportCreationAsync: ShortRun(InvocationCount=1, IterationCount=3, LaunchCount=1, UnrollFactor=1, WarmupCount=3) [Sessions=1000]
//   SessionSetupDecompositionBenchmarks.BaselineH_FlowKeyConstruction: ShortRun(InvocationCount=1, IterationCount=3, LaunchCount=1, UnrollFactor=1, WarmupCount=3) [Sessions=1000]
//   SessionSetupDecompositionBenchmarks.ComponentC1_AssociationClaimRelease: ShortRun(InvocationCount=1, IterationCount=3, LaunchCount=1, UnrollFactor=1, WarmupCount=3) [Sessions=1000]
//   SessionSetupDecompositionBenchmarks.ComponentC2_SessionConstructStartAsync: ShortRun(InvocationCount=1, IterationCount=3, LaunchCount=1, UnrollFactor=1, WarmupCount=3) [Sessions=1000]

// **************************
// Benchmark: SessionSetupDecompositionBenchmarks.StageS0_CoordinatorOnly: ShortRun(InvocationCount=1, IterationCount=3, LaunchCount=1, UnrollFactor=1, WarmupCount=3) [Sessions=1]
// *** Execute ***
// Launch: 1 / 1
// Execute: dotnet WinForward.Benchmarks-ShortRun-1.dll --anonymousPipes 122 123 --benchmarkName "WinForward.Benchmarks.Perf.SessionSetupDecompositionBenchmarks.StageS0_CoordinatorOnly(Sessions: 1)" --job ShortRun --benchmarkId 0 in /home/paff/Projects/WinForward/benchmarks/WinForward.Benchmarks/bin/Release/net10.0/WinForward.Benchmarks-ShortRun-1/bin/Release/net10.0
// Failed to set up high priority (Permission denied). In order to run benchmarks with high priority, make sure you have the right permissions.
// BeforeAnythingElse

// Benchmark Process Environment Information:
// BenchmarkDotNet v0.15.8
// Runtime=.NET 10.0.12 (10.0.12, 10.0.1226.42308), X64 RyuJIT x86-64-v4
// GC=Concurrent Workstation
// HardwareIntrinsics=AVX512 BITALG+VBMI2+VNNI+VPOPCNTDQ,AVX512 IFMA+VBMI,AVX512 F+BW+CD+DQ+VL,AVX2+BMI1+BMI2+F16C+FMA+LZCNT+MOVBE,AVX,SSE3+SSSE3+SSE4.1+SSE4.2+POPCNT,X86Base+SSE+SSE2,AES+PCLMUL,AvxVnni VectorSize=256
// Job: ShortRun(InvocationCount=1, IterationCount=3, LaunchCount=1, UnrollFactor=1, WarmupCount=3)

OverheadJitting  1: 1 op, 288401.00 ns, 288.4010 us/op
WorkloadJitting  1: 1 op, 9513974.00 ns, 9.5140 ms/op

OverheadWarmup   1: 1 op, 651.00 ns, 651.0000 ns/op
OverheadWarmup   2: 1 op, 531.00 ns, 531.0000 ns/op
OverheadWarmup   3: 1 op, 451.00 ns, 451.0000 ns/op
OverheadWarmup   4: 1 op, 511.00 ns, 511.0000 ns/op
OverheadWarmup   5: 1 op, 401.00 ns, 401.0000 ns/op
OverheadWarmup   6: 1 op, 291.00 ns, 291.0000 ns/op
OverheadWarmup   7: 1 op, 240.00 ns, 240.0000 ns/op
OverheadWarmup   8: 1 op, 481.00 ns, 481.0000 ns/op
OverheadWarmup   9: 1 op, 301.00 ns, 301.0000 ns/op

OverheadActual   1: 1 op, 421.00 ns, 421.0000 ns/op
OverheadActual   2: 1 op, 431.00 ns, 431.0000 ns/op
OverheadActual   3: 1 op, 400.00 ns, 400.0000 ns/op
OverheadActual   4: 1 op, 400.00 ns, 400.0000 ns/op
OverheadActual   5: 1 op, 401.00 ns, 401.0000 ns/op
OverheadActual   6: 1 op, 311.00 ns, 311.0000 ns/op
OverheadActual   7: 1 op, 311.00 ns, 311.0000 ns/op
OverheadActual   8: 1 op, 842.00 ns, 842.0000 ns/op
OverheadActual   9: 1 op, 791.00 ns, 791.0000 ns/op
OverheadActual  10: 1 op, 310.00 ns, 310.0000 ns/op
OverheadActual  11: 1 op, 461.00 ns, 461.0000 ns/op
OverheadActual  12: 1 op, 301.00 ns, 301.0000 ns/op
OverheadActual  13: 1 op, 301.00 ns, 301.0000 ns/op
OverheadActual  14: 1 op, 541.00 ns, 541.0000 ns/op
OverheadActual  15: 1 op, 481.00 ns, 481.0000 ns/op
OverheadActual  16: 1 op, 431.00 ns, 431.0000 ns/op
OverheadActual  17: 1 op, 451.00 ns, 451.0000 ns/op
OverheadActual  18: 1 op, 441.00 ns, 441.0000 ns/op
OverheadActual  19: 1 op, 430.00 ns, 430.0000 ns/op
OverheadActual  20: 1 op, 291.00 ns, 291.0000 ns/op

WorkloadWarmup   1: 1 op, 64912.00 ns, 64.9120 us/op
WorkloadWarmup   2: 1 op, 16020.00 ns, 16.0200 us/op
WorkloadWarmup   3: 1 op, 15188.00 ns, 15.1880 us/op

// BeforeActualRun
WorkloadActual   1: 1 op, 51407.00 ns, 51.4070 us/op
WorkloadActual   2: 1 op, 15539.00 ns, 15.5390 us/op
WorkloadActual   3: 1 op, 14808.00 ns, 14.8080 us/op

// AfterActualRun
WorkloadResult   1: 1 op, 50981.50 ns, 50.9815 us/op
WorkloadResult   2: 1 op, 15113.50 ns, 15.1135 us/op
WorkloadResult   3: 1 op, 14382.50 ns, 14.3825 us/op
// GC:  0 0 0 8280 1
// Threading:  0 0 1

// AfterAll
// Benchmark Process 453705 has exited with code 0.

Mean = 26.826 us, StdErr = 12.080 us (45.03%), N = 3, StdDev = 20.923 us
Min = 14.383 us, Q1 = 14.748 us, Median = 15.114 us, Q3 = 33.047 us, Max = 50.981 us
IQR = 18.299 us, LowerFence = -12.701 us, UpperFence = 60.497 us
ConfidenceInterval = [-354.881 us; 408.532 us] (CI 99.9%), Margin = 381.706 us (1422.91% of Mean)
Skewness = 0.38, Kurtosis = 0.67, MValue = 2

// ** Remained 29 (96.7%) benchmark(s) to run. Estimated finish 2026-09-22 0:52 (0h 0m from now) **
// **************************
// Benchmark: SessionSetupDecompositionBenchmarks.StageS1_AdmissionOnlyAsync: ShortRun(InvocationCount=1, IterationCount=3, LaunchCount=1, UnrollFactor=1, WarmupCount=3) [Sessions=1]
// *** Execute ***
// Launch: 1 / 1
// Execute: dotnet WinForward.Benchmarks-ShortRun-1.dll --anonymousPipes 122 123 --benchmarkName "WinForward.Benchmarks.Perf.SessionSetupDecompositionBenchmarks.StageS1_AdmissionOnlyAsync(Sessions: 1)" --job ShortRun --benchmarkId 1 in /home/paff/Projects/WinForward/benchmarks/WinForward.Benchmarks/bin/Release/net10.0/WinForward.Benchmarks-ShortRun-1/bin/Release/net10.0
// Failed to set up high priority (Permission denied). In order to run benchmarks with high priority, make sure you have the right permissions.
// BeforeAnythingElse

// Benchmark Process Environment Information:
// BenchmarkDotNet v0.15.8
// Runtime=.NET 10.0.12 (10.0.12, 10.0.1226.42308), X64 RyuJIT x86-64-v4
// GC=Concurrent Workstation
// HardwareIntrinsics=AVX512 BITALG+VBMI2+VNNI+VPOPCNTDQ,AVX512 IFMA+VBMI,AVX512 F+BW+CD+DQ+VL,AVX2+BMI1+BMI2+F16C+FMA+LZCNT+MOVBE,AVX,SSE3+SSSE3+SSE4.1+SSE4.2+POPCNT,X86Base+SSE+SSE2,AES+PCLMUL,AvxVnni VectorSize=256
// Job: ShortRun(InvocationCount=1, IterationCount=3, LaunchCount=1, UnrollFactor=1, WarmupCount=3)

OverheadJitting  1: 1 op, 312726.00 ns, 312.7260 us/op
WorkloadJitting  1: 1 op, 25187954.00 ns, 25.1880 ms/op

OverheadWarmup   1: 1 op, 511.00 ns, 511.0000 ns/op
OverheadWarmup   2: 1 op, 281.00 ns, 281.0000 ns/op
OverheadWarmup   3: 1 op, 280.00 ns, 280.0000 ns/op
OverheadWarmup   4: 1 op, 361.00 ns, 361.0000 ns/op
OverheadWarmup   5: 1 op, 381.00 ns, 381.0000 ns/op
OverheadWarmup   6: 1 op, 371.00 ns, 371.0000 ns/op
OverheadWarmup   7: 1 op, 401.00 ns, 401.0000 ns/op
OverheadWarmup   8: 1 op, 391.00 ns, 391.0000 ns/op

OverheadActual   1: 1 op, 431.00 ns, 431.0000 ns/op
OverheadActual   2: 1 op, 461.00 ns, 461.0000 ns/op
OverheadActual   3: 1 op, 421.00 ns, 421.0000 ns/op
OverheadActual   4: 1 op, 431.00 ns, 431.0000 ns/op
OverheadActual   5: 1 op, 401.00 ns, 401.0000 ns/op
OverheadActual   6: 1 op, 381.00 ns, 381.0000 ns/op
OverheadActual   7: 1 op, 371.00 ns, 371.0000 ns/op
OverheadActual   8: 1 op, 360.00 ns, 360.0000 ns/op
OverheadActual   9: 1 op, 401.00 ns, 401.0000 ns/op
OverheadActual  10: 1 op, 451.00 ns, 451.0000 ns/op
OverheadActual  11: 1 op, 371.00 ns, 371.0000 ns/op
OverheadActual  12: 1 op, 451.00 ns, 451.0000 ns/op
OverheadActual  13: 1 op, 391.00 ns, 391.0000 ns/op
OverheadActual  14: 1 op, 401.00 ns, 401.0000 ns/op
OverheadActual  15: 1 op, 441.00 ns, 441.0000 ns/op
OverheadActual  16: 1 op, 511.00 ns, 511.0000 ns/op
OverheadActual  17: 1 op, 642.00 ns, 642.0000 ns/op
OverheadActual  18: 1 op, 621.00 ns, 621.0000 ns/op
OverheadActual  19: 1 op, 381.00 ns, 381.0000 ns/op
OverheadActual  20: 1 op, 431.00 ns, 431.0000 ns/op

WorkloadWarmup   1: 1 op, 140995.00 ns, 140.9950 us/op
WorkloadWarmup   2: 1 op, 36859.00 ns, 36.8590 us/op
WorkloadWarmup   3: 1 op, 86462.00 ns, 86.4620 us/op

// BeforeActualRun
WorkloadActual   1: 1 op, 63920.00 ns, 63.9200 us/op
WorkloadActual   2: 1 op, 34595.00 ns, 34.5950 us/op
WorkloadActual   3: 1 op, 33713.00 ns, 33.7130 us/op

// AfterActualRun
WorkloadResult   1: 1 op, 63494.00 ns, 63.4940 us/op
WorkloadResult   2: 1 op, 34169.00 ns, 34.1690 us/op
WorkloadResult   3: 1 op, 33287.00 ns, 33.2870 us/op
// GC:  0 0 0 7176 1
// Threading:  0 0 1

// AfterAll
// Benchmark Process 453720 has exited with code 0.

Mean = 43.650 us, StdErr = 9.925 us (22.74%), N = 3, StdDev = 17.191 us
Min = 33.287 us, Q1 = 33.728 us, Median = 34.169 us, Q3 = 48.831 us, Max = 63.494 us
IQR = 15.104 us, LowerFence = 11.073 us, UpperFence = 71.487 us
ConfidenceInterval = [-269.979 us; 357.279 us] (CI 99.9%), Margin = 313.629 us (718.51% of Mean)
Skewness = 0.38, Kurtosis = 0.67, MValue = 2

// ** Remained 28 (93.3%) benchmark(s) to run. Estimated finish 2026-09-22 0:52 (0h 0m from now) **
// **************************
// Benchmark: SessionSetupDecompositionBenchmarks.StageS2_SetupStartedAsync: ShortRun(InvocationCount=1, IterationCount=3, LaunchCount=1, UnrollFactor=1, WarmupCount=3) [Sessions=1]
// *** Execute ***
// Launch: 1 / 1
// Execute: dotnet WinForward.Benchmarks-ShortRun-1.dll --anonymousPipes 122 123 --benchmarkName "WinForward.Benchmarks.Perf.SessionSetupDecompositionBenchmarks.StageS2_SetupStartedAsync(Sessions: 1)" --job ShortRun --benchmarkId 2 in /home/paff/Projects/WinForward/benchmarks/WinForward.Benchmarks/bin/Release/net10.0/WinForward.Benchmarks-ShortRun-1/bin/Release/net10.0
// Failed to set up high priority (Permission denied). In order to run benchmarks with high priority, make sure you have the right permissions.
// BeforeAnythingElse

// Benchmark Process Environment Information:
// BenchmarkDotNet v0.15.8
// Runtime=.NET 10.0.12 (10.0.12, 10.0.1226.42308), X64 RyuJIT x86-64-v4
// GC=Concurrent Workstation
// HardwareIntrinsics=AVX512 BITALG+VBMI2+VNNI+VPOPCNTDQ,AVX512 IFMA+VBMI,AVX512 F+BW+CD+DQ+VL,AVX2+BMI1+BMI2+F16C+FMA+LZCNT+MOVBE,AVX,SSE3+SSSE3+SSE4.1+SSE4.2+POPCNT,X86Base+SSE+SSE2,AES+PCLMUL,AvxVnni VectorSize=256
// Job: ShortRun(InvocationCount=1, IterationCount=3, LaunchCount=1, UnrollFactor=1, WarmupCount=3)

OverheadJitting  1: 1 op, 262432.00 ns, 262.4320 us/op
WorkloadJitting  1: 1 op, 108231576.00 ns, 108.2316 ms/op

OverheadWarmup   1: 1 op, 791.00 ns, 791.0000 ns/op
OverheadWarmup   2: 1 op, 381.00 ns, 381.0000 ns/op
OverheadWarmup   3: 1 op, 391.00 ns, 391.0000 ns/op
OverheadWarmup   4: 1 op, 411.00 ns, 411.0000 ns/op
OverheadWarmup   5: 1 op, 271.00 ns, 271.0000 ns/op
OverheadWarmup   6: 1 op, 391.00 ns, 391.0000 ns/op
OverheadWarmup   7: 1 op, 431.00 ns, 431.0000 ns/op
OverheadWarmup   8: 1 op, 381.00 ns, 381.0000 ns/op

OverheadActual   1: 1 op, 401.00 ns, 401.0000 ns/op
OverheadActual   2: 1 op, 401.00 ns, 401.0000 ns/op
OverheadActual   3: 1 op, 451.00 ns, 451.0000 ns/op
OverheadActual   4: 1 op, 370.00 ns, 370.0000 ns/op
OverheadActual   5: 1 op, 350.00 ns, 350.0000 ns/op
OverheadActual   6: 1 op, 441.00 ns, 441.0000 ns/op
OverheadActual   7: 1 op, 481.00 ns, 481.0000 ns/op
OverheadActual   8: 1 op, 441.00 ns, 441.0000 ns/op
OverheadActual   9: 1 op, 411.00 ns, 411.0000 ns/op
OverheadActual  10: 1 op, 361.00 ns, 361.0000 ns/op
OverheadActual  11: 1 op, 431.00 ns, 431.0000 ns/op
OverheadActual  12: 1 op, 441.00 ns, 441.0000 ns/op
OverheadActual  13: 1 op, 391.00 ns, 391.0000 ns/op
OverheadActual  14: 1 op, 411.00 ns, 411.0000 ns/op
OverheadActual  15: 1 op, 461.00 ns, 461.0000 ns/op
OverheadActual  16: 1 op, 400.00 ns, 400.0000 ns/op
OverheadActual  17: 1 op, 421.00 ns, 421.0000 ns/op
OverheadActual  18: 1 op, 380.00 ns, 380.0000 ns/op
OverheadActual  19: 1 op, 441.00 ns, 441.0000 ns/op
OverheadActual  20: 1 op, 400.00 ns, 400.0000 ns/op

WorkloadWarmup   1: 1 op, 71769543.00 ns, 71.7695 ms/op
WorkloadWarmup   2: 1 op, 71680842.00 ns, 71.6808 ms/op
WorkloadWarmup   3: 1 op, 71765311.00 ns, 71.7653 ms/op

// BeforeActualRun
WorkloadActual   1: 1 op, 71266491.00 ns, 71.2665 ms/op
WorkloadActual   2: 1 op, 70415388.00 ns, 70.4154 ms/op
WorkloadActual   3: 1 op, 70802982.00 ns, 70.8030 ms/op

// AfterActualRun
WorkloadResult   1: 1 op, 71266080.00 ns, 71.2661 ms/op
WorkloadResult   2: 1 op, 70414977.00 ns, 70.4150 ms/op
WorkloadResult   3: 1 op, 70802571.00 ns, 70.8026 ms/op
// GC:  0 0 0 34824 1
// Threading:  4 0 1

// AfterAll
// Benchmark Process 453729 has exited with code 0.

Mean = 70.828 ms, StdErr = 0.246 ms (0.35%), N = 3, StdDev = 0.426 ms
Min = 70.415 ms, Q1 = 70.609 ms, Median = 70.803 ms, Q3 = 71.034 ms, Max = 71.266 ms
IQR = 0.426 ms, LowerFence = 69.970 ms, UpperFence = 71.673 ms
ConfidenceInterval = [63.054 ms; 78.602 ms] (CI 99.9%), Margin = 7.774 ms (10.98% of Mean)
Skewness = 0.06, Kurtosis = 0.67, MValue = 2

// ** Remained 27 (90.0%) benchmark(s) to run. Estimated finish 2026-09-22 0:52 (0h 0m from now) **
// **************************
// Benchmark: SessionSetupDecompositionBenchmarks.StageS3_PipelineNoPayloadAsync: ShortRun(InvocationCount=1, IterationCount=3, LaunchCount=1, UnrollFactor=1, WarmupCount=3) [Sessions=1]
// *** Execute ***
// Launch: 1 / 1
// Execute: dotnet WinForward.Benchmarks-ShortRun-1.dll --anonymousPipes 122 123 --benchmarkName "WinForward.Benchmarks.Perf.SessionSetupDecompositionBenchmarks.StageS3_PipelineNoPayloadAsync(Sessions: 1)" --job ShortRun --benchmarkId 3 in /home/paff/Projects/WinForward/benchmarks/WinForward.Benchmarks/bin/Release/net10.0/WinForward.Benchmarks-ShortRun-1/bin/Release/net10.0
// Failed to set up high priority (Permission denied). In order to run benchmarks with high priority, make sure you have the right permissions.
// BeforeAnythingElse

// Benchmark Process Environment Information:
// BenchmarkDotNet v0.15.8
// Runtime=.NET 10.0.12 (10.0.12, 10.0.1226.42308), X64 RyuJIT x86-64-v4
// GC=Concurrent Workstation
// HardwareIntrinsics=AVX512 BITALG+VBMI2+VNNI+VPOPCNTDQ,AVX512 IFMA+VBMI,AVX512 F+BW+CD+DQ+VL,AVX2+BMI1+BMI2+F16C+FMA+LZCNT+MOVBE,AVX,SSE3+SSSE3+SSE4.1+SSE4.2+POPCNT,X86Base+SSE+SSE2,AES+PCLMUL,AvxVnni VectorSize=256
// Job: ShortRun(InvocationCount=1, IterationCount=3, LaunchCount=1, UnrollFactor=1, WarmupCount=3)

OverheadJitting  1: 1 op, 251832.00 ns, 251.8320 us/op
WorkloadJitting  1: 1 op, 78862153.00 ns, 78.8622 ms/op

OverheadWarmup   1: 1 op, 731.00 ns, 731.0000 ns/op
OverheadWarmup   2: 1 op, 270.00 ns, 270.0000 ns/op
OverheadWarmup   3: 1 op, 270.00 ns, 270.0000 ns/op
OverheadWarmup   4: 1 op, 611.00 ns, 611.0000 ns/op
OverheadWarmup   5: 1 op, 381.00 ns, 381.0000 ns/op
OverheadWarmup   6: 1 op, 381.00 ns, 381.0000 ns/op

OverheadActual   1: 1 op, 361.00 ns, 361.0000 ns/op
OverheadActual   2: 1 op, 411.00 ns, 411.0000 ns/op
OverheadActual   3: 1 op, 390.00 ns, 390.0000 ns/op
OverheadActual   4: 1 op, 400.00 ns, 400.0000 ns/op
OverheadActual   5: 1 op, 391.00 ns, 391.0000 ns/op
OverheadActual   6: 1 op, 410.00 ns, 410.0000 ns/op
OverheadActual   7: 1 op, 321.00 ns, 321.0000 ns/op
OverheadActual   8: 1 op, 390.00 ns, 390.0000 ns/op
OverheadActual   9: 1 op, 291.00 ns, 291.0000 ns/op
OverheadActual  10: 1 op, 391.00 ns, 391.0000 ns/op
OverheadActual  11: 1 op, 391.00 ns, 391.0000 ns/op
OverheadActual  12: 1 op, 391.00 ns, 391.0000 ns/op
OverheadActual  13: 1 op, 400.00 ns, 400.0000 ns/op
OverheadActual  14: 1 op, 431.00 ns, 431.0000 ns/op
OverheadActual  15: 1 op, 391.00 ns, 391.0000 ns/op
OverheadActual  16: 1 op, 410.00 ns, 410.0000 ns/op
OverheadActual  17: 1 op, 732.00 ns, 732.0000 ns/op
OverheadActual  18: 1 op, 431.00 ns, 431.0000 ns/op
OverheadActual  19: 1 op, 350.00 ns, 350.0000 ns/op
OverheadActual  20: 1 op, 340.00 ns, 340.0000 ns/op

WorkloadWarmup   1: 1 op, 30907542.00 ns, 30.9075 ms/op
WorkloadWarmup   2: 1 op, 29736259.00 ns, 29.7363 ms/op
WorkloadWarmup   3: 1 op, 32029198.00 ns, 32.0292 ms/op

// BeforeActualRun
WorkloadActual   1: 1 op, 30644132.00 ns, 30.6441 ms/op
WorkloadActual   2: 1 op, 30457070.00 ns, 30.4571 ms/op
WorkloadActual   3: 1 op, 29955540.00 ns, 29.9555 ms/op

// AfterActualRun
WorkloadResult   1: 1 op, 30643741.00 ns, 30.6437 ms/op
WorkloadResult   2: 1 op, 30456679.00 ns, 30.4567 ms/op
WorkloadResult   3: 1 op, 29955149.00 ns, 29.9551 ms/op
// GC:  0 0 0 36784 1
// Threading:  0 0 1

// AfterAll
// Benchmark Process 454263 has exited with code 0.

Mean = 30.352 ms, StdErr = 0.206 ms (0.68%), N = 3, StdDev = 0.356 ms
Min = 29.955 ms, Q1 = 30.206 ms, Median = 30.457 ms, Q3 = 30.550 ms, Max = 30.644 ms
IQR = 0.344 ms, LowerFence = 29.689 ms, UpperFence = 31.067 ms
ConfidenceInterval = [23.856 ms; 36.848 ms] (CI 99.9%), Margin = 6.496 ms (21.40% of Mean)
Skewness = -0.27, Kurtosis = 0.67, MValue = 2

// ** Remained 26 (86.7%) benchmark(s) to run. Estimated finish 2026-09-22 0:52 (0h 0m from now) **
// **************************
// Benchmark: SessionSetupDecompositionBenchmarks.StageS4_ReadinessTeardownOutsideAsync: ShortRun(InvocationCount=1, IterationCount=3, LaunchCount=1, UnrollFactor=1, WarmupCount=3) [Sessions=1]
// *** Execute ***
// Launch: 1 / 1
// Execute: dotnet WinForward.Benchmarks-ShortRun-1.dll --anonymousPipes 122 123 --benchmarkName "WinForward.Benchmarks.Perf.SessionSetupDecompositionBenchmarks.StageS4_ReadinessTeardownOutsideAsync(Sessions: 1)" --job ShortRun --benchmarkId 4 in /home/paff/Projects/WinForward/benchmarks/WinForward.Benchmarks/bin/Release/net10.0/WinForward.Benchmarks-ShortRun-1/bin/Release/net10.0
// Failed to set up high priority (Permission denied). In order to run benchmarks with high priority, make sure you have the right permissions.
// BeforeAnythingElse

// Benchmark Process Environment Information:
// BenchmarkDotNet v0.15.8
// Runtime=.NET 10.0.12 (10.0.12, 10.0.1226.42308), X64 RyuJIT x86-64-v4
// GC=Concurrent Workstation
// HardwareIntrinsics=AVX512 BITALG+VBMI2+VNNI+VPOPCNTDQ,AVX512 IFMA+VBMI,AVX512 F+BW+CD+DQ+VL,AVX2+BMI1+BMI2+F16C+FMA+LZCNT+MOVBE,AVX,SSE3+SSSE3+SSE4.1+SSE4.2+POPCNT,X86Base+SSE+SSE2,AES+PCLMUL,AvxVnni VectorSize=256
// Job: ShortRun(InvocationCount=1, IterationCount=3, LaunchCount=1, UnrollFactor=1, WarmupCount=3)

OverheadJitting  1: 1 op, 348854.00 ns, 348.8540 us/op
WorkloadJitting  1: 1 op, 83535614.00 ns, 83.5356 ms/op

OverheadWarmup   1: 1 op, 701.00 ns, 701.0000 ns/op
OverheadWarmup   2: 1 op, 270.00 ns, 270.0000 ns/op
OverheadWarmup   3: 1 op, 280.00 ns, 280.0000 ns/op
OverheadWarmup   4: 1 op, 291.00 ns, 291.0000 ns/op
OverheadWarmup   5: 1 op, 371.00 ns, 371.0000 ns/op
OverheadWarmup   6: 1 op, 371.00 ns, 371.0000 ns/op
OverheadWarmup   7: 1 op, 351.00 ns, 351.0000 ns/op
OverheadWarmup   8: 1 op, 401.00 ns, 401.0000 ns/op

OverheadActual   1: 1 op, 421.00 ns, 421.0000 ns/op
OverheadActual   2: 1 op, 371.00 ns, 371.0000 ns/op
OverheadActual   3: 1 op, 370.00 ns, 370.0000 ns/op
OverheadActual   4: 1 op, 411.00 ns, 411.0000 ns/op
OverheadActual   5: 1 op, 401.00 ns, 401.0000 ns/op
OverheadActual   6: 1 op, 381.00 ns, 381.0000 ns/op
OverheadActual   7: 1 op, 280.00 ns, 280.0000 ns/op
OverheadActual   8: 1 op, 280.00 ns, 280.0000 ns/op
OverheadActual   9: 1 op, 281.00 ns, 281.0000 ns/op
OverheadActual  10: 1 op, 281.00 ns, 281.0000 ns/op
OverheadActual  11: 1 op, 411.00 ns, 411.0000 ns/op
OverheadActual  12: 1 op, 381.00 ns, 381.0000 ns/op
OverheadActual  13: 1 op, 681.00 ns, 681.0000 ns/op
OverheadActual  14: 1 op, 360.00 ns, 360.0000 ns/op
OverheadActual  15: 1 op, 301.00 ns, 301.0000 ns/op
OverheadActual  16: 1 op, 391.00 ns, 391.0000 ns/op
OverheadActual  17: 1 op, 440.00 ns, 440.0000 ns/op
OverheadActual  18: 1 op, 411.00 ns, 411.0000 ns/op
OverheadActual  19: 1 op, 391.00 ns, 391.0000 ns/op
OverheadActual  20: 1 op, 411.00 ns, 411.0000 ns/op

WorkloadWarmup   1: 1 op, 31036296.00 ns, 31.0363 ms/op
WorkloadWarmup   2: 1 op, 29803315.00 ns, 29.8033 ms/op
WorkloadWarmup   3: 1 op, 32153541.00 ns, 32.1535 ms/op

// BeforeActualRun
WorkloadActual   1: 1 op, 32125476.00 ns, 32.1255 ms/op
WorkloadActual   2: 1 op, 32445328.00 ns, 32.4453 ms/op
WorkloadActual   3: 1 op, 32479126.00 ns, 32.4791 ms/op

// AfterActualRun
WorkloadResult   1: 1 op, 32125090.00 ns, 32.1251 ms/op
WorkloadResult   2: 1 op, 32444942.00 ns, 32.4449 ms/op
WorkloadResult   3: 1 op, 32478740.00 ns, 32.4787 ms/op
// GC:  0 0 0 35072 1
// Threading:  0 0 1

// AfterAll
// Benchmark Process 454789 has exited with code 0.

Mean = 32.350 ms, StdErr = 0.113 ms (0.35%), N = 3, StdDev = 0.195 ms
Min = 32.125 ms, Q1 = 32.285 ms, Median = 32.445 ms, Q3 = 32.462 ms, Max = 32.479 ms
IQR = 0.177 ms, LowerFence = 32.020 ms, UpperFence = 32.727 ms
ConfidenceInterval = [28.789 ms; 35.910 ms] (CI 99.9%), Margin = 3.560 ms (11.01% of Mean)
Skewness = -0.37, Kurtosis = 0.67, MValue = 2

// ** Remained 25 (83.3%) benchmark(s) to run. Estimated finish 2026-09-22 0:52 (0h 0m from now) **
// **************************
// Benchmark: SessionSetupDecompositionBenchmarks.StageS5_ReadinessTeardownInsideAsync: ShortRun(InvocationCount=1, IterationCount=3, LaunchCount=1, UnrollFactor=1, WarmupCount=3) [Sessions=1]
// *** Execute ***
// Launch: 1 / 1
// Execute: dotnet WinForward.Benchmarks-ShortRun-1.dll --anonymousPipes 122 123 --benchmarkName "WinForward.Benchmarks.Perf.SessionSetupDecompositionBenchmarks.StageS5_ReadinessTeardownInsideAsync(Sessions: 1)" --job ShortRun --benchmarkId 5 in /home/paff/Projects/WinForward/benchmarks/WinForward.Benchmarks/bin/Release/net10.0/WinForward.Benchmarks-ShortRun-1/bin/Release/net10.0
// Failed to set up high priority (Permission denied). In order to run benchmarks with high priority, make sure you have the right permissions.
// BeforeAnythingElse

// Benchmark Process Environment Information:
// BenchmarkDotNet v0.15.8
// Runtime=.NET 10.0.12 (10.0.12, 10.0.1226.42308), X64 RyuJIT x86-64-v4
// GC=Concurrent Workstation
// HardwareIntrinsics=AVX512 BITALG+VBMI2+VNNI+VPOPCNTDQ,AVX512 IFMA+VBMI,AVX512 F+BW+CD+DQ+VL,AVX2+BMI1+BMI2+F16C+FMA+LZCNT+MOVBE,AVX,SSE3+SSSE3+SSE4.1+SSE4.2+POPCNT,X86Base+SSE+SSE2,AES+PCLMUL,AvxVnni VectorSize=256
// Job: ShortRun(InvocationCount=1, IterationCount=3, LaunchCount=1, UnrollFactor=1, WarmupCount=3)

OverheadJitting  1: 1 op, 263344.00 ns, 263.3440 us/op
WorkloadJitting  1: 1 op, 107021393.00 ns, 107.0214 ms/op

OverheadWarmup   1: 1 op, 701.00 ns, 701.0000 ns/op
OverheadWarmup   2: 1 op, 591.00 ns, 591.0000 ns/op
OverheadWarmup   3: 1 op, 511.00 ns, 511.0000 ns/op
OverheadWarmup   4: 1 op, 381.00 ns, 381.0000 ns/op
OverheadWarmup   5: 1 op, 441.00 ns, 441.0000 ns/op
OverheadWarmup   6: 1 op, 461.00 ns, 461.0000 ns/op
OverheadWarmup   7: 1 op, 481.00 ns, 481.0000 ns/op
OverheadWarmup   8: 1 op, 861.00 ns, 861.0000 ns/op
OverheadWarmup   9: 1 op, 441.00 ns, 441.0000 ns/op
OverheadWarmup  10: 1 op, 441.00 ns, 441.0000 ns/op

OverheadActual   1: 1 op, 982.00 ns, 982.0000 ns/op
OverheadActual   2: 1 op, 531.00 ns, 531.0000 ns/op
OverheadActual   3: 1 op, 421.00 ns, 421.0000 ns/op
OverheadActual   4: 1 op, 471.00 ns, 471.0000 ns/op
OverheadActual   5: 1 op, 942.00 ns, 942.0000 ns/op
OverheadActual   6: 1 op, 460.00 ns, 460.0000 ns/op
OverheadActual   7: 1 op, 471.00 ns, 471.0000 ns/op
OverheadActual   8: 1 op, 491.00 ns, 491.0000 ns/op
OverheadActual   9: 1 op, 481.00 ns, 481.0000 ns/op
OverheadActual  10: 1 op, 411.00 ns, 411.0000 ns/op
OverheadActual  11: 1 op, 451.00 ns, 451.0000 ns/op
OverheadActual  12: 1 op, 411.00 ns, 411.0000 ns/op
OverheadActual  13: 1 op, 441.00 ns, 441.0000 ns/op
OverheadActual  14: 1 op, 411.00 ns, 411.0000 ns/op
OverheadActual  15: 1 op, 471.00 ns, 471.0000 ns/op
OverheadActual  16: 1 op, 450.00 ns, 450.0000 ns/op
OverheadActual  17: 1 op, 411.00 ns, 411.0000 ns/op
OverheadActual  18: 1 op, 831.00 ns, 831.0000 ns/op
OverheadActual  19: 1 op, 881.00 ns, 881.0000 ns/op
OverheadActual  20: 1 op, 491.00 ns, 491.0000 ns/op

WorkloadWarmup   1: 1 op, 44998849.00 ns, 44.9988 ms/op
WorkloadWarmup   2: 1 op, 45247782.00 ns, 45.2478 ms/op
WorkloadWarmup   3: 1 op, 47411437.00 ns, 47.4114 ms/op

// BeforeActualRun
WorkloadActual   1: 1 op, 45367981.00 ns, 45.3680 ms/op
WorkloadActual   2: 1 op, 44689118.00 ns, 44.6891 ms/op
WorkloadActual   3: 1 op, 44266166.00 ns, 44.2662 ms/op

// AfterActualRun
WorkloadResult   1: 1 op, 45367510.00 ns, 45.3675 ms/op
WorkloadResult   2: 1 op, 44688647.00 ns, 44.6886 ms/op
WorkloadResult   3: 1 op, 44265695.00 ns, 44.2657 ms/op
// GC:  0 0 0 100592 1
// Threading:  1 64 1
// Exceptions:  130

// AfterAll
// Benchmark Process 455314 has exited with code 0.

Mean = 44.774 ms, StdErr = 0.321 ms (0.72%), N = 3, StdDev = 0.556 ms
Min = 44.266 ms, Q1 = 44.477 ms, Median = 44.689 ms, Q3 = 45.028 ms, Max = 45.368 ms
IQR = 0.551 ms, LowerFence = 43.651 ms, UpperFence = 45.854 ms
ConfidenceInterval = [34.633 ms; 54.915 ms] (CI 99.9%), Margin = 10.141 ms (22.65% of Mean)
Skewness = 0.15, Kurtosis = 0.67, MValue = 2

// ** Remained 24 (80.0%) benchmark(s) to run. Estimated finish 2026-09-22 0:52 (0h 0m from now) **
// **************************
// Benchmark: SessionSetupDecompositionBenchmarks.BaselineF_FakeTransportCreationAsync: ShortRun(InvocationCount=1, IterationCount=3, LaunchCount=1, UnrollFactor=1, WarmupCount=3) [Sessions=1]
// *** Execute ***
// Launch: 1 / 1
// Execute: dotnet WinForward.Benchmarks-ShortRun-1.dll --anonymousPipes 122 123 --benchmarkName "WinForward.Benchmarks.Perf.SessionSetupDecompositionBenchmarks.BaselineF_FakeTransportCreationAsync(Sessions: 1)" --job ShortRun --benchmarkId 6 in /home/paff/Projects/WinForward/benchmarks/WinForward.Benchmarks/bin/Release/net10.0/WinForward.Benchmarks-ShortRun-1/bin/Release/net10.0
// Failed to set up high priority (Permission denied). In order to run benchmarks with high priority, make sure you have the right permissions.
// BeforeAnythingElse

// Benchmark Process Environment Information:
// BenchmarkDotNet v0.15.8
// Runtime=.NET 10.0.12 (10.0.12, 10.0.1226.42308), X64 RyuJIT x86-64-v4
// GC=Concurrent Workstation
// HardwareIntrinsics=AVX512 BITALG+VBMI2+VNNI+VPOPCNTDQ,AVX512 IFMA+VBMI,AVX512 F+BW+CD+DQ+VL,AVX2+BMI1+BMI2+F16C+FMA+LZCNT+MOVBE,AVX,SSE3+SSSE3+SSE4.1+SSE4.2+POPCNT,X86Base+SSE+SSE2,AES+PCLMUL,AvxVnni VectorSize=256
// Job: ShortRun(InvocationCount=1, IterationCount=3, LaunchCount=1, UnrollFactor=1, WarmupCount=3)

OverheadJitting  1: 1 op, 255579.00 ns, 255.5790 us/op
WorkloadJitting  1: 1 op, 6452137.00 ns, 6.4521 ms/op

OverheadWarmup   1: 1 op, 371.00 ns, 371.0000 ns/op
OverheadWarmup   2: 1 op, 411.00 ns, 411.0000 ns/op
OverheadWarmup   3: 1 op, 401.00 ns, 401.0000 ns/op
OverheadWarmup   4: 1 op, 1002.00 ns, 1.0020 us/op
OverheadWarmup   5: 1 op, 671.00 ns, 671.0000 ns/op

OverheadActual   1: 1 op, 410.00 ns, 410.0000 ns/op
OverheadActual   2: 1 op, 441.00 ns, 441.0000 ns/op
OverheadActual   3: 1 op, 411.00 ns, 411.0000 ns/op
OverheadActual   4: 1 op, 441.00 ns, 441.0000 ns/op
OverheadActual   5: 1 op, 401.00 ns, 401.0000 ns/op
OverheadActual   6: 1 op, 531.00 ns, 531.0000 ns/op
OverheadActual   7: 1 op, 391.00 ns, 391.0000 ns/op
OverheadActual   8: 1 op, 401.00 ns, 401.0000 ns/op
OverheadActual   9: 1 op, 421.00 ns, 421.0000 ns/op
OverheadActual  10: 1 op, 421.00 ns, 421.0000 ns/op
OverheadActual  11: 1 op, 621.00 ns, 621.0000 ns/op
OverheadActual  12: 1 op, 401.00 ns, 401.0000 ns/op
OverheadActual  13: 1 op, 431.00 ns, 431.0000 ns/op
OverheadActual  14: 1 op, 480.00 ns, 480.0000 ns/op
OverheadActual  15: 1 op, 521.00 ns, 521.0000 ns/op
OverheadActual  16: 1 op, 481.00 ns, 481.0000 ns/op
OverheadActual  17: 1 op, 592.00 ns, 592.0000 ns/op
OverheadActual  18: 1 op, 441.00 ns, 441.0000 ns/op
OverheadActual  19: 1 op, 401.00 ns, 401.0000 ns/op
OverheadActual  20: 1 op, 431.00 ns, 431.0000 ns/op

WorkloadWarmup   1: 1 op, 109495.00 ns, 109.4950 us/op
WorkloadWarmup   2: 1 op, 9217.00 ns, 9.2170 us/op
WorkloadWarmup   3: 1 op, 6873.00 ns, 6.8730 us/op

// BeforeActualRun
WorkloadActual   1: 1 op, 7795.00 ns, 7.7950 us/op
WorkloadActual   2: 1 op, 7073.00 ns, 7.0730 us/op
WorkloadActual   3: 1 op, 5741.00 ns, 5.7410 us/op

// AfterActualRun
WorkloadResult   1: 1 op, 7364.00 ns, 7.3640 us/op
WorkloadResult   2: 1 op, 6642.00 ns, 6.6420 us/op
WorkloadResult   3: 1 op, 5310.00 ns, 5.3100 us/op
// GC:  0 0 0 136 1
// Threading:  0 0 1

// AfterAll
// Benchmark Process 455840 has exited with code 0.

Mean = 6.439 us, StdErr = 0.602 us (9.34%), N = 3, StdDev = 1.042 us
Min = 5.310 us, Q1 = 5.976 us, Median = 6.642 us, Q3 = 7.003 us, Max = 7.364 us
IQR = 1.027 us, LowerFence = 4.436 us, UpperFence = 8.543 us
ConfidenceInterval = [-12.571 us; 25.448 us] (CI 99.9%), Margin = 19.010 us (295.24% of Mean)
Skewness = -0.19, Kurtosis = 0.67, MValue = 2

// ** Remained 23 (76.7%) benchmark(s) to run. Estimated finish 2026-09-22 0:52 (0h 0m from now) **
// **************************
// Benchmark: SessionSetupDecompositionBenchmarks.BaselineH_FlowKeyConstruction: ShortRun(InvocationCount=1, IterationCount=3, LaunchCount=1, UnrollFactor=1, WarmupCount=3) [Sessions=1]
// *** Execute ***
// Launch: 1 / 1
// Execute: dotnet WinForward.Benchmarks-ShortRun-1.dll --anonymousPipes 122 123 --benchmarkName "WinForward.Benchmarks.Perf.SessionSetupDecompositionBenchmarks.BaselineH_FlowKeyConstruction(Sessions: 1)" --job ShortRun --benchmarkId 7 in /home/paff/Projects/WinForward/benchmarks/WinForward.Benchmarks/bin/Release/net10.0/WinForward.Benchmarks-ShortRun-1/bin/Release/net10.0
// Failed to set up high priority (Permission denied). In order to run benchmarks with high priority, make sure you have the right permissions.
// BeforeAnythingElse

// Benchmark Process Environment Information:
// BenchmarkDotNet v0.15.8
// Runtime=.NET 10.0.12 (10.0.12, 10.0.1226.42308), X64 RyuJIT x86-64-v4
// GC=Concurrent Workstation
// HardwareIntrinsics=AVX512 BITALG+VBMI2+VNNI+VPOPCNTDQ,AVX512 IFMA+VBMI,AVX512 F+BW+CD+DQ+VL,AVX2+BMI1+BMI2+F16C+FMA+LZCNT+MOVBE,AVX,SSE3+SSSE3+SSE4.1+SSE4.2+POPCNT,X86Base+SSE+SSE2,AES+PCLMUL,AvxVnni VectorSize=256
// Job: ShortRun(InvocationCount=1, IterationCount=3, LaunchCount=1, UnrollFactor=1, WarmupCount=3)

OverheadJitting  1: 1 op, 391975.00 ns, 391.9750 us/op
WorkloadJitting  1: 1 op, 7512933.00 ns, 7.5129 ms/op

OverheadWarmup   1: 1 op, 491.00 ns, 491.0000 ns/op
OverheadWarmup   2: 1 op, 410.00 ns, 410.0000 ns/op
OverheadWarmup   3: 1 op, 411.00 ns, 411.0000 ns/op
OverheadWarmup   4: 1 op, 431.00 ns, 431.0000 ns/op
OverheadWarmup   5: 1 op, 471.00 ns, 471.0000 ns/op
OverheadWarmup   6: 1 op, 430.00 ns, 430.0000 ns/op
OverheadWarmup   7: 1 op, 231.00 ns, 231.0000 ns/op
OverheadWarmup   8: 1 op, 280.00 ns, 280.0000 ns/op
OverheadWarmup   9: 1 op, 390.00 ns, 390.0000 ns/op
OverheadWarmup  10: 1 op, 611.00 ns, 611.0000 ns/op

OverheadActual   1: 1 op, 481.00 ns, 481.0000 ns/op
OverheadActual   2: 1 op, 391.00 ns, 391.0000 ns/op
OverheadActual   3: 1 op, 391.00 ns, 391.0000 ns/op
OverheadActual   4: 1 op, 391.00 ns, 391.0000 ns/op
OverheadActual   5: 1 op, 410.00 ns, 410.0000 ns/op
OverheadActual   6: 1 op, 431.00 ns, 431.0000 ns/op
OverheadActual   7: 1 op, 441.00 ns, 441.0000 ns/op
OverheadActual   8: 1 op, 431.00 ns, 431.0000 ns/op
OverheadActual   9: 1 op, 440.00 ns, 440.0000 ns/op
OverheadActual  10: 1 op, 281.00 ns, 281.0000 ns/op
OverheadActual  11: 1 op, 621.00 ns, 621.0000 ns/op
OverheadActual  12: 1 op, 411.00 ns, 411.0000 ns/op
OverheadActual  13: 1 op, 351.00 ns, 351.0000 ns/op
OverheadActual  14: 1 op, 411.00 ns, 411.0000 ns/op
OverheadActual  15: 1 op, 441.00 ns, 441.0000 ns/op
OverheadActual  16: 1 op, 401.00 ns, 401.0000 ns/op
OverheadActual  17: 1 op, 281.00 ns, 281.0000 ns/op
OverheadActual  18: 1 op, 410.00 ns, 410.0000 ns/op
OverheadActual  19: 1 op, 410.00 ns, 410.0000 ns/op
OverheadActual  20: 1 op, 430.00 ns, 430.0000 ns/op

WorkloadWarmup   1: 1 op, 47779.00 ns, 47.7790 us/op
WorkloadWarmup   2: 1 op, 16481.00 ns, 16.4810 us/op
WorkloadWarmup   3: 1 op, 14347.00 ns, 14.3470 us/op

// BeforeActualRun
WorkloadActual   1: 1 op, 14187.00 ns, 14.1870 us/op
WorkloadActual   2: 1 op, 14036.00 ns, 14.0360 us/op
WorkloadActual   3: 1 op, 13395.00 ns, 13.3950 us/op

// AfterActualRun
WorkloadResult   1: 1 op, 13776.50 ns, 13.7765 us/op
WorkloadResult   2: 1 op, 13625.50 ns, 13.6255 us/op
WorkloadResult   3: 1 op, 12984.50 ns, 12.9845 us/op
// GC:  0 0 0 352 1
// Threading:  0 0 1

// AfterAll
// Benchmark Process 455854 has exited with code 0.

Mean = 13.462 us, StdErr = 0.243 us (1.80%), N = 3, StdDev = 0.421 us
Min = 12.985 us, Q1 = 13.305 us, Median = 13.626 us, Q3 = 13.701 us, Max = 13.777 us
IQR = 0.396 us, LowerFence = 12.711 us, UpperFence = 14.295 us
ConfidenceInterval = [5.791 us; 21.134 us] (CI 99.9%), Margin = 7.672 us (56.99% of Mean)
Skewness = -0.33, Kurtosis = 0.67, MValue = 2

// ** Remained 22 (73.3%) benchmark(s) to run. Estimated finish 2026-09-22 0:52 (0h 0m from now) **
// **************************
// Benchmark: SessionSetupDecompositionBenchmarks.ComponentC1_AssociationClaimRelease: ShortRun(InvocationCount=1, IterationCount=3, LaunchCount=1, UnrollFactor=1, WarmupCount=3) [Sessions=1]
// *** Execute ***
// Launch: 1 / 1
// Execute: dotnet WinForward.Benchmarks-ShortRun-1.dll --anonymousPipes 122 123 --benchmarkName "WinForward.Benchmarks.Perf.SessionSetupDecompositionBenchmarks.ComponentC1_AssociationClaimRelease(Sessions: 1)" --job ShortRun --benchmarkId 8 in /home/paff/Projects/WinForward/benchmarks/WinForward.Benchmarks/bin/Release/net10.0/WinForward.Benchmarks-ShortRun-1/bin/Release/net10.0
// Failed to set up high priority (Permission denied). In order to run benchmarks with high priority, make sure you have the right permissions.
// BeforeAnythingElse

// Benchmark Process Environment Information:
// BenchmarkDotNet v0.15.8
// Runtime=.NET 10.0.12 (10.0.12, 10.0.1226.42308), X64 RyuJIT x86-64-v4
// GC=Concurrent Workstation
// HardwareIntrinsics=AVX512 BITALG+VBMI2+VNNI+VPOPCNTDQ,AVX512 IFMA+VBMI,AVX512 F+BW+CD+DQ+VL,AVX2+BMI1+BMI2+F16C+FMA+LZCNT+MOVBE,AVX,SSE3+SSSE3+SSE4.1+SSE4.2+POPCNT,X86Base+SSE+SSE2,AES+PCLMUL,AvxVnni VectorSize=256
// Job: ShortRun(InvocationCount=1, IterationCount=3, LaunchCount=1, UnrollFactor=1, WarmupCount=3)

OverheadJitting  1: 1 op, 291647.00 ns, 291.6470 us/op
WorkloadJitting  1: 1 op, 22454421.00 ns, 22.4544 ms/op

OverheadWarmup   1: 1 op, 501.00 ns, 501.0000 ns/op
OverheadWarmup   2: 1 op, 441.00 ns, 441.0000 ns/op
OverheadWarmup   3: 1 op, 832.00 ns, 832.0000 ns/op
OverheadWarmup   4: 1 op, 441.00 ns, 441.0000 ns/op
OverheadWarmup   5: 1 op, 431.00 ns, 431.0000 ns/op
OverheadWarmup   6: 1 op, 421.00 ns, 421.0000 ns/op
OverheadWarmup   7: 1 op, 291.00 ns, 291.0000 ns/op
OverheadWarmup   8: 1 op, 441.00 ns, 441.0000 ns/op
OverheadWarmup   9: 1 op, 411.00 ns, 411.0000 ns/op

OverheadActual   1: 1 op, 451.00 ns, 451.0000 ns/op
OverheadActual   2: 1 op, 391.00 ns, 391.0000 ns/op
OverheadActual   3: 1 op, 511.00 ns, 511.0000 ns/op
OverheadActual   4: 1 op, 431.00 ns, 431.0000 ns/op
OverheadActual   5: 1 op, 381.00 ns, 381.0000 ns/op
OverheadActual   6: 1 op, 801.00 ns, 801.0000 ns/op
OverheadActual   7: 1 op, 440.00 ns, 440.0000 ns/op
OverheadActual   8: 1 op, 511.00 ns, 511.0000 ns/op
OverheadActual   9: 1 op, 431.00 ns, 431.0000 ns/op
OverheadActual  10: 1 op, 410.00 ns, 410.0000 ns/op
OverheadActual  11: 1 op, 520.00 ns, 520.0000 ns/op
OverheadActual  12: 1 op, 471.00 ns, 471.0000 ns/op
OverheadActual  13: 1 op, 431.00 ns, 431.0000 ns/op
OverheadActual  14: 1 op, 501.00 ns, 501.0000 ns/op
OverheadActual  15: 1 op, 371.00 ns, 371.0000 ns/op
OverheadActual  16: 1 op, 410.00 ns, 410.0000 ns/op
OverheadActual  17: 1 op, 461.00 ns, 461.0000 ns/op
OverheadActual  18: 1 op, 431.00 ns, 431.0000 ns/op
OverheadActual  19: 1 op, 431.00 ns, 431.0000 ns/op
OverheadActual  20: 1 op, 431.00 ns, 431.0000 ns/op

WorkloadWarmup   1: 1 op, 56786.00 ns, 56.7860 us/op
WorkloadWarmup   2: 1 op, 32491.00 ns, 32.4910 us/op
WorkloadWarmup   3: 1 op, 28183.00 ns, 28.1830 us/op

// BeforeActualRun
WorkloadActual   1: 1 op, 27441.00 ns, 27.4410 us/op
WorkloadActual   2: 1 op, 27682.00 ns, 27.6820 us/op
WorkloadActual   3: 1 op, 26660.00 ns, 26.6600 us/op

// AfterActualRun
WorkloadResult   1: 1 op, 27010.00 ns, 27.0100 us/op
WorkloadResult   2: 1 op, 27251.00 ns, 27.2510 us/op
WorkloadResult   3: 1 op, 26229.00 ns, 26.2290 us/op
// GC:  0 0 0 2120 1
// Threading:  0 0 1

// AfterAll
// Benchmark Process 455863 has exited with code 0.

Mean = 26.830 us, StdErr = 0.308 us (1.15%), N = 3, StdDev = 0.534 us
Min = 26.229 us, Q1 = 26.619 us, Median = 27.010 us, Q3 = 27.131 us, Max = 27.251 us
IQR = 0.511 us, LowerFence = 25.853 us, UpperFence = 27.897 us
ConfidenceInterval = [17.083 us; 36.577 us] (CI 99.9%), Margin = 9.747 us (36.33% of Mean)
Skewness = -0.3, Kurtosis = 0.67, MValue = 2

// ** Remained 21 (70.0%) benchmark(s) to run. Estimated finish 2026-09-22 0:52 (0h 0m from now) **
// **************************
// Benchmark: SessionSetupDecompositionBenchmarks.ComponentC2_SessionConstructStartAsync: ShortRun(InvocationCount=1, IterationCount=3, LaunchCount=1, UnrollFactor=1, WarmupCount=3) [Sessions=1]
// *** Execute ***
// Launch: 1 / 1
// Execute: dotnet WinForward.Benchmarks-ShortRun-1.dll --anonymousPipes 122 123 --benchmarkName "WinForward.Benchmarks.Perf.SessionSetupDecompositionBenchmarks.ComponentC2_SessionConstructStartAsync(Sessions: 1)" --job ShortRun --benchmarkId 9 in /home/paff/Projects/WinForward/benchmarks/WinForward.Benchmarks/bin/Release/net10.0/WinForward.Benchmarks-ShortRun-1/bin/Release/net10.0
// Failed to set up high priority (Permission denied). In order to run benchmarks with high priority, make sure you have the right permissions.
// BeforeAnythingElse

// Benchmark Process Environment Information:
// BenchmarkDotNet v0.15.8
// Runtime=.NET 10.0.12 (10.0.12, 10.0.1226.42308), X64 RyuJIT x86-64-v4
// GC=Concurrent Workstation
// HardwareIntrinsics=AVX512 BITALG+VBMI2+VNNI+VPOPCNTDQ,AVX512 IFMA+VBMI,AVX512 F+BW+CD+DQ+VL,AVX2+BMI1+BMI2+F16C+FMA+LZCNT+MOVBE,AVX,SSE3+SSSE3+SSE4.1+SSE4.2+POPCNT,X86Base+SSE+SSE2,AES+PCLMUL,AvxVnni VectorSize=256
// Job: ShortRun(InvocationCount=1, IterationCount=3, LaunchCount=1, UnrollFactor=1, WarmupCount=3)

OverheadJitting  1: 1 op, 444654.00 ns, 444.6540 us/op
WorkloadJitting  1: 1 op, 31342821.00 ns, 31.3428 ms/op

OverheadWarmup   1: 1 op, 461.00 ns, 461.0000 ns/op
OverheadWarmup   2: 1 op, 471.00 ns, 471.0000 ns/op
OverheadWarmup   3: 1 op, 381.00 ns, 381.0000 ns/op
OverheadWarmup   4: 1 op, 451.00 ns, 451.0000 ns/op
OverheadWarmup   5: 1 op, 291.00 ns, 291.0000 ns/op

OverheadActual   1: 1 op, 470.00 ns, 470.0000 ns/op
OverheadActual   2: 1 op, 441.00 ns, 441.0000 ns/op
OverheadActual   3: 1 op, 721.00 ns, 721.0000 ns/op
OverheadActual   4: 1 op, 411.00 ns, 411.0000 ns/op
OverheadActual   5: 1 op, 421.00 ns, 421.0000 ns/op
OverheadActual   6: 1 op, 451.00 ns, 451.0000 ns/op
OverheadActual   7: 1 op, 300.00 ns, 300.0000 ns/op
OverheadActual   8: 1 op, 431.00 ns, 431.0000 ns/op
OverheadActual   9: 1 op, 401.00 ns, 401.0000 ns/op
OverheadActual  10: 1 op, 291.00 ns, 291.0000 ns/op
OverheadActual  11: 1 op, 280.00 ns, 280.0000 ns/op
OverheadActual  12: 1 op, 431.00 ns, 431.0000 ns/op
OverheadActual  13: 1 op, 461.00 ns, 461.0000 ns/op
OverheadActual  14: 1 op, 311.00 ns, 311.0000 ns/op
OverheadActual  15: 1 op, 411.00 ns, 411.0000 ns/op
OverheadActual  16: 1 op, 430.00 ns, 430.0000 ns/op
OverheadActual  17: 1 op, 401.00 ns, 401.0000 ns/op
OverheadActual  18: 1 op, 431.00 ns, 431.0000 ns/op
OverheadActual  19: 1 op, 411.00 ns, 411.0000 ns/op
OverheadActual  20: 1 op, 270.00 ns, 270.0000 ns/op

WorkloadWarmup   1: 1 op, 196388.00 ns, 196.3880 us/op
WorkloadWarmup   2: 1 op, 45535.00 ns, 45.5350 us/op
WorkloadWarmup   3: 1 op, 42069.00 ns, 42.0690 us/op

// BeforeActualRun
WorkloadActual   1: 1 op, 132108.00 ns, 132.1080 us/op
WorkloadActual   2: 1 op, 63128.00 ns, 63.1280 us/op
WorkloadActual   3: 1 op, 39594.00 ns, 39.5940 us/op

// AfterActualRun
WorkloadResult   1: 1 op, 131692.00 ns, 131.6920 us/op
WorkloadResult   2: 1 op, 62712.00 ns, 62.7120 us/op
WorkloadResult   3: 1 op, 39178.00 ns, 39.1780 us/op
// GC:  0 0 0 5832 1
// Threading:  0 0 1

// AfterAll
// Benchmark Process 455872 has exited with code 0.

Mean = 77.861 us, StdErr = 27.760 us (35.65%), N = 3, StdDev = 48.081 us
Min = 39.178 us, Q1 = 50.945 us, Median = 62.712 us, Q3 = 97.202 us, Max = 131.692 us
IQR = 46.257 us, LowerFence = -18.441 us, UpperFence = 166.588 us
ConfidenceInterval = [-799.323 us; 955.045 us] (CI 99.9%), Margin = 877.184 us (1126.61% of Mean)
Skewness = 0.28, Kurtosis = 0.67, MValue = 2

// ** Remained 20 (66.7%) benchmark(s) to run. Estimated finish 2026-09-22 0:52 (0h 0m from now) **
// **************************
// Benchmark: SessionSetupDecompositionBenchmarks.StageS0_CoordinatorOnly: ShortRun(InvocationCount=1, IterationCount=3, LaunchCount=1, UnrollFactor=1, WarmupCount=3) [Sessions=100]
// *** Execute ***
// Launch: 1 / 1
// Execute: dotnet WinForward.Benchmarks-ShortRun-1.dll --anonymousPipes 122 123 --benchmarkName "WinForward.Benchmarks.Perf.SessionSetupDecompositionBenchmarks.StageS0_CoordinatorOnly(Sessions: 100)" --job ShortRun --benchmarkId 10 in /home/paff/Projects/WinForward/benchmarks/WinForward.Benchmarks/bin/Release/net10.0/WinForward.Benchmarks-ShortRun-1/bin/Release/net10.0
// Failed to set up high priority (Permission denied). In order to run benchmarks with high priority, make sure you have the right permissions.
// BeforeAnythingElse

// Benchmark Process Environment Information:
// BenchmarkDotNet v0.15.8
// Runtime=.NET 10.0.12 (10.0.12, 10.0.1226.42308), X64 RyuJIT x86-64-v4
// GC=Concurrent Workstation
// HardwareIntrinsics=AVX512 BITALG+VBMI2+VNNI+VPOPCNTDQ,AVX512 IFMA+VBMI,AVX512 F+BW+CD+DQ+VL,AVX2+BMI1+BMI2+F16C+FMA+LZCNT+MOVBE,AVX,SSE3+SSSE3+SSE4.1+SSE4.2+POPCNT,X86Base+SSE+SSE2,AES+PCLMUL,AvxVnni VectorSize=256
// Job: ShortRun(InvocationCount=1, IterationCount=3, LaunchCount=1, UnrollFactor=1, WarmupCount=3)

OverheadJitting  1: 1 op, 302046.00 ns, 302.0460 us/op
WorkloadJitting  1: 1 op, 7638248.00 ns, 7.6382 ms/op

OverheadWarmup   1: 1 op, 591.00 ns, 591.0000 ns/op
OverheadWarmup   2: 1 op, 371.00 ns, 371.0000 ns/op
OverheadWarmup   3: 1 op, 360.00 ns, 360.0000 ns/op
OverheadWarmup   4: 1 op, 411.00 ns, 411.0000 ns/op
OverheadWarmup   5: 1 op, 270.00 ns, 270.0000 ns/op
OverheadWarmup   6: 1 op, 271.00 ns, 271.0000 ns/op
OverheadWarmup   7: 1 op, 451.00 ns, 451.0000 ns/op
OverheadWarmup   8: 1 op, 441.00 ns, 441.0000 ns/op

OverheadActual   1: 1 op, 421.00 ns, 421.0000 ns/op
OverheadActual   2: 1 op, 411.00 ns, 411.0000 ns/op
OverheadActual   3: 1 op, 431.00 ns, 431.0000 ns/op
OverheadActual   4: 1 op, 381.00 ns, 381.0000 ns/op
OverheadActual   5: 1 op, 411.00 ns, 411.0000 ns/op
OverheadActual   6: 1 op, 281.00 ns, 281.0000 ns/op
OverheadActual   7: 1 op, 401.00 ns, 401.0000 ns/op
OverheadActual   8: 1 op, 240.00 ns, 240.0000 ns/op
OverheadActual   9: 1 op, 291.00 ns, 291.0000 ns/op
OverheadActual  10: 1 op, 410.00 ns, 410.0000 ns/op
OverheadActual  11: 1 op, 420.00 ns, 420.0000 ns/op
OverheadActual  12: 1 op, 341.00 ns, 341.0000 ns/op
OverheadActual  13: 1 op, 371.00 ns, 371.0000 ns/op
OverheadActual  14: 1 op, 360.00 ns, 360.0000 ns/op
OverheadActual  15: 1 op, 410.00 ns, 410.0000 ns/op
OverheadActual  16: 1 op, 461.00 ns, 461.0000 ns/op
OverheadActual  17: 1 op, 271.00 ns, 271.0000 ns/op
OverheadActual  18: 1 op, 411.00 ns, 411.0000 ns/op
OverheadActual  19: 1 op, 371.00 ns, 371.0000 ns/op
OverheadActual  20: 1 op, 420.00 ns, 420.0000 ns/op

WorkloadWarmup   1: 1 op, 104456.00 ns, 104.4560 us/op
WorkloadWarmup   2: 1 op, 80481.00 ns, 80.4810 us/op
WorkloadWarmup   3: 1 op, 15299.00 ns, 15.2990 us/op

// BeforeActualRun
WorkloadActual   1: 1 op, 87264.00 ns, 87.2640 us/op
WorkloadActual   2: 1 op, 17563.00 ns, 17.5630 us/op
WorkloadActual   3: 1 op, 15389.00 ns, 15.3890 us/op

// AfterActualRun
WorkloadResult   1: 1 op, 86858.50 ns, 86.8585 us/op
WorkloadResult   2: 1 op, 17157.50 ns, 17.1575 us/op
WorkloadResult   3: 1 op, 14983.50 ns, 14.9835 us/op
// GC:  0 0 0 54456 1
// Threading:  0 0 1

// AfterAll
// Benchmark Process 455889 has exited with code 0.

Mean = 39.666 us, StdErr = 23.604 us (59.51%), N = 3, StdDev = 40.884 us
Min = 14.983 us, Q1 = 16.070 us, Median = 17.157 us, Q3 = 52.008 us, Max = 86.859 us
IQR = 35.938 us, LowerFence = -37.836 us, UpperFence = 105.914 us
ConfidenceInterval = [-706.208 us; 785.541 us] (CI 99.9%), Margin = 745.875 us (1880.36% of Mean)
Skewness = 0.38, Kurtosis = 0.67, MValue = 2

// ** Remained 19 (63.3%) benchmark(s) to run. Estimated finish 2026-09-22 0:52 (0h 0m from now) **
// **************************
// Benchmark: SessionSetupDecompositionBenchmarks.StageS1_AdmissionOnlyAsync: ShortRun(InvocationCount=1, IterationCount=3, LaunchCount=1, UnrollFactor=1, WarmupCount=3) [Sessions=100]
// *** Execute ***
// Launch: 1 / 1
// Execute: dotnet WinForward.Benchmarks-ShortRun-1.dll --anonymousPipes 122 123 --benchmarkName "WinForward.Benchmarks.Perf.SessionSetupDecompositionBenchmarks.StageS1_AdmissionOnlyAsync(Sessions: 100)" --job ShortRun --benchmarkId 11 in /home/paff/Projects/WinForward/benchmarks/WinForward.Benchmarks/bin/Release/net10.0/WinForward.Benchmarks-ShortRun-1/bin/Release/net10.0
// Failed to set up high priority (Permission denied). In order to run benchmarks with high priority, make sure you have the right permissions.
// BeforeAnythingElse

// Benchmark Process Environment Information:
// BenchmarkDotNet v0.15.8
// Runtime=.NET 10.0.12 (10.0.12, 10.0.1226.42308), X64 RyuJIT x86-64-v4
// GC=Concurrent Workstation
// HardwareIntrinsics=AVX512 BITALG+VBMI2+VNNI+VPOPCNTDQ,AVX512 IFMA+VBMI,AVX512 F+BW+CD+DQ+VL,AVX2+BMI1+BMI2+F16C+FMA+LZCNT+MOVBE,AVX,SSE3+SSSE3+SSE4.1+SSE4.2+POPCNT,X86Base+SSE+SSE2,AES+PCLMUL,AvxVnni VectorSize=256
// Job: ShortRun(InvocationCount=1, IterationCount=3, LaunchCount=1, UnrollFactor=1, WarmupCount=3)

OverheadJitting  1: 1 op, 260979.00 ns, 260.9790 us/op
WorkloadJitting  1: 1 op, 28007189.00 ns, 28.0072 ms/op

OverheadWarmup   1: 1 op, 601.00 ns, 601.0000 ns/op
OverheadWarmup   2: 1 op, 851.00 ns, 851.0000 ns/op
OverheadWarmup   3: 1 op, 391.00 ns, 391.0000 ns/op
OverheadWarmup   4: 1 op, 421.00 ns, 421.0000 ns/op
OverheadWarmup   5: 1 op, 371.00 ns, 371.0000 ns/op

OverheadActual   1: 1 op, 351.00 ns, 351.0000 ns/op
OverheadActual   2: 1 op, 391.00 ns, 391.0000 ns/op
OverheadActual   3: 1 op, 401.00 ns, 401.0000 ns/op
OverheadActual   4: 1 op, 401.00 ns, 401.0000 ns/op
OverheadActual   5: 1 op, 350.00 ns, 350.0000 ns/op
OverheadActual   6: 1 op, 281.00 ns, 281.0000 ns/op
OverheadActual   7: 1 op, 271.00 ns, 271.0000 ns/op
OverheadActual   8: 1 op, 280.00 ns, 280.0000 ns/op
OverheadActual   9: 1 op, 270.00 ns, 270.0000 ns/op
OverheadActual  10: 1 op, 381.00 ns, 381.0000 ns/op
OverheadActual  11: 1 op, 281.00 ns, 281.0000 ns/op
OverheadActual  12: 1 op, 270.00 ns, 270.0000 ns/op
OverheadActual  13: 1 op, 271.00 ns, 271.0000 ns/op
OverheadActual  14: 1 op, 271.00 ns, 271.0000 ns/op
OverheadActual  15: 1 op, 270.00 ns, 270.0000 ns/op
OverheadActual  16: 1 op, 271.00 ns, 271.0000 ns/op
OverheadActual  17: 1 op, 431.00 ns, 431.0000 ns/op
OverheadActual  18: 1 op, 381.00 ns, 381.0000 ns/op
OverheadActual  19: 1 op, 391.00 ns, 391.0000 ns/op
OverheadActual  20: 1 op, 411.00 ns, 411.0000 ns/op

WorkloadWarmup   1: 1 op, 459681.00 ns, 459.6810 us/op
WorkloadWarmup   2: 1 op, 267081.00 ns, 267.0810 us/op
WorkloadWarmup   3: 1 op, 219652.00 ns, 219.6520 us/op

// BeforeActualRun
WorkloadActual   1: 1 op, 219692.00 ns, 219.6920 us/op
WorkloadActual   2: 1 op, 287078.00 ns, 287.0780 us/op
WorkloadActual   3: 1 op, 219201.00 ns, 219.2010 us/op

// AfterActualRun
WorkloadResult   1: 1 op, 219376.50 ns, 219.3765 us/op
WorkloadResult   2: 1 op, 286762.50 ns, 286.7625 us/op
WorkloadResult   3: 1 op, 218885.50 ns, 218.8855 us/op
// GC:  0 0 0 134928 1
// Threading:  0 0 1

// AfterAll
// Benchmark Process 455900 has exited with code 0.

Mean = 241.675 us, StdErr = 22.544 us (9.33%), N = 3, StdDev = 39.048 us
Min = 218.886 us, Q1 = 219.131 us, Median = 219.376 us, Q3 = 253.070 us, Max = 286.762 us
IQR = 33.938 us, LowerFence = 168.223 us, UpperFence = 303.977 us
ConfidenceInterval = [-470.703 us; 954.053 us] (CI 99.9%), Margin = 712.378 us (294.77% of Mean)
Skewness = 0.38, Kurtosis = 0.67, MValue = 2

// ** Remained 18 (60.0%) benchmark(s) to run. Estimated finish 2026-09-22 0:52 (0h 0m from now) **
// **************************
// Benchmark: SessionSetupDecompositionBenchmarks.StageS2_SetupStartedAsync: ShortRun(InvocationCount=1, IterationCount=3, LaunchCount=1, UnrollFactor=1, WarmupCount=3) [Sessions=100]
// *** Execute ***
// Launch: 1 / 1
// Execute: dotnet WinForward.Benchmarks-ShortRun-1.dll --anonymousPipes 122 123 --benchmarkName "WinForward.Benchmarks.Perf.SessionSetupDecompositionBenchmarks.StageS2_SetupStartedAsync(Sessions: 100)" --job ShortRun --benchmarkId 12 in /home/paff/Projects/WinForward/benchmarks/WinForward.Benchmarks/bin/Release/net10.0/WinForward.Benchmarks-ShortRun-1/bin/Release/net10.0
// Failed to set up high priority (Permission denied). In order to run benchmarks with high priority, make sure you have the right permissions.
// BeforeAnythingElse

// Benchmark Process Environment Information:
// BenchmarkDotNet v0.15.8
// Runtime=.NET 10.0.12 (10.0.12, 10.0.1226.42308), X64 RyuJIT x86-64-v4
// GC=Concurrent Workstation
// HardwareIntrinsics=AVX512 BITALG+VBMI2+VNNI+VPOPCNTDQ,AVX512 IFMA+VBMI,AVX512 F+BW+CD+DQ+VL,AVX2+BMI1+BMI2+F16C+FMA+LZCNT+MOVBE,AVX,SSE3+SSSE3+SSE4.1+SSE4.2+POPCNT,X86Base+SSE+SSE2,AES+PCLMUL,AvxVnni VectorSize=256
// Job: ShortRun(InvocationCount=1, IterationCount=3, LaunchCount=1, UnrollFactor=1, WarmupCount=3)

OverheadJitting  1: 1 op, 256501.00 ns, 256.5010 us/op
WorkloadJitting  1: 1 op, 116507611.00 ns, 116.5076 ms/op

OverheadWarmup   1: 1 op, 922.00 ns, 922.0000 ns/op
OverheadWarmup   2: 1 op, 471.00 ns, 471.0000 ns/op
OverheadWarmup   3: 1 op, 391.00 ns, 391.0000 ns/op
OverheadWarmup   4: 1 op, 390.00 ns, 390.0000 ns/op
OverheadWarmup   5: 1 op, 411.00 ns, 411.0000 ns/op
OverheadWarmup   6: 1 op, 942.00 ns, 942.0000 ns/op
OverheadWarmup   7: 1 op, 441.00 ns, 441.0000 ns/op
OverheadWarmup   8: 1 op, 390.00 ns, 390.0000 ns/op
OverheadWarmup   9: 1 op, 401.00 ns, 401.0000 ns/op
OverheadWarmup  10: 1 op, 440.00 ns, 440.0000 ns/op

OverheadActual   1: 1 op, 551.00 ns, 551.0000 ns/op
OverheadActual   2: 1 op, 421.00 ns, 421.0000 ns/op
OverheadActual   3: 1 op, 411.00 ns, 411.0000 ns/op
OverheadActual   4: 1 op, 791.00 ns, 791.0000 ns/op
OverheadActual   5: 1 op, 531.00 ns, 531.0000 ns/op
OverheadActual   6: 1 op, 271.00 ns, 271.0000 ns/op
OverheadActual   7: 1 op, 371.00 ns, 371.0000 ns/op
OverheadActual   8: 1 op, 410.00 ns, 410.0000 ns/op
OverheadActual   9: 1 op, 461.00 ns, 461.0000 ns/op
OverheadActual  10: 1 op, 431.00 ns, 431.0000 ns/op
OverheadActual  11: 1 op, 411.00 ns, 411.0000 ns/op
OverheadActual  12: 1 op, 411.00 ns, 411.0000 ns/op
OverheadActual  13: 1 op, 411.00 ns, 411.0000 ns/op
OverheadActual  14: 1 op, 411.00 ns, 411.0000 ns/op
OverheadActual  15: 1 op, 450.00 ns, 450.0000 ns/op
OverheadActual  16: 1 op, 401.00 ns, 401.0000 ns/op
OverheadActual  17: 1 op, 270.00 ns, 270.0000 ns/op
OverheadActual  18: 1 op, 431.00 ns, 431.0000 ns/op
OverheadActual  19: 1 op, 271.00 ns, 271.0000 ns/op
OverheadActual  20: 1 op, 430.00 ns, 430.0000 ns/op

WorkloadWarmup   1: 1 op, 79634073.00 ns, 79.6341 ms/op
WorkloadWarmup   2: 1 op, 83709294.00 ns, 83.7093 ms/op
WorkloadWarmup   3: 1 op, 82153080.00 ns, 82.1531 ms/op

// BeforeActualRun
WorkloadActual   1: 1 op, 80294429.00 ns, 80.2944 ms/op
WorkloadActual   2: 1 op, 80913351.00 ns, 80.9134 ms/op
WorkloadActual   3: 1 op, 82693762.00 ns, 82.6938 ms/op

// AfterActualRun
WorkloadResult   1: 1 op, 80294018.00 ns, 80.2940 ms/op
WorkloadResult   2: 1 op, 80912940.00 ns, 80.9129 ms/op
WorkloadResult   3: 1 op, 82693351.00 ns, 82.6934 ms/op
// GC:  0 0 0 221104 1
// Threading:  5 15 1

// AfterAll
// Benchmark Process 455935 has exited with code 0.

Mean = 81.300 ms, StdErr = 0.719 ms (0.88%), N = 3, StdDev = 1.246 ms
Min = 80.294 ms, Q1 = 80.603 ms, Median = 80.913 ms, Q3 = 81.803 ms, Max = 82.693 ms
IQR = 1.200 ms, LowerFence = 78.804 ms, UpperFence = 83.603 ms
ConfidenceInterval = [58.575 ms; 104.025 ms] (CI 99.9%), Margin = 22.725 ms (27.95% of Mean)
Skewness = 0.28, Kurtosis = 0.67, MValue = 2

// ** Remained 17 (56.7%) benchmark(s) to run. Estimated finish 2026-09-22 0:52 (0h 0m from now) **
// **************************
// Benchmark: SessionSetupDecompositionBenchmarks.StageS3_PipelineNoPayloadAsync: ShortRun(InvocationCount=1, IterationCount=3, LaunchCount=1, UnrollFactor=1, WarmupCount=3) [Sessions=100]
// *** Execute ***
// Launch: 1 / 1
// Execute: dotnet WinForward.Benchmarks-ShortRun-1.dll --anonymousPipes 122 123 --benchmarkName "WinForward.Benchmarks.Perf.SessionSetupDecompositionBenchmarks.StageS3_PipelineNoPayloadAsync(Sessions: 100)" --job ShortRun --benchmarkId 13 in /home/paff/Projects/WinForward/benchmarks/WinForward.Benchmarks/bin/Release/net10.0/WinForward.Benchmarks-ShortRun-1/bin/Release/net10.0
// Failed to set up high priority (Permission denied). In order to run benchmarks with high priority, make sure you have the right permissions.
// BeforeAnythingElse

// Benchmark Process Environment Information:
// BenchmarkDotNet v0.15.8
// Runtime=.NET 10.0.12 (10.0.12, 10.0.1226.42308), X64 RyuJIT x86-64-v4
// GC=Concurrent Workstation
// HardwareIntrinsics=AVX512 BITALG+VBMI2+VNNI+VPOPCNTDQ,AVX512 IFMA+VBMI,AVX512 F+BW+CD+DQ+VL,AVX2+BMI1+BMI2+F16C+FMA+LZCNT+MOVBE,AVX,SSE3+SSSE3+SSE4.1+SSE4.2+POPCNT,X86Base+SSE+SSE2,AES+PCLMUL,AvxVnni VectorSize=256
// Job: ShortRun(InvocationCount=1, IterationCount=3, LaunchCount=1, UnrollFactor=1, WarmupCount=3)

OverheadJitting  1: 1 op, 388147.00 ns, 388.1470 us/op
WorkloadJitting  1: 1 op, 107516218.00 ns, 107.5162 ms/op

OverheadWarmup   1: 1 op, 952.00 ns, 952.0000 ns/op
OverheadWarmup   2: 1 op, 501.00 ns, 501.0000 ns/op
OverheadWarmup   3: 1 op, 500.00 ns, 500.0000 ns/op
OverheadWarmup   4: 1 op, 341.00 ns, 341.0000 ns/op
OverheadWarmup   5: 1 op, 511.00 ns, 511.0000 ns/op
OverheadWarmup   6: 1 op, 381.00 ns, 381.0000 ns/op
OverheadWarmup   7: 1 op, 451.00 ns, 451.0000 ns/op
OverheadWarmup   8: 1 op, 321.00 ns, 321.0000 ns/op

OverheadActual   1: 1 op, 450.00 ns, 450.0000 ns/op
OverheadActual   2: 1 op, 451.00 ns, 451.0000 ns/op
OverheadActual   3: 1 op, 410.00 ns, 410.0000 ns/op
OverheadActual   4: 1 op, 400.00 ns, 400.0000 ns/op
OverheadActual   5: 1 op, 441.00 ns, 441.0000 ns/op
OverheadActual   6: 1 op, 451.00 ns, 451.0000 ns/op
OverheadActual   7: 1 op, 421.00 ns, 421.0000 ns/op
OverheadActual   8: 1 op, 341.00 ns, 341.0000 ns/op
OverheadActual   9: 1 op, 491.00 ns, 491.0000 ns/op
OverheadActual  10: 1 op, 451.00 ns, 451.0000 ns/op
OverheadActual  11: 1 op, 531.00 ns, 531.0000 ns/op
OverheadActual  12: 1 op, 430.00 ns, 430.0000 ns/op
OverheadActual  13: 1 op, 501.00 ns, 501.0000 ns/op
OverheadActual  14: 1 op, 411.00 ns, 411.0000 ns/op
OverheadActual  15: 1 op, 300.00 ns, 300.0000 ns/op
OverheadActual  16: 1 op, 912.00 ns, 912.0000 ns/op
OverheadActual  17: 1 op, 321.00 ns, 321.0000 ns/op
OverheadActual  18: 1 op, 470.00 ns, 470.0000 ns/op
OverheadActual  19: 1 op, 371.00 ns, 371.0000 ns/op
OverheadActual  20: 1 op, 371.00 ns, 371.0000 ns/op

WorkloadWarmup   1: 1 op, 41799332.00 ns, 41.7993 ms/op
WorkloadWarmup   2: 1 op, 42786973.00 ns, 42.7870 ms/op
WorkloadWarmup   3: 1 op, 41293154.00 ns, 41.2932 ms/op

// BeforeActualRun
WorkloadActual   1: 1 op, 41510711.00 ns, 41.5107 ms/op
WorkloadActual   2: 1 op, 40163739.00 ns, 40.1637 ms/op
WorkloadActual   3: 1 op, 50651214.00 ns, 50.6512 ms/op

// AfterActualRun
WorkloadResult   1: 1 op, 41510275.50 ns, 41.5103 ms/op
WorkloadResult   2: 1 op, 40163303.50 ns, 40.1633 ms/op
WorkloadResult   3: 1 op, 50650778.50 ns, 50.6508 ms/op
// GC:  0 0 0 509088 1
// Threading:  83 99 1

// AfterAll
// Benchmark Process 456481 has exited with code 0.

Mean = 44.108 ms, StdErr = 3.294 ms (7.47%), N = 3, StdDev = 5.706 ms
Min = 40.163 ms, Q1 = 40.837 ms, Median = 41.510 ms, Q3 = 46.081 ms, Max = 50.651 ms
IQR = 5.244 ms, LowerFence = 32.971 ms, UpperFence = 53.946 ms
ConfidenceInterval = [-59.990 ms; 148.207 ms] (CI 99.9%), Margin = 104.099 ms (236.01% of Mean)
Skewness = 0.36, Kurtosis = 0.67, MValue = 2

// ** Remained 16 (53.3%) benchmark(s) to run. Estimated finish 2026-09-22 0:52 (0h 0m from now) **
// **************************
// Benchmark: SessionSetupDecompositionBenchmarks.StageS4_ReadinessTeardownOutsideAsync: ShortRun(InvocationCount=1, IterationCount=3, LaunchCount=1, UnrollFactor=1, WarmupCount=3) [Sessions=100]
// *** Execute ***
// Launch: 1 / 1
// Execute: dotnet WinForward.Benchmarks-ShortRun-1.dll --anonymousPipes 122 123 --benchmarkName "WinForward.Benchmarks.Perf.SessionSetupDecompositionBenchmarks.StageS4_ReadinessTeardownOutsideAsync(Sessions: 100)" --job ShortRun --benchmarkId 14 in /home/paff/Projects/WinForward/benchmarks/WinForward.Benchmarks/bin/Release/net10.0/WinForward.Benchmarks-ShortRun-1/bin/Release/net10.0
// Failed to set up high priority (Permission denied). In order to run benchmarks with high priority, make sure you have the right permissions.
// BeforeAnythingElse

// Benchmark Process Environment Information:
// BenchmarkDotNet v0.15.8
// Runtime=.NET 10.0.12 (10.0.12, 10.0.1226.42308), X64 RyuJIT x86-64-v4
// GC=Concurrent Workstation
// HardwareIntrinsics=AVX512 BITALG+VBMI2+VNNI+VPOPCNTDQ,AVX512 IFMA+VBMI,AVX512 F+BW+CD+DQ+VL,AVX2+BMI1+BMI2+F16C+FMA+LZCNT+MOVBE,AVX,SSE3+SSSE3+SSE4.1+SSE4.2+POPCNT,X86Base+SSE+SSE2,AES+PCLMUL,AvxVnni VectorSize=256
// Job: ShortRun(InvocationCount=1, IterationCount=3, LaunchCount=1, UnrollFactor=1, WarmupCount=3)

OverheadJitting  1: 1 op, 277871.00 ns, 277.8710 us/op
WorkloadJitting  1: 1 op, 104486770.00 ns, 104.4868 ms/op

OverheadWarmup   1: 1 op, 831.00 ns, 831.0000 ns/op
OverheadWarmup   2: 1 op, 942.00 ns, 942.0000 ns/op
OverheadWarmup   3: 1 op, 552.00 ns, 552.0000 ns/op
OverheadWarmup   4: 1 op, 631.00 ns, 631.0000 ns/op
OverheadWarmup   5: 1 op, 491.00 ns, 491.0000 ns/op

OverheadActual   1: 1 op, 541.00 ns, 541.0000 ns/op
OverheadActual   2: 1 op, 501.00 ns, 501.0000 ns/op
OverheadActual   3: 1 op, 521.00 ns, 521.0000 ns/op
OverheadActual   4: 1 op, 410.00 ns, 410.0000 ns/op
OverheadActual   5: 1 op, 411.00 ns, 411.0000 ns/op
OverheadActual   6: 1 op, 270.00 ns, 270.0000 ns/op
OverheadActual   7: 1 op, 281.00 ns, 281.0000 ns/op
OverheadActual   8: 1 op, 301.00 ns, 301.0000 ns/op
OverheadActual   9: 1 op, 290.00 ns, 290.0000 ns/op
OverheadActual  10: 1 op, 431.00 ns, 431.0000 ns/op
OverheadActual  11: 1 op, 271.00 ns, 271.0000 ns/op
OverheadActual  12: 1 op, 281.00 ns, 281.0000 ns/op
OverheadActual  13: 1 op, 290.00 ns, 290.0000 ns/op
OverheadActual  14: 1 op, 541.00 ns, 541.0000 ns/op
OverheadActual  15: 1 op, 411.00 ns, 411.0000 ns/op
OverheadActual  16: 1 op, 300.00 ns, 300.0000 ns/op
OverheadActual  17: 1 op, 321.00 ns, 321.0000 ns/op
OverheadActual  18: 1 op, 912.00 ns, 912.0000 ns/op
OverheadActual  19: 1 op, 431.00 ns, 431.0000 ns/op
OverheadActual  20: 1 op, 300.00 ns, 300.0000 ns/op

WorkloadWarmup   1: 1 op, 40536245.00 ns, 40.5362 ms/op
WorkloadWarmup   2: 1 op, 41100042.00 ns, 41.1000 ms/op
WorkloadWarmup   3: 1 op, 40840736.00 ns, 40.8407 ms/op

// BeforeActualRun
WorkloadActual   1: 1 op, 42977852.00 ns, 42.9779 ms/op
WorkloadActual   2: 1 op, 41028866.00 ns, 41.0289 ms/op
WorkloadActual   3: 1 op, 48579252.00 ns, 48.5793 ms/op

// AfterActualRun
WorkloadResult   1: 1 op, 42977486.50 ns, 42.9775 ms/op
WorkloadResult   2: 1 op, 41028500.50 ns, 41.0285 ms/op
WorkloadResult   3: 1 op, 48578886.50 ns, 48.5789 ms/op
// GC:  0 0 0 464880 1
// Threading:  88 71 1

// AfterAll
// Benchmark Process 457030 has exited with code 0.

Mean = 44.195 ms, StdErr = 2.263 ms (5.12%), N = 3, StdDev = 3.920 ms
Min = 41.029 ms, Q1 = 42.003 ms, Median = 42.977 ms, Q3 = 45.778 ms, Max = 48.579 ms
IQR = 3.775 ms, LowerFence = 36.340 ms, UpperFence = 51.441 ms
ConfidenceInterval = [-27.314 ms; 115.704 ms] (CI 99.9%), Margin = 71.509 ms (161.80% of Mean)
Skewness = 0.28, Kurtosis = 0.67, MValue = 2

// ** Remained 15 (50.0%) benchmark(s) to run. Estimated finish 2026-09-22 0:52 (0h 0m from now) **
// **************************
// Benchmark: SessionSetupDecompositionBenchmarks.StageS5_ReadinessTeardownInsideAsync: ShortRun(InvocationCount=1, IterationCount=3, LaunchCount=1, UnrollFactor=1, WarmupCount=3) [Sessions=100]
// *** Execute ***
// Launch: 1 / 1
// Execute: dotnet WinForward.Benchmarks-ShortRun-1.dll --anonymousPipes 122 123 --benchmarkName "WinForward.Benchmarks.Perf.SessionSetupDecompositionBenchmarks.StageS5_ReadinessTeardownInsideAsync(Sessions: 100)" --job ShortRun --benchmarkId 15 in /home/paff/Projects/WinForward/benchmarks/WinForward.Benchmarks/bin/Release/net10.0/WinForward.Benchmarks-ShortRun-1/bin/Release/net10.0
// Failed to set up high priority (Permission denied). In order to run benchmarks with high priority, make sure you have the right permissions.
// BeforeAnythingElse

// Benchmark Process Environment Information:
// BenchmarkDotNet v0.15.8
// Runtime=.NET 10.0.12 (10.0.12, 10.0.1226.42308), X64 RyuJIT x86-64-v4
// GC=Concurrent Workstation
// HardwareIntrinsics=AVX512 BITALG+VBMI2+VNNI+VPOPCNTDQ,AVX512 IFMA+VBMI,AVX512 F+BW+CD+DQ+VL,AVX2+BMI1+BMI2+F16C+FMA+LZCNT+MOVBE,AVX,SSE3+SSSE3+SSE4.1+SSE4.2+POPCNT,X86Base+SSE+SSE2,AES+PCLMUL,AvxVnni VectorSize=256
// Job: ShortRun(InvocationCount=1, IterationCount=3, LaunchCount=1, UnrollFactor=1, WarmupCount=3)

OverheadJitting  1: 1 op, 397786.00 ns, 397.7860 us/op
WorkloadJitting  1: 1 op, 134038125.00 ns, 134.0381 ms/op

OverheadWarmup   1: 1 op, 521.00 ns, 521.0000 ns/op
OverheadWarmup   2: 1 op, 361.00 ns, 361.0000 ns/op
OverheadWarmup   3: 1 op, 341.00 ns, 341.0000 ns/op
OverheadWarmup   4: 1 op, 461.00 ns, 461.0000 ns/op
OverheadWarmup   5: 1 op, 420.00 ns, 420.0000 ns/op
OverheadWarmup   6: 1 op, 902.00 ns, 902.0000 ns/op
OverheadWarmup   7: 1 op, 380.00 ns, 380.0000 ns/op

OverheadActual   1: 1 op, 381.00 ns, 381.0000 ns/op
OverheadActual   2: 1 op, 411.00 ns, 411.0000 ns/op
OverheadActual   3: 1 op, 411.00 ns, 411.0000 ns/op
OverheadActual   4: 1 op, 371.00 ns, 371.0000 ns/op
OverheadActual   5: 1 op, 381.00 ns, 381.0000 ns/op
OverheadActual   6: 1 op, 380.00 ns, 380.0000 ns/op
OverheadActual   7: 1 op, 521.00 ns, 521.0000 ns/op
OverheadActual   8: 1 op, 391.00 ns, 391.0000 ns/op
OverheadActual   9: 1 op, 401.00 ns, 401.0000 ns/op
OverheadActual  10: 1 op, 391.00 ns, 391.0000 ns/op
OverheadActual  11: 1 op, 421.00 ns, 421.0000 ns/op
OverheadActual  12: 1 op, 451.00 ns, 451.0000 ns/op
OverheadActual  13: 1 op, 381.00 ns, 381.0000 ns/op
OverheadActual  14: 1 op, 381.00 ns, 381.0000 ns/op
OverheadActual  15: 1 op, 390.00 ns, 390.0000 ns/op
OverheadActual  16: 1 op, 401.00 ns, 401.0000 ns/op
OverheadActual  17: 1 op, 702.00 ns, 702.0000 ns/op
OverheadActual  18: 1 op, 471.00 ns, 471.0000 ns/op
OverheadActual  19: 1 op, 461.00 ns, 461.0000 ns/op
OverheadActual  20: 1 op, 381.00 ns, 381.0000 ns/op

WorkloadWarmup   1: 1 op, 55959065.00 ns, 55.9591 ms/op
WorkloadWarmup   2: 1 op, 53616715.00 ns, 53.6167 ms/op
WorkloadWarmup   3: 1 op, 51820367.00 ns, 51.8204 ms/op

// BeforeActualRun
WorkloadActual   1: 1 op, 52391939.00 ns, 52.3919 ms/op
WorkloadActual   2: 1 op, 51555789.00 ns, 51.5558 ms/op
WorkloadActual   3: 1 op, 52762362.00 ns, 52.7624 ms/op

// AfterActualRun
WorkloadResult   1: 1 op, 52391543.00 ns, 52.3915 ms/op
WorkloadResult   2: 1 op, 51555393.00 ns, 51.5554 ms/op
WorkloadResult   3: 1 op, 52761966.00 ns, 52.7620 ms/op
// GC:  0 0 0 736040 1
// Threading:  192 106 1
// Exceptions:  328

// AfterAll
// Benchmark Process 457582 has exited with code 0.

Mean = 52.236 ms, StdErr = 0.357 ms (0.68%), N = 3, StdDev = 0.618 ms
Min = 51.555 ms, Q1 = 51.973 ms, Median = 52.392 ms, Q3 = 52.577 ms, Max = 52.762 ms
IQR = 0.603 ms, LowerFence = 51.069 ms, UpperFence = 53.482 ms
ConfidenceInterval = [40.960 ms; 63.512 ms] (CI 99.9%), Margin = 11.276 ms (21.59% of Mean)
Skewness = -0.24, Kurtosis = 0.67, MValue = 2

// ** Remained 14 (46.7%) benchmark(s) to run. Estimated finish 2026-09-22 0:52 (0h 0m from now) **
// **************************
// Benchmark: SessionSetupDecompositionBenchmarks.BaselineF_FakeTransportCreationAsync: ShortRun(InvocationCount=1, IterationCount=3, LaunchCount=1, UnrollFactor=1, WarmupCount=3) [Sessions=100]
// *** Execute ***
// Launch: 1 / 1
// Execute: dotnet WinForward.Benchmarks-ShortRun-1.dll --anonymousPipes 122 123 --benchmarkName "WinForward.Benchmarks.Perf.SessionSetupDecompositionBenchmarks.BaselineF_FakeTransportCreationAsync(Sessions: 100)" --job ShortRun --benchmarkId 16 in /home/paff/Projects/WinForward/benchmarks/WinForward.Benchmarks/bin/Release/net10.0/WinForward.Benchmarks-ShortRun-1/bin/Release/net10.0
// Failed to set up high priority (Permission denied). In order to run benchmarks with high priority, make sure you have the right permissions.
// BeforeAnythingElse

// Benchmark Process Environment Information:
// BenchmarkDotNet v0.15.8
// Runtime=.NET 10.0.12 (10.0.12, 10.0.1226.42308), X64 RyuJIT x86-64-v4
// GC=Concurrent Workstation
// HardwareIntrinsics=AVX512 BITALG+VBMI2+VNNI+VPOPCNTDQ,AVX512 IFMA+VBMI,AVX512 F+BW+CD+DQ+VL,AVX2+BMI1+BMI2+F16C+FMA+LZCNT+MOVBE,AVX,SSE3+SSSE3+SSE4.1+SSE4.2+POPCNT,X86Base+SSE+SSE2,AES+PCLMUL,AvxVnni VectorSize=256
// Job: ShortRun(InvocationCount=1, IterationCount=3, LaunchCount=1, UnrollFactor=1, WarmupCount=3)

OverheadJitting  1: 1 op, 350336.00 ns, 350.3360 us/op
WorkloadJitting  1: 1 op, 6049181.00 ns, 6.0492 ms/op

OverheadWarmup   1: 1 op, 621.00 ns, 621.0000 ns/op
OverheadWarmup   2: 1 op, 401.00 ns, 401.0000 ns/op
OverheadWarmup   3: 1 op, 381.00 ns, 381.0000 ns/op
OverheadWarmup   4: 1 op, 291.00 ns, 291.0000 ns/op
OverheadWarmup   5: 1 op, 280.00 ns, 280.0000 ns/op
OverheadWarmup   6: 1 op, 410.00 ns, 410.0000 ns/op
OverheadWarmup   7: 1 op, 430.00 ns, 430.0000 ns/op
OverheadWarmup   8: 1 op, 400.00 ns, 400.0000 ns/op
OverheadWarmup   9: 1 op, 270.00 ns, 270.0000 ns/op
OverheadWarmup  10: 1 op, 291.00 ns, 291.0000 ns/op

OverheadActual   1: 1 op, 421.00 ns, 421.0000 ns/op
OverheadActual   2: 1 op, 390.00 ns, 390.0000 ns/op
OverheadActual   3: 1 op, 411.00 ns, 411.0000 ns/op
OverheadActual   4: 1 op, 391.00 ns, 391.0000 ns/op
OverheadActual   5: 1 op, 390.00 ns, 390.0000 ns/op
OverheadActual   6: 1 op, 271.00 ns, 271.0000 ns/op
OverheadActual   7: 1 op, 291.00 ns, 291.0000 ns/op
OverheadActual   8: 1 op, 410.00 ns, 410.0000 ns/op
OverheadActual   9: 1 op, 471.00 ns, 471.0000 ns/op
OverheadActual  10: 1 op, 390.00 ns, 390.0000 ns/op
OverheadActual  11: 1 op, 270.00 ns, 270.0000 ns/op
OverheadActual  12: 1 op, 722.00 ns, 722.0000 ns/op
OverheadActual  13: 1 op, 391.00 ns, 391.0000 ns/op
OverheadActual  14: 1 op, 321.00 ns, 321.0000 ns/op
OverheadActual  15: 1 op, 270.00 ns, 270.0000 ns/op
OverheadActual  16: 1 op, 271.00 ns, 271.0000 ns/op
OverheadActual  17: 1 op, 371.00 ns, 371.0000 ns/op
OverheadActual  18: 1 op, 280.00 ns, 280.0000 ns/op
OverheadActual  19: 1 op, 281.00 ns, 281.0000 ns/op
OverheadActual  20: 1 op, 280.00 ns, 280.0000 ns/op

WorkloadWarmup   1: 1 op, 52739.00 ns, 52.7390 us/op
WorkloadWarmup   2: 1 op, 17733.00 ns, 17.7330 us/op
WorkloadWarmup   3: 1 op, 20408.00 ns, 20.4080 us/op

// BeforeActualRun
WorkloadActual   1: 1 op, 46647.00 ns, 46.6470 us/op
WorkloadActual   2: 1 op, 17412.00 ns, 17.4120 us/op
WorkloadActual   3: 1 op, 17082.00 ns, 17.0820 us/op

// AfterActualRun
WorkloadResult   1: 1 op, 46266.50 ns, 46.2665 us/op
WorkloadResult   2: 1 op, 17031.50 ns, 17.0315 us/op
WorkloadResult   3: 1 op, 16701.50 ns, 16.7015 us/op
// GC:  0 0 0 10432 1
// Threading:  0 0 1

// AfterAll
// Benchmark Process 458147 has exited with code 0.

Mean = 26.666 us, StdErr = 9.800 us (36.75%), N = 3, StdDev = 16.975 us
Min = 16.701 us, Q1 = 16.866 us, Median = 17.032 us, Q3 = 31.649 us, Max = 46.267 us
IQR = 14.783 us, LowerFence = -5.307 us, UpperFence = 53.823 us
ConfidenceInterval = [-283.019 us; 336.352 us] (CI 99.9%), Margin = 309.685 us (1161.33% of Mean)
Skewness = 0.38, Kurtosis = 0.67, MValue = 2

// ** Remained 13 (43.3%) benchmark(s) to run. Estimated finish 2026-09-22 0:52 (0h 0m from now) **
// **************************
// Benchmark: SessionSetupDecompositionBenchmarks.BaselineH_FlowKeyConstruction: ShortRun(InvocationCount=1, IterationCount=3, LaunchCount=1, UnrollFactor=1, WarmupCount=3) [Sessions=100]
// *** Execute ***
// Launch: 1 / 1
// Execute: dotnet WinForward.Benchmarks-ShortRun-1.dll --anonymousPipes 122 123 --benchmarkName "WinForward.Benchmarks.Perf.SessionSetupDecompositionBenchmarks.BaselineH_FlowKeyConstruction(Sessions: 100)" --job ShortRun --benchmarkId 17 in /home/paff/Projects/WinForward/benchmarks/WinForward.Benchmarks/bin/Release/net10.0/WinForward.Benchmarks-ShortRun-1/bin/Release/net10.0
// Failed to set up high priority (Permission denied). In order to run benchmarks with high priority, make sure you have the right permissions.
// BeforeAnythingElse

// Benchmark Process Environment Information:
// BenchmarkDotNet v0.15.8
// Runtime=.NET 10.0.12 (10.0.12, 10.0.1226.42308), X64 RyuJIT x86-64-v4
// GC=Concurrent Workstation
// HardwareIntrinsics=AVX512 BITALG+VBMI2+VNNI+VPOPCNTDQ,AVX512 IFMA+VBMI,AVX512 F+BW+CD+DQ+VL,AVX2+BMI1+BMI2+F16C+FMA+LZCNT+MOVBE,AVX,SSE3+SSSE3+SSE4.1+SSE4.2+POPCNT,X86Base+SSE+SSE2,AES+PCLMUL,AvxVnni VectorSize=256
// Job: ShortRun(InvocationCount=1, IterationCount=3, LaunchCount=1, UnrollFactor=1, WarmupCount=3)

OverheadJitting  1: 1 op, 383338.00 ns, 383.3380 us/op
WorkloadJitting  1: 1 op, 6834752.00 ns, 6.8348 ms/op

OverheadWarmup   1: 1 op, 421.00 ns, 421.0000 ns/op
OverheadWarmup   2: 1 op, 431.00 ns, 431.0000 ns/op
OverheadWarmup   3: 1 op, 561.00 ns, 561.0000 ns/op
OverheadWarmup   4: 1 op, 421.00 ns, 421.0000 ns/op
OverheadWarmup   5: 1 op, 420.00 ns, 420.0000 ns/op
OverheadWarmup   6: 1 op, 471.00 ns, 471.0000 ns/op
OverheadWarmup   7: 1 op, 341.00 ns, 341.0000 ns/op

OverheadActual   1: 1 op, 380.00 ns, 380.0000 ns/op
OverheadActual   2: 1 op, 411.00 ns, 411.0000 ns/op
OverheadActual   3: 1 op, 420.00 ns, 420.0000 ns/op
OverheadActual   4: 1 op, 410.00 ns, 410.0000 ns/op
OverheadActual   5: 1 op, 401.00 ns, 401.0000 ns/op
OverheadActual   6: 1 op, 461.00 ns, 461.0000 ns/op
OverheadActual   7: 1 op, 441.00 ns, 441.0000 ns/op
OverheadActual   8: 1 op, 431.00 ns, 431.0000 ns/op
OverheadActual   9: 1 op, 421.00 ns, 421.0000 ns/op
OverheadActual  10: 1 op, 441.00 ns, 441.0000 ns/op
OverheadActual  11: 1 op, 441.00 ns, 441.0000 ns/op
OverheadActual  12: 1 op, 742.00 ns, 742.0000 ns/op
OverheadActual  13: 1 op, 430.00 ns, 430.0000 ns/op
OverheadActual  14: 1 op, 421.00 ns, 421.0000 ns/op
OverheadActual  15: 1 op, 441.00 ns, 441.0000 ns/op
OverheadActual  16: 1 op, 271.00 ns, 271.0000 ns/op
OverheadActual  17: 1 op, 281.00 ns, 281.0000 ns/op
OverheadActual  18: 1 op, 441.00 ns, 441.0000 ns/op
OverheadActual  19: 1 op, 380.00 ns, 380.0000 ns/op
OverheadActual  20: 1 op, 411.00 ns, 411.0000 ns/op

WorkloadWarmup   1: 1 op, 122490.00 ns, 122.4900 us/op
WorkloadWarmup   2: 1 op, 182311.00 ns, 182.3110 us/op
WorkloadWarmup   3: 1 op, 70051.00 ns, 70.0510 us/op

// BeforeActualRun
WorkloadActual   1: 1 op, 127659.00 ns, 127.6590 us/op
WorkloadActual   2: 1 op, 84468.00 ns, 84.4680 us/op
WorkloadActual   3: 1 op, 105999.00 ns, 105.9990 us/op

// AfterActualRun
WorkloadResult   1: 1 op, 127238.00 ns, 127.2380 us/op
WorkloadResult   2: 1 op, 84047.00 ns, 84.0470 us/op
WorkloadResult   3: 1 op, 105578.00 ns, 105.5780 us/op
// GC:  0 0 0 35200 1
// Threading:  0 0 1

// AfterAll
// Benchmark Process 458158 has exited with code 0.

Mean = 105.621 us, StdErr = 12.468 us (11.80%), N = 3, StdDev = 21.596 us
Min = 84.047 us, Q1 = 94.812 us, Median = 105.578 us, Q3 = 116.408 us, Max = 127.238 us
IQR = 21.596 us, LowerFence = 62.419 us, UpperFence = 148.801 us
ConfidenceInterval = [-288.362 us; 499.604 us] (CI 99.9%), Margin = 393.983 us (373.02% of Mean)
Skewness = 0, Kurtosis = 0.67, MValue = 2

// ** Remained 12 (40.0%) benchmark(s) to run. Estimated finish 2026-09-22 0:52 (0h 0m from now) **
// **************************
// Benchmark: SessionSetupDecompositionBenchmarks.ComponentC1_AssociationClaimRelease: ShortRun(InvocationCount=1, IterationCount=3, LaunchCount=1, UnrollFactor=1, WarmupCount=3) [Sessions=100]
// *** Execute ***
// Launch: 1 / 1
// Execute: dotnet WinForward.Benchmarks-ShortRun-1.dll --anonymousPipes 122 123 --benchmarkName "WinForward.Benchmarks.Perf.SessionSetupDecompositionBenchmarks.ComponentC1_AssociationClaimRelease(Sessions: 100)" --job ShortRun --benchmarkId 18 in /home/paff/Projects/WinForward/benchmarks/WinForward.Benchmarks/bin/Release/net10.0/WinForward.Benchmarks-ShortRun-1/bin/Release/net10.0
// Failed to set up high priority (Permission denied). In order to run benchmarks with high priority, make sure you have the right permissions.
// BeforeAnythingElse

// Benchmark Process Environment Information:
// BenchmarkDotNet v0.15.8
// Runtime=.NET 10.0.12 (10.0.12, 10.0.1226.42308), X64 RyuJIT x86-64-v4
// GC=Concurrent Workstation
// HardwareIntrinsics=AVX512 BITALG+VBMI2+VNNI+VPOPCNTDQ,AVX512 IFMA+VBMI,AVX512 F+BW+CD+DQ+VL,AVX2+BMI1+BMI2+F16C+FMA+LZCNT+MOVBE,AVX,SSE3+SSSE3+SSE4.1+SSE4.2+POPCNT,X86Base+SSE+SSE2,AES+PCLMUL,AvxVnni VectorSize=256
// Job: ShortRun(InvocationCount=1, IterationCount=3, LaunchCount=1, UnrollFactor=1, WarmupCount=3)

OverheadJitting  1: 1 op, 430267.00 ns, 430.2670 us/op
WorkloadJitting  1: 1 op, 21368616.00 ns, 21.3686 ms/op

OverheadWarmup   1: 1 op, 642.00 ns, 642.0000 ns/op
OverheadWarmup   2: 1 op, 531.00 ns, 531.0000 ns/op
OverheadWarmup   3: 1 op, 531.00 ns, 531.0000 ns/op
OverheadWarmup   4: 1 op, 370.00 ns, 370.0000 ns/op
OverheadWarmup   5: 1 op, 802.00 ns, 802.0000 ns/op
OverheadWarmup   6: 1 op, 571.00 ns, 571.0000 ns/op

OverheadActual   1: 1 op, 451.00 ns, 451.0000 ns/op
OverheadActual   2: 1 op, 421.00 ns, 421.0000 ns/op
OverheadActual   3: 1 op, 411.00 ns, 411.0000 ns/op
OverheadActual   4: 1 op, 661.00 ns, 661.0000 ns/op
OverheadActual   5: 1 op, 441.00 ns, 441.0000 ns/op
OverheadActual   6: 1 op, 431.00 ns, 431.0000 ns/op
OverheadActual   7: 1 op, 441.00 ns, 441.0000 ns/op
OverheadActual   8: 1 op, 791.00 ns, 791.0000 ns/op
OverheadActual   9: 1 op, 431.00 ns, 431.0000 ns/op
OverheadActual  10: 1 op, 441.00 ns, 441.0000 ns/op
OverheadActual  11: 1 op, 671.00 ns, 671.0000 ns/op
OverheadActual  12: 1 op, 410.00 ns, 410.0000 ns/op
OverheadActual  13: 1 op, 440.00 ns, 440.0000 ns/op
OverheadActual  14: 1 op, 461.00 ns, 461.0000 ns/op
OverheadActual  15: 1 op, 340.00 ns, 340.0000 ns/op
OverheadActual  16: 1 op, 421.00 ns, 421.0000 ns/op
OverheadActual  17: 1 op, 421.00 ns, 421.0000 ns/op
OverheadActual  18: 1 op, 491.00 ns, 491.0000 ns/op
OverheadActual  19: 1 op, 431.00 ns, 431.0000 ns/op
OverheadActual  20: 1 op, 421.00 ns, 421.0000 ns/op

WorkloadWarmup   1: 1 op, 427942.00 ns, 427.9420 us/op
WorkloadWarmup   2: 1 op, 321843.00 ns, 321.8430 us/op
WorkloadWarmup   3: 1 op, 313447.00 ns, 313.4470 us/op

// BeforeActualRun
WorkloadActual   1: 1 op, 482655.00 ns, 482.6550 us/op
WorkloadActual   2: 1 op, 401863.00 ns, 401.8630 us/op
WorkloadActual   3: 1 op, 383043.00 ns, 383.0430 us/op

// AfterActualRun
WorkloadResult   1: 1 op, 482219.50 ns, 482.2195 us/op
WorkloadResult   2: 1 op, 401427.50 ns, 401.4275 us/op
WorkloadResult   3: 1 op, 382607.50 ns, 382.6075 us/op
// GC:  0 0 0 82800 1
// Threading:  0 0 1

// AfterAll
// Benchmark Process 458167 has exited with code 0.

Mean = 422.085 us, StdErr = 30.554 us (7.24%), N = 3, StdDev = 52.921 us
Min = 382.608 us, Q1 = 392.017 us, Median = 401.428 us, Q3 = 441.824 us, Max = 482.219 us
IQR = 49.806 us, LowerFence = 317.308 us, UpperFence = 516.533 us
ConfidenceInterval = [-543.400 us; 1,387.569 us] (CI 99.9%), Margin = 965.485 us (228.74% of Mean)
Skewness = 0.33, Kurtosis = 0.67, MValue = 2

// ** Remained 11 (36.7%) benchmark(s) to run. Estimated finish 2026-09-22 0:52 (0h 0m from now) **
// **************************
// Benchmark: SessionSetupDecompositionBenchmarks.ComponentC2_SessionConstructStartAsync: ShortRun(InvocationCount=1, IterationCount=3, LaunchCount=1, UnrollFactor=1, WarmupCount=3) [Sessions=100]
// *** Execute ***
// Launch: 1 / 1
// Execute: dotnet WinForward.Benchmarks-ShortRun-1.dll --anonymousPipes 122 123 --benchmarkName "WinForward.Benchmarks.Perf.SessionSetupDecompositionBenchmarks.ComponentC2_SessionConstructStartAsync(Sessions: 100)" --job ShortRun --benchmarkId 19 in /home/paff/Projects/WinForward/benchmarks/WinForward.Benchmarks/bin/Release/net10.0/WinForward.Benchmarks-ShortRun-1/bin/Release/net10.0
// Failed to set up high priority (Permission denied). In order to run benchmarks with high priority, make sure you have the right permissions.
// BeforeAnythingElse

// Benchmark Process Environment Information:
// BenchmarkDotNet v0.15.8
// Runtime=.NET 10.0.12 (10.0.12, 10.0.1226.42308), X64 RyuJIT x86-64-v4
// GC=Concurrent Workstation
// HardwareIntrinsics=AVX512 BITALG+VBMI2+VNNI+VPOPCNTDQ,AVX512 IFMA+VBMI,AVX512 F+BW+CD+DQ+VL,AVX2+BMI1+BMI2+F16C+FMA+LZCNT+MOVBE,AVX,SSE3+SSSE3+SSE4.1+SSE4.2+POPCNT,X86Base+SSE+SSE2,AES+PCLMUL,AvxVnni VectorSize=256
// Job: ShortRun(InvocationCount=1, IterationCount=3, LaunchCount=1, UnrollFactor=1, WarmupCount=3)

OverheadJitting  1: 1 op, 265868.00 ns, 265.8680 us/op
WorkloadJitting  1: 1 op, 33317314.00 ns, 33.3173 ms/op

OverheadWarmup   1: 1 op, 742.00 ns, 742.0000 ns/op
OverheadWarmup   2: 1 op, 380.00 ns, 380.0000 ns/op
OverheadWarmup   3: 1 op, 441.00 ns, 441.0000 ns/op
OverheadWarmup   4: 1 op, 381.00 ns, 381.0000 ns/op
OverheadWarmup   5: 1 op, 441.00 ns, 441.0000 ns/op
OverheadWarmup   6: 1 op, 440.00 ns, 440.0000 ns/op

OverheadActual   1: 1 op, 420.00 ns, 420.0000 ns/op
OverheadActual   2: 1 op, 461.00 ns, 461.0000 ns/op
OverheadActual   3: 1 op, 441.00 ns, 441.0000 ns/op
OverheadActual   4: 1 op, 411.00 ns, 411.0000 ns/op
OverheadActual   5: 1 op, 441.00 ns, 441.0000 ns/op
OverheadActual   6: 1 op, 290.00 ns, 290.0000 ns/op
OverheadActual   7: 1 op, 440.00 ns, 440.0000 ns/op
OverheadActual   8: 1 op, 441.00 ns, 441.0000 ns/op
OverheadActual   9: 1 op, 421.00 ns, 421.0000 ns/op
OverheadActual  10: 1 op, 280.00 ns, 280.0000 ns/op
OverheadActual  11: 1 op, 440.00 ns, 440.0000 ns/op
OverheadActual  12: 1 op, 1012.00 ns, 1.0120 us/op
OverheadActual  13: 1 op, 441.00 ns, 441.0000 ns/op
OverheadActual  14: 1 op, 420.00 ns, 420.0000 ns/op
OverheadActual  15: 1 op, 431.00 ns, 431.0000 ns/op
OverheadActual  16: 1 op, 461.00 ns, 461.0000 ns/op
OverheadActual  17: 1 op, 291.00 ns, 291.0000 ns/op
OverheadActual  18: 1 op, 461.00 ns, 461.0000 ns/op
OverheadActual  19: 1 op, 461.00 ns, 461.0000 ns/op
OverheadActual  20: 1 op, 421.00 ns, 421.0000 ns/op

WorkloadWarmup   1: 1 op, 936515.00 ns, 936.5150 us/op
WorkloadWarmup   2: 1 op, 380393.00 ns, 380.3930 us/op
WorkloadWarmup   3: 1 op, 362219.00 ns, 362.2190 us/op

// BeforeActualRun
WorkloadActual   1: 1 op, 441177.00 ns, 441.1770 us/op
WorkloadActual   2: 1 op, 452949.00 ns, 452.9490 us/op
WorkloadActual   3: 1 op, 581632.00 ns, 581.6320 us/op

// AfterActualRun
WorkloadResult   1: 1 op, 440737.00 ns, 440.7370 us/op
WorkloadResult   2: 1 op, 452509.00 ns, 452.5090 us/op
WorkloadResult   3: 1 op, 581192.00 ns, 581.1920 us/op
// GC:  0 0 0 271048 1
// Threading:  0 0 1

// AfterAll
// Benchmark Process 458176 has exited with code 0.

Mean = 491.479 us, StdErr = 44.985 us (9.15%), N = 3, StdDev = 77.916 us
Min = 440.737 us, Q1 = 446.623 us, Median = 452.509 us, Q3 = 516.851 us, Max = 581.192 us
IQR = 70.228 us, LowerFence = 341.282 us, UpperFence = 622.192 us
ConfidenceInterval = [-930.000 us; 1,912.959 us] (CI 99.9%), Margin = 1,421.480 us (289.22% of Mean)
Skewness = 0.38, Kurtosis = 0.67, MValue = 2

// ** Remained 10 (33.3%) benchmark(s) to run. Estimated finish 2026-09-22 0:52 (0h 0m from now) **
// **************************
// Benchmark: SessionSetupDecompositionBenchmarks.StageS0_CoordinatorOnly: ShortRun(InvocationCount=1, IterationCount=3, LaunchCount=1, UnrollFactor=1, WarmupCount=3) [Sessions=1000]
// *** Execute ***
// Launch: 1 / 1
// Execute: dotnet WinForward.Benchmarks-ShortRun-1.dll --anonymousPipes 122 123 --benchmarkName "WinForward.Benchmarks.Perf.SessionSetupDecompositionBenchmarks.StageS0_CoordinatorOnly(Sessions: 1000)" --job ShortRun --benchmarkId 20 in /home/paff/Projects/WinForward/benchmarks/WinForward.Benchmarks/bin/Release/net10.0/WinForward.Benchmarks-ShortRun-1/bin/Release/net10.0
// Failed to set up high priority (Permission denied). In order to run benchmarks with high priority, make sure you have the right permissions.
// BeforeAnythingElse

// Benchmark Process Environment Information:
// BenchmarkDotNet v0.15.8
// Runtime=.NET 10.0.12 (10.0.12, 10.0.1226.42308), X64 RyuJIT x86-64-v4
// GC=Concurrent Workstation
// HardwareIntrinsics=AVX512 BITALG+VBMI2+VNNI+VPOPCNTDQ,AVX512 IFMA+VBMI,AVX512 F+BW+CD+DQ+VL,AVX2+BMI1+BMI2+F16C+FMA+LZCNT+MOVBE,AVX,SSE3+SSSE3+SSE4.1+SSE4.2+POPCNT,X86Base+SSE+SSE2,AES+PCLMUL,AvxVnni VectorSize=256
// Job: ShortRun(InvocationCount=1, IterationCount=3, LaunchCount=1, UnrollFactor=1, WarmupCount=3)

OverheadJitting  1: 1 op, 331481.00 ns, 331.4810 us/op
WorkloadJitting  1: 1 op, 7938390.00 ns, 7.9384 ms/op

OverheadWarmup   1: 1 op, 932.00 ns, 932.0000 ns/op
OverheadWarmup   2: 1 op, 891.00 ns, 891.0000 ns/op
OverheadWarmup   3: 1 op, 812.00 ns, 812.0000 ns/op
OverheadWarmup   4: 1 op, 451.00 ns, 451.0000 ns/op
OverheadWarmup   5: 1 op, 280.00 ns, 280.0000 ns/op
OverheadWarmup   6: 1 op, 411.00 ns, 411.0000 ns/op
OverheadWarmup   7: 1 op, 270.00 ns, 270.0000 ns/op
OverheadWarmup   8: 1 op, 281.00 ns, 281.0000 ns/op
OverheadWarmup   9: 1 op, 241.00 ns, 241.0000 ns/op

OverheadActual   1: 1 op, 431.00 ns, 431.0000 ns/op
OverheadActual   2: 1 op, 421.00 ns, 421.0000 ns/op
OverheadActual   3: 1 op, 391.00 ns, 391.0000 ns/op
OverheadActual   4: 1 op, 401.00 ns, 401.0000 ns/op
OverheadActual   5: 1 op, 411.00 ns, 411.0000 ns/op
OverheadActual   6: 1 op, 411.00 ns, 411.0000 ns/op
OverheadActual   7: 1 op, 411.00 ns, 411.0000 ns/op
OverheadActual   8: 1 op, 380.00 ns, 380.0000 ns/op
OverheadActual   9: 1 op, 311.00 ns, 311.0000 ns/op
OverheadActual  10: 1 op, 281.00 ns, 281.0000 ns/op
OverheadActual  11: 1 op, 421.00 ns, 421.0000 ns/op
OverheadActual  12: 1 op, 441.00 ns, 441.0000 ns/op
OverheadActual  13: 1 op, 431.00 ns, 431.0000 ns/op
OverheadActual  14: 1 op, 682.00 ns, 682.0000 ns/op
OverheadActual  15: 1 op, 330.00 ns, 330.0000 ns/op
OverheadActual  16: 1 op, 391.00 ns, 391.0000 ns/op
OverheadActual  17: 1 op, 371.00 ns, 371.0000 ns/op
OverheadActual  18: 1 op, 330.00 ns, 330.0000 ns/op
OverheadActual  19: 1 op, 331.00 ns, 331.0000 ns/op
OverheadActual  20: 1 op, 331.00 ns, 331.0000 ns/op

WorkloadWarmup   1: 1 op, 215514.00 ns, 215.5140 us/op
WorkloadWarmup   2: 1 op, 58480.00 ns, 58.4800 us/op
WorkloadWarmup   3: 1 op, 57508.00 ns, 57.5080 us/op

// BeforeActualRun
WorkloadActual   1: 1 op, 84598.00 ns, 84.5980 us/op
WorkloadActual   2: 1 op, 57537.00 ns, 57.5370 us/op
WorkloadActual   3: 1 op, 138079.00 ns, 138.0790 us/op

// AfterActualRun
WorkloadResult   1: 1 op, 84202.00 ns, 84.2020 us/op
WorkloadResult   2: 1 op, 57141.00 ns, 57.1410 us/op
WorkloadResult   3: 1 op, 137683.00 ns, 137.6830 us/op
// GC:  0 0 0 496680 1
// Threading:  0 0 1

// AfterAll
// Benchmark Process 458190 has exited with code 0.

Mean = 93.009 us, StdErr = 23.664 us (25.44%), N = 3, StdDev = 40.987 us
Min = 57.141 us, Q1 = 70.671 us, Median = 84.202 us, Q3 = 110.942 us, Max = 137.683 us
IQR = 40.271 us, LowerFence = 10.265 us, UpperFence = 171.349 us
ConfidenceInterval = [-654.744 us; 840.761 us] (CI 99.9%), Margin = 747.753 us (803.96% of Mean)
Skewness = 0.2, Kurtosis = 0.67, MValue = 2

// ** Remained 9 (30.0%) benchmark(s) to run. Estimated finish 2026-09-22 0:52 (0h 0m from now) **
// **************************
// Benchmark: SessionSetupDecompositionBenchmarks.StageS1_AdmissionOnlyAsync: ShortRun(InvocationCount=1, IterationCount=3, LaunchCount=1, UnrollFactor=1, WarmupCount=3) [Sessions=1000]
// *** Execute ***
// Launch: 1 / 1
// Execute: dotnet WinForward.Benchmarks-ShortRun-1.dll --anonymousPipes 122 123 --benchmarkName "WinForward.Benchmarks.Perf.SessionSetupDecompositionBenchmarks.StageS1_AdmissionOnlyAsync(Sessions: 1000)" --job ShortRun --benchmarkId 21 in /home/paff/Projects/WinForward/benchmarks/WinForward.Benchmarks/bin/Release/net10.0/WinForward.Benchmarks-ShortRun-1/bin/Release/net10.0
// Failed to set up high priority (Permission denied). In order to run benchmarks with high priority, make sure you have the right permissions.
// BeforeAnythingElse

// Benchmark Process Environment Information:
// BenchmarkDotNet v0.15.8
// Runtime=.NET 10.0.12 (10.0.12, 10.0.1226.42308), X64 RyuJIT x86-64-v4
// GC=Concurrent Workstation
// HardwareIntrinsics=AVX512 BITALG+VBMI2+VNNI+VPOPCNTDQ,AVX512 IFMA+VBMI,AVX512 F+BW+CD+DQ+VL,AVX2+BMI1+BMI2+F16C+FMA+LZCNT+MOVBE,AVX,SSE3+SSSE3+SSE4.1+SSE4.2+POPCNT,X86Base+SSE+SSE2,AES+PCLMUL,AvxVnni VectorSize=256
// Job: ShortRun(InvocationCount=1, IterationCount=3, LaunchCount=1, UnrollFactor=1, WarmupCount=3)

OverheadJitting  1: 1 op, 285105.00 ns, 285.1050 us/op
WorkloadJitting  1: 1 op, 28832116.00 ns, 28.8321 ms/op

OverheadWarmup   1: 1 op, 511.00 ns, 511.0000 ns/op
OverheadWarmup   2: 1 op, 300.00 ns, 300.0000 ns/op
OverheadWarmup   3: 1 op, 431.00 ns, 431.0000 ns/op
OverheadWarmup   4: 1 op, 420.00 ns, 420.0000 ns/op
OverheadWarmup   5: 1 op, 421.00 ns, 421.0000 ns/op
OverheadWarmup   6: 1 op, 371.00 ns, 371.0000 ns/op

OverheadActual   1: 1 op, 401.00 ns, 401.0000 ns/op
OverheadActual   2: 1 op, 431.00 ns, 431.0000 ns/op
OverheadActual   3: 1 op, 411.00 ns, 411.0000 ns/op
OverheadActual   4: 1 op, 420.00 ns, 420.0000 ns/op
OverheadActual   5: 1 op, 301.00 ns, 301.0000 ns/op
OverheadActual   6: 1 op, 440.00 ns, 440.0000 ns/op
OverheadActual   7: 1 op, 301.00 ns, 301.0000 ns/op
OverheadActual   8: 1 op, 420.00 ns, 420.0000 ns/op
OverheadActual   9: 1 op, 291.00 ns, 291.0000 ns/op
OverheadActual  10: 1 op, 281.00 ns, 281.0000 ns/op
OverheadActual  11: 1 op, 430.00 ns, 430.0000 ns/op
OverheadActual  12: 1 op, 441.00 ns, 441.0000 ns/op
OverheadActual  13: 1 op, 891.00 ns, 891.0000 ns/op
OverheadActual  14: 1 op, 321.00 ns, 321.0000 ns/op
OverheadActual  15: 1 op, 310.00 ns, 310.0000 ns/op
OverheadActual  16: 1 op, 300.00 ns, 300.0000 ns/op
OverheadActual  17: 1 op, 441.00 ns, 441.0000 ns/op
OverheadActual  18: 1 op, 431.00 ns, 431.0000 ns/op
OverheadActual  19: 1 op, 320.00 ns, 320.0000 ns/op
OverheadActual  20: 1 op, 411.00 ns, 411.0000 ns/op

WorkloadWarmup   1: 1 op, 3626387.00 ns, 3.6264 ms/op
WorkloadWarmup   2: 1 op, 2245479.00 ns, 2.2455 ms/op
WorkloadWarmup   3: 1 op, 2674133.00 ns, 2.6741 ms/op

// BeforeActualRun
WorkloadActual   1: 1 op, 3051360.00 ns, 3.0514 ms/op
WorkloadActual   2: 1 op, 3262055.00 ns, 3.2621 ms/op
WorkloadActual   3: 1 op, 2469349.00 ns, 2.4693 ms/op

// AfterActualRun
WorkloadResult   1: 1 op, 3050949.00 ns, 3.0509 ms/op
WorkloadResult   2: 1 op, 3261644.00 ns, 3.2616 ms/op
WorkloadResult   3: 1 op, 2468938.00 ns, 2.4689 ms/op
// GC:  0 0 0 1323552 1
// Threading:  0 0 1

// AfterAll
// Benchmark Process 458199 has exited with code 0.

Mean = 2.927 ms, StdErr = 0.237 ms (8.10%), N = 3, StdDev = 0.411 ms
Min = 2.469 ms, Q1 = 2.760 ms, Median = 3.051 ms, Q3 = 3.156 ms, Max = 3.262 ms
IQR = 0.396 ms, LowerFence = 2.165 ms, UpperFence = 3.751 ms
ConfidenceInterval = [-4.564 ms; 10.418 ms] (CI 99.9%), Margin = 7.491 ms (255.90% of Mean)
Skewness = -0.27, Kurtosis = 0.67, MValue = 2

// ** Remained 8 (26.7%) benchmark(s) to run. Estimated finish 2026-09-22 0:52 (0h 0m from now) **
// **************************
// Benchmark: SessionSetupDecompositionBenchmarks.StageS2_SetupStartedAsync: ShortRun(InvocationCount=1, IterationCount=3, LaunchCount=1, UnrollFactor=1, WarmupCount=3) [Sessions=1000]
// *** Execute ***
// Launch: 1 / 1
// Execute: dotnet WinForward.Benchmarks-ShortRun-1.dll --anonymousPipes 122 123 --benchmarkName "WinForward.Benchmarks.Perf.SessionSetupDecompositionBenchmarks.StageS2_SetupStartedAsync(Sessions: 1000)" --job ShortRun --benchmarkId 22 in /home/paff/Projects/WinForward/benchmarks/WinForward.Benchmarks/bin/Release/net10.0/WinForward.Benchmarks-ShortRun-1/bin/Release/net10.0
// Failed to set up high priority (Permission denied). In order to run benchmarks with high priority, make sure you have the right permissions.
// BeforeAnythingElse

// Benchmark Process Environment Information:
// BenchmarkDotNet v0.15.8
// Runtime=.NET 10.0.12 (10.0.12, 10.0.1226.42308), X64 RyuJIT x86-64-v4
// GC=Concurrent Workstation
// HardwareIntrinsics=AVX512 BITALG+VBMI2+VNNI+VPOPCNTDQ,AVX512 IFMA+VBMI,AVX512 F+BW+CD+DQ+VL,AVX2+BMI1+BMI2+F16C+FMA+LZCNT+MOVBE,AVX,SSE3+SSSE3+SSE4.1+SSE4.2+POPCNT,X86Base+SSE+SSE2,AES+PCLMUL,AvxVnni VectorSize=256
// Job: ShortRun(InvocationCount=1, IterationCount=3, LaunchCount=1, UnrollFactor=1, WarmupCount=3)

OverheadJitting  1: 1 op, 263834.00 ns, 263.8340 us/op
WorkloadJitting  1: 1 op, 119751489.00 ns, 119.7515 ms/op

OverheadWarmup   1: 1 op, 921.00 ns, 921.0000 ns/op
OverheadWarmup   2: 1 op, 922.00 ns, 922.0000 ns/op
OverheadWarmup   3: 1 op, 401.00 ns, 401.0000 ns/op
OverheadWarmup   4: 1 op, 491.00 ns, 491.0000 ns/op
OverheadWarmup   5: 1 op, 541.00 ns, 541.0000 ns/op
OverheadWarmup   6: 1 op, 430.00 ns, 430.0000 ns/op

OverheadActual   1: 1 op, 401.00 ns, 401.0000 ns/op
OverheadActual   2: 1 op, 411.00 ns, 411.0000 ns/op
OverheadActual   3: 1 op, 401.00 ns, 401.0000 ns/op
OverheadActual   4: 1 op, 431.00 ns, 431.0000 ns/op
OverheadActual   5: 1 op, 461.00 ns, 461.0000 ns/op
OverheadActual   6: 1 op, 681.00 ns, 681.0000 ns/op
OverheadActual   7: 1 op, 421.00 ns, 421.0000 ns/op
OverheadActual   8: 1 op, 441.00 ns, 441.0000 ns/op
OverheadActual   9: 1 op, 421.00 ns, 421.0000 ns/op
OverheadActual  10: 1 op, 301.00 ns, 301.0000 ns/op
OverheadActual  11: 1 op, 411.00 ns, 411.0000 ns/op
OverheadActual  12: 1 op, 420.00 ns, 420.0000 ns/op
OverheadActual  13: 1 op, 431.00 ns, 431.0000 ns/op
OverheadActual  14: 1 op, 431.00 ns, 431.0000 ns/op
OverheadActual  15: 1 op, 311.00 ns, 311.0000 ns/op
OverheadActual  16: 1 op, 321.00 ns, 321.0000 ns/op
OverheadActual  17: 1 op, 441.00 ns, 441.0000 ns/op
OverheadActual  18: 1 op, 431.00 ns, 431.0000 ns/op
OverheadActual  19: 1 op, 431.00 ns, 431.0000 ns/op
OverheadActual  20: 1 op, 421.00 ns, 421.0000 ns/op

WorkloadWarmup   1: 1 op, 82055464.00 ns, 82.0555 ms/op
WorkloadWarmup   2: 1 op, 80010791.00 ns, 80.0108 ms/op
WorkloadWarmup   3: 1 op, 83590883.00 ns, 83.5909 ms/op

// BeforeActualRun
WorkloadActual   1: 1 op, 82927109.00 ns, 82.9271 ms/op
WorkloadActual   2: 1 op, 82912832.00 ns, 82.9128 ms/op
WorkloadActual   3: 1 op, 80785352.00 ns, 80.7854 ms/op

// AfterActualRun
WorkloadResult   1: 1 op, 82926688.00 ns, 82.9267 ms/op
WorkloadResult   2: 1 op, 82912411.00 ns, 82.9124 ms/op
WorkloadResult   3: 1 op, 80784931.00 ns, 80.7849 ms/op
// GC:  0 0 0 1522200 1
// Threading:  4 14 1

// AfterAll
// Benchmark Process 458208 has exited with code 0.

Mean = 82.208 ms, StdErr = 0.712 ms (0.87%), N = 3, StdDev = 1.232 ms
Min = 80.785 ms, Q1 = 81.849 ms, Median = 82.912 ms, Q3 = 82.920 ms, Max = 82.927 ms
IQR = 1.071 ms, LowerFence = 80.242 ms, UpperFence = 84.526 ms
ConfidenceInterval = [59.724 ms; 104.692 ms] (CI 99.9%), Margin = 22.484 ms (27.35% of Mean)
Skewness = -0.38, Kurtosis = 0.67, MValue = 2

// ** Remained 7 (23.3%) benchmark(s) to run. Estimated finish 2026-09-22 0:52 (0h 0m from now) **
// **************************
// Benchmark: SessionSetupDecompositionBenchmarks.StageS3_PipelineNoPayloadAsync: ShortRun(InvocationCount=1, IterationCount=3, LaunchCount=1, UnrollFactor=1, WarmupCount=3) [Sessions=1000]
// *** Execute ***
// Launch: 1 / 1
// Execute: dotnet WinForward.Benchmarks-ShortRun-1.dll --anonymousPipes 122 123 --benchmarkName "WinForward.Benchmarks.Perf.SessionSetupDecompositionBenchmarks.StageS3_PipelineNoPayloadAsync(Sessions: 1000)" --job ShortRun --benchmarkId 23 in /home/paff/Projects/WinForward/benchmarks/WinForward.Benchmarks/bin/Release/net10.0/WinForward.Benchmarks-ShortRun-1/bin/Release/net10.0
// Failed to set up high priority (Permission denied). In order to run benchmarks with high priority, make sure you have the right permissions.
// BeforeAnythingElse

// Benchmark Process Environment Information:
// BenchmarkDotNet v0.15.8
// Runtime=.NET 10.0.12 (10.0.12, 10.0.1226.42308), X64 RyuJIT x86-64-v4
// GC=Concurrent Workstation
// HardwareIntrinsics=AVX512 BITALG+VBMI2+VNNI+VPOPCNTDQ,AVX512 IFMA+VBMI,AVX512 F+BW+CD+DQ+VL,AVX2+BMI1+BMI2+F16C+FMA+LZCNT+MOVBE,AVX,SSE3+SSSE3+SSE4.1+SSE4.2+POPCNT,X86Base+SSE+SSE2,AES+PCLMUL,AvxVnni VectorSize=256
// Job: ShortRun(InvocationCount=1, IterationCount=3, LaunchCount=1, UnrollFactor=1, WarmupCount=3)

OverheadJitting  1: 1 op, 425588.00 ns, 425.5880 us/op
WorkloadJitting  1: 1 op, 126423160.00 ns, 126.4232 ms/op

OverheadWarmup   1: 1 op, 861.00 ns, 861.0000 ns/op
OverheadWarmup   2: 1 op, 852.00 ns, 852.0000 ns/op
OverheadWarmup   3: 1 op, 812.00 ns, 812.0000 ns/op
OverheadWarmup   4: 1 op, 681.00 ns, 681.0000 ns/op
OverheadWarmup   5: 1 op, 501.00 ns, 501.0000 ns/op
OverheadWarmup   6: 1 op, 821.00 ns, 821.0000 ns/op
OverheadWarmup   7: 1 op, 801.00 ns, 801.0000 ns/op
OverheadWarmup   8: 1 op, 692.00 ns, 692.0000 ns/op
OverheadWarmup   9: 1 op, 721.00 ns, 721.0000 ns/op
OverheadWarmup  10: 1 op, 571.00 ns, 571.0000 ns/op

OverheadActual   1: 1 op, 591.00 ns, 591.0000 ns/op
OverheadActual   2: 1 op, 421.00 ns, 421.0000 ns/op
OverheadActual   3: 1 op, 832.00 ns, 832.0000 ns/op
OverheadActual   4: 1 op, 642.00 ns, 642.0000 ns/op
OverheadActual   5: 1 op, 551.00 ns, 551.0000 ns/op
OverheadActual   6: 1 op, 541.00 ns, 541.0000 ns/op
OverheadActual   7: 1 op, 832.00 ns, 832.0000 ns/op
OverheadActual   8: 1 op, 541.00 ns, 541.0000 ns/op
OverheadActual   9: 1 op, 501.00 ns, 501.0000 ns/op
OverheadActual  10: 1 op, 591.00 ns, 591.0000 ns/op
OverheadActual  11: 1 op, 711.00 ns, 711.0000 ns/op
OverheadActual  12: 1 op, 881.00 ns, 881.0000 ns/op
OverheadActual  13: 1 op, 611.00 ns, 611.0000 ns/op
OverheadActual  14: 1 op, 481.00 ns, 481.0000 ns/op
OverheadActual  15: 1 op, 471.00 ns, 471.0000 ns/op
OverheadActual  16: 1 op, 521.00 ns, 521.0000 ns/op
OverheadActual  17: 1 op, 932.00 ns, 932.0000 ns/op
OverheadActual  18: 1 op, 341.00 ns, 341.0000 ns/op
OverheadActual  19: 1 op, 381.00 ns, 381.0000 ns/op
OverheadActual  20: 1 op, 361.00 ns, 361.0000 ns/op

WorkloadWarmup   1: 1 op, 69933254.00 ns, 69.9333 ms/op
WorkloadWarmup   2: 1 op, 66625889.00 ns, 66.6259 ms/op
WorkloadWarmup   3: 1 op, 89043434.00 ns, 89.0434 ms/op

// BeforeActualRun
WorkloadActual   1: 1 op, 80021823.00 ns, 80.0218 ms/op
WorkloadActual   2: 1 op, 88646572.00 ns, 88.6466 ms/op
WorkloadActual   3: 1 op, 67320707.00 ns, 67.3207 ms/op

// AfterActualRun
WorkloadResult   1: 1 op, 80021277.00 ns, 80.0213 ms/op
WorkloadResult   2: 1 op, 88646026.00 ns, 88.6460 ms/op
WorkloadResult   3: 1 op, 67320161.00 ns, 67.3202 ms/op
// GC:  0 0 0 4410592 1
// Threading:  991 452 1

// AfterAll
// Benchmark Process 458770 has exited with code 0.

Mean = 78.662 ms, StdErr = 6.194 ms (7.87%), N = 3, StdDev = 10.728 ms
Min = 67.320 ms, Q1 = 73.671 ms, Median = 80.021 ms, Q3 = 84.334 ms, Max = 88.646 ms
IQR = 10.663 ms, LowerFence = 57.676 ms, UpperFence = 100.328 ms
ConfidenceInterval = [-117.050 ms; 274.375 ms] (CI 99.9%), Margin = 195.713 ms (248.80% of Mean)
Skewness = -0.12, Kurtosis = 0.67, MValue = 2

// ** Remained 6 (20.0%) benchmark(s) to run. Estimated finish 2026-09-22 0:52 (0h 0m from now) **
// **************************
// Benchmark: SessionSetupDecompositionBenchmarks.StageS4_ReadinessTeardownOutsideAsync: ShortRun(InvocationCount=1, IterationCount=3, LaunchCount=1, UnrollFactor=1, WarmupCount=3) [Sessions=1000]
// *** Execute ***
// Launch: 1 / 1
// Execute: dotnet WinForward.Benchmarks-ShortRun-1.dll --anonymousPipes 122 123 --benchmarkName "WinForward.Benchmarks.Perf.SessionSetupDecompositionBenchmarks.StageS4_ReadinessTeardownOutsideAsync(Sessions: 1000)" --job ShortRun --benchmarkId 24 in /home/paff/Projects/WinForward/benchmarks/WinForward.Benchmarks/bin/Release/net10.0/WinForward.Benchmarks-ShortRun-1/bin/Release/net10.0
// Failed to set up high priority (Permission denied). In order to run benchmarks with high priority, make sure you have the right permissions.
// BeforeAnythingElse

// Benchmark Process Environment Information:
// BenchmarkDotNet v0.15.8
// Runtime=.NET 10.0.12 (10.0.12, 10.0.1226.42308), X64 RyuJIT x86-64-v4
// GC=Concurrent Workstation
// HardwareIntrinsics=AVX512 BITALG+VBMI2+VNNI+VPOPCNTDQ,AVX512 IFMA+VBMI,AVX512 F+BW+CD+DQ+VL,AVX2+BMI1+BMI2+F16C+FMA+LZCNT+MOVBE,AVX,SSE3+SSSE3+SSE4.1+SSE4.2+POPCNT,X86Base+SSE+SSE2,AES+PCLMUL,AvxVnni VectorSize=256
// Job: ShortRun(InvocationCount=1, IterationCount=3, LaunchCount=1, UnrollFactor=1, WarmupCount=3)

OverheadJitting  1: 1 op, 417402.00 ns, 417.4020 us/op
WorkloadJitting  1: 1 op, 153420111.00 ns, 153.4201 ms/op

OverheadWarmup   1: 1 op, 751.00 ns, 751.0000 ns/op
OverheadWarmup   2: 1 op, 391.00 ns, 391.0000 ns/op
OverheadWarmup   3: 1 op, 481.00 ns, 481.0000 ns/op
OverheadWarmup   4: 1 op, 461.00 ns, 461.0000 ns/op
OverheadWarmup   5: 1 op, 440.00 ns, 440.0000 ns/op
OverheadWarmup   6: 1 op, 461.00 ns, 461.0000 ns/op
OverheadWarmup   7: 1 op, 441.00 ns, 441.0000 ns/op

OverheadActual   1: 1 op, 832.00 ns, 832.0000 ns/op
OverheadActual   2: 1 op, 400.00 ns, 400.0000 ns/op
OverheadActual   3: 1 op, 451.00 ns, 451.0000 ns/op
OverheadActual   4: 1 op, 370.00 ns, 370.0000 ns/op
OverheadActual   5: 1 op, 421.00 ns, 421.0000 ns/op
OverheadActual   6: 1 op, 451.00 ns, 451.0000 ns/op
OverheadActual   7: 1 op, 501.00 ns, 501.0000 ns/op
OverheadActual   8: 1 op, 431.00 ns, 431.0000 ns/op
OverheadActual   9: 1 op, 441.00 ns, 441.0000 ns/op
OverheadActual  10: 1 op, 681.00 ns, 681.0000 ns/op
OverheadActual  11: 1 op, 291.00 ns, 291.0000 ns/op
OverheadActual  12: 1 op, 421.00 ns, 421.0000 ns/op
OverheadActual  13: 1 op, 501.00 ns, 501.0000 ns/op
OverheadActual  14: 1 op, 421.00 ns, 421.0000 ns/op
OverheadActual  15: 1 op, 380.00 ns, 380.0000 ns/op
OverheadActual  16: 1 op, 421.00 ns, 421.0000 ns/op
OverheadActual  17: 1 op, 361.00 ns, 361.0000 ns/op
OverheadActual  18: 1 op, 431.00 ns, 431.0000 ns/op
OverheadActual  19: 1 op, 401.00 ns, 401.0000 ns/op
OverheadActual  20: 1 op, 401.00 ns, 401.0000 ns/op

WorkloadWarmup   1: 1 op, 71808077.00 ns, 71.8081 ms/op
WorkloadWarmup   2: 1 op, 64696516.00 ns, 64.6965 ms/op
WorkloadWarmup   3: 1 op, 67218812.00 ns, 67.2188 ms/op

// BeforeActualRun
WorkloadActual   1: 1 op, 71370113.00 ns, 71.3701 ms/op
WorkloadActual   2: 1 op, 65762715.00 ns, 65.7627 ms/op
WorkloadActual   3: 1 op, 66277229.00 ns, 66.2772 ms/op

// AfterActualRun
WorkloadResult   1: 1 op, 71369692.00 ns, 71.3697 ms/op
WorkloadResult   2: 1 op, 65762294.00 ns, 65.7623 ms/op
WorkloadResult   3: 1 op, 66276808.00 ns, 66.2768 ms/op
// GC:  0 0 0 4265168 1
// Threading:  1002 436 1

// AfterAll
// Benchmark Process 459329 has exited with code 0.

Mean = 67.803 ms, StdErr = 1.790 ms (2.64%), N = 3, StdDev = 3.100 ms
Min = 65.762 ms, Q1 = 66.020 ms, Median = 66.277 ms, Q3 = 68.823 ms, Max = 71.370 ms
IQR = 2.804 ms, LowerFence = 61.814 ms, UpperFence = 73.029 ms
ConfidenceInterval = [11.255 ms; 124.351 ms] (CI 99.9%), Margin = 56.548 ms (83.40% of Mean)
Skewness = 0.37, Kurtosis = 0.67, MValue = 2

// ** Remained 5 (16.7%) benchmark(s) to run. Estimated finish 2026-09-22 0:52 (0h 0m from now) **
// **************************
// Benchmark: SessionSetupDecompositionBenchmarks.StageS5_ReadinessTeardownInsideAsync: ShortRun(InvocationCount=1, IterationCount=3, LaunchCount=1, UnrollFactor=1, WarmupCount=3) [Sessions=1000]
// *** Execute ***
// Launch: 1 / 1
// Execute: dotnet WinForward.Benchmarks-ShortRun-1.dll --anonymousPipes 122 123 --benchmarkName "WinForward.Benchmarks.Perf.SessionSetupDecompositionBenchmarks.StageS5_ReadinessTeardownInsideAsync(Sessions: 1000)" --job ShortRun --benchmarkId 25 in /home/paff/Projects/WinForward/benchmarks/WinForward.Benchmarks/bin/Release/net10.0/WinForward.Benchmarks-ShortRun-1/bin/Release/net10.0
// Failed to set up high priority (Permission denied). In order to run benchmarks with high priority, make sure you have the right permissions.
// BeforeAnythingElse

// Benchmark Process Environment Information:
// BenchmarkDotNet v0.15.8
// Runtime=.NET 10.0.12 (10.0.12, 10.0.1226.42308), X64 RyuJIT x86-64-v4
// GC=Concurrent Workstation
// HardwareIntrinsics=AVX512 BITALG+VBMI2+VNNI+VPOPCNTDQ,AVX512 IFMA+VBMI,AVX512 F+BW+CD+DQ+VL,AVX2+BMI1+BMI2+F16C+FMA+LZCNT+MOVBE,AVX,SSE3+SSSE3+SSE4.1+SSE4.2+POPCNT,X86Base+SSE+SSE2,AES+PCLMUL,AvxVnni VectorSize=256
// Job: ShortRun(InvocationCount=1, IterationCount=3, LaunchCount=1, UnrollFactor=1, WarmupCount=3)

OverheadJitting  1: 1 op, 325200.00 ns, 325.2000 us/op
WorkloadJitting  1: 1 op, 168519767.00 ns, 168.5198 ms/op

OverheadWarmup   1: 1 op, 841.00 ns, 841.0000 ns/op
OverheadWarmup   2: 1 op, 912.00 ns, 912.0000 ns/op
OverheadWarmup   3: 1 op, 682.00 ns, 682.0000 ns/op
OverheadWarmup   4: 1 op, 551.00 ns, 551.0000 ns/op
OverheadWarmup   5: 1 op, 671.00 ns, 671.0000 ns/op
OverheadWarmup   6: 1 op, 491.00 ns, 491.0000 ns/op

OverheadActual   1: 1 op, 941.00 ns, 941.0000 ns/op
OverheadActual   2: 1 op, 621.00 ns, 621.0000 ns/op
OverheadActual   3: 1 op, 922.00 ns, 922.0000 ns/op
OverheadActual   4: 1 op, 721.00 ns, 721.0000 ns/op
OverheadActual   5: 1 op, 631.00 ns, 631.0000 ns/op
OverheadActual   6: 1 op, 782.00 ns, 782.0000 ns/op
OverheadActual   7: 1 op, 481.00 ns, 481.0000 ns/op
OverheadActual   8: 1 op, 501.00 ns, 501.0000 ns/op
OverheadActual   9: 1 op, 451.00 ns, 451.0000 ns/op
OverheadActual  10: 1 op, 772.00 ns, 772.0000 ns/op
OverheadActual  11: 1 op, 801.00 ns, 801.0000 ns/op
OverheadActual  12: 1 op, 410.00 ns, 410.0000 ns/op
OverheadActual  13: 1 op, 511.00 ns, 511.0000 ns/op
OverheadActual  14: 1 op, 551.00 ns, 551.0000 ns/op
OverheadActual  15: 1 op, 622.00 ns, 622.0000 ns/op
OverheadActual  16: 1 op, 491.00 ns, 491.0000 ns/op
OverheadActual  17: 1 op, 420.00 ns, 420.0000 ns/op
OverheadActual  18: 1 op, 531.00 ns, 531.0000 ns/op
OverheadActual  19: 1 op, 391.00 ns, 391.0000 ns/op
OverheadActual  20: 1 op, 501.00 ns, 501.0000 ns/op

WorkloadWarmup   1: 1 op, 99562116.00 ns, 99.5621 ms/op
WorkloadWarmup   2: 1 op, 90346280.00 ns, 90.3463 ms/op
WorkloadWarmup   3: 1 op, 100236448.00 ns, 100.2364 ms/op

// BeforeActualRun
WorkloadActual   1: 1 op, 106779933.00 ns, 106.7799 ms/op
WorkloadActual   2: 1 op, 97481512.00 ns, 97.4815 ms/op
WorkloadActual   3: 1 op, 86134612.00 ns, 86.1346 ms/op

// AfterActualRun
WorkloadResult   1: 1 op, 106779392.00 ns, 106.7794 ms/op
WorkloadResult   2: 1 op, 97480971.00 ns, 97.4810 ms/op
WorkloadResult   3: 1 op, 86134071.00 ns, 86.1341 ms/op
// GC:  0 0 0 6500304 1
// Threading:  2001 536 1
// Exceptions:  2128

// AfterAll
// Benchmark Process 459886 has exited with code 0.

Mean = 96.798 ms, StdErr = 5.970 ms (6.17%), N = 3, StdDev = 10.340 ms
Min = 86.134 ms, Q1 = 91.808 ms, Median = 97.481 ms, Q3 = 102.130 ms, Max = 106.779 ms
IQR = 10.323 ms, LowerFence = 76.324 ms, UpperFence = 117.614 ms
ConfidenceInterval = [-91.834 ms; 285.431 ms] (CI 99.9%), Margin = 188.633 ms (194.87% of Mean)
Skewness = -0.07, Kurtosis = 0.67, MValue = 2

// ** Remained 4 (13.3%) benchmark(s) to run. Estimated finish 2026-09-22 0:52 (0h 0m from now) **
// **************************
// Benchmark: SessionSetupDecompositionBenchmarks.BaselineF_FakeTransportCreationAsync: ShortRun(InvocationCount=1, IterationCount=3, LaunchCount=1, UnrollFactor=1, WarmupCount=3) [Sessions=1000]
// *** Execute ***
// Launch: 1 / 1
// Execute: dotnet WinForward.Benchmarks-ShortRun-1.dll --anonymousPipes 122 123 --benchmarkName "WinForward.Benchmarks.Perf.SessionSetupDecompositionBenchmarks.BaselineF_FakeTransportCreationAsync(Sessions: 1000)" --job ShortRun --benchmarkId 26 in /home/paff/Projects/WinForward/benchmarks/WinForward.Benchmarks/bin/Release/net10.0/WinForward.Benchmarks-ShortRun-1/bin/Release/net10.0
// Failed to set up high priority (Permission denied). In order to run benchmarks with high priority, make sure you have the right permissions.
// BeforeAnythingElse

// Benchmark Process Environment Information:
// BenchmarkDotNet v0.15.8
// Runtime=.NET 10.0.12 (10.0.12, 10.0.1226.42308), X64 RyuJIT x86-64-v4
// GC=Concurrent Workstation
// HardwareIntrinsics=AVX512 BITALG+VBMI2+VNNI+VPOPCNTDQ,AVX512 IFMA+VBMI,AVX512 F+BW+CD+DQ+VL,AVX2+BMI1+BMI2+F16C+FMA+LZCNT+MOVBE,AVX,SSE3+SSSE3+SSE4.1+SSE4.2+POPCNT,X86Base+SSE+SSE2,AES+PCLMUL,AvxVnni VectorSize=256
// Job: ShortRun(InvocationCount=1, IterationCount=3, LaunchCount=1, UnrollFactor=1, WarmupCount=3)

OverheadJitting  1: 1 op, 292959.00 ns, 292.9590 us/op
WorkloadJitting  1: 1 op, 6741027.00 ns, 6.7410 ms/op

OverheadWarmup   1: 1 op, 381.00 ns, 381.0000 ns/op
OverheadWarmup   2: 1 op, 371.00 ns, 371.0000 ns/op
OverheadWarmup   3: 1 op, 380.00 ns, 380.0000 ns/op
OverheadWarmup   4: 1 op, 281.00 ns, 281.0000 ns/op
OverheadWarmup   5: 1 op, 270.00 ns, 270.0000 ns/op
OverheadWarmup   6: 1 op, 381.00 ns, 381.0000 ns/op
OverheadWarmup   7: 1 op, 1914.00 ns, 1.9140 us/op
OverheadWarmup   8: 1 op, 401.00 ns, 401.0000 ns/op

OverheadActual   1: 1 op, 631.00 ns, 631.0000 ns/op
OverheadActual   2: 1 op, 711.00 ns, 711.0000 ns/op
OverheadActual   3: 1 op, 481.00 ns, 481.0000 ns/op
OverheadActual   4: 1 op, 411.00 ns, 411.0000 ns/op
OverheadActual   5: 1 op, 500.00 ns, 500.0000 ns/op
OverheadActual   6: 1 op, 360.00 ns, 360.0000 ns/op
OverheadActual   7: 1 op, 461.00 ns, 461.0000 ns/op
OverheadActual   8: 1 op, 521.00 ns, 521.0000 ns/op
OverheadActual   9: 1 op, 381.00 ns, 381.0000 ns/op
OverheadActual  10: 1 op, 441.00 ns, 441.0000 ns/op
OverheadActual  11: 1 op, 461.00 ns, 461.0000 ns/op
OverheadActual  12: 1 op, 681.00 ns, 681.0000 ns/op
OverheadActual  13: 1 op, 381.00 ns, 381.0000 ns/op
OverheadActual  14: 1 op, 380.00 ns, 380.0000 ns/op
OverheadActual  15: 1 op, 380.00 ns, 380.0000 ns/op
OverheadActual  16: 1 op, 291.00 ns, 291.0000 ns/op
OverheadActual  17: 1 op, 390.00 ns, 390.0000 ns/op
OverheadActual  18: 1 op, 481.00 ns, 481.0000 ns/op
OverheadActual  19: 1 op, 411.00 ns, 411.0000 ns/op
OverheadActual  20: 1 op, 461.00 ns, 461.0000 ns/op

WorkloadWarmup   1: 1 op, 412678.00 ns, 412.6780 us/op
WorkloadWarmup   2: 1 op, 162584.00 ns, 162.5840 us/op
WorkloadWarmup   3: 1 op, 124273.00 ns, 124.2730 us/op

// BeforeActualRun
WorkloadActual   1: 1 op, 494769.00 ns, 494.7690 us/op
WorkloadActual   2: 1 op, 133199.00 ns, 133.1990 us/op
WorkloadActual   3: 1 op, 128871.00 ns, 128.8710 us/op

// AfterActualRun
WorkloadResult   1: 1 op, 494318.00 ns, 494.3180 us/op
WorkloadResult   2: 1 op, 132748.00 ns, 132.7480 us/op
WorkloadResult   3: 1 op, 128420.00 ns, 128.4200 us/op
// GC:  0 0 0 104032 1
// Threading:  0 0 1

// AfterAll
// Benchmark Process 460474 has exited with code 0.

Mean = 251.829 us, StdErr = 121.251 us (48.15%), N = 3, StdDev = 210.013 us
Min = 128.420 us, Q1 = 130.584 us, Median = 132.748 us, Q3 = 313.533 us, Max = 494.318 us
IQR = 182.949 us, LowerFence = -143.839 us, UpperFence = 587.957 us
ConfidenceInterval = [-3,579.592 us; 4,083.249 us] (CI 99.9%), Margin = 3,831.420 us (1521.44% of Mean)
Skewness = 0.38, Kurtosis = 0.67, MValue = 2

// ** Remained 3 (10.0%) benchmark(s) to run. Estimated finish 2026-09-22 0:52 (0h 0m from now) **
// **************************
// Benchmark: SessionSetupDecompositionBenchmarks.BaselineH_FlowKeyConstruction: ShortRun(InvocationCount=1, IterationCount=3, LaunchCount=1, UnrollFactor=1, WarmupCount=3) [Sessions=1000]
// *** Execute ***
// Launch: 1 / 1
// Execute: dotnet WinForward.Benchmarks-ShortRun-1.dll --anonymousPipes 122 123 --benchmarkName "WinForward.Benchmarks.Perf.SessionSetupDecompositionBenchmarks.BaselineH_FlowKeyConstruction(Sessions: 1000)" --job ShortRun --benchmarkId 27 in /home/paff/Projects/WinForward/benchmarks/WinForward.Benchmarks/bin/Release/net10.0/WinForward.Benchmarks-ShortRun-1/bin/Release/net10.0
// Failed to set up high priority (Permission denied). In order to run benchmarks with high priority, make sure you have the right permissions.
// BeforeAnythingElse

// Benchmark Process Environment Information:
// BenchmarkDotNet v0.15.8
// Runtime=.NET 10.0.12 (10.0.12, 10.0.1226.42308), X64 RyuJIT x86-64-v4
// GC=Concurrent Workstation
// HardwareIntrinsics=AVX512 BITALG+VBMI2+VNNI+VPOPCNTDQ,AVX512 IFMA+VBMI,AVX512 F+BW+CD+DQ+VL,AVX2+BMI1+BMI2+F16C+FMA+LZCNT+MOVBE,AVX,SSE3+SSSE3+SSE4.1+SSE4.2+POPCNT,X86Base+SSE+SSE2,AES+PCLMUL,AvxVnni VectorSize=256
// Job: ShortRun(InvocationCount=1, IterationCount=3, LaunchCount=1, UnrollFactor=1, WarmupCount=3)

OverheadJitting  1: 1 op, 514344.00 ns, 514.3440 us/op
WorkloadJitting  1: 1 op, 8282416.00 ns, 8.2824 ms/op

OverheadWarmup   1: 1 op, 541.00 ns, 541.0000 ns/op
OverheadWarmup   2: 1 op, 441.00 ns, 441.0000 ns/op
OverheadWarmup   3: 1 op, 431.00 ns, 431.0000 ns/op
OverheadWarmup   4: 1 op, 431.00 ns, 431.0000 ns/op
OverheadWarmup   5: 1 op, 390.00 ns, 390.0000 ns/op
OverheadWarmup   6: 1 op, 421.00 ns, 421.0000 ns/op
OverheadWarmup   7: 1 op, 421.00 ns, 421.0000 ns/op

OverheadActual   1: 1 op, 411.00 ns, 411.0000 ns/op
OverheadActual   2: 1 op, 511.00 ns, 511.0000 ns/op
OverheadActual   3: 1 op, 501.00 ns, 501.0000 ns/op
OverheadActual   4: 1 op, 491.00 ns, 491.0000 ns/op
OverheadActual   5: 1 op, 431.00 ns, 431.0000 ns/op
OverheadActual   6: 1 op, 291.00 ns, 291.0000 ns/op
OverheadActual   7: 1 op, 410.00 ns, 410.0000 ns/op
OverheadActual   8: 1 op, 281.00 ns, 281.0000 ns/op
OverheadActual   9: 1 op, 461.00 ns, 461.0000 ns/op
OverheadActual  10: 1 op, 792.00 ns, 792.0000 ns/op
OverheadActual  11: 1 op, 401.00 ns, 401.0000 ns/op
OverheadActual  12: 1 op, 291.00 ns, 291.0000 ns/op
OverheadActual  13: 1 op, 401.00 ns, 401.0000 ns/op
OverheadActual  14: 1 op, 411.00 ns, 411.0000 ns/op
OverheadActual  15: 1 op, 441.00 ns, 441.0000 ns/op
OverheadActual  16: 1 op, 431.00 ns, 431.0000 ns/op
OverheadActual  17: 1 op, 431.00 ns, 431.0000 ns/op
OverheadActual  18: 1 op, 411.00 ns, 411.0000 ns/op
OverheadActual  19: 1 op, 441.00 ns, 441.0000 ns/op
OverheadActual  20: 1 op, 421.00 ns, 421.0000 ns/op

WorkloadWarmup   1: 1 op, 1153542.00 ns, 1.1535 ms/op
WorkloadWarmup   2: 1 op, 612528.00 ns, 612.5280 us/op
WorkloadWarmup   3: 1 op, 658916.00 ns, 658.9160 us/op

// BeforeActualRun
WorkloadActual   1: 1 op, 826319.00 ns, 826.3190 us/op
WorkloadActual   2: 1 op, 633407.00 ns, 633.4070 us/op
WorkloadActual   3: 1 op, 719389.00 ns, 719.3890 us/op

// AfterActualRun
WorkloadResult   1: 1 op, 825893.00 ns, 825.8930 us/op
WorkloadResult   2: 1 op, 632981.00 ns, 632.9810 us/op
WorkloadResult   3: 1 op, 718963.00 ns, 718.9630 us/op
// GC:  0 0 0 356800 1
// Threading:  0 0 1

// AfterAll
// Benchmark Process 460489 has exited with code 0.

Mean = 725.946 us, StdErr = 55.798 us (7.69%), N = 3, StdDev = 96.645 us
Min = 632.981 us, Q1 = 675.972 us, Median = 718.963 us, Q3 = 772.428 us, Max = 825.893 us
IQR = 96.456 us, LowerFence = 531.288 us, UpperFence = 917.112 us
ConfidenceInterval = [-1,037.226 us; 2,489.117 us] (CI 99.9%), Margin = 1,763.171 us (242.88% of Mean)
Skewness = 0.07, Kurtosis = 0.67, MValue = 2

// ** Remained 2 (6.7%) benchmark(s) to run. Estimated finish 2026-09-22 0:52 (0h 0m from now) **
// **************************
// Benchmark: SessionSetupDecompositionBenchmarks.ComponentC1_AssociationClaimRelease: ShortRun(InvocationCount=1, IterationCount=3, LaunchCount=1, UnrollFactor=1, WarmupCount=3) [Sessions=1000]
// *** Execute ***
// Launch: 1 / 1
// Execute: dotnet WinForward.Benchmarks-ShortRun-1.dll --anonymousPipes 122 123 --benchmarkName "WinForward.Benchmarks.Perf.SessionSetupDecompositionBenchmarks.ComponentC1_AssociationClaimRelease(Sessions: 1000)" --job ShortRun --benchmarkId 28 in /home/paff/Projects/WinForward/benchmarks/WinForward.Benchmarks/bin/Release/net10.0/WinForward.Benchmarks-ShortRun-1/bin/Release/net10.0
// Failed to set up high priority (Permission denied). In order to run benchmarks with high priority, make sure you have the right permissions.
// BeforeAnythingElse

// Benchmark Process Environment Information:
// BenchmarkDotNet v0.15.8
// Runtime=.NET 10.0.12 (10.0.12, 10.0.1226.42308), X64 RyuJIT x86-64-v4
// GC=Concurrent Workstation
// HardwareIntrinsics=AVX512 BITALG+VBMI2+VNNI+VPOPCNTDQ,AVX512 IFMA+VBMI,AVX512 F+BW+CD+DQ+VL,AVX2+BMI1+BMI2+F16C+FMA+LZCNT+MOVBE,AVX,SSE3+SSSE3+SSE4.1+SSE4.2+POPCNT,X86Base+SSE+SSE2,AES+PCLMUL,AvxVnni VectorSize=256
// Job: ShortRun(InvocationCount=1, IterationCount=3, LaunchCount=1, UnrollFactor=1, WarmupCount=3)

OverheadJitting  1: 1 op, 264716.00 ns, 264.7160 us/op
WorkloadJitting  1: 1 op, 22498501.00 ns, 22.4985 ms/op

OverheadWarmup   1: 1 op, 531.00 ns, 531.0000 ns/op
OverheadWarmup   2: 1 op, 411.00 ns, 411.0000 ns/op
OverheadWarmup   3: 1 op, 420.00 ns, 420.0000 ns/op
OverheadWarmup   4: 1 op, 451.00 ns, 451.0000 ns/op
OverheadWarmup   5: 1 op, 451.00 ns, 451.0000 ns/op
OverheadWarmup   6: 1 op, 481.00 ns, 481.0000 ns/op
OverheadWarmup   7: 1 op, 291.00 ns, 291.0000 ns/op

OverheadActual   1: 1 op, 401.00 ns, 401.0000 ns/op
OverheadActual   2: 1 op, 401.00 ns, 401.0000 ns/op
OverheadActual   3: 1 op, 441.00 ns, 441.0000 ns/op
OverheadActual   4: 1 op, 481.00 ns, 481.0000 ns/op
OverheadActual   5: 1 op, 862.00 ns, 862.0000 ns/op
OverheadActual   6: 1 op, 410.00 ns, 410.0000 ns/op
OverheadActual   7: 1 op, 481.00 ns, 481.0000 ns/op
OverheadActual   8: 1 op, 401.00 ns, 401.0000 ns/op
OverheadActual   9: 1 op, 421.00 ns, 421.0000 ns/op
OverheadActual  10: 1 op, 431.00 ns, 431.0000 ns/op
OverheadActual  11: 1 op, 471.00 ns, 471.0000 ns/op
OverheadActual  12: 1 op, 290.00 ns, 290.0000 ns/op
OverheadActual  13: 1 op, 430.00 ns, 430.0000 ns/op
OverheadActual  14: 1 op, 370.00 ns, 370.0000 ns/op
OverheadActual  15: 1 op, 421.00 ns, 421.0000 ns/op
OverheadActual  16: 1 op, 410.00 ns, 410.0000 ns/op
OverheadActual  17: 1 op, 361.00 ns, 361.0000 ns/op
OverheadActual  18: 1 op, 321.00 ns, 321.0000 ns/op
OverheadActual  19: 1 op, 371.00 ns, 371.0000 ns/op
OverheadActual  20: 1 op, 401.00 ns, 401.0000 ns/op

WorkloadWarmup   1: 1 op, 3868652.00 ns, 3.8687 ms/op
WorkloadWarmup   2: 1 op, 3180942.00 ns, 3.1809 ms/op
WorkloadWarmup   3: 1 op, 3338849.00 ns, 3.3388 ms/op

// BeforeActualRun
WorkloadActual   1: 1 op, 3884830.00 ns, 3.8848 ms/op
WorkloadActual   2: 1 op, 3334511.00 ns, 3.3345 ms/op
WorkloadActual   3: 1 op, 3176051.00 ns, 3.1761 ms/op

// AfterActualRun
WorkloadResult   1: 1 op, 3884420.00 ns, 3.8844 ms/op
WorkloadResult   2: 1 op, 3334101.00 ns, 3.3341 ms/op
WorkloadResult   3: 1 op, 3175641.00 ns, 3.1756 ms/op
// GC:  0 0 0 836016 1
// Threading:  0 0 1

// AfterAll
// Benchmark Process 460498 has exited with code 0.

Mean = 3.465 ms, StdErr = 0.215 ms (6.20%), N = 3, StdDev = 0.372 ms
Min = 3.176 ms, Q1 = 3.255 ms, Median = 3.334 ms, Q3 = 3.609 ms, Max = 3.884 ms
IQR = 0.354 ms, LowerFence = 2.723 ms, UpperFence = 4.141 ms
ConfidenceInterval = [-3.322 ms; 10.251 ms] (CI 99.9%), Margin = 6.787 ms (195.88% of Mean)
Skewness = 0.31, Kurtosis = 0.67, MValue = 2

// ** Remained 1 (3.3%) benchmark(s) to run. Estimated finish 2026-09-22 0:52 (0h 0m from now) **
// **************************
// Benchmark: SessionSetupDecompositionBenchmarks.ComponentC2_SessionConstructStartAsync: ShortRun(InvocationCount=1, IterationCount=3, LaunchCount=1, UnrollFactor=1, WarmupCount=3) [Sessions=1000]
// *** Execute ***
// Launch: 1 / 1
// Execute: dotnet WinForward.Benchmarks-ShortRun-1.dll --anonymousPipes 122 123 --benchmarkName "WinForward.Benchmarks.Perf.SessionSetupDecompositionBenchmarks.ComponentC2_SessionConstructStartAsync(Sessions: 1000)" --job ShortRun --benchmarkId 29 in /home/paff/Projects/WinForward/benchmarks/WinForward.Benchmarks/bin/Release/net10.0/WinForward.Benchmarks-ShortRun-1/bin/Release/net10.0
// Failed to set up high priority (Permission denied). In order to run benchmarks with high priority, make sure you have the right permissions.
// BeforeAnythingElse

// Benchmark Process Environment Information:
// BenchmarkDotNet v0.15.8
// Runtime=.NET 10.0.12 (10.0.12, 10.0.1226.42308), X64 RyuJIT x86-64-v4
// GC=Concurrent Workstation
// HardwareIntrinsics=AVX512 BITALG+VBMI2+VNNI+VPOPCNTDQ,AVX512 IFMA+VBMI,AVX512 F+BW+CD+DQ+VL,AVX2+BMI1+BMI2+F16C+FMA+LZCNT+MOVBE,AVX,SSE3+SSSE3+SSE4.1+SSE4.2+POPCNT,X86Base+SSE+SSE2,AES+PCLMUL,AvxVnni VectorSize=256
// Job: ShortRun(InvocationCount=1, IterationCount=3, LaunchCount=1, UnrollFactor=1, WarmupCount=3)

OverheadJitting  1: 1 op, 360737.00 ns, 360.7370 us/op
WorkloadJitting  1: 1 op, 40071947.00 ns, 40.0719 ms/op

OverheadWarmup   1: 1 op, 641.00 ns, 641.0000 ns/op
OverheadWarmup   2: 1 op, 921.00 ns, 921.0000 ns/op
OverheadWarmup   3: 1 op, 491.00 ns, 491.0000 ns/op
OverheadWarmup   4: 1 op, 400.00 ns, 400.0000 ns/op
OverheadWarmup   5: 1 op, 471.00 ns, 471.0000 ns/op
OverheadWarmup   6: 1 op, 330.00 ns, 330.0000 ns/op

OverheadActual   1: 1 op, 400.00 ns, 400.0000 ns/op
OverheadActual   2: 1 op, 501.00 ns, 501.0000 ns/op
OverheadActual   3: 1 op, 421.00 ns, 421.0000 ns/op
OverheadActual   4: 1 op, 561.00 ns, 561.0000 ns/op
OverheadActual   5: 1 op, 450.00 ns, 450.0000 ns/op
OverheadActual   6: 1 op, 410.00 ns, 410.0000 ns/op
OverheadActual   7: 1 op, 341.00 ns, 341.0000 ns/op
OverheadActual   8: 1 op, 471.00 ns, 471.0000 ns/op
OverheadActual   9: 1 op, 511.00 ns, 511.0000 ns/op
OverheadActual  10: 1 op, 421.00 ns, 421.0000 ns/op
OverheadActual  11: 1 op, 531.00 ns, 531.0000 ns/op
OverheadActual  12: 1 op, 531.00 ns, 531.0000 ns/op
OverheadActual  13: 1 op, 551.00 ns, 551.0000 ns/op
OverheadActual  14: 1 op, 381.00 ns, 381.0000 ns/op
OverheadActual  15: 1 op, 421.00 ns, 421.0000 ns/op
OverheadActual  16: 1 op, 380.00 ns, 380.0000 ns/op
OverheadActual  17: 1 op, 271.00 ns, 271.0000 ns/op
OverheadActual  18: 1 op, 291.00 ns, 291.0000 ns/op
OverheadActual  19: 1 op, 581.00 ns, 581.0000 ns/op
OverheadActual  20: 1 op, 410.00 ns, 410.0000 ns/op

WorkloadWarmup   1: 1 op, 6422994.00 ns, 6.4230 ms/op
WorkloadWarmup   2: 1 op, 4232758.00 ns, 4.2328 ms/op
WorkloadWarmup   3: 1 op, 3609015.00 ns, 3.6090 ms/op

// BeforeActualRun
WorkloadActual   1: 1 op, 5628912.00 ns, 5.6289 ms/op
WorkloadActual   2: 1 op, 3841611.00 ns, 3.8416 ms/op
WorkloadActual   3: 1 op, 4321791.00 ns, 4.3218 ms/op

// AfterActualRun
WorkloadResult   1: 1 op, 5628491.00 ns, 5.6285 ms/op
WorkloadResult   2: 1 op, 3841190.00 ns, 3.8412 ms/op
WorkloadResult   3: 1 op, 4321370.00 ns, 4.3214 ms/op
// GC:  0 0 0 2701864 1
// Threading:  0 0 1

// AfterAll
// Benchmark Process 460509 has exited with code 0.

Mean = 4.597 ms, StdErr = 0.534 ms (11.62%), N = 3, StdDev = 0.925 ms
Min = 3.841 ms, Q1 = 4.081 ms, Median = 4.321 ms, Q3 = 4.975 ms, Max = 5.628 ms
IQR = 0.894 ms, LowerFence = 2.741 ms, UpperFence = 6.315 ms
ConfidenceInterval = [-12.278 ms; 21.472 ms] (CI 99.9%), Margin = 16.875 ms (367.09% of Mean)
Skewness = 0.27, Kurtosis = 0.67, MValue = 2

// ** Remained 0 (0.0%) benchmark(s) to run. Estimated finish 2026-09-22 0:52 (0h 0m from now) **
// ***** BenchmarkRunner: Finish  *****

// * Export *
  BenchmarkDotNet.Artifacts/results/WinForward.Benchmarks.Perf.SessionSetupDecompositionBenchmarks-report.csv
  BenchmarkDotNet.Artifacts/results/WinForward.Benchmarks.Perf.SessionSetupDecompositionBenchmarks-report-github.md
  BenchmarkDotNet.Artifacts/results/WinForward.Benchmarks.Perf.SessionSetupDecompositionBenchmarks-report.html

// * Detailed results *
SessionSetupDecompositionBenchmarks.StageS0_CoordinatorOnly: ShortRun(InvocationCount=1, IterationCount=3, LaunchCount=1, UnrollFactor=1, WarmupCount=3) [Sessions=1]
Runtime = .NET 10.0.12 (10.0.12, 10.0.1226.42308), X64 RyuJIT x86-64-v4; GC = Concurrent Workstation
Mean = 26.826 us, StdErr = 12.080 us (45.03%), N = 3, StdDev = 20.923 us
Min = 14.383 us, Q1 = 14.748 us, Median = 15.114 us, Q3 = 33.047 us, Max = 50.981 us
IQR = 18.299 us, LowerFence = -12.701 us, UpperFence = 60.497 us
ConfidenceInterval = [-354.881 us; 408.532 us] (CI 99.9%), Margin = 381.706 us (1422.91% of Mean)
Skewness = 0.38, Kurtosis = 0.67, MValue = 2
-------------------- Histogram --------------------
[13.642 us ; 51.722 us) | @@@
---------------------------------------------------

SessionSetupDecompositionBenchmarks.StageS1_AdmissionOnlyAsync: ShortRun(InvocationCount=1, IterationCount=3, LaunchCount=1, UnrollFactor=1, WarmupCount=3) [Sessions=1]
Runtime = .NET 10.0.12 (10.0.12, 10.0.1226.42308), X64 RyuJIT x86-64-v4; GC = Concurrent Workstation
Mean = 43.650 us, StdErr = 9.925 us (22.74%), N = 3, StdDev = 17.191 us
Min = 33.287 us, Q1 = 33.728 us, Median = 34.169 us, Q3 = 48.831 us, Max = 63.494 us
IQR = 15.104 us, LowerFence = 11.073 us, UpperFence = 71.487 us
ConfidenceInterval = [-269.979 us; 357.279 us] (CI 99.9%), Margin = 313.629 us (718.51% of Mean)
Skewness = 0.38, Kurtosis = 0.67, MValue = 2
-------------------- Histogram --------------------
[32.746 us ; 64.035 us) | @@@
---------------------------------------------------

SessionSetupDecompositionBenchmarks.StageS2_SetupStartedAsync: ShortRun(InvocationCount=1, IterationCount=3, LaunchCount=1, UnrollFactor=1, WarmupCount=3) [Sessions=1]
Runtime = .NET 10.0.12 (10.0.12, 10.0.1226.42308), X64 RyuJIT x86-64-v4; GC = Concurrent Workstation
Mean = 70.828 ms, StdErr = 0.246 ms (0.35%), N = 3, StdDev = 0.426 ms
Min = 70.415 ms, Q1 = 70.609 ms, Median = 70.803 ms, Q3 = 71.034 ms, Max = 71.266 ms
IQR = 0.426 ms, LowerFence = 69.970 ms, UpperFence = 71.673 ms
ConfidenceInterval = [63.054 ms; 78.602 ms] (CI 99.9%), Margin = 7.774 ms (10.98% of Mean)
Skewness = 0.06, Kurtosis = 0.67, MValue = 2
-------------------- Histogram --------------------
[70.027 ms ; 71.315 ms) | @@@
---------------------------------------------------

SessionSetupDecompositionBenchmarks.StageS3_PipelineNoPayloadAsync: ShortRun(InvocationCount=1, IterationCount=3, LaunchCount=1, UnrollFactor=1, WarmupCount=3) [Sessions=1]
Runtime = .NET 10.0.12 (10.0.12, 10.0.1226.42308), X64 RyuJIT x86-64-v4; GC = Concurrent Workstation
Mean = 30.352 ms, StdErr = 0.206 ms (0.68%), N = 3, StdDev = 0.356 ms
Min = 29.955 ms, Q1 = 30.206 ms, Median = 30.457 ms, Q3 = 30.550 ms, Max = 30.644 ms
IQR = 0.344 ms, LowerFence = 29.689 ms, UpperFence = 31.067 ms
ConfidenceInterval = [23.856 ms; 36.848 ms] (CI 99.9%), Margin = 6.496 ms (21.40% of Mean)
Skewness = -0.27, Kurtosis = 0.67, MValue = 2
-------------------- Histogram --------------------
[29.631 ms ; 30.968 ms) | @@@
---------------------------------------------------

SessionSetupDecompositionBenchmarks.StageS4_ReadinessTeardownOutsideAsync: ShortRun(InvocationCount=1, IterationCount=3, LaunchCount=1, UnrollFactor=1, WarmupCount=3) [Sessions=1]
Runtime = .NET 10.0.12 (10.0.12, 10.0.1226.42308), X64 RyuJIT x86-64-v4; GC = Concurrent Workstation
Mean = 32.350 ms, StdErr = 0.113 ms (0.35%), N = 3, StdDev = 0.195 ms
Min = 32.125 ms, Q1 = 32.285 ms, Median = 32.445 ms, Q3 = 32.462 ms, Max = 32.479 ms
IQR = 0.177 ms, LowerFence = 32.020 ms, UpperFence = 32.727 ms
ConfidenceInterval = [28.789 ms; 35.910 ms] (CI 99.9%), Margin = 3.560 ms (11.01% of Mean)
Skewness = -0.37, Kurtosis = 0.67, MValue = 2
-------------------- Histogram --------------------
[32.124 ms ; 32.480 ms) | @@@
---------------------------------------------------

SessionSetupDecompositionBenchmarks.StageS5_ReadinessTeardownInsideAsync: ShortRun(InvocationCount=1, IterationCount=3, LaunchCount=1, UnrollFactor=1, WarmupCount=3) [Sessions=1]
Runtime = .NET 10.0.12 (10.0.12, 10.0.1226.42308), X64 RyuJIT x86-64-v4; GC = Concurrent Workstation
Mean = 44.774 ms, StdErr = 0.321 ms (0.72%), N = 3, StdDev = 0.556 ms
Min = 44.266 ms, Q1 = 44.477 ms, Median = 44.689 ms, Q3 = 45.028 ms, Max = 45.368 ms
IQR = 0.551 ms, LowerFence = 43.651 ms, UpperFence = 45.854 ms
ConfidenceInterval = [34.633 ms; 54.915 ms] (CI 99.9%), Margin = 10.141 ms (22.65% of Mean)
Skewness = 0.15, Kurtosis = 0.67, MValue = 2
-------------------- Histogram --------------------
[43.971 ms ; 45.873 ms) | @@@
---------------------------------------------------

SessionSetupDecompositionBenchmarks.BaselineF_FakeTransportCreationAsync: ShortRun(InvocationCount=1, IterationCount=3, LaunchCount=1, UnrollFactor=1, WarmupCount=3) [Sessions=1]
Runtime = .NET 10.0.12 (10.0.12, 10.0.1226.42308), X64 RyuJIT x86-64-v4; GC = Concurrent Workstation
Mean = 6.439 us, StdErr = 0.602 us (9.34%), N = 3, StdDev = 1.042 us
Min = 5.310 us, Q1 = 5.976 us, Median = 6.642 us, Q3 = 7.003 us, Max = 7.364 us
IQR = 1.027 us, LowerFence = 4.436 us, UpperFence = 8.543 us
ConfidenceInterval = [-12.571 us; 25.448 us] (CI 99.9%), Margin = 19.010 us (295.24% of Mean)
Skewness = -0.19, Kurtosis = 0.67, MValue = 2
-------------------- Histogram --------------------
[4.362 us ; 6.055 us) | @
[6.055 us ; 8.312 us) | @@
---------------------------------------------------

SessionSetupDecompositionBenchmarks.BaselineH_FlowKeyConstruction: ShortRun(InvocationCount=1, IterationCount=3, LaunchCount=1, UnrollFactor=1, WarmupCount=3) [Sessions=1]
Runtime = .NET 10.0.12 (10.0.12, 10.0.1226.42308), X64 RyuJIT x86-64-v4; GC = Concurrent Workstation
Mean = 13.462 us, StdErr = 0.243 us (1.80%), N = 3, StdDev = 0.421 us
Min = 12.985 us, Q1 = 13.305 us, Median = 13.626 us, Q3 = 13.701 us, Max = 13.777 us
IQR = 0.396 us, LowerFence = 12.711 us, UpperFence = 14.295 us
ConfidenceInterval = [5.791 us; 21.134 us] (CI 99.9%), Margin = 7.672 us (56.99% of Mean)
Skewness = -0.33, Kurtosis = 0.67, MValue = 2
-------------------- Histogram --------------------
[12.602 us ; 13.318 us) | @
[13.318 us ; 14.159 us) | @@
---------------------------------------------------

SessionSetupDecompositionBenchmarks.ComponentC1_AssociationClaimRelease: ShortRun(InvocationCount=1, IterationCount=3, LaunchCount=1, UnrollFactor=1, WarmupCount=3) [Sessions=1]
Runtime = .NET 10.0.12 (10.0.12, 10.0.1226.42308), X64 RyuJIT x86-64-v4; GC = Concurrent Workstation
Mean = 26.830 us, StdErr = 0.308 us (1.15%), N = 3, StdDev = 0.534 us
Min = 26.229 us, Q1 = 26.619 us, Median = 27.010 us, Q3 = 27.131 us, Max = 27.251 us
IQR = 0.511 us, LowerFence = 25.853 us, UpperFence = 27.897 us
ConfidenceInterval = [17.083 us; 36.577 us] (CI 99.9%), Margin = 9.747 us (36.33% of Mean)
Skewness = -0.3, Kurtosis = 0.67, MValue = 2
-------------------- Histogram --------------------
[25.743 us ; 26.644 us) | @
[26.644 us ; 27.737 us) | @@
---------------------------------------------------

SessionSetupDecompositionBenchmarks.ComponentC2_SessionConstructStartAsync: ShortRun(InvocationCount=1, IterationCount=3, LaunchCount=1, UnrollFactor=1, WarmupCount=3) [Sessions=1]
Runtime = .NET 10.0.12 (10.0.12, 10.0.1226.42308), X64 RyuJIT x86-64-v4; GC = Concurrent Workstation
Mean = 77.861 us, StdErr = 27.760 us (35.65%), N = 3, StdDev = 48.081 us
Min = 39.178 us, Q1 = 50.945 us, Median = 62.712 us, Q3 = 97.202 us, Max = 131.692 us
IQR = 46.257 us, LowerFence = -18.441 us, UpperFence = 166.588 us
ConfidenceInterval = [-799.323 us; 955.045 us] (CI 99.9%), Margin = 877.184 us (1126.61% of Mean)
Skewness = 0.28, Kurtosis = 0.67, MValue = 2
-------------------- Histogram --------------------
[ 7.189 us ;  94.701 us) | @@
[94.701 us ; 175.448 us) | @
---------------------------------------------------

SessionSetupDecompositionBenchmarks.StageS0_CoordinatorOnly: ShortRun(InvocationCount=1, IterationCount=3, LaunchCount=1, UnrollFactor=1, WarmupCount=3) [Sessions=100]
Runtime = .NET 10.0.12 (10.0.12, 10.0.1226.42308), X64 RyuJIT x86-64-v4; GC = Concurrent Workstation
Mean = 39.666 us, StdErr = 23.604 us (59.51%), N = 3, StdDev = 40.884 us
Min = 14.983 us, Q1 = 16.070 us, Median = 17.157 us, Q3 = 52.008 us, Max = 86.859 us
IQR = 35.938 us, LowerFence = -37.836 us, UpperFence = 105.914 us
ConfidenceInterval = [-706.208 us; 785.541 us] (CI 99.9%), Margin = 745.875 us (1880.36% of Mean)
Skewness = 0.38, Kurtosis = 0.67, MValue = 2
-------------------- Histogram --------------------
[13.715 us ; 88.127 us) | @@@
---------------------------------------------------

SessionSetupDecompositionBenchmarks.StageS1_AdmissionOnlyAsync: ShortRun(InvocationCount=1, IterationCount=3, LaunchCount=1, UnrollFactor=1, WarmupCount=3) [Sessions=100]
Runtime = .NET 10.0.12 (10.0.12, 10.0.1226.42308), X64 RyuJIT x86-64-v4; GC = Concurrent Workstation
Mean = 241.675 us, StdErr = 22.544 us (9.33%), N = 3, StdDev = 39.048 us
Min = 218.886 us, Q1 = 219.131 us, Median = 219.376 us, Q3 = 253.070 us, Max = 286.762 us
IQR = 33.938 us, LowerFence = 168.223 us, UpperFence = 303.977 us
ConfidenceInterval = [-470.703 us; 954.053 us] (CI 99.9%), Margin = 712.378 us (294.77% of Mean)
Skewness = 0.38, Kurtosis = 0.67, MValue = 2
-------------------- Histogram --------------------
[217.289 us ; 288.359 us) | @@@
---------------------------------------------------

SessionSetupDecompositionBenchmarks.StageS2_SetupStartedAsync: ShortRun(InvocationCount=1, IterationCount=3, LaunchCount=1, UnrollFactor=1, WarmupCount=3) [Sessions=100]
Runtime = .NET 10.0.12 (10.0.12, 10.0.1226.42308), X64 RyuJIT x86-64-v4; GC = Concurrent Workstation
Mean = 81.300 ms, StdErr = 0.719 ms (0.88%), N = 3, StdDev = 1.246 ms
Min = 80.294 ms, Q1 = 80.603 ms, Median = 80.913 ms, Q3 = 81.803 ms, Max = 82.693 ms
IQR = 1.200 ms, LowerFence = 78.804 ms, UpperFence = 83.603 ms
ConfidenceInterval = [58.575 ms; 104.025 ms] (CI 99.9%), Margin = 22.725 ms (27.95% of Mean)
Skewness = 0.28, Kurtosis = 0.67, MValue = 2
-------------------- Histogram --------------------
[79.470 ms ; 81.737 ms) | @@
[81.737 ms ; 83.827 ms) | @
---------------------------------------------------

SessionSetupDecompositionBenchmarks.StageS3_PipelineNoPayloadAsync: ShortRun(InvocationCount=1, IterationCount=3, LaunchCount=1, UnrollFactor=1, WarmupCount=3) [Sessions=100]
Runtime = .NET 10.0.12 (10.0.12, 10.0.1226.42308), X64 RyuJIT x86-64-v4; GC = Concurrent Workstation
Mean = 44.108 ms, StdErr = 3.294 ms (7.47%), N = 3, StdDev = 5.706 ms
Min = 40.163 ms, Q1 = 40.837 ms, Median = 41.510 ms, Q3 = 46.081 ms, Max = 50.651 ms
IQR = 5.244 ms, LowerFence = 32.971 ms, UpperFence = 53.946 ms
ConfidenceInterval = [-59.990 ms; 148.207 ms] (CI 99.9%), Margin = 104.099 ms (236.01% of Mean)
Skewness = 0.36, Kurtosis = 0.67, MValue = 2
-------------------- Histogram --------------------
[34.971 ms ; 46.029 ms) | @@
[46.029 ms ; 55.843 ms) | @
---------------------------------------------------

SessionSetupDecompositionBenchmarks.StageS4_ReadinessTeardownOutsideAsync: ShortRun(InvocationCount=1, IterationCount=3, LaunchCount=1, UnrollFactor=1, WarmupCount=3) [Sessions=100]
Runtime = .NET 10.0.12 (10.0.12, 10.0.1226.42308), X64 RyuJIT x86-64-v4; GC = Concurrent Workstation
Mean = 44.195 ms, StdErr = 2.263 ms (5.12%), N = 3, StdDev = 3.920 ms
Min = 41.029 ms, Q1 = 42.003 ms, Median = 42.977 ms, Q3 = 45.778 ms, Max = 48.579 ms
IQR = 3.775 ms, LowerFence = 36.340 ms, UpperFence = 51.441 ms
ConfidenceInterval = [-27.314 ms; 115.704 ms] (CI 99.9%), Margin = 71.509 ms (161.80% of Mean)
Skewness = 0.28, Kurtosis = 0.67, MValue = 2
-------------------- Histogram --------------------
[38.436 ms ; 45.570 ms) | @@
[45.570 ms ; 52.146 ms) | @
---------------------------------------------------

SessionSetupDecompositionBenchmarks.StageS5_ReadinessTeardownInsideAsync: ShortRun(InvocationCount=1, IterationCount=3, LaunchCount=1, UnrollFactor=1, WarmupCount=3) [Sessions=100]
Runtime = .NET 10.0.12 (10.0.12, 10.0.1226.42308), X64 RyuJIT x86-64-v4; GC = Concurrent Workstation
Mean = 52.236 ms, StdErr = 0.357 ms (0.68%), N = 3, StdDev = 0.618 ms
Min = 51.555 ms, Q1 = 51.973 ms, Median = 52.392 ms, Q3 = 52.577 ms, Max = 52.762 ms
IQR = 0.603 ms, LowerFence = 51.069 ms, UpperFence = 53.482 ms
ConfidenceInterval = [40.960 ms; 63.512 ms] (CI 99.9%), Margin = 11.276 ms (21.59% of Mean)
Skewness = -0.24, Kurtosis = 0.67, MValue = 2
-------------------- Histogram --------------------
[50.993 ms ; 53.324 ms) | @@@
---------------------------------------------------

SessionSetupDecompositionBenchmarks.BaselineF_FakeTransportCreationAsync: ShortRun(InvocationCount=1, IterationCount=3, LaunchCount=1, UnrollFactor=1, WarmupCount=3) [Sessions=100]
Runtime = .NET 10.0.12 (10.0.12, 10.0.1226.42308), X64 RyuJIT x86-64-v4; GC = Concurrent Workstation
Mean = 26.666 us, StdErr = 9.800 us (36.75%), N = 3, StdDev = 16.975 us
Min = 16.701 us, Q1 = 16.866 us, Median = 17.032 us, Q3 = 31.649 us, Max = 46.267 us
IQR = 14.783 us, LowerFence = -5.307 us, UpperFence = 53.823 us
ConfidenceInterval = [-283.019 us; 336.352 us] (CI 99.9%), Margin = 309.685 us (1161.33% of Mean)
Skewness = 0.38, Kurtosis = 0.67, MValue = 2
-------------------- Histogram --------------------
[16.036 us ; 46.932 us) | @@@
---------------------------------------------------

SessionSetupDecompositionBenchmarks.BaselineH_FlowKeyConstruction: ShortRun(InvocationCount=1, IterationCount=3, LaunchCount=1, UnrollFactor=1, WarmupCount=3) [Sessions=100]
Runtime = .NET 10.0.12 (10.0.12, 10.0.1226.42308), X64 RyuJIT x86-64-v4; GC = Concurrent Workstation
Mean = 105.621 us, StdErr = 12.468 us (11.80%), N = 3, StdDev = 21.596 us
Min = 84.047 us, Q1 = 94.812 us, Median = 105.578 us, Q3 = 116.408 us, Max = 127.238 us
IQR = 21.596 us, LowerFence = 62.419 us, UpperFence = 148.801 us
ConfidenceInterval = [-288.362 us; 499.604 us] (CI 99.9%), Margin = 393.983 us (373.02% of Mean)
Skewness = 0, Kurtosis = 0.67, MValue = 2
-------------------- Histogram --------------------
[ 75.160 us ; 114.465 us) | @@
[114.465 us ; 146.891 us) | @
---------------------------------------------------

SessionSetupDecompositionBenchmarks.ComponentC1_AssociationClaimRelease: ShortRun(InvocationCount=1, IterationCount=3, LaunchCount=1, UnrollFactor=1, WarmupCount=3) [Sessions=100]
Runtime = .NET 10.0.12 (10.0.12, 10.0.1226.42308), X64 RyuJIT x86-64-v4; GC = Concurrent Workstation
Mean = 422.085 us, StdErr = 30.554 us (7.24%), N = 3, StdDev = 52.921 us
Min = 382.608 us, Q1 = 392.017 us, Median = 401.428 us, Q3 = 441.824 us, Max = 482.219 us
IQR = 49.806 us, LowerFence = 317.308 us, UpperFence = 516.533 us
ConfidenceInterval = [-543.400 us; 1,387.569 us] (CI 99.9%), Margin = 965.485 us (228.74% of Mean)
Skewness = 0.33, Kurtosis = 0.67, MValue = 2
-------------------- Histogram --------------------
[334.447 us ; 440.178 us) | @@
[440.178 us ; 530.380 us) | @
---------------------------------------------------

SessionSetupDecompositionBenchmarks.ComponentC2_SessionConstructStartAsync: ShortRun(InvocationCount=1, IterationCount=3, LaunchCount=1, UnrollFactor=1, WarmupCount=3) [Sessions=100]
Runtime = .NET 10.0.12 (10.0.12, 10.0.1226.42308), X64 RyuJIT x86-64-v4; GC = Concurrent Workstation
Mean = 491.479 us, StdErr = 44.985 us (9.15%), N = 3, StdDev = 77.916 us
Min = 440.737 us, Q1 = 446.623 us, Median = 452.509 us, Q3 = 516.851 us, Max = 581.192 us
IQR = 70.228 us, LowerFence = 341.282 us, UpperFence = 622.192 us
ConfidenceInterval = [-930.000 us; 1,912.959 us] (CI 99.9%), Margin = 1,421.480 us (289.22% of Mean)
Skewness = 0.38, Kurtosis = 0.67, MValue = 2
-------------------- Histogram --------------------
[440.058 us ; 581.871 us) | @@@
---------------------------------------------------

SessionSetupDecompositionBenchmarks.StageS0_CoordinatorOnly: ShortRun(InvocationCount=1, IterationCount=3, LaunchCount=1, UnrollFactor=1, WarmupCount=3) [Sessions=1000]
Runtime = .NET 10.0.12 (10.0.12, 10.0.1226.42308), X64 RyuJIT x86-64-v4; GC = Concurrent Workstation
Mean = 93.009 us, StdErr = 23.664 us (25.44%), N = 3, StdDev = 40.987 us
Min = 57.141 us, Q1 = 70.671 us, Median = 84.202 us, Q3 = 110.942 us, Max = 137.683 us
IQR = 40.271 us, LowerFence = 10.265 us, UpperFence = 171.349 us
ConfidenceInterval = [-654.744 us; 840.761 us] (CI 99.9%), Margin = 747.753 us (803.96% of Mean)
Skewness = 0.2, Kurtosis = 0.67, MValue = 2
-------------------- Histogram --------------------
[ 33.372 us ; 107.971 us) | @@
[107.971 us ; 174.983 us) | @
---------------------------------------------------

SessionSetupDecompositionBenchmarks.StageS1_AdmissionOnlyAsync: ShortRun(InvocationCount=1, IterationCount=3, LaunchCount=1, UnrollFactor=1, WarmupCount=3) [Sessions=1000]
Runtime = .NET 10.0.12 (10.0.12, 10.0.1226.42308), X64 RyuJIT x86-64-v4; GC = Concurrent Workstation
Mean = 2.927 ms, StdErr = 0.237 ms (8.10%), N = 3, StdDev = 0.411 ms
Min = 2.469 ms, Q1 = 2.760 ms, Median = 3.051 ms, Q3 = 3.156 ms, Max = 3.262 ms
IQR = 0.396 ms, LowerFence = 2.165 ms, UpperFence = 3.751 ms
ConfidenceInterval = [-4.564 ms; 10.418 ms] (CI 99.9%), Margin = 7.491 ms (255.90% of Mean)
Skewness = -0.27, Kurtosis = 0.67, MValue = 2
-------------------- Histogram --------------------
[2.095 ms ; 2.783 ms) | @
[2.783 ms ; 3.635 ms) | @@
---------------------------------------------------

SessionSetupDecompositionBenchmarks.StageS2_SetupStartedAsync: ShortRun(InvocationCount=1, IterationCount=3, LaunchCount=1, UnrollFactor=1, WarmupCount=3) [Sessions=1000]
Runtime = .NET 10.0.12 (10.0.12, 10.0.1226.42308), X64 RyuJIT x86-64-v4; GC = Concurrent Workstation
Mean = 82.208 ms, StdErr = 0.712 ms (0.87%), N = 3, StdDev = 1.232 ms
Min = 80.785 ms, Q1 = 81.849 ms, Median = 82.912 ms, Q3 = 82.920 ms, Max = 82.927 ms
IQR = 1.071 ms, LowerFence = 80.242 ms, UpperFence = 84.526 ms
ConfidenceInterval = [59.724 ms; 104.692 ms] (CI 99.9%), Margin = 22.484 ms (27.35% of Mean)
Skewness = -0.38, Kurtosis = 0.67, MValue = 2
-------------------- Histogram --------------------
[80.734 ms ; 82.977 ms) | @@@
---------------------------------------------------

SessionSetupDecompositionBenchmarks.StageS3_PipelineNoPayloadAsync: ShortRun(InvocationCount=1, IterationCount=3, LaunchCount=1, UnrollFactor=1, WarmupCount=3) [Sessions=1000]
Runtime = .NET 10.0.12 (10.0.12, 10.0.1226.42308), X64 RyuJIT x86-64-v4; GC = Concurrent Workstation
Mean = 78.662 ms, StdErr = 6.194 ms (7.87%), N = 3, StdDev = 10.728 ms
Min = 67.320 ms, Q1 = 73.671 ms, Median = 80.021 ms, Q3 = 84.334 ms, Max = 88.646 ms
IQR = 10.663 ms, LowerFence = 57.676 ms, UpperFence = 100.328 ms
ConfidenceInterval = [-117.050 ms; 274.375 ms] (CI 99.9%), Margin = 195.713 ms (248.80% of Mean)
Skewness = -0.12, Kurtosis = 0.67, MValue = 2
-------------------- Histogram --------------------
[57.558 ms ; 74.571 ms) | @
[74.571 ms ; 94.096 ms) | @@
---------------------------------------------------

SessionSetupDecompositionBenchmarks.StageS4_ReadinessTeardownOutsideAsync: ShortRun(InvocationCount=1, IterationCount=3, LaunchCount=1, UnrollFactor=1, WarmupCount=3) [Sessions=1000]
Runtime = .NET 10.0.12 (10.0.12, 10.0.1226.42308), X64 RyuJIT x86-64-v4; GC = Concurrent Workstation
Mean = 67.803 ms, StdErr = 1.790 ms (2.64%), N = 3, StdDev = 3.100 ms
Min = 65.762 ms, Q1 = 66.020 ms, Median = 66.277 ms, Q3 = 68.823 ms, Max = 71.370 ms
IQR = 2.804 ms, LowerFence = 61.814 ms, UpperFence = 73.029 ms
ConfidenceInterval = [11.255 ms; 124.351 ms] (CI 99.9%), Margin = 56.548 ms (83.40% of Mean)
Skewness = 0.37, Kurtosis = 0.67, MValue = 2
-------------------- Histogram --------------------
[65.745 ms ; 71.387 ms) | @@@
---------------------------------------------------

SessionSetupDecompositionBenchmarks.StageS5_ReadinessTeardownInsideAsync: ShortRun(InvocationCount=1, IterationCount=3, LaunchCount=1, UnrollFactor=1, WarmupCount=3) [Sessions=1000]
Runtime = .NET 10.0.12 (10.0.12, 10.0.1226.42308), X64 RyuJIT x86-64-v4; GC = Concurrent Workstation
Mean = 96.798 ms, StdErr = 5.970 ms (6.17%), N = 3, StdDev = 10.340 ms
Min = 86.134 ms, Q1 = 91.808 ms, Median = 97.481 ms, Q3 = 102.130 ms, Max = 106.779 ms
IQR = 10.323 ms, LowerFence = 76.324 ms, UpperFence = 117.614 ms
ConfidenceInterval = [-91.834 ms; 285.431 ms] (CI 99.9%), Margin = 188.633 ms (194.87% of Mean)
Skewness = -0.07, Kurtosis = 0.67, MValue = 2
-------------------- Histogram --------------------
[76.725 ms ;  92.721 ms) | @
[92.721 ms ; 111.540 ms) | @@
---------------------------------------------------

SessionSetupDecompositionBenchmarks.BaselineF_FakeTransportCreationAsync: ShortRun(InvocationCount=1, IterationCount=3, LaunchCount=1, UnrollFactor=1, WarmupCount=3) [Sessions=1000]
Runtime = .NET 10.0.12 (10.0.12, 10.0.1226.42308), X64 RyuJIT x86-64-v4; GC = Concurrent Workstation
Mean = 251.829 us, StdErr = 121.251 us (48.15%), N = 3, StdDev = 210.013 us
Min = 128.420 us, Q1 = 130.584 us, Median = 132.748 us, Q3 = 313.533 us, Max = 494.318 us
IQR = 182.949 us, LowerFence = -143.839 us, UpperFence = 587.957 us
ConfidenceInterval = [-3,579.592 us; 4,083.249 us] (CI 99.9%), Margin = 3,831.420 us (1521.44% of Mean)
Skewness = 0.38, Kurtosis = 0.67, MValue = 2
-------------------- Histogram --------------------
[120.249 us ; 502.489 us) | @@@
---------------------------------------------------

SessionSetupDecompositionBenchmarks.BaselineH_FlowKeyConstruction: ShortRun(InvocationCount=1, IterationCount=3, LaunchCount=1, UnrollFactor=1, WarmupCount=3) [Sessions=1000]
Runtime = .NET 10.0.12 (10.0.12, 10.0.1226.42308), X64 RyuJIT x86-64-v4; GC = Concurrent Workstation
Mean = 725.946 us, StdErr = 55.798 us (7.69%), N = 3, StdDev = 96.645 us
Min = 632.981 us, Q1 = 675.972 us, Median = 718.963 us, Q3 = 772.428 us, Max = 825.893 us
IQR = 96.456 us, LowerFence = 531.288 us, UpperFence = 917.112 us
ConfidenceInterval = [-1,037.226 us; 2,489.117 us] (CI 99.9%), Margin = 1,763.171 us (242.88% of Mean)
Skewness = 0.07, Kurtosis = 0.67, MValue = 2
-------------------- Histogram --------------------
[588.021 us ; 763.923 us) | @@
[763.923 us ; 913.844 us) | @
---------------------------------------------------

SessionSetupDecompositionBenchmarks.ComponentC1_AssociationClaimRelease: ShortRun(InvocationCount=1, IterationCount=3, LaunchCount=1, UnrollFactor=1, WarmupCount=3) [Sessions=1000]
Runtime = .NET 10.0.12 (10.0.12, 10.0.1226.42308), X64 RyuJIT x86-64-v4; GC = Concurrent Workstation
Mean = 3.465 ms, StdErr = 0.215 ms (6.20%), N = 3, StdDev = 0.372 ms
Min = 3.176 ms, Q1 = 3.255 ms, Median = 3.334 ms, Q3 = 3.609 ms, Max = 3.884 ms
IQR = 0.354 ms, LowerFence = 2.723 ms, UpperFence = 4.141 ms
ConfidenceInterval = [-3.322 ms; 10.251 ms] (CI 99.9%), Margin = 6.787 ms (195.88% of Mean)
Skewness = 0.31, Kurtosis = 0.67, MValue = 2
-------------------- Histogram --------------------
[2.916 ms ; 3.593 ms) | @@
[3.593 ms ; 4.223 ms) | @
---------------------------------------------------

SessionSetupDecompositionBenchmarks.ComponentC2_SessionConstructStartAsync: ShortRun(InvocationCount=1, IterationCount=3, LaunchCount=1, UnrollFactor=1, WarmupCount=3) [Sessions=1000]
Runtime = .NET 10.0.12 (10.0.12, 10.0.1226.42308), X64 RyuJIT x86-64-v4; GC = Concurrent Workstation
Mean = 4.597 ms, StdErr = 0.534 ms (11.62%), N = 3, StdDev = 0.925 ms
Min = 3.841 ms, Q1 = 4.081 ms, Median = 4.321 ms, Q3 = 4.975 ms, Max = 5.628 ms
IQR = 0.894 ms, LowerFence = 2.741 ms, UpperFence = 6.315 ms
ConfidenceInterval = [-12.278 ms; 21.472 ms] (CI 99.9%), Margin = 16.875 ms (367.09% of Mean)
Skewness = 0.27, Kurtosis = 0.67, MValue = 2
-------------------- Histogram --------------------
[3.240 ms ; 4.923 ms) | @@
[4.923 ms ; 6.470 ms) | @
---------------------------------------------------

// * Summary *

BenchmarkDotNet v0.15.8, Linux NixOS 26.11 (Zokor)
AMD Ryzen 9 9955HX 2.50GHz, 1 CPU, 32 logical and 16 physical cores
.NET SDK 10.0.401
  [Host]   : .NET 10.0.12 (10.0.12, 10.0.1226.42308), X64 RyuJIT x86-64-v4
  ShortRun : .NET 10.0.12 (10.0.12, 10.0.1226.42308), X64 RyuJIT x86-64-v4

Job=ShortRun  InvocationCount=1  IterationCount=3  
LaunchCount=1  UnrollFactor=1  WarmupCount=3  

| Method                                 | Sessions | Mean          | Error          | StdDev         | Median        | Allocated |
|--------------------------------------- |--------- |--------------:|---------------:|---------------:|--------------:|----------:|
| StageS0_CoordinatorOnly                | 1        |     26.826 us |     381.706 us |     20.9226 us |     15.114 us |    8280 B |
| StageS1_AdmissionOnlyAsync             | 1        |     43.650 us |     313.629 us |     17.1911 us |     34.169 us |    7176 B |
| StageS2_SetupStartedAsync              | 1        | 70,827.876 us |   7,773.931 us |    426.1154 us | 70,802.571 us |   34824 B |
| StageS3_PipelineNoPayloadAsync         | 1        | 30,351.856 us |   6,495.907 us |    356.0626 us | 30,456.679 us |   36784 B |
| StageS4_ReadinessTeardownOutsideAsync  | 1        | 32,349.591 us |   3,560.378 us |    195.1563 us | 32,444.942 us |   35072 B |
| StageS5_ReadinessTeardownInsideAsync   | 1        | 44,773.951 us |  10,140.566 us |    555.8387 us | 44,688.647 us |  100592 B |
| BaselineF_FakeTransportCreationAsync   | 1        |      6.439 us |      19.010 us |      1.0420 us |      6.642 us |     136 B |
| BaselineH_FlowKeyConstruction          | 1        |     13.462 us |       7.672 us |      0.4205 us |     13.626 us |     352 B |
| ComponentC1_AssociationClaimRelease    | 1        |     26.830 us |       9.747 us |      0.5342 us |     27.010 us |    2120 B |
| ComponentC2_SessionConstructStartAsync | 1        |     77.861 us |     877.184 us |     48.0814 us |     62.712 us |    5832 B |
| StageS0_CoordinatorOnly                | 100      |     39.666 us |     745.875 us |     40.8839 us |     17.157 us |   54456 B |
| StageS1_AdmissionOnlyAsync             | 100      |    241.675 us |     712.378 us |     39.0478 us |    219.376 us |  134928 B |
| StageS2_SetupStartedAsync              | 100      | 81,300.103 us |  22,725.126 us |  1,245.6408 us | 80,912.940 us |  221104 B |
| StageS3_PipelineNoPayloadAsync         | 100      | 44,108.119 us | 104,098.586 us |  5,705.9948 us | 41,510.276 us |  509088 B |
| StageS4_ReadinessTeardownOutsideAsync  | 100      | 44,194.958 us |  71,509.248 us |  3,919.6632 us | 42,977.486 us |  464880 B |
| StageS5_ReadinessTeardownInsideAsync   | 100      | 52,236.301 us |  11,276.181 us |    618.0855 us | 52,391.543 us |  736040 B |
| BaselineF_FakeTransportCreationAsync   | 100      |     26.666 us |     309.685 us |     16.9749 us |     17.032 us |   10432 B |
| BaselineH_FlowKeyConstruction          | 100      |    105.621 us |     393.983 us |     21.5955 us |    105.578 us |   35200 B |
| ComponentC1_AssociationClaimRelease    | 100      |    422.085 us |     965.485 us |     52.9215 us |    401.428 us |   82800 B |
| ComponentC2_SessionConstructStartAsync | 100      |    491.479 us |   1,421.480 us |     77.9161 us |    452.509 us |  271048 B |
| StageS0_CoordinatorOnly                | 1000     |     93.009 us |     747.753 us |     40.9868 us |     84.202 us |  496680 B |
| StageS1_AdmissionOnlyAsync             | 1000     |  2,927.177 us |   7,490.716 us |    410.5914 us |  3,050.949 us | 1323552 B |
| StageS2_SetupStartedAsync              | 1000     | 82,208.010 us |  22,484.353 us |  1,232.4432 us | 82,912.411 us | 1522200 B |
| StageS3_PipelineNoPayloadAsync         | 1000     | 78,662.488 us | 195,712.599 us | 10,727.6680 us | 80,021.277 us | 4410592 B |
| StageS4_ReadinessTeardownOutsideAsync  | 1000     | 67,802.931 us |  56,548.234 us |  3,099.5996 us | 66,276.808 us | 4265168 B |
| StageS5_ReadinessTeardownInsideAsync   | 1000     | 96,798.145 us | 188,632.512 us | 10,339.5845 us | 97,480.971 us | 6500304 B |
| BaselineF_FakeTransportCreationAsync   | 1000     |    251.829 us |   3,831.420 us |    210.0131 us |    132.748 us |  104032 B |
| BaselineH_FlowKeyConstruction          | 1000     |    725.946 us |   1,763.171 us |     96.6454 us |    718.963 us |  356800 B |
| ComponentC1_AssociationClaimRelease    | 1000     |  3,464.721 us |   6,786.764 us |    372.0054 us |  3,334.101 us |  836016 B |
| ComponentC2_SessionConstructStartAsync | 1000     |  4,597.017 us |  16,875.169 us |    924.9850 us |  4,321.370 us | 2701864 B |

// * Warnings *
MinIterationTime
  SessionSetupDecompositionBenchmarks.StageS0_CoordinatorOnly: ShortRun                -> The minimum observed iteration time is 14.808us which is very small. It's recommended to increase it to at least 100ms using more operations.
  SessionSetupDecompositionBenchmarks.StageS1_AdmissionOnlyAsync: ShortRun             -> The minimum observed iteration time is 33.713us which is very small. It's recommended to increase it to at least 100ms using more operations.
  SessionSetupDecompositionBenchmarks.StageS2_SetupStartedAsync: ShortRun              -> The minimum observed iteration time is 70.415ms which is very small. It's recommended to increase it to at least 100ms using more operations.
  SessionSetupDecompositionBenchmarks.StageS3_PipelineNoPayloadAsync: ShortRun         -> The minimum observed iteration time is 29.956ms which is very small. It's recommended to increase it to at least 100ms using more operations.
  SessionSetupDecompositionBenchmarks.StageS4_ReadinessTeardownOutsideAsync: ShortRun  -> The minimum observed iteration time is 32.125ms which is very small. It's recommended to increase it to at least 100ms using more operations.
  SessionSetupDecompositionBenchmarks.StageS5_ReadinessTeardownInsideAsync: ShortRun   -> The minimum observed iteration time is 44.266ms which is very small. It's recommended to increase it to at least 100ms using more operations.
  SessionSetupDecompositionBenchmarks.BaselineF_FakeTransportCreationAsync: ShortRun   -> The minimum observed iteration time is 5.741us which is very small. It's recommended to increase it to at least 100ms using more operations.
  SessionSetupDecompositionBenchmarks.BaselineH_FlowKeyConstruction: ShortRun          -> The minimum observed iteration time is 13.395us which is very small. It's recommended to increase it to at least 100ms using more operations.
  SessionSetupDecompositionBenchmarks.ComponentC1_AssociationClaimRelease: ShortRun    -> The minimum observed iteration time is 26.66us which is very small. It's recommended to increase it to at least 100ms using more operations.
  SessionSetupDecompositionBenchmarks.ComponentC2_SessionConstructStartAsync: ShortRun -> The minimum observed iteration time is 39.594us which is very small. It's recommended to increase it to at least 100ms using more operations.
  SessionSetupDecompositionBenchmarks.StageS0_CoordinatorOnly: ShortRun                -> The minimum observed iteration time is 15.389us which is very small. It's recommended to increase it to at least 100ms using more operations.
  SessionSetupDecompositionBenchmarks.StageS1_AdmissionOnlyAsync: ShortRun             -> The minimum observed iteration time is 219.201us which is very small. It's recommended to increase it to at least 100ms using more operations.
  SessionSetupDecompositionBenchmarks.StageS2_SetupStartedAsync: ShortRun              -> The minimum observed iteration time is 80.294ms which is very small. It's recommended to increase it to at least 100ms using more operations.
  SessionSetupDecompositionBenchmarks.StageS3_PipelineNoPayloadAsync: ShortRun         -> The minimum observed iteration time is 40.164ms which is very small. It's recommended to increase it to at least 100ms using more operations.
  SessionSetupDecompositionBenchmarks.StageS4_ReadinessTeardownOutsideAsync: ShortRun  -> The minimum observed iteration time is 41.029ms which is very small. It's recommended to increase it to at least 100ms using more operations.
  SessionSetupDecompositionBenchmarks.StageS5_ReadinessTeardownInsideAsync: ShortRun   -> The minimum observed iteration time is 51.556ms which is very small. It's recommended to increase it to at least 100ms using more operations.
  SessionSetupDecompositionBenchmarks.BaselineF_FakeTransportCreationAsync: ShortRun   -> The minimum observed iteration time is 17.082us which is very small. It's recommended to increase it to at least 100ms using more operations.
  SessionSetupDecompositionBenchmarks.BaselineH_FlowKeyConstruction: ShortRun          -> The minimum observed iteration time is 84.468us which is very small. It's recommended to increase it to at least 100ms using more operations.
  SessionSetupDecompositionBenchmarks.ComponentC1_AssociationClaimRelease: ShortRun    -> The minimum observed iteration time is 383.043us which is very small. It's recommended to increase it to at least 100ms using more operations.
  SessionSetupDecompositionBenchmarks.ComponentC2_SessionConstructStartAsync: ShortRun -> The minimum observed iteration time is 441.177us which is very small. It's recommended to increase it to at least 100ms using more operations.
  SessionSetupDecompositionBenchmarks.StageS0_CoordinatorOnly: ShortRun                -> The minimum observed iteration time is 57.537us which is very small. It's recommended to increase it to at least 100ms using more operations.
  SessionSetupDecompositionBenchmarks.StageS1_AdmissionOnlyAsync: ShortRun             -> The minimum observed iteration time is 2.469ms which is very small. It's recommended to increase it to at least 100ms using more operations.
  SessionSetupDecompositionBenchmarks.StageS2_SetupStartedAsync: ShortRun              -> The minimum observed iteration time is 80.785ms which is very small. It's recommended to increase it to at least 100ms using more operations.
  SessionSetupDecompositionBenchmarks.StageS3_PipelineNoPayloadAsync: ShortRun         -> The minimum observed iteration time is 67.321ms which is very small. It's recommended to increase it to at least 100ms using more operations.
  SessionSetupDecompositionBenchmarks.StageS4_ReadinessTeardownOutsideAsync: ShortRun  -> The minimum observed iteration time is 65.763ms which is very small. It's recommended to increase it to at least 100ms using more operations.
  SessionSetupDecompositionBenchmarks.StageS5_ReadinessTeardownInsideAsync: ShortRun   -> The minimum observed iteration time is 86.135ms which is very small. It's recommended to increase it to at least 100ms using more operations.
  SessionSetupDecompositionBenchmarks.BaselineF_FakeTransportCreationAsync: ShortRun   -> The minimum observed iteration time is 128.871us which is very small. It's recommended to increase it to at least 100ms using more operations.
  SessionSetupDecompositionBenchmarks.BaselineH_FlowKeyConstruction: ShortRun          -> The minimum observed iteration time is 633.407us which is very small. It's recommended to increase it to at least 100ms using more operations.
  SessionSetupDecompositionBenchmarks.ComponentC1_AssociationClaimRelease: ShortRun    -> The minimum observed iteration time is 3.176ms which is very small. It's recommended to increase it to at least 100ms using more operations.
  SessionSetupDecompositionBenchmarks.ComponentC2_SessionConstructStartAsync: ShortRun -> The minimum observed iteration time is 3.842ms which is very small. It's recommended to increase it to at least 100ms using more operations.

// * Legends *
  Sessions  : Value of the 'Sessions' parameter
  Mean      : Arithmetic mean of all measurements
  Error     : Half of 99.9% confidence interval
  StdDev    : Standard deviation of all measurements
  Median    : Value separating the higher half of all measurements (50th percentile)
  Allocated : Allocated memory per single operation (managed only, inclusive, 1KB = 1024B)
  1 us      : 1 Microsecond (0.000001 sec)

// * Diagnostic Output - MemoryDiagnoser *


// ***** BenchmarkRunner: End *****
Run time: 00:00:18 (18.77 sec), executed benchmarks: 30

Global total time: 00:00:56 (56.38 sec), executed benchmarks: 30
// * Artifacts cleanup *
Artifacts cleanup is finished
