// Validating benchmarks:
// ***** BenchmarkRunner: Start   *****
// ***** Found 45 benchmark(s) in total *****
// ***** Building 1 exe(s) in Parallel: Start   *****
// start dotnet  restore --nodeReuse:false /p:UseSharedCompilation=false /p:Deterministic=true /p:Optimize=true /p:ArtifactsPath="/home/paff/Projects/WinForward/benchmarks/WinForward.Benchmarks/bin/Release/net10.0/WinForward.Benchmarks-ShortRun-1/" /p:OutDir="/home/paff/Projects/WinForward/benchmarks/WinForward.Benchmarks/bin/Release/net10.0/WinForward.Benchmarks-ShortRun-1/bin/Release/net10.0/" /p:OutputPath="/home/paff/Projects/WinForward/benchmarks/WinForward.Benchmarks/bin/Release/net10.0/WinForward.Benchmarks-ShortRun-1/bin/Release/net10.0/" /p:PublishDir="/home/paff/Projects/WinForward/benchmarks/WinForward.Benchmarks/bin/Release/net10.0/WinForward.Benchmarks-ShortRun-1/publish/" in /home/paff/Projects/WinForward/benchmarks/WinForward.Benchmarks/bin/Release/net10.0/WinForward.Benchmarks-ShortRun-1
// command took 2.94 sec and exited with 0
// start dotnet  build -c Release --no-restore --nodeReuse:false /p:UseSharedCompilation=false /p:Deterministic=true /p:Optimize=true /p:ArtifactsPath="/home/paff/Projects/WinForward/benchmarks/WinForward.Benchmarks/bin/Release/net10.0/WinForward.Benchmarks-ShortRun-1/" /p:OutDir="/home/paff/Projects/WinForward/benchmarks/WinForward.Benchmarks/bin/Release/net10.0/WinForward.Benchmarks-ShortRun-1/bin/Release/net10.0/" /p:OutputPath="/home/paff/Projects/WinForward/benchmarks/WinForward.Benchmarks/bin/Release/net10.0/WinForward.Benchmarks-ShortRun-1/bin/Release/net10.0/" /p:PublishDir="/home/paff/Projects/WinForward/benchmarks/WinForward.Benchmarks/bin/Release/net10.0/WinForward.Benchmarks-ShortRun-1/publish/" --output "/home/paff/Projects/WinForward/benchmarks/WinForward.Benchmarks/bin/Release/net10.0/WinForward.Benchmarks-ShortRun-1/bin/Release/net10.0/" in /home/paff/Projects/WinForward/benchmarks/WinForward.Benchmarks/bin/Release/net10.0/WinForward.Benchmarks-ShortRun-1
// command took 32.95 sec and exited with 0
// ***** Done, took 00:00:36 (36.05 sec)   *****
// Found 15 benchmarks:
//   FrameworkSetupBenchmarks.RealTransport_CreateDisposeAsync: ShortRun(IterationCount=3, LaunchCount=1, WarmupCount=3) [Sessions=1]
//   FrameworkSetupBenchmarks.Control_ConnectDisposeAsync: ShortRun(IterationCount=3, LaunchCount=1, WarmupCount=3) [Sessions=1]
//   FrameworkSetupBenchmarks.Control_ConnectAssociateDisposeAsync: ShortRun(IterationCount=3, LaunchCount=1, WarmupCount=3) [Sessions=1]
//   FrameworkSetupBenchmarks.RelaySocket_CreateBindClose: ShortRun(IterationCount=3, LaunchCount=1, WarmupCount=3) [Sessions=1]
//   FrameworkSetupBenchmarks.SelfTraffic_RegisterRelease: ShortRun(IterationCount=3, LaunchCount=1, WarmupCount=3) [Sessions=1]
//   FrameworkSetupBenchmarks.RealTransport_CreateDisposeAsync: ShortRun(IterationCount=3, LaunchCount=1, WarmupCount=3) [Sessions=100]
//   FrameworkSetupBenchmarks.Control_ConnectDisposeAsync: ShortRun(IterationCount=3, LaunchCount=1, WarmupCount=3) [Sessions=100]
//   FrameworkSetupBenchmarks.Control_ConnectAssociateDisposeAsync: ShortRun(IterationCount=3, LaunchCount=1, WarmupCount=3) [Sessions=100]
//   FrameworkSetupBenchmarks.RelaySocket_CreateBindClose: ShortRun(IterationCount=3, LaunchCount=1, WarmupCount=3) [Sessions=100]
//   FrameworkSetupBenchmarks.SelfTraffic_RegisterRelease: ShortRun(IterationCount=3, LaunchCount=1, WarmupCount=3) [Sessions=100]
//   FrameworkSetupBenchmarks.RealTransport_CreateDisposeAsync: ShortRun(IterationCount=3, LaunchCount=1, WarmupCount=3) [Sessions=1000]
//   FrameworkSetupBenchmarks.Control_ConnectDisposeAsync: ShortRun(IterationCount=3, LaunchCount=1, WarmupCount=3) [Sessions=1000]
//   FrameworkSetupBenchmarks.Control_ConnectAssociateDisposeAsync: ShortRun(IterationCount=3, LaunchCount=1, WarmupCount=3) [Sessions=1000]
//   FrameworkSetupBenchmarks.RelaySocket_CreateBindClose: ShortRun(IterationCount=3, LaunchCount=1, WarmupCount=3) [Sessions=1000]
//   FrameworkSetupBenchmarks.SelfTraffic_RegisterRelease: ShortRun(IterationCount=3, LaunchCount=1, WarmupCount=3) [Sessions=1000]

// **************************
// Benchmark: FrameworkSetupBenchmarks.RealTransport_CreateDisposeAsync: ShortRun(IterationCount=3, LaunchCount=1, WarmupCount=3) [Sessions=1]
// *** Execute ***
// Launch: 1 / 1
// Execute: dotnet WinForward.Benchmarks-ShortRun-1.dll --anonymousPipes 123 125 --benchmarkName "WinForward.Benchmarks.Perf.FrameworkSetupBenchmarks.RealTransport_CreateDisposeAsync(Sessions: 1)" --job ShortRun --benchmarkId 0 in /home/paff/Projects/WinForward/benchmarks/WinForward.Benchmarks/bin/Release/net10.0/WinForward.Benchmarks-ShortRun-1/bin/Release/net10.0
// Failed to set up high priority (Permission denied). In order to run benchmarks with high priority, make sure you have the right permissions.
// BeforeAnythingElse

// Benchmark Process Environment Information:
// BenchmarkDotNet v0.15.8
// Runtime=.NET 10.0.12 (10.0.12, 10.0.1226.42308), X64 RyuJIT x86-64-v4
// GC=Concurrent Workstation
// HardwareIntrinsics=AVX512 BITALG+VBMI2+VNNI+VPOPCNTDQ,AVX512 IFMA+VBMI,AVX512 F+BW+CD+DQ+VL,AVX2+BMI1+BMI2+F16C+FMA+LZCNT+MOVBE,AVX,SSE3+SSSE3+SSE4.1+SSE4.2+POPCNT,X86Base+SSE+SSE2,AES+PCLMUL,AvxVnni VectorSize=256
// Job: ShortRun(IterationCount=3, LaunchCount=1, WarmupCount=3)

OverheadJitting  1: 1 op, 286760.00 ns, 286.7600 us/op
WorkloadJitting  1: 1 op, 60427344.00 ns, 60.4273 ms/op

WorkloadPilot    1: 2 op, 2923288.00 ns, 1.4616 ms/op
WorkloadPilot    2: 3 op, 3754208.00 ns, 1.2514 ms/op
WorkloadPilot    3: 4 op, 4322645.00 ns, 1.0807 ms/op
WorkloadPilot    4: 5 op, 6041501.00 ns, 1.2083 ms/op
WorkloadPilot    5: 6 op, 6569078.00 ns, 1.0948 ms/op
WorkloadPilot    6: 7 op, 8207506.00 ns, 1.1725 ms/op
WorkloadPilot    7: 8 op, 8986208.00 ns, 1.1233 ms/op
WorkloadPilot    8: 9 op, 10409866.00 ns, 1.1567 ms/op
WorkloadPilot    9: 10 op, 10774202.00 ns, 1.0774 ms/op
WorkloadPilot   10: 11 op, 12200343.00 ns, 1.1091 ms/op
WorkloadPilot   11: 12 op, 13899986.00 ns, 1.1583 ms/op
WorkloadPilot   12: 13 op, 13776679.00 ns, 1.0597 ms/op
WorkloadPilot   13: 14 op, 18809545.00 ns, 1.3435 ms/op
WorkloadPilot   14: 15 op, 18679444.00 ns, 1.2453 ms/op
WorkloadPilot   15: 16 op, 17922399.00 ns, 1.1201 ms/op
WorkloadPilot   16: 32 op, 36315917.00 ns, 1.1349 ms/op
WorkloadPilot   17: 64 op, 71235839.00 ns, 1.1131 ms/op
WorkloadPilot   18: 128 op, 138436109.00 ns, 1.0815 ms/op
WorkloadPilot   19: 256 op, 276055624.00 ns, 1.0783 ms/op
WorkloadPilot   20: 512 op, 534081057.00 ns, 1.0431 ms/op

WorkloadWarmup   1: 512 op, 530156762.00 ns, 1.0355 ms/op
WorkloadWarmup   2: 512 op, 503775252.00 ns, 983.9360 us/op
WorkloadWarmup   3: 512 op, 471231207.00 ns, 920.3735 us/op

// BeforeActualRun
WorkloadActual   1: 512 op, 476636523.00 ns, 930.9307 us/op
WorkloadActual   2: 512 op, 468025948.00 ns, 914.1132 us/op
WorkloadActual   3: 512 op, 466350711.00 ns, 910.8412 us/op

// AfterActualRun
WorkloadResult   1: 512 op, 476636523.00 ns, 930.9307 us/op
WorkloadResult   2: 512 op, 468025948.00 ns, 914.1132 us/op
WorkloadResult   3: 512 op, 466350711.00 ns, 910.8412 us/op
// GC:  2 1 0 42849480 512
// Threading:  4185 1 512
// Exceptions:  3

// AfterAll
// Benchmark Process 361636 has exited with code 0.

Mean = 918.628 us, StdErr = 6.223 us (0.68%), N = 3, StdDev = 10.779 us
Min = 910.841 us, Q1 = 912.477 us, Median = 914.113 us, Q3 = 922.522 us, Max = 930.931 us
IQR = 10.045 us, LowerFence = 897.410 us, UpperFence = 937.589 us
ConfidenceInterval = [721.979 us; 1,115.278 us] (CI 99.9%), Margin = 196.649 us (21.41% of Mean)
Skewness = 0.35, Kurtosis = 0.67, MValue = 2

// ** Remained 44 (97.8%) benchmark(s) to run. Estimated finish 2026-09-22 0:29 (0h 3m from now) **
// **************************
// Benchmark: FrameworkSetupBenchmarks.Control_ConnectDisposeAsync: ShortRun(IterationCount=3, LaunchCount=1, WarmupCount=3) [Sessions=1]
// *** Execute ***
// Launch: 1 / 1
// Execute: dotnet WinForward.Benchmarks-ShortRun-1.dll --anonymousPipes 123 125 --benchmarkName "WinForward.Benchmarks.Perf.FrameworkSetupBenchmarks.Control_ConnectDisposeAsync(Sessions: 1)" --job ShortRun --benchmarkId 1 in /home/paff/Projects/WinForward/benchmarks/WinForward.Benchmarks/bin/Release/net10.0/WinForward.Benchmarks-ShortRun-1/bin/Release/net10.0
// Failed to set up high priority (Permission denied). In order to run benchmarks with high priority, make sure you have the right permissions.
// BeforeAnythingElse

// Benchmark Process Environment Information:
// BenchmarkDotNet v0.15.8
// Runtime=.NET 10.0.12 (10.0.12, 10.0.1226.42308), X64 RyuJIT x86-64-v4
// GC=Concurrent Workstation
// HardwareIntrinsics=AVX512 BITALG+VBMI2+VNNI+VPOPCNTDQ,AVX512 IFMA+VBMI,AVX512 F+BW+CD+DQ+VL,AVX2+BMI1+BMI2+F16C+FMA+LZCNT+MOVBE,AVX,SSE3+SSSE3+SSE4.1+SSE4.2+POPCNT,X86Base+SSE+SSE2,AES+PCLMUL,AvxVnni VectorSize=256
// Job: ShortRun(IterationCount=3, LaunchCount=1, WarmupCount=3)

OverheadJitting  1: 1 op, 380918.00 ns, 380.9180 us/op
WorkloadJitting  1: 1 op, 40642482.00 ns, 40.6425 ms/op

WorkloadPilot    1: 2 op, 2428554.00 ns, 1.2143 ms/op
WorkloadPilot    2: 3 op, 2144602.00 ns, 714.8673 us/op
WorkloadPilot    3: 4 op, 2968273.00 ns, 742.0683 us/op
WorkloadPilot    4: 5 op, 3918544.00 ns, 783.7088 us/op
WorkloadPilot    5: 6 op, 4825173.00 ns, 804.1955 us/op
WorkloadPilot    6: 7 op, 5666548.00 ns, 809.5069 us/op
WorkloadPilot    7: 8 op, 6395161.00 ns, 799.3951 us/op
WorkloadPilot    8: 9 op, 6812557.00 ns, 756.9508 us/op
WorkloadPilot    9: 10 op, 8133574.00 ns, 813.3574 us/op
WorkloadPilot   10: 11 op, 8605215.00 ns, 782.2923 us/op
WorkloadPilot   11: 12 op, 9624009.00 ns, 802.0008 us/op
WorkloadPilot   12: 13 op, 10619781.00 ns, 816.9062 us/op
WorkloadPilot   13: 14 op, 10951424.00 ns, 782.2446 us/op
WorkloadPilot   14: 15 op, 12118782.00 ns, 807.9188 us/op
WorkloadPilot   15: 16 op, 12320546.00 ns, 770.0341 us/op
WorkloadPilot   16: 32 op, 24050817.00 ns, 751.5880 us/op
WorkloadPilot   17: 64 op, 47729537.00 ns, 745.7740 us/op
WorkloadPilot   18: 128 op, 99595095.00 ns, 778.0867 us/op
WorkloadPilot   19: 256 op, 189365193.00 ns, 739.7078 us/op
WorkloadPilot   20: 512 op, 371931977.00 ns, 726.4296 us/op
WorkloadPilot   21: 1024 op, 737643443.00 ns, 720.3549 us/op

WorkloadWarmup   1: 1024 op, 2156878307.00 ns, 2.1063 ms/op
WorkloadWarmup   2: 1024 op, 2434930250.00 ns, 2.3779 ms/op
WorkloadWarmup   3: 1024 op, 2436382982.00 ns, 2.3793 ms/op

// BeforeActualRun
WorkloadActual   1: 1024 op, 2407214028.00 ns, 2.3508 ms/op
WorkloadActual   2: 1024 op, 2410322596.00 ns, 2.3538 ms/op
WorkloadActual   3: 1024 op, 2450233449.00 ns, 2.3928 ms/op

// AfterActualRun
WorkloadResult   1: 1024 op, 2407214028.00 ns, 2.3508 ms/op
WorkloadResult   2: 1024 op, 2410322596.00 ns, 2.3538 ms/op
WorkloadResult   3: 1024 op, 2450233449.00 ns, 2.3928 ms/op
// GC:  4 3 0 79520896 1024
// Threading:  6366 0 1024
// Exceptions:  7

// AfterAll
// Benchmark Process 361730 has exited with code 0.

Mean = 2.366 ms, StdErr = 0.014 ms (0.57%), N = 3, StdDev = 0.023 ms
Min = 2.351 ms, Q1 = 2.352 ms, Median = 2.354 ms, Q3 = 2.373 ms, Max = 2.393 ms
IQR = 0.021 ms, LowerFence = 2.321 ms, UpperFence = 2.405 ms
ConfidenceInterval = [1.938 ms; 2.793 ms] (CI 99.9%), Margin = 0.427 ms (18.07% of Mean)
Skewness = 0.38, Kurtosis = 0.67, MValue = 2

// ** Remained 43 (95.6%) benchmark(s) to run. Estimated finish 2026-09-22 0:34 (0h 8m from now) **
// **************************
// Benchmark: FrameworkSetupBenchmarks.Control_ConnectAssociateDisposeAsync: ShortRun(IterationCount=3, LaunchCount=1, WarmupCount=3) [Sessions=1]
// *** Execute ***
// Launch: 1 / 1
// Execute: dotnet WinForward.Benchmarks-ShortRun-1.dll --anonymousPipes 123 125 --benchmarkName "WinForward.Benchmarks.Perf.FrameworkSetupBenchmarks.Control_ConnectAssociateDisposeAsync(Sessions: 1)" --job ShortRun --benchmarkId 2 in /home/paff/Projects/WinForward/benchmarks/WinForward.Benchmarks/bin/Release/net10.0/WinForward.Benchmarks-ShortRun-1/bin/Release/net10.0
// Failed to set up high priority (Permission denied). In order to run benchmarks with high priority, make sure you have the right permissions.
// BeforeAnythingElse

// Benchmark Process Environment Information:
// BenchmarkDotNet v0.15.8
// Runtime=.NET 10.0.12 (10.0.12, 10.0.1226.42308), X64 RyuJIT x86-64-v4
// GC=Concurrent Workstation
// HardwareIntrinsics=AVX512 BITALG+VBMI2+VNNI+VPOPCNTDQ,AVX512 IFMA+VBMI,AVX512 F+BW+CD+DQ+VL,AVX2+BMI1+BMI2+F16C+FMA+LZCNT+MOVBE,AVX,SSE3+SSSE3+SSE4.1+SSE4.2+POPCNT,X86Base+SSE+SSE2,AES+PCLMUL,AvxVnni VectorSize=256
// Job: ShortRun(IterationCount=3, LaunchCount=1, WarmupCount=3)

OverheadJitting  1: 1 op, 379315.00 ns, 379.3150 us/op
WorkloadJitting  1: 1 op, 50051538.00 ns, 50.0515 ms/op

WorkloadPilot    1: 2 op, 6894682.00 ns, 3.4473 ms/op
WorkloadPilot    2: 3 op, 8907588.00 ns, 2.9692 ms/op
WorkloadPilot    3: 4 op, 11240765.00 ns, 2.8102 ms/op
WorkloadPilot    4: 5 op, 15072821.00 ns, 3.0146 ms/op
WorkloadPilot    5: 6 op, 16723082.00 ns, 2.7872 ms/op
WorkloadPilot    6: 7 op, 21232678.00 ns, 3.0332 ms/op
WorkloadPilot    7: 8 op, 24300079.00 ns, 3.0375 ms/op
WorkloadPilot    8: 9 op, 28428073.00 ns, 3.1587 ms/op
WorkloadPilot    9: 10 op, 33768200.00 ns, 3.3768 ms/op
WorkloadPilot   10: 11 op, 35960015.00 ns, 3.2691 ms/op
WorkloadPilot   11: 12 op, 39151294.00 ns, 3.2626 ms/op
WorkloadPilot   12: 13 op, 60449656.00 ns, 4.6500 ms/op
WorkloadPilot   13: 14 op, 61221971.00 ns, 4.3730 ms/op
WorkloadPilot   14: 15 op, 65838061.00 ns, 4.3892 ms/op
WorkloadPilot   15: 16 op, 69636608.00 ns, 4.3523 ms/op
WorkloadPilot   16: 32 op, 138561514.00 ns, 4.3300 ms/op
WorkloadPilot   17: 64 op, 276267405.00 ns, 4.3167 ms/op
WorkloadPilot   18: 128 op, 540495713.00 ns, 4.2226 ms/op

WorkloadWarmup   1: 128 op, 552649696.00 ns, 4.3176 ms/op
WorkloadWarmup   2: 128 op, 530508445.00 ns, 4.1446 ms/op
WorkloadWarmup   3: 128 op, 526353804.00 ns, 4.1121 ms/op

// BeforeActualRun
WorkloadActual   1: 128 op, 528527622.00 ns, 4.1291 ms/op
WorkloadActual   2: 128 op, 527663041.00 ns, 4.1224 ms/op
WorkloadActual   3: 128 op, 526074490.00 ns, 4.1100 ms/op

// AfterActualRun
WorkloadResult   1: 128 op, 528527622.00 ns, 4.1291 ms/op
WorkloadResult   2: 128 op, 527663041.00 ns, 4.1224 ms/op
WorkloadResult   3: 128 op, 526074490.00 ns, 4.1100 ms/op
// GC:  0 0 0 10301528 128
// Threading:  1043 0 128
// Exceptions:  3

// AfterAll
// Benchmark Process 361849 has exited with code 0.

Mean = 4.120 ms, StdErr = 0.006 ms (0.14%), N = 3, StdDev = 0.010 ms
Min = 4.110 ms, Q1 = 4.116 ms, Median = 4.122 ms, Q3 = 4.126 ms, Max = 4.129 ms
IQR = 0.010 ms, LowerFence = 4.102 ms, UpperFence = 4.140 ms
ConfidenceInterval = [3.943 ms; 4.298 ms] (CI 99.9%), Margin = 0.177 ms (4.30% of Mean)
Skewness = -0.19, Kurtosis = 0.67, MValue = 2

// ** Remained 42 (93.3%) benchmark(s) to run. Estimated finish 2026-09-22 0:32 (0h 6m from now) **
// **************************
// Benchmark: FrameworkSetupBenchmarks.RelaySocket_CreateBindClose: ShortRun(IterationCount=3, LaunchCount=1, WarmupCount=3) [Sessions=1]
// *** Execute ***
// Launch: 1 / 1
// Execute: dotnet WinForward.Benchmarks-ShortRun-1.dll --anonymousPipes 123 125 --benchmarkName "WinForward.Benchmarks.Perf.FrameworkSetupBenchmarks.RelaySocket_CreateBindClose(Sessions: 1)" --job ShortRun --benchmarkId 3 in /home/paff/Projects/WinForward/benchmarks/WinForward.Benchmarks/bin/Release/net10.0/WinForward.Benchmarks-ShortRun-1/bin/Release/net10.0
// Failed to set up high priority (Permission denied). In order to run benchmarks with high priority, make sure you have the right permissions.
// BeforeAnythingElse

// Benchmark Process Environment Information:
// BenchmarkDotNet v0.15.8
// Runtime=.NET 10.0.12 (10.0.12, 10.0.1226.42308), X64 RyuJIT x86-64-v4
// GC=Concurrent Workstation
// HardwareIntrinsics=AVX512 BITALG+VBMI2+VNNI+VPOPCNTDQ,AVX512 IFMA+VBMI,AVX512 F+BW+CD+DQ+VL,AVX2+BMI1+BMI2+F16C+FMA+LZCNT+MOVBE,AVX,SSE3+SSSE3+SSE4.1+SSE4.2+POPCNT,X86Base+SSE+SSE2,AES+PCLMUL,AvxVnni VectorSize=256
// Job: ShortRun(IterationCount=3, LaunchCount=1, WarmupCount=3)

OverheadJitting  1: 1 op, 242777.00 ns, 242.7770 us/op
WorkloadJitting  1: 1 op, 4340128.00 ns, 4.3401 ms/op

OverheadJitting  2: 16 op, 344519.00 ns, 21.5324 us/op
WorkloadJitting  2: 16 op, 710770.00 ns, 44.4231 us/op

WorkloadPilot    1: 16 op, 257245.00 ns, 16.0778 us/op
WorkloadPilot    2: 32 op, 489282.00 ns, 15.2901 us/op
WorkloadPilot    3: 64 op, 934010.00 ns, 14.5939 us/op
WorkloadPilot    4: 128 op, 1907634.00 ns, 14.9034 us/op
WorkloadPilot    5: 256 op, 3773371.00 ns, 14.7397 us/op
WorkloadPilot    6: 512 op, 7349038.00 ns, 14.3536 us/op
WorkloadPilot    7: 1024 op, 15695365.00 ns, 15.3275 us/op
WorkloadPilot    8: 2048 op, 30278995.00 ns, 14.7847 us/op
WorkloadPilot    9: 4096 op, 63078841.00 ns, 15.4001 us/op
WorkloadPilot   10: 8192 op, 120151587.00 ns, 14.6669 us/op
WorkloadPilot   11: 16384 op, 223030930.00 ns, 13.6127 us/op
WorkloadPilot   12: 32768 op, 439015764.00 ns, 13.3977 us/op
WorkloadPilot   13: 65536 op, 850825322.00 ns, 12.9826 us/op

OverheadWarmup   1: 65536 op, 186411.00 ns, 2.8444 ns/op
OverheadWarmup   2: 65536 op, 185009.00 ns, 2.8230 ns/op
OverheadWarmup   3: 65536 op, 187223.00 ns, 2.8568 ns/op
OverheadWarmup   4: 65536 op, 185069.00 ns, 2.8239 ns/op
OverheadWarmup   5: 65536 op, 187222.00 ns, 2.8568 ns/op
OverheadWarmup   6: 65536 op, 244190.00 ns, 3.7260 ns/op
OverheadWarmup   7: 65536 op, 186282.00 ns, 2.8424 ns/op

OverheadActual   1: 65536 op, 187494.00 ns, 2.8609 ns/op
OverheadActual   2: 65536 op, 316857.00 ns, 4.8349 ns/op
OverheadActual   3: 65536 op, 186431.00 ns, 2.8447 ns/op
OverheadActual   4: 65536 op, 187093.00 ns, 2.8548 ns/op
OverheadActual   5: 65536 op, 186762.00 ns, 2.8498 ns/op
OverheadActual   6: 65536 op, 186672.00 ns, 2.8484 ns/op
OverheadActual   7: 65536 op, 189928.00 ns, 2.8981 ns/op
OverheadActual   8: 65536 op, 187463.00 ns, 2.8605 ns/op
OverheadActual   9: 65536 op, 186442.00 ns, 2.8449 ns/op
OverheadActual  10: 65536 op, 186101.00 ns, 2.8397 ns/op
OverheadActual  11: 65536 op, 187433.00 ns, 2.8600 ns/op
OverheadActual  12: 65536 op, 187574.00 ns, 2.8622 ns/op
OverheadActual  13: 65536 op, 327577.00 ns, 4.9984 ns/op
OverheadActual  14: 65536 op, 186782.00 ns, 2.8501 ns/op
OverheadActual  15: 65536 op, 186832.00 ns, 2.8508 ns/op

WorkloadWarmup   1: 65536 op, 872539939.00 ns, 13.3139 us/op
WorkloadWarmup   2: 65536 op, 867852827.00 ns, 13.2424 us/op
WorkloadWarmup   3: 65536 op, 852676571.00 ns, 13.0108 us/op

// BeforeActualRun
WorkloadActual   1: 65536 op, 859210383.00 ns, 13.1105 us/op
WorkloadActual   2: 65536 op, 847371594.00 ns, 12.9299 us/op
WorkloadActual   3: 65536 op, 852674061.00 ns, 13.0108 us/op

// AfterActualRun
WorkloadResult   1: 65536 op, 859023290.00 ns, 13.1077 us/op
WorkloadResult   2: 65536 op, 847184501.00 ns, 12.9270 us/op
WorkloadResult   3: 65536 op, 852486968.00 ns, 13.0079 us/op
// GC:  2 0 0 37748736 65536
// Threading:  0 0 65536

// AfterAll
// Benchmark Process 361924 has exited with code 0.

Mean = 13.014 us, StdErr = 0.052 us (0.40%), N = 3, StdDev = 0.090 us
Min = 12.927 us, Q1 = 12.967 us, Median = 13.008 us, Q3 = 13.058 us, Max = 13.108 us
IQR = 0.090 us, LowerFence = 12.832 us, UpperFence = 13.193 us
ConfidenceInterval = [11.363 us; 14.665 us] (CI 99.9%), Margin = 1.651 us (12.68% of Mean)
Skewness = 0.07, Kurtosis = 0.67, MValue = 2

// ** Remained 41 (91.1%) benchmark(s) to run. Estimated finish 2026-09-22 0:32 (0h 6m from now) **
// **************************
// Benchmark: FrameworkSetupBenchmarks.SelfTraffic_RegisterRelease: ShortRun(IterationCount=3, LaunchCount=1, WarmupCount=3) [Sessions=1]
// *** Execute ***
// Launch: 1 / 1
// Execute: dotnet WinForward.Benchmarks-ShortRun-1.dll --anonymousPipes 123 125 --benchmarkName "WinForward.Benchmarks.Perf.FrameworkSetupBenchmarks.SelfTraffic_RegisterRelease(Sessions: 1)" --job ShortRun --benchmarkId 4 in /home/paff/Projects/WinForward/benchmarks/WinForward.Benchmarks/bin/Release/net10.0/WinForward.Benchmarks-ShortRun-1/bin/Release/net10.0
// Failed to set up high priority (Permission denied). In order to run benchmarks with high priority, make sure you have the right permissions.
// BeforeAnythingElse

// Benchmark Process Environment Information:
// BenchmarkDotNet v0.15.8
// Runtime=.NET 10.0.12 (10.0.12, 10.0.1226.42308), X64 RyuJIT x86-64-v4
// GC=Concurrent Workstation
// HardwareIntrinsics=AVX512 BITALG+VBMI2+VNNI+VPOPCNTDQ,AVX512 IFMA+VBMI,AVX512 F+BW+CD+DQ+VL,AVX2+BMI1+BMI2+F16C+FMA+LZCNT+MOVBE,AVX,SSE3+SSSE3+SSE4.1+SSE4.2+POPCNT,X86Base+SSE+SSE2,AES+PCLMUL,AvxVnni VectorSize=256
// Job: ShortRun(IterationCount=3, LaunchCount=1, WarmupCount=3)

OverheadJitting  1: 1 op, 339079.00 ns, 339.0790 us/op
WorkloadJitting  1: 1 op, 8551374.00 ns, 8.5514 ms/op

OverheadJitting  2: 16 op, 368294.00 ns, 23.0184 us/op
WorkloadJitting  2: 16 op, 468503.00 ns, 29.2814 us/op

WorkloadPilot    1: 16 op, 76334.00 ns, 4.7709 us/op
WorkloadPilot    2: 32 op, 135335.00 ns, 4.2292 us/op
WorkloadPilot    3: 64 op, 197973.00 ns, 3.0933 us/op
WorkloadPilot    4: 128 op, 350821.00 ns, 2.7408 us/op
WorkloadPilot    5: 256 op, 760373.00 ns, 2.9702 us/op
WorkloadPilot    6: 512 op, 1526847.00 ns, 2.9821 us/op
WorkloadPilot    7: 1024 op, 2890717.00 ns, 2.8230 us/op
WorkloadPilot    8: 2048 op, 5595143.00 ns, 2.7320 us/op
WorkloadPilot    9: 4096 op, 11110486.00 ns, 2.7125 us/op
WorkloadPilot   10: 8192 op, 22479578.00 ns, 2.7441 us/op
WorkloadPilot   11: 16384 op, 43448861.00 ns, 2.6519 us/op
WorkloadPilot   12: 32768 op, 54027755.00 ns, 1.6488 us/op
WorkloadPilot   13: 65536 op, 35908643.00 ns, 547.9224 ns/op
WorkloadPilot   14: 131072 op, 56101173.00 ns, 428.0180 ns/op
WorkloadPilot   15: 262144 op, 100919043.00 ns, 384.9756 ns/op
WorkloadPilot   16: 524288 op, 196980078.00 ns, 375.7097 ns/op
WorkloadPilot   17: 1048576 op, 383919886.00 ns, 366.1345 ns/op
WorkloadPilot   18: 2097152 op, 768831780.00 ns, 366.6076 ns/op

OverheadWarmup   1: 2097152 op, 6112908.00 ns, 2.9149 ns/op
OverheadWarmup   2: 2097152 op, 6312945.00 ns, 3.0102 ns/op
OverheadWarmup   3: 2097152 op, 6073023.00 ns, 2.8958 ns/op
OverheadWarmup   4: 2097152 op, 6428466.00 ns, 3.0653 ns/op
OverheadWarmup   5: 2097152 op, 6413565.00 ns, 3.0582 ns/op

OverheadActual   1: 2097152 op, 6236592.00 ns, 2.9738 ns/op
OverheadActual   2: 2097152 op, 6746041.00 ns, 3.2168 ns/op
OverheadActual   3: 2097152 op, 6771429.00 ns, 3.2289 ns/op
OverheadActual   4: 2097152 op, 6216775.00 ns, 2.9644 ns/op
OverheadActual   5: 2097152 op, 6149708.00 ns, 2.9324 ns/op
OverheadActual   6: 2097152 op, 6550355.00 ns, 3.1235 ns/op
OverheadActual   7: 2097152 op, 6364122.00 ns, 3.0346 ns/op
OverheadActual   8: 2097152 op, 6122086.00 ns, 2.9192 ns/op
OverheadActual   9: 2097152 op, 6193130.00 ns, 2.9531 ns/op
OverheadActual  10: 2097152 op, 6131514.00 ns, 2.9237 ns/op
OverheadActual  11: 2097152 op, 6374953.00 ns, 3.0398 ns/op
OverheadActual  12: 2097152 op, 6269664.00 ns, 2.9896 ns/op
OverheadActual  13: 2097152 op, 6221063.00 ns, 2.9664 ns/op
OverheadActual  14: 2097152 op, 6259294.00 ns, 2.9847 ns/op
OverheadActual  15: 2097152 op, 6148668.00 ns, 2.9319 ns/op

WorkloadWarmup   1: 2097152 op, 781172845.00 ns, 372.4922 ns/op
WorkloadWarmup   2: 2097152 op, 786065985.00 ns, 374.8255 ns/op
WorkloadWarmup   3: 2097152 op, 771026836.00 ns, 367.6542 ns/op

// BeforeActualRun
WorkloadActual   1: 2097152 op, 779436283.00 ns, 371.6642 ns/op
WorkloadActual   2: 2097152 op, 759971585.00 ns, 362.3827 ns/op
WorkloadActual   3: 2097152 op, 760857134.00 ns, 362.8050 ns/op

// AfterActualRun
WorkloadResult   1: 2097152 op, 773199691.00 ns, 368.6903 ns/op
WorkloadResult   2: 2097152 op, 753734993.00 ns, 359.4089 ns/op
WorkloadResult   3: 2097152 op, 754620542.00 ns, 359.8311 ns/op
// GC:  20 0 0 335544320 2097152
// Threading:  0 0 2097152

// AfterAll
// Benchmark Process 362024 has exited with code 0.

Mean = 362.643 ns, StdErr = 3.026 ns (0.83%), N = 3, StdDev = 5.241 ns
Min = 359.409 ns, Q1 = 359.620 ns, Median = 359.831 ns, Q3 = 364.261 ns, Max = 368.690 ns
IQR = 4.641 ns, LowerFence = 352.659 ns, UpperFence = 371.222 ns
ConfidenceInterval = [267.028 ns; 458.259 ns] (CI 99.9%), Margin = 95.616 ns (26.37% of Mean)
Skewness = 0.38, Kurtosis = 0.67, MValue = 2

// ** Remained 40 (88.9%) benchmark(s) to run. Estimated finish 2026-09-22 0:32 (0h 6m from now) **
// **************************
// Benchmark: FrameworkSetupBenchmarks.RealTransport_CreateDisposeAsync: ShortRun(IterationCount=3, LaunchCount=1, WarmupCount=3) [Sessions=100]
// *** Execute ***
// Launch: 1 / 1
// Execute: dotnet WinForward.Benchmarks-ShortRun-1.dll --anonymousPipes 123 125 --benchmarkName "WinForward.Benchmarks.Perf.FrameworkSetupBenchmarks.RealTransport_CreateDisposeAsync(Sessions: 100)" --job ShortRun --benchmarkId 5 in /home/paff/Projects/WinForward/benchmarks/WinForward.Benchmarks/bin/Release/net10.0/WinForward.Benchmarks-ShortRun-1/bin/Release/net10.0
// Failed to set up high priority (Permission denied). In order to run benchmarks with high priority, make sure you have the right permissions.
// BeforeAnythingElse

// Benchmark Process Environment Information:
// BenchmarkDotNet v0.15.8
// Runtime=.NET 10.0.12 (10.0.12, 10.0.1226.42308), X64 RyuJIT x86-64-v4
// GC=Concurrent Workstation
// HardwareIntrinsics=AVX512 BITALG+VBMI2+VNNI+VPOPCNTDQ,AVX512 IFMA+VBMI,AVX512 F+BW+CD+DQ+VL,AVX2+BMI1+BMI2+F16C+FMA+LZCNT+MOVBE,AVX,SSE3+SSSE3+SSE4.1+SSE4.2+POPCNT,X86Base+SSE+SSE2,AES+PCLMUL,AvxVnni VectorSize=256
// Job: ShortRun(IterationCount=3, LaunchCount=1, WarmupCount=3)

OverheadJitting  1: 1 op, 349598.00 ns, 349.5980 us/op
WorkloadJitting  1: 1 op, 490312032.00 ns, 490.3120 ms/op

OverheadJitting  2: 1 op, 962.00 ns, 962.0000 ns/op
WorkloadJitting  2: 1 op, 410703674.00 ns, 410.7037 ms/op

WorkloadWarmup   1: 1 op, 407041634.00 ns, 407.0416 ms/op
WorkloadWarmup   2: 1 op, 411276574.00 ns, 411.2766 ms/op
WorkloadWarmup   3: 1 op, 408050064.00 ns, 408.0501 ms/op

// BeforeActualRun
WorkloadActual   1: 1 op, 401877232.00 ns, 401.8772 ms/op
WorkloadActual   2: 1 op, 400743752.00 ns, 400.7438 ms/op
WorkloadActual   3: 1 op, 403931113.00 ns, 403.9311 ms/op

// AfterActualRun
WorkloadResult   1: 1 op, 401877232.00 ns, 401.8772 ms/op
WorkloadResult   2: 1 op, 400743752.00 ns, 400.7438 ms/op
WorkloadResult   3: 1 op, 403931113.00 ns, 403.9311 ms/op
// GC:  0 0 0 8341256 1
// Threading:  820 0 1
// Exceptions:  300

// AfterAll
// Benchmark Process 362063 has exited with code 0.

Mean = 402.184 ms, StdErr = 0.933 ms (0.23%), N = 3, StdDev = 1.616 ms
Min = 400.744 ms, Q1 = 401.310 ms, Median = 401.877 ms, Q3 = 402.904 ms, Max = 403.931 ms
IQR = 1.594 ms, LowerFence = 398.920 ms, UpperFence = 405.295 ms
ConfidenceInterval = [372.708 ms; 431.660 ms] (CI 99.9%), Margin = 29.476 ms (7.33% of Mean)
Skewness = 0.18, Kurtosis = 0.67, MValue = 2

// ** Remained 39 (86.7%) benchmark(s) to run. Estimated finish 2026-09-22 0:31 (0h 5m from now) **
// **************************
// Benchmark: FrameworkSetupBenchmarks.Control_ConnectDisposeAsync: ShortRun(IterationCount=3, LaunchCount=1, WarmupCount=3) [Sessions=100]
// *** Execute ***
// Launch: 1 / 1
// Execute: dotnet WinForward.Benchmarks-ShortRun-1.dll --anonymousPipes 123 125 --benchmarkName "WinForward.Benchmarks.Perf.FrameworkSetupBenchmarks.Control_ConnectDisposeAsync(Sessions: 100)" --job ShortRun --benchmarkId 6 in /home/paff/Projects/WinForward/benchmarks/WinForward.Benchmarks/bin/Release/net10.0/WinForward.Benchmarks-ShortRun-1/bin/Release/net10.0
// Failed to set up high priority (Permission denied). In order to run benchmarks with high priority, make sure you have the right permissions.
// BeforeAnythingElse

// Benchmark Process Environment Information:
// BenchmarkDotNet v0.15.8
// Runtime=.NET 10.0.12 (10.0.12, 10.0.1226.42308), X64 RyuJIT x86-64-v4
// GC=Concurrent Workstation
// HardwareIntrinsics=AVX512 BITALG+VBMI2+VNNI+VPOPCNTDQ,AVX512 IFMA+VBMI,AVX512 F+BW+CD+DQ+VL,AVX2+BMI1+BMI2+F16C+FMA+LZCNT+MOVBE,AVX,SSE3+SSSE3+SSE4.1+SSE4.2+POPCNT,X86Base+SSE+SSE2,AES+PCLMUL,AvxVnni VectorSize=256
// Job: ShortRun(IterationCount=3, LaunchCount=1, WarmupCount=3)

OverheadJitting  1: 1 op, 348888.00 ns, 348.8880 us/op
WorkloadJitting  1: 1 op, 464771575.00 ns, 464.7716 ms/op

OverheadJitting  2: 1 op, 1182.00 ns, 1.1820 us/op
WorkloadJitting  2: 1 op, 407295999.00 ns, 407.2960 ms/op

WorkloadWarmup   1: 1 op, 393973930.00 ns, 393.9739 ms/op
WorkloadWarmup   2: 1 op, 384059358.00 ns, 384.0594 ms/op
WorkloadWarmup   3: 1 op, 395861954.00 ns, 395.8620 ms/op

// BeforeActualRun
WorkloadActual   1: 1 op, 393074232.00 ns, 393.0742 ms/op
WorkloadActual   2: 1 op, 383327789.00 ns, 383.3278 ms/op
WorkloadActual   3: 1 op, 395453404.00 ns, 395.4534 ms/op

// AfterActualRun
WorkloadResult   1: 1 op, 393074232.00 ns, 393.0742 ms/op
WorkloadResult   2: 1 op, 383327789.00 ns, 383.3278 ms/op
WorkloadResult   3: 1 op, 395453404.00 ns, 395.4534 ms/op
// GC:  0 0 0 7741848 1
// Threading:  629 0 1
// Exceptions:  700

// AfterAll
// Benchmark Process 362200 has exited with code 0.

Mean = 390.618 ms, StdErr = 3.709 ms (0.95%), N = 3, StdDev = 6.425 ms
Min = 383.328 ms, Q1 = 388.201 ms, Median = 393.074 ms, Q3 = 394.264 ms, Max = 395.453 ms
IQR = 6.063 ms, LowerFence = 379.107 ms, UpperFence = 403.358 ms
ConfidenceInterval = [273.402 ms; 507.834 ms] (CI 99.9%), Margin = 117.216 ms (30.01% of Mean)
Skewness = -0.33, Kurtosis = 0.67, MValue = 2

// ** Remained 38 (84.4%) benchmark(s) to run. Estimated finish 2026-09-22 0:31 (0h 4m from now) **
// **************************
// Benchmark: FrameworkSetupBenchmarks.Control_ConnectAssociateDisposeAsync: ShortRun(IterationCount=3, LaunchCount=1, WarmupCount=3) [Sessions=100]
// *** Execute ***
// Launch: 1 / 1
// Execute: dotnet WinForward.Benchmarks-ShortRun-1.dll --anonymousPipes 123 125 --benchmarkName "WinForward.Benchmarks.Perf.FrameworkSetupBenchmarks.Control_ConnectAssociateDisposeAsync(Sessions: 100)" --job ShortRun --benchmarkId 7 in /home/paff/Projects/WinForward/benchmarks/WinForward.Benchmarks/bin/Release/net10.0/WinForward.Benchmarks-ShortRun-1/bin/Release/net10.0
// Failed to set up high priority (Permission denied). In order to run benchmarks with high priority, make sure you have the right permissions.
// BeforeAnythingElse

// Benchmark Process Environment Information:
// BenchmarkDotNet v0.15.8
// Runtime=.NET 10.0.12 (10.0.12, 10.0.1226.42308), X64 RyuJIT x86-64-v4
// GC=Concurrent Workstation
// HardwareIntrinsics=AVX512 BITALG+VBMI2+VNNI+VPOPCNTDQ,AVX512 IFMA+VBMI,AVX512 F+BW+CD+DQ+VL,AVX2+BMI1+BMI2+F16C+FMA+LZCNT+MOVBE,AVX,SSE3+SSSE3+SSE4.1+SSE4.2+POPCNT,X86Base+SSE+SSE2,AES+PCLMUL,AvxVnni VectorSize=256
// Job: ShortRun(IterationCount=3, LaunchCount=1, WarmupCount=3)

OverheadJitting  1: 1 op, 395235.00 ns, 395.2350 us/op
WorkloadJitting  1: 1 op, 489266843.00 ns, 489.2668 ms/op

OverheadJitting  2: 1 op, 1503.00 ns, 1.5030 us/op
WorkloadJitting  2: 1 op, 419968382.00 ns, 419.9684 ms/op

WorkloadWarmup   1: 1 op, 408030728.00 ns, 408.0307 ms/op
WorkloadWarmup   2: 1 op, 415924652.00 ns, 415.9247 ms/op
WorkloadWarmup   3: 1 op, 423173682.00 ns, 423.1737 ms/op

// BeforeActualRun
WorkloadActual   1: 1 op, 412921593.00 ns, 412.9216 ms/op
WorkloadActual   2: 1 op, 409669505.00 ns, 409.6695 ms/op
WorkloadActual   3: 1 op, 409528971.00 ns, 409.5290 ms/op

// AfterActualRun
WorkloadResult   1: 1 op, 412921593.00 ns, 412.9216 ms/op
WorkloadResult   2: 1 op, 409669505.00 ns, 409.6695 ms/op
WorkloadResult   3: 1 op, 409528971.00 ns, 409.5290 ms/op
// GC:  0 0 0 8021448 1
// Threading:  827 0 1
// Exceptions:  300

// AfterAll
// Benchmark Process 362235 has exited with code 0.

Mean = 410.707 ms, StdErr = 1.108 ms (0.27%), N = 3, StdDev = 1.919 ms
Min = 409.529 ms, Q1 = 409.599 ms, Median = 409.670 ms, Q3 = 411.296 ms, Max = 412.922 ms
IQR = 1.696 ms, LowerFence = 407.055 ms, UpperFence = 413.840 ms
ConfidenceInterval = [375.689 ms; 445.725 ms] (CI 99.9%), Margin = 35.018 ms (8.53% of Mean)
Skewness = 0.38, Kurtosis = 0.67, MValue = 2

// ** Remained 37 (82.2%) benchmark(s) to run. Estimated finish 2026-09-22 0:30 (0h 4m from now) **
// **************************
// Benchmark: FrameworkSetupBenchmarks.RelaySocket_CreateBindClose: ShortRun(IterationCount=3, LaunchCount=1, WarmupCount=3) [Sessions=100]
// *** Execute ***
// Launch: 1 / 1
// Execute: dotnet WinForward.Benchmarks-ShortRun-1.dll --anonymousPipes 123 125 --benchmarkName "WinForward.Benchmarks.Perf.FrameworkSetupBenchmarks.RelaySocket_CreateBindClose(Sessions: 100)" --job ShortRun --benchmarkId 8 in /home/paff/Projects/WinForward/benchmarks/WinForward.Benchmarks/bin/Release/net10.0/WinForward.Benchmarks-ShortRun-1/bin/Release/net10.0
// Failed to set up high priority (Permission denied). In order to run benchmarks with high priority, make sure you have the right permissions.
// BeforeAnythingElse

// Benchmark Process Environment Information:
// BenchmarkDotNet v0.15.8
// Runtime=.NET 10.0.12 (10.0.12, 10.0.1226.42308), X64 RyuJIT x86-64-v4
// GC=Concurrent Workstation
// HardwareIntrinsics=AVX512 BITALG+VBMI2+VNNI+VPOPCNTDQ,AVX512 IFMA+VBMI,AVX512 F+BW+CD+DQ+VL,AVX2+BMI1+BMI2+F16C+FMA+LZCNT+MOVBE,AVX,SSE3+SSSE3+SSE4.1+SSE4.2+POPCNT,X86Base+SSE+SSE2,AES+PCLMUL,AvxVnni VectorSize=256
// Job: ShortRun(IterationCount=3, LaunchCount=1, WarmupCount=3)

OverheadJitting  1: 1 op, 305336.00 ns, 305.3360 us/op
WorkloadJitting  1: 1 op, 5914735.00 ns, 5.9147 ms/op

OverheadJitting  2: 16 op, 477259.00 ns, 29.8287 us/op
WorkloadJitting  2: 16 op, 24900260.00 ns, 1.5563 ms/op

WorkloadPilot    1: 16 op, 24461744.00 ns, 1.5289 ms/op
WorkloadPilot    2: 32 op, 48302287.00 ns, 1.5094 ms/op
WorkloadPilot    3: 64 op, 102948627.00 ns, 1.6086 ms/op
WorkloadPilot    4: 128 op, 186478614.00 ns, 1.4569 ms/op
WorkloadPilot    5: 256 op, 349238424.00 ns, 1.3642 ms/op
WorkloadPilot    6: 512 op, 728827980.00 ns, 1.4235 ms/op

OverheadWarmup   1: 512 op, 5871.00 ns, 11.4668 ns/op
OverheadWarmup   2: 512 op, 2685.00 ns, 5.2441 ns/op
OverheadWarmup   3: 512 op, 2195.00 ns, 4.2871 ns/op
OverheadWarmup   4: 512 op, 2665.00 ns, 5.2051 ns/op
OverheadWarmup   5: 512 op, 2535.00 ns, 4.9512 ns/op
OverheadWarmup   6: 512 op, 2504.00 ns, 4.8906 ns/op
OverheadWarmup   7: 512 op, 2534.00 ns, 4.9492 ns/op
OverheadWarmup   8: 512 op, 2485.00 ns, 4.8535 ns/op

OverheadActual   1: 512 op, 2454.00 ns, 4.7930 ns/op
OverheadActual   2: 512 op, 2414.00 ns, 4.7148 ns/op
OverheadActual   3: 512 op, 3646.00 ns, 7.1211 ns/op
OverheadActual   4: 512 op, 2465.00 ns, 4.8145 ns/op
OverheadActual   5: 512 op, 2534.00 ns, 4.9492 ns/op
OverheadActual   6: 512 op, 2224.00 ns, 4.3438 ns/op
OverheadActual   7: 512 op, 2084.00 ns, 4.0703 ns/op
OverheadActual   8: 512 op, 2164.00 ns, 4.2266 ns/op
OverheadActual   9: 512 op, 2444.00 ns, 4.7734 ns/op
OverheadActual  10: 512 op, 2675.00 ns, 5.2246 ns/op
OverheadActual  11: 512 op, 2174.00 ns, 4.2461 ns/op
OverheadActual  12: 512 op, 2465.00 ns, 4.8145 ns/op
OverheadActual  13: 512 op, 2395.00 ns, 4.6777 ns/op
OverheadActual  14: 512 op, 2234.00 ns, 4.3633 ns/op
OverheadActual  15: 512 op, 2104.00 ns, 4.1094 ns/op
OverheadActual  16: 512 op, 2114.00 ns, 4.1289 ns/op
OverheadActual  17: 512 op, 2124.00 ns, 4.1484 ns/op
OverheadActual  18: 512 op, 2124.00 ns, 4.1484 ns/op
OverheadActual  19: 512 op, 2435.00 ns, 4.7559 ns/op
OverheadActual  20: 512 op, 2174.00 ns, 4.2461 ns/op

WorkloadWarmup   1: 512 op, 708577923.00 ns, 1.3839 ms/op
WorkloadWarmup   2: 512 op, 701424256.00 ns, 1.3700 ms/op
WorkloadWarmup   3: 512 op, 696533578.00 ns, 1.3604 ms/op

// BeforeActualRun
WorkloadActual   1: 512 op, 712359018.00 ns, 1.3913 ms/op
WorkloadActual   2: 512 op, 684200368.00 ns, 1.3363 ms/op
WorkloadActual   3: 512 op, 700392060.00 ns, 1.3680 ms/op

// AfterActualRun
WorkloadResult   1: 512 op, 712356703.50 ns, 1.3913 ms/op
WorkloadResult   2: 512 op, 684198053.50 ns, 1.3363 ms/op
WorkloadResult   3: 512 op, 700389745.50 ns, 1.3679 ms/op
// GC:  1 0 0 29491200 512
// Threading:  0 0 512

// AfterAll
// Benchmark Process 362266 has exited with code 0.

Mean = 1.365 ms, StdErr = 0.016 ms (1.17%), N = 3, StdDev = 0.028 ms
Min = 1.336 ms, Q1 = 1.352 ms, Median = 1.368 ms, Q3 = 1.380 ms, Max = 1.391 ms
IQR = 0.027 ms, LowerFence = 1.311 ms, UpperFence = 1.421 ms
ConfidenceInterval = [0.862 ms; 1.869 ms] (CI 99.9%), Margin = 0.504 ms (36.89% of Mean)
Skewness = -0.1, Kurtosis = 0.67, MValue = 2

// ** Remained 36 (80.0%) benchmark(s) to run. Estimated finish 2026-09-22 0:30 (0h 4m from now) **
// **************************
// Benchmark: FrameworkSetupBenchmarks.SelfTraffic_RegisterRelease: ShortRun(IterationCount=3, LaunchCount=1, WarmupCount=3) [Sessions=100]
// *** Execute ***
// Launch: 1 / 1
// Execute: dotnet WinForward.Benchmarks-ShortRun-1.dll --anonymousPipes 123 125 --benchmarkName "WinForward.Benchmarks.Perf.FrameworkSetupBenchmarks.SelfTraffic_RegisterRelease(Sessions: 100)" --job ShortRun --benchmarkId 9 in /home/paff/Projects/WinForward/benchmarks/WinForward.Benchmarks/bin/Release/net10.0/WinForward.Benchmarks-ShortRun-1/bin/Release/net10.0
// Failed to set up high priority (Permission denied). In order to run benchmarks with high priority, make sure you have the right permissions.
// BeforeAnythingElse

// Benchmark Process Environment Information:
// BenchmarkDotNet v0.15.8
// Runtime=.NET 10.0.12 (10.0.12, 10.0.1226.42308), X64 RyuJIT x86-64-v4
// GC=Concurrent Workstation
// HardwareIntrinsics=AVX512 BITALG+VBMI2+VNNI+VPOPCNTDQ,AVX512 IFMA+VBMI,AVX512 F+BW+CD+DQ+VL,AVX2+BMI1+BMI2+F16C+FMA+LZCNT+MOVBE,AVX,SSE3+SSSE3+SSE4.1+SSE4.2+POPCNT,X86Base+SSE+SSE2,AES+PCLMUL,AvxVnni VectorSize=256
// Job: ShortRun(IterationCount=3, LaunchCount=1, WarmupCount=3)

OverheadJitting  1: 1 op, 299985.00 ns, 299.9850 us/op
WorkloadJitting  1: 1 op, 9922838.00 ns, 9.9228 ms/op

OverheadJitting  2: 16 op, 414792.00 ns, 25.9245 us/op
WorkloadJitting  2: 16 op, 4809683.00 ns, 300.6052 us/op

WorkloadPilot    1: 16 op, 4188472.00 ns, 261.7795 us/op
WorkloadPilot    2: 32 op, 9349368.00 ns, 292.1678 us/op
WorkloadPilot    3: 64 op, 17877968.00 ns, 279.3433 us/op
WorkloadPilot    4: 128 op, 36310531.00 ns, 283.6760 us/op
WorkloadPilot    5: 256 op, 70608698.00 ns, 275.8152 us/op
WorkloadPilot    6: 512 op, 93340282.00 ns, 182.3052 us/op
WorkloadPilot    7: 1024 op, 52232513.00 ns, 51.0083 us/op
WorkloadPilot    8: 2048 op, 68973007.00 ns, 33.6782 us/op
WorkloadPilot    9: 4096 op, 134268564.00 ns, 32.7804 us/op
WorkloadPilot   10: 8192 op, 264906146.00 ns, 32.3372 us/op
WorkloadPilot   11: 16384 op, 527286924.00 ns, 32.1830 us/op

OverheadWarmup   1: 16384 op, 50675.00 ns, 3.0930 ns/op
OverheadWarmup   2: 16384 op, 46217.00 ns, 2.8209 ns/op
OverheadWarmup   3: 16384 op, 46588.00 ns, 2.8435 ns/op
OverheadWarmup   4: 16384 op, 46257.00 ns, 2.8233 ns/op
OverheadWarmup   5: 16384 op, 48432.00 ns, 2.9561 ns/op
OverheadWarmup   6: 16384 op, 46477.00 ns, 2.8367 ns/op

OverheadActual   1: 16384 op, 46387.00 ns, 2.8312 ns/op
OverheadActual   2: 16384 op, 46458.00 ns, 2.8356 ns/op
OverheadActual   3: 16384 op, 48051.00 ns, 2.9328 ns/op
OverheadActual   4: 16384 op, 46377.00 ns, 2.8306 ns/op
OverheadActual   5: 16384 op, 46637.00 ns, 2.8465 ns/op
OverheadActual   6: 16384 op, 46147.00 ns, 2.8166 ns/op
OverheadActual   7: 16384 op, 48261.00 ns, 2.9456 ns/op
OverheadActual   8: 16384 op, 46417.00 ns, 2.8331 ns/op
OverheadActual   9: 16384 op, 46167.00 ns, 2.8178 ns/op
OverheadActual  10: 16384 op, 46057.00 ns, 2.8111 ns/op
OverheadActual  11: 16384 op, 109927.00 ns, 6.7094 ns/op
OverheadActual  12: 16384 op, 46147.00 ns, 2.8166 ns/op
OverheadActual  13: 16384 op, 46096.00 ns, 2.8135 ns/op
OverheadActual  14: 16384 op, 46117.00 ns, 2.8148 ns/op
OverheadActual  15: 16384 op, 48091.00 ns, 2.9352 ns/op

WorkloadWarmup   1: 16384 op, 575470637.00 ns, 35.1239 us/op
WorkloadWarmup   2: 16384 op, 543862348.00 ns, 33.1947 us/op
WorkloadWarmup   3: 16384 op, 542251772.00 ns, 33.0964 us/op

// BeforeActualRun
WorkloadActual   1: 16384 op, 549365787.00 ns, 33.5306 us/op
WorkloadActual   2: 16384 op, 545186182.00 ns, 33.2755 us/op
WorkloadActual   3: 16384 op, 533177393.00 ns, 32.5426 us/op

// AfterActualRun
WorkloadResult   1: 16384 op, 549319400.00 ns, 33.5278 us/op
WorkloadResult   2: 16384 op, 545139795.00 ns, 33.2727 us/op
WorkloadResult   3: 16384 op, 533131006.00 ns, 32.5397 us/op
// GC:  15 0 0 262144000 16384
// Threading:  0 0 16384

// AfterAll
// Benchmark Process 362337 has exited with code 0.

Mean = 33.113 us, StdErr = 0.296 us (0.89%), N = 3, StdDev = 0.513 us
Min = 32.540 us, Q1 = 32.906 us, Median = 33.273 us, Q3 = 33.400 us, Max = 33.528 us
IQR = 0.494 us, LowerFence = 32.165 us, UpperFence = 34.141 us
ConfidenceInterval = [23.756 us; 42.471 us] (CI 99.9%), Margin = 9.358 us (28.26% of Mean)
Skewness = -0.28, Kurtosis = 0.67, MValue = 2

// ** Remained 35 (77.8%) benchmark(s) to run. Estimated finish 2026-09-22 0:30 (0h 4m from now) **
// **************************
// Benchmark: FrameworkSetupBenchmarks.RealTransport_CreateDisposeAsync: ShortRun(IterationCount=3, LaunchCount=1, WarmupCount=3) [Sessions=1000]
// *** Execute ***
// Launch: 1 / 1
// Execute: dotnet WinForward.Benchmarks-ShortRun-1.dll --anonymousPipes 123 125 --benchmarkName "WinForward.Benchmarks.Perf.FrameworkSetupBenchmarks.RealTransport_CreateDisposeAsync(Sessions: 1000)" --job ShortRun --benchmarkId 10 in /home/paff/Projects/WinForward/benchmarks/WinForward.Benchmarks/bin/Release/net10.0/WinForward.Benchmarks-ShortRun-1/bin/Release/net10.0
// Failed to set up high priority (Permission denied). In order to run benchmarks with high priority, make sure you have the right permissions.
// BeforeAnythingElse

// Benchmark Process Environment Information:
// BenchmarkDotNet v0.15.8
// Runtime=.NET 10.0.12 (10.0.12, 10.0.1226.42308), X64 RyuJIT x86-64-v4
// GC=Concurrent Workstation
// HardwareIntrinsics=AVX512 BITALG+VBMI2+VNNI+VPOPCNTDQ,AVX512 IFMA+VBMI,AVX512 F+BW+CD+DQ+VL,AVX2+BMI1+BMI2+F16C+FMA+LZCNT+MOVBE,AVX,SSE3+SSSE3+SSE4.1+SSE4.2+POPCNT,X86Base+SSE+SSE2,AES+PCLMUL,AvxVnni VectorSize=256
// Job: ShortRun(IterationCount=3, LaunchCount=1, WarmupCount=3)

OverheadJitting  1: 1 op, 269568.00 ns, 269.5680 us/op
WorkloadJitting  1: 1 op, 1011768098.00 ns, 1.0118 s/op

OverheadJitting  2: 1 op, 1202.00 ns, 1.2020 us/op
WorkloadJitting  2: 1 op, 832274415.00 ns, 832.2744 ms/op

WorkloadWarmup   1: 1 op, 815227081.00 ns, 815.2271 ms/op
WorkloadWarmup   2: 1 op, 775785563.00 ns, 775.7856 ms/op
WorkloadWarmup   3: 1 op, 773105000.00 ns, 773.1050 ms/op

// BeforeActualRun
WorkloadActual   1: 1 op, 766076777.00 ns, 766.0768 ms/op
WorkloadActual   2: 1 op, 793481198.00 ns, 793.4812 ms/op
WorkloadActual   3: 1 op, 2398456713.00 ns, 2.3985 s/op

// AfterActualRun
WorkloadResult   1: 1 op, 766076777.00 ns, 766.0768 ms/op
WorkloadResult   2: 1 op, 793481198.00 ns, 793.4812 ms/op
WorkloadResult   3: 1 op, 2398456713.00 ns, 2.3985 s/op
// GC:  5 4 0 83440960 1
// Threading:  8414 0 1
// Exceptions:  3000

// AfterAll
// Benchmark Process 362398 has exited with code 0.

Mean = 1.319 s, StdErr = 0.540 s (40.90%), N = 3, StdDev = 0.935 s
Min = 0.766 s, Q1 = 0.780 s, Median = 0.793 s, Q3 = 1.596 s, Max = 2.398 s
IQR = 0.816 s, LowerFence = -0.445 s, UpperFence = 2.820 s
ConfidenceInterval = [-15.732 s; 18.371 s] (CI 99.9%), Margin = 17.051 s (1292.42% of Mean)
Skewness = 0.38, Kurtosis = 0.67, MValue = 2

// ** Remained 34 (75.6%) benchmark(s) to run. Estimated finish 2026-09-22 0:31 (0h 4m from now) **
// **************************
// Benchmark: FrameworkSetupBenchmarks.Control_ConnectDisposeAsync: ShortRun(IterationCount=3, LaunchCount=1, WarmupCount=3) [Sessions=1000]
// *** Execute ***
// Launch: 1 / 1
// Execute: dotnet WinForward.Benchmarks-ShortRun-1.dll --anonymousPipes 123 125 --benchmarkName "WinForward.Benchmarks.Perf.FrameworkSetupBenchmarks.Control_ConnectDisposeAsync(Sessions: 1000)" --job ShortRun --benchmarkId 11 in /home/paff/Projects/WinForward/benchmarks/WinForward.Benchmarks/bin/Release/net10.0/WinForward.Benchmarks-ShortRun-1/bin/Release/net10.0
// Failed to set up high priority (Permission denied). In order to run benchmarks with high priority, make sure you have the right permissions.
// BeforeAnythingElse

// Benchmark Process Environment Information:
// BenchmarkDotNet v0.15.8
// Runtime=.NET 10.0.12 (10.0.12, 10.0.1226.42308), X64 RyuJIT x86-64-v4
// GC=Concurrent Workstation
// HardwareIntrinsics=AVX512 BITALG+VBMI2+VNNI+VPOPCNTDQ,AVX512 IFMA+VBMI,AVX512 F+BW+CD+DQ+VL,AVX2+BMI1+BMI2+F16C+FMA+LZCNT+MOVBE,AVX,SSE3+SSSE3+SSE4.1+SSE4.2+POPCNT,X86Base+SSE+SSE2,AES+PCLMUL,AvxVnni VectorSize=256
// Job: ShortRun(IterationCount=3, LaunchCount=1, WarmupCount=3)

OverheadJitting  1: 1 op, 272804.00 ns, 272.8040 us/op
WorkloadJitting  1: 1 op, 2284392665.00 ns, 2.2844 s/op

OverheadJitting  2: 1 op, 611.00 ns, 611.0000 ns/op
WorkloadJitting  2: 1 op, 2181134520.00 ns, 2.1811 s/op

WorkloadWarmup   1: 1 op, 2218570251.00 ns, 2.2186 s/op
WorkloadWarmup   2: 1 op, 2224025079.00 ns, 2.2240 s/op
WorkloadWarmup   3: 1 op, 2224946010.00 ns, 2.2249 s/op

// BeforeActualRun
WorkloadActual   1: 1 op, 3611497571.00 ns, 3.6115 s/op
WorkloadActual   2: 1 op, 3783579072.00 ns, 3.7836 s/op
WorkloadActual   3: 1 op, 3898093457.00 ns, 3.8981 s/op

// AfterActualRun
WorkloadResult   1: 1 op, 3611497571.00 ns, 3.6115 s/op
WorkloadResult   2: 1 op, 3783579072.00 ns, 3.7836 s/op
WorkloadResult   3: 1 op, 3898093457.00 ns, 3.8981 s/op
// GC:  4 3 0 77448376 1
// Threading:  6304 0 1
// Exceptions:  7000

// AfterAll
// Benchmark Process 362490 has exited with code 0.

Mean = 3.764 s, StdErr = 0.083 s (2.21%), N = 3, StdDev = 0.144 s
Min = 3.611 s, Q1 = 3.698 s, Median = 3.784 s, Q3 = 3.841 s, Max = 3.898 s
IQR = 0.143 s, LowerFence = 3.483 s, UpperFence = 4.056 s
ConfidenceInterval = [1.133 s; 6.396 s] (CI 99.9%), Margin = 2.632 s (69.91% of Mean)
Skewness = -0.13, Kurtosis = 0.67, MValue = 2

// ** Remained 33 (73.3%) benchmark(s) to run. Estimated finish 2026-09-22 0:32 (0h 4m from now) **
// **************************
// Benchmark: FrameworkSetupBenchmarks.Control_ConnectAssociateDisposeAsync: ShortRun(IterationCount=3, LaunchCount=1, WarmupCount=3) [Sessions=1000]
// *** Execute ***
// Launch: 1 / 1
// Execute: dotnet WinForward.Benchmarks-ShortRun-1.dll --anonymousPipes 123 125 --benchmarkName "WinForward.Benchmarks.Perf.FrameworkSetupBenchmarks.Control_ConnectAssociateDisposeAsync(Sessions: 1000)" --job ShortRun --benchmarkId 12 in /home/paff/Projects/WinForward/benchmarks/WinForward.Benchmarks/bin/Release/net10.0/WinForward.Benchmarks-ShortRun-1/bin/Release/net10.0
// Failed to set up high priority (Permission denied). In order to run benchmarks with high priority, make sure you have the right permissions.
// BeforeAnythingElse

// Benchmark Process Environment Information:
// BenchmarkDotNet v0.15.8
// Runtime=.NET 10.0.12 (10.0.12, 10.0.1226.42308), X64 RyuJIT x86-64-v4
// GC=Concurrent Workstation
// HardwareIntrinsics=AVX512 BITALG+VBMI2+VNNI+VPOPCNTDQ,AVX512 IFMA+VBMI,AVX512 F+BW+CD+DQ+VL,AVX2+BMI1+BMI2+F16C+FMA+LZCNT+MOVBE,AVX,SSE3+SSSE3+SSE4.1+SSE4.2+POPCNT,X86Base+SSE+SSE2,AES+PCLMUL,AvxVnni VectorSize=256
// Job: ShortRun(IterationCount=3, LaunchCount=1, WarmupCount=3)

OverheadJitting  1: 1 op, 256343.00 ns, 256.3430 us/op
WorkloadJitting  1: 1 op, 4309562683.00 ns, 4.3096 s/op

OverheadJitting  2: 1 op, 1432.00 ns, 1.4320 us/op
WorkloadJitting  2: 1 op, 4052729207.00 ns, 4.0527 s/op

WorkloadWarmup   1: 1 op, 4039245898.00 ns, 4.0392 s/op
WorkloadWarmup   2: 1 op, 4099560491.00 ns, 4.0996 s/op
WorkloadWarmup   3: 1 op, 4252163069.00 ns, 4.2522 s/op

// BeforeActualRun
WorkloadActual   1: 1 op, 4203497621.00 ns, 4.2035 s/op
WorkloadActual   2: 1 op, 1203944339.00 ns, 1.2039 s/op
WorkloadActual   3: 1 op, 763863712.00 ns, 763.8637 ms/op

// AfterActualRun
WorkloadResult   1: 1 op, 4203497621.00 ns, 4.2035 s/op
WorkloadResult   2: 1 op, 1203944339.00 ns, 1.2039 s/op
WorkloadResult   3: 1 op, 763863712.00 ns, 763.8637 ms/op
// GC:  4 3 1 80320168 1
// Threading:  7948 0 1
// Exceptions:  3000

// AfterAll
// Benchmark Process 362721 has exited with code 0.

Mean = 2.057 s, StdErr = 1.081 s (52.53%), N = 3, StdDev = 1.872 s
Min = 0.764 s, Q1 = 0.984 s, Median = 1.204 s, Q3 = 2.704 s, Max = 4.203 s
IQR = 1.720 s, LowerFence = -1.596 s, UpperFence = 5.283 s
ConfidenceInterval = [-32.092 s; 36.206 s] (CI 99.9%), Margin = 34.149 s (1660.04% of Mean)
Skewness = 0.36, Kurtosis = 0.67, MValue = 2

// ** Remained 32 (71.1%) benchmark(s) to run. Estimated finish 2026-09-22 0:33 (0h 5m from now) **
// **************************
// Benchmark: FrameworkSetupBenchmarks.RelaySocket_CreateBindClose: ShortRun(IterationCount=3, LaunchCount=1, WarmupCount=3) [Sessions=1000]
// *** Execute ***
// Launch: 1 / 1
// Execute: dotnet WinForward.Benchmarks-ShortRun-1.dll --anonymousPipes 123 125 --benchmarkName "WinForward.Benchmarks.Perf.FrameworkSetupBenchmarks.RelaySocket_CreateBindClose(Sessions: 1000)" --job ShortRun --benchmarkId 13 in /home/paff/Projects/WinForward/benchmarks/WinForward.Benchmarks/bin/Release/net10.0/WinForward.Benchmarks-ShortRun-1/bin/Release/net10.0
// Failed to set up high priority (Permission denied). In order to run benchmarks with high priority, make sure you have the right permissions.
// BeforeAnythingElse

// Benchmark Process Environment Information:
// BenchmarkDotNet v0.15.8
// Runtime=.NET 10.0.12 (10.0.12, 10.0.1226.42308), X64 RyuJIT x86-64-v4
// GC=Concurrent Workstation
// HardwareIntrinsics=AVX512 BITALG+VBMI2+VNNI+VPOPCNTDQ,AVX512 IFMA+VBMI,AVX512 F+BW+CD+DQ+VL,AVX2+BMI1+BMI2+F16C+FMA+LZCNT+MOVBE,AVX,SSE3+SSSE3+SSE4.1+SSE4.2+POPCNT,X86Base+SSE+SSE2,AES+PCLMUL,AvxVnni VectorSize=256
// Job: ShortRun(IterationCount=3, LaunchCount=1, WarmupCount=3)

OverheadJitting  1: 1 op, 272914.00 ns, 272.9140 us/op
WorkloadJitting  1: 1 op, 19477582.00 ns, 19.4776 ms/op

OverheadJitting  2: 16 op, 502618.00 ns, 31.4136 us/op
WorkloadJitting  2: 16 op, 272433369.00 ns, 17.0271 ms/op

WorkloadPilot    1: 16 op, 223311120.00 ns, 13.9569 ms/op
WorkloadPilot    2: 32 op, 469103728.00 ns, 14.6595 ms/op
WorkloadPilot    3: 64 op, 873053329.00 ns, 13.6415 ms/op

OverheadWarmup   1: 64 op, 4859.00 ns, 75.9219 ns/op
OverheadWarmup   2: 64 op, 1523.00 ns, 23.7969 ns/op
OverheadWarmup   3: 64 op, 1032.00 ns, 16.1250 ns/op
OverheadWarmup   4: 64 op, 1292.00 ns, 20.1875 ns/op
OverheadWarmup   5: 64 op, 1302.00 ns, 20.3438 ns/op
OverheadWarmup   6: 64 op, 1042.00 ns, 16.2813 ns/op
OverheadWarmup   7: 64 op, 972.00 ns, 15.1875 ns/op
OverheadWarmup   8: 64 op, 1383.00 ns, 21.6094 ns/op
OverheadWarmup   9: 64 op, 1172.00 ns, 18.3125 ns/op

OverheadActual   1: 64 op, 1193.00 ns, 18.6406 ns/op
OverheadActual   2: 64 op, 1172.00 ns, 18.3125 ns/op
OverheadActual   3: 64 op, 1203.00 ns, 18.7969 ns/op
OverheadActual   4: 64 op, 2534.00 ns, 39.5938 ns/op
OverheadActual   5: 64 op, 1242.00 ns, 19.4063 ns/op
OverheadActual   6: 64 op, 1453.00 ns, 22.7031 ns/op
OverheadActual   7: 64 op, 1432.00 ns, 22.3750 ns/op
OverheadActual   8: 64 op, 1172.00 ns, 18.3125 ns/op
OverheadActual   9: 64 op, 862.00 ns, 13.4688 ns/op
OverheadActual  10: 64 op, 1162.00 ns, 18.1563 ns/op
OverheadActual  11: 64 op, 1193.00 ns, 18.6406 ns/op
OverheadActual  12: 64 op, 1723.00 ns, 26.9219 ns/op
OverheadActual  13: 64 op, 1162.00 ns, 18.1563 ns/op
OverheadActual  14: 64 op, 1212.00 ns, 18.9375 ns/op
OverheadActual  15: 64 op, 1202.00 ns, 18.7813 ns/op
OverheadActual  16: 64 op, 1162.00 ns, 18.1563 ns/op
OverheadActual  17: 64 op, 1834.00 ns, 28.6563 ns/op
OverheadActual  18: 64 op, 1162.00 ns, 18.1563 ns/op
OverheadActual  19: 64 op, 1162.00 ns, 18.1563 ns/op
OverheadActual  20: 64 op, 1132.00 ns, 17.6875 ns/op

WorkloadWarmup   1: 64 op, 879862154.00 ns, 13.7478 ms/op
WorkloadWarmup   2: 64 op, 883441351.00 ns, 13.8038 ms/op
WorkloadWarmup   3: 64 op, 866844996.00 ns, 13.5445 ms/op

// BeforeActualRun
WorkloadActual   1: 64 op, 857656071.00 ns, 13.4009 ms/op
WorkloadActual   2: 64 op, 843895753.00 ns, 13.1859 ms/op
WorkloadActual   3: 64 op, 854897325.00 ns, 13.3578 ms/op

// AfterActualRun
WorkloadResult   1: 64 op, 857654878.00 ns, 13.4009 ms/op
WorkloadResult   2: 64 op, 843894560.00 ns, 13.1859 ms/op
WorkloadResult   3: 64 op, 854896132.00 ns, 13.3578 ms/op
// GC:  2 0 0 36864000 64
// Threading:  0 0 64

// AfterAll
// Benchmark Process 362927 has exited with code 0.

Mean = 13.315 ms, StdErr = 0.066 ms (0.49%), N = 3, StdDev = 0.114 ms
Min = 13.186 ms, Q1 = 13.272 ms, Median = 13.358 ms, Q3 = 13.379 ms, Max = 13.401 ms
IQR = 0.108 ms, LowerFence = 13.111 ms, UpperFence = 13.541 ms
ConfidenceInterval = [11.240 ms; 15.390 ms] (CI 99.9%), Margin = 2.075 ms (15.59% of Mean)
Skewness = -0.32, Kurtosis = 0.67, MValue = 2

// ** Remained 31 (68.9%) benchmark(s) to run. Estimated finish 2026-09-22 0:33 (0h 5m from now) **
// **************************
// Benchmark: FrameworkSetupBenchmarks.SelfTraffic_RegisterRelease: ShortRun(IterationCount=3, LaunchCount=1, WarmupCount=3) [Sessions=1000]
// *** Execute ***
// Launch: 1 / 1
// Execute: dotnet WinForward.Benchmarks-ShortRun-1.dll --anonymousPipes 123 125 --benchmarkName "WinForward.Benchmarks.Perf.FrameworkSetupBenchmarks.SelfTraffic_RegisterRelease(Sessions: 1000)" --job ShortRun --benchmarkId 14 in /home/paff/Projects/WinForward/benchmarks/WinForward.Benchmarks/bin/Release/net10.0/WinForward.Benchmarks-ShortRun-1/bin/Release/net10.0
// Failed to set up high priority (Permission denied). In order to run benchmarks with high priority, make sure you have the right permissions.
// BeforeAnythingElse

// Benchmark Process Environment Information:
// BenchmarkDotNet v0.15.8
// Runtime=.NET 10.0.12 (10.0.12, 10.0.1226.42308), X64 RyuJIT x86-64-v4
// GC=Concurrent Workstation
// HardwareIntrinsics=AVX512 BITALG+VBMI2+VNNI+VPOPCNTDQ,AVX512 IFMA+VBMI,AVX512 F+BW+CD+DQ+VL,AVX2+BMI1+BMI2+F16C+FMA+LZCNT+MOVBE,AVX,SSE3+SSSE3+SSE4.1+SSE4.2+POPCNT,X86Base+SSE+SSE2,AES+PCLMUL,AvxVnni VectorSize=256
// Job: ShortRun(IterationCount=3, LaunchCount=1, WarmupCount=3)

OverheadJitting  1: 1 op, 285107.00 ns, 285.1070 us/op
WorkloadJitting  1: 1 op, 11630926.00 ns, 11.6309 ms/op

OverheadJitting  2: 16 op, 448185.00 ns, 28.0116 us/op
WorkloadJitting  2: 16 op, 72385397.00 ns, 4.5241 ms/op

WorkloadPilot    1: 16 op, 42810160.00 ns, 2.6756 ms/op
WorkloadPilot    2: 32 op, 82504053.00 ns, 2.5783 ms/op
WorkloadPilot    3: 64 op, 134400011.00 ns, 2.1000 ms/op
WorkloadPilot    4: 128 op, 78894913.00 ns, 616.3665 us/op
WorkloadPilot    5: 256 op, 84280661.00 ns, 329.2213 us/op
WorkloadPilot    6: 512 op, 168572843.00 ns, 329.2438 us/op
WorkloadPilot    7: 1024 op, 340528873.00 ns, 332.5477 us/op
WorkloadPilot    8: 2048 op, 680130087.00 ns, 332.0948 us/op

OverheadWarmup   1: 2048 op, 10620.00 ns, 5.1855 ns/op
OverheadWarmup   2: 2048 op, 6853.00 ns, 3.3462 ns/op
OverheadWarmup   3: 2048 op, 6753.00 ns, 3.2974 ns/op
OverheadWarmup   4: 2048 op, 6813.00 ns, 3.3267 ns/op
OverheadWarmup   5: 2048 op, 6853.00 ns, 3.3462 ns/op
OverheadWarmup   6: 2048 op, 6782.00 ns, 3.3115 ns/op
OverheadWarmup   7: 2048 op, 6602.00 ns, 3.2236 ns/op
OverheadWarmup   8: 2048 op, 6713.00 ns, 3.2778 ns/op
OverheadWarmup   9: 2048 op, 7975.00 ns, 3.8940 ns/op
OverheadWarmup  10: 2048 op, 6722.00 ns, 3.2822 ns/op

OverheadActual   1: 2048 op, 6703.00 ns, 3.2729 ns/op
OverheadActual   2: 2048 op, 9418.00 ns, 4.5986 ns/op
OverheadActual   3: 2048 op, 6773.00 ns, 3.3071 ns/op
OverheadActual   4: 2048 op, 6673.00 ns, 3.2583 ns/op
OverheadActual   5: 2048 op, 62728.00 ns, 30.6289 ns/op
OverheadActual   6: 2048 op, 6402.00 ns, 3.1260 ns/op
OverheadActual   7: 2048 op, 6733.00 ns, 3.2876 ns/op
OverheadActual   8: 2048 op, 6663.00 ns, 3.2534 ns/op
OverheadActual   9: 2048 op, 6822.00 ns, 3.3311 ns/op
OverheadActual  10: 2048 op, 6722.00 ns, 3.2822 ns/op
OverheadActual  11: 2048 op, 6582.00 ns, 3.2139 ns/op
OverheadActual  12: 2048 op, 6703.00 ns, 3.2729 ns/op
OverheadActual  13: 2048 op, 6733.00 ns, 3.2876 ns/op
OverheadActual  14: 2048 op, 6693.00 ns, 3.2681 ns/op
OverheadActual  15: 2048 op, 6703.00 ns, 3.2729 ns/op

WorkloadWarmup   1: 2048 op, 698142267.00 ns, 340.8898 us/op
WorkloadWarmup   2: 2048 op, 691128842.00 ns, 337.4653 us/op
WorkloadWarmup   3: 2048 op, 678301662.00 ns, 331.2020 us/op

// BeforeActualRun
WorkloadActual   1: 2048 op, 683716764.00 ns, 333.8461 us/op
WorkloadActual   2: 2048 op, 696205990.00 ns, 339.9443 us/op
WorkloadActual   3: 2048 op, 681579458.00 ns, 332.8025 us/op

// AfterActualRun
WorkloadResult   1: 2048 op, 683710061.00 ns, 333.8428 us/op
WorkloadResult   2: 2048 op, 696199287.00 ns, 339.9411 us/op
WorkloadResult   3: 2048 op, 681572755.00 ns, 332.7992 us/op
// GC:  19 0 0 327680000 2048
// Threading:  0 0 2048

// AfterAll
// Benchmark Process 363007 has exited with code 0.

Mean = 335.528 us, StdErr = 2.227 us (0.66%), N = 3, StdDev = 3.858 us
Min = 332.799 us, Q1 = 333.321 us, Median = 333.843 us, Q3 = 336.892 us, Max = 339.941 us
IQR = 3.571 us, LowerFence = 327.965 us, UpperFence = 342.248 us
ConfidenceInterval = [265.152 us; 405.904 us] (CI 99.9%), Margin = 70.376 us (20.97% of Mean)
Skewness = 0.35, Kurtosis = 0.67, MValue = 2

// ** Remained 30 (66.7%) benchmark(s) to run. Estimated finish 2026-09-22 0:33 (0h 5m from now) **
// ***** BenchmarkRunner: Finish  *****

// * Export *
  BenchmarkDotNet.Artifacts/results/WinForward.Benchmarks.Perf.FrameworkSetupBenchmarks-report.csv
  BenchmarkDotNet.Artifacts/results/WinForward.Benchmarks.Perf.FrameworkSetupBenchmarks-report-github.md
  BenchmarkDotNet.Artifacts/results/WinForward.Benchmarks.Perf.FrameworkSetupBenchmarks-report.html

// * Detailed results *
FrameworkSetupBenchmarks.RealTransport_CreateDisposeAsync: ShortRun(IterationCount=3, LaunchCount=1, WarmupCount=3) [Sessions=1]
Runtime = .NET 10.0.12 (10.0.12, 10.0.1226.42308), X64 RyuJIT x86-64-v4; GC = Concurrent Workstation
Mean = 918.628 us, StdErr = 6.223 us (0.68%), N = 3, StdDev = 10.779 us
Min = 910.841 us, Q1 = 912.477 us, Median = 914.113 us, Q3 = 922.522 us, Max = 930.931 us
IQR = 10.045 us, LowerFence = 897.410 us, UpperFence = 937.589 us
ConfidenceInterval = [721.979 us; 1,115.278 us] (CI 99.9%), Margin = 196.649 us (21.41% of Mean)
Skewness = 0.35, Kurtosis = 0.67, MValue = 2
-------------------- Histogram --------------------
[901.032 us ; 940.740 us) | @@@
---------------------------------------------------

FrameworkSetupBenchmarks.Control_ConnectDisposeAsync: ShortRun(IterationCount=3, LaunchCount=1, WarmupCount=3) [Sessions=1]
Runtime = .NET 10.0.12 (10.0.12, 10.0.1226.42308), X64 RyuJIT x86-64-v4; GC = Concurrent Workstation
Mean = 2.366 ms, StdErr = 0.014 ms (0.57%), N = 3, StdDev = 0.023 ms
Min = 2.351 ms, Q1 = 2.352 ms, Median = 2.354 ms, Q3 = 2.373 ms, Max = 2.393 ms
IQR = 0.021 ms, LowerFence = 2.321 ms, UpperFence = 2.405 ms
ConfidenceInterval = [1.938 ms; 2.793 ms] (CI 99.9%), Margin = 0.427 ms (18.07% of Mean)
Skewness = 0.38, Kurtosis = 0.67, MValue = 2
-------------------- Histogram --------------------
[2.350 ms ; 2.393 ms) | @@@
---------------------------------------------------

FrameworkSetupBenchmarks.Control_ConnectAssociateDisposeAsync: ShortRun(IterationCount=3, LaunchCount=1, WarmupCount=3) [Sessions=1]
Runtime = .NET 10.0.12 (10.0.12, 10.0.1226.42308), X64 RyuJIT x86-64-v4; GC = Concurrent Workstation
Mean = 4.120 ms, StdErr = 0.006 ms (0.14%), N = 3, StdDev = 0.010 ms
Min = 4.110 ms, Q1 = 4.116 ms, Median = 4.122 ms, Q3 = 4.126 ms, Max = 4.129 ms
IQR = 0.010 ms, LowerFence = 4.102 ms, UpperFence = 4.140 ms
ConfidenceInterval = [3.943 ms; 4.298 ms] (CI 99.9%), Margin = 0.177 ms (4.30% of Mean)
Skewness = -0.19, Kurtosis = 0.67, MValue = 2
-------------------- Histogram --------------------
[4.101 ms ; 4.138 ms) | @@@
---------------------------------------------------

FrameworkSetupBenchmarks.RelaySocket_CreateBindClose: ShortRun(IterationCount=3, LaunchCount=1, WarmupCount=3) [Sessions=1]
Runtime = .NET 10.0.12 (10.0.12, 10.0.1226.42308), X64 RyuJIT x86-64-v4; GC = Concurrent Workstation
Mean = 13.014 us, StdErr = 0.052 us (0.40%), N = 3, StdDev = 0.090 us
Min = 12.927 us, Q1 = 12.967 us, Median = 13.008 us, Q3 = 13.058 us, Max = 13.108 us
IQR = 0.090 us, LowerFence = 12.832 us, UpperFence = 13.193 us
ConfidenceInterval = [11.363 us; 14.665 us] (CI 99.9%), Margin = 1.651 us (12.68% of Mean)
Skewness = 0.07, Kurtosis = 0.67, MValue = 2
-------------------- Histogram --------------------
[12.845 us ; 13.190 us) | @@@
---------------------------------------------------

FrameworkSetupBenchmarks.SelfTraffic_RegisterRelease: ShortRun(IterationCount=3, LaunchCount=1, WarmupCount=3) [Sessions=1]
Runtime = .NET 10.0.12 (10.0.12, 10.0.1226.42308), X64 RyuJIT x86-64-v4; GC = Concurrent Workstation
Mean = 362.643 ns, StdErr = 3.026 ns (0.83%), N = 3, StdDev = 5.241 ns
Min = 359.409 ns, Q1 = 359.620 ns, Median = 359.831 ns, Q3 = 364.261 ns, Max = 368.690 ns
IQR = 4.641 ns, LowerFence = 352.659 ns, UpperFence = 371.222 ns
ConfidenceInterval = [267.028 ns; 458.259 ns] (CI 99.9%), Margin = 95.616 ns (26.37% of Mean)
Skewness = 0.38, Kurtosis = 0.67, MValue = 2
-------------------- Histogram --------------------
[359.280 ns ; 368.819 ns) | @@@
---------------------------------------------------

FrameworkSetupBenchmarks.RealTransport_CreateDisposeAsync: ShortRun(IterationCount=3, LaunchCount=1, WarmupCount=3) [Sessions=100]
Runtime = .NET 10.0.12 (10.0.12, 10.0.1226.42308), X64 RyuJIT x86-64-v4; GC = Concurrent Workstation
Mean = 402.184 ms, StdErr = 0.933 ms (0.23%), N = 3, StdDev = 1.616 ms
Min = 400.744 ms, Q1 = 401.310 ms, Median = 401.877 ms, Q3 = 402.904 ms, Max = 403.931 ms
IQR = 1.594 ms, LowerFence = 398.920 ms, UpperFence = 405.295 ms
ConfidenceInterval = [372.708 ms; 431.660 ms] (CI 99.9%), Margin = 29.476 ms (7.33% of Mean)
Skewness = 0.18, Kurtosis = 0.67, MValue = 2
-------------------- Histogram --------------------
[399.273 ms ; 405.401 ms) | @@@
---------------------------------------------------

FrameworkSetupBenchmarks.Control_ConnectDisposeAsync: ShortRun(IterationCount=3, LaunchCount=1, WarmupCount=3) [Sessions=100]
Runtime = .NET 10.0.12 (10.0.12, 10.0.1226.42308), X64 RyuJIT x86-64-v4; GC = Concurrent Workstation
Mean = 390.618 ms, StdErr = 3.709 ms (0.95%), N = 3, StdDev = 6.425 ms
Min = 383.328 ms, Q1 = 388.201 ms, Median = 393.074 ms, Q3 = 394.264 ms, Max = 395.453 ms
IQR = 6.063 ms, LowerFence = 379.107 ms, UpperFence = 403.358 ms
ConfidenceInterval = [273.402 ms; 507.834 ms] (CI 99.9%), Margin = 117.216 ms (30.01% of Mean)
Skewness = -0.33, Kurtosis = 0.67, MValue = 2
-------------------- Histogram --------------------
[377.481 ms ; 388.417 ms) | @
[388.417 ms ; 401.300 ms) | @@
---------------------------------------------------

FrameworkSetupBenchmarks.Control_ConnectAssociateDisposeAsync: ShortRun(IterationCount=3, LaunchCount=1, WarmupCount=3) [Sessions=100]
Runtime = .NET 10.0.12 (10.0.12, 10.0.1226.42308), X64 RyuJIT x86-64-v4; GC = Concurrent Workstation
Mean = 410.707 ms, StdErr = 1.108 ms (0.27%), N = 3, StdDev = 1.919 ms
Min = 409.529 ms, Q1 = 409.599 ms, Median = 409.670 ms, Q3 = 411.296 ms, Max = 412.922 ms
IQR = 1.696 ms, LowerFence = 407.055 ms, UpperFence = 413.840 ms
ConfidenceInterval = [375.689 ms; 445.725 ms] (CI 99.9%), Margin = 35.018 ms (8.53% of Mean)
Skewness = 0.38, Kurtosis = 0.67, MValue = 2
-------------------- Histogram --------------------
[409.479 ms ; 412.972 ms) | @@@
---------------------------------------------------

FrameworkSetupBenchmarks.RelaySocket_CreateBindClose: ShortRun(IterationCount=3, LaunchCount=1, WarmupCount=3) [Sessions=100]
Runtime = .NET 10.0.12 (10.0.12, 10.0.1226.42308), X64 RyuJIT x86-64-v4; GC = Concurrent Workstation
Mean = 1.365 ms, StdErr = 0.016 ms (1.17%), N = 3, StdDev = 0.028 ms
Min = 1.336 ms, Q1 = 1.352 ms, Median = 1.368 ms, Q3 = 1.380 ms, Max = 1.391 ms
IQR = 0.027 ms, LowerFence = 1.311 ms, UpperFence = 1.421 ms
ConfidenceInterval = [0.862 ms; 1.869 ms] (CI 99.9%), Margin = 0.504 ms (36.89% of Mean)
Skewness = -0.1, Kurtosis = 0.67, MValue = 2
-------------------- Histogram --------------------
[1.311 ms ; 1.355 ms) | @
[1.355 ms ; 1.405 ms) | @@
---------------------------------------------------

FrameworkSetupBenchmarks.SelfTraffic_RegisterRelease: ShortRun(IterationCount=3, LaunchCount=1, WarmupCount=3) [Sessions=100]
Runtime = .NET 10.0.12 (10.0.12, 10.0.1226.42308), X64 RyuJIT x86-64-v4; GC = Concurrent Workstation
Mean = 33.113 us, StdErr = 0.296 us (0.89%), N = 3, StdDev = 0.513 us
Min = 32.540 us, Q1 = 32.906 us, Median = 33.273 us, Q3 = 33.400 us, Max = 33.528 us
IQR = 0.494 us, LowerFence = 32.165 us, UpperFence = 34.141 us
ConfidenceInterval = [23.756 us; 42.471 us] (CI 99.9%), Margin = 9.358 us (28.26% of Mean)
Skewness = -0.28, Kurtosis = 0.67, MValue = 2
-------------------- Histogram --------------------
[32.073 us ; 32.933 us) | @
[32.933 us ; 33.995 us) | @@
---------------------------------------------------

FrameworkSetupBenchmarks.RealTransport_CreateDisposeAsync: ShortRun(IterationCount=3, LaunchCount=1, WarmupCount=3) [Sessions=1000]
Runtime = .NET 10.0.12 (10.0.12, 10.0.1226.42308), X64 RyuJIT x86-64-v4; GC = Concurrent Workstation
Mean = 1.319 s, StdErr = 0.540 s (40.90%), N = 3, StdDev = 0.935 s
Min = 0.766 s, Q1 = 0.780 s, Median = 0.793 s, Q3 = 1.596 s, Max = 2.398 s
IQR = 0.816 s, LowerFence = -0.445 s, UpperFence = 2.820 s
ConfidenceInterval = [-15.732 s; 18.371 s] (CI 99.9%), Margin = 17.051 s (1292.42% of Mean)
Skewness = 0.38, Kurtosis = 0.67, MValue = 2
-------------------- Histogram --------------------
[0.732 s ; 2.433 s) | @@@
---------------------------------------------------

FrameworkSetupBenchmarks.Control_ConnectDisposeAsync: ShortRun(IterationCount=3, LaunchCount=1, WarmupCount=3) [Sessions=1000]
Runtime = .NET 10.0.12 (10.0.12, 10.0.1226.42308), X64 RyuJIT x86-64-v4; GC = Concurrent Workstation
Mean = 3.764 s, StdErr = 0.083 s (2.21%), N = 3, StdDev = 0.144 s
Min = 3.611 s, Q1 = 3.698 s, Median = 3.784 s, Q3 = 3.841 s, Max = 3.898 s
IQR = 0.143 s, LowerFence = 3.483 s, UpperFence = 4.056 s
ConfidenceInterval = [1.133 s; 6.396 s] (CI 99.9%), Margin = 2.632 s (69.91% of Mean)
Skewness = -0.13, Kurtosis = 0.67, MValue = 2
-------------------- Histogram --------------------
[3.480 s ; 3.710 s) | @
[3.710 s ; 3.972 s) | @@
---------------------------------------------------

FrameworkSetupBenchmarks.Control_ConnectAssociateDisposeAsync: ShortRun(IterationCount=3, LaunchCount=1, WarmupCount=3) [Sessions=1000]
Runtime = .NET 10.0.12 (10.0.12, 10.0.1226.42308), X64 RyuJIT x86-64-v4; GC = Concurrent Workstation
Mean = 2.057 s, StdErr = 1.081 s (52.53%), N = 3, StdDev = 1.872 s
Min = 0.764 s, Q1 = 0.984 s, Median = 1.204 s, Q3 = 2.704 s, Max = 4.203 s
IQR = 1.720 s, LowerFence = -1.596 s, UpperFence = 5.283 s
ConfidenceInterval = [-32.092 s; 36.206 s] (CI 99.9%), Margin = 34.149 s (1660.04% of Mean)
Skewness = 0.36, Kurtosis = 0.67, MValue = 2
-------------------- Histogram --------------------
[0.764 s ; 2.687 s) | @@
[2.687 s ; 5.907 s) | @
---------------------------------------------------

FrameworkSetupBenchmarks.RelaySocket_CreateBindClose: ShortRun(IterationCount=3, LaunchCount=1, WarmupCount=3) [Sessions=1000]
Runtime = .NET 10.0.12 (10.0.12, 10.0.1226.42308), X64 RyuJIT x86-64-v4; GC = Concurrent Workstation
Mean = 13.315 ms, StdErr = 0.066 ms (0.49%), N = 3, StdDev = 0.114 ms
Min = 13.186 ms, Q1 = 13.272 ms, Median = 13.358 ms, Q3 = 13.379 ms, Max = 13.401 ms
IQR = 0.108 ms, LowerFence = 13.111 ms, UpperFence = 13.541 ms
ConfidenceInterval = [11.240 ms; 15.390 ms] (CI 99.9%), Margin = 2.075 ms (15.59% of Mean)
Skewness = -0.32, Kurtosis = 0.67, MValue = 2
-------------------- Histogram --------------------
[13.082 ms ; 13.504 ms) | @@@
---------------------------------------------------

FrameworkSetupBenchmarks.SelfTraffic_RegisterRelease: ShortRun(IterationCount=3, LaunchCount=1, WarmupCount=3) [Sessions=1000]
Runtime = .NET 10.0.12 (10.0.12, 10.0.1226.42308), X64 RyuJIT x86-64-v4; GC = Concurrent Workstation
Mean = 335.528 us, StdErr = 2.227 us (0.66%), N = 3, StdDev = 3.858 us
Min = 332.799 us, Q1 = 333.321 us, Median = 333.843 us, Q3 = 336.892 us, Max = 339.941 us
IQR = 3.571 us, LowerFence = 327.965 us, UpperFence = 342.248 us
ConfidenceInterval = [265.152 us; 405.904 us] (CI 99.9%), Margin = 70.376 us (20.97% of Mean)
Skewness = 0.35, Kurtosis = 0.67, MValue = 2
-------------------- Histogram --------------------
[329.289 us ; 343.452 us) | @@@
---------------------------------------------------

// * Summary *

BenchmarkDotNet v0.15.8, Linux NixOS 26.11 (Zokor)
AMD Ryzen 9 9955HX 2.50GHz, 1 CPU, 32 logical and 16 physical cores
.NET SDK 10.0.401
  [Host]   : .NET 10.0.12 (10.0.12, 10.0.1226.42308), X64 RyuJIT x86-64-v4
  ShortRun : .NET 10.0.12 (10.0.12, 10.0.1226.42308), X64 RyuJIT x86-64-v4

Job=ShortRun  IterationCount=3  LaunchCount=1  
WarmupCount=3  

| Method                               | Sessions | Mean               | Error                | StdDev              | Median             | Gen0      | Gen1      | Gen2      | Allocated  |
|------------------------------------- |--------- |-------------------:|---------------------:|--------------------:|-------------------:|----------:|----------:|----------:|-----------:|
| RealTransport_CreateDisposeAsync     | 1        |       918,628.4 ns |        196,649.22 ns |        10,779.01 ns |       914,113.2 ns |    3.9063 |    1.9531 |         - |    83690 B |
| Control_ConnectDisposeAsync          | 1        |     2,365,810.6 ns |        427,414.62 ns |        23,428.04 ns |     2,353,830.7 ns |    3.9063 |    2.9297 |         - |    77657 B |
| Control_ConnectAssociateDisposeAsync | 1        |     4,120,482.2 ns |        177,340.88 ns |         9,720.65 ns |     4,122,367.5 ns |         - |         - |         - |    80481 B |
| RelaySocket_CreateBindClose          | 1        |        13,014.2 ns |          1,650.80 ns |            90.49 ns |        13,007.9 ns |    0.0305 |         - |         - |      576 B |
| SelfTraffic_RegisterRelease          | 1        |           362.6 ns |             95.62 ns |             5.24 ns |           359.8 ns |    0.0095 |         - |         - |      160 B |
| RealTransport_CreateDisposeAsync     | 100      |   402,184,032.3 ns |     29,475,964.12 ns |     1,615,677.06 ns |   401,877,232.0 ns |         - |         - |         - |  8341256 B |
| Control_ConnectDisposeAsync          | 100      |   390,618,475.0 ns |    117,216,012.23 ns |     6,425,005.18 ns |   393,074,232.0 ns |         - |         - |         - |  7741848 B |
| Control_ConnectAssociateDisposeAsync | 100      |   410,706,689.7 ns |     35,017,897.79 ns |     1,919,449.15 ns |   409,669,505.0 ns |         - |         - |         - |  8021448 B |
| RelaySocket_CreateBindClose          | 100      |     1,365,198.2 ns |        503,556.93 ns |        27,601.65 ns |     1,367,948.7 ns |    1.9531 |         - |         - |    57600 B |
| SelfTraffic_RegisterRelease          | 100      |        33,113.4 ns |          9,357.71 ns |           512.93 ns |        33,272.7 ns |    0.9155 |         - |         - |    16000 B |
| RealTransport_CreateDisposeAsync     | 1000     | 1,319,338,229.3 ns | 17,051,394,351.00 ns |   934,644,465.51 ns |   793,481,198.0 ns | 5000.0000 | 4000.0000 |         - | 83440960 B |
| Control_ConnectDisposeAsync          | 1000     | 3,764,390,033.3 ns |  2,631,808,897.03 ns |   144,258,326.87 ns | 3,783,579,072.0 ns | 4000.0000 | 3000.0000 |         - | 77448376 B |
| Control_ConnectAssociateDisposeAsync | 1000     | 2,057,101,890.7 ns | 34,148,811,804.29 ns | 1,871,811,612.57 ns | 1,203,944,339.0 ns | 4000.0000 | 3000.0000 | 1000.0000 | 80320168 B |
| RelaySocket_CreateBindClose          | 1000     |    13,314,820.7 ns |      2,075,227.42 ns |       113,750.22 ns |    13,357,752.1 ns |   31.2500 |         - |         - |   576000 B |
| SelfTraffic_RegisterRelease          | 1000     |       335,527.7 ns |         70,376.02 ns |         3,857.55 ns |       333,842.8 ns |    9.2773 |         - |         - |   160000 B |

// * Legends *
  Sessions  : Value of the 'Sessions' parameter
  Mean      : Arithmetic mean of all measurements
  Error     : Half of 99.9% confidence interval
  StdDev    : Standard deviation of all measurements
  Median    : Value separating the higher half of all measurements (50th percentile)
  Gen0      : GC Generation 0 collects per 1000 operations
  Gen1      : GC Generation 1 collects per 1000 operations
  Gen2      : GC Generation 2 collects per 1000 operations
  Allocated : Allocated memory per single operation (managed only, inclusive, 1KB = 1024B)
  1 ns      : 1 Nanosecond (0.000000001 sec)

// * Diagnostic Output - MemoryDiagnoser *


// ***** BenchmarkRunner: End *****
Run time: 00:02:30 (150.32 sec), executed benchmarks: 15

// Found 30 benchmarks:
//   SessionSetupDecompositionBenchmarks.StageS0_CoordinatorOnly: ShortRun(InvocationCount=1, IterationCount=3, LaunchCount=1, UnrollFactor=1, WarmupCount=3) [Sessions=1]
//   SessionSetupDecompositionBenchmarks.StageS1_AdmissionOnlyAsync: ShortRun(InvocationCount=1, IterationCount=3, LaunchCount=1, UnrollFactor=1, WarmupCount=3) [Sessions=1]
//   SessionSetupDecompositionBenchmarks.StageS2_SetupStartedAsync: ShortRun(InvocationCount=1, IterationCount=3, LaunchCount=1, UnrollFactor=1, WarmupCount=3) [Sessions=1]
//   SessionSetupDecompositionBenchmarks.StageS3_PipelineNoPayloadAsync: ShortRun(InvocationCount=1, IterationCount=3, LaunchCount=1, UnrollFactor=1, WarmupCount=3) [Sessions=1]
//   SessionSetupDecompositionBenchmarks.StageS4_ReadinessTeardownOutsideAsync: ShortRun(InvocationCount=1, IterationCount=3, LaunchCount=1, UnrollFactor=1, WarmupCount=3) [Sessions=1]
//   SessionSetupDecompositionBenchmarks.StageS5_ReadinessTeardownInsideAsync: ShortRun(InvocationCount=1, IterationCount=3, LaunchCount=1, UnrollFactor=1, WarmupCount=3) [Sessions=1]
//   SessionSetupDecompositionBenchmarks.BaselineF_FakeTransportCreationAsync: ShortRun(InvocationCount=1, IterationCount=3, LaunchCount=1, UnrollFactor=1, WarmupCount=3) [Sessions=1]
//   SessionSetupDecompositionBenchmarks.BaselineH_FlowKeyConstruction: ShortRun(InvocationCount=1, IterationCount=3, LaunchCount=1, UnrollFactor=1, WarmupCount=3) [Sessions=1]
//   SessionSetupDecompositionBenchmarks.ComponentC1_AssociationClaimRelease: ShortRun(InvocationCount=1, IterationCount=3, LaunchCount=1, UnrollFactor=1, WarmupCount=3) [Sessions=1]
//   SessionSetupDecompositionBenchmarks.ComponentC2_SessionConstructStartAsync: ShortRun(InvocationCount=1, IterationCount=3, LaunchCount=1, UnrollFactor=1, WarmupCount=3) [Sessions=1]
//   SessionSetupDecompositionBenchmarks.StageS0_CoordinatorOnly: ShortRun(InvocationCount=1, IterationCount=3, LaunchCount=1, UnrollFactor=1, WarmupCount=3) [Sessions=100]
//   SessionSetupDecompositionBenchmarks.StageS1_AdmissionOnlyAsync: ShortRun(InvocationCount=1, IterationCount=3, LaunchCount=1, UnrollFactor=1, WarmupCount=3) [Sessions=100]
//   SessionSetupDecompositionBenchmarks.StageS2_SetupStartedAsync: ShortRun(InvocationCount=1, IterationCount=3, LaunchCount=1, UnrollFactor=1, WarmupCount=3) [Sessions=100]
//   SessionSetupDecompositionBenchmarks.StageS3_PipelineNoPayloadAsync: ShortRun(InvocationCount=1, IterationCount=3, LaunchCount=1, UnrollFactor=1, WarmupCount=3) [Sessions=100]
//   SessionSetupDecompositionBenchmarks.StageS4_ReadinessTeardownOutsideAsync: ShortRun(InvocationCount=1, IterationCount=3, LaunchCount=1, UnrollFactor=1, WarmupCount=3) [Sessions=100]
//   SessionSetupDecompositionBenchmarks.StageS5_ReadinessTeardownInsideAsync: ShortRun(InvocationCount=1, IterationCount=3, LaunchCount=1, UnrollFactor=1, WarmupCount=3) [Sessions=100]
//   SessionSetupDecompositionBenchmarks.BaselineF_FakeTransportCreationAsync: ShortRun(InvocationCount=1, IterationCount=3, LaunchCount=1, UnrollFactor=1, WarmupCount=3) [Sessions=100]
//   SessionSetupDecompositionBenchmarks.BaselineH_FlowKeyConstruction: ShortRun(InvocationCount=1, IterationCount=3, LaunchCount=1, UnrollFactor=1, WarmupCount=3) [Sessions=100]
//   SessionSetupDecompositionBenchmarks.ComponentC1_AssociationClaimRelease: ShortRun(InvocationCount=1, IterationCount=3, LaunchCount=1, UnrollFactor=1, WarmupCount=3) [Sessions=100]
//   SessionSetupDecompositionBenchmarks.ComponentC2_SessionConstructStartAsync: ShortRun(InvocationCount=1, IterationCount=3, LaunchCount=1, UnrollFactor=1, WarmupCount=3) [Sessions=100]
//   SessionSetupDecompositionBenchmarks.StageS0_CoordinatorOnly: ShortRun(InvocationCount=1, IterationCount=3, LaunchCount=1, UnrollFactor=1, WarmupCount=3) [Sessions=1000]
//   SessionSetupDecompositionBenchmarks.StageS1_AdmissionOnlyAsync: ShortRun(InvocationCount=1, IterationCount=3, LaunchCount=1, UnrollFactor=1, WarmupCount=3) [Sessions=1000]
//   SessionSetupDecompositionBenchmarks.StageS2_SetupStartedAsync: ShortRun(InvocationCount=1, IterationCount=3, LaunchCount=1, UnrollFactor=1, WarmupCount=3) [Sessions=1000]
//   SessionSetupDecompositionBenchmarks.StageS3_PipelineNoPayloadAsync: ShortRun(InvocationCount=1, IterationCount=3, LaunchCount=1, UnrollFactor=1, WarmupCount=3) [Sessions=1000]
//   SessionSetupDecompositionBenchmarks.StageS4_ReadinessTeardownOutsideAsync: ShortRun(InvocationCount=1, IterationCount=3, LaunchCount=1, UnrollFactor=1, WarmupCount=3) [Sessions=1000]
//   SessionSetupDecompositionBenchmarks.StageS5_ReadinessTeardownInsideAsync: ShortRun(InvocationCount=1, IterationCount=3, LaunchCount=1, UnrollFactor=1, WarmupCount=3) [Sessions=1000]
//   SessionSetupDecompositionBenchmarks.BaselineF_FakeTransportCreationAsync: ShortRun(InvocationCount=1, IterationCount=3, LaunchCount=1, UnrollFactor=1, WarmupCount=3) [Sessions=1000]
//   SessionSetupDecompositionBenchmarks.BaselineH_FlowKeyConstruction: ShortRun(InvocationCount=1, IterationCount=3, LaunchCount=1, UnrollFactor=1, WarmupCount=3) [Sessions=1000]
//   SessionSetupDecompositionBenchmarks.ComponentC1_AssociationClaimRelease: ShortRun(InvocationCount=1, IterationCount=3, LaunchCount=1, UnrollFactor=1, WarmupCount=3) [Sessions=1000]
//   SessionSetupDecompositionBenchmarks.ComponentC2_SessionConstructStartAsync: ShortRun(InvocationCount=1, IterationCount=3, LaunchCount=1, UnrollFactor=1, WarmupCount=3) [Sessions=1000]

// **************************
// Benchmark: SessionSetupDecompositionBenchmarks.StageS0_CoordinatorOnly: ShortRun(InvocationCount=1, IterationCount=3, LaunchCount=1, UnrollFactor=1, WarmupCount=3) [Sessions=1]
// *** Execute ***
// Launch: 1 / 1
// Execute: dotnet WinForward.Benchmarks-ShortRun-1.dll --anonymousPipes 129 130 --benchmarkName "WinForward.Benchmarks.Perf.SessionSetupDecompositionBenchmarks.StageS0_CoordinatorOnly(Sessions: 1)" --job ShortRun --benchmarkId 15 in /home/paff/Projects/WinForward/benchmarks/WinForward.Benchmarks/bin/Release/net10.0/WinForward.Benchmarks-ShortRun-1/bin/Release/net10.0
// Failed to set up high priority (Permission denied). In order to run benchmarks with high priority, make sure you have the right permissions.
// BeforeAnythingElse

// Benchmark Process Environment Information:
// BenchmarkDotNet v0.15.8
// Runtime=.NET 10.0.12 (10.0.12, 10.0.1226.42308), X64 RyuJIT x86-64-v4
// GC=Concurrent Workstation
// HardwareIntrinsics=AVX512 BITALG+VBMI2+VNNI+VPOPCNTDQ,AVX512 IFMA+VBMI,AVX512 F+BW+CD+DQ+VL,AVX2+BMI1+BMI2+F16C+FMA+LZCNT+MOVBE,AVX,SSE3+SSSE3+SSE4.1+SSE4.2+POPCNT,X86Base+SSE+SSE2,AES+PCLMUL,AvxVnni VectorSize=256
// Job: ShortRun(InvocationCount=1, IterationCount=3, LaunchCount=1, UnrollFactor=1, WarmupCount=3)

OverheadJitting  1: 1 op, 297951.00 ns, 297.9510 us/op
WorkloadJitting  1: 1 op, 8012348.00 ns, 8.0123 ms/op

OverheadWarmup   1: 1 op, 1462.00 ns, 1.4620 us/op
OverheadWarmup   2: 1 op, 521.00 ns, 521.0000 ns/op
OverheadWarmup   3: 1 op, 531.00 ns, 531.0000 ns/op
OverheadWarmup   4: 1 op, 561.00 ns, 561.0000 ns/op
OverheadWarmup   5: 1 op, 641.00 ns, 641.0000 ns/op
OverheadWarmup   6: 1 op, 1062.00 ns, 1.0620 us/op
OverheadWarmup   7: 1 op, 551.00 ns, 551.0000 ns/op
OverheadWarmup   8: 1 op, 541.00 ns, 541.0000 ns/op
OverheadWarmup   9: 1 op, 811.00 ns, 811.0000 ns/op
OverheadWarmup  10: 1 op, 701.00 ns, 701.0000 ns/op

OverheadActual   1: 1 op, 490.00 ns, 490.0000 ns/op
OverheadActual   2: 1 op, 491.00 ns, 491.0000 ns/op
OverheadActual   3: 1 op, 842.00 ns, 842.0000 ns/op
OverheadActual   4: 1 op, 511.00 ns, 511.0000 ns/op
OverheadActual   5: 1 op, 541.00 ns, 541.0000 ns/op
OverheadActual   6: 1 op, 731.00 ns, 731.0000 ns/op
OverheadActual   7: 1 op, 420.00 ns, 420.0000 ns/op
OverheadActual   8: 1 op, 461.00 ns, 461.0000 ns/op
OverheadActual   9: 1 op, 421.00 ns, 421.0000 ns/op
OverheadActual  10: 1 op, 531.00 ns, 531.0000 ns/op
OverheadActual  11: 1 op, 410.00 ns, 410.0000 ns/op
OverheadActual  12: 1 op, 481.00 ns, 481.0000 ns/op
OverheadActual  13: 1 op, 410.00 ns, 410.0000 ns/op
OverheadActual  14: 1 op, 481.00 ns, 481.0000 ns/op
OverheadActual  15: 1 op, 441.00 ns, 441.0000 ns/op
OverheadActual  16: 1 op, 24576.00 ns, 24.5760 us/op
OverheadActual  17: 1 op, 421.00 ns, 421.0000 ns/op
OverheadActual  18: 1 op, 420.00 ns, 420.0000 ns/op
OverheadActual  19: 1 op, 411.00 ns, 411.0000 ns/op
OverheadActual  20: 1 op, 440.00 ns, 440.0000 ns/op

WorkloadWarmup   1: 1 op, 58039.00 ns, 58.0390 us/op
WorkloadWarmup   2: 1 op, 19998.00 ns, 19.9980 us/op
WorkloadWarmup   3: 1 op, 16671.00 ns, 16.6710 us/op

// BeforeActualRun
WorkloadActual   1: 1 op, 52479.00 ns, 52.4790 us/op
WorkloadActual   2: 1 op, 16071.00 ns, 16.0710 us/op
WorkloadActual   3: 1 op, 15669.00 ns, 15.6690 us/op

// AfterActualRun
WorkloadResult   1: 1 op, 52008.00 ns, 52.0080 us/op
WorkloadResult   2: 1 op, 15600.00 ns, 15.6000 us/op
WorkloadResult   3: 1 op, 15198.00 ns, 15.1980 us/op
// GC:  0 0 0 8280 1
// Threading:  0 0 1

// AfterAll
// Benchmark Process 363088 has exited with code 0.

Mean = 27.602 us, StdErr = 12.204 us (44.21%), N = 3, StdDev = 21.137 us
Min = 15.198 us, Q1 = 15.399 us, Median = 15.600 us, Q3 = 33.804 us, Max = 52.008 us
IQR = 18.405 us, LowerFence = -12.209 us, UpperFence = 61.411 us
ConfidenceInterval = [-358.019 us; 413.223 us] (CI 99.9%), Margin = 385.621 us (1397.08% of Mean)
Skewness = 0.38, Kurtosis = 0.67, MValue = 2

// ** Remained 29 (64.4%) benchmark(s) to run. Estimated finish 2026-09-22 0:32 (0h 4m from now) **
// **************************
// Benchmark: SessionSetupDecompositionBenchmarks.StageS1_AdmissionOnlyAsync: ShortRun(InvocationCount=1, IterationCount=3, LaunchCount=1, UnrollFactor=1, WarmupCount=3) [Sessions=1]
// *** Execute ***
// Launch: 1 / 1
// Execute: dotnet WinForward.Benchmarks-ShortRun-1.dll --anonymousPipes 129 130 --benchmarkName "WinForward.Benchmarks.Perf.SessionSetupDecompositionBenchmarks.StageS1_AdmissionOnlyAsync(Sessions: 1)" --job ShortRun --benchmarkId 16 in /home/paff/Projects/WinForward/benchmarks/WinForward.Benchmarks/bin/Release/net10.0/WinForward.Benchmarks-ShortRun-1/bin/Release/net10.0
// Failed to set up high priority (Permission denied). In order to run benchmarks with high priority, make sure you have the right permissions.
// BeforeAnythingElse

// Benchmark Process Environment Information:
// BenchmarkDotNet v0.15.8
// Runtime=.NET 10.0.12 (10.0.12, 10.0.1226.42308), X64 RyuJIT x86-64-v4
// GC=Concurrent Workstation
// HardwareIntrinsics=AVX512 BITALG+VBMI2+VNNI+VPOPCNTDQ,AVX512 IFMA+VBMI,AVX512 F+BW+CD+DQ+VL,AVX2+BMI1+BMI2+F16C+FMA+LZCNT+MOVBE,AVX,SSE3+SSSE3+SSE4.1+SSE4.2+POPCNT,X86Base+SSE+SSE2,AES+PCLMUL,AvxVnni VectorSize=256
// Job: ShortRun(InvocationCount=1, IterationCount=3, LaunchCount=1, UnrollFactor=1, WarmupCount=3)

OverheadJitting  1: 1 op, 240914.00 ns, 240.9140 us/op
WorkloadJitting  1: 1 op, 23197601.00 ns, 23.1976 ms/op

OverheadWarmup   1: 1 op, 521.00 ns, 521.0000 ns/op
OverheadWarmup   2: 1 op, 391.00 ns, 391.0000 ns/op
OverheadWarmup   3: 1 op, 401.00 ns, 401.0000 ns/op
OverheadWarmup   4: 1 op, 391.00 ns, 391.0000 ns/op
OverheadWarmup   5: 1 op, 391.00 ns, 391.0000 ns/op
OverheadWarmup   6: 1 op, 451.00 ns, 451.0000 ns/op

OverheadActual   1: 1 op, 451.00 ns, 451.0000 ns/op
OverheadActual   2: 1 op, 712.00 ns, 712.0000 ns/op
OverheadActual   3: 1 op, 491.00 ns, 491.0000 ns/op
OverheadActual   4: 1 op, 591.00 ns, 591.0000 ns/op
OverheadActual   5: 1 op, 411.00 ns, 411.0000 ns/op
OverheadActual   6: 1 op, 421.00 ns, 421.0000 ns/op
OverheadActual   7: 1 op, 682.00 ns, 682.0000 ns/op
OverheadActual   8: 1 op, 360.00 ns, 360.0000 ns/op
OverheadActual   9: 1 op, 430.00 ns, 430.0000 ns/op
OverheadActual  10: 1 op, 391.00 ns, 391.0000 ns/op
OverheadActual  11: 1 op, 391.00 ns, 391.0000 ns/op
OverheadActual  12: 1 op, 401.00 ns, 401.0000 ns/op
OverheadActual  13: 1 op, 391.00 ns, 391.0000 ns/op
OverheadActual  14: 1 op, 431.00 ns, 431.0000 ns/op
OverheadActual  15: 1 op, 391.00 ns, 391.0000 ns/op
OverheadActual  16: 1 op, 410.00 ns, 410.0000 ns/op
OverheadActual  17: 1 op, 441.00 ns, 441.0000 ns/op
OverheadActual  18: 1 op, 521.00 ns, 521.0000 ns/op
OverheadActual  19: 1 op, 411.00 ns, 411.0000 ns/op
OverheadActual  20: 1 op, 420.00 ns, 420.0000 ns/op

WorkloadWarmup   1: 1 op, 250575.00 ns, 250.5750 us/op
WorkloadWarmup   2: 1 op, 100620.00 ns, 100.6200 us/op
WorkloadWarmup   3: 1 op, 38172.00 ns, 38.1720 us/op

// BeforeActualRun
WorkloadActual   1: 1 op, 102984.00 ns, 102.9840 us/op
WorkloadActual   2: 1 op, 29485.00 ns, 29.4850 us/op
WorkloadActual   3: 1 op, 84299.00 ns, 84.2990 us/op

// AfterActualRun
WorkloadResult   1: 1 op, 102563.50 ns, 102.5635 us/op
WorkloadResult   2: 1 op, 29064.50 ns, 29.0645 us/op
WorkloadResult   3: 1 op, 83878.50 ns, 83.8785 us/op
// GC:  0 0 0 7176 1
// Threading:  0 0 1

// AfterAll
// Benchmark Process 363100 has exited with code 0.

Mean = 71.835 us, StdErr = 22.055 us (30.70%), N = 3, StdDev = 38.201 us
Min = 29.064 us, Q1 = 56.471 us, Median = 83.879 us, Q3 = 93.221 us, Max = 102.564 us
IQR = 36.749 us, LowerFence = 1.347 us, UpperFence = 148.345 us
ConfidenceInterval = [-625.089 us; 768.760 us] (CI 99.9%), Margin = 696.925 us (970.17% of Mean)
Skewness = -0.28, Kurtosis = 0.67, MValue = 2

// ** Remained 28 (62.2%) benchmark(s) to run. Estimated finish 2026-09-22 0:32 (0h 4m from now) **
// **************************
// Benchmark: SessionSetupDecompositionBenchmarks.StageS2_SetupStartedAsync: ShortRun(InvocationCount=1, IterationCount=3, LaunchCount=1, UnrollFactor=1, WarmupCount=3) [Sessions=1]
// *** Execute ***
// Launch: 1 / 1
// Execute: dotnet WinForward.Benchmarks-ShortRun-1.dll --anonymousPipes 129 130 --benchmarkName "WinForward.Benchmarks.Perf.SessionSetupDecompositionBenchmarks.StageS2_SetupStartedAsync(Sessions: 1)" --job ShortRun --benchmarkId 17 in /home/paff/Projects/WinForward/benchmarks/WinForward.Benchmarks/bin/Release/net10.0/WinForward.Benchmarks-ShortRun-1/bin/Release/net10.0
// Failed to set up high priority (Permission denied). In order to run benchmarks with high priority, make sure you have the right permissions.
// BeforeAnythingElse

// Benchmark Process Environment Information:
// BenchmarkDotNet v0.15.8
// Runtime=.NET 10.0.12 (10.0.12, 10.0.1226.42308), X64 RyuJIT x86-64-v4
// GC=Concurrent Workstation
// HardwareIntrinsics=AVX512 BITALG+VBMI2+VNNI+VPOPCNTDQ,AVX512 IFMA+VBMI,AVX512 F+BW+CD+DQ+VL,AVX2+BMI1+BMI2+F16C+FMA+LZCNT+MOVBE,AVX,SSE3+SSSE3+SSE4.1+SSE4.2+POPCNT,X86Base+SSE+SSE2,AES+PCLMUL,AvxVnni VectorSize=256
// Job: ShortRun(InvocationCount=1, IterationCount=3, LaunchCount=1, UnrollFactor=1, WarmupCount=3)

OverheadJitting  1: 1 op, 256434.00 ns, 256.4340 us/op
WorkloadJitting  1: 1 op, 108257411.00 ns, 108.2574 ms/op

OverheadWarmup   1: 1 op, 681.00 ns, 681.0000 ns/op
OverheadWarmup   2: 1 op, 401.00 ns, 401.0000 ns/op
OverheadWarmup   3: 1 op, 431.00 ns, 431.0000 ns/op
OverheadWarmup   4: 1 op, 501.00 ns, 501.0000 ns/op
OverheadWarmup   5: 1 op, 531.00 ns, 531.0000 ns/op
OverheadWarmup   6: 1 op, 411.00 ns, 411.0000 ns/op
OverheadWarmup   7: 1 op, 441.00 ns, 441.0000 ns/op
OverheadWarmup   8: 1 op, 350.00 ns, 350.0000 ns/op

OverheadActual   1: 1 op, 361.00 ns, 361.0000 ns/op
OverheadActual   2: 1 op, 582.00 ns, 582.0000 ns/op
OverheadActual   3: 1 op, 391.00 ns, 391.0000 ns/op
OverheadActual   4: 1 op, 411.00 ns, 411.0000 ns/op
OverheadActual   5: 1 op, 270.00 ns, 270.0000 ns/op
OverheadActual   6: 1 op, 450.00 ns, 450.0000 ns/op
OverheadActual   7: 1 op, 431.00 ns, 431.0000 ns/op
OverheadActual   8: 1 op, 391.00 ns, 391.0000 ns/op
OverheadActual   9: 1 op, 280.00 ns, 280.0000 ns/op
OverheadActual  10: 1 op, 280.00 ns, 280.0000 ns/op
OverheadActual  11: 1 op, 401.00 ns, 401.0000 ns/op
OverheadActual  12: 1 op, 411.00 ns, 411.0000 ns/op
OverheadActual  13: 1 op, 271.00 ns, 271.0000 ns/op
OverheadActual  14: 1 op, 280.00 ns, 280.0000 ns/op
OverheadActual  15: 1 op, 280.00 ns, 280.0000 ns/op
OverheadActual  16: 1 op, 411.00 ns, 411.0000 ns/op
OverheadActual  17: 1 op, 230.00 ns, 230.0000 ns/op
OverheadActual  18: 1 op, 270.00 ns, 270.0000 ns/op
OverheadActual  19: 1 op, 401.00 ns, 401.0000 ns/op
OverheadActual  20: 1 op, 350.00 ns, 350.0000 ns/op

WorkloadWarmup   1: 1 op, 72837930.00 ns, 72.8379 ms/op
WorkloadWarmup   2: 1 op, 72226277.00 ns, 72.2263 ms/op
WorkloadWarmup   3: 1 op, 71897119.00 ns, 71.8971 ms/op

// BeforeActualRun
WorkloadActual   1: 1 op, 72654304.00 ns, 72.6543 ms/op
WorkloadActual   2: 1 op, 72222367.00 ns, 72.2224 ms/op
WorkloadActual   3: 1 op, 72084880.00 ns, 72.0849 ms/op

// AfterActualRun
WorkloadResult   1: 1 op, 72653928.00 ns, 72.6539 ms/op
WorkloadResult   2: 1 op, 72221991.00 ns, 72.2220 ms/op
WorkloadResult   3: 1 op, 72084504.00 ns, 72.0845 ms/op
// GC:  0 0 0 34824 1
// Threading:  4 0 1

// AfterAll
// Benchmark Process 363109 has exited with code 0.

Mean = 72.320 ms, StdErr = 0.172 ms (0.24%), N = 3, StdDev = 0.297 ms
Min = 72.085 ms, Q1 = 72.153 ms, Median = 72.222 ms, Q3 = 72.438 ms, Max = 72.654 ms
IQR = 0.285 ms, LowerFence = 71.726 ms, UpperFence = 72.865 ms
ConfidenceInterval = [66.899 ms; 77.741 ms] (CI 99.9%), Margin = 5.421 ms (7.50% of Mean)
Skewness = 0.29, Kurtosis = 0.67, MValue = 2

// ** Remained 27 (60.0%) benchmark(s) to run. Estimated finish 2026-09-22 0:31 (0h 3m from now) **
// **************************
// Benchmark: SessionSetupDecompositionBenchmarks.StageS3_PipelineNoPayloadAsync: ShortRun(InvocationCount=1, IterationCount=3, LaunchCount=1, UnrollFactor=1, WarmupCount=3) [Sessions=1]
// *** Execute ***
// Launch: 1 / 1
// Execute: dotnet WinForward.Benchmarks-ShortRun-1.dll --anonymousPipes 129 130 --benchmarkName "WinForward.Benchmarks.Perf.SessionSetupDecompositionBenchmarks.StageS3_PipelineNoPayloadAsync(Sessions: 1)" --job ShortRun --benchmarkId 18 in /home/paff/Projects/WinForward/benchmarks/WinForward.Benchmarks/bin/Release/net10.0/WinForward.Benchmarks-ShortRun-1/bin/Release/net10.0
// Failed to set up high priority (Permission denied). In order to run benchmarks with high priority, make sure you have the right permissions.
// BeforeAnythingElse

// Benchmark Process Environment Information:
// BenchmarkDotNet v0.15.8
// Runtime=.NET 10.0.12 (10.0.12, 10.0.1226.42308), X64 RyuJIT x86-64-v4
// GC=Concurrent Workstation
// HardwareIntrinsics=AVX512 BITALG+VBMI2+VNNI+VPOPCNTDQ,AVX512 IFMA+VBMI,AVX512 F+BW+CD+DQ+VL,AVX2+BMI1+BMI2+F16C+FMA+LZCNT+MOVBE,AVX,SSE3+SSSE3+SSE4.1+SSE4.2+POPCNT,X86Base+SSE+SSE2,AES+PCLMUL,AvxVnni VectorSize=256
// Job: ShortRun(InvocationCount=1, IterationCount=3, LaunchCount=1, UnrollFactor=1, WarmupCount=3)

OverheadJitting  1: 1 op, 293603.00 ns, 293.6030 us/op
WorkloadJitting  1: 1 op, 79701352.00 ns, 79.7014 ms/op

OverheadWarmup   1: 1 op, 1002.00 ns, 1.0020 us/op
OverheadWarmup   2: 1 op, 731.00 ns, 731.0000 ns/op
OverheadWarmup   3: 1 op, 521.00 ns, 521.0000 ns/op
OverheadWarmup   4: 1 op, 431.00 ns, 431.0000 ns/op
OverheadWarmup   5: 1 op, 431.00 ns, 431.0000 ns/op
OverheadWarmup   6: 1 op, 731.00 ns, 731.0000 ns/op
OverheadWarmup   7: 1 op, 481.00 ns, 481.0000 ns/op
OverheadWarmup   8: 1 op, 450.00 ns, 450.0000 ns/op
OverheadWarmup   9: 1 op, 401.00 ns, 401.0000 ns/op
OverheadWarmup  10: 1 op, 451.00 ns, 451.0000 ns/op

OverheadActual   1: 1 op, 461.00 ns, 461.0000 ns/op
OverheadActual   2: 1 op, 421.00 ns, 421.0000 ns/op
OverheadActual   3: 1 op, 441.00 ns, 441.0000 ns/op
OverheadActual   4: 1 op, 440.00 ns, 440.0000 ns/op
OverheadActual   5: 1 op, 421.00 ns, 421.0000 ns/op
OverheadActual   6: 1 op, 411.00 ns, 411.0000 ns/op
OverheadActual   7: 1 op, 431.00 ns, 431.0000 ns/op
OverheadActual   8: 1 op, 331.00 ns, 331.0000 ns/op
OverheadActual   9: 1 op, 421.00 ns, 421.0000 ns/op
OverheadActual  10: 1 op, 450.00 ns, 450.0000 ns/op
OverheadActual  11: 1 op, 411.00 ns, 411.0000 ns/op
OverheadActual  12: 1 op, 441.00 ns, 441.0000 ns/op
OverheadActual  13: 1 op, 431.00 ns, 431.0000 ns/op
OverheadActual  14: 1 op, 431.00 ns, 431.0000 ns/op
OverheadActual  15: 1 op, 461.00 ns, 461.0000 ns/op
OverheadActual  16: 1 op, 371.00 ns, 371.0000 ns/op
OverheadActual  17: 1 op, 401.00 ns, 401.0000 ns/op
OverheadActual  18: 1 op, 421.00 ns, 421.0000 ns/op
OverheadActual  19: 1 op, 511.00 ns, 511.0000 ns/op
OverheadActual  20: 1 op, 421.00 ns, 421.0000 ns/op

WorkloadWarmup   1: 1 op, 32006526.00 ns, 32.0065 ms/op
WorkloadWarmup   2: 1 op, 31439803.00 ns, 31.4398 ms/op
WorkloadWarmup   3: 1 op, 30178205.00 ns, 30.1782 ms/op

// BeforeActualRun
WorkloadActual   1: 1 op, 30965819.00 ns, 30.9658 ms/op
WorkloadActual   2: 1 op, 30472600.00 ns, 30.4726 ms/op
WorkloadActual   3: 1 op, 31183096.00 ns, 31.1831 ms/op

// AfterActualRun
WorkloadResult   1: 1 op, 30965393.00 ns, 30.9654 ms/op
WorkloadResult   2: 1 op, 30472174.00 ns, 30.4722 ms/op
WorkloadResult   3: 1 op, 31182670.00 ns, 31.1827 ms/op
// GC:  0 0 0 35704 1
// Threading:  0 0 1

// AfterAll
// Benchmark Process 363639 has exited with code 0.

Mean = 30.873 ms, StdErr = 0.210 ms (0.68%), N = 3, StdDev = 0.364 ms
Min = 30.472 ms, Q1 = 30.719 ms, Median = 30.965 ms, Q3 = 31.074 ms, Max = 31.183 ms
IQR = 0.355 ms, LowerFence = 30.186 ms, UpperFence = 31.607 ms
ConfidenceInterval = [24.231 ms; 37.515 ms] (CI 99.9%), Margin = 6.642 ms (21.51% of Mean)
Skewness = -0.24, Kurtosis = 0.67, MValue = 2

// ** Remained 26 (57.8%) benchmark(s) to run. Estimated finish 2026-09-22 0:31 (0h 3m from now) **
// **************************
// Benchmark: SessionSetupDecompositionBenchmarks.StageS4_ReadinessTeardownOutsideAsync: ShortRun(InvocationCount=1, IterationCount=3, LaunchCount=1, UnrollFactor=1, WarmupCount=3) [Sessions=1]
// *** Execute ***
// Launch: 1 / 1
// Execute: dotnet WinForward.Benchmarks-ShortRun-1.dll --anonymousPipes 129 130 --benchmarkName "WinForward.Benchmarks.Perf.SessionSetupDecompositionBenchmarks.StageS4_ReadinessTeardownOutsideAsync(Sessions: 1)" --job ShortRun --benchmarkId 19 in /home/paff/Projects/WinForward/benchmarks/WinForward.Benchmarks/bin/Release/net10.0/WinForward.Benchmarks-ShortRun-1/bin/Release/net10.0
// Failed to set up high priority (Permission denied). In order to run benchmarks with high priority, make sure you have the right permissions.
// BeforeAnythingElse

// Benchmark Process Environment Information:
// BenchmarkDotNet v0.15.8
// Runtime=.NET 10.0.12 (10.0.12, 10.0.1226.42308), X64 RyuJIT x86-64-v4
// GC=Concurrent Workstation
// HardwareIntrinsics=AVX512 BITALG+VBMI2+VNNI+VPOPCNTDQ,AVX512 IFMA+VBMI,AVX512 F+BW+CD+DQ+VL,AVX2+BMI1+BMI2+F16C+FMA+LZCNT+MOVBE,AVX,SSE3+SSSE3+SSE4.1+SSE4.2+POPCNT,X86Base+SSE+SSE2,AES+PCLMUL,AvxVnni VectorSize=256
// Job: ShortRun(InvocationCount=1, IterationCount=3, LaunchCount=1, UnrollFactor=1, WarmupCount=3)

OverheadJitting  1: 1 op, 403441.00 ns, 403.4410 us/op
WorkloadJitting  1: 1 op, 87208455.00 ns, 87.2085 ms/op

OverheadWarmup   1: 1 op, 982.00 ns, 982.0000 ns/op
OverheadWarmup   2: 1 op, 631.00 ns, 631.0000 ns/op
OverheadWarmup   3: 1 op, 270.00 ns, 270.0000 ns/op
OverheadWarmup   4: 1 op, 451.00 ns, 451.0000 ns/op
OverheadWarmup   5: 1 op, 441.00 ns, 441.0000 ns/op
OverheadWarmup   6: 1 op, 431.00 ns, 431.0000 ns/op
OverheadWarmup   7: 1 op, 420.00 ns, 420.0000 ns/op
OverheadWarmup   8: 1 op, 871.00 ns, 871.0000 ns/op
OverheadWarmup   9: 1 op, 471.00 ns, 471.0000 ns/op

OverheadActual   1: 1 op, 531.00 ns, 531.0000 ns/op
OverheadActual   2: 1 op, 551.00 ns, 551.0000 ns/op
OverheadActual   3: 1 op, 471.00 ns, 471.0000 ns/op
OverheadActual   4: 1 op, 441.00 ns, 441.0000 ns/op
OverheadActual   5: 1 op, 410.00 ns, 410.0000 ns/op
OverheadActual   6: 1 op, 451.00 ns, 451.0000 ns/op
OverheadActual   7: 1 op, 470.00 ns, 470.0000 ns/op
OverheadActual   8: 1 op, 420.00 ns, 420.0000 ns/op
OverheadActual   9: 1 op, 461.00 ns, 461.0000 ns/op
OverheadActual  10: 1 op, 451.00 ns, 451.0000 ns/op
OverheadActual  11: 1 op, 410.00 ns, 410.0000 ns/op
OverheadActual  12: 1 op, 58110.00 ns, 58.1100 us/op
OverheadActual  13: 1 op, 521.00 ns, 521.0000 ns/op
OverheadActual  14: 1 op, 421.00 ns, 421.0000 ns/op
OverheadActual  15: 1 op, 441.00 ns, 441.0000 ns/op
OverheadActual  16: 1 op, 370.00 ns, 370.0000 ns/op
OverheadActual  17: 1 op, 401.00 ns, 401.0000 ns/op
OverheadActual  18: 1 op, 411.00 ns, 411.0000 ns/op
OverheadActual  19: 1 op, 712.00 ns, 712.0000 ns/op
OverheadActual  20: 1 op, 421.00 ns, 421.0000 ns/op

WorkloadWarmup   1: 1 op, 34071842.00 ns, 34.0718 ms/op
WorkloadWarmup   2: 1 op, 32602824.00 ns, 32.6028 ms/op
WorkloadWarmup   3: 1 op, 31740840.00 ns, 31.7408 ms/op

// BeforeActualRun
WorkloadActual   1: 1 op, 32358494.00 ns, 32.3585 ms/op
WorkloadActual   2: 1 op, 32832428.00 ns, 32.8324 ms/op
WorkloadActual   3: 1 op, 30824252.00 ns, 30.8243 ms/op

// AfterActualRun
WorkloadResult   1: 1 op, 32358048.00 ns, 32.3580 ms/op
WorkloadResult   2: 1 op, 32831982.00 ns, 32.8320 ms/op
WorkloadResult   3: 1 op, 30823806.00 ns, 30.8238 ms/op
// GC:  0 0 0 33248 1
// Threading:  0 0 1

// AfterAll
// Benchmark Process 364165 has exited with code 0.

Mean = 32.005 ms, StdErr = 0.606 ms (1.89%), N = 3, StdDev = 1.050 ms
Min = 30.824 ms, Q1 = 31.591 ms, Median = 32.358 ms, Q3 = 32.595 ms, Max = 32.832 ms
IQR = 1.004 ms, LowerFence = 30.085 ms, UpperFence = 34.101 ms
ConfidenceInterval = [12.854 ms; 51.155 ms] (CI 99.9%), Margin = 19.151 ms (59.84% of Mean)
Skewness = -0.3, Kurtosis = 0.67, MValue = 2

// ** Remained 25 (55.6%) benchmark(s) to run. Estimated finish 2026-09-22 0:31 (0h 3m from now) **
// **************************
// Benchmark: SessionSetupDecompositionBenchmarks.StageS5_ReadinessTeardownInsideAsync: ShortRun(InvocationCount=1, IterationCount=3, LaunchCount=1, UnrollFactor=1, WarmupCount=3) [Sessions=1]
// *** Execute ***
// Launch: 1 / 1
// Execute: dotnet WinForward.Benchmarks-ShortRun-1.dll --anonymousPipes 129 130 --benchmarkName "WinForward.Benchmarks.Perf.SessionSetupDecompositionBenchmarks.StageS5_ReadinessTeardownInsideAsync(Sessions: 1)" --job ShortRun --benchmarkId 20 in /home/paff/Projects/WinForward/benchmarks/WinForward.Benchmarks/bin/Release/net10.0/WinForward.Benchmarks-ShortRun-1/bin/Release/net10.0
// Failed to set up high priority (Permission denied). In order to run benchmarks with high priority, make sure you have the right permissions.
// BeforeAnythingElse

// Benchmark Process Environment Information:
// BenchmarkDotNet v0.15.8
// Runtime=.NET 10.0.12 (10.0.12, 10.0.1226.42308), X64 RyuJIT x86-64-v4
// GC=Concurrent Workstation
// HardwareIntrinsics=AVX512 BITALG+VBMI2+VNNI+VPOPCNTDQ,AVX512 IFMA+VBMI,AVX512 F+BW+CD+DQ+VL,AVX2+BMI1+BMI2+F16C+FMA+LZCNT+MOVBE,AVX,SSE3+SSSE3+SSE4.1+SSE4.2+POPCNT,X86Base+SSE+SSE2,AES+PCLMUL,AvxVnni VectorSize=256
// Job: ShortRun(InvocationCount=1, IterationCount=3, LaunchCount=1, UnrollFactor=1, WarmupCount=3)

OverheadJitting  1: 1 op, 262545.00 ns, 262.5450 us/op
WorkloadJitting  1: 1 op, 108614374.00 ns, 108.6144 ms/op

OverheadWarmup   1: 1 op, 861.00 ns, 861.0000 ns/op
OverheadWarmup   2: 1 op, 431.00 ns, 431.0000 ns/op
OverheadWarmup   3: 1 op, 341.00 ns, 341.0000 ns/op
OverheadWarmup   4: 1 op, 401.00 ns, 401.0000 ns/op
OverheadWarmup   5: 1 op, 451.00 ns, 451.0000 ns/op
OverheadWarmup   6: 1 op, 361.00 ns, 361.0000 ns/op
OverheadWarmup   7: 1 op, 431.00 ns, 431.0000 ns/op
OverheadWarmup   8: 1 op, 421.00 ns, 421.0000 ns/op

OverheadActual   1: 1 op, 471.00 ns, 471.0000 ns/op
OverheadActual   2: 1 op, 441.00 ns, 441.0000 ns/op
OverheadActual   3: 1 op, 430.00 ns, 430.0000 ns/op
OverheadActual   4: 1 op, 431.00 ns, 431.0000 ns/op
OverheadActual   5: 1 op, 431.00 ns, 431.0000 ns/op
OverheadActual   6: 1 op, 410.00 ns, 410.0000 ns/op
OverheadActual   7: 1 op, 411.00 ns, 411.0000 ns/op
OverheadActual   8: 1 op, 451.00 ns, 451.0000 ns/op
OverheadActual   9: 1 op, 441.00 ns, 441.0000 ns/op
OverheadActual  10: 1 op, 400.00 ns, 400.0000 ns/op
OverheadActual  11: 1 op, 411.00 ns, 411.0000 ns/op
OverheadActual  12: 1 op, 411.00 ns, 411.0000 ns/op
OverheadActual  13: 1 op, 400.00 ns, 400.0000 ns/op
OverheadActual  14: 1 op, 461.00 ns, 461.0000 ns/op
OverheadActual  15: 1 op, 441.00 ns, 441.0000 ns/op
OverheadActual  16: 1 op, 421.00 ns, 421.0000 ns/op
OverheadActual  17: 1 op, 411.00 ns, 411.0000 ns/op

WorkloadWarmup   1: 1 op, 44439568.00 ns, 44.4396 ms/op
WorkloadWarmup   2: 1 op, 45297484.00 ns, 45.2975 ms/op
WorkloadWarmup   3: 1 op, 45699622.00 ns, 45.6996 ms/op

// BeforeActualRun
WorkloadActual   1: 1 op, 46435895.00 ns, 46.4359 ms/op
WorkloadActual   2: 1 op, 44077160.00 ns, 44.0772 ms/op
WorkloadActual   3: 1 op, 47800662.00 ns, 47.8007 ms/op

// AfterActualRun
WorkloadResult   1: 1 op, 46435465.00 ns, 46.4355 ms/op
WorkloadResult   2: 1 op, 44076730.00 ns, 44.0767 ms/op
WorkloadResult   3: 1 op, 47800232.00 ns, 47.8002 ms/op
// GC:  0 0 0 100472 1
// Threading:  1 64 1
// Exceptions:  130

// AfterAll
// Benchmark Process 364695 has exited with code 0.

Mean = 46.104 ms, StdErr = 1.088 ms (2.36%), N = 3, StdDev = 1.884 ms
Min = 44.077 ms, Q1 = 45.256 ms, Median = 46.435 ms, Q3 = 47.118 ms, Max = 47.800 ms
IQR = 1.862 ms, LowerFence = 42.463 ms, UpperFence = 49.910 ms
ConfidenceInterval = [11.738 ms; 80.470 ms] (CI 99.9%), Margin = 34.366 ms (74.54% of Mean)
Skewness = -0.17, Kurtosis = 0.67, MValue = 2

// ** Remained 24 (53.3%) benchmark(s) to run. Estimated finish 2026-09-22 0:31 (0h 2m from now) **
// **************************
// Benchmark: SessionSetupDecompositionBenchmarks.BaselineF_FakeTransportCreationAsync: ShortRun(InvocationCount=1, IterationCount=3, LaunchCount=1, UnrollFactor=1, WarmupCount=3) [Sessions=1]
// *** Execute ***
// Launch: 1 / 1
// Execute: dotnet WinForward.Benchmarks-ShortRun-1.dll --anonymousPipes 129 130 --benchmarkName "WinForward.Benchmarks.Perf.SessionSetupDecompositionBenchmarks.BaselineF_FakeTransportCreationAsync(Sessions: 1)" --job ShortRun --benchmarkId 21 in /home/paff/Projects/WinForward/benchmarks/WinForward.Benchmarks/bin/Release/net10.0/WinForward.Benchmarks-ShortRun-1/bin/Release/net10.0
// Failed to set up high priority (Permission denied). In order to run benchmarks with high priority, make sure you have the right permissions.
// BeforeAnythingElse

// Benchmark Process Environment Information:
// BenchmarkDotNet v0.15.8
// Runtime=.NET 10.0.12 (10.0.12, 10.0.1226.42308), X64 RyuJIT x86-64-v4
// GC=Concurrent Workstation
// HardwareIntrinsics=AVX512 BITALG+VBMI2+VNNI+VPOPCNTDQ,AVX512 IFMA+VBMI,AVX512 F+BW+CD+DQ+VL,AVX2+BMI1+BMI2+F16C+FMA+LZCNT+MOVBE,AVX,SSE3+SSSE3+SSE4.1+SSE4.2+POPCNT,X86Base+SSE+SSE2,AES+PCLMUL,AvxVnni VectorSize=256
// Job: ShortRun(InvocationCount=1, IterationCount=3, LaunchCount=1, UnrollFactor=1, WarmupCount=3)

OverheadJitting  1: 1 op, 475556.00 ns, 475.5560 us/op
WorkloadJitting  1: 1 op, 5850915.00 ns, 5.8509 ms/op

OverheadWarmup   1: 1 op, 411.00 ns, 411.0000 ns/op
OverheadWarmup   2: 1 op, 431.00 ns, 431.0000 ns/op
OverheadWarmup   3: 1 op, 401.00 ns, 401.0000 ns/op
OverheadWarmup   4: 1 op, 441.00 ns, 441.0000 ns/op
OverheadWarmup   5: 1 op, 441.00 ns, 441.0000 ns/op

OverheadActual   1: 1 op, 410.00 ns, 410.0000 ns/op
OverheadActual   2: 1 op, 400.00 ns, 400.0000 ns/op
OverheadActual   3: 1 op, 421.00 ns, 421.0000 ns/op
OverheadActual   4: 1 op, 461.00 ns, 461.0000 ns/op
OverheadActual   5: 1 op, 450.00 ns, 450.0000 ns/op
OverheadActual   6: 1 op, 380.00 ns, 380.0000 ns/op
OverheadActual   7: 1 op, 371.00 ns, 371.0000 ns/op
OverheadActual   8: 1 op, 381.00 ns, 381.0000 ns/op
OverheadActual   9: 1 op, 391.00 ns, 391.0000 ns/op
OverheadActual  10: 1 op, 361.00 ns, 361.0000 ns/op
OverheadActual  11: 1 op, 371.00 ns, 371.0000 ns/op
OverheadActual  12: 1 op, 350.00 ns, 350.0000 ns/op
OverheadActual  13: 1 op, 381.00 ns, 381.0000 ns/op
OverheadActual  14: 1 op, 401.00 ns, 401.0000 ns/op
OverheadActual  15: 1 op, 551.00 ns, 551.0000 ns/op
OverheadActual  16: 1 op, 341.00 ns, 341.0000 ns/op
OverheadActual  17: 1 op, 541.00 ns, 541.0000 ns/op
OverheadActual  18: 1 op, 280.00 ns, 280.0000 ns/op
OverheadActual  19: 1 op, 421.00 ns, 421.0000 ns/op
OverheadActual  20: 1 op, 370.00 ns, 370.0000 ns/op

WorkloadWarmup   1: 1 op, 263695.00 ns, 263.6950 us/op
WorkloadWarmup   2: 1 op, 7985.00 ns, 7.9850 us/op
WorkloadWarmup   3: 1 op, 8375.00 ns, 8.3750 us/op

// BeforeActualRun
WorkloadActual   1: 1 op, 7835.00 ns, 7.8350 us/op
WorkloadActual   2: 1 op, 8206.00 ns, 8.2060 us/op
WorkloadActual   3: 1 op, 7965.00 ns, 7.9650 us/op

// AfterActualRun
WorkloadResult   1: 1 op, 7449.00 ns, 7.4490 us/op
WorkloadResult   2: 1 op, 7820.00 ns, 7.8200 us/op
WorkloadResult   3: 1 op, 7579.00 ns, 7.5790 us/op
// GC:  0 0 0 136 1
// Threading:  0 0 1

// AfterAll
// Benchmark Process 365221 has exited with code 0.

Mean = 7.616 us, StdErr = 0.109 us (1.43%), N = 3, StdDev = 0.188 us
Min = 7.449 us, Q1 = 7.514 us, Median = 7.579 us, Q3 = 7.699 us, Max = 7.820 us
IQR = 0.185 us, LowerFence = 7.236 us, UpperFence = 7.978 us
ConfidenceInterval = [4.182 us; 11.050 us] (CI 99.9%), Margin = 3.434 us (45.09% of Mean)
Skewness = 0.19, Kurtosis = 0.67, MValue = 2

// ** Remained 23 (51.1%) benchmark(s) to run. Estimated finish 2026-09-22 0:30 (0h 2m from now) **
// **************************
// Benchmark: SessionSetupDecompositionBenchmarks.BaselineH_FlowKeyConstruction: ShortRun(InvocationCount=1, IterationCount=3, LaunchCount=1, UnrollFactor=1, WarmupCount=3) [Sessions=1]
// *** Execute ***
// Launch: 1 / 1
// Execute: dotnet WinForward.Benchmarks-ShortRun-1.dll --anonymousPipes 129 130 --benchmarkName "WinForward.Benchmarks.Perf.SessionSetupDecompositionBenchmarks.BaselineH_FlowKeyConstruction(Sessions: 1)" --job ShortRun --benchmarkId 22 in /home/paff/Projects/WinForward/benchmarks/WinForward.Benchmarks/bin/Release/net10.0/WinForward.Benchmarks-ShortRun-1/bin/Release/net10.0
// Failed to set up high priority (Permission denied). In order to run benchmarks with high priority, make sure you have the right permissions.
// BeforeAnythingElse

// Benchmark Process Environment Information:
// BenchmarkDotNet v0.15.8
// Runtime=.NET 10.0.12 (10.0.12, 10.0.1226.42308), X64 RyuJIT x86-64-v4
// GC=Concurrent Workstation
// HardwareIntrinsics=AVX512 BITALG+VBMI2+VNNI+VPOPCNTDQ,AVX512 IFMA+VBMI,AVX512 F+BW+CD+DQ+VL,AVX2+BMI1+BMI2+F16C+FMA+LZCNT+MOVBE,AVX,SSE3+SSSE3+SSE4.1+SSE4.2+POPCNT,X86Base+SSE+SSE2,AES+PCLMUL,AvxVnni VectorSize=256
// Job: ShortRun(InvocationCount=1, IterationCount=3, LaunchCount=1, UnrollFactor=1, WarmupCount=3)

OverheadJitting  1: 1 op, 266372.00 ns, 266.3720 us/op
WorkloadJitting  1: 1 op, 6418284.00 ns, 6.4183 ms/op

OverheadWarmup   1: 1 op, 491.00 ns, 491.0000 ns/op
OverheadWarmup   2: 1 op, 291.00 ns, 291.0000 ns/op
OverheadWarmup   3: 1 op, 280.00 ns, 280.0000 ns/op
OverheadWarmup   4: 1 op, 290.00 ns, 290.0000 ns/op
OverheadWarmup   5: 1 op, 441.00 ns, 441.0000 ns/op
OverheadWarmup   6: 1 op, 411.00 ns, 411.0000 ns/op
OverheadWarmup   7: 1 op, 291.00 ns, 291.0000 ns/op
OverheadWarmup   8: 1 op, 430.00 ns, 430.0000 ns/op
OverheadWarmup   9: 1 op, 401.00 ns, 401.0000 ns/op

OverheadActual   1: 1 op, 411.00 ns, 411.0000 ns/op
OverheadActual   2: 1 op, 411.00 ns, 411.0000 ns/op
OverheadActual   3: 1 op, 460.00 ns, 460.0000 ns/op
OverheadActual   4: 1 op, 421.00 ns, 421.0000 ns/op
OverheadActual   5: 1 op, 401.00 ns, 401.0000 ns/op
OverheadActual   6: 1 op, 401.00 ns, 401.0000 ns/op
OverheadActual   7: 1 op, 291.00 ns, 291.0000 ns/op
OverheadActual   8: 1 op, 280.00 ns, 280.0000 ns/op
OverheadActual   9: 1 op, 290.00 ns, 290.0000 ns/op
OverheadActual  10: 1 op, 301.00 ns, 301.0000 ns/op
OverheadActual  11: 1 op, 411.00 ns, 411.0000 ns/op
OverheadActual  12: 1 op, 451.00 ns, 451.0000 ns/op
OverheadActual  13: 1 op, 431.00 ns, 431.0000 ns/op
OverheadActual  14: 1 op, 431.00 ns, 431.0000 ns/op
OverheadActual  15: 1 op, 411.00 ns, 411.0000 ns/op
OverheadActual  16: 1 op, 461.00 ns, 461.0000 ns/op
OverheadActual  17: 1 op, 291.00 ns, 291.0000 ns/op
OverheadActual  18: 1 op, 410.00 ns, 410.0000 ns/op
OverheadActual  19: 1 op, 291.00 ns, 291.0000 ns/op
OverheadActual  20: 1 op, 290.00 ns, 290.0000 ns/op

WorkloadWarmup   1: 1 op, 19988.00 ns, 19.9880 us/op
WorkloadWarmup   2: 1 op, 14658.00 ns, 14.6580 us/op
WorkloadWarmup   3: 1 op, 11521.00 ns, 11.5210 us/op

// BeforeActualRun
WorkloadActual   1: 1 op, 13556.00 ns, 13.5560 us/op
WorkloadActual   2: 1 op, 10660.00 ns, 10.6600 us/op
WorkloadActual   3: 1 op, 10350.00 ns, 10.3500 us/op

// AfterActualRun
WorkloadResult   1: 1 op, 13145.50 ns, 13.1455 us/op
WorkloadResult   2: 1 op, 10249.50 ns, 10.2495 us/op
WorkloadResult   3: 1 op, 9939.50 ns, 9.9395 us/op
// GC:  0 0 0 352 1
// Threading:  0 0 1

// AfterAll
// Benchmark Process 365232 has exited with code 0.

Mean = 11.111 us, StdErr = 1.021 us (9.19%), N = 3, StdDev = 1.768 us
Min = 9.940 us, Q1 = 10.095 us, Median = 10.249 us, Q3 = 11.697 us, Max = 13.146 us
IQR = 1.603 us, LowerFence = 7.690 us, UpperFence = 14.102 us
ConfidenceInterval = [-21.149 us; 43.372 us] (CI 99.9%), Margin = 32.260 us (290.33% of Mean)
Skewness = 0.37, Kurtosis = 0.67, MValue = 2

// ** Remained 22 (48.9%) benchmark(s) to run. Estimated finish 2026-09-22 0:30 (0h 2m from now) **
// **************************
// Benchmark: SessionSetupDecompositionBenchmarks.ComponentC1_AssociationClaimRelease: ShortRun(InvocationCount=1, IterationCount=3, LaunchCount=1, UnrollFactor=1, WarmupCount=3) [Sessions=1]
// *** Execute ***
// Launch: 1 / 1
// Execute: dotnet WinForward.Benchmarks-ShortRun-1.dll --anonymousPipes 129 130 --benchmarkName "WinForward.Benchmarks.Perf.SessionSetupDecompositionBenchmarks.ComponentC1_AssociationClaimRelease(Sessions: 1)" --job ShortRun --benchmarkId 23 in /home/paff/Projects/WinForward/benchmarks/WinForward.Benchmarks/bin/Release/net10.0/WinForward.Benchmarks-ShortRun-1/bin/Release/net10.0
// Failed to set up high priority (Permission denied). In order to run benchmarks with high priority, make sure you have the right permissions.
// BeforeAnythingElse

// Benchmark Process Environment Information:
// BenchmarkDotNet v0.15.8
// Runtime=.NET 10.0.12 (10.0.12, 10.0.1226.42308), X64 RyuJIT x86-64-v4
// GC=Concurrent Workstation
// HardwareIntrinsics=AVX512 BITALG+VBMI2+VNNI+VPOPCNTDQ,AVX512 IFMA+VBMI,AVX512 F+BW+CD+DQ+VL,AVX2+BMI1+BMI2+F16C+FMA+LZCNT+MOVBE,AVX,SSE3+SSSE3+SSE4.1+SSE4.2+POPCNT,X86Base+SSE+SSE2,AES+PCLMUL,AvxVnni VectorSize=256
// Job: ShortRun(InvocationCount=1, IterationCount=3, LaunchCount=1, UnrollFactor=1, WarmupCount=3)

OverheadJitting  1: 1 op, 329762.00 ns, 329.7620 us/op
WorkloadJitting  1: 1 op, 22660609.00 ns, 22.6606 ms/op

OverheadWarmup   1: 1 op, 631.00 ns, 631.0000 ns/op
OverheadWarmup   2: 1 op, 921.00 ns, 921.0000 ns/op
OverheadWarmup   3: 1 op, 421.00 ns, 421.0000 ns/op
OverheadWarmup   4: 1 op, 722.00 ns, 722.0000 ns/op
OverheadWarmup   5: 1 op, 531.00 ns, 531.0000 ns/op

OverheadActual   1: 1 op, 551.00 ns, 551.0000 ns/op
OverheadActual   2: 1 op, 912.00 ns, 912.0000 ns/op
OverheadActual   3: 1 op, 521.00 ns, 521.0000 ns/op
OverheadActual   4: 1 op, 441.00 ns, 441.0000 ns/op
OverheadActual   5: 1 op, 842.00 ns, 842.0000 ns/op
OverheadActual   6: 1 op, 571.00 ns, 571.0000 ns/op
OverheadActual   7: 1 op, 652.00 ns, 652.0000 ns/op
OverheadActual   8: 1 op, 441.00 ns, 441.0000 ns/op
OverheadActual   9: 1 op, 581.00 ns, 581.0000 ns/op
OverheadActual  10: 1 op, 431.00 ns, 431.0000 ns/op
OverheadActual  11: 1 op, 471.00 ns, 471.0000 ns/op
OverheadActual  12: 1 op, 410.00 ns, 410.0000 ns/op
OverheadActual  13: 1 op, 411.00 ns, 411.0000 ns/op
OverheadActual  14: 1 op, 441.00 ns, 441.0000 ns/op
OverheadActual  15: 1 op, 451.00 ns, 451.0000 ns/op
OverheadActual  16: 1 op, 470.00 ns, 470.0000 ns/op
OverheadActual  17: 1 op, 430.00 ns, 430.0000 ns/op
OverheadActual  18: 1 op, 531.00 ns, 531.0000 ns/op
OverheadActual  19: 1 op, 451.00 ns, 451.0000 ns/op
OverheadActual  20: 1 op, 551.00 ns, 551.0000 ns/op

WorkloadWarmup   1: 1 op, 64962.00 ns, 64.9620 us/op
WorkloadWarmup   2: 1 op, 46057.00 ns, 46.0570 us/op
WorkloadWarmup   3: 1 op, 32952.00 ns, 32.9520 us/op

// BeforeActualRun
WorkloadActual   1: 1 op, 84078.00 ns, 84.0780 us/op
WorkloadActual   2: 1 op, 48732.00 ns, 48.7320 us/op
WorkloadActual   3: 1 op, 34865.00 ns, 34.8650 us/op

// AfterActualRun
WorkloadResult   1: 1 op, 83607.50 ns, 83.6075 us/op
WorkloadResult   2: 1 op, 48261.50 ns, 48.2615 us/op
WorkloadResult   3: 1 op, 34394.50 ns, 34.3945 us/op
// GC:  0 0 0 2120 1
// Threading:  0 0 1

// AfterAll
// Benchmark Process 365241 has exited with code 0.

Mean = 55.421 us, StdErr = 14.651 us (26.44%), N = 3, StdDev = 25.376 us
Min = 34.395 us, Q1 = 41.328 us, Median = 48.261 us, Q3 = 65.934 us, Max = 83.608 us
IQR = 24.607 us, LowerFence = 4.418 us, UpperFence = 102.844 us
ConfidenceInterval = [-407.526 us; 518.368 us] (CI 99.9%), Margin = 462.947 us (835.33% of Mean)
Skewness = 0.26, Kurtosis = 0.67, MValue = 2

// ** Remained 21 (46.7%) benchmark(s) to run. Estimated finish 2026-09-22 0:30 (0h 2m from now) **
// **************************
// Benchmark: SessionSetupDecompositionBenchmarks.ComponentC2_SessionConstructStartAsync: ShortRun(InvocationCount=1, IterationCount=3, LaunchCount=1, UnrollFactor=1, WarmupCount=3) [Sessions=1]
// *** Execute ***
// Launch: 1 / 1
// Execute: dotnet WinForward.Benchmarks-ShortRun-1.dll --anonymousPipes 129 130 --benchmarkName "WinForward.Benchmarks.Perf.SessionSetupDecompositionBenchmarks.ComponentC2_SessionConstructStartAsync(Sessions: 1)" --job ShortRun --benchmarkId 24 in /home/paff/Projects/WinForward/benchmarks/WinForward.Benchmarks/bin/Release/net10.0/WinForward.Benchmarks-ShortRun-1/bin/Release/net10.0
// Failed to set up high priority (Permission denied). In order to run benchmarks with high priority, make sure you have the right permissions.
// BeforeAnythingElse

// Benchmark Process Environment Information:
// BenchmarkDotNet v0.15.8
// Runtime=.NET 10.0.12 (10.0.12, 10.0.1226.42308), X64 RyuJIT x86-64-v4
// GC=Concurrent Workstation
// HardwareIntrinsics=AVX512 BITALG+VBMI2+VNNI+VPOPCNTDQ,AVX512 IFMA+VBMI,AVX512 F+BW+CD+DQ+VL,AVX2+BMI1+BMI2+F16C+FMA+LZCNT+MOVBE,AVX,SSE3+SSSE3+SSE4.1+SSE4.2+POPCNT,X86Base+SSE+SSE2,AES+PCLMUL,AvxVnni VectorSize=256
// Job: ShortRun(InvocationCount=1, IterationCount=3, LaunchCount=1, UnrollFactor=1, WarmupCount=3)

OverheadJitting  1: 1 op, 614919.00 ns, 614.9190 us/op
WorkloadJitting  1: 1 op, 38155076.00 ns, 38.1551 ms/op

OverheadWarmup   1: 1 op, 892.00 ns, 892.0000 ns/op
OverheadWarmup   2: 1 op, 501.00 ns, 501.0000 ns/op
OverheadWarmup   3: 1 op, 541.00 ns, 541.0000 ns/op
OverheadWarmup   4: 1 op, 581.00 ns, 581.0000 ns/op
OverheadWarmup   5: 1 op, 380.00 ns, 380.0000 ns/op
OverheadWarmup   6: 1 op, 511.00 ns, 511.0000 ns/op
OverheadWarmup   7: 1 op, 531.00 ns, 531.0000 ns/op
OverheadWarmup   8: 1 op, 721.00 ns, 721.0000 ns/op
OverheadWarmup   9: 1 op, 511.00 ns, 511.0000 ns/op

OverheadActual   1: 1 op, 711.00 ns, 711.0000 ns/op
OverheadActual   2: 1 op, 802.00 ns, 802.0000 ns/op
OverheadActual   3: 1 op, 761.00 ns, 761.0000 ns/op
OverheadActual   4: 1 op, 742.00 ns, 742.0000 ns/op
OverheadActual   5: 1 op, 521.00 ns, 521.0000 ns/op
OverheadActual   6: 1 op, 541.00 ns, 541.0000 ns/op
OverheadActual   7: 1 op, 511.00 ns, 511.0000 ns/op
OverheadActual   8: 1 op, 280.00 ns, 280.0000 ns/op
OverheadActual   9: 1 op, 461.00 ns, 461.0000 ns/op
OverheadActual  10: 1 op, 440.00 ns, 440.0000 ns/op
OverheadActual  11: 1 op, 341.00 ns, 341.0000 ns/op
OverheadActual  12: 1 op, 531.00 ns, 531.0000 ns/op
OverheadActual  13: 1 op, 751.00 ns, 751.0000 ns/op
OverheadActual  14: 1 op, 441.00 ns, 441.0000 ns/op
OverheadActual  15: 1 op, 451.00 ns, 451.0000 ns/op
OverheadActual  16: 1 op, 431.00 ns, 431.0000 ns/op
OverheadActual  17: 1 op, 471.00 ns, 471.0000 ns/op
OverheadActual  18: 1 op, 962.00 ns, 962.0000 ns/op
OverheadActual  19: 1 op, 441.00 ns, 441.0000 ns/op
OverheadActual  20: 1 op, 411.00 ns, 411.0000 ns/op

WorkloadWarmup   1: 1 op, 169549.00 ns, 169.5490 us/op
WorkloadWarmup   2: 1 op, 52128.00 ns, 52.1280 us/op
WorkloadWarmup   3: 1 op, 46578.00 ns, 46.5780 us/op

// BeforeActualRun
WorkloadActual   1: 1 op, 66225.00 ns, 66.2250 us/op
WorkloadActual   2: 1 op, 75462.00 ns, 75.4620 us/op
WorkloadActual   3: 1 op, 47770.00 ns, 47.7700 us/op

// AfterActualRun
WorkloadResult   1: 1 op, 65734.00 ns, 65.7340 us/op
WorkloadResult   2: 1 op, 74971.00 ns, 74.9710 us/op
WorkloadResult   3: 1 op, 47279.00 ns, 47.2790 us/op
// GC:  0 0 0 5832 1
// Threading:  0 0 1

// AfterAll
// Benchmark Process 365259 has exited with code 0.

Mean = 62.661 us, StdErr = 8.140 us (12.99%), N = 3, StdDev = 14.099 us
Min = 47.279 us, Q1 = 56.507 us, Median = 65.734 us, Q3 = 70.353 us, Max = 74.971 us
IQR = 13.846 us, LowerFence = 35.737 us, UpperFence = 91.121 us
ConfidenceInterval = [-194.564 us; 319.887 us] (CI 99.9%), Margin = 257.225 us (410.50% of Mean)
Skewness = -0.21, Kurtosis = 0.67, MValue = 2

// ** Remained 20 (44.4%) benchmark(s) to run. Estimated finish 2026-09-22 0:30 (0h 2m from now) **
// **************************
// Benchmark: SessionSetupDecompositionBenchmarks.StageS0_CoordinatorOnly: ShortRun(InvocationCount=1, IterationCount=3, LaunchCount=1, UnrollFactor=1, WarmupCount=3) [Sessions=100]
// *** Execute ***
// Launch: 1 / 1
// Execute: dotnet WinForward.Benchmarks-ShortRun-1.dll --anonymousPipes 129 130 --benchmarkName "WinForward.Benchmarks.Perf.SessionSetupDecompositionBenchmarks.StageS0_CoordinatorOnly(Sessions: 100)" --job ShortRun --benchmarkId 25 in /home/paff/Projects/WinForward/benchmarks/WinForward.Benchmarks/bin/Release/net10.0/WinForward.Benchmarks-ShortRun-1/bin/Release/net10.0
// Failed to set up high priority (Permission denied). In order to run benchmarks with high priority, make sure you have the right permissions.
// BeforeAnythingElse

// Benchmark Process Environment Information:
// BenchmarkDotNet v0.15.8
// Runtime=.NET 10.0.12 (10.0.12, 10.0.1226.42308), X64 RyuJIT x86-64-v4
// GC=Concurrent Workstation
// HardwareIntrinsics=AVX512 BITALG+VBMI2+VNNI+VPOPCNTDQ,AVX512 IFMA+VBMI,AVX512 F+BW+CD+DQ+VL,AVX2+BMI1+BMI2+F16C+FMA+LZCNT+MOVBE,AVX,SSE3+SSSE3+SSE4.1+SSE4.2+POPCNT,X86Base+SSE+SSE2,AES+PCLMUL,AvxVnni VectorSize=256
// Job: ShortRun(InvocationCount=1, IterationCount=3, LaunchCount=1, UnrollFactor=1, WarmupCount=3)

OverheadJitting  1: 1 op, 291980.00 ns, 291.9800 us/op
WorkloadJitting  1: 1 op, 7770703.00 ns, 7.7707 ms/op

OverheadWarmup   1: 1 op, 621.00 ns, 621.0000 ns/op
OverheadWarmup   2: 1 op, 571.00 ns, 571.0000 ns/op
OverheadWarmup   3: 1 op, 501.00 ns, 501.0000 ns/op
OverheadWarmup   4: 1 op, 521.00 ns, 521.0000 ns/op
OverheadWarmup   5: 1 op, 451.00 ns, 451.0000 ns/op
OverheadWarmup   6: 1 op, 381.00 ns, 381.0000 ns/op
OverheadWarmup   7: 1 op, 481.00 ns, 481.0000 ns/op
OverheadWarmup   8: 1 op, 381.00 ns, 381.0000 ns/op

OverheadActual   1: 1 op, 471.00 ns, 471.0000 ns/op
OverheadActual   2: 1 op, 430.00 ns, 430.0000 ns/op
OverheadActual   3: 1 op, 441.00 ns, 441.0000 ns/op
OverheadActual   4: 1 op, 461.00 ns, 461.0000 ns/op
OverheadActual   5: 1 op, 421.00 ns, 421.0000 ns/op
OverheadActual   6: 1 op, 421.00 ns, 421.0000 ns/op
OverheadActual   7: 1 op, 411.00 ns, 411.0000 ns/op
OverheadActual   8: 1 op, 711.00 ns, 711.0000 ns/op
OverheadActual   9: 1 op, 420.00 ns, 420.0000 ns/op
OverheadActual  10: 1 op, 682.00 ns, 682.0000 ns/op
OverheadActual  11: 1 op, 451.00 ns, 451.0000 ns/op
OverheadActual  12: 1 op, 431.00 ns, 431.0000 ns/op
OverheadActual  13: 1 op, 381.00 ns, 381.0000 ns/op
OverheadActual  14: 1 op, 401.00 ns, 401.0000 ns/op
OverheadActual  15: 1 op, 420.00 ns, 420.0000 ns/op
OverheadActual  16: 1 op, 521.00 ns, 521.0000 ns/op
OverheadActual  17: 1 op, 481.00 ns, 481.0000 ns/op
OverheadActual  18: 1 op, 400.00 ns, 400.0000 ns/op
OverheadActual  19: 1 op, 461.00 ns, 461.0000 ns/op
OverheadActual  20: 1 op, 370.00 ns, 370.0000 ns/op

WorkloadWarmup   1: 1 op, 100520.00 ns, 100.5200 us/op
WorkloadWarmup   2: 1 op, 16211.00 ns, 16.2110 us/op
WorkloadWarmup   3: 1 op, 14257.00 ns, 14.2570 us/op

// BeforeActualRun
WorkloadActual   1: 1 op, 83387.00 ns, 83.3870 us/op
WorkloadActual   2: 1 op, 16831.00 ns, 16.8310 us/op
WorkloadActual   3: 1 op, 17002.00 ns, 17.0020 us/op

// AfterActualRun
WorkloadResult   1: 1 op, 82956.50 ns, 82.9565 us/op
WorkloadResult   2: 1 op, 16400.50 ns, 16.4005 us/op
WorkloadResult   3: 1 op, 16571.50 ns, 16.5715 us/op
// GC:  0 0 0 54456 1
// Threading:  0 0 1

// AfterAll
// Benchmark Process 365271 has exited with code 0.

Mean = 38.643 us, StdErr = 22.157 us (57.34%), N = 3, StdDev = 38.377 us
Min = 16.401 us, Q1 = 16.486 us, Median = 16.572 us, Q3 = 49.764 us, Max = 82.957 us
IQR = 33.278 us, LowerFence = -33.431 us, UpperFence = 99.681 us
ConfidenceInterval = [-661.494 us; 738.780 us] (CI 99.9%), Margin = 700.137 us (1811.82% of Mean)
Skewness = 0.38, Kurtosis = 0.67, MValue = 2

// ** Remained 19 (42.2%) benchmark(s) to run. Estimated finish 2026-09-22 0:30 (0h 1m from now) **
// **************************
// Benchmark: SessionSetupDecompositionBenchmarks.StageS1_AdmissionOnlyAsync: ShortRun(InvocationCount=1, IterationCount=3, LaunchCount=1, UnrollFactor=1, WarmupCount=3) [Sessions=100]
// *** Execute ***
// Launch: 1 / 1
// Execute: dotnet WinForward.Benchmarks-ShortRun-1.dll --anonymousPipes 129 130 --benchmarkName "WinForward.Benchmarks.Perf.SessionSetupDecompositionBenchmarks.StageS1_AdmissionOnlyAsync(Sessions: 100)" --job ShortRun --benchmarkId 26 in /home/paff/Projects/WinForward/benchmarks/WinForward.Benchmarks/bin/Release/net10.0/WinForward.Benchmarks-ShortRun-1/bin/Release/net10.0
// Failed to set up high priority (Permission denied). In order to run benchmarks with high priority, make sure you have the right permissions.
// BeforeAnythingElse

// Benchmark Process Environment Information:
// BenchmarkDotNet v0.15.8
// Runtime=.NET 10.0.12 (10.0.12, 10.0.1226.42308), X64 RyuJIT x86-64-v4
// GC=Concurrent Workstation
// HardwareIntrinsics=AVX512 BITALG+VBMI2+VNNI+VPOPCNTDQ,AVX512 IFMA+VBMI,AVX512 F+BW+CD+DQ+VL,AVX2+BMI1+BMI2+F16C+FMA+LZCNT+MOVBE,AVX,SSE3+SSSE3+SSE4.1+SSE4.2+POPCNT,X86Base+SSE+SSE2,AES+PCLMUL,AvxVnni VectorSize=256
// Job: ShortRun(InvocationCount=1, IterationCount=3, LaunchCount=1, UnrollFactor=1, WarmupCount=3)

OverheadJitting  1: 1 op, 324101.00 ns, 324.1010 us/op
WorkloadJitting  1: 1 op, 25437112.00 ns, 25.4371 ms/op

OverheadWarmup   1: 1 op, 1012.00 ns, 1.0120 us/op
OverheadWarmup   2: 1 op, 791.00 ns, 791.0000 ns/op
OverheadWarmup   3: 1 op, 481.00 ns, 481.0000 ns/op
OverheadWarmup   4: 1 op, 431.00 ns, 431.0000 ns/op
OverheadWarmup   5: 1 op, 391.00 ns, 391.0000 ns/op
OverheadWarmup   6: 1 op, 350.00 ns, 350.0000 ns/op
OverheadWarmup   7: 1 op, 351.00 ns, 351.0000 ns/op
OverheadWarmup   8: 1 op, 341.00 ns, 341.0000 ns/op
OverheadWarmup   9: 1 op, 351.00 ns, 351.0000 ns/op
OverheadWarmup  10: 1 op, 381.00 ns, 381.0000 ns/op

OverheadActual   1: 1 op, 380.00 ns, 380.0000 ns/op
OverheadActual   2: 1 op, 401.00 ns, 401.0000 ns/op
OverheadActual   3: 1 op, 390.00 ns, 390.0000 ns/op
OverheadActual   4: 1 op, 361.00 ns, 361.0000 ns/op
OverheadActual   5: 1 op, 441.00 ns, 441.0000 ns/op
OverheadActual   6: 1 op, 380.00 ns, 380.0000 ns/op
OverheadActual   7: 1 op, 401.00 ns, 401.0000 ns/op
OverheadActual   8: 1 op, 361.00 ns, 361.0000 ns/op
OverheadActual   9: 1 op, 380.00 ns, 380.0000 ns/op
OverheadActual  10: 1 op, 461.00 ns, 461.0000 ns/op
OverheadActual  11: 1 op, 280.00 ns, 280.0000 ns/op
OverheadActual  12: 1 op, 280.00 ns, 280.0000 ns/op
OverheadActual  13: 1 op, 281.00 ns, 281.0000 ns/op
OverheadActual  14: 1 op, 361.00 ns, 361.0000 ns/op
OverheadActual  15: 1 op, 391.00 ns, 391.0000 ns/op
OverheadActual  16: 1 op, 421.00 ns, 421.0000 ns/op
OverheadActual  17: 1 op, 260.00 ns, 260.0000 ns/op
OverheadActual  18: 1 op, 331.00 ns, 331.0000 ns/op
OverheadActual  19: 1 op, 341.00 ns, 341.0000 ns/op
OverheadActual  20: 1 op, 471.00 ns, 471.0000 ns/op

WorkloadWarmup   1: 1 op, 388662.00 ns, 388.6620 us/op
WorkloadWarmup   2: 1 op, 356973.00 ns, 356.9730 us/op
WorkloadWarmup   3: 1 op, 272884.00 ns, 272.8840 us/op

// BeforeActualRun
WorkloadActual   1: 1 op, 222229.00 ns, 222.2290 us/op
WorkloadActual   2: 1 op, 217951.00 ns, 217.9510 us/op
WorkloadActual   3: 1 op, 288012.00 ns, 288.0120 us/op

// AfterActualRun
WorkloadResult   1: 1 op, 221849.00 ns, 221.8490 us/op
WorkloadResult   2: 1 op, 217571.00 ns, 217.5710 us/op
WorkloadResult   3: 1 op, 287632.00 ns, 287.6320 us/op
// GC:  0 0 0 134928 1
// Threading:  0 0 1

// AfterAll
// Benchmark Process 365285 has exited with code 0.

Mean = 242.351 us, StdErr = 22.674 us (9.36%), N = 3, StdDev = 39.273 us
Min = 217.571 us, Q1 = 219.710 us, Median = 221.849 us, Q3 = 254.740 us, Max = 287.632 us
IQR = 35.031 us, LowerFence = 167.164 us, UpperFence = 307.286 us
ConfidenceInterval = [-474.136 us; 958.838 us] (CI 99.9%), Margin = 716.487 us (295.64% of Mean)
Skewness = 0.38, Kurtosis = 0.67, MValue = 2

// ** Remained 18 (40.0%) benchmark(s) to run. Estimated finish 2026-09-22 0:29 (0h 1m from now) **
// **************************
// Benchmark: SessionSetupDecompositionBenchmarks.StageS2_SetupStartedAsync: ShortRun(InvocationCount=1, IterationCount=3, LaunchCount=1, UnrollFactor=1, WarmupCount=3) [Sessions=100]
// *** Execute ***
// Launch: 1 / 1
// Execute: dotnet WinForward.Benchmarks-ShortRun-1.dll --anonymousPipes 129 130 --benchmarkName "WinForward.Benchmarks.Perf.SessionSetupDecompositionBenchmarks.StageS2_SetupStartedAsync(Sessions: 100)" --job ShortRun --benchmarkId 27 in /home/paff/Projects/WinForward/benchmarks/WinForward.Benchmarks/bin/Release/net10.0/WinForward.Benchmarks-ShortRun-1/bin/Release/net10.0
// Failed to set up high priority (Permission denied). In order to run benchmarks with high priority, make sure you have the right permissions.
// BeforeAnythingElse

// Benchmark Process Environment Information:
// BenchmarkDotNet v0.15.8
// Runtime=.NET 10.0.12 (10.0.12, 10.0.1226.42308), X64 RyuJIT x86-64-v4
// GC=Concurrent Workstation
// HardwareIntrinsics=AVX512 BITALG+VBMI2+VNNI+VPOPCNTDQ,AVX512 IFMA+VBMI,AVX512 F+BW+CD+DQ+VL,AVX2+BMI1+BMI2+F16C+FMA+LZCNT+MOVBE,AVX,SSE3+SSSE3+SSE4.1+SSE4.2+POPCNT,X86Base+SSE+SSE2,AES+PCLMUL,AvxVnni VectorSize=256
// Job: ShortRun(InvocationCount=1, IterationCount=3, LaunchCount=1, UnrollFactor=1, WarmupCount=3)

OverheadJitting  1: 1 op, 295327.00 ns, 295.3270 us/op
WorkloadJitting  1: 1 op, 114662650.00 ns, 114.6627 ms/op

OverheadWarmup   1: 1 op, 861.00 ns, 861.0000 ns/op
OverheadWarmup   2: 1 op, 441.00 ns, 441.0000 ns/op
OverheadWarmup   3: 1 op, 451.00 ns, 451.0000 ns/op
OverheadWarmup   4: 1 op, 461.00 ns, 461.0000 ns/op
OverheadWarmup   5: 1 op, 421.00 ns, 421.0000 ns/op
OverheadWarmup   6: 1 op, 451.00 ns, 451.0000 ns/op
OverheadWarmup   7: 1 op, 400.00 ns, 400.0000 ns/op

OverheadActual   1: 1 op, 411.00 ns, 411.0000 ns/op
OverheadActual   2: 1 op, 521.00 ns, 521.0000 ns/op
OverheadActual   3: 1 op, 461.00 ns, 461.0000 ns/op
OverheadActual   4: 1 op, 441.00 ns, 441.0000 ns/op
OverheadActual   5: 1 op, 430.00 ns, 430.0000 ns/op
OverheadActual   6: 1 op, 441.00 ns, 441.0000 ns/op
OverheadActual   7: 1 op, 411.00 ns, 411.0000 ns/op
OverheadActual   8: 1 op, 400.00 ns, 400.0000 ns/op
OverheadActual   9: 1 op, 451.00 ns, 451.0000 ns/op
OverheadActual  10: 1 op, 491.00 ns, 491.0000 ns/op
OverheadActual  11: 1 op, 601.00 ns, 601.0000 ns/op
OverheadActual  12: 1 op, 451.00 ns, 451.0000 ns/op
OverheadActual  13: 1 op, 431.00 ns, 431.0000 ns/op
OverheadActual  14: 1 op, 411.00 ns, 411.0000 ns/op
OverheadActual  15: 1 op, 451.00 ns, 451.0000 ns/op
OverheadActual  16: 1 op, 421.00 ns, 421.0000 ns/op
OverheadActual  17: 1 op, 792.00 ns, 792.0000 ns/op
OverheadActual  18: 1 op, 711.00 ns, 711.0000 ns/op
OverheadActual  19: 1 op, 431.00 ns, 431.0000 ns/op
OverheadActual  20: 1 op, 441.00 ns, 441.0000 ns/op

WorkloadWarmup   1: 1 op, 78913647.00 ns, 78.9136 ms/op
WorkloadWarmup   2: 1 op, 79419753.00 ns, 79.4198 ms/op
WorkloadWarmup   3: 1 op, 78459482.00 ns, 78.4595 ms/op

// BeforeActualRun
WorkloadActual   1: 1 op, 79196417.00 ns, 79.1964 ms/op
WorkloadActual   2: 1 op, 76942193.00 ns, 76.9422 ms/op
WorkloadActual   3: 1 op, 85281164.00 ns, 85.2812 ms/op

// AfterActualRun
WorkloadResult   1: 1 op, 79195976.00 ns, 79.1960 ms/op
WorkloadResult   2: 1 op, 76941752.00 ns, 76.9418 ms/op
WorkloadResult   3: 1 op, 85280723.00 ns, 85.2807 ms/op
// GC:  0 0 0 239272 1
// Threading:  4 13 1

// AfterAll
// Benchmark Process 365294 has exited with code 0.

Mean = 80.473 ms, StdErr = 2.490 ms (3.09%), N = 3, StdDev = 4.314 ms
Min = 76.942 ms, Q1 = 78.069 ms, Median = 79.196 ms, Q3 = 82.238 ms, Max = 85.281 ms
IQR = 4.169 ms, LowerFence = 71.815 ms, UpperFence = 88.493 ms
ConfidenceInterval = [1.776 ms; 159.169 ms] (CI 99.9%), Margin = 78.697 ms (97.79% of Mean)
Skewness = 0.27, Kurtosis = 0.67, MValue = 2

// ** Remained 17 (37.8%) benchmark(s) to run. Estimated finish 2026-09-22 0:29 (0h 1m from now) **
// **************************
// Benchmark: SessionSetupDecompositionBenchmarks.StageS3_PipelineNoPayloadAsync: ShortRun(InvocationCount=1, IterationCount=3, LaunchCount=1, UnrollFactor=1, WarmupCount=3) [Sessions=100]
// *** Execute ***
// Launch: 1 / 1
// Execute: dotnet WinForward.Benchmarks-ShortRun-1.dll --anonymousPipes 129 130 --benchmarkName "WinForward.Benchmarks.Perf.SessionSetupDecompositionBenchmarks.StageS3_PipelineNoPayloadAsync(Sessions: 100)" --job ShortRun --benchmarkId 28 in /home/paff/Projects/WinForward/benchmarks/WinForward.Benchmarks/bin/Release/net10.0/WinForward.Benchmarks-ShortRun-1/bin/Release/net10.0
// Failed to set up high priority (Permission denied). In order to run benchmarks with high priority, make sure you have the right permissions.
// BeforeAnythingElse

// Benchmark Process Environment Information:
// BenchmarkDotNet v0.15.8
// Runtime=.NET 10.0.12 (10.0.12, 10.0.1226.42308), X64 RyuJIT x86-64-v4
// GC=Concurrent Workstation
// HardwareIntrinsics=AVX512 BITALG+VBMI2+VNNI+VPOPCNTDQ,AVX512 IFMA+VBMI,AVX512 F+BW+CD+DQ+VL,AVX2+BMI1+BMI2+F16C+FMA+LZCNT+MOVBE,AVX,SSE3+SSSE3+SSE4.1+SSE4.2+POPCNT,X86Base+SSE+SSE2,AES+PCLMUL,AvxVnni VectorSize=256
// Job: ShortRun(InvocationCount=1, IterationCount=3, LaunchCount=1, UnrollFactor=1, WarmupCount=3)

OverheadJitting  1: 1 op, 346723.00 ns, 346.7230 us/op
WorkloadJitting  1: 1 op, 102631149.00 ns, 102.6311 ms/op

OverheadWarmup   1: 1 op, 921.00 ns, 921.0000 ns/op
OverheadWarmup   2: 1 op, 531.00 ns, 531.0000 ns/op
OverheadWarmup   3: 1 op, 791.00 ns, 791.0000 ns/op
OverheadWarmup   4: 1 op, 691.00 ns, 691.0000 ns/op
OverheadWarmup   5: 1 op, 421.00 ns, 421.0000 ns/op
OverheadWarmup   6: 1 op, 401.00 ns, 401.0000 ns/op
OverheadWarmup   7: 1 op, 581.00 ns, 581.0000 ns/op
OverheadWarmup   8: 1 op, 361.00 ns, 361.0000 ns/op

OverheadActual   1: 1 op, 381.00 ns, 381.0000 ns/op
OverheadActual   2: 1 op, 430.00 ns, 430.0000 ns/op
OverheadActual   3: 1 op, 501.00 ns, 501.0000 ns/op
OverheadActual   4: 1 op, 390.00 ns, 390.0000 ns/op
OverheadActual   5: 1 op, 381.00 ns, 381.0000 ns/op
OverheadActual   6: 1 op, 411.00 ns, 411.0000 ns/op
OverheadActual   7: 1 op, 501.00 ns, 501.0000 ns/op
OverheadActual   8: 1 op, 401.00 ns, 401.0000 ns/op
OverheadActual   9: 1 op, 401.00 ns, 401.0000 ns/op
OverheadActual  10: 1 op, 411.00 ns, 411.0000 ns/op
OverheadActual  11: 1 op, 350.00 ns, 350.0000 ns/op
OverheadActual  12: 1 op, 441.00 ns, 441.0000 ns/op
OverheadActual  13: 1 op, 521.00 ns, 521.0000 ns/op
OverheadActual  14: 1 op, 461.00 ns, 461.0000 ns/op
OverheadActual  15: 1 op, 320.00 ns, 320.0000 ns/op
OverheadActual  16: 1 op, 411.00 ns, 411.0000 ns/op
OverheadActual  17: 1 op, 451.00 ns, 451.0000 ns/op
OverheadActual  18: 1 op, 420.00 ns, 420.0000 ns/op
OverheadActual  19: 1 op, 581.00 ns, 581.0000 ns/op
OverheadActual  20: 1 op, 290.00 ns, 290.0000 ns/op

WorkloadWarmup   1: 1 op, 45174829.00 ns, 45.1748 ms/op
WorkloadWarmup   2: 1 op, 39331124.00 ns, 39.3311 ms/op
WorkloadWarmup   3: 1 op, 39839009.00 ns, 39.8390 ms/op

// BeforeActualRun
WorkloadActual   1: 1 op, 38801926.00 ns, 38.8019 ms/op
WorkloadActual   2: 1 op, 40263710.00 ns, 40.2637 ms/op
WorkloadActual   3: 1 op, 40386780.00 ns, 40.3868 ms/op

// AfterActualRun
WorkloadResult   1: 1 op, 38801515.00 ns, 38.8015 ms/op
WorkloadResult   2: 1 op, 40263299.00 ns, 40.2633 ms/op
WorkloadResult   3: 1 op, 40386369.00 ns, 40.3864 ms/op
// GC:  0 0 0 509120 1
// Threading:  92 57 1

// AfterAll
// Benchmark Process 365843 has exited with code 0.

Mean = 39.817 ms, StdErr = 0.509 ms (1.28%), N = 3, StdDev = 0.882 ms
Min = 38.802 ms, Q1 = 39.532 ms, Median = 40.263 ms, Q3 = 40.325 ms, Max = 40.386 ms
IQR = 0.792 ms, LowerFence = 38.344 ms, UpperFence = 41.513 ms
ConfidenceInterval = [23.733 ms; 55.901 ms] (CI 99.9%), Margin = 16.084 ms (40.40% of Mean)
Skewness = -0.38, Kurtosis = 0.67, MValue = 2

// ** Remained 16 (35.6%) benchmark(s) to run. Estimated finish 2026-09-22 0:29 (0h 1m from now) **
// **************************
// Benchmark: SessionSetupDecompositionBenchmarks.StageS4_ReadinessTeardownOutsideAsync: ShortRun(InvocationCount=1, IterationCount=3, LaunchCount=1, UnrollFactor=1, WarmupCount=3) [Sessions=100]
// *** Execute ***
// Launch: 1 / 1
// Execute: dotnet WinForward.Benchmarks-ShortRun-1.dll --anonymousPipes 129 130 --benchmarkName "WinForward.Benchmarks.Perf.SessionSetupDecompositionBenchmarks.StageS4_ReadinessTeardownOutsideAsync(Sessions: 100)" --job ShortRun --benchmarkId 29 in /home/paff/Projects/WinForward/benchmarks/WinForward.Benchmarks/bin/Release/net10.0/WinForward.Benchmarks-ShortRun-1/bin/Release/net10.0
// Failed to set up high priority (Permission denied). In order to run benchmarks with high priority, make sure you have the right permissions.
// BeforeAnythingElse

// Benchmark Process Environment Information:
// BenchmarkDotNet v0.15.8
// Runtime=.NET 10.0.12 (10.0.12, 10.0.1226.42308), X64 RyuJIT x86-64-v4
// GC=Concurrent Workstation
// HardwareIntrinsics=AVX512 BITALG+VBMI2+VNNI+VPOPCNTDQ,AVX512 IFMA+VBMI,AVX512 F+BW+CD+DQ+VL,AVX2+BMI1+BMI2+F16C+FMA+LZCNT+MOVBE,AVX,SSE3+SSSE3+SSE4.1+SSE4.2+POPCNT,X86Base+SSE+SSE2,AES+PCLMUL,AvxVnni VectorSize=256
// Job: ShortRun(InvocationCount=1, IterationCount=3, LaunchCount=1, UnrollFactor=1, WarmupCount=3)

OverheadJitting  1: 1 op, 315214.00 ns, 315.2140 us/op
WorkloadJitting  1: 1 op, 102906088.00 ns, 102.9061 ms/op

OverheadWarmup   1: 1 op, 611.00 ns, 611.0000 ns/op
OverheadWarmup   2: 1 op, 451.00 ns, 451.0000 ns/op
OverheadWarmup   3: 1 op, 401.00 ns, 401.0000 ns/op
OverheadWarmup   4: 1 op, 421.00 ns, 421.0000 ns/op
OverheadWarmup   5: 1 op, 411.00 ns, 411.0000 ns/op
OverheadWarmup   6: 1 op, 481.00 ns, 481.0000 ns/op
OverheadWarmup   7: 1 op, 351.00 ns, 351.0000 ns/op

OverheadActual   1: 1 op, 421.00 ns, 421.0000 ns/op
OverheadActual   2: 1 op, 441.00 ns, 441.0000 ns/op
OverheadActual   3: 1 op, 430.00 ns, 430.0000 ns/op
OverheadActual   4: 1 op, 621.00 ns, 621.0000 ns/op
OverheadActual   5: 1 op, 471.00 ns, 471.0000 ns/op
OverheadActual   6: 1 op, 340.00 ns, 340.0000 ns/op
OverheadActual   7: 1 op, 380.00 ns, 380.0000 ns/op
OverheadActual   8: 1 op, 391.00 ns, 391.0000 ns/op
OverheadActual   9: 1 op, 461.00 ns, 461.0000 ns/op
OverheadActual  10: 1 op, 460.00 ns, 460.0000 ns/op
OverheadActual  11: 1 op, 291.00 ns, 291.0000 ns/op
OverheadActual  12: 1 op, 321.00 ns, 321.0000 ns/op
OverheadActual  13: 1 op, 290.00 ns, 290.0000 ns/op
OverheadActual  14: 1 op, 291.00 ns, 291.0000 ns/op
OverheadActual  15: 1 op, 291.00 ns, 291.0000 ns/op
OverheadActual  16: 1 op, 291.00 ns, 291.0000 ns/op
OverheadActual  17: 1 op, 320.00 ns, 320.0000 ns/op
OverheadActual  18: 1 op, 411.00 ns, 411.0000 ns/op
OverheadActual  19: 1 op, 581.00 ns, 581.0000 ns/op
OverheadActual  20: 1 op, 351.00 ns, 351.0000 ns/op

WorkloadWarmup   1: 1 op, 40938988.00 ns, 40.9390 ms/op
WorkloadWarmup   2: 1 op, 41640345.00 ns, 41.6403 ms/op
WorkloadWarmup   3: 1 op, 39364985.00 ns, 39.3650 ms/op

// BeforeActualRun
WorkloadActual   1: 1 op, 38702932.00 ns, 38.7029 ms/op
WorkloadActual   2: 1 op, 37733974.00 ns, 37.7340 ms/op
WorkloadActual   3: 1 op, 39290586.00 ns, 39.2906 ms/op

// AfterActualRun
WorkloadResult   1: 1 op, 38702546.50 ns, 38.7025 ms/op
WorkloadResult   2: 1 op, 37733588.50 ns, 37.7336 ms/op
WorkloadResult   3: 1 op, 39290200.50 ns, 39.2902 ms/op
// GC:  0 0 0 480840 1
// Threading:  93 77 1

// AfterAll
// Benchmark Process 366464 has exited with code 0.

Mean = 38.575 ms, StdErr = 0.454 ms (1.18%), N = 3, StdDev = 0.786 ms
Min = 37.734 ms, Q1 = 38.218 ms, Median = 38.703 ms, Q3 = 38.996 ms, Max = 39.290 ms
IQR = 0.778 ms, LowerFence = 37.051 ms, UpperFence = 40.164 ms
ConfidenceInterval = [24.235 ms; 52.916 ms] (CI 99.9%), Margin = 14.340 ms (37.18% of Mean)
Skewness = -0.16, Kurtosis = 0.67, MValue = 2

// ** Remained 15 (33.3%) benchmark(s) to run. Estimated finish 2026-09-22 0:29 (0h 1m from now) **
// **************************
// Benchmark: SessionSetupDecompositionBenchmarks.StageS5_ReadinessTeardownInsideAsync: ShortRun(InvocationCount=1, IterationCount=3, LaunchCount=1, UnrollFactor=1, WarmupCount=3) [Sessions=100]
// *** Execute ***
// Launch: 1 / 1
// Execute: dotnet WinForward.Benchmarks-ShortRun-1.dll --anonymousPipes 129 130 --benchmarkName "WinForward.Benchmarks.Perf.SessionSetupDecompositionBenchmarks.StageS5_ReadinessTeardownInsideAsync(Sessions: 100)" --job ShortRun --benchmarkId 30 in /home/paff/Projects/WinForward/benchmarks/WinForward.Benchmarks/bin/Release/net10.0/WinForward.Benchmarks-ShortRun-1/bin/Release/net10.0
// Failed to set up high priority (Permission denied). In order to run benchmarks with high priority, make sure you have the right permissions.
// BeforeAnythingElse

// Benchmark Process Environment Information:
// BenchmarkDotNet v0.15.8
// Runtime=.NET 10.0.12 (10.0.12, 10.0.1226.42308), X64 RyuJIT x86-64-v4
// GC=Concurrent Workstation
// HardwareIntrinsics=AVX512 BITALG+VBMI2+VNNI+VPOPCNTDQ,AVX512 IFMA+VBMI,AVX512 F+BW+CD+DQ+VL,AVX2+BMI1+BMI2+F16C+FMA+LZCNT+MOVBE,AVX,SSE3+SSSE3+SSE4.1+SSE4.2+POPCNT,X86Base+SSE+SSE2,AES+PCLMUL,AvxVnni VectorSize=256
// Job: ShortRun(InvocationCount=1, IterationCount=3, LaunchCount=1, UnrollFactor=1, WarmupCount=3)

OverheadJitting  1: 1 op, 292691.00 ns, 292.6910 us/op
WorkloadJitting  1: 1 op, 131054457.00 ns, 131.0545 ms/op

OverheadWarmup   1: 1 op, 431.00 ns, 431.0000 ns/op
OverheadWarmup   2: 1 op, 400.00 ns, 400.0000 ns/op
OverheadWarmup   3: 1 op, 501.00 ns, 501.0000 ns/op
OverheadWarmup   4: 1 op, 450.00 ns, 450.0000 ns/op
OverheadWarmup   5: 1 op, 401.00 ns, 401.0000 ns/op
OverheadWarmup   6: 1 op, 391.00 ns, 391.0000 ns/op
OverheadWarmup   7: 1 op, 431.00 ns, 431.0000 ns/op
OverheadWarmup   8: 1 op, 461.00 ns, 461.0000 ns/op
OverheadWarmup   9: 1 op, 380.00 ns, 380.0000 ns/op

OverheadActual   1: 1 op, 451.00 ns, 451.0000 ns/op
OverheadActual   2: 1 op, 421.00 ns, 421.0000 ns/op
OverheadActual   3: 1 op, 390.00 ns, 390.0000 ns/op
OverheadActual   4: 1 op, 411.00 ns, 411.0000 ns/op
OverheadActual   5: 1 op, 401.00 ns, 401.0000 ns/op
OverheadActual   6: 1 op, 381.00 ns, 381.0000 ns/op
OverheadActual   7: 1 op, 400.00 ns, 400.0000 ns/op
OverheadActual   8: 1 op, 281.00 ns, 281.0000 ns/op
OverheadActual   9: 1 op, 290.00 ns, 290.0000 ns/op
OverheadActual  10: 1 op, 441.00 ns, 441.0000 ns/op
OverheadActual  11: 1 op, 320.00 ns, 320.0000 ns/op
OverheadActual  12: 1 op, 471.00 ns, 471.0000 ns/op
OverheadActual  13: 1 op, 391.00 ns, 391.0000 ns/op
OverheadActual  14: 1 op, 381.00 ns, 381.0000 ns/op
OverheadActual  15: 1 op, 381.00 ns, 381.0000 ns/op
OverheadActual  16: 1 op, 410.00 ns, 410.0000 ns/op
OverheadActual  17: 1 op, 461.00 ns, 461.0000 ns/op
OverheadActual  18: 1 op, 441.00 ns, 441.0000 ns/op
OverheadActual  19: 1 op, 391.00 ns, 391.0000 ns/op
OverheadActual  20: 1 op, 431.00 ns, 431.0000 ns/op

WorkloadWarmup   1: 1 op, 53601031.00 ns, 53.6010 ms/op
WorkloadWarmup   2: 1 op, 50428733.00 ns, 50.4287 ms/op
WorkloadWarmup   3: 1 op, 52031573.00 ns, 52.0316 ms/op

// BeforeActualRun
WorkloadActual   1: 1 op, 54403182.00 ns, 54.4032 ms/op
WorkloadActual   2: 1 op, 55726664.00 ns, 55.7267 ms/op
WorkloadActual   3: 1 op, 51900714.00 ns, 51.9007 ms/op

// AfterActualRun
WorkloadResult   1: 1 op, 54402781.50 ns, 54.4028 ms/op
WorkloadResult   2: 1 op, 55726263.50 ns, 55.7263 ms/op
WorkloadResult   3: 1 op, 51900313.50 ns, 51.9003 ms/op
// GC:  0 0 0 729784 1
// Threading:  191 126 1
// Exceptions:  328

// AfterAll
// Benchmark Process 367014 has exited with code 0.

Mean = 54.010 ms, StdErr = 1.122 ms (2.08%), N = 3, StdDev = 1.943 ms
Min = 51.900 ms, Q1 = 53.152 ms, Median = 54.403 ms, Q3 = 55.065 ms, Max = 55.726 ms
IQR = 1.913 ms, LowerFence = 50.282 ms, UpperFence = 57.934 ms
ConfidenceInterval = [18.562 ms; 89.458 ms] (CI 99.9%), Margin = 35.448 ms (65.63% of Mean)
Skewness = -0.19, Kurtosis = 0.67, MValue = 2

// ** Remained 14 (31.1%) benchmark(s) to run. Estimated finish 2026-09-22 0:29 (0h 1m from now) **
// **************************
// Benchmark: SessionSetupDecompositionBenchmarks.BaselineF_FakeTransportCreationAsync: ShortRun(InvocationCount=1, IterationCount=3, LaunchCount=1, UnrollFactor=1, WarmupCount=3) [Sessions=100]
// *** Execute ***
// Launch: 1 / 1
// Execute: dotnet WinForward.Benchmarks-ShortRun-1.dll --anonymousPipes 129 130 --benchmarkName "WinForward.Benchmarks.Perf.SessionSetupDecompositionBenchmarks.BaselineF_FakeTransportCreationAsync(Sessions: 100)" --job ShortRun --benchmarkId 31 in /home/paff/Projects/WinForward/benchmarks/WinForward.Benchmarks/bin/Release/net10.0/WinForward.Benchmarks-ShortRun-1/bin/Release/net10.0
// Failed to set up high priority (Permission denied). In order to run benchmarks with high priority, make sure you have the right permissions.
// BeforeAnythingElse

// Benchmark Process Environment Information:
// BenchmarkDotNet v0.15.8
// Runtime=.NET 10.0.12 (10.0.12, 10.0.1226.42308), X64 RyuJIT x86-64-v4
// GC=Concurrent Workstation
// HardwareIntrinsics=AVX512 BITALG+VBMI2+VNNI+VPOPCNTDQ,AVX512 IFMA+VBMI,AVX512 F+BW+CD+DQ+VL,AVX2+BMI1+BMI2+F16C+FMA+LZCNT+MOVBE,AVX,SSE3+SSSE3+SSE4.1+SSE4.2+POPCNT,X86Base+SSE+SSE2,AES+PCLMUL,AvxVnni VectorSize=256
// Job: ShortRun(InvocationCount=1, IterationCount=3, LaunchCount=1, UnrollFactor=1, WarmupCount=3)

OverheadJitting  1: 1 op, 260741.00 ns, 260.7410 us/op
WorkloadJitting  1: 1 op, 6132195.00 ns, 6.1322 ms/op

OverheadWarmup   1: 1 op, 411.00 ns, 411.0000 ns/op
OverheadWarmup   2: 1 op, 361.00 ns, 361.0000 ns/op
OverheadWarmup   3: 1 op, 421.00 ns, 421.0000 ns/op
OverheadWarmup   4: 1 op, 391.00 ns, 391.0000 ns/op
OverheadWarmup   5: 1 op, 391.00 ns, 391.0000 ns/op
OverheadWarmup   6: 1 op, 400.00 ns, 400.0000 ns/op

OverheadActual   1: 1 op, 381.00 ns, 381.0000 ns/op
OverheadActual   2: 1 op, 391.00 ns, 391.0000 ns/op
OverheadActual   3: 1 op, 722.00 ns, 722.0000 ns/op
OverheadActual   4: 1 op, 421.00 ns, 421.0000 ns/op
OverheadActual   5: 1 op, 25107.00 ns, 25.1070 us/op
OverheadActual   6: 1 op, 421.00 ns, 421.0000 ns/op
OverheadActual   7: 1 op, 420.00 ns, 420.0000 ns/op
OverheadActual   8: 1 op, 371.00 ns, 371.0000 ns/op
OverheadActual   9: 1 op, 370.00 ns, 370.0000 ns/op
OverheadActual  10: 1 op, 350.00 ns, 350.0000 ns/op
OverheadActual  11: 1 op, 371.00 ns, 371.0000 ns/op
OverheadActual  12: 1 op, 420.00 ns, 420.0000 ns/op
OverheadActual  13: 1 op, 371.00 ns, 371.0000 ns/op
OverheadActual  14: 1 op, 411.00 ns, 411.0000 ns/op
OverheadActual  15: 1 op, 411.00 ns, 411.0000 ns/op
OverheadActual  16: 1 op, 391.00 ns, 391.0000 ns/op
OverheadActual  17: 1 op, 400.00 ns, 400.0000 ns/op
OverheadActual  18: 1 op, 411.00 ns, 411.0000 ns/op
OverheadActual  19: 1 op, 390.00 ns, 390.0000 ns/op
OverheadActual  20: 1 op, 391.00 ns, 391.0000 ns/op

WorkloadWarmup   1: 1 op, 49583.00 ns, 49.5830 us/op
WorkloadWarmup   2: 1 op, 18174.00 ns, 18.1740 us/op
WorkloadWarmup   3: 1 op, 23825.00 ns, 23.8250 us/op

// BeforeActualRun
WorkloadActual   1: 1 op, 48442.00 ns, 48.4420 us/op
WorkloadActual   2: 1 op, 19016.00 ns, 19.0160 us/op
WorkloadActual   3: 1 op, 18054.00 ns, 18.0540 us/op

// AfterActualRun
WorkloadResult   1: 1 op, 48046.50 ns, 48.0465 us/op
WorkloadResult   2: 1 op, 18620.50 ns, 18.6205 us/op
WorkloadResult   3: 1 op, 17658.50 ns, 17.6585 us/op
// GC:  0 0 0 10432 1
// Threading:  0 0 1

// AfterAll
// Benchmark Process 367572 has exited with code 0.

Mean = 28.108 us, StdErr = 9.973 us (35.48%), N = 3, StdDev = 17.274 us
Min = 17.659 us, Q1 = 18.140 us, Median = 18.620 us, Q3 = 33.334 us, Max = 48.047 us
IQR = 15.194 us, LowerFence = -4.652 us, UpperFence = 56.124 us
ConfidenceInterval = [-287.025 us; 343.242 us] (CI 99.9%), Margin = 315.133 us (1121.13% of Mean)
Skewness = 0.38, Kurtosis = 0.67, MValue = 2

// ** Remained 13 (28.9%) benchmark(s) to run. Estimated finish 2026-09-22 0:29 (0h 1m from now) **
// **************************
// Benchmark: SessionSetupDecompositionBenchmarks.BaselineH_FlowKeyConstruction: ShortRun(InvocationCount=1, IterationCount=3, LaunchCount=1, UnrollFactor=1, WarmupCount=3) [Sessions=100]
// *** Execute ***
// Launch: 1 / 1
// Execute: dotnet WinForward.Benchmarks-ShortRun-1.dll --anonymousPipes 129 130 --benchmarkName "WinForward.Benchmarks.Perf.SessionSetupDecompositionBenchmarks.BaselineH_FlowKeyConstruction(Sessions: 100)" --job ShortRun --benchmarkId 32 in /home/paff/Projects/WinForward/benchmarks/WinForward.Benchmarks/bin/Release/net10.0/WinForward.Benchmarks-ShortRun-1/bin/Release/net10.0
// Failed to set up high priority (Permission denied). In order to run benchmarks with high priority, make sure you have the right permissions.
// BeforeAnythingElse

// Benchmark Process Environment Information:
// BenchmarkDotNet v0.15.8
// Runtime=.NET 10.0.12 (10.0.12, 10.0.1226.42308), X64 RyuJIT x86-64-v4
// GC=Concurrent Workstation
// HardwareIntrinsics=AVX512 BITALG+VBMI2+VNNI+VPOPCNTDQ,AVX512 IFMA+VBMI,AVX512 F+BW+CD+DQ+VL,AVX2+BMI1+BMI2+F16C+FMA+LZCNT+MOVBE,AVX,SSE3+SSSE3+SSE4.1+SSE4.2+POPCNT,X86Base+SSE+SSE2,AES+PCLMUL,AvxVnni VectorSize=256
// Job: ShortRun(InvocationCount=1, IterationCount=3, LaunchCount=1, UnrollFactor=1, WarmupCount=3)

OverheadJitting  1: 1 op, 374626.00 ns, 374.6260 us/op
WorkloadJitting  1: 1 op, 7016251.00 ns, 7.0163 ms/op

OverheadWarmup   1: 1 op, 581.00 ns, 581.0000 ns/op
OverheadWarmup   2: 1 op, 390.00 ns, 390.0000 ns/op
OverheadWarmup   3: 1 op, 391.00 ns, 391.0000 ns/op
OverheadWarmup   4: 1 op, 301.00 ns, 301.0000 ns/op
OverheadWarmup   5: 1 op, 301.00 ns, 301.0000 ns/op
OverheadWarmup   6: 1 op, 421.00 ns, 421.0000 ns/op

OverheadActual   1: 1 op, 461.00 ns, 461.0000 ns/op
OverheadActual   2: 1 op, 371.00 ns, 371.0000 ns/op
OverheadActual   3: 1 op, 411.00 ns, 411.0000 ns/op
OverheadActual   4: 1 op, 371.00 ns, 371.0000 ns/op
OverheadActual   5: 1 op, 370.00 ns, 370.0000 ns/op
OverheadActual   6: 1 op, 370.00 ns, 370.0000 ns/op
OverheadActual   7: 1 op, 421.00 ns, 421.0000 ns/op
OverheadActual   8: 1 op, 281.00 ns, 281.0000 ns/op
OverheadActual   9: 1 op, 431.00 ns, 431.0000 ns/op
OverheadActual  10: 1 op, 291.00 ns, 291.0000 ns/op
OverheadActual  11: 1 op, 311.00 ns, 311.0000 ns/op
OverheadActual  12: 1 op, 280.00 ns, 280.0000 ns/op
OverheadActual  13: 1 op, 401.00 ns, 401.0000 ns/op
OverheadActual  14: 1 op, 290.00 ns, 290.0000 ns/op
OverheadActual  15: 1 op, 281.00 ns, 281.0000 ns/op
OverheadActual  16: 1 op, 281.00 ns, 281.0000 ns/op
OverheadActual  17: 1 op, 420.00 ns, 420.0000 ns/op
OverheadActual  18: 1 op, 401.00 ns, 401.0000 ns/op
OverheadActual  19: 1 op, 290.00 ns, 290.0000 ns/op
OverheadActual  20: 1 op, 281.00 ns, 281.0000 ns/op

WorkloadWarmup   1: 1 op, 119785.00 ns, 119.7850 us/op
WorkloadWarmup   2: 1 op, 82305.00 ns, 82.3050 us/op
WorkloadWarmup   3: 1 op, 69080.00 ns, 69.0800 us/op

// BeforeActualRun
WorkloadActual   1: 1 op, 186171.00 ns, 186.1710 us/op
WorkloadActual   2: 1 op, 78117.00 ns, 78.1170 us/op
WorkloadActual   3: 1 op, 68779.00 ns, 68.7790 us/op

// AfterActualRun
WorkloadResult   1: 1 op, 185801.00 ns, 185.8010 us/op
WorkloadResult   2: 1 op, 77747.00 ns, 77.7470 us/op
WorkloadResult   3: 1 op, 68409.00 ns, 68.4090 us/op
// GC:  0 0 0 35200 1
// Threading:  0 0 1

// AfterAll
// Benchmark Process 367581 has exited with code 0.

Mean = 110.652 us, StdErr = 37.671 us (34.04%), N = 3, StdDev = 65.248 us
Min = 68.409 us, Q1 = 73.078 us, Median = 77.747 us, Q3 = 131.774 us, Max = 185.801 us
IQR = 58.696 us, LowerFence = -14.966 us, UpperFence = 219.818 us
ConfidenceInterval = [-1,079.713 us; 1,301.017 us] (CI 99.9%), Margin = 1,190.365 us (1075.77% of Mean)
Skewness = 0.38, Kurtosis = 0.67, MValue = 2

// ** Remained 12 (26.7%) benchmark(s) to run. Estimated finish 2026-09-22 0:29 (0h 0m from now) **
// **************************
// Benchmark: SessionSetupDecompositionBenchmarks.ComponentC1_AssociationClaimRelease: ShortRun(InvocationCount=1, IterationCount=3, LaunchCount=1, UnrollFactor=1, WarmupCount=3) [Sessions=100]
// *** Execute ***
// Launch: 1 / 1
// Execute: dotnet WinForward.Benchmarks-ShortRun-1.dll --anonymousPipes 129 130 --benchmarkName "WinForward.Benchmarks.Perf.SessionSetupDecompositionBenchmarks.ComponentC1_AssociationClaimRelease(Sessions: 100)" --job ShortRun --benchmarkId 33 in /home/paff/Projects/WinForward/benchmarks/WinForward.Benchmarks/bin/Release/net10.0/WinForward.Benchmarks-ShortRun-1/bin/Release/net10.0
// Failed to set up high priority (Permission denied). In order to run benchmarks with high priority, make sure you have the right permissions.
// BeforeAnythingElse

// Benchmark Process Environment Information:
// BenchmarkDotNet v0.15.8
// Runtime=.NET 10.0.12 (10.0.12, 10.0.1226.42308), X64 RyuJIT x86-64-v4
// GC=Concurrent Workstation
// HardwareIntrinsics=AVX512 BITALG+VBMI2+VNNI+VPOPCNTDQ,AVX512 IFMA+VBMI,AVX512 F+BW+CD+DQ+VL,AVX2+BMI1+BMI2+F16C+FMA+LZCNT+MOVBE,AVX,SSE3+SSSE3+SSE4.1+SSE4.2+POPCNT,X86Base+SSE+SSE2,AES+PCLMUL,AvxVnni VectorSize=256
// Job: ShortRun(InvocationCount=1, IterationCount=3, LaunchCount=1, UnrollFactor=1, WarmupCount=3)

OverheadJitting  1: 1 op, 415132.00 ns, 415.1320 us/op
WorkloadJitting  1: 1 op, 20623131.00 ns, 20.6231 ms/op

OverheadWarmup   1: 1 op, 601.00 ns, 601.0000 ns/op
OverheadWarmup   2: 1 op, 431.00 ns, 431.0000 ns/op
OverheadWarmup   3: 1 op, 461.00 ns, 461.0000 ns/op
OverheadWarmup   4: 1 op, 511.00 ns, 511.0000 ns/op
OverheadWarmup   5: 1 op, 451.00 ns, 451.0000 ns/op
OverheadWarmup   6: 1 op, 461.00 ns, 461.0000 ns/op
OverheadWarmup   7: 1 op, 441.00 ns, 441.0000 ns/op

OverheadActual   1: 1 op, 401.00 ns, 401.0000 ns/op
OverheadActual   2: 1 op, 501.00 ns, 501.0000 ns/op
OverheadActual   3: 1 op, 431.00 ns, 431.0000 ns/op
OverheadActual   4: 1 op, 461.00 ns, 461.0000 ns/op
OverheadActual   5: 1 op, 281.00 ns, 281.0000 ns/op
OverheadActual   6: 1 op, 1012.00 ns, 1.0120 us/op
OverheadActual   7: 1 op, 811.00 ns, 811.0000 ns/op
OverheadActual   8: 1 op, 400.00 ns, 400.0000 ns/op
OverheadActual   9: 1 op, 451.00 ns, 451.0000 ns/op
OverheadActual  10: 1 op, 431.00 ns, 431.0000 ns/op
OverheadActual  11: 1 op, 431.00 ns, 431.0000 ns/op
OverheadActual  12: 1 op, 440.00 ns, 440.0000 ns/op
OverheadActual  13: 1 op, 421.00 ns, 421.0000 ns/op
OverheadActual  14: 1 op, 461.00 ns, 461.0000 ns/op
OverheadActual  15: 1 op, 431.00 ns, 431.0000 ns/op
OverheadActual  16: 1 op, 451.00 ns, 451.0000 ns/op
OverheadActual  17: 1 op, 431.00 ns, 431.0000 ns/op
OverheadActual  18: 1 op, 431.00 ns, 431.0000 ns/op
OverheadActual  19: 1 op, 911.00 ns, 911.0000 ns/op
OverheadActual  20: 1 op, 421.00 ns, 421.0000 ns/op

WorkloadWarmup   1: 1 op, 568654.00 ns, 568.6540 us/op
WorkloadWarmup   2: 1 op, 398722.00 ns, 398.7220 us/op
WorkloadWarmup   3: 1 op, 420933.00 ns, 420.9330 us/op

// BeforeActualRun
WorkloadActual   1: 1 op, 768035.00 ns, 768.0350 us/op
WorkloadActual   2: 1 op, 333148.00 ns, 333.1480 us/op
WorkloadActual   3: 1 op, 315184.00 ns, 315.1840 us/op

// AfterActualRun
WorkloadResult   1: 1 op, 767604.00 ns, 767.6040 us/op
WorkloadResult   2: 1 op, 332717.00 ns, 332.7170 us/op
WorkloadResult   3: 1 op, 314753.00 ns, 314.7530 us/op
// GC:  0 0 0 82800 1
// Threading:  0 0 1

// AfterAll
// Benchmark Process 367590 has exited with code 0.

Mean = 471.691 us, StdErr = 148.047 us (31.39%), N = 3, StdDev = 256.425 us
Min = 314.753 us, Q1 = 323.735 us, Median = 332.717 us, Q3 = 550.160 us, Max = 767.604 us
IQR = 226.425 us, LowerFence = -15.903 us, UpperFence = 889.799 us
ConfidenceInterval = [-4,206.460 us; 5,149.842 us] (CI 99.9%), Margin = 4,678.151 us (991.78% of Mean)
Skewness = 0.38, Kurtosis = 0.67, MValue = 2

// ** Remained 11 (24.4%) benchmark(s) to run. Estimated finish 2026-09-22 0:29 (0h 0m from now) **
// **************************
// Benchmark: SessionSetupDecompositionBenchmarks.ComponentC2_SessionConstructStartAsync: ShortRun(InvocationCount=1, IterationCount=3, LaunchCount=1, UnrollFactor=1, WarmupCount=3) [Sessions=100]
// *** Execute ***
// Launch: 1 / 1
// Execute: dotnet WinForward.Benchmarks-ShortRun-1.dll --anonymousPipes 129 130 --benchmarkName "WinForward.Benchmarks.Perf.SessionSetupDecompositionBenchmarks.ComponentC2_SessionConstructStartAsync(Sessions: 100)" --job ShortRun --benchmarkId 34 in /home/paff/Projects/WinForward/benchmarks/WinForward.Benchmarks/bin/Release/net10.0/WinForward.Benchmarks-ShortRun-1/bin/Release/net10.0
// Failed to set up high priority (Permission denied). In order to run benchmarks with high priority, make sure you have the right permissions.
// BeforeAnythingElse

// Benchmark Process Environment Information:
// BenchmarkDotNet v0.15.8
// Runtime=.NET 10.0.12 (10.0.12, 10.0.1226.42308), X64 RyuJIT x86-64-v4
// GC=Concurrent Workstation
// HardwareIntrinsics=AVX512 BITALG+VBMI2+VNNI+VPOPCNTDQ,AVX512 IFMA+VBMI,AVX512 F+BW+CD+DQ+VL,AVX2+BMI1+BMI2+F16C+FMA+LZCNT+MOVBE,AVX,SSE3+SSSE3+SSE4.1+SSE4.2+POPCNT,X86Base+SSE+SSE2,AES+PCLMUL,AvxVnni VectorSize=256
// Job: ShortRun(InvocationCount=1, IterationCount=3, LaunchCount=1, UnrollFactor=1, WarmupCount=3)

OverheadJitting  1: 1 op, 316707.00 ns, 316.7070 us/op
WorkloadJitting  1: 1 op, 31028197.00 ns, 31.0282 ms/op

OverheadWarmup   1: 1 op, 681.00 ns, 681.0000 ns/op
OverheadWarmup   2: 1 op, 501.00 ns, 501.0000 ns/op
OverheadWarmup   3: 1 op, 431.00 ns, 431.0000 ns/op
OverheadWarmup   4: 1 op, 340.00 ns, 340.0000 ns/op
OverheadWarmup   5: 1 op, 350.00 ns, 350.0000 ns/op
OverheadWarmup   6: 1 op, 381.00 ns, 381.0000 ns/op
OverheadWarmup   7: 1 op, 430.00 ns, 430.0000 ns/op
OverheadWarmup   8: 1 op, 451.00 ns, 451.0000 ns/op
OverheadWarmup   9: 1 op, 480.00 ns, 480.0000 ns/op
OverheadWarmup  10: 1 op, 450.00 ns, 450.0000 ns/op

OverheadActual   1: 1 op, 431.00 ns, 431.0000 ns/op
OverheadActual   2: 1 op, 431.00 ns, 431.0000 ns/op
OverheadActual   3: 1 op, 370.00 ns, 370.0000 ns/op
OverheadActual   4: 1 op, 1002.00 ns, 1.0020 us/op
OverheadActual   5: 1 op, 471.00 ns, 471.0000 ns/op
OverheadActual   6: 1 op, 361.00 ns, 361.0000 ns/op
OverheadActual   7: 1 op, 271.00 ns, 271.0000 ns/op
OverheadActual   8: 1 op, 390.00 ns, 390.0000 ns/op
OverheadActual   9: 1 op, 391.00 ns, 391.0000 ns/op
OverheadActual  10: 1 op, 371.00 ns, 371.0000 ns/op
OverheadActual  11: 1 op, 351.00 ns, 351.0000 ns/op
OverheadActual  12: 1 op, 361.00 ns, 361.0000 ns/op
OverheadActual  13: 1 op, 370.00 ns, 370.0000 ns/op
OverheadActual  14: 1 op, 391.00 ns, 391.0000 ns/op
OverheadActual  15: 1 op, 270.00 ns, 270.0000 ns/op
OverheadActual  16: 1 op, 281.00 ns, 281.0000 ns/op
OverheadActual  17: 1 op, 271.00 ns, 271.0000 ns/op
OverheadActual  18: 1 op, 340.00 ns, 340.0000 ns/op
OverheadActual  19: 1 op, 441.00 ns, 441.0000 ns/op
OverheadActual  20: 1 op, 330.00 ns, 330.0000 ns/op

WorkloadWarmup   1: 1 op, 640778.00 ns, 640.7780 us/op
WorkloadWarmup   2: 1 op, 417407.00 ns, 417.4070 us/op
WorkloadWarmup   3: 1 op, 444477.00 ns, 444.4770 us/op

// BeforeActualRun
WorkloadActual   1: 1 op, 483581.00 ns, 483.5810 us/op
WorkloadActual   2: 1 op, 371229.00 ns, 371.2290 us/op
WorkloadActual   3: 1 op, 491707.00 ns, 491.7070 us/op

// AfterActualRun
WorkloadResult   1: 1 op, 483211.00 ns, 483.2110 us/op
WorkloadResult   2: 1 op, 370859.00 ns, 370.8590 us/op
WorkloadResult   3: 1 op, 491337.00 ns, 491.3370 us/op
// GC:  0 0 0 271048 1
// Threading:  0 0 1

// AfterAll
// Benchmark Process 367601 has exited with code 0.

Mean = 448.469 us, StdErr = 38.876 us (8.67%), N = 3, StdDev = 67.335 us
Min = 370.859 us, Q1 = 427.035 us, Median = 483.211 us, Q3 = 487.274 us, Max = 491.337 us
IQR = 60.239 us, LowerFence = 336.676 us, UpperFence = 577.633 us
ConfidenceInterval = [-779.971 us; 1,676.909 us] (CI 99.9%), Margin = 1,228.440 us (273.92% of Mean)
Skewness = -0.38, Kurtosis = 0.67, MValue = 2

// ** Remained 10 (22.2%) benchmark(s) to run. Estimated finish 2026-09-22 0:29 (0h 0m from now) **
// **************************
// Benchmark: SessionSetupDecompositionBenchmarks.StageS0_CoordinatorOnly: ShortRun(InvocationCount=1, IterationCount=3, LaunchCount=1, UnrollFactor=1, WarmupCount=3) [Sessions=1000]
// *** Execute ***
// Launch: 1 / 1
// Execute: dotnet WinForward.Benchmarks-ShortRun-1.dll --anonymousPipes 129 130 --benchmarkName "WinForward.Benchmarks.Perf.SessionSetupDecompositionBenchmarks.StageS0_CoordinatorOnly(Sessions: 1000)" --job ShortRun --benchmarkId 35 in /home/paff/Projects/WinForward/benchmarks/WinForward.Benchmarks/bin/Release/net10.0/WinForward.Benchmarks-ShortRun-1/bin/Release/net10.0
// Failed to set up high priority (Permission denied). In order to run benchmarks with high priority, make sure you have the right permissions.
// BeforeAnythingElse

// Benchmark Process Environment Information:
// BenchmarkDotNet v0.15.8
// Runtime=.NET 10.0.12 (10.0.12, 10.0.1226.42308), X64 RyuJIT x86-64-v4
// GC=Concurrent Workstation
// HardwareIntrinsics=AVX512 BITALG+VBMI2+VNNI+VPOPCNTDQ,AVX512 IFMA+VBMI,AVX512 F+BW+CD+DQ+VL,AVX2+BMI1+BMI2+F16C+FMA+LZCNT+MOVBE,AVX,SSE3+SSSE3+SSE4.1+SSE4.2+POPCNT,X86Base+SSE+SSE2,AES+PCLMUL,AvxVnni VectorSize=256
// Job: ShortRun(InvocationCount=1, IterationCount=3, LaunchCount=1, UnrollFactor=1, WarmupCount=3)

OverheadJitting  1: 1 op, 304974.00 ns, 304.9740 us/op
WorkloadJitting  1: 1 op, 7812632.00 ns, 7.8126 ms/op

OverheadWarmup   1: 1 op, 381.00 ns, 381.0000 ns/op
OverheadWarmup   2: 1 op, 270.00 ns, 270.0000 ns/op
OverheadWarmup   3: 1 op, 280.00 ns, 280.0000 ns/op
OverheadWarmup   4: 1 op, 280.00 ns, 280.0000 ns/op
OverheadWarmup   5: 1 op, 421.00 ns, 421.0000 ns/op
OverheadWarmup   6: 1 op, 421.00 ns, 421.0000 ns/op

OverheadActual   1: 1 op, 411.00 ns, 411.0000 ns/op
OverheadActual   2: 1 op, 380.00 ns, 380.0000 ns/op
OverheadActual   3: 1 op, 1032.00 ns, 1.0320 us/op
OverheadActual   4: 1 op, 371.00 ns, 371.0000 ns/op
OverheadActual   5: 1 op, 391.00 ns, 391.0000 ns/op
OverheadActual   6: 1 op, 280.00 ns, 280.0000 ns/op
OverheadActual   7: 1 op, 571.00 ns, 571.0000 ns/op
OverheadActual   8: 1 op, 411.00 ns, 411.0000 ns/op
OverheadActual   9: 1 op, 351.00 ns, 351.0000 ns/op
OverheadActual  10: 1 op, 390.00 ns, 390.0000 ns/op
OverheadActual  11: 1 op, 400.00 ns, 400.0000 ns/op
OverheadActual  12: 1 op, 421.00 ns, 421.0000 ns/op
OverheadActual  13: 1 op, 400.00 ns, 400.0000 ns/op
OverheadActual  14: 1 op, 411.00 ns, 411.0000 ns/op
OverheadActual  15: 1 op, 411.00 ns, 411.0000 ns/op
OverheadActual  16: 1 op, 822.00 ns, 822.0000 ns/op
OverheadActual  17: 1 op, 361.00 ns, 361.0000 ns/op
OverheadActual  18: 1 op, 411.00 ns, 411.0000 ns/op
OverheadActual  19: 1 op, 360.00 ns, 360.0000 ns/op
OverheadActual  20: 1 op, 391.00 ns, 391.0000 ns/op

WorkloadWarmup   1: 1 op, 252025.00 ns, 252.0250 us/op
WorkloadWarmup   2: 1 op, 64832.00 ns, 64.8320 us/op
WorkloadWarmup   3: 1 op, 61827.00 ns, 61.8270 us/op

// BeforeActualRun
WorkloadActual   1: 1 op, 92765.00 ns, 92.7650 us/op
WorkloadActual   2: 1 op, 59532.00 ns, 59.5320 us/op
WorkloadActual   3: 1 op, 57418.00 ns, 57.4180 us/op

// AfterActualRun
WorkloadResult   1: 1 op, 92365.00 ns, 92.3650 us/op
WorkloadResult   2: 1 op, 59132.00 ns, 59.1320 us/op
WorkloadResult   3: 1 op, 57018.00 ns, 57.0180 us/op
// GC:  0 0 0 496680 1
// Threading:  0 0 1

// AfterAll
// Benchmark Process 367615 has exited with code 0.

Mean = 69.505 us, StdErr = 11.446 us (16.47%), N = 3, StdDev = 19.826 us
Min = 57.018 us, Q1 = 58.075 us, Median = 59.132 us, Q3 = 75.749 us, Max = 92.365 us
IQR = 17.674 us, LowerFence = 31.565 us, UpperFence = 102.259 us
ConfidenceInterval = [-292.187 us; 431.197 us] (CI 99.9%), Margin = 361.692 us (520.38% of Mean)
Skewness = 0.38, Kurtosis = 0.67, MValue = 2

// ** Remained 9 (20.0%) benchmark(s) to run. Estimated finish 2026-09-22 0:28 (0h 0m from now) **
// **************************
// Benchmark: SessionSetupDecompositionBenchmarks.StageS1_AdmissionOnlyAsync: ShortRun(InvocationCount=1, IterationCount=3, LaunchCount=1, UnrollFactor=1, WarmupCount=3) [Sessions=1000]
// *** Execute ***
// Launch: 1 / 1
// Execute: dotnet WinForward.Benchmarks-ShortRun-1.dll --anonymousPipes 129 130 --benchmarkName "WinForward.Benchmarks.Perf.SessionSetupDecompositionBenchmarks.StageS1_AdmissionOnlyAsync(Sessions: 1000)" --job ShortRun --benchmarkId 36 in /home/paff/Projects/WinForward/benchmarks/WinForward.Benchmarks/bin/Release/net10.0/WinForward.Benchmarks-ShortRun-1/bin/Release/net10.0
// Failed to set up high priority (Permission denied). In order to run benchmarks with high priority, make sure you have the right permissions.
// BeforeAnythingElse

// Benchmark Process Environment Information:
// BenchmarkDotNet v0.15.8
// Runtime=.NET 10.0.12 (10.0.12, 10.0.1226.42308), X64 RyuJIT x86-64-v4
// GC=Concurrent Workstation
// HardwareIntrinsics=AVX512 BITALG+VBMI2+VNNI+VPOPCNTDQ,AVX512 IFMA+VBMI,AVX512 F+BW+CD+DQ+VL,AVX2+BMI1+BMI2+F16C+FMA+LZCNT+MOVBE,AVX,SSE3+SSSE3+SSE4.1+SSE4.2+POPCNT,X86Base+SSE+SSE2,AES+PCLMUL,AvxVnni VectorSize=256
// Job: ShortRun(InvocationCount=1, IterationCount=3, LaunchCount=1, UnrollFactor=1, WarmupCount=3)

OverheadJitting  1: 1 op, 359959.00 ns, 359.9590 us/op
WorkloadJitting  1: 1 op, 27114632.00 ns, 27.1146 ms/op

OverheadWarmup   1: 1 op, 491.00 ns, 491.0000 ns/op
OverheadWarmup   2: 1 op, 691.00 ns, 691.0000 ns/op
OverheadWarmup   3: 1 op, 351.00 ns, 351.0000 ns/op
OverheadWarmup   4: 1 op, 401.00 ns, 401.0000 ns/op
OverheadWarmup   5: 1 op, 481.00 ns, 481.0000 ns/op
OverheadWarmup   6: 1 op, 401.00 ns, 401.0000 ns/op

OverheadActual   1: 1 op, 361.00 ns, 361.0000 ns/op
OverheadActual   2: 1 op, 371.00 ns, 371.0000 ns/op
OverheadActual   3: 1 op, 380.00 ns, 380.0000 ns/op
OverheadActual   4: 1 op, 421.00 ns, 421.0000 ns/op
OverheadActual   5: 1 op, 401.00 ns, 401.0000 ns/op
OverheadActual   6: 1 op, 361.00 ns, 361.0000 ns/op
OverheadActual   7: 1 op, 370.00 ns, 370.0000 ns/op
OverheadActual   8: 1 op, 341.00 ns, 341.0000 ns/op
OverheadActual   9: 1 op, 340.00 ns, 340.0000 ns/op
OverheadActual  10: 1 op, 371.00 ns, 371.0000 ns/op
OverheadActual  11: 1 op, 390.00 ns, 390.0000 ns/op
OverheadActual  12: 1 op, 281.00 ns, 281.0000 ns/op
OverheadActual  13: 1 op, 411.00 ns, 411.0000 ns/op
OverheadActual  14: 1 op, 421.00 ns, 421.0000 ns/op
OverheadActual  15: 1 op, 421.00 ns, 421.0000 ns/op
OverheadActual  16: 1 op, 271.00 ns, 271.0000 ns/op
OverheadActual  17: 1 op, 431.00 ns, 431.0000 ns/op
OverheadActual  18: 1 op, 371.00 ns, 371.0000 ns/op
OverheadActual  19: 1 op, 722.00 ns, 722.0000 ns/op
OverheadActual  20: 1 op, 381.00 ns, 381.0000 ns/op

WorkloadWarmup   1: 1 op, 3352287.00 ns, 3.3523 ms/op
WorkloadWarmup   2: 1 op, 2360508.00 ns, 2.3605 ms/op
WorkloadWarmup   3: 1 op, 2191619.00 ns, 2.1916 ms/op

// BeforeActualRun
WorkloadActual   1: 1 op, 3039408.00 ns, 3.0394 ms/op
WorkloadActual   2: 1 op, 3148483.00 ns, 3.1485 ms/op
WorkloadActual   3: 1 op, 2353736.00 ns, 2.3537 ms/op

// AfterActualRun
WorkloadResult   1: 1 op, 3039032.50 ns, 3.0390 ms/op
WorkloadResult   2: 1 op, 3148107.50 ns, 3.1481 ms/op
WorkloadResult   3: 1 op, 2353360.50 ns, 2.3534 ms/op
// GC:  0 0 0 1323552 1
// Threading:  0 0 1

// AfterAll
// Benchmark Process 367629 has exited with code 0.

Mean = 2.847 ms, StdErr = 0.249 ms (8.74%), N = 3, StdDev = 0.431 ms
Min = 2.353 ms, Q1 = 2.696 ms, Median = 3.039 ms, Q3 = 3.094 ms, Max = 3.148 ms
IQR = 0.397 ms, LowerFence = 2.100 ms, UpperFence = 3.690 ms
ConfidenceInterval = [-5.013 ms; 10.707 ms] (CI 99.9%), Margin = 7.860 ms (276.09% of Mean)
Skewness = -0.36, Kurtosis = 0.67, MValue = 2

// ** Remained 8 (17.8%) benchmark(s) to run. Estimated finish 2026-09-22 0:28 (0h 0m from now) **
// **************************
// Benchmark: SessionSetupDecompositionBenchmarks.StageS2_SetupStartedAsync: ShortRun(InvocationCount=1, IterationCount=3, LaunchCount=1, UnrollFactor=1, WarmupCount=3) [Sessions=1000]
// *** Execute ***
// Launch: 1 / 1
// Execute: dotnet WinForward.Benchmarks-ShortRun-1.dll --anonymousPipes 129 130 --benchmarkName "WinForward.Benchmarks.Perf.SessionSetupDecompositionBenchmarks.StageS2_SetupStartedAsync(Sessions: 1000)" --job ShortRun --benchmarkId 37 in /home/paff/Projects/WinForward/benchmarks/WinForward.Benchmarks/bin/Release/net10.0/WinForward.Benchmarks-ShortRun-1/bin/Release/net10.0
// Failed to set up high priority (Permission denied). In order to run benchmarks with high priority, make sure you have the right permissions.
// BeforeAnythingElse

// Benchmark Process Environment Information:
// BenchmarkDotNet v0.15.8
// Runtime=.NET 10.0.12 (10.0.12, 10.0.1226.42308), X64 RyuJIT x86-64-v4
// GC=Concurrent Workstation
// HardwareIntrinsics=AVX512 BITALG+VBMI2+VNNI+VPOPCNTDQ,AVX512 IFMA+VBMI,AVX512 F+BW+CD+DQ+VL,AVX2+BMI1+BMI2+F16C+FMA+LZCNT+MOVBE,AVX,SSE3+SSSE3+SSE4.1+SSE4.2+POPCNT,X86Base+SSE+SSE2,AES+PCLMUL,AvxVnni VectorSize=256
// Job: ShortRun(InvocationCount=1, IterationCount=3, LaunchCount=1, UnrollFactor=1, WarmupCount=3)

OverheadJitting  1: 1 op, 303562.00 ns, 303.5620 us/op
WorkloadJitting  1: 1 op, 124255215.00 ns, 124.2552 ms/op

OverheadWarmup   1: 1 op, 781.00 ns, 781.0000 ns/op
OverheadWarmup   2: 1 op, 581.00 ns, 581.0000 ns/op
OverheadWarmup   3: 1 op, 551.00 ns, 551.0000 ns/op
OverheadWarmup   4: 1 op, 401.00 ns, 401.0000 ns/op
OverheadWarmup   5: 1 op, 451.00 ns, 451.0000 ns/op
OverheadWarmup   6: 1 op, 952.00 ns, 952.0000 ns/op
OverheadWarmup   7: 1 op, 902.00 ns, 902.0000 ns/op
OverheadWarmup   8: 1 op, 431.00 ns, 431.0000 ns/op
OverheadWarmup   9: 1 op, 612.00 ns, 612.0000 ns/op
OverheadWarmup  10: 1 op, 481.00 ns, 481.0000 ns/op

OverheadActual   1: 1 op, 672.00 ns, 672.0000 ns/op
OverheadActual   2: 1 op, 390.00 ns, 390.0000 ns/op
OverheadActual   3: 1 op, 481.00 ns, 481.0000 ns/op
OverheadActual   4: 1 op, 471.00 ns, 471.0000 ns/op
OverheadActual   5: 1 op, 812.00 ns, 812.0000 ns/op
OverheadActual   6: 1 op, 501.00 ns, 501.0000 ns/op
OverheadActual   7: 1 op, 421.00 ns, 421.0000 ns/op
OverheadActual   8: 1 op, 451.00 ns, 451.0000 ns/op
OverheadActual   9: 1 op, 521.00 ns, 521.0000 ns/op
OverheadActual  10: 1 op, 381.00 ns, 381.0000 ns/op
OverheadActual  11: 1 op, 491.00 ns, 491.0000 ns/op
OverheadActual  12: 1 op, 591.00 ns, 591.0000 ns/op
OverheadActual  13: 1 op, 401.00 ns, 401.0000 ns/op
OverheadActual  14: 1 op, 440.00 ns, 440.0000 ns/op
OverheadActual  15: 1 op, 381.00 ns, 381.0000 ns/op
OverheadActual  16: 1 op, 591.00 ns, 591.0000 ns/op
OverheadActual  17: 1 op, 441.00 ns, 441.0000 ns/op
OverheadActual  18: 1 op, 391.00 ns, 391.0000 ns/op
OverheadActual  19: 1 op, 400.00 ns, 400.0000 ns/op
OverheadActual  20: 1 op, 802.00 ns, 802.0000 ns/op

WorkloadWarmup   1: 1 op, 83155651.00 ns, 83.1557 ms/op
WorkloadWarmup   2: 1 op, 83726647.00 ns, 83.7266 ms/op
WorkloadWarmup   3: 1 op, 80324447.00 ns, 80.3244 ms/op

// BeforeActualRun
WorkloadActual   1: 1 op, 83008244.00 ns, 83.0082 ms/op
WorkloadActual   2: 1 op, 80566097.00 ns, 80.5661 ms/op
WorkloadActual   3: 1 op, 83111303.00 ns, 83.1113 ms/op

// AfterActualRun
WorkloadResult   1: 1 op, 83007783.00 ns, 83.0078 ms/op
WorkloadResult   2: 1 op, 80565636.00 ns, 80.5656 ms/op
WorkloadResult   3: 1 op, 83110842.00 ns, 83.1108 ms/op
// GC:  0 0 0 1352664 1
// Threading:  4 14 1

// AfterAll
// Benchmark Process 367638 has exited with code 0.

Mean = 82.228 ms, StdErr = 0.832 ms (1.01%), N = 3, StdDev = 1.441 ms
Min = 80.566 ms, Q1 = 81.787 ms, Median = 83.008 ms, Q3 = 83.059 ms, Max = 83.111 ms
IQR = 1.273 ms, LowerFence = 79.878 ms, UpperFence = 84.968 ms
ConfidenceInterval = [55.945 ms; 108.511 ms] (CI 99.9%), Margin = 26.283 ms (31.96% of Mean)
Skewness = -0.38, Kurtosis = 0.67, MValue = 2

// ** Remained 7 (15.6%) benchmark(s) to run. Estimated finish 2026-09-22 0:28 (0h 0m from now) **
// **************************
// Benchmark: SessionSetupDecompositionBenchmarks.StageS3_PipelineNoPayloadAsync: ShortRun(InvocationCount=1, IterationCount=3, LaunchCount=1, UnrollFactor=1, WarmupCount=3) [Sessions=1000]
// *** Execute ***
// Launch: 1 / 1
// Execute: dotnet WinForward.Benchmarks-ShortRun-1.dll --anonymousPipes 129 130 --benchmarkName "WinForward.Benchmarks.Perf.SessionSetupDecompositionBenchmarks.StageS3_PipelineNoPayloadAsync(Sessions: 1000)" --job ShortRun --benchmarkId 38 in /home/paff/Projects/WinForward/benchmarks/WinForward.Benchmarks/bin/Release/net10.0/WinForward.Benchmarks-ShortRun-1/bin/Release/net10.0
// Failed to set up high priority (Permission denied). In order to run benchmarks with high priority, make sure you have the right permissions.
// BeforeAnythingElse

// Benchmark Process Environment Information:
// BenchmarkDotNet v0.15.8
// Runtime=.NET 10.0.12 (10.0.12, 10.0.1226.42308), X64 RyuJIT x86-64-v4
// GC=Concurrent Workstation
// HardwareIntrinsics=AVX512 BITALG+VBMI2+VNNI+VPOPCNTDQ,AVX512 IFMA+VBMI,AVX512 F+BW+CD+DQ+VL,AVX2+BMI1+BMI2+F16C+FMA+LZCNT+MOVBE,AVX,SSE3+SSSE3+SSE4.1+SSE4.2+POPCNT,X86Base+SSE+SSE2,AES+PCLMUL,AvxVnni VectorSize=256
// Job: ShortRun(InvocationCount=1, IterationCount=3, LaunchCount=1, UnrollFactor=1, WarmupCount=3)

OverheadJitting  1: 1 op, 433417.00 ns, 433.4170 us/op
WorkloadJitting  1: 1 op, 114815869.00 ns, 114.8159 ms/op

OverheadWarmup   1: 1 op, 1193.00 ns, 1.1930 us/op
OverheadWarmup   2: 1 op, 1162.00 ns, 1.1620 us/op
OverheadWarmup   3: 1 op, 24146.00 ns, 24.1460 us/op
OverheadWarmup   4: 1 op, 942.00 ns, 942.0000 ns/op
OverheadWarmup   5: 1 op, 572.00 ns, 572.0000 ns/op
OverheadWarmup   6: 1 op, 511.00 ns, 511.0000 ns/op
OverheadWarmup   7: 1 op, 411.00 ns, 411.0000 ns/op
OverheadWarmup   8: 1 op, 431.00 ns, 431.0000 ns/op
OverheadWarmup   9: 1 op, 451.00 ns, 451.0000 ns/op
OverheadWarmup  10: 1 op, 440.00 ns, 440.0000 ns/op

OverheadActual   1: 1 op, 572.00 ns, 572.0000 ns/op
OverheadActual   2: 1 op, 972.00 ns, 972.0000 ns/op
OverheadActual   3: 1 op, 1142.00 ns, 1.1420 us/op
OverheadActual   4: 1 op, 831.00 ns, 831.0000 ns/op
OverheadActual   5: 1 op, 812.00 ns, 812.0000 ns/op
OverheadActual   6: 1 op, 450.00 ns, 450.0000 ns/op
OverheadActual   7: 1 op, 441.00 ns, 441.0000 ns/op
OverheadActual   8: 1 op, 481.00 ns, 481.0000 ns/op
OverheadActual   9: 1 op, 431.00 ns, 431.0000 ns/op
OverheadActual  10: 1 op, 461.00 ns, 461.0000 ns/op
OverheadActual  11: 1 op, 441.00 ns, 441.0000 ns/op
OverheadActual  12: 1 op, 721.00 ns, 721.0000 ns/op
OverheadActual  13: 1 op, 461.00 ns, 461.0000 ns/op
OverheadActual  14: 1 op, 441.00 ns, 441.0000 ns/op
OverheadActual  15: 1 op, 421.00 ns, 421.0000 ns/op
OverheadActual  16: 1 op, 361.00 ns, 361.0000 ns/op
OverheadActual  17: 1 op, 290.00 ns, 290.0000 ns/op
OverheadActual  18: 1 op, 301.00 ns, 301.0000 ns/op
OverheadActual  19: 1 op, 420.00 ns, 420.0000 ns/op
OverheadActual  20: 1 op, 471.00 ns, 471.0000 ns/op

WorkloadWarmup   1: 1 op, 70113997.00 ns, 70.1140 ms/op
WorkloadWarmup   2: 1 op, 59599309.00 ns, 59.5993 ms/op
WorkloadWarmup   3: 1 op, 66155989.00 ns, 66.1560 ms/op

// BeforeActualRun
WorkloadActual   1: 1 op, 58912409.00 ns, 58.9124 ms/op
WorkloadActual   2: 1 op, 53973463.00 ns, 53.9735 ms/op
WorkloadActual   3: 1 op, 54424950.00 ns, 54.4250 ms/op

// AfterActualRun
WorkloadResult   1: 1 op, 58911953.50 ns, 58.9120 ms/op
WorkloadResult   2: 1 op, 53973007.50 ns, 53.9730 ms/op
WorkloadResult   3: 1 op, 54424494.50 ns, 54.4245 ms/op
// GC:  0 0 0 3622464 1
// Threading:  683 264 1

// AfterAll
// Benchmark Process 368193 has exited with code 0.

Mean = 55.770 ms, StdErr = 1.576 ms (2.83%), N = 3, StdDev = 2.731 ms
Min = 53.973 ms, Q1 = 54.199 ms, Median = 54.424 ms, Q3 = 56.668 ms, Max = 58.912 ms
IQR = 2.469 ms, LowerFence = 50.495 ms, UpperFence = 60.372 ms
ConfidenceInterval = [5.955 ms; 105.585 ms] (CI 99.9%), Margin = 49.815 ms (89.32% of Mean)
Skewness = 0.37, Kurtosis = 0.67, MValue = 2

// ** Remained 6 (13.3%) benchmark(s) to run. Estimated finish 2026-09-22 0:28 (0h 0m from now) **
// **************************
// Benchmark: SessionSetupDecompositionBenchmarks.StageS4_ReadinessTeardownOutsideAsync: ShortRun(InvocationCount=1, IterationCount=3, LaunchCount=1, UnrollFactor=1, WarmupCount=3) [Sessions=1000]
// *** Execute ***
// Launch: 1 / 1
// Execute: dotnet WinForward.Benchmarks-ShortRun-1.dll --anonymousPipes 129 130 --benchmarkName "WinForward.Benchmarks.Perf.SessionSetupDecompositionBenchmarks.StageS4_ReadinessTeardownOutsideAsync(Sessions: 1000)" --job ShortRun --benchmarkId 39 in /home/paff/Projects/WinForward/benchmarks/WinForward.Benchmarks/bin/Release/net10.0/WinForward.Benchmarks-ShortRun-1/bin/Release/net10.0
// Failed to set up high priority (Permission denied). In order to run benchmarks with high priority, make sure you have the right permissions.
// BeforeAnythingElse

// Benchmark Process Environment Information:
// BenchmarkDotNet v0.15.8
// Runtime=.NET 10.0.12 (10.0.12, 10.0.1226.42308), X64 RyuJIT x86-64-v4
// GC=Concurrent Workstation
// HardwareIntrinsics=AVX512 BITALG+VBMI2+VNNI+VPOPCNTDQ,AVX512 IFMA+VBMI,AVX512 F+BW+CD+DQ+VL,AVX2+BMI1+BMI2+F16C+FMA+LZCNT+MOVBE,AVX,SSE3+SSSE3+SSE4.1+SSE4.2+POPCNT,X86Base+SSE+SSE2,AES+PCLMUL,AvxVnni VectorSize=256
// Job: ShortRun(InvocationCount=1, IterationCount=3, LaunchCount=1, UnrollFactor=1, WarmupCount=3)

OverheadJitting  1: 1 op, 264709.00 ns, 264.7090 us/op
WorkloadJitting  1: 1 op, 130429720.00 ns, 130.4297 ms/op

OverheadWarmup   1: 1 op, 951.00 ns, 951.0000 ns/op
OverheadWarmup   2: 1 op, 711.00 ns, 711.0000 ns/op
OverheadWarmup   3: 1 op, 541.00 ns, 541.0000 ns/op
OverheadWarmup   4: 1 op, 461.00 ns, 461.0000 ns/op
OverheadWarmup   5: 1 op, 430.00 ns, 430.0000 ns/op
OverheadWarmup   6: 1 op, 531.00 ns, 531.0000 ns/op
OverheadWarmup   7: 1 op, 450.00 ns, 450.0000 ns/op
OverheadWarmup   8: 1 op, 952.00 ns, 952.0000 ns/op
OverheadWarmup   9: 1 op, 411.00 ns, 411.0000 ns/op

OverheadActual   1: 1 op, 391.00 ns, 391.0000 ns/op
OverheadActual   2: 1 op, 471.00 ns, 471.0000 ns/op
OverheadActual   3: 1 op, 371.00 ns, 371.0000 ns/op
OverheadActual   4: 1 op, 511.00 ns, 511.0000 ns/op
OverheadActual   5: 1 op, 491.00 ns, 491.0000 ns/op
OverheadActual   6: 1 op, 471.00 ns, 471.0000 ns/op
OverheadActual   7: 1 op, 431.00 ns, 431.0000 ns/op
OverheadActual   8: 1 op, 431.00 ns, 431.0000 ns/op
OverheadActual   9: 1 op, 641.00 ns, 641.0000 ns/op
OverheadActual  10: 1 op, 451.00 ns, 451.0000 ns/op
OverheadActual  11: 1 op, 281.00 ns, 281.0000 ns/op
OverheadActual  12: 1 op, 351.00 ns, 351.0000 ns/op
OverheadActual  13: 1 op, 421.00 ns, 421.0000 ns/op
OverheadActual  14: 1 op, 451.00 ns, 451.0000 ns/op
OverheadActual  15: 1 op, 411.00 ns, 411.0000 ns/op
OverheadActual  16: 1 op, 421.00 ns, 421.0000 ns/op
OverheadActual  17: 1 op, 441.00 ns, 441.0000 ns/op
OverheadActual  18: 1 op, 400.00 ns, 400.0000 ns/op
OverheadActual  19: 1 op, 280.00 ns, 280.0000 ns/op
OverheadActual  20: 1 op, 501.00 ns, 501.0000 ns/op

WorkloadWarmup   1: 1 op, 75599122.00 ns, 75.5991 ms/op
WorkloadWarmup   2: 1 op, 61756680.00 ns, 61.7567 ms/op
WorkloadWarmup   3: 1 op, 67229511.00 ns, 67.2295 ms/op

// BeforeActualRun
WorkloadActual   1: 1 op, 64084164.00 ns, 64.0842 ms/op
WorkloadActual   2: 1 op, 65650093.00 ns, 65.6501 ms/op
WorkloadActual   3: 1 op, 70441874.00 ns, 70.4419 ms/op

// AfterActualRun
WorkloadResult   1: 1 op, 64083733.00 ns, 64.0837 ms/op
WorkloadResult   2: 1 op, 65649662.00 ns, 65.6497 ms/op
WorkloadResult   3: 1 op, 70441443.00 ns, 70.4414 ms/op
// GC:  0 0 0 4403808 1
// Threading:  993 432 1

// AfterAll
// Benchmark Process 368757 has exited with code 0.

Mean = 66.725 ms, StdErr = 1.912 ms (2.87%), N = 3, StdDev = 3.312 ms
Min = 64.084 ms, Q1 = 64.867 ms, Median = 65.650 ms, Q3 = 68.046 ms, Max = 70.441 ms
IQR = 3.179 ms, LowerFence = 60.098 ms, UpperFence = 72.814 ms
ConfidenceInterval = [6.294 ms; 127.156 ms] (CI 99.9%), Margin = 60.431 ms (90.57% of Mean)
Skewness = 0.29, Kurtosis = 0.67, MValue = 2

// ** Remained 5 (11.1%) benchmark(s) to run. Estimated finish 2026-09-22 0:28 (0h 0m from now) **
// **************************
// Benchmark: SessionSetupDecompositionBenchmarks.StageS5_ReadinessTeardownInsideAsync: ShortRun(InvocationCount=1, IterationCount=3, LaunchCount=1, UnrollFactor=1, WarmupCount=3) [Sessions=1000]
// *** Execute ***
// Launch: 1 / 1
// Execute: dotnet WinForward.Benchmarks-ShortRun-1.dll --anonymousPipes 129 130 --benchmarkName "WinForward.Benchmarks.Perf.SessionSetupDecompositionBenchmarks.StageS5_ReadinessTeardownInsideAsync(Sessions: 1000)" --job ShortRun --benchmarkId 40 in /home/paff/Projects/WinForward/benchmarks/WinForward.Benchmarks/bin/Release/net10.0/WinForward.Benchmarks-ShortRun-1/bin/Release/net10.0
// Failed to set up high priority (Permission denied). In order to run benchmarks with high priority, make sure you have the right permissions.
// BeforeAnythingElse

// Benchmark Process Environment Information:
// BenchmarkDotNet v0.15.8
// Runtime=.NET 10.0.12 (10.0.12, 10.0.1226.42308), X64 RyuJIT x86-64-v4
// GC=Concurrent Workstation
// HardwareIntrinsics=AVX512 BITALG+VBMI2+VNNI+VPOPCNTDQ,AVX512 IFMA+VBMI,AVX512 F+BW+CD+DQ+VL,AVX2+BMI1+BMI2+F16C+FMA+LZCNT+MOVBE,AVX,SSE3+SSSE3+SSE4.1+SSE4.2+POPCNT,X86Base+SSE+SSE2,AES+PCLMUL,AvxVnni VectorSize=256
// Job: ShortRun(InvocationCount=1, IterationCount=3, LaunchCount=1, UnrollFactor=1, WarmupCount=3)

OverheadJitting  1: 1 op, 263717.00 ns, 263.7170 us/op
WorkloadJitting  1: 1 op, 166492474.00 ns, 166.4925 ms/op

OverheadWarmup   1: 1 op, 511.00 ns, 511.0000 ns/op
OverheadWarmup   2: 1 op, 421.00 ns, 421.0000 ns/op
OverheadWarmup   3: 1 op, 461.00 ns, 461.0000 ns/op
OverheadWarmup   4: 1 op, 431.00 ns, 431.0000 ns/op
OverheadWarmup   5: 1 op, 441.00 ns, 441.0000 ns/op
OverheadWarmup   6: 1 op, 301.00 ns, 301.0000 ns/op

OverheadActual   1: 1 op, 481.00 ns, 481.0000 ns/op
OverheadActual   2: 1 op, 401.00 ns, 401.0000 ns/op
OverheadActual   3: 1 op, 411.00 ns, 411.0000 ns/op
OverheadActual   4: 1 op, 410.00 ns, 410.0000 ns/op
OverheadActual   5: 1 op, 410.00 ns, 410.0000 ns/op
OverheadActual   6: 1 op, 361.00 ns, 361.0000 ns/op
OverheadActual   7: 1 op, 381.00 ns, 381.0000 ns/op
OverheadActual   8: 1 op, 300.00 ns, 300.0000 ns/op
OverheadActual   9: 1 op, 290.00 ns, 290.0000 ns/op
OverheadActual  10: 1 op, 471.00 ns, 471.0000 ns/op
OverheadActual  11: 1 op, 471.00 ns, 471.0000 ns/op
OverheadActual  12: 1 op, 451.00 ns, 451.0000 ns/op
OverheadActual  13: 1 op, 421.00 ns, 421.0000 ns/op
OverheadActual  14: 1 op, 441.00 ns, 441.0000 ns/op
OverheadActual  15: 1 op, 431.00 ns, 431.0000 ns/op
OverheadActual  16: 1 op, 461.00 ns, 461.0000 ns/op
OverheadActual  17: 1 op, 521.00 ns, 521.0000 ns/op
OverheadActual  18: 1 op, 401.00 ns, 401.0000 ns/op
OverheadActual  19: 1 op, 431.00 ns, 431.0000 ns/op
OverheadActual  20: 1 op, 331.00 ns, 331.0000 ns/op

WorkloadWarmup   1: 1 op, 97958263.00 ns, 97.9583 ms/op
WorkloadWarmup   2: 1 op, 82682670.00 ns, 82.6827 ms/op
WorkloadWarmup   3: 1 op, 83679689.00 ns, 83.6797 ms/op

// BeforeActualRun
WorkloadActual   1: 1 op, 91905128.00 ns, 91.9051 ms/op
WorkloadActual   2: 1 op, 86508569.00 ns, 86.5086 ms/op
WorkloadActual   3: 1 op, 86363436.00 ns, 86.3634 ms/op

// AfterActualRun
WorkloadResult   1: 1 op, 91904712.00 ns, 91.9047 ms/op
WorkloadResult   2: 1 op, 86508153.00 ns, 86.5082 ms/op
WorkloadResult   3: 1 op, 86363020.00 ns, 86.3630 ms/op
// GC:  0 0 0 6559752 1
// Threading:  2003 505 1
// Exceptions:  2128

// AfterAll
// Benchmark Process 369315 has exited with code 0.

Mean = 88.259 ms, StdErr = 1.824 ms (2.07%), N = 3, StdDev = 3.158 ms
Min = 86.363 ms, Q1 = 86.436 ms, Median = 86.508 ms, Q3 = 89.206 ms, Max = 91.905 ms
IQR = 2.771 ms, LowerFence = 82.279 ms, UpperFence = 93.363 ms
ConfidenceInterval = [30.637 ms; 145.880 ms] (CI 99.9%), Margin = 57.622 ms (65.29% of Mean)
Skewness = 0.38, Kurtosis = 0.67, MValue = 2

// ** Remained 4 (8.9%) benchmark(s) to run. Estimated finish 2026-09-22 0:28 (0h 0m from now) **
// **************************
// Benchmark: SessionSetupDecompositionBenchmarks.BaselineF_FakeTransportCreationAsync: ShortRun(InvocationCount=1, IterationCount=3, LaunchCount=1, UnrollFactor=1, WarmupCount=3) [Sessions=1000]
// *** Execute ***
// Launch: 1 / 1
// Execute: dotnet WinForward.Benchmarks-ShortRun-1.dll --anonymousPipes 129 130 --benchmarkName "WinForward.Benchmarks.Perf.SessionSetupDecompositionBenchmarks.BaselineF_FakeTransportCreationAsync(Sessions: 1000)" --job ShortRun --benchmarkId 41 in /home/paff/Projects/WinForward/benchmarks/WinForward.Benchmarks/bin/Release/net10.0/WinForward.Benchmarks-ShortRun-1/bin/Release/net10.0
// Failed to set up high priority (Permission denied). In order to run benchmarks with high priority, make sure you have the right permissions.
// BeforeAnythingElse

// Benchmark Process Environment Information:
// BenchmarkDotNet v0.15.8
// Runtime=.NET 10.0.12 (10.0.12, 10.0.1226.42308), X64 RyuJIT x86-64-v4
// GC=Concurrent Workstation
// HardwareIntrinsics=AVX512 BITALG+VBMI2+VNNI+VPOPCNTDQ,AVX512 IFMA+VBMI,AVX512 F+BW+CD+DQ+VL,AVX2+BMI1+BMI2+F16C+FMA+LZCNT+MOVBE,AVX,SSE3+SSSE3+SSE4.1+SSE4.2+POPCNT,X86Base+SSE+SSE2,AES+PCLMUL,AvxVnni VectorSize=256
// Job: ShortRun(InvocationCount=1, IterationCount=3, LaunchCount=1, UnrollFactor=1, WarmupCount=3)

OverheadJitting  1: 1 op, 269498.00 ns, 269.4980 us/op
WorkloadJitting  1: 1 op, 6877170.00 ns, 6.8772 ms/op

OverheadWarmup   1: 1 op, 411.00 ns, 411.0000 ns/op
OverheadWarmup   2: 1 op, 290.00 ns, 290.0000 ns/op
OverheadWarmup   3: 1 op, 451.00 ns, 451.0000 ns/op
OverheadWarmup   4: 1 op, 391.00 ns, 391.0000 ns/op
OverheadWarmup   5: 1 op, 361.00 ns, 361.0000 ns/op
OverheadWarmup   6: 1 op, 441.00 ns, 441.0000 ns/op
OverheadWarmup   7: 1 op, 330.00 ns, 330.0000 ns/op

OverheadActual   1: 1 op, 391.00 ns, 391.0000 ns/op
OverheadActual   2: 1 op, 431.00 ns, 431.0000 ns/op
OverheadActual   3: 1 op, 401.00 ns, 401.0000 ns/op
OverheadActual   4: 1 op, 411.00 ns, 411.0000 ns/op
OverheadActual   5: 1 op, 361.00 ns, 361.0000 ns/op
OverheadActual   6: 1 op, 391.00 ns, 391.0000 ns/op
OverheadActual   7: 1 op, 281.00 ns, 281.0000 ns/op
OverheadActual   8: 1 op, 280.00 ns, 280.0000 ns/op
OverheadActual   9: 1 op, 391.00 ns, 391.0000 ns/op
OverheadActual  10: 1 op, 411.00 ns, 411.0000 ns/op
OverheadActual  11: 1 op, 461.00 ns, 461.0000 ns/op
OverheadActual  12: 1 op, 411.00 ns, 411.0000 ns/op
OverheadActual  13: 1 op, 430.00 ns, 430.0000 ns/op
OverheadActual  14: 1 op, 421.00 ns, 421.0000 ns/op
OverheadActual  15: 1 op, 441.00 ns, 441.0000 ns/op
OverheadActual  16: 1 op, 1252.00 ns, 1.2520 us/op
OverheadActual  17: 1 op, 361.00 ns, 361.0000 ns/op
OverheadActual  18: 1 op, 401.00 ns, 401.0000 ns/op
OverheadActual  19: 1 op, 400.00 ns, 400.0000 ns/op
OverheadActual  20: 1 op, 561.00 ns, 561.0000 ns/op

WorkloadWarmup   1: 1 op, 228971.00 ns, 228.9710 us/op
WorkloadWarmup   2: 1 op, 122681.00 ns, 122.6810 us/op
WorkloadWarmup   3: 1 op, 123643.00 ns, 123.6430 us/op

// BeforeActualRun
WorkloadActual   1: 1 op, 233731.00 ns, 233.7310 us/op
WorkloadActual   2: 1 op, 143721.00 ns, 143.7210 us/op
WorkloadActual   3: 1 op, 148720.00 ns, 148.7200 us/op

// AfterActualRun
WorkloadResult   1: 1 op, 233325.00 ns, 233.3250 us/op
WorkloadResult   2: 1 op, 143315.00 ns, 143.3150 us/op
WorkloadResult   3: 1 op, 148314.00 ns, 148.3140 us/op
// GC:  0 0 0 104032 1
// Threading:  0 0 1

// AfterAll
// Benchmark Process 369878 has exited with code 0.

Mean = 174.985 us, StdErr = 29.206 us (16.69%), N = 3, StdDev = 50.586 us
Min = 143.315 us, Q1 = 145.815 us, Median = 148.314 us, Q3 = 190.820 us, Max = 233.325 us
IQR = 45.005 us, LowerFence = 78.307 us, UpperFence = 258.327 us
ConfidenceInterval = [-747.892 us; 1,097.862 us] (CI 99.9%), Margin = 922.877 us (527.40% of Mean)
Skewness = 0.38, Kurtosis = 0.67, MValue = 2

// ** Remained 3 (6.7%) benchmark(s) to run. Estimated finish 2026-09-22 0:28 (0h 0m from now) **
// **************************
// Benchmark: SessionSetupDecompositionBenchmarks.BaselineH_FlowKeyConstruction: ShortRun(InvocationCount=1, IterationCount=3, LaunchCount=1, UnrollFactor=1, WarmupCount=3) [Sessions=1000]
// *** Execute ***
// Launch: 1 / 1
// Execute: dotnet WinForward.Benchmarks-ShortRun-1.dll --anonymousPipes 129 130 --benchmarkName "WinForward.Benchmarks.Perf.SessionSetupDecompositionBenchmarks.BaselineH_FlowKeyConstruction(Sessions: 1000)" --job ShortRun --benchmarkId 42 in /home/paff/Projects/WinForward/benchmarks/WinForward.Benchmarks/bin/Release/net10.0/WinForward.Benchmarks-ShortRun-1/bin/Release/net10.0
// Failed to set up high priority (Permission denied). In order to run benchmarks with high priority, make sure you have the right permissions.
// BeforeAnythingElse

// Benchmark Process Environment Information:
// BenchmarkDotNet v0.15.8
// Runtime=.NET 10.0.12 (10.0.12, 10.0.1226.42308), X64 RyuJIT x86-64-v4
// GC=Concurrent Workstation
// HardwareIntrinsics=AVX512 BITALG+VBMI2+VNNI+VPOPCNTDQ,AVX512 IFMA+VBMI,AVX512 F+BW+CD+DQ+VL,AVX2+BMI1+BMI2+F16C+FMA+LZCNT+MOVBE,AVX,SSE3+SSSE3+SSE4.1+SSE4.2+POPCNT,X86Base+SSE+SSE2,AES+PCLMUL,AvxVnni VectorSize=256
// Job: ShortRun(InvocationCount=1, IterationCount=3, LaunchCount=1, UnrollFactor=1, WarmupCount=3)

OverheadJitting  1: 1 op, 337967.00 ns, 337.9670 us/op
WorkloadJitting  1: 1 op, 8181527.00 ns, 8.1815 ms/op

OverheadWarmup   1: 1 op, 391.00 ns, 391.0000 ns/op
OverheadWarmup   2: 1 op, 281.00 ns, 281.0000 ns/op
OverheadWarmup   3: 1 op, 280.00 ns, 280.0000 ns/op
OverheadWarmup   4: 1 op, 381.00 ns, 381.0000 ns/op
OverheadWarmup   5: 1 op, 381.00 ns, 381.0000 ns/op
OverheadWarmup   6: 1 op, 441.00 ns, 441.0000 ns/op
OverheadWarmup   7: 1 op, 401.00 ns, 401.0000 ns/op

OverheadActual   1: 1 op, 671.00 ns, 671.0000 ns/op
OverheadActual   2: 1 op, 381.00 ns, 381.0000 ns/op
OverheadActual   3: 1 op, 491.00 ns, 491.0000 ns/op
OverheadActual   4: 1 op, 371.00 ns, 371.0000 ns/op
OverheadActual   5: 1 op, 371.00 ns, 371.0000 ns/op
OverheadActual   6: 1 op, 421.00 ns, 421.0000 ns/op
OverheadActual   7: 1 op, 281.00 ns, 281.0000 ns/op
OverheadActual   8: 1 op, 431.00 ns, 431.0000 ns/op
OverheadActual   9: 1 op, 360.00 ns, 360.0000 ns/op
OverheadActual  10: 1 op, 361.00 ns, 361.0000 ns/op
OverheadActual  11: 1 op, 351.00 ns, 351.0000 ns/op
OverheadActual  12: 1 op, 271.00 ns, 271.0000 ns/op
OverheadActual  13: 1 op, 401.00 ns, 401.0000 ns/op
OverheadActual  14: 1 op, 380.00 ns, 380.0000 ns/op
OverheadActual  15: 1 op, 271.00 ns, 271.0000 ns/op
OverheadActual  16: 1 op, 281.00 ns, 281.0000 ns/op
OverheadActual  17: 1 op, 280.00 ns, 280.0000 ns/op
OverheadActual  18: 1 op, 270.00 ns, 270.0000 ns/op
OverheadActual  19: 1 op, 280.00 ns, 280.0000 ns/op
OverheadActual  20: 1 op, 280.00 ns, 280.0000 ns/op

WorkloadWarmup   1: 1 op, 1053956.00 ns, 1.0540 ms/op
WorkloadWarmup   2: 1 op, 676053.00 ns, 676.0530 us/op
WorkloadWarmup   3: 1 op, 652560.00 ns, 652.5600 us/op

// BeforeActualRun
WorkloadActual   1: 1 op, 709728.00 ns, 709.7280 us/op
WorkloadActual   2: 1 op, 699458.00 ns, 699.4580 us/op
WorkloadActual   3: 1 op, 630769.00 ns, 630.7690 us/op

// AfterActualRun
WorkloadResult   1: 1 op, 709367.50 ns, 709.3675 us/op
WorkloadResult   2: 1 op, 699097.50 ns, 699.0975 us/op
WorkloadResult   3: 1 op, 630408.50 ns, 630.4085 us/op
// GC:  0 0 0 356800 1
// Threading:  0 0 1

// AfterAll
// Benchmark Process 369887 has exited with code 0.

Mean = 679.625 us, StdErr = 24.786 us (3.65%), N = 3, StdDev = 42.931 us
Min = 630.409 us, Q1 = 664.753 us, Median = 699.097 us, Q3 = 704.232 us, Max = 709.367 us
IQR = 39.480 us, LowerFence = 605.534 us, UpperFence = 763.452 us
ConfidenceInterval = [-103.588 us; 1,462.837 us] (CI 99.9%), Margin = 783.212 us (115.24% of Mean)
Skewness = -0.36, Kurtosis = 0.67, MValue = 2

// ** Remained 2 (4.4%) benchmark(s) to run. Estimated finish 2026-09-22 0:28 (0h 0m from now) **
// **************************
// Benchmark: SessionSetupDecompositionBenchmarks.ComponentC1_AssociationClaimRelease: ShortRun(InvocationCount=1, IterationCount=3, LaunchCount=1, UnrollFactor=1, WarmupCount=3) [Sessions=1000]
// *** Execute ***
// Launch: 1 / 1
// Execute: dotnet WinForward.Benchmarks-ShortRun-1.dll --anonymousPipes 129 130 --benchmarkName "WinForward.Benchmarks.Perf.SessionSetupDecompositionBenchmarks.ComponentC1_AssociationClaimRelease(Sessions: 1000)" --job ShortRun --benchmarkId 43 in /home/paff/Projects/WinForward/benchmarks/WinForward.Benchmarks/bin/Release/net10.0/WinForward.Benchmarks-ShortRun-1/bin/Release/net10.0
// Failed to set up high priority (Permission denied). In order to run benchmarks with high priority, make sure you have the right permissions.
// BeforeAnythingElse

// Benchmark Process Environment Information:
// BenchmarkDotNet v0.15.8
// Runtime=.NET 10.0.12 (10.0.12, 10.0.1226.42308), X64 RyuJIT x86-64-v4
// GC=Concurrent Workstation
// HardwareIntrinsics=AVX512 BITALG+VBMI2+VNNI+VPOPCNTDQ,AVX512 IFMA+VBMI,AVX512 F+BW+CD+DQ+VL,AVX2+BMI1+BMI2+F16C+FMA+LZCNT+MOVBE,AVX,SSE3+SSSE3+SSE4.1+SSE4.2+POPCNT,X86Base+SSE+SSE2,AES+PCLMUL,AvxVnni VectorSize=256
// Job: ShortRun(InvocationCount=1, IterationCount=3, LaunchCount=1, UnrollFactor=1, WarmupCount=3)

OverheadJitting  1: 1 op, 675493.00 ns, 675.4930 us/op
WorkloadJitting  1: 1 op, 22791731.00 ns, 22.7917 ms/op

OverheadWarmup   1: 1 op, 571.00 ns, 571.0000 ns/op
OverheadWarmup   2: 1 op, 381.00 ns, 381.0000 ns/op
OverheadWarmup   3: 1 op, 441.00 ns, 441.0000 ns/op
OverheadWarmup   4: 1 op, 430.00 ns, 430.0000 ns/op
OverheadWarmup   5: 1 op, 461.00 ns, 461.0000 ns/op
OverheadWarmup   6: 1 op, 270.00 ns, 270.0000 ns/op

OverheadActual   1: 1 op, 421.00 ns, 421.0000 ns/op
OverheadActual   2: 1 op, 421.00 ns, 421.0000 ns/op
OverheadActual   3: 1 op, 401.00 ns, 401.0000 ns/op
OverheadActual   4: 1 op, 421.00 ns, 421.0000 ns/op
OverheadActual   5: 1 op, 260.00 ns, 260.0000 ns/op
OverheadActual   6: 1 op, 271.00 ns, 271.0000 ns/op
OverheadActual   7: 1 op, 291.00 ns, 291.0000 ns/op
OverheadActual   8: 1 op, 290.00 ns, 290.0000 ns/op
OverheadActual   9: 1 op, 842.00 ns, 842.0000 ns/op
OverheadActual  10: 1 op, 421.00 ns, 421.0000 ns/op
OverheadActual  11: 1 op, 351.00 ns, 351.0000 ns/op
OverheadActual  12: 1 op, 320.00 ns, 320.0000 ns/op
OverheadActual  13: 1 op, 270.00 ns, 270.0000 ns/op
OverheadActual  14: 1 op, 441.00 ns, 441.0000 ns/op
OverheadActual  15: 1 op, 330.00 ns, 330.0000 ns/op
OverheadActual  16: 1 op, 421.00 ns, 421.0000 ns/op
OverheadActual  17: 1 op, 491.00 ns, 491.0000 ns/op
OverheadActual  18: 1 op, 471.00 ns, 471.0000 ns/op
OverheadActual  19: 1 op, 431.00 ns, 431.0000 ns/op
OverheadActual  20: 1 op, 391.00 ns, 391.0000 ns/op

WorkloadWarmup   1: 1 op, 4343654.00 ns, 4.3437 ms/op
WorkloadWarmup   2: 1 op, 3401068.00 ns, 3.4011 ms/op
WorkloadWarmup   3: 1 op, 3372394.00 ns, 3.3724 ms/op

// BeforeActualRun
WorkloadActual   1: 1 op, 3799580.00 ns, 3.7996 ms/op
WorkloadActual   2: 1 op, 3294668.00 ns, 3.2947 ms/op
WorkloadActual   3: 1 op, 3370611.00 ns, 3.3706 ms/op

// AfterActualRun
WorkloadResult   1: 1 op, 3799169.00 ns, 3.7992 ms/op
WorkloadResult   2: 1 op, 3294257.00 ns, 3.2943 ms/op
WorkloadResult   3: 1 op, 3370200.00 ns, 3.3702 ms/op
// GC:  0 0 0 836016 1
// Threading:  0 0 1

// AfterAll
// Benchmark Process 369896 has exited with code 0.

Mean = 3.488 ms, StdErr = 0.157 ms (4.51%), N = 3, StdDev = 0.272 ms
Min = 3.294 ms, Q1 = 3.332 ms, Median = 3.370 ms, Q3 = 3.585 ms, Max = 3.799 ms
IQR = 0.252 ms, LowerFence = 2.954 ms, UpperFence = 3.963 ms
ConfidenceInterval = [-1.479 ms; 8.455 ms] (CI 99.9%), Margin = 4.967 ms (142.40% of Mean)
Skewness = 0.35, Kurtosis = 0.67, MValue = 2

// ** Remained 1 (2.2%) benchmark(s) to run. Estimated finish 2026-09-22 0:28 (0h 0m from now) **
// **************************
// Benchmark: SessionSetupDecompositionBenchmarks.ComponentC2_SessionConstructStartAsync: ShortRun(InvocationCount=1, IterationCount=3, LaunchCount=1, UnrollFactor=1, WarmupCount=3) [Sessions=1000]
// *** Execute ***
// Launch: 1 / 1
// Execute: dotnet WinForward.Benchmarks-ShortRun-1.dll --anonymousPipes 129 130 --benchmarkName "WinForward.Benchmarks.Perf.SessionSetupDecompositionBenchmarks.ComponentC2_SessionConstructStartAsync(Sessions: 1000)" --job ShortRun --benchmarkId 44 in /home/paff/Projects/WinForward/benchmarks/WinForward.Benchmarks/bin/Release/net10.0/WinForward.Benchmarks-ShortRun-1/bin/Release/net10.0
// Failed to set up high priority (Permission denied). In order to run benchmarks with high priority, make sure you have the right permissions.
// BeforeAnythingElse

// Benchmark Process Environment Information:
// BenchmarkDotNet v0.15.8
// Runtime=.NET 10.0.12 (10.0.12, 10.0.1226.42308), X64 RyuJIT x86-64-v4
// GC=Concurrent Workstation
// HardwareIntrinsics=AVX512 BITALG+VBMI2+VNNI+VPOPCNTDQ,AVX512 IFMA+VBMI,AVX512 F+BW+CD+DQ+VL,AVX2+BMI1+BMI2+F16C+FMA+LZCNT+MOVBE,AVX,SSE3+SSSE3+SSE4.1+SSE4.2+POPCNT,X86Base+SSE+SSE2,AES+PCLMUL,AvxVnni VectorSize=256
// Job: ShortRun(InvocationCount=1, IterationCount=3, LaunchCount=1, UnrollFactor=1, WarmupCount=3)

OverheadJitting  1: 1 op, 415813.00 ns, 415.8130 us/op
WorkloadJitting  1: 1 op, 38906702.00 ns, 38.9067 ms/op

OverheadWarmup   1: 1 op, 761.00 ns, 761.0000 ns/op
OverheadWarmup   2: 1 op, 360.00 ns, 360.0000 ns/op
OverheadWarmup   3: 1 op, 271.00 ns, 271.0000 ns/op
OverheadWarmup   4: 1 op, 280.00 ns, 280.0000 ns/op
OverheadWarmup   5: 1 op, 431.00 ns, 431.0000 ns/op
OverheadWarmup   6: 1 op, 270.00 ns, 270.0000 ns/op
OverheadWarmup   7: 1 op, 270.00 ns, 270.0000 ns/op
OverheadWarmup   8: 1 op, 411.00 ns, 411.0000 ns/op

OverheadActual   1: 1 op, 371.00 ns, 371.0000 ns/op
OverheadActual   2: 1 op, 401.00 ns, 401.0000 ns/op
OverheadActual   3: 1 op, 411.00 ns, 411.0000 ns/op
OverheadActual   4: 1 op, 391.00 ns, 391.0000 ns/op
OverheadActual   5: 1 op, 411.00 ns, 411.0000 ns/op
OverheadActual   6: 1 op, 411.00 ns, 411.0000 ns/op
OverheadActual   7: 1 op, 411.00 ns, 411.0000 ns/op
OverheadActual   8: 1 op, 410.00 ns, 410.0000 ns/op
OverheadActual   9: 1 op, 311.00 ns, 311.0000 ns/op
OverheadActual  10: 1 op, 251.00 ns, 251.0000 ns/op
OverheadActual  11: 1 op, 421.00 ns, 421.0000 ns/op
OverheadActual  12: 1 op, 270.00 ns, 270.0000 ns/op
OverheadActual  13: 1 op, 441.00 ns, 441.0000 ns/op
OverheadActual  14: 1 op, 300.00 ns, 300.0000 ns/op
OverheadActual  15: 1 op, 411.00 ns, 411.0000 ns/op
OverheadActual  16: 1 op, 421.00 ns, 421.0000 ns/op
OverheadActual  17: 1 op, 440.00 ns, 440.0000 ns/op
OverheadActual  18: 1 op, 451.00 ns, 451.0000 ns/op
OverheadActual  19: 1 op, 270.00 ns, 270.0000 ns/op
OverheadActual  20: 1 op, 411.00 ns, 411.0000 ns/op

WorkloadWarmup   1: 1 op, 6318870.00 ns, 6.3189 ms/op
WorkloadWarmup   2: 1 op, 3715431.00 ns, 3.7154 ms/op
WorkloadWarmup   3: 1 op, 3698379.00 ns, 3.6984 ms/op

// BeforeActualRun
WorkloadActual   1: 1 op, 5626142.00 ns, 5.6261 ms/op
WorkloadActual   2: 1 op, 3668863.00 ns, 3.6689 ms/op
WorkloadActual   3: 1 op, 3530572.00 ns, 3.5306 ms/op

// AfterActualRun
WorkloadResult   1: 1 op, 5625731.00 ns, 5.6257 ms/op
WorkloadResult   2: 1 op, 3668452.00 ns, 3.6685 ms/op
WorkloadResult   3: 1 op, 3530161.00 ns, 3.5302 ms/op
// GC:  0 0 0 2701864 1
// Threading:  0 0 1

// AfterAll
// Benchmark Process 369905 has exited with code 0.

Mean = 4.275 ms, StdErr = 0.677 ms (15.83%), N = 3, StdDev = 1.172 ms
Min = 3.530 ms, Q1 = 3.599 ms, Median = 3.668 ms, Q3 = 4.647 ms, Max = 5.626 ms
IQR = 1.048 ms, LowerFence = 2.028 ms, UpperFence = 6.219 ms
ConfidenceInterval = [-17.107 ms; 25.656 ms] (CI 99.9%), Margin = 21.382 ms (500.18% of Mean)
Skewness = 0.38, Kurtosis = 0.67, MValue = 2

// ** Remained 0 (0.0%) benchmark(s) to run. Estimated finish 2026-09-22 0:28 (0h 0m from now) **
// ***** BenchmarkRunner: Finish  *****

// * Export *
  BenchmarkDotNet.Artifacts/results/WinForward.Benchmarks.Perf.SessionSetupDecompositionBenchmarks-report.csv
  BenchmarkDotNet.Artifacts/results/WinForward.Benchmarks.Perf.SessionSetupDecompositionBenchmarks-report-github.md
  BenchmarkDotNet.Artifacts/results/WinForward.Benchmarks.Perf.SessionSetupDecompositionBenchmarks-report.html

// * Detailed results *
SessionSetupDecompositionBenchmarks.StageS0_CoordinatorOnly: ShortRun(InvocationCount=1, IterationCount=3, LaunchCount=1, UnrollFactor=1, WarmupCount=3) [Sessions=1]
Runtime = .NET 10.0.12 (10.0.12, 10.0.1226.42308), X64 RyuJIT x86-64-v4; GC = Concurrent Workstation
Mean = 27.602 us, StdErr = 12.204 us (44.21%), N = 3, StdDev = 21.137 us
Min = 15.198 us, Q1 = 15.399 us, Median = 15.600 us, Q3 = 33.804 us, Max = 52.008 us
IQR = 18.405 us, LowerFence = -12.209 us, UpperFence = 61.411 us
ConfidenceInterval = [-358.019 us; 413.223 us] (CI 99.9%), Margin = 385.621 us (1397.08% of Mean)
Skewness = 0.38, Kurtosis = 0.67, MValue = 2
-------------------- Histogram --------------------
[14.367 us ; 52.839 us) | @@@
---------------------------------------------------

SessionSetupDecompositionBenchmarks.StageS1_AdmissionOnlyAsync: ShortRun(InvocationCount=1, IterationCount=3, LaunchCount=1, UnrollFactor=1, WarmupCount=3) [Sessions=1]
Runtime = .NET 10.0.12 (10.0.12, 10.0.1226.42308), X64 RyuJIT x86-64-v4; GC = Concurrent Workstation
Mean = 71.835 us, StdErr = 22.055 us (30.70%), N = 3, StdDev = 38.201 us
Min = 29.064 us, Q1 = 56.471 us, Median = 83.879 us, Q3 = 93.221 us, Max = 102.564 us
IQR = 36.749 us, LowerFence = 1.347 us, UpperFence = 148.345 us
ConfidenceInterval = [-625.089 us; 768.760 us] (CI 99.9%), Margin = 696.925 us (970.17% of Mean)
Skewness = -0.28, Kurtosis = 0.67, MValue = 2
-------------------- Histogram --------------------
[29.064 us ;  58.457 us) | @
[58.457 us ; 137.328 us) | @@
---------------------------------------------------

SessionSetupDecompositionBenchmarks.StageS2_SetupStartedAsync: ShortRun(InvocationCount=1, IterationCount=3, LaunchCount=1, UnrollFactor=1, WarmupCount=3) [Sessions=1]
Runtime = .NET 10.0.12 (10.0.12, 10.0.1226.42308), X64 RyuJIT x86-64-v4; GC = Concurrent Workstation
Mean = 72.320 ms, StdErr = 0.172 ms (0.24%), N = 3, StdDev = 0.297 ms
Min = 72.085 ms, Q1 = 72.153 ms, Median = 72.222 ms, Q3 = 72.438 ms, Max = 72.654 ms
IQR = 0.285 ms, LowerFence = 71.726 ms, UpperFence = 72.865 ms
ConfidenceInterval = [66.899 ms; 77.741 ms] (CI 99.9%), Margin = 5.421 ms (7.50% of Mean)
Skewness = 0.29, Kurtosis = 0.67, MValue = 2
-------------------- Histogram --------------------
[71.814 ms ; 72.924 ms) | @@@
---------------------------------------------------

SessionSetupDecompositionBenchmarks.StageS3_PipelineNoPayloadAsync: ShortRun(InvocationCount=1, IterationCount=3, LaunchCount=1, UnrollFactor=1, WarmupCount=3) [Sessions=1]
Runtime = .NET 10.0.12 (10.0.12, 10.0.1226.42308), X64 RyuJIT x86-64-v4; GC = Concurrent Workstation
Mean = 30.873 ms, StdErr = 0.210 ms (0.68%), N = 3, StdDev = 0.364 ms
Min = 30.472 ms, Q1 = 30.719 ms, Median = 30.965 ms, Q3 = 31.074 ms, Max = 31.183 ms
IQR = 0.355 ms, LowerFence = 30.186 ms, UpperFence = 31.607 ms
ConfidenceInterval = [24.231 ms; 37.515 ms] (CI 99.9%), Margin = 6.642 ms (21.51% of Mean)
Skewness = -0.24, Kurtosis = 0.67, MValue = 2
-------------------- Histogram --------------------
[30.141 ms ; 31.514 ms) | @@@
---------------------------------------------------

SessionSetupDecompositionBenchmarks.StageS4_ReadinessTeardownOutsideAsync: ShortRun(InvocationCount=1, IterationCount=3, LaunchCount=1, UnrollFactor=1, WarmupCount=3) [Sessions=1]
Runtime = .NET 10.0.12 (10.0.12, 10.0.1226.42308), X64 RyuJIT x86-64-v4; GC = Concurrent Workstation
Mean = 32.005 ms, StdErr = 0.606 ms (1.89%), N = 3, StdDev = 1.050 ms
Min = 30.824 ms, Q1 = 31.591 ms, Median = 32.358 ms, Q3 = 32.595 ms, Max = 32.832 ms
IQR = 1.004 ms, LowerFence = 30.085 ms, UpperFence = 34.101 ms
ConfidenceInterval = [12.854 ms; 51.155 ms] (CI 99.9%), Margin = 19.151 ms (59.84% of Mean)
Skewness = -0.3, Kurtosis = 0.67, MValue = 2
-------------------- Histogram --------------------
[29.869 ms ; 31.640 ms) | @
[31.640 ms ; 33.787 ms) | @@
---------------------------------------------------

SessionSetupDecompositionBenchmarks.StageS5_ReadinessTeardownInsideAsync: ShortRun(InvocationCount=1, IterationCount=3, LaunchCount=1, UnrollFactor=1, WarmupCount=3) [Sessions=1]
Runtime = .NET 10.0.12 (10.0.12, 10.0.1226.42308), X64 RyuJIT x86-64-v4; GC = Concurrent Workstation
Mean = 46.104 ms, StdErr = 1.088 ms (2.36%), N = 3, StdDev = 1.884 ms
Min = 44.077 ms, Q1 = 45.256 ms, Median = 46.435 ms, Q3 = 47.118 ms, Max = 47.800 ms
IQR = 1.862 ms, LowerFence = 42.463 ms, UpperFence = 49.910 ms
ConfidenceInterval = [11.738 ms; 80.470 ms] (CI 99.9%), Margin = 34.366 ms (74.54% of Mean)
Skewness = -0.17, Kurtosis = 0.67, MValue = 2
-------------------- Histogram --------------------
[42.362 ms ; 45.404 ms) | @
[45.404 ms ; 49.514 ms) | @@
---------------------------------------------------

SessionSetupDecompositionBenchmarks.BaselineF_FakeTransportCreationAsync: ShortRun(InvocationCount=1, IterationCount=3, LaunchCount=1, UnrollFactor=1, WarmupCount=3) [Sessions=1]
Runtime = .NET 10.0.12 (10.0.12, 10.0.1226.42308), X64 RyuJIT x86-64-v4; GC = Concurrent Workstation
Mean = 7.616 us, StdErr = 0.109 us (1.43%), N = 3, StdDev = 0.188 us
Min = 7.449 us, Q1 = 7.514 us, Median = 7.579 us, Q3 = 7.699 us, Max = 7.820 us
IQR = 0.185 us, LowerFence = 7.236 us, UpperFence = 7.978 us
ConfidenceInterval = [4.182 us; 11.050 us] (CI 99.9%), Margin = 3.434 us (45.09% of Mean)
Skewness = 0.19, Kurtosis = 0.67, MValue = 2
-------------------- Histogram --------------------
[7.343 us ; 7.685 us) | @@
[7.685 us ; 7.991 us) | @
---------------------------------------------------

SessionSetupDecompositionBenchmarks.BaselineH_FlowKeyConstruction: ShortRun(InvocationCount=1, IterationCount=3, LaunchCount=1, UnrollFactor=1, WarmupCount=3) [Sessions=1]
Runtime = .NET 10.0.12 (10.0.12, 10.0.1226.42308), X64 RyuJIT x86-64-v4; GC = Concurrent Workstation
Mean = 11.111 us, StdErr = 1.021 us (9.19%), N = 3, StdDev = 1.768 us
Min = 9.940 us, Q1 = 10.095 us, Median = 10.249 us, Q3 = 11.697 us, Max = 13.146 us
IQR = 1.603 us, LowerFence = 7.690 us, UpperFence = 14.102 us
ConfidenceInterval = [-21.149 us; 43.372 us] (CI 99.9%), Margin = 32.260 us (290.33% of Mean)
Skewness = 0.37, Kurtosis = 0.67, MValue = 2
-------------------- Histogram --------------------
[9.933 us ; 13.152 us) | @@@
---------------------------------------------------

SessionSetupDecompositionBenchmarks.ComponentC1_AssociationClaimRelease: ShortRun(InvocationCount=1, IterationCount=3, LaunchCount=1, UnrollFactor=1, WarmupCount=3) [Sessions=1]
Runtime = .NET 10.0.12 (10.0.12, 10.0.1226.42308), X64 RyuJIT x86-64-v4; GC = Concurrent Workstation
Mean = 55.421 us, StdErr = 14.651 us (26.44%), N = 3, StdDev = 25.376 us
Min = 34.395 us, Q1 = 41.328 us, Median = 48.261 us, Q3 = 65.934 us, Max = 83.608 us
IQR = 24.607 us, LowerFence = 4.418 us, UpperFence = 102.844 us
ConfidenceInterval = [-407.526 us; 518.368 us] (CI 99.9%), Margin = 462.947 us (835.33% of Mean)
Skewness = 0.26, Kurtosis = 0.67, MValue = 2
-------------------- Histogram --------------------
[18.235 us ;  64.421 us) | @@
[64.421 us ; 106.700 us) | @
---------------------------------------------------

SessionSetupDecompositionBenchmarks.ComponentC2_SessionConstructStartAsync: ShortRun(InvocationCount=1, IterationCount=3, LaunchCount=1, UnrollFactor=1, WarmupCount=3) [Sessions=1]
Runtime = .NET 10.0.12 (10.0.12, 10.0.1226.42308), X64 RyuJIT x86-64-v4; GC = Concurrent Workstation
Mean = 62.661 us, StdErr = 8.140 us (12.99%), N = 3, StdDev = 14.099 us
Min = 47.279 us, Q1 = 56.507 us, Median = 65.734 us, Q3 = 70.353 us, Max = 74.971 us
IQR = 13.846 us, LowerFence = 35.737 us, UpperFence = 91.121 us
ConfidenceInterval = [-194.564 us; 319.887 us] (CI 99.9%), Margin = 257.225 us (410.50% of Mean)
Skewness = -0.21, Kurtosis = 0.67, MValue = 2
-------------------- Histogram --------------------
[34.448 us ; 57.522 us) | @
[57.522 us ; 87.802 us) | @@
---------------------------------------------------

SessionSetupDecompositionBenchmarks.StageS0_CoordinatorOnly: ShortRun(InvocationCount=1, IterationCount=3, LaunchCount=1, UnrollFactor=1, WarmupCount=3) [Sessions=100]
Runtime = .NET 10.0.12 (10.0.12, 10.0.1226.42308), X64 RyuJIT x86-64-v4; GC = Concurrent Workstation
Mean = 38.643 us, StdErr = 22.157 us (57.34%), N = 3, StdDev = 38.377 us
Min = 16.401 us, Q1 = 16.486 us, Median = 16.572 us, Q3 = 49.764 us, Max = 82.957 us
IQR = 33.278 us, LowerFence = -33.431 us, UpperFence = 99.681 us
ConfidenceInterval = [-661.494 us; 738.780 us] (CI 99.9%), Margin = 700.137 us (1811.82% of Mean)
Skewness = 0.38, Kurtosis = 0.67, MValue = 2
-------------------- Histogram --------------------
[14.754 us ; 84.603 us) | @@@
---------------------------------------------------

SessionSetupDecompositionBenchmarks.StageS1_AdmissionOnlyAsync: ShortRun(InvocationCount=1, IterationCount=3, LaunchCount=1, UnrollFactor=1, WarmupCount=3) [Sessions=100]
Runtime = .NET 10.0.12 (10.0.12, 10.0.1226.42308), X64 RyuJIT x86-64-v4; GC = Concurrent Workstation
Mean = 242.351 us, StdErr = 22.674 us (9.36%), N = 3, StdDev = 39.273 us
Min = 217.571 us, Q1 = 219.710 us, Median = 221.849 us, Q3 = 254.740 us, Max = 287.632 us
IQR = 35.031 us, LowerFence = 167.164 us, UpperFence = 307.286 us
ConfidenceInterval = [-474.136 us; 958.838 us] (CI 99.9%), Margin = 716.487 us (295.64% of Mean)
Skewness = 0.38, Kurtosis = 0.67, MValue = 2
-------------------- Histogram --------------------
[216.862 us ; 288.341 us) | @@@
---------------------------------------------------

SessionSetupDecompositionBenchmarks.StageS2_SetupStartedAsync: ShortRun(InvocationCount=1, IterationCount=3, LaunchCount=1, UnrollFactor=1, WarmupCount=3) [Sessions=100]
Runtime = .NET 10.0.12 (10.0.12, 10.0.1226.42308), X64 RyuJIT x86-64-v4; GC = Concurrent Workstation
Mean = 80.473 ms, StdErr = 2.490 ms (3.09%), N = 3, StdDev = 4.314 ms
Min = 76.942 ms, Q1 = 78.069 ms, Median = 79.196 ms, Q3 = 82.238 ms, Max = 85.281 ms
IQR = 4.169 ms, LowerFence = 71.815 ms, UpperFence = 88.493 ms
ConfidenceInterval = [1.776 ms; 159.169 ms] (CI 99.9%), Margin = 78.697 ms (97.79% of Mean)
Skewness = 0.27, Kurtosis = 0.67, MValue = 2
-------------------- Histogram --------------------
[74.143 ms ; 81.994 ms) | @@
[81.994 ms ; 89.206 ms) | @
---------------------------------------------------

SessionSetupDecompositionBenchmarks.StageS3_PipelineNoPayloadAsync: ShortRun(InvocationCount=1, IterationCount=3, LaunchCount=1, UnrollFactor=1, WarmupCount=3) [Sessions=100]
Runtime = .NET 10.0.12 (10.0.12, 10.0.1226.42308), X64 RyuJIT x86-64-v4; GC = Concurrent Workstation
Mean = 39.817 ms, StdErr = 0.509 ms (1.28%), N = 3, StdDev = 0.882 ms
Min = 38.802 ms, Q1 = 39.532 ms, Median = 40.263 ms, Q3 = 40.325 ms, Max = 40.386 ms
IQR = 0.792 ms, LowerFence = 38.344 ms, UpperFence = 41.513 ms
ConfidenceInterval = [23.733 ms; 55.901 ms] (CI 99.9%), Margin = 16.084 ms (40.40% of Mean)
Skewness = -0.38, Kurtosis = 0.67, MValue = 2
-------------------- Histogram --------------------
[38.792 ms ; 40.396 ms) | @@@
---------------------------------------------------

SessionSetupDecompositionBenchmarks.StageS4_ReadinessTeardownOutsideAsync: ShortRun(InvocationCount=1, IterationCount=3, LaunchCount=1, UnrollFactor=1, WarmupCount=3) [Sessions=100]
Runtime = .NET 10.0.12 (10.0.12, 10.0.1226.42308), X64 RyuJIT x86-64-v4; GC = Concurrent Workstation
Mean = 38.575 ms, StdErr = 0.454 ms (1.18%), N = 3, StdDev = 0.786 ms
Min = 37.734 ms, Q1 = 38.218 ms, Median = 38.703 ms, Q3 = 38.996 ms, Max = 39.290 ms
IQR = 0.778 ms, LowerFence = 37.051 ms, UpperFence = 40.164 ms
ConfidenceInterval = [24.235 ms; 52.916 ms] (CI 99.9%), Margin = 14.340 ms (37.18% of Mean)
Skewness = -0.16, Kurtosis = 0.67, MValue = 2
-------------------- Histogram --------------------
[37.018 ms ; 38.281 ms) | @
[38.281 ms ; 39.712 ms) | @@
---------------------------------------------------

SessionSetupDecompositionBenchmarks.StageS5_ReadinessTeardownInsideAsync: ShortRun(InvocationCount=1, IterationCount=3, LaunchCount=1, UnrollFactor=1, WarmupCount=3) [Sessions=100]
Runtime = .NET 10.0.12 (10.0.12, 10.0.1226.42308), X64 RyuJIT x86-64-v4; GC = Concurrent Workstation
Mean = 54.010 ms, StdErr = 1.122 ms (2.08%), N = 3, StdDev = 1.943 ms
Min = 51.900 ms, Q1 = 53.152 ms, Median = 54.403 ms, Q3 = 55.065 ms, Max = 55.726 ms
IQR = 1.913 ms, LowerFence = 50.282 ms, UpperFence = 57.934 ms
ConfidenceInterval = [18.562 ms; 89.458 ms] (CI 99.9%), Margin = 35.448 ms (65.63% of Mean)
Skewness = -0.19, Kurtosis = 0.67, MValue = 2
-------------------- Histogram --------------------
[50.132 ms ; 53.296 ms) | @
[53.296 ms ; 57.494 ms) | @@
---------------------------------------------------

SessionSetupDecompositionBenchmarks.BaselineF_FakeTransportCreationAsync: ShortRun(InvocationCount=1, IterationCount=3, LaunchCount=1, UnrollFactor=1, WarmupCount=3) [Sessions=100]
Runtime = .NET 10.0.12 (10.0.12, 10.0.1226.42308), X64 RyuJIT x86-64-v4; GC = Concurrent Workstation
Mean = 28.108 us, StdErr = 9.973 us (35.48%), N = 3, StdDev = 17.274 us
Min = 17.659 us, Q1 = 18.140 us, Median = 18.620 us, Q3 = 33.334 us, Max = 48.047 us
IQR = 15.194 us, LowerFence = -4.652 us, UpperFence = 56.124 us
ConfidenceInterval = [-287.025 us; 343.242 us] (CI 99.9%), Margin = 315.133 us (1121.13% of Mean)
Skewness = 0.38, Kurtosis = 0.67, MValue = 2
-------------------- Histogram --------------------
[17.133 us ; 48.572 us) | @@@
---------------------------------------------------

SessionSetupDecompositionBenchmarks.BaselineH_FlowKeyConstruction: ShortRun(InvocationCount=1, IterationCount=3, LaunchCount=1, UnrollFactor=1, WarmupCount=3) [Sessions=100]
Runtime = .NET 10.0.12 (10.0.12, 10.0.1226.42308), X64 RyuJIT x86-64-v4; GC = Concurrent Workstation
Mean = 110.652 us, StdErr = 37.671 us (34.04%), N = 3, StdDev = 65.248 us
Min = 68.409 us, Q1 = 73.078 us, Median = 77.747 us, Q3 = 131.774 us, Max = 185.801 us
IQR = 58.696 us, LowerFence = -14.966 us, UpperFence = 219.818 us
ConfidenceInterval = [-1,079.713 us; 1,301.017 us] (CI 99.9%), Margin = 1,190.365 us (1075.77% of Mean)
Skewness = 0.38, Kurtosis = 0.67, MValue = 2
-------------------- Histogram --------------------
[67.727 us ; 186.483 us) | @@@
---------------------------------------------------

SessionSetupDecompositionBenchmarks.ComponentC1_AssociationClaimRelease: ShortRun(InvocationCount=1, IterationCount=3, LaunchCount=1, UnrollFactor=1, WarmupCount=3) [Sessions=100]
Runtime = .NET 10.0.12 (10.0.12, 10.0.1226.42308), X64 RyuJIT x86-64-v4; GC = Concurrent Workstation
Mean = 471.691 us, StdErr = 148.047 us (31.39%), N = 3, StdDev = 256.425 us
Min = 314.753 us, Q1 = 323.735 us, Median = 332.717 us, Q3 = 550.160 us, Max = 767.604 us
IQR = 226.425 us, LowerFence = -15.903 us, UpperFence = 889.799 us
ConfidenceInterval = [-4,206.460 us; 5,149.842 us] (CI 99.9%), Margin = 4,678.151 us (991.78% of Mean)
Skewness = 0.38, Kurtosis = 0.67, MValue = 2
-------------------- Histogram --------------------
[307.822 us ; 774.535 us) | @@@
---------------------------------------------------

SessionSetupDecompositionBenchmarks.ComponentC2_SessionConstructStartAsync: ShortRun(InvocationCount=1, IterationCount=3, LaunchCount=1, UnrollFactor=1, WarmupCount=3) [Sessions=100]
Runtime = .NET 10.0.12 (10.0.12, 10.0.1226.42308), X64 RyuJIT x86-64-v4; GC = Concurrent Workstation
Mean = 448.469 us, StdErr = 38.876 us (8.67%), N = 3, StdDev = 67.335 us
Min = 370.859 us, Q1 = 427.035 us, Median = 483.211 us, Q3 = 487.274 us, Max = 491.337 us
IQR = 60.239 us, LowerFence = 336.676 us, UpperFence = 577.633 us
ConfidenceInterval = [-779.971 us; 1,676.909 us] (CI 99.9%), Margin = 1,228.440 us (273.92% of Mean)
Skewness = -0.38, Kurtosis = 0.67, MValue = 2
-------------------- Histogram --------------------
[369.821 us ; 492.375 us) | @@@
---------------------------------------------------

SessionSetupDecompositionBenchmarks.StageS0_CoordinatorOnly: ShortRun(InvocationCount=1, IterationCount=3, LaunchCount=1, UnrollFactor=1, WarmupCount=3) [Sessions=1000]
Runtime = .NET 10.0.12 (10.0.12, 10.0.1226.42308), X64 RyuJIT x86-64-v4; GC = Concurrent Workstation
Mean = 69.505 us, StdErr = 11.446 us (16.47%), N = 3, StdDev = 19.826 us
Min = 57.018 us, Q1 = 58.075 us, Median = 59.132 us, Q3 = 75.749 us, Max = 92.365 us
IQR = 17.674 us, LowerFence = 31.565 us, UpperFence = 102.259 us
ConfidenceInterval = [-292.187 us; 431.197 us] (CI 99.9%), Margin = 361.692 us (520.38% of Mean)
Skewness = 0.38, Kurtosis = 0.67, MValue = 2
-------------------- Histogram --------------------
[56.650 us ; 92.733 us) | @@@
---------------------------------------------------

SessionSetupDecompositionBenchmarks.StageS1_AdmissionOnlyAsync: ShortRun(InvocationCount=1, IterationCount=3, LaunchCount=1, UnrollFactor=1, WarmupCount=3) [Sessions=1000]
Runtime = .NET 10.0.12 (10.0.12, 10.0.1226.42308), X64 RyuJIT x86-64-v4; GC = Concurrent Workstation
Mean = 2.847 ms, StdErr = 0.249 ms (8.74%), N = 3, StdDev = 0.431 ms
Min = 2.353 ms, Q1 = 2.696 ms, Median = 3.039 ms, Q3 = 3.094 ms, Max = 3.148 ms
IQR = 0.397 ms, LowerFence = 2.100 ms, UpperFence = 3.690 ms
ConfidenceInterval = [-5.013 ms; 10.707 ms] (CI 99.9%), Margin = 7.860 ms (276.09% of Mean)
Skewness = -0.36, Kurtosis = 0.67, MValue = 2
-------------------- Histogram --------------------
[1.961 ms ; 2.702 ms) | @
[2.702 ms ; 3.540 ms) | @@
---------------------------------------------------

SessionSetupDecompositionBenchmarks.StageS2_SetupStartedAsync: ShortRun(InvocationCount=1, IterationCount=3, LaunchCount=1, UnrollFactor=1, WarmupCount=3) [Sessions=1000]
Runtime = .NET 10.0.12 (10.0.12, 10.0.1226.42308), X64 RyuJIT x86-64-v4; GC = Concurrent Workstation
Mean = 82.228 ms, StdErr = 0.832 ms (1.01%), N = 3, StdDev = 1.441 ms
Min = 80.566 ms, Q1 = 81.787 ms, Median = 83.008 ms, Q3 = 83.059 ms, Max = 83.111 ms
IQR = 1.273 ms, LowerFence = 79.878 ms, UpperFence = 84.968 ms
ConfidenceInterval = [55.945 ms; 108.511 ms] (CI 99.9%), Margin = 26.283 ms (31.96% of Mean)
Skewness = -0.38, Kurtosis = 0.67, MValue = 2
-------------------- Histogram --------------------
[80.527 ms ; 83.149 ms) | @@@
---------------------------------------------------

SessionSetupDecompositionBenchmarks.StageS3_PipelineNoPayloadAsync: ShortRun(InvocationCount=1, IterationCount=3, LaunchCount=1, UnrollFactor=1, WarmupCount=3) [Sessions=1000]
Runtime = .NET 10.0.12 (10.0.12, 10.0.1226.42308), X64 RyuJIT x86-64-v4; GC = Concurrent Workstation
Mean = 55.770 ms, StdErr = 1.576 ms (2.83%), N = 3, StdDev = 2.731 ms
Min = 53.973 ms, Q1 = 54.199 ms, Median = 54.424 ms, Q3 = 56.668 ms, Max = 58.912 ms
IQR = 2.469 ms, LowerFence = 50.495 ms, UpperFence = 60.372 ms
ConfidenceInterval = [5.955 ms; 105.585 ms] (CI 99.9%), Margin = 49.815 ms (89.32% of Mean)
Skewness = 0.37, Kurtosis = 0.67, MValue = 2
-------------------- Histogram --------------------
[53.958 ms ; 58.927 ms) | @@@
---------------------------------------------------

SessionSetupDecompositionBenchmarks.StageS4_ReadinessTeardownOutsideAsync: ShortRun(InvocationCount=1, IterationCount=3, LaunchCount=1, UnrollFactor=1, WarmupCount=3) [Sessions=1000]
Runtime = .NET 10.0.12 (10.0.12, 10.0.1226.42308), X64 RyuJIT x86-64-v4; GC = Concurrent Workstation
Mean = 66.725 ms, StdErr = 1.912 ms (2.87%), N = 3, StdDev = 3.312 ms
Min = 64.084 ms, Q1 = 64.867 ms, Median = 65.650 ms, Q3 = 68.046 ms, Max = 70.441 ms
IQR = 3.179 ms, LowerFence = 60.098 ms, UpperFence = 72.814 ms
ConfidenceInterval = [6.294 ms; 127.156 ms] (CI 99.9%), Margin = 60.431 ms (90.57% of Mean)
Skewness = 0.29, Kurtosis = 0.67, MValue = 2
-------------------- Histogram --------------------
[61.852 ms ; 67.881 ms) | @@
[67.881 ms ; 73.456 ms) | @
---------------------------------------------------

SessionSetupDecompositionBenchmarks.StageS5_ReadinessTeardownInsideAsync: ShortRun(InvocationCount=1, IterationCount=3, LaunchCount=1, UnrollFactor=1, WarmupCount=3) [Sessions=1000]
Runtime = .NET 10.0.12 (10.0.12, 10.0.1226.42308), X64 RyuJIT x86-64-v4; GC = Concurrent Workstation
Mean = 88.259 ms, StdErr = 1.824 ms (2.07%), N = 3, StdDev = 3.158 ms
Min = 86.363 ms, Q1 = 86.436 ms, Median = 86.508 ms, Q3 = 89.206 ms, Max = 91.905 ms
IQR = 2.771 ms, LowerFence = 82.279 ms, UpperFence = 93.363 ms
ConfidenceInterval = [30.637 ms; 145.880 ms] (CI 99.9%), Margin = 57.622 ms (65.29% of Mean)
Skewness = 0.38, Kurtosis = 0.67, MValue = 2
-------------------- Histogram --------------------
[86.260 ms ; 92.008 ms) | @@@
---------------------------------------------------

SessionSetupDecompositionBenchmarks.BaselineF_FakeTransportCreationAsync: ShortRun(InvocationCount=1, IterationCount=3, LaunchCount=1, UnrollFactor=1, WarmupCount=3) [Sessions=1000]
Runtime = .NET 10.0.12 (10.0.12, 10.0.1226.42308), X64 RyuJIT x86-64-v4; GC = Concurrent Workstation
Mean = 174.985 us, StdErr = 29.206 us (16.69%), N = 3, StdDev = 50.586 us
Min = 143.315 us, Q1 = 145.815 us, Median = 148.314 us, Q3 = 190.820 us, Max = 233.325 us
IQR = 45.005 us, LowerFence = 78.307 us, UpperFence = 258.327 us
ConfidenceInterval = [-747.892 us; 1,097.862 us] (CI 99.9%), Margin = 922.877 us (527.40% of Mean)
Skewness = 0.38, Kurtosis = 0.67, MValue = 2
-------------------- Histogram --------------------
[142.285 us ; 234.355 us) | @@@
---------------------------------------------------

SessionSetupDecompositionBenchmarks.BaselineH_FlowKeyConstruction: ShortRun(InvocationCount=1, IterationCount=3, LaunchCount=1, UnrollFactor=1, WarmupCount=3) [Sessions=1000]
Runtime = .NET 10.0.12 (10.0.12, 10.0.1226.42308), X64 RyuJIT x86-64-v4; GC = Concurrent Workstation
Mean = 679.625 us, StdErr = 24.786 us (3.65%), N = 3, StdDev = 42.931 us
Min = 630.409 us, Q1 = 664.753 us, Median = 699.097 us, Q3 = 704.232 us, Max = 709.367 us
IQR = 39.480 us, LowerFence = 605.534 us, UpperFence = 763.452 us
ConfidenceInterval = [-103.588 us; 1,462.837 us] (CI 99.9%), Margin = 783.212 us (115.24% of Mean)
Skewness = -0.36, Kurtosis = 0.67, MValue = 2
-------------------- Histogram --------------------
[591.340 us ; 665.164 us) | @
[665.164 us ; 748.436 us) | @@
---------------------------------------------------

SessionSetupDecompositionBenchmarks.ComponentC1_AssociationClaimRelease: ShortRun(InvocationCount=1, IterationCount=3, LaunchCount=1, UnrollFactor=1, WarmupCount=3) [Sessions=1000]
Runtime = .NET 10.0.12 (10.0.12, 10.0.1226.42308), X64 RyuJIT x86-64-v4; GC = Concurrent Workstation
Mean = 3.488 ms, StdErr = 0.157 ms (4.51%), N = 3, StdDev = 0.272 ms
Min = 3.294 ms, Q1 = 3.332 ms, Median = 3.370 ms, Q3 = 3.585 ms, Max = 3.799 ms
IQR = 0.252 ms, LowerFence = 2.954 ms, UpperFence = 3.963 ms
ConfidenceInterval = [-1.479 ms; 8.455 ms] (CI 99.9%), Margin = 4.967 ms (142.40% of Mean)
Skewness = 0.35, Kurtosis = 0.67, MValue = 2
-------------------- Histogram --------------------
[3.047 ms ; 3.580 ms) | @@
[3.580 ms ; 4.047 ms) | @
---------------------------------------------------

SessionSetupDecompositionBenchmarks.ComponentC2_SessionConstructStartAsync: ShortRun(InvocationCount=1, IterationCount=3, LaunchCount=1, UnrollFactor=1, WarmupCount=3) [Sessions=1000]
Runtime = .NET 10.0.12 (10.0.12, 10.0.1226.42308), X64 RyuJIT x86-64-v4; GC = Concurrent Workstation
Mean = 4.275 ms, StdErr = 0.677 ms (15.83%), N = 3, StdDev = 1.172 ms
Min = 3.530 ms, Q1 = 3.599 ms, Median = 3.668 ms, Q3 = 4.647 ms, Max = 5.626 ms
IQR = 1.048 ms, LowerFence = 2.028 ms, UpperFence = 6.219 ms
ConfidenceInterval = [-17.107 ms; 25.656 ms] (CI 99.9%), Margin = 21.382 ms (500.18% of Mean)
Skewness = 0.38, Kurtosis = 0.67, MValue = 2
-------------------- Histogram --------------------
[3.511 ms ; 5.645 ms) | @@@
---------------------------------------------------

// * Summary *

BenchmarkDotNet v0.15.8, Linux NixOS 26.11 (Zokor)
AMD Ryzen 9 9955HX 2.50GHz, 1 CPU, 32 logical and 16 physical cores
.NET SDK 10.0.401
  [Host]   : .NET 10.0.12 (10.0.12, 10.0.1226.42308), X64 RyuJIT x86-64-v4
  ShortRun : .NET 10.0.12 (10.0.12, 10.0.1226.42308), X64 RyuJIT x86-64-v4

Job=ShortRun  InvocationCount=1  IterationCount=3  
LaunchCount=1  UnrollFactor=1  WarmupCount=3  

| Method                                 | Sessions | Mean          | Error         | StdDev        | Median        | Allocated |
|--------------------------------------- |--------- |--------------:|--------------:|--------------:|--------------:|----------:|
| StageS0_CoordinatorOnly                | 1        |     27.602 us |    385.621 us |    21.1372 us |     15.600 us |    8280 B |
| StageS1_AdmissionOnlyAsync             | 1        |     71.835 us |    696.925 us |    38.2008 us |     83.879 us |    7176 B |
| StageS2_SetupStartedAsync              | 1        | 72,320.141 us |  5,420.750 us |   297.1296 us | 72,221.991 us |   34824 B |
| StageS3_PipelineNoPayloadAsync         | 1        | 30,873.412 us |  6,641.980 us |   364.0693 us | 30,965.393 us |   35704 B |
| StageS4_ReadinessTeardownOutsideAsync  | 1        | 32,004.612 us | 19,150.526 us | 1,049.7049 us | 32,358.048 us |   33248 B |
| StageS5_ReadinessTeardownInsideAsync   | 1        | 46,104.142 us | 34,366.292 us | 1,883.7324 us | 46,435.465 us |  100472 B |
| BaselineF_FakeTransportCreationAsync   | 1        |      7.616 us |      3.434 us |     0.1882 us |      7.579 us |     136 B |
| BaselineH_FlowKeyConstruction          | 1        |     11.111 us |     32.260 us |     1.7683 us |     10.249 us |     352 B |
| ComponentC1_AssociationClaimRelease    | 1        |     55.421 us |    462.947 us |    25.3757 us |     48.261 us |    2120 B |
| ComponentC2_SessionConstructStartAsync | 1        |     62.661 us |    257.225 us |    14.0994 us |     65.734 us |    5832 B |
| StageS0_CoordinatorOnly                | 100      |     38.643 us |    700.137 us |    38.3769 us |     16.572 us |   54456 B |
| StageS1_AdmissionOnlyAsync             | 100      |    242.351 us |    716.487 us |    39.2731 us |    221.849 us |  134928 B |
| StageS2_SetupStartedAsync              | 100      | 80,472.817 us | 78,696.559 us | 4,313.6239 us | 79,195.976 us |  239272 B |
| StageS3_PipelineNoPayloadAsync         | 100      | 39,817.061 us | 16,084.372 us |   881.6387 us | 40,263.299 us |  509120 B |
| StageS4_ReadinessTeardownOutsideAsync  | 100      | 38,575.445 us | 14,340.498 us |   786.0511 us | 38,702.546 us |  480840 B |
| StageS5_ReadinessTeardownInsideAsync   | 100      | 54,009.786 us | 35,447.827 us | 1,943.0150 us | 54,402.781 us |  729784 B |
| BaselineF_FakeTransportCreationAsync   | 100      |     28.108 us |    315.133 us |    17.2735 us |     18.620 us |   10432 B |
| BaselineH_FlowKeyConstruction          | 100      |    110.652 us |  1,190.365 us |    65.2479 us |     77.747 us |   35200 B |
| ComponentC1_AssociationClaimRelease    | 100      |    471.691 us |  4,678.151 us |   256.4252 us |    332.717 us |   82800 B |
| ComponentC2_SessionConstructStartAsync | 100      |    448.469 us |  1,228.440 us |    67.3349 us |    483.211 us |  271048 B |
| StageS0_CoordinatorOnly                | 1000     |     69.505 us |    361.692 us |    19.8255 us |     59.132 us |  496680 B |
| StageS1_AdmissionOnlyAsync             | 1000     |  2,846.834 us |  7,859.870 us |   430.8260 us |  3,039.032 us | 1323552 B |
| StageS2_SetupStartedAsync              | 1000     | 82,228.087 us | 26,282.758 us | 1,440.6467 us | 83,007.783 us | 1352664 B |
| StageS3_PipelineNoPayloadAsync         | 1000     | 55,769.819 us | 49,814.782 us | 2,730.5163 us | 54,424.495 us | 3622464 B |
| StageS4_ReadinessTeardownOutsideAsync  | 1000     | 66,724.946 us | 60,431.339 us | 3,312.4456 us | 65,649.662 us | 4403808 B |
| StageS5_ReadinessTeardownInsideAsync   | 1000     | 88,258.628 us | 57,621.609 us | 3,158.4348 us | 86,508.153 us | 6559752 B |
| BaselineF_FakeTransportCreationAsync   | 1000     |    174.985 us |    922.877 us |    50.5860 us |    148.314 us |  104032 B |
| BaselineH_FlowKeyConstruction          | 1000     |    679.625 us |    783.212 us |    42.9305 us |    699.097 us |  356800 B |
| ComponentC1_AssociationClaimRelease    | 1000     |  3,487.875 us |  4,966.839 us |   272.2492 us |  3,370.200 us |  836016 B |
| ComponentC2_SessionConstructStartAsync | 1000     |  4,274.781 us | 21,381.611 us | 1,171.9982 us |  3,668.452 us | 2701864 B |

// * Warnings *
MinIterationTime
  SessionSetupDecompositionBenchmarks.StageS0_CoordinatorOnly: ShortRun                -> The minimum observed iteration time is 15.669us which is very small. It's recommended to increase it to at least 100ms using more operations.
  SessionSetupDecompositionBenchmarks.StageS1_AdmissionOnlyAsync: ShortRun             -> The minimum observed iteration time is 29.485us which is very small. It's recommended to increase it to at least 100ms using more operations.
  SessionSetupDecompositionBenchmarks.StageS2_SetupStartedAsync: ShortRun              -> The minimum observed iteration time is 72.085ms which is very small. It's recommended to increase it to at least 100ms using more operations.
  SessionSetupDecompositionBenchmarks.StageS3_PipelineNoPayloadAsync: ShortRun         -> The minimum observed iteration time is 30.473ms which is very small. It's recommended to increase it to at least 100ms using more operations.
  SessionSetupDecompositionBenchmarks.StageS4_ReadinessTeardownOutsideAsync: ShortRun  -> The minimum observed iteration time is 30.824ms which is very small. It's recommended to increase it to at least 100ms using more operations.
  SessionSetupDecompositionBenchmarks.StageS5_ReadinessTeardownInsideAsync: ShortRun   -> The minimum observed iteration time is 44.077ms which is very small. It's recommended to increase it to at least 100ms using more operations.
  SessionSetupDecompositionBenchmarks.BaselineF_FakeTransportCreationAsync: ShortRun   -> The minimum observed iteration time is 7.835us which is very small. It's recommended to increase it to at least 100ms using more operations.
  SessionSetupDecompositionBenchmarks.BaselineH_FlowKeyConstruction: ShortRun          -> The minimum observed iteration time is 10.35us which is very small. It's recommended to increase it to at least 100ms using more operations.
  SessionSetupDecompositionBenchmarks.ComponentC1_AssociationClaimRelease: ShortRun    -> The minimum observed iteration time is 34.865us which is very small. It's recommended to increase it to at least 100ms using more operations.
  SessionSetupDecompositionBenchmarks.ComponentC2_SessionConstructStartAsync: ShortRun -> The minimum observed iteration time is 47.77us which is very small. It's recommended to increase it to at least 100ms using more operations.
  SessionSetupDecompositionBenchmarks.StageS0_CoordinatorOnly: ShortRun                -> The minimum observed iteration time is 16.831us which is very small. It's recommended to increase it to at least 100ms using more operations.
  SessionSetupDecompositionBenchmarks.StageS1_AdmissionOnlyAsync: ShortRun             -> The minimum observed iteration time is 217.951us which is very small. It's recommended to increase it to at least 100ms using more operations.
  SessionSetupDecompositionBenchmarks.StageS2_SetupStartedAsync: ShortRun              -> The minimum observed iteration time is 76.942ms which is very small. It's recommended to increase it to at least 100ms using more operations.
  SessionSetupDecompositionBenchmarks.StageS3_PipelineNoPayloadAsync: ShortRun         -> The minimum observed iteration time is 38.802ms which is very small. It's recommended to increase it to at least 100ms using more operations.
  SessionSetupDecompositionBenchmarks.StageS4_ReadinessTeardownOutsideAsync: ShortRun  -> The minimum observed iteration time is 37.734ms which is very small. It's recommended to increase it to at least 100ms using more operations.
  SessionSetupDecompositionBenchmarks.StageS5_ReadinessTeardownInsideAsync: ShortRun   -> The minimum observed iteration time is 51.901ms which is very small. It's recommended to increase it to at least 100ms using more operations.
  SessionSetupDecompositionBenchmarks.BaselineF_FakeTransportCreationAsync: ShortRun   -> The minimum observed iteration time is 18.054us which is very small. It's recommended to increase it to at least 100ms using more operations.
  SessionSetupDecompositionBenchmarks.BaselineH_FlowKeyConstruction: ShortRun          -> The minimum observed iteration time is 68.779us which is very small. It's recommended to increase it to at least 100ms using more operations.
  SessionSetupDecompositionBenchmarks.ComponentC1_AssociationClaimRelease: ShortRun    -> The minimum observed iteration time is 315.184us which is very small. It's recommended to increase it to at least 100ms using more operations.
  SessionSetupDecompositionBenchmarks.ComponentC2_SessionConstructStartAsync: ShortRun -> The minimum observed iteration time is 371.229us which is very small. It's recommended to increase it to at least 100ms using more operations.
  SessionSetupDecompositionBenchmarks.StageS0_CoordinatorOnly: ShortRun                -> The minimum observed iteration time is 57.418us which is very small. It's recommended to increase it to at least 100ms using more operations.
  SessionSetupDecompositionBenchmarks.StageS1_AdmissionOnlyAsync: ShortRun             -> The minimum observed iteration time is 2.354ms which is very small. It's recommended to increase it to at least 100ms using more operations.
  SessionSetupDecompositionBenchmarks.StageS2_SetupStartedAsync: ShortRun              -> The minimum observed iteration time is 80.566ms which is very small. It's recommended to increase it to at least 100ms using more operations.
  SessionSetupDecompositionBenchmarks.StageS3_PipelineNoPayloadAsync: ShortRun         -> The minimum observed iteration time is 53.973ms which is very small. It's recommended to increase it to at least 100ms using more operations.
  SessionSetupDecompositionBenchmarks.StageS4_ReadinessTeardownOutsideAsync: ShortRun  -> The minimum observed iteration time is 64.084ms which is very small. It's recommended to increase it to at least 100ms using more operations.
  SessionSetupDecompositionBenchmarks.StageS5_ReadinessTeardownInsideAsync: ShortRun   -> The minimum observed iteration time is 86.363ms which is very small. It's recommended to increase it to at least 100ms using more operations.
  SessionSetupDecompositionBenchmarks.BaselineF_FakeTransportCreationAsync: ShortRun   -> The minimum observed iteration time is 143.721us which is very small. It's recommended to increase it to at least 100ms using more operations.
  SessionSetupDecompositionBenchmarks.BaselineH_FlowKeyConstruction: ShortRun          -> The minimum observed iteration time is 630.769us which is very small. It's recommended to increase it to at least 100ms using more operations.
  SessionSetupDecompositionBenchmarks.ComponentC1_AssociationClaimRelease: ShortRun    -> The minimum observed iteration time is 3.295ms which is very small. It's recommended to increase it to at least 100ms using more operations.
  SessionSetupDecompositionBenchmarks.ComponentC2_SessionConstructStartAsync: ShortRun -> The minimum observed iteration time is 3.531ms which is very small. It's recommended to increase it to at least 100ms using more operations.

// * Legends *
  Sessions  : Value of the 'Sessions' parameter
  Mean      : Arithmetic mean of all measurements
  Error     : Half of 99.9% confidence interval
  StdDev    : Standard deviation of all measurements
  Median    : Value separating the higher half of all measurements (50th percentile)
  Allocated : Allocated memory per single operation (managed only, inclusive, 1KB = 1024B)
  1 us      : 1 Microsecond (0.000001 sec)

// * Diagnostic Output - MemoryDiagnoser *


// ***** BenchmarkRunner: End *****
Run time: 00:00:18 (18.18 sec), executed benchmarks: 30

Global total time: 00:03:24 (204.75 sec), executed benchmarks: 45
// * Artifacts cleanup *
Artifacts cleanup is finished
