// Validating benchmarks:
// ***** BenchmarkRunner: Start   *****
// ***** Found 45 benchmark(s) in total *****
// ***** Building 1 exe(s) in Parallel: Start   *****
// start dotnet  restore --nodeReuse:false /p:UseSharedCompilation=false /p:Deterministic=true /p:Optimize=true /p:ArtifactsPath="/home/paff/Projects/WinForward/benchmarks/WinForward.Benchmarks/bin/Release/net10.0/WinForward.Benchmarks-ShortRun-1/" /p:OutDir="/home/paff/Projects/WinForward/benchmarks/WinForward.Benchmarks/bin/Release/net10.0/WinForward.Benchmarks-ShortRun-1/bin/Release/net10.0/" /p:OutputPath="/home/paff/Projects/WinForward/benchmarks/WinForward.Benchmarks/bin/Release/net10.0/WinForward.Benchmarks-ShortRun-1/bin/Release/net10.0/" /p:PublishDir="/home/paff/Projects/WinForward/benchmarks/WinForward.Benchmarks/bin/Release/net10.0/WinForward.Benchmarks-ShortRun-1/publish/" in /home/paff/Projects/WinForward/benchmarks/WinForward.Benchmarks/bin/Release/net10.0/WinForward.Benchmarks-ShortRun-1
// command took 2.93 sec and exited with 0
// start dotnet  build -c Release --no-restore --nodeReuse:false /p:UseSharedCompilation=false /p:Deterministic=true /p:Optimize=true /p:ArtifactsPath="/home/paff/Projects/WinForward/benchmarks/WinForward.Benchmarks/bin/Release/net10.0/WinForward.Benchmarks-ShortRun-1/" /p:OutDir="/home/paff/Projects/WinForward/benchmarks/WinForward.Benchmarks/bin/Release/net10.0/WinForward.Benchmarks-ShortRun-1/bin/Release/net10.0/" /p:OutputPath="/home/paff/Projects/WinForward/benchmarks/WinForward.Benchmarks/bin/Release/net10.0/WinForward.Benchmarks-ShortRun-1/bin/Release/net10.0/" /p:PublishDir="/home/paff/Projects/WinForward/benchmarks/WinForward.Benchmarks/bin/Release/net10.0/WinForward.Benchmarks-ShortRun-1/publish/" --output "/home/paff/Projects/WinForward/benchmarks/WinForward.Benchmarks/bin/Release/net10.0/WinForward.Benchmarks-ShortRun-1/bin/Release/net10.0/" in /home/paff/Projects/WinForward/benchmarks/WinForward.Benchmarks/bin/Release/net10.0/WinForward.Benchmarks-ShortRun-1
// command took 33.49 sec and exited with 0
// ***** Done, took 00:00:36 (36.59 sec)   *****
// Found 15 benchmarks:
//   FrameworkSetupBenchmarks.RealTransport_CreateDisposeAsync: ShortRun(IterationCount=3, LaunchCount=1, WarmupCount=3) [Sessions=1]
//   FrameworkSetupBenchmarks.Control_ConnectDisposeAsync: ShortRun(IterationCount=3, LaunchCount=1, WarmupCount=3) [Sessions=1]
//   FrameworkSetupBenchmarks.Control_ConnectAssociateDisposeAsync: ShortRun(IterationCount=3, LaunchCount=1, WarmupCount=3) [Sessions=1]
//   FrameworkSetupBenchmarks.RelaySocket_CreateBindClose: ShortRun(IterationCount=3, LaunchCount=1, WarmupCount=3) [Sessions=1]
//   FrameworkSetupBenchmarks.SelfTraffic_RegisterRelease: ShortRun(IterationCount=3, LaunchCount=1, WarmupCount=3) [Sessions=1]
//   FrameworkSetupBenchmarks.RealTransport_CreateDisposeAsync: ShortRun(IterationCount=3, LaunchCount=1, WarmupCount=3) [Sessions=100]
//   FrameworkSetupBenchmarks.Control_ConnectDisposeAsync: ShortRun(IterationCount=3, LaunchCount=1, WarmupCount=3) [Sessions=100]
//   FrameworkSetupBenchmarks.Control_ConnectAssociateDisposeAsync: ShortRun(IterationCount=3, LaunchCount=1, WarmupCount=3) [Sessions=100]
//   FrameworkSetupBenchmarks.RelaySocket_CreateBindClose: ShortRun(IterationCount=3, LaunchCount=1, WarmupCount=3) [Sessions=100]
//   FrameworkSetupBenchmarks.SelfTraffic_RegisterRelease: ShortRun(IterationCount=3, LaunchCount=1, WarmupCount=3) [Sessions=100]
//   FrameworkSetupBenchmarks.RealTransport_CreateDisposeAsync: ShortRun(IterationCount=3, LaunchCount=1, WarmupCount=3) [Sessions=1000]
//   FrameworkSetupBenchmarks.Control_ConnectDisposeAsync: ShortRun(IterationCount=3, LaunchCount=1, WarmupCount=3) [Sessions=1000]
//   FrameworkSetupBenchmarks.Control_ConnectAssociateDisposeAsync: ShortRun(IterationCount=3, LaunchCount=1, WarmupCount=3) [Sessions=1000]
//   FrameworkSetupBenchmarks.RelaySocket_CreateBindClose: ShortRun(IterationCount=3, LaunchCount=1, WarmupCount=3) [Sessions=1000]
//   FrameworkSetupBenchmarks.SelfTraffic_RegisterRelease: ShortRun(IterationCount=3, LaunchCount=1, WarmupCount=3) [Sessions=1000]

// **************************
// Benchmark: FrameworkSetupBenchmarks.RealTransport_CreateDisposeAsync: ShortRun(IterationCount=3, LaunchCount=1, WarmupCount=3) [Sessions=1]
// *** Execute ***
// Launch: 1 / 1
// Execute: dotnet WinForward.Benchmarks-ShortRun-1.dll --anonymousPipes 123 125 --benchmarkName "WinForward.Benchmarks.Perf.FrameworkSetupBenchmarks.RealTransport_CreateDisposeAsync(Sessions: 1)" --job ShortRun --benchmarkId 0 in /home/paff/Projects/WinForward/benchmarks/WinForward.Benchmarks/bin/Release/net10.0/WinForward.Benchmarks-ShortRun-1/bin/Release/net10.0
// Failed to set up high priority (Permission denied). In order to run benchmarks with high priority, make sure you have the right permissions.
// BeforeAnythingElse

// Benchmark Process Environment Information:
// BenchmarkDotNet v0.15.8
// Runtime=.NET 10.0.12 (10.0.12, 10.0.1226.42308), X64 RyuJIT x86-64-v4
// GC=Concurrent Workstation
// HardwareIntrinsics=AVX512 BITALG+VBMI2+VNNI+VPOPCNTDQ,AVX512 IFMA+VBMI,AVX512 F+BW+CD+DQ+VL,AVX2+BMI1+BMI2+F16C+FMA+LZCNT+MOVBE,AVX,SSE3+SSSE3+SSE4.1+SSE4.2+POPCNT,X86Base+SSE+SSE2,AES+PCLMUL,AvxVnni VectorSize=256
// Job: ShortRun(IterationCount=3, LaunchCount=1, WarmupCount=3)

OverheadJitting  1: 1 op, 352854.00 ns, 352.8540 us/op
WorkloadJitting  1: 1 op, 58102873.00 ns, 58.1029 ms/op

WorkloadPilot    1: 2 op, 3821030.00 ns, 1.9105 ms/op
WorkloadPilot    2: 3 op, 3483745.00 ns, 1.1612 ms/op
WorkloadPilot    3: 4 op, 4713556.00 ns, 1.1784 ms/op
WorkloadPilot    4: 5 op, 6366830.00 ns, 1.2734 ms/op
WorkloadPilot    5: 6 op, 6740834.00 ns, 1.1235 ms/op
WorkloadPilot    6: 7 op, 7913982.00 ns, 1.1306 ms/op
WorkloadPilot    7: 8 op, 8992034.00 ns, 1.1240 ms/op
WorkloadPilot    8: 9 op, 10616240.00 ns, 1.1796 ms/op
WorkloadPilot    9: 10 op, 11515956.00 ns, 1.1516 ms/op
WorkloadPilot   10: 11 op, 12490907.00 ns, 1.1355 ms/op
WorkloadPilot   11: 12 op, 13349314.00 ns, 1.1124 ms/op
WorkloadPilot   12: 13 op, 15108560.00 ns, 1.1622 ms/op
WorkloadPilot   13: 14 op, 16148408.00 ns, 1.1535 ms/op
WorkloadPilot   14: 15 op, 16506012.00 ns, 1.1004 ms/op
WorkloadPilot   15: 16 op, 18504991.00 ns, 1.1566 ms/op
WorkloadPilot   16: 32 op, 36087200.00 ns, 1.1277 ms/op
WorkloadPilot   17: 64 op, 78317195.00 ns, 1.2237 ms/op
WorkloadPilot   18: 128 op, 141785630.00 ns, 1.1077 ms/op
WorkloadPilot   19: 256 op, 278255710.00 ns, 1.0869 ms/op
WorkloadPilot   20: 512 op, 534180208.00 ns, 1.0433 ms/op

WorkloadWarmup   1: 512 op, 515169331.00 ns, 1.0062 ms/op
WorkloadWarmup   2: 512 op, 487651943.00 ns, 952.4452 us/op
WorkloadWarmup   3: 512 op, 468498051.00 ns, 915.0353 us/op

// BeforeActualRun
WorkloadActual   1: 512 op, 467878364.00 ns, 913.8249 us/op
WorkloadActual   2: 512 op, 468383335.00 ns, 914.8112 us/op
WorkloadActual   3: 512 op, 475351496.00 ns, 928.4209 us/op

// AfterActualRun
WorkloadResult   1: 512 op, 467878364.00 ns, 913.8249 us/op
WorkloadResult   2: 512 op, 468383335.00 ns, 914.8112 us/op
WorkloadResult   3: 512 op, 475351496.00 ns, 928.4209 us/op
// GC:  2 1 0 42841200 512
// Threading:  4209 1 512
// Exceptions:  3

// AfterAll
// Benchmark Process 351315 has exited with code 0.

Mean = 919.019 us, StdErr = 4.710 us (0.51%), N = 3, StdDev = 8.157 us
Min = 913.825 us, Q1 = 914.318 us, Median = 914.811 us, Q3 = 921.616 us, Max = 928.421 us
IQR = 7.298 us, LowerFence = 903.371 us, UpperFence = 932.563 us
ConfidenceInterval = [770.202 us; 1,067.837 us] (CI 99.9%), Margin = 148.818 us (16.19% of Mean)
Skewness = 0.38, Kurtosis = 0.67, MValue = 2

// ** Remained 44 (97.8%) benchmark(s) to run. Estimated finish 2026-09-22 0:25 (0h 3m from now) **
// **************************
// Benchmark: FrameworkSetupBenchmarks.Control_ConnectDisposeAsync: ShortRun(IterationCount=3, LaunchCount=1, WarmupCount=3) [Sessions=1]
// *** Execute ***
// Launch: 1 / 1
// Execute: dotnet WinForward.Benchmarks-ShortRun-1.dll --anonymousPipes 123 125 --benchmarkName "WinForward.Benchmarks.Perf.FrameworkSetupBenchmarks.Control_ConnectDisposeAsync(Sessions: 1)" --job ShortRun --benchmarkId 1 in /home/paff/Projects/WinForward/benchmarks/WinForward.Benchmarks/bin/Release/net10.0/WinForward.Benchmarks-ShortRun-1/bin/Release/net10.0
// Failed to set up high priority (Permission denied). In order to run benchmarks with high priority, make sure you have the right permissions.
// BeforeAnythingElse

// Benchmark Process Environment Information:
// BenchmarkDotNet v0.15.8
// Runtime=.NET 10.0.12 (10.0.12, 10.0.1226.42308), X64 RyuJIT x86-64-v4
// GC=Concurrent Workstation
// HardwareIntrinsics=AVX512 BITALG+VBMI2+VNNI+VPOPCNTDQ,AVX512 IFMA+VBMI,AVX512 F+BW+CD+DQ+VL,AVX2+BMI1+BMI2+F16C+FMA+LZCNT+MOVBE,AVX,SSE3+SSSE3+SSE4.1+SSE4.2+POPCNT,X86Base+SSE+SSE2,AES+PCLMUL,AvxVnni VectorSize=256
// Job: ShortRun(IterationCount=3, LaunchCount=1, WarmupCount=3)

OverheadJitting  1: 1 op, 346132.00 ns, 346.1320 us/op
WorkloadJitting  1: 1 op, 38899227.00 ns, 38.8992 ms/op

WorkloadPilot    1: 2 op, 2057607.00 ns, 1.0288 ms/op
WorkloadPilot    2: 3 op, 2095759.00 ns, 698.5863 us/op
WorkloadPilot    3: 4 op, 3268424.00 ns, 817.1060 us/op
WorkloadPilot    4: 5 op, 3746440.00 ns, 749.2880 us/op
WorkloadPilot    5: 6 op, 4864982.00 ns, 810.8303 us/op
WorkloadPilot    6: 7 op, 5615521.00 ns, 802.2173 us/op
WorkloadPilot    7: 8 op, 6274283.00 ns, 784.2854 us/op
WorkloadPilot    8: 9 op, 7129414.00 ns, 792.1571 us/op
WorkloadPilot    9: 10 op, 7108846.00 ns, 710.8846 us/op
WorkloadPilot   10: 11 op, 8058946.00 ns, 732.6315 us/op
WorkloadPilot   11: 12 op, 8846871.00 ns, 737.2393 us/op
WorkloadPilot   12: 13 op, 10162990.00 ns, 781.7685 us/op
WorkloadPilot   13: 14 op, 10287502.00 ns, 734.8216 us/op
WorkloadPilot   14: 15 op, 11098866.00 ns, 739.9244 us/op
WorkloadPilot   15: 16 op, 11733609.00 ns, 733.3506 us/op
WorkloadPilot   16: 32 op, 24672210.00 ns, 771.0066 us/op
WorkloadPilot   17: 64 op, 48660923.00 ns, 760.3269 us/op
WorkloadPilot   18: 128 op, 101877135.00 ns, 795.9151 us/op
WorkloadPilot   19: 256 op, 206852512.00 ns, 808.0176 us/op
WorkloadPilot   20: 512 op, 387805897.00 ns, 757.4334 us/op
WorkloadPilot   21: 1024 op, 750937548.00 ns, 733.3374 us/op

WorkloadWarmup   1: 1024 op, 2194883478.00 ns, 2.1434 ms/op
WorkloadWarmup   2: 1024 op, 2460829975.00 ns, 2.4032 ms/op
WorkloadWarmup   3: 1024 op, 2433369080.00 ns, 2.3763 ms/op

// BeforeActualRun
WorkloadActual   1: 1024 op, 2436620597.00 ns, 2.3795 ms/op
WorkloadActual   2: 1024 op, 2424395141.00 ns, 2.3676 ms/op
WorkloadActual   3: 1024 op, 2421774522.00 ns, 2.3650 ms/op

// AfterActualRun
WorkloadResult   1: 1024 op, 2436620597.00 ns, 2.3795 ms/op
WorkloadResult   2: 1024 op, 2424395141.00 ns, 2.3676 ms/op
WorkloadResult   3: 1024 op, 2421774522.00 ns, 2.3650 ms/op
// GC:  4 3 0 79516160 1024
// Threading:  6342 0 1024
// Exceptions:  7

// AfterAll
// Benchmark Process 351380 has exited with code 0.

Mean = 2.371 ms, StdErr = 0.004 ms (0.19%), N = 3, StdDev = 0.008 ms
Min = 2.365 ms, Q1 = 2.366 ms, Median = 2.368 ms, Q3 = 2.374 ms, Max = 2.380 ms
IQR = 0.007 ms, LowerFence = 2.355 ms, UpperFence = 2.384 ms
ConfidenceInterval = [2.230 ms; 2.512 ms] (CI 99.9%), Margin = 0.141 ms (5.95% of Mean)
Skewness = 0.34, Kurtosis = 0.67, MValue = 2

// ** Remained 43 (95.6%) benchmark(s) to run. Estimated finish 2026-09-22 0:31 (0h 8m from now) **
// **************************
// Benchmark: FrameworkSetupBenchmarks.Control_ConnectAssociateDisposeAsync: ShortRun(IterationCount=3, LaunchCount=1, WarmupCount=3) [Sessions=1]
// *** Execute ***
// Launch: 1 / 1
// Execute: dotnet WinForward.Benchmarks-ShortRun-1.dll --anonymousPipes 123 125 --benchmarkName "WinForward.Benchmarks.Perf.FrameworkSetupBenchmarks.Control_ConnectAssociateDisposeAsync(Sessions: 1)" --job ShortRun --benchmarkId 2 in /home/paff/Projects/WinForward/benchmarks/WinForward.Benchmarks/bin/Release/net10.0/WinForward.Benchmarks-ShortRun-1/bin/Release/net10.0
// Failed to set up high priority (Permission denied). In order to run benchmarks with high priority, make sure you have the right permissions.
// BeforeAnythingElse

// Benchmark Process Environment Information:
// BenchmarkDotNet v0.15.8
// Runtime=.NET 10.0.12 (10.0.12, 10.0.1226.42308), X64 RyuJIT x86-64-v4
// GC=Concurrent Workstation
// HardwareIntrinsics=AVX512 BITALG+VBMI2+VNNI+VPOPCNTDQ,AVX512 IFMA+VBMI,AVX512 F+BW+CD+DQ+VL,AVX2+BMI1+BMI2+F16C+FMA+LZCNT+MOVBE,AVX,SSE3+SSSE3+SSE4.1+SSE4.2+POPCNT,X86Base+SSE+SSE2,AES+PCLMUL,AvxVnni VectorSize=256
// Job: ShortRun(IterationCount=3, LaunchCount=1, WarmupCount=3)

OverheadJitting  1: 1 op, 437435.00 ns, 437.4350 us/op
WorkloadJitting  1: 1 op, 52049643.00 ns, 52.0496 ms/op

WorkloadPilot    1: 2 op, 7708315.00 ns, 3.8542 ms/op
WorkloadPilot    2: 3 op, 9637579.00 ns, 3.2125 ms/op
WorkloadPilot    3: 4 op, 12639999.00 ns, 3.1600 ms/op
WorkloadPilot    4: 5 op, 16541149.00 ns, 3.3082 ms/op
WorkloadPilot    5: 6 op, 18236371.00 ns, 3.0394 ms/op
WorkloadPilot    6: 7 op, 21489343.00 ns, 3.0699 ms/op
WorkloadPilot    7: 8 op, 29279021.00 ns, 3.6599 ms/op
WorkloadPilot    8: 9 op, 30601673.00 ns, 3.4002 ms/op
WorkloadPilot    9: 10 op, 35592237.00 ns, 3.5592 ms/op
WorkloadPilot   10: 11 op, 40660387.00 ns, 3.6964 ms/op
WorkloadPilot   11: 12 op, 56608589.00 ns, 4.7174 ms/op
WorkloadPilot   12: 13 op, 58520318.00 ns, 4.5016 ms/op
WorkloadPilot   13: 14 op, 62708623.00 ns, 4.4792 ms/op
WorkloadPilot   14: 15 op, 66343422.00 ns, 4.4229 ms/op
WorkloadPilot   15: 16 op, 75631654.00 ns, 4.7270 ms/op
WorkloadPilot   16: 32 op, 139762938.00 ns, 4.3676 ms/op
WorkloadPilot   17: 64 op, 275634083.00 ns, 4.3068 ms/op
WorkloadPilot   18: 128 op, 560280384.00 ns, 4.3772 ms/op

WorkloadWarmup   1: 128 op, 553857381.00 ns, 4.3270 ms/op
WorkloadWarmup   2: 128 op, 545943541.00 ns, 4.2652 ms/op
WorkloadWarmup   3: 128 op, 529184333.00 ns, 4.1343 ms/op

// BeforeActualRun
WorkloadActual   1: 128 op, 539798299.00 ns, 4.2172 ms/op
WorkloadActual   2: 128 op, 538822408.00 ns, 4.2096 ms/op
WorkloadActual   3: 128 op, 544552263.00 ns, 4.2543 ms/op

// AfterActualRun
WorkloadResult   1: 128 op, 539798299.00 ns, 4.2172 ms/op
WorkloadResult   2: 128 op, 538822408.00 ns, 4.2096 ms/op
WorkloadResult   3: 128 op, 544552263.00 ns, 4.2543 ms/op
// GC:  0 0 0 10302312 128
// Threading:  1046 0 128
// Exceptions:  3

// AfterAll
// Benchmark Process 351494 has exited with code 0.

Mean = 4.227 ms, StdErr = 0.014 ms (0.33%), N = 3, StdDev = 0.024 ms
Min = 4.210 ms, Q1 = 4.213 ms, Median = 4.217 ms, Q3 = 4.236 ms, Max = 4.254 ms
IQR = 0.022 ms, LowerFence = 4.180 ms, UpperFence = 4.269 ms
ConfidenceInterval = [3.790 ms; 4.664 ms] (CI 99.9%), Margin = 0.437 ms (10.34% of Mean)
Skewness = 0.34, Kurtosis = 0.67, MValue = 2

// ** Remained 42 (93.3%) benchmark(s) to run. Estimated finish 2026-09-22 0:29 (0h 6m from now) **
// **************************
// Benchmark: FrameworkSetupBenchmarks.RelaySocket_CreateBindClose: ShortRun(IterationCount=3, LaunchCount=1, WarmupCount=3) [Sessions=1]
// *** Execute ***
// Launch: 1 / 1
// Execute: dotnet WinForward.Benchmarks-ShortRun-1.dll --anonymousPipes 123 125 --benchmarkName "WinForward.Benchmarks.Perf.FrameworkSetupBenchmarks.RelaySocket_CreateBindClose(Sessions: 1)" --job ShortRun --benchmarkId 3 in /home/paff/Projects/WinForward/benchmarks/WinForward.Benchmarks/bin/Release/net10.0/WinForward.Benchmarks-ShortRun-1/bin/Release/net10.0
// Failed to set up high priority (Permission denied). In order to run benchmarks with high priority, make sure you have the right permissions.
// BeforeAnythingElse

// Benchmark Process Environment Information:
// BenchmarkDotNet v0.15.8
// Runtime=.NET 10.0.12 (10.0.12, 10.0.1226.42308), X64 RyuJIT x86-64-v4
// GC=Concurrent Workstation
// HardwareIntrinsics=AVX512 BITALG+VBMI2+VNNI+VPOPCNTDQ,AVX512 IFMA+VBMI,AVX512 F+BW+CD+DQ+VL,AVX2+BMI1+BMI2+F16C+FMA+LZCNT+MOVBE,AVX,SSE3+SSSE3+SSE4.1+SSE4.2+POPCNT,X86Base+SSE+SSE2,AES+PCLMUL,AvxVnni VectorSize=256
// Job: ShortRun(IterationCount=3, LaunchCount=1, WarmupCount=3)

OverheadJitting  1: 1 op, 282252.00 ns, 282.2520 us/op
WorkloadJitting  1: 1 op, 4578617.00 ns, 4.5786 ms/op

OverheadJitting  2: 16 op, 443265.00 ns, 27.7041 us/op
WorkloadJitting  2: 16 op, 2179068.00 ns, 136.1918 us/op

WorkloadPilot    1: 16 op, 340131.00 ns, 21.2582 us/op
WorkloadPilot    2: 32 op, 540368.00 ns, 16.8865 us/op
WorkloadPilot    3: 64 op, 988132.00 ns, 15.4396 us/op
WorkloadPilot    4: 128 op, 2038371.00 ns, 15.9248 us/op
WorkloadPilot    5: 256 op, 3829687.00 ns, 14.9597 us/op
WorkloadPilot    6: 512 op, 8090375.00 ns, 15.8015 us/op
WorkloadPilot    7: 1024 op, 17480464.00 ns, 17.0708 us/op
WorkloadPilot    8: 2048 op, 30244380.00 ns, 14.7678 us/op
WorkloadPilot    9: 4096 op, 65344109.00 ns, 15.9532 us/op
WorkloadPilot   10: 8192 op, 120057016.00 ns, 14.6554 us/op
WorkloadPilot   11: 16384 op, 223869738.00 ns, 13.6639 us/op
WorkloadPilot   12: 32768 op, 441178412.00 ns, 13.4637 us/op
WorkloadPilot   13: 65536 op, 865647929.00 ns, 13.2087 us/op

OverheadWarmup   1: 65536 op, 189528.00 ns, 2.8920 ns/op
OverheadWarmup   2: 65536 op, 267003.00 ns, 4.0741 ns/op
OverheadWarmup   3: 65536 op, 187102.00 ns, 2.8549 ns/op
OverheadWarmup   4: 65536 op, 187684.00 ns, 2.8638 ns/op
OverheadWarmup   5: 65536 op, 220826.00 ns, 3.3695 ns/op
OverheadWarmup   6: 65536 op, 186802.00 ns, 2.8504 ns/op

OverheadActual   1: 65536 op, 290337.00 ns, 4.4302 ns/op
OverheadActual   2: 65536 op, 187493.00 ns, 2.8609 ns/op
OverheadActual   3: 65536 op, 187494.00 ns, 2.8609 ns/op
OverheadActual   4: 65536 op, 187463.00 ns, 2.8605 ns/op
OverheadActual   5: 65536 op, 186762.00 ns, 2.8498 ns/op
OverheadActual   6: 65536 op, 186842.00 ns, 2.8510 ns/op
OverheadActual   7: 65536 op, 186442.00 ns, 2.8449 ns/op
OverheadActual   8: 65536 op, 186942.00 ns, 2.8525 ns/op
OverheadActual   9: 65536 op, 186732.00 ns, 2.8493 ns/op
OverheadActual  10: 65536 op, 218522.00 ns, 3.3344 ns/op
OverheadActual  11: 65536 op, 301498.00 ns, 4.6005 ns/op
OverheadActual  12: 65536 op, 187143.00 ns, 2.8556 ns/op
OverheadActual  13: 65536 op, 196190.00 ns, 2.9936 ns/op
OverheadActual  14: 65536 op, 186992.00 ns, 2.8533 ns/op
OverheadActual  15: 65536 op, 187483.00 ns, 2.8608 ns/op

WorkloadWarmup   1: 65536 op, 882548254.00 ns, 13.4666 us/op
WorkloadWarmup   2: 65536 op, 870988341.00 ns, 13.2902 us/op
WorkloadWarmup   3: 65536 op, 867954992.00 ns, 13.2439 us/op

// BeforeActualRun
WorkloadActual   1: 65536 op, 876798189.00 ns, 13.3789 us/op
WorkloadActual   2: 65536 op, 860634001.00 ns, 13.1322 us/op
WorkloadActual   3: 65536 op, 863601733.00 ns, 13.1775 us/op

// AfterActualRun
WorkloadResult   1: 65536 op, 876610726.00 ns, 13.3760 us/op
WorkloadResult   2: 65536 op, 860446538.00 ns, 13.1294 us/op
WorkloadResult   3: 65536 op, 863414270.00 ns, 13.1747 us/op
// GC:  2 0 0 37748736 65536
// Threading:  0 0 65536

// AfterAll
// Benchmark Process 351595 has exited with code 0.

Mean = 13.227 us, StdErr = 0.076 us (0.57%), N = 3, StdDev = 0.131 us
Min = 13.129 us, Q1 = 13.152 us, Median = 13.175 us, Q3 = 13.275 us, Max = 13.376 us
IQR = 0.123 us, LowerFence = 12.967 us, UpperFence = 13.460 us
ConfidenceInterval = [10.831 us; 15.622 us] (CI 99.9%), Margin = 2.395 us (18.11% of Mean)
Skewness = 0.33, Kurtosis = 0.67, MValue = 2

// ** Remained 41 (91.1%) benchmark(s) to run. Estimated finish 2026-09-22 0:29 (0h 6m from now) **
// **************************
// Benchmark: FrameworkSetupBenchmarks.SelfTraffic_RegisterRelease: ShortRun(IterationCount=3, LaunchCount=1, WarmupCount=3) [Sessions=1]
// *** Execute ***
// Launch: 1 / 1
// Execute: dotnet WinForward.Benchmarks-ShortRun-1.dll --anonymousPipes 123 125 --benchmarkName "WinForward.Benchmarks.Perf.FrameworkSetupBenchmarks.SelfTraffic_RegisterRelease(Sessions: 1)" --job ShortRun --benchmarkId 4 in /home/paff/Projects/WinForward/benchmarks/WinForward.Benchmarks/bin/Release/net10.0/WinForward.Benchmarks-ShortRun-1/bin/Release/net10.0
// Failed to set up high priority (Permission denied). In order to run benchmarks with high priority, make sure you have the right permissions.
// BeforeAnythingElse

// Benchmark Process Environment Information:
// BenchmarkDotNet v0.15.8
// Runtime=.NET 10.0.12 (10.0.12, 10.0.1226.42308), X64 RyuJIT x86-64-v4
// GC=Concurrent Workstation
// HardwareIntrinsics=AVX512 BITALG+VBMI2+VNNI+VPOPCNTDQ,AVX512 IFMA+VBMI,AVX512 F+BW+CD+DQ+VL,AVX2+BMI1+BMI2+F16C+FMA+LZCNT+MOVBE,AVX,SSE3+SSSE3+SSE4.1+SSE4.2+POPCNT,X86Base+SSE+SSE2,AES+PCLMUL,AvxVnni VectorSize=256
// Job: ShortRun(IterationCount=3, LaunchCount=1, WarmupCount=3)

OverheadJitting  1: 1 op, 289986.00 ns, 289.9860 us/op
WorkloadJitting  1: 1 op, 8580678.00 ns, 8.5807 ms/op

OverheadJitting  2: 16 op, 364787.00 ns, 22.7992 us/op
WorkloadJitting  2: 16 op, 472440.00 ns, 29.5275 us/op

WorkloadPilot    1: 16 op, 58771.00 ns, 3.6732 us/op
WorkloadPilot    2: 32 op, 103906.00 ns, 3.2471 us/op
WorkloadPilot    3: 64 op, 208673.00 ns, 3.2605 us/op
WorkloadPilot    4: 128 op, 434322.00 ns, 3.3931 us/op
WorkloadPilot    5: 256 op, 731068.00 ns, 2.8557 us/op
WorkloadPilot    6: 512 op, 1373789.00 ns, 2.6832 us/op
WorkloadPilot    7: 1024 op, 2934860.00 ns, 2.8661 us/op
WorkloadPilot    8: 2048 op, 5826589.00 ns, 2.8450 us/op
WorkloadPilot    9: 4096 op, 11713892.00 ns, 2.8598 us/op
WorkloadPilot   10: 8192 op, 23494521.00 ns, 2.8680 us/op
WorkloadPilot   11: 16384 op, 47622727.00 ns, 2.9067 us/op
WorkloadPilot   12: 32768 op, 49444188.00 ns, 1.5089 us/op
WorkloadPilot   13: 65536 op, 36335357.00 ns, 554.4335 ns/op
WorkloadPilot   14: 131072 op, 56606467.00 ns, 431.8731 ns/op
WorkloadPilot   15: 262144 op, 101192028.00 ns, 386.0170 ns/op
WorkloadPilot   16: 524288 op, 199219724.00 ns, 379.9815 ns/op
WorkloadPilot   17: 1048576 op, 390543299.00 ns, 372.4511 ns/op
WorkloadPilot   18: 2097152 op, 786899742.00 ns, 375.2230 ns/op

OverheadWarmup   1: 2097152 op, 6255858.00 ns, 2.9830 ns/op
OverheadWarmup   2: 2097152 op, 6389230.00 ns, 3.0466 ns/op
OverheadWarmup   3: 2097152 op, 6200974.00 ns, 2.9569 ns/op
OverheadWarmup   4: 2097152 op, 6908628.00 ns, 3.2943 ns/op
OverheadWarmup   5: 2097152 op, 6286271.00 ns, 2.9975 ns/op

OverheadActual   1: 2097152 op, 6198711.00 ns, 2.9558 ns/op
OverheadActual   2: 2097152 op, 6194893.00 ns, 2.9540 ns/op
OverheadActual   3: 2097152 op, 6283560.00 ns, 2.9962 ns/op
OverheadActual   4: 2097152 op, 6445375.00 ns, 3.0734 ns/op
OverheadActual   5: 2097152 op, 6223968.00 ns, 2.9678 ns/op
OverheadActual   6: 2097152 op, 6210673.00 ns, 2.9615 ns/op
OverheadActual   7: 2097152 op, 6376415.00 ns, 3.0405 ns/op
OverheadActual   8: 2097152 op, 6204301.00 ns, 2.9584 ns/op
OverheadActual   9: 2097152 op, 6614835.00 ns, 3.1542 ns/op
OverheadActual  10: 2097152 op, 6639363.00 ns, 3.1659 ns/op
OverheadActual  11: 2097152 op, 6430497.00 ns, 3.0663 ns/op
OverheadActual  12: 2097152 op, 6218889.00 ns, 2.9654 ns/op
OverheadActual  13: 2097152 op, 6128047.00 ns, 2.9221 ns/op
OverheadActual  14: 2097152 op, 6384129.00 ns, 3.0442 ns/op
OverheadActual  15: 2097152 op, 6332732.00 ns, 3.0197 ns/op

WorkloadWarmup   1: 2097152 op, 794564224.00 ns, 378.8777 ns/op
WorkloadWarmup   2: 2097152 op, 800875155.00 ns, 381.8870 ns/op
WorkloadWarmup   3: 2097152 op, 780000481.00 ns, 371.9332 ns/op

// BeforeActualRun
WorkloadActual   1: 2097152 op, 777854827.00 ns, 370.9101 ns/op
WorkloadActual   2: 2097152 op, 792569125.00 ns, 377.9264 ns/op
WorkloadActual   3: 2097152 op, 771963277.00 ns, 368.1008 ns/op

// AfterActualRun
WorkloadResult   1: 2097152 op, 771571267.00 ns, 367.9139 ns/op
WorkloadResult   2: 2097152 op, 786285565.00 ns, 374.9302 ns/op
WorkloadResult   3: 2097152 op, 765679717.00 ns, 365.1045 ns/op
// GC:  20 0 0 335544320 2097152
// Threading:  0 0 2097152

// AfterAll
// Benchmark Process 351667 has exited with code 0.

Mean = 369.316 ns, StdErr = 2.922 ns (0.79%), N = 3, StdDev = 5.061 ns
Min = 365.105 ns, Q1 = 366.509 ns, Median = 367.914 ns, Q3 = 371.422 ns, Max = 374.930 ns
IQR = 4.913 ns, LowerFence = 359.140 ns, UpperFence = 378.791 ns
ConfidenceInterval = [276.990 ns; 461.642 ns] (CI 99.9%), Margin = 92.326 ns (25.00% of Mean)
Skewness = 0.26, Kurtosis = 0.67, MValue = 2

// ** Remained 40 (88.9%) benchmark(s) to run. Estimated finish 2026-09-22 0:28 (0h 6m from now) **
// **************************
// Benchmark: FrameworkSetupBenchmarks.RealTransport_CreateDisposeAsync: ShortRun(IterationCount=3, LaunchCount=1, WarmupCount=3) [Sessions=100]
// *** Execute ***
// Launch: 1 / 1
// Execute: dotnet WinForward.Benchmarks-ShortRun-1.dll --anonymousPipes 123 125 --benchmarkName "WinForward.Benchmarks.Perf.FrameworkSetupBenchmarks.RealTransport_CreateDisposeAsync(Sessions: 100)" --job ShortRun --benchmarkId 5 in /home/paff/Projects/WinForward/benchmarks/WinForward.Benchmarks/bin/Release/net10.0/WinForward.Benchmarks-ShortRun-1/bin/Release/net10.0
// Failed to set up high priority (Permission denied). In order to run benchmarks with high priority, make sure you have the right permissions.
// BeforeAnythingElse

// Benchmark Process Environment Information:
// BenchmarkDotNet v0.15.8
// Runtime=.NET 10.0.12 (10.0.12, 10.0.1226.42308), X64 RyuJIT x86-64-v4
// GC=Concurrent Workstation
// HardwareIntrinsics=AVX512 BITALG+VBMI2+VNNI+VPOPCNTDQ,AVX512 IFMA+VBMI,AVX512 F+BW+CD+DQ+VL,AVX2+BMI1+BMI2+F16C+FMA+LZCNT+MOVBE,AVX,SSE3+SSSE3+SSE4.1+SSE4.2+POPCNT,X86Base+SSE+SSE2,AES+PCLMUL,AvxVnni VectorSize=256
// Job: ShortRun(IterationCount=3, LaunchCount=1, WarmupCount=3)

OverheadJitting  1: 1 op, 312239.00 ns, 312.2390 us/op
WorkloadJitting  1: 1 op, 520396935.00 ns, 520.3969 ms/op

OverheadJitting  2: 1 op, 1002.00 ns, 1.0020 us/op
WorkloadJitting  2: 1 op, 424774582.00 ns, 424.7746 ms/op

WorkloadWarmup   1: 1 op, 409894673.00 ns, 409.8947 ms/op
WorkloadWarmup   2: 1 op, 415611131.00 ns, 415.6111 ms/op
WorkloadWarmup   3: 1 op, 416596020.00 ns, 416.5960 ms/op

// BeforeActualRun
WorkloadActual   1: 1 op, 406006807.00 ns, 406.0068 ms/op
WorkloadActual   2: 1 op, 408854673.00 ns, 408.8547 ms/op
WorkloadActual   3: 1 op, 405085812.00 ns, 405.0858 ms/op

// AfterActualRun
WorkloadResult   1: 1 op, 406006807.00 ns, 406.0068 ms/op
WorkloadResult   2: 1 op, 408854673.00 ns, 408.8547 ms/op
WorkloadResult   3: 1 op, 405085812.00 ns, 405.0858 ms/op
// GC:  0 0 0 8343352 1
// Threading:  828 0 1
// Exceptions:  300

// AfterAll
// Benchmark Process 351710 has exited with code 0.

Mean = 406.649 ms, StdErr = 1.134 ms (0.28%), N = 3, StdDev = 1.965 ms
Min = 405.086 ms, Q1 = 405.546 ms, Median = 406.007 ms, Q3 = 407.431 ms, Max = 408.855 ms
IQR = 1.884 ms, LowerFence = 402.720 ms, UpperFence = 410.257 ms
ConfidenceInterval = [370.804 ms; 442.495 ms] (CI 99.9%), Margin = 35.845 ms (8.81% of Mean)
Skewness = 0.29, Kurtosis = 0.67, MValue = 2

// ** Remained 39 (86.7%) benchmark(s) to run. Estimated finish 2026-09-22 0:28 (0h 5m from now) **
// **************************
// Benchmark: FrameworkSetupBenchmarks.Control_ConnectDisposeAsync: ShortRun(IterationCount=3, LaunchCount=1, WarmupCount=3) [Sessions=100]
// *** Execute ***
// Launch: 1 / 1
// Execute: dotnet WinForward.Benchmarks-ShortRun-1.dll --anonymousPipes 123 125 --benchmarkName "WinForward.Benchmarks.Perf.FrameworkSetupBenchmarks.Control_ConnectDisposeAsync(Sessions: 100)" --job ShortRun --benchmarkId 6 in /home/paff/Projects/WinForward/benchmarks/WinForward.Benchmarks/bin/Release/net10.0/WinForward.Benchmarks-ShortRun-1/bin/Release/net10.0
// Failed to set up high priority (Permission denied). In order to run benchmarks with high priority, make sure you have the right permissions.
// BeforeAnythingElse

// Benchmark Process Environment Information:
// BenchmarkDotNet v0.15.8
// Runtime=.NET 10.0.12 (10.0.12, 10.0.1226.42308), X64 RyuJIT x86-64-v4
// GC=Concurrent Workstation
// HardwareIntrinsics=AVX512 BITALG+VBMI2+VNNI+VPOPCNTDQ,AVX512 IFMA+VBMI,AVX512 F+BW+CD+DQ+VL,AVX2+BMI1+BMI2+F16C+FMA+LZCNT+MOVBE,AVX,SSE3+SSSE3+SSE4.1+SSE4.2+POPCNT,X86Base+SSE+SSE2,AES+PCLMUL,AvxVnni VectorSize=256
// Job: ShortRun(IterationCount=3, LaunchCount=1, WarmupCount=3)

OverheadJitting  1: 1 op, 280849.00 ns, 280.8490 us/op
WorkloadJitting  1: 1 op, 455950827.00 ns, 455.9508 ms/op

OverheadJitting  2: 1 op, 1102.00 ns, 1.1020 us/op
WorkloadJitting  2: 1 op, 389477330.00 ns, 389.4773 ms/op

WorkloadWarmup   1: 1 op, 383976916.00 ns, 383.9769 ms/op
WorkloadWarmup   2: 1 op, 391081453.00 ns, 391.0815 ms/op
WorkloadWarmup   3: 1 op, 387894928.00 ns, 387.8949 ms/op

// BeforeActualRun
WorkloadActual   1: 1 op, 381426061.00 ns, 381.4261 ms/op
WorkloadActual   2: 1 op, 385272046.00 ns, 385.2720 ms/op
WorkloadActual   3: 1 op, 377772665.00 ns, 377.7727 ms/op

// AfterActualRun
WorkloadResult   1: 1 op, 381426061.00 ns, 381.4261 ms/op
WorkloadResult   2: 1 op, 385272046.00 ns, 385.2720 ms/op
WorkloadResult   3: 1 op, 377772665.00 ns, 377.7727 ms/op
// GC:  0 0 0 7742760 1
// Threading:  635 0 1
// Exceptions:  700

// AfterAll
// Benchmark Process 351771 has exited with code 0.

Mean = 381.490 ms, StdErr = 2.165 ms (0.57%), N = 3, StdDev = 3.750 ms
Min = 377.773 ms, Q1 = 379.599 ms, Median = 381.426 ms, Q3 = 383.349 ms, Max = 385.272 ms
IQR = 3.750 ms, LowerFence = 373.975 ms, UpperFence = 388.974 ms
ConfidenceInterval = [313.074 ms; 449.906 ms] (CI 99.9%), Margin = 68.416 ms (17.93% of Mean)
Skewness = 0.02, Kurtosis = 0.67, MValue = 2

// ** Remained 38 (84.4%) benchmark(s) to run. Estimated finish 2026-09-22 0:27 (0h 4m from now) **
// **************************
// Benchmark: FrameworkSetupBenchmarks.Control_ConnectAssociateDisposeAsync: ShortRun(IterationCount=3, LaunchCount=1, WarmupCount=3) [Sessions=100]
// *** Execute ***
// Launch: 1 / 1
// Execute: dotnet WinForward.Benchmarks-ShortRun-1.dll --anonymousPipes 123 125 --benchmarkName "WinForward.Benchmarks.Perf.FrameworkSetupBenchmarks.Control_ConnectAssociateDisposeAsync(Sessions: 100)" --job ShortRun --benchmarkId 7 in /home/paff/Projects/WinForward/benchmarks/WinForward.Benchmarks/bin/Release/net10.0/WinForward.Benchmarks-ShortRun-1/bin/Release/net10.0
// Failed to set up high priority (Permission denied). In order to run benchmarks with high priority, make sure you have the right permissions.
// BeforeAnythingElse

// Benchmark Process Environment Information:
// BenchmarkDotNet v0.15.8
// Runtime=.NET 10.0.12 (10.0.12, 10.0.1226.42308), X64 RyuJIT x86-64-v4
// GC=Concurrent Workstation
// HardwareIntrinsics=AVX512 BITALG+VBMI2+VNNI+VPOPCNTDQ,AVX512 IFMA+VBMI,AVX512 F+BW+CD+DQ+VL,AVX2+BMI1+BMI2+F16C+FMA+LZCNT+MOVBE,AVX,SSE3+SSSE3+SSE4.1+SSE4.2+POPCNT,X86Base+SSE+SSE2,AES+PCLMUL,AvxVnni VectorSize=256
// Job: ShortRun(IterationCount=3, LaunchCount=1, WarmupCount=3)

OverheadJitting  1: 1 op, 382671.00 ns, 382.6710 us/op
WorkloadJitting  1: 1 op, 469535926.00 ns, 469.5359 ms/op

OverheadJitting  2: 1 op, 902.00 ns, 902.0000 ns/op
WorkloadJitting  2: 1 op, 420110363.00 ns, 420.1104 ms/op

WorkloadWarmup   1: 1 op, 412319772.00 ns, 412.3198 ms/op
WorkloadWarmup   2: 1 op, 403301369.00 ns, 403.3014 ms/op
WorkloadWarmup   3: 1 op, 404432109.00 ns, 404.4321 ms/op

// BeforeActualRun
WorkloadActual   1: 1 op, 401235286.00 ns, 401.2353 ms/op
WorkloadActual   2: 1 op, 412192103.00 ns, 412.1921 ms/op
WorkloadActual   3: 1 op, 404193263.00 ns, 404.1933 ms/op

// AfterActualRun
WorkloadResult   1: 1 op, 401235286.00 ns, 401.2353 ms/op
WorkloadResult   2: 1 op, 412192103.00 ns, 412.1921 ms/op
WorkloadResult   3: 1 op, 404193263.00 ns, 404.1933 ms/op
// GC:  0 0 0 8025480 1
// Threading:  827 0 1
// Exceptions:  300

// AfterAll
// Benchmark Process 351799 has exited with code 0.

Mean = 405.874 ms, StdErr = 3.273 ms (0.81%), N = 3, StdDev = 5.668 ms
Min = 401.235 ms, Q1 = 402.714 ms, Median = 404.193 ms, Q3 = 408.193 ms, Max = 412.192 ms
IQR = 5.478 ms, LowerFence = 394.497 ms, UpperFence = 416.410 ms
ConfidenceInterval = [302.461 ms; 509.286 ms] (CI 99.9%), Margin = 103.412 ms (25.48% of Mean)
Skewness = 0.27, Kurtosis = 0.67, MValue = 2

// ** Remained 37 (82.2%) benchmark(s) to run. Estimated finish 2026-09-22 0:27 (0h 4m from now) **
// **************************
// Benchmark: FrameworkSetupBenchmarks.RelaySocket_CreateBindClose: ShortRun(IterationCount=3, LaunchCount=1, WarmupCount=3) [Sessions=100]
// *** Execute ***
// Launch: 1 / 1
// Execute: dotnet WinForward.Benchmarks-ShortRun-1.dll --anonymousPipes 123 125 --benchmarkName "WinForward.Benchmarks.Perf.FrameworkSetupBenchmarks.RelaySocket_CreateBindClose(Sessions: 100)" --job ShortRun --benchmarkId 8 in /home/paff/Projects/WinForward/benchmarks/WinForward.Benchmarks/bin/Release/net10.0/WinForward.Benchmarks-ShortRun-1/bin/Release/net10.0
// Failed to set up high priority (Permission denied). In order to run benchmarks with high priority, make sure you have the right permissions.
// BeforeAnythingElse

// Benchmark Process Environment Information:
// BenchmarkDotNet v0.15.8
// Runtime=.NET 10.0.12 (10.0.12, 10.0.1226.42308), X64 RyuJIT x86-64-v4
// GC=Concurrent Workstation
// HardwareIntrinsics=AVX512 BITALG+VBMI2+VNNI+VPOPCNTDQ,AVX512 IFMA+VBMI,AVX512 F+BW+CD+DQ+VL,AVX2+BMI1+BMI2+F16C+FMA+LZCNT+MOVBE,AVX,SSE3+SSSE3+SSE4.1+SSE4.2+POPCNT,X86Base+SSE+SSE2,AES+PCLMUL,AvxVnni VectorSize=256
// Job: ShortRun(IterationCount=3, LaunchCount=1, WarmupCount=3)

OverheadJitting  1: 1 op, 256734.00 ns, 256.7340 us/op
WorkloadJitting  1: 1 op, 5969308.00 ns, 5.9693 ms/op

OverheadJitting  2: 16 op, 456991.00 ns, 28.5619 us/op
WorkloadJitting  2: 16 op, 25298421.00 ns, 1.5812 ms/op

WorkloadPilot    1: 16 op, 25746147.00 ns, 1.6091 ms/op
WorkloadPilot    2: 32 op, 50569589.00 ns, 1.5803 ms/op
WorkloadPilot    3: 64 op, 102930023.00 ns, 1.6083 ms/op
WorkloadPilot    4: 128 op, 184434944.00 ns, 1.4409 ms/op
WorkloadPilot    5: 256 op, 359582118.00 ns, 1.4046 ms/op
WorkloadPilot    6: 512 op, 689303007.00 ns, 1.3463 ms/op

OverheadWarmup   1: 512 op, 5991.00 ns, 11.7012 ns/op
OverheadWarmup   2: 512 op, 2846.00 ns, 5.5586 ns/op
OverheadWarmup   3: 512 op, 2565.00 ns, 5.0098 ns/op
OverheadWarmup   4: 512 op, 2515.00 ns, 4.9121 ns/op
OverheadWarmup   5: 512 op, 2244.00 ns, 4.3828 ns/op
OverheadWarmup   6: 512 op, 2394.00 ns, 4.6758 ns/op
OverheadWarmup   7: 512 op, 2435.00 ns, 4.7559 ns/op
OverheadWarmup   8: 512 op, 2365.00 ns, 4.6191 ns/op
OverheadWarmup   9: 512 op, 2955.00 ns, 5.7715 ns/op
OverheadWarmup  10: 512 op, 2415.00 ns, 4.7168 ns/op

OverheadActual   1: 512 op, 2444.00 ns, 4.7734 ns/op
OverheadActual   2: 512 op, 2354.00 ns, 4.5977 ns/op
OverheadActual   3: 512 op, 2425.00 ns, 4.7363 ns/op
OverheadActual   4: 512 op, 2434.00 ns, 4.7539 ns/op
OverheadActual   5: 512 op, 2415.00 ns, 4.7168 ns/op
OverheadActual   6: 512 op, 2234.00 ns, 4.3633 ns/op
OverheadActual   7: 512 op, 2394.00 ns, 4.6758 ns/op
OverheadActual   8: 512 op, 2445.00 ns, 4.7754 ns/op
OverheadActual   9: 512 op, 2355.00 ns, 4.5996 ns/op
OverheadActual  10: 512 op, 2434.00 ns, 4.7539 ns/op
OverheadActual  11: 512 op, 2094.00 ns, 4.0898 ns/op
OverheadActual  12: 512 op, 2064.00 ns, 4.0313 ns/op
OverheadActual  13: 512 op, 2104.00 ns, 4.1094 ns/op
OverheadActual  14: 512 op, 2826.00 ns, 5.5195 ns/op
OverheadActual  15: 512 op, 2094.00 ns, 4.0898 ns/op
OverheadActual  16: 512 op, 2384.00 ns, 4.6563 ns/op
OverheadActual  17: 512 op, 2395.00 ns, 4.6777 ns/op
OverheadActual  18: 512 op, 2415.00 ns, 4.7168 ns/op
OverheadActual  19: 512 op, 2385.00 ns, 4.6582 ns/op
OverheadActual  20: 512 op, 2435.00 ns, 4.7559 ns/op

WorkloadWarmup   1: 512 op, 697289226.00 ns, 1.3619 ms/op
WorkloadWarmup   2: 512 op, 694592134.00 ns, 1.3566 ms/op
WorkloadWarmup   3: 512 op, 677881626.00 ns, 1.3240 ms/op

// BeforeActualRun
WorkloadActual   1: 512 op, 687865699.00 ns, 1.3435 ms/op
WorkloadActual   2: 512 op, 674990028.00 ns, 1.3183 ms/op
WorkloadActual   3: 512 op, 681015231.00 ns, 1.3301 ms/op

// AfterActualRun
WorkloadResult   1: 512 op, 687863304.50 ns, 1.3435 ms/op
WorkloadResult   2: 512 op, 674987633.50 ns, 1.3183 ms/op
WorkloadResult   3: 512 op, 681012836.50 ns, 1.3301 ms/op
// GC:  1 0 0 29491200 512
// Threading:  0 0 512

// AfterAll
// Benchmark Process 351830 has exited with code 0.

Mean = 1.331 ms, StdErr = 0.007 ms (0.55%), N = 3, StdDev = 0.013 ms
Min = 1.318 ms, Q1 = 1.324 ms, Median = 1.330 ms, Q3 = 1.337 ms, Max = 1.343 ms
IQR = 0.013 ms, LowerFence = 1.305 ms, UpperFence = 1.356 ms
ConfidenceInterval = [1.101 ms; 1.560 ms] (CI 99.9%), Margin = 0.230 ms (17.25% of Mean)
Skewness = 0.04, Kurtosis = 0.67, MValue = 2

// ** Remained 36 (80.0%) benchmark(s) to run. Estimated finish 2026-09-22 0:27 (0h 4m from now) **
// **************************
// Benchmark: FrameworkSetupBenchmarks.SelfTraffic_RegisterRelease: ShortRun(IterationCount=3, LaunchCount=1, WarmupCount=3) [Sessions=100]
// *** Execute ***
// Launch: 1 / 1
// Execute: dotnet WinForward.Benchmarks-ShortRun-1.dll --anonymousPipes 123 125 --benchmarkName "WinForward.Benchmarks.Perf.FrameworkSetupBenchmarks.SelfTraffic_RegisterRelease(Sessions: 100)" --job ShortRun --benchmarkId 9 in /home/paff/Projects/WinForward/benchmarks/WinForward.Benchmarks/bin/Release/net10.0/WinForward.Benchmarks-ShortRun-1/bin/Release/net10.0
// Failed to set up high priority (Permission denied). In order to run benchmarks with high priority, make sure you have the right permissions.
// BeforeAnythingElse

// Benchmark Process Environment Information:
// BenchmarkDotNet v0.15.8
// Runtime=.NET 10.0.12 (10.0.12, 10.0.1226.42308), X64 RyuJIT x86-64-v4
// GC=Concurrent Workstation
// HardwareIntrinsics=AVX512 BITALG+VBMI2+VNNI+VPOPCNTDQ,AVX512 IFMA+VBMI,AVX512 F+BW+CD+DQ+VL,AVX2+BMI1+BMI2+F16C+FMA+LZCNT+MOVBE,AVX,SSE3+SSSE3+SSE4.1+SSE4.2+POPCNT,X86Base+SSE+SSE2,AES+PCLMUL,AvxVnni VectorSize=256
// Job: ShortRun(IterationCount=3, LaunchCount=1, WarmupCount=3)

OverheadJitting  1: 1 op, 358355.00 ns, 358.3550 us/op
WorkloadJitting  1: 1 op, 9157466.00 ns, 9.1575 ms/op

OverheadJitting  2: 16 op, 380156.00 ns, 23.7598 us/op
WorkloadJitting  2: 16 op, 4695310.00 ns, 293.4569 us/op

WorkloadPilot    1: 16 op, 4124673.00 ns, 257.7921 us/op
WorkloadPilot    2: 32 op, 8416680.00 ns, 263.0213 us/op
WorkloadPilot    3: 64 op, 17342549.00 ns, 270.9773 us/op
WorkloadPilot    4: 128 op, 34592053.00 ns, 270.2504 us/op
WorkloadPilot    5: 256 op, 67127609.00 ns, 262.2172 us/op
WorkloadPilot    6: 512 op, 114534089.00 ns, 223.6994 us/op
WorkloadPilot    7: 1024 op, 53021340.00 ns, 51.7787 us/op
WorkloadPilot    8: 2048 op, 67504753.00 ns, 32.9613 us/op
WorkloadPilot    9: 4096 op, 136638731.00 ns, 33.3591 us/op
WorkloadPilot   10: 8192 op, 274990019.00 ns, 33.5681 us/op
WorkloadPilot   11: 16384 op, 551566768.00 ns, 33.6650 us/op

OverheadWarmup   1: 16384 op, 49593.00 ns, 3.0269 ns/op
OverheadWarmup   2: 16384 op, 69150.00 ns, 4.2206 ns/op
OverheadWarmup   3: 16384 op, 46017.00 ns, 2.8087 ns/op
OverheadWarmup   4: 16384 op, 46157.00 ns, 2.8172 ns/op
OverheadWarmup   5: 16384 op, 47329.00 ns, 2.8887 ns/op
OverheadWarmup   6: 16384 op, 46077.00 ns, 2.8123 ns/op

OverheadActual   1: 16384 op, 46278.00 ns, 2.8246 ns/op
OverheadActual   2: 16384 op, 46418.00 ns, 2.8331 ns/op
OverheadActual   3: 16384 op, 47951.00 ns, 2.9267 ns/op
OverheadActual   4: 16384 op, 46508.00 ns, 2.8386 ns/op
OverheadActual   5: 16384 op, 46358.00 ns, 2.8295 ns/op
OverheadActual   6: 16384 op, 66446.00 ns, 4.0555 ns/op
OverheadActual   7: 16384 op, 67817.00 ns, 4.1392 ns/op
OverheadActual   8: 16384 op, 46127.00 ns, 2.8154 ns/op
OverheadActual   9: 16384 op, 46487.00 ns, 2.8373 ns/op
OverheadActual  10: 16384 op, 130977.00 ns, 7.9942 ns/op
OverheadActual  11: 16384 op, 67797.00 ns, 4.1380 ns/op
OverheadActual  12: 16384 op, 263186.00 ns, 16.0636 ns/op
OverheadActual  13: 16384 op, 46317.00 ns, 2.8270 ns/op
OverheadActual  14: 16384 op, 46197.00 ns, 2.8196 ns/op
OverheadActual  15: 16384 op, 47419.00 ns, 2.8942 ns/op
OverheadActual  16: 16384 op, 46357.00 ns, 2.8294 ns/op
OverheadActual  17: 16384 op, 46007.00 ns, 2.8080 ns/op
OverheadActual  18: 16384 op, 46367.00 ns, 2.8300 ns/op
OverheadActual  19: 16384 op, 47290.00 ns, 2.8864 ns/op
OverheadActual  20: 16384 op, 46036.00 ns, 2.8098 ns/op

WorkloadWarmup   1: 16384 op, 563190191.00 ns, 34.3744 us/op
WorkloadWarmup   2: 16384 op, 569002193.00 ns, 34.7291 us/op
WorkloadWarmup   3: 16384 op, 566490930.00 ns, 34.5759 us/op

// BeforeActualRun
WorkloadActual   1: 16384 op, 561378407.00 ns, 34.2638 us/op
WorkloadActual   2: 16384 op, 539127291.00 ns, 32.9057 us/op
WorkloadActual   3: 16384 op, 536777160.00 ns, 32.7623 us/op

// AfterActualRun
WorkloadResult   1: 16384 op, 561331954.50 ns, 34.2610 us/op
WorkloadResult   2: 16384 op, 539080838.50 ns, 32.9029 us/op
WorkloadResult   3: 16384 op, 536730707.50 ns, 32.7594 us/op
// GC:  15 0 0 262144000 16384
// Threading:  0 0 16384

// AfterAll
// Benchmark Process 351924 has exited with code 0.

Mean = 33.308 us, StdErr = 0.478 us (1.44%), N = 3, StdDev = 0.829 us
Min = 32.759 us, Q1 = 32.831 us, Median = 32.903 us, Q3 = 33.582 us, Max = 34.261 us
IQR = 0.751 us, LowerFence = 31.705 us, UpperFence = 34.708 us
ConfidenceInterval = [18.191 us; 48.425 us] (CI 99.9%), Margin = 15.117 us (45.39% of Mean)
Skewness = 0.37, Kurtosis = 0.67, MValue = 2

// ** Remained 35 (77.8%) benchmark(s) to run. Estimated finish 2026-09-22 0:27 (0h 4m from now) **
// **************************
// Benchmark: FrameworkSetupBenchmarks.RealTransport_CreateDisposeAsync: ShortRun(IterationCount=3, LaunchCount=1, WarmupCount=3) [Sessions=1000]
// *** Execute ***
// Launch: 1 / 1
// Execute: dotnet WinForward.Benchmarks-ShortRun-1.dll --anonymousPipes 123 125 --benchmarkName "WinForward.Benchmarks.Perf.FrameworkSetupBenchmarks.RealTransport_CreateDisposeAsync(Sessions: 1000)" --job ShortRun --benchmarkId 10 in /home/paff/Projects/WinForward/benchmarks/WinForward.Benchmarks/bin/Release/net10.0/WinForward.Benchmarks-ShortRun-1/bin/Release/net10.0
// Failed to set up high priority (Permission denied). In order to run benchmarks with high priority, make sure you have the right permissions.
// BeforeAnythingElse

// Benchmark Process Environment Information:
// BenchmarkDotNet v0.15.8
// Runtime=.NET 10.0.12 (10.0.12, 10.0.1226.42308), X64 RyuJIT x86-64-v4
// GC=Concurrent Workstation
// HardwareIntrinsics=AVX512 BITALG+VBMI2+VNNI+VPOPCNTDQ,AVX512 IFMA+VBMI,AVX512 F+BW+CD+DQ+VL,AVX2+BMI1+BMI2+F16C+FMA+LZCNT+MOVBE,AVX,SSE3+SSSE3+SSE4.1+SSE4.2+POPCNT,X86Base+SSE+SSE2,AES+PCLMUL,AvxVnni VectorSize=256
// Job: ShortRun(IterationCount=3, LaunchCount=1, WarmupCount=3)

OverheadJitting  1: 1 op, 427065.00 ns, 427.0650 us/op
WorkloadJitting  1: 1 op, 1035631299.00 ns, 1.0356 s/op

OverheadJitting  2: 1 op, 1062.00 ns, 1.0620 us/op
WorkloadJitting  2: 1 op, 855136260.00 ns, 855.1363 ms/op

WorkloadWarmup   1: 1 op, 835526298.00 ns, 835.5263 ms/op
WorkloadWarmup   2: 1 op, 788749527.00 ns, 788.7495 ms/op
WorkloadWarmup   3: 1 op, 780658490.00 ns, 780.6585 ms/op

// BeforeActualRun
WorkloadActual   1: 1 op, 780713033.00 ns, 780.7130 ms/op
WorkloadActual   2: 1 op, 811860745.00 ns, 811.8607 ms/op
WorkloadActual   3: 1 op, 2426319090.00 ns, 2.4263 s/op

// AfterActualRun
WorkloadResult   1: 1 op, 780713033.00 ns, 780.7130 ms/op
WorkloadResult   2: 1 op, 811860745.00 ns, 811.8607 ms/op
WorkloadResult   3: 1 op, 2426319090.00 ns, 2.4263 s/op
// GC:  5 4 0 83444096 1
// Threading:  8437 0 1
// Exceptions:  3000

// AfterAll
// Benchmark Process 351964 has exited with code 0.

Mean = 1.340 s, StdErr = 0.543 s (40.56%), N = 3, StdDev = 0.941 s
Min = 0.781 s, Q1 = 0.796 s, Median = 0.812 s, Q3 = 1.619 s, Max = 2.426 s
IQR = 0.823 s, LowerFence = -0.438 s, UpperFence = 2.853 s
ConfidenceInterval = [-15.832 s; 18.511 s] (CI 99.9%), Margin = 17.172 s (1281.81% of Mean)
Skewness = 0.38, Kurtosis = 0.67, MValue = 2

// ** Remained 34 (75.6%) benchmark(s) to run. Estimated finish 2026-09-22 0:27 (0h 4m from now) **
// **************************
// Benchmark: FrameworkSetupBenchmarks.Control_ConnectDisposeAsync: ShortRun(IterationCount=3, LaunchCount=1, WarmupCount=3) [Sessions=1000]
// *** Execute ***
// Launch: 1 / 1
// Execute: dotnet WinForward.Benchmarks-ShortRun-1.dll --anonymousPipes 123 125 --benchmarkName "WinForward.Benchmarks.Perf.FrameworkSetupBenchmarks.Control_ConnectDisposeAsync(Sessions: 1000)" --job ShortRun --benchmarkId 11 in /home/paff/Projects/WinForward/benchmarks/WinForward.Benchmarks/bin/Release/net10.0/WinForward.Benchmarks-ShortRun-1/bin/Release/net10.0
// Failed to set up high priority (Permission denied). In order to run benchmarks with high priority, make sure you have the right permissions.
// BeforeAnythingElse

// Benchmark Process Environment Information:
// BenchmarkDotNet v0.15.8
// Runtime=.NET 10.0.12 (10.0.12, 10.0.1226.42308), X64 RyuJIT x86-64-v4
// GC=Concurrent Workstation
// HardwareIntrinsics=AVX512 BITALG+VBMI2+VNNI+VPOPCNTDQ,AVX512 IFMA+VBMI,AVX512 F+BW+CD+DQ+VL,AVX2+BMI1+BMI2+F16C+FMA+LZCNT+MOVBE,AVX,SSE3+SSSE3+SSE4.1+SSE4.2+POPCNT,X86Base+SSE+SSE2,AES+PCLMUL,AvxVnni VectorSize=256
// Job: ShortRun(IterationCount=3, LaunchCount=1, WarmupCount=3)

OverheadJitting  1: 1 op, 319913.00 ns, 319.9130 us/op
WorkloadJitting  1: 1 op, 2306522804.00 ns, 2.3065 s/op

OverheadJitting  2: 1 op, 1052.00 ns, 1.0520 us/op
WorkloadJitting  2: 1 op, 2190423712.00 ns, 2.1904 s/op

WorkloadWarmup   1: 1 op, 2198737683.00 ns, 2.1987 s/op
WorkloadWarmup   2: 1 op, 2194892598.00 ns, 2.1949 s/op
WorkloadWarmup   3: 1 op, 2252453811.00 ns, 2.2525 s/op

// BeforeActualRun
WorkloadActual   1: 1 op, 3660217957.00 ns, 3.6602 s/op
WorkloadActual   2: 1 op, 3847715472.00 ns, 3.8477 s/op
WorkloadActual   3: 1 op, 3821142268.00 ns, 3.8211 s/op

// AfterActualRun
WorkloadResult   1: 1 op, 3660217957.00 ns, 3.6602 s/op
WorkloadResult   2: 1 op, 3847715472.00 ns, 3.8477 s/op
WorkloadResult   3: 1 op, 3821142268.00 ns, 3.8211 s/op
// GC:  4 3 0 77444936 1
// Threading:  6351 0 1
// Exceptions:  7000

// AfterAll
// Benchmark Process 352060 has exited with code 0.

Mean = 3.776 s, StdErr = 0.059 s (1.55%), N = 3, StdDev = 0.101 s
Min = 3.660 s, Q1 = 3.741 s, Median = 3.821 s, Q3 = 3.834 s, Max = 3.848 s
IQR = 0.094 s, LowerFence = 3.600 s, UpperFence = 3.975 s
ConfidenceInterval = [1.925 s; 5.627 s] (CI 99.9%), Margin = 1.851 s (49.01% of Mean)
Skewness = -0.36, Kurtosis = 0.67, MValue = 2

// ** Remained 33 (73.3%) benchmark(s) to run. Estimated finish 2026-09-22 0:28 (0h 4m from now) **
// **************************
// Benchmark: FrameworkSetupBenchmarks.Control_ConnectAssociateDisposeAsync: ShortRun(IterationCount=3, LaunchCount=1, WarmupCount=3) [Sessions=1000]
// *** Execute ***
// Launch: 1 / 1
// Execute: dotnet WinForward.Benchmarks-ShortRun-1.dll --anonymousPipes 123 125 --benchmarkName "WinForward.Benchmarks.Perf.FrameworkSetupBenchmarks.Control_ConnectAssociateDisposeAsync(Sessions: 1000)" --job ShortRun --benchmarkId 12 in /home/paff/Projects/WinForward/benchmarks/WinForward.Benchmarks/bin/Release/net10.0/WinForward.Benchmarks-ShortRun-1/bin/Release/net10.0
// Failed to set up high priority (Permission denied). In order to run benchmarks with high priority, make sure you have the right permissions.
// BeforeAnythingElse

// Benchmark Process Environment Information:
// BenchmarkDotNet v0.15.8
// Runtime=.NET 10.0.12 (10.0.12, 10.0.1226.42308), X64 RyuJIT x86-64-v4
// GC=Concurrent Workstation
// HardwareIntrinsics=AVX512 BITALG+VBMI2+VNNI+VPOPCNTDQ,AVX512 IFMA+VBMI,AVX512 F+BW+CD+DQ+VL,AVX2+BMI1+BMI2+F16C+FMA+LZCNT+MOVBE,AVX,SSE3+SSSE3+SSE4.1+SSE4.2+POPCNT,X86Base+SSE+SSE2,AES+PCLMUL,AvxVnni VectorSize=256
// Job: ShortRun(IterationCount=3, LaunchCount=1, WarmupCount=3)

OverheadJitting  1: 1 op, 375037.00 ns, 375.0370 us/op
WorkloadJitting  1: 1 op, 4113022012.00 ns, 4.1130 s/op

OverheadJitting  2: 1 op, 711.00 ns, 711.0000 ns/op
WorkloadJitting  2: 1 op, 3995674883.00 ns, 3.9957 s/op

WorkloadWarmup   1: 1 op, 4017711105.00 ns, 4.0177 s/op
WorkloadWarmup   2: 1 op, 4043452522.00 ns, 4.0435 s/op
WorkloadWarmup   3: 1 op, 4089410771.00 ns, 4.0894 s/op

// BeforeActualRun
WorkloadActual   1: 1 op, 4270897988.00 ns, 4.2709 s/op
WorkloadActual   2: 1 op, 1363711606.00 ns, 1.3637 s/op
WorkloadActual   3: 1 op, 765777758.00 ns, 765.7778 ms/op

// AfterActualRun
WorkloadResult   1: 1 op, 4270897988.00 ns, 4.2709 s/op
WorkloadResult   2: 1 op, 1363711606.00 ns, 1.3637 s/op
WorkloadResult   3: 1 op, 765777758.00 ns, 765.7778 ms/op
// GC:  4 3 0 80323808 1
// Threading:  7931 0 1
// Exceptions:  3000

// AfterAll
// Benchmark Process 352289 has exited with code 0.

Mean = 2.133 s, StdErr = 1.083 s (50.74%), N = 3, StdDev = 1.875 s
Min = 0.766 s, Q1 = 1.065 s, Median = 1.364 s, Q3 = 2.817 s, Max = 4.271 s
IQR = 1.753 s, LowerFence = -1.564 s, UpperFence = 5.446 s
ConfidenceInterval = [-32.075 s; 36.342 s] (CI 99.9%), Margin = 34.208 s (1603.41% of Mean)
Skewness = 0.34, Kurtosis = 0.67, MValue = 2

// ** Remained 32 (71.1%) benchmark(s) to run. Estimated finish 2026-09-22 0:29 (0h 5m from now) **
// **************************
// Benchmark: FrameworkSetupBenchmarks.RelaySocket_CreateBindClose: ShortRun(IterationCount=3, LaunchCount=1, WarmupCount=3) [Sessions=1000]
// *** Execute ***
// Launch: 1 / 1
// Execute: dotnet WinForward.Benchmarks-ShortRun-1.dll --anonymousPipes 123 125 --benchmarkName "WinForward.Benchmarks.Perf.FrameworkSetupBenchmarks.RelaySocket_CreateBindClose(Sessions: 1000)" --job ShortRun --benchmarkId 13 in /home/paff/Projects/WinForward/benchmarks/WinForward.Benchmarks/bin/Release/net10.0/WinForward.Benchmarks-ShortRun-1/bin/Release/net10.0
// Failed to set up high priority (Permission denied). In order to run benchmarks with high priority, make sure you have the right permissions.
// BeforeAnythingElse

// Benchmark Process Environment Information:
// BenchmarkDotNet v0.15.8
// Runtime=.NET 10.0.12 (10.0.12, 10.0.1226.42308), X64 RyuJIT x86-64-v4
// GC=Concurrent Workstation
// HardwareIntrinsics=AVX512 BITALG+VBMI2+VNNI+VPOPCNTDQ,AVX512 IFMA+VBMI,AVX512 F+BW+CD+DQ+VL,AVX2+BMI1+BMI2+F16C+FMA+LZCNT+MOVBE,AVX,SSE3+SSSE3+SSE4.1+SSE4.2+POPCNT,X86Base+SSE+SSE2,AES+PCLMUL,AvxVnni VectorSize=256
// Job: ShortRun(IterationCount=3, LaunchCount=1, WarmupCount=3)

OverheadJitting  1: 1 op, 288153.00 ns, 288.1530 us/op
WorkloadJitting  1: 1 op, 22593112.00 ns, 22.5931 ms/op

OverheadJitting  2: 16 op, 461831.00 ns, 28.8644 us/op
WorkloadJitting  2: 16 op, 268210905.00 ns, 16.7632 ms/op

WorkloadPilot    1: 16 op, 244463327.00 ns, 15.2790 ms/op
WorkloadPilot    2: 32 op, 467140961.00 ns, 14.5982 ms/op
WorkloadPilot    3: 64 op, 851806114.00 ns, 13.3095 ms/op

OverheadWarmup   1: 64 op, 4809.00 ns, 75.1406 ns/op
OverheadWarmup   2: 64 op, 1453.00 ns, 22.7031 ns/op
OverheadWarmup   3: 64 op, 1082.00 ns, 16.9063 ns/op
OverheadWarmup   4: 64 op, 1263.00 ns, 19.7344 ns/op
OverheadWarmup   5: 64 op, 1193.00 ns, 18.6406 ns/op
OverheadWarmup   6: 64 op, 1232.00 ns, 19.2500 ns/op
OverheadWarmup   7: 64 op, 1213.00 ns, 18.9531 ns/op

OverheadActual   1: 64 op, 1183.00 ns, 18.4844 ns/op
OverheadActual   2: 64 op, 1192.00 ns, 18.6250 ns/op
OverheadActual   3: 64 op, 1182.00 ns, 18.4688 ns/op
OverheadActual   4: 64 op, 1192.00 ns, 18.6250 ns/op
OverheadActual   5: 64 op, 1022.00 ns, 15.9688 ns/op
OverheadActual   6: 64 op, 1213.00 ns, 18.9531 ns/op
OverheadActual   7: 64 op, 1042.00 ns, 16.2813 ns/op
OverheadActual   8: 64 op, 1092.00 ns, 17.0625 ns/op
OverheadActual   9: 64 op, 1453.00 ns, 22.7031 ns/op
OverheadActual  10: 64 op, 1102.00 ns, 17.2188 ns/op
OverheadActual  11: 64 op, 1062.00 ns, 16.5938 ns/op
OverheadActual  12: 64 op, 1052.00 ns, 16.4375 ns/op
OverheadActual  13: 64 op, 1232.00 ns, 19.2500 ns/op
OverheadActual  14: 64 op, 972.00 ns, 15.1875 ns/op
OverheadActual  15: 64 op, 1142.00 ns, 17.8438 ns/op
OverheadActual  16: 64 op, 1392.00 ns, 21.7500 ns/op
OverheadActual  17: 64 op, 1092.00 ns, 17.0625 ns/op
OverheadActual  18: 64 op, 1242.00 ns, 19.4063 ns/op
OverheadActual  19: 64 op, 1082.00 ns, 16.9063 ns/op
OverheadActual  20: 64 op, 932.00 ns, 14.5625 ns/op

WorkloadWarmup   1: 64 op, 870969242.00 ns, 13.6089 ms/op
WorkloadWarmup   2: 64 op, 855681040.00 ns, 13.3700 ms/op
WorkloadWarmup   3: 64 op, 863133838.00 ns, 13.4865 ms/op

// BeforeActualRun
WorkloadActual   1: 64 op, 865094092.00 ns, 13.5171 ms/op
WorkloadActual   2: 64 op, 885140710.00 ns, 13.8303 ms/op
WorkloadActual   3: 64 op, 901123587.00 ns, 14.0801 ms/op

// AfterActualRun
WorkloadResult   1: 64 op, 865092970.00 ns, 13.5171 ms/op
WorkloadResult   2: 64 op, 885139588.00 ns, 13.8303 ms/op
WorkloadResult   3: 64 op, 901122465.00 ns, 14.0800 ms/op
// GC:  2 0 0 36864000 64
// Threading:  0 0 64

// AfterAll
// Benchmark Process 353063 has exited with code 0.

Mean = 13.809 ms, StdErr = 0.163 ms (1.18%), N = 3, StdDev = 0.282 ms
Min = 13.517 ms, Q1 = 13.674 ms, Median = 13.830 ms, Q3 = 13.955 ms, Max = 14.080 ms
IQR = 0.281 ms, LowerFence = 13.251 ms, UpperFence = 14.377 ms
ConfidenceInterval = [8.663 ms; 18.955 ms] (CI 99.9%), Margin = 5.146 ms (37.27% of Mean)
Skewness = -0.07, Kurtosis = 0.67, MValue = 2

// ** Remained 31 (68.9%) benchmark(s) to run. Estimated finish 2026-09-22 0:29 (0h 5m from now) **
// **************************
// Benchmark: FrameworkSetupBenchmarks.SelfTraffic_RegisterRelease: ShortRun(IterationCount=3, LaunchCount=1, WarmupCount=3) [Sessions=1000]
// *** Execute ***
// Launch: 1 / 1
// Execute: dotnet WinForward.Benchmarks-ShortRun-1.dll --anonymousPipes 123 125 --benchmarkName "WinForward.Benchmarks.Perf.FrameworkSetupBenchmarks.SelfTraffic_RegisterRelease(Sessions: 1000)" --job ShortRun --benchmarkId 14 in /home/paff/Projects/WinForward/benchmarks/WinForward.Benchmarks/bin/Release/net10.0/WinForward.Benchmarks-ShortRun-1/bin/Release/net10.0
// Failed to set up high priority (Permission denied). In order to run benchmarks with high priority, make sure you have the right permissions.
// BeforeAnythingElse

// Benchmark Process Environment Information:
// BenchmarkDotNet v0.15.8
// Runtime=.NET 10.0.12 (10.0.12, 10.0.1226.42308), X64 RyuJIT x86-64-v4
// GC=Concurrent Workstation
// HardwareIntrinsics=AVX512 BITALG+VBMI2+VNNI+VPOPCNTDQ,AVX512 IFMA+VBMI,AVX512 F+BW+CD+DQ+VL,AVX2+BMI1+BMI2+F16C+FMA+LZCNT+MOVBE,AVX,SSE3+SSSE3+SSE4.1+SSE4.2+POPCNT,X86Base+SSE+SSE2,AES+PCLMUL,AvxVnni VectorSize=256
// Job: ShortRun(IterationCount=3, LaunchCount=1, WarmupCount=3)

OverheadJitting  1: 1 op, 268185.00 ns, 268.1850 us/op
WorkloadJitting  1: 1 op, 12445883.00 ns, 12.4459 ms/op

OverheadJitting  2: 16 op, 457793.00 ns, 28.6121 us/op
WorkloadJitting  2: 16 op, 75826261.00 ns, 4.7391 ms/op

WorkloadPilot    1: 16 op, 42972804.00 ns, 2.6858 ms/op
WorkloadPilot    2: 32 op, 82214369.00 ns, 2.5692 ms/op
WorkloadPilot    3: 64 op, 138984671.00 ns, 2.1716 ms/op
WorkloadPilot    4: 128 op, 83546267.00 ns, 652.7052 us/op
WorkloadPilot    5: 256 op, 83812620.00 ns, 327.3930 us/op
WorkloadPilot    6: 512 op, 167454828.00 ns, 327.0602 us/op
WorkloadPilot    7: 1024 op, 346528277.00 ns, 338.4065 us/op
WorkloadPilot    8: 2048 op, 687560310.00 ns, 335.7228 us/op

OverheadWarmup   1: 2048 op, 13516.00 ns, 6.5996 ns/op
OverheadWarmup   2: 2048 op, 9508.00 ns, 4.6426 ns/op
OverheadWarmup   3: 2048 op, 9758.00 ns, 4.7646 ns/op
OverheadWarmup   4: 2048 op, 9288.00 ns, 4.5352 ns/op
OverheadWarmup   5: 2048 op, 9137.00 ns, 4.4614 ns/op
OverheadWarmup   6: 2048 op, 10229.00 ns, 4.9946 ns/op
OverheadWarmup   7: 2048 op, 7203.00 ns, 3.5171 ns/op

OverheadActual   1: 2048 op, 9639.00 ns, 4.7065 ns/op
OverheadActual   2: 2048 op, 7484.00 ns, 3.6543 ns/op
OverheadActual   3: 2048 op, 10129.00 ns, 4.9458 ns/op
OverheadActual   4: 2048 op, 7885.00 ns, 3.8501 ns/op
OverheadActual   5: 2048 op, 7394.00 ns, 3.6104 ns/op
OverheadActual   6: 2048 op, 7734.00 ns, 3.7764 ns/op
OverheadActual   7: 2048 op, 9658.00 ns, 4.7158 ns/op
OverheadActual   8: 2048 op, 6863.00 ns, 3.3511 ns/op
OverheadActual   9: 2048 op, 7154.00 ns, 3.4932 ns/op
OverheadActual  10: 2048 op, 6793.00 ns, 3.3169 ns/op
OverheadActual  11: 2048 op, 6873.00 ns, 3.3560 ns/op
OverheadActual  12: 2048 op, 7244.00 ns, 3.5371 ns/op
OverheadActual  13: 2048 op, 7094.00 ns, 3.4639 ns/op
OverheadActual  14: 2048 op, 7213.00 ns, 3.5220 ns/op
OverheadActual  15: 2048 op, 7073.00 ns, 3.4536 ns/op
OverheadActual  16: 2048 op, 7113.00 ns, 3.4731 ns/op
OverheadActual  17: 2048 op, 6783.00 ns, 3.3120 ns/op
OverheadActual  18: 2048 op, 6944.00 ns, 3.3906 ns/op

WorkloadWarmup   1: 2048 op, 703127035.00 ns, 343.3237 us/op
WorkloadWarmup   2: 2048 op, 715926266.00 ns, 349.5734 us/op
WorkloadWarmup   3: 2048 op, 677312792.00 ns, 330.7191 us/op

// BeforeActualRun
WorkloadActual   1: 2048 op, 698116787.00 ns, 340.8773 us/op
WorkloadActual   2: 2048 op, 676206597.00 ns, 330.1790 us/op
WorkloadActual   3: 2048 op, 693491919.00 ns, 338.6191 us/op

// AfterActualRun
WorkloadResult   1: 2048 op, 698109603.50 ns, 340.8738 us/op
WorkloadResult   2: 2048 op, 676199413.50 ns, 330.1755 us/op
WorkloadResult   3: 2048 op, 693484735.50 ns, 338.6156 us/op
// GC:  19 0 0 327680000 2048
// Threading:  0 0 2048

// AfterAll
// Benchmark Process 353135 has exited with code 0.

Mean = 336.555 us, StdErr = 3.256 us (0.97%), N = 3, StdDev = 5.639 us
Min = 330.175 us, Q1 = 334.396 us, Median = 338.616 us, Q3 = 339.745 us, Max = 340.874 us
IQR = 5.349 us, LowerFence = 326.372 us, UpperFence = 347.768 us
ConfidenceInterval = [233.679 us; 439.431 us] (CI 99.9%), Margin = 102.876 us (30.57% of Mean)
Skewness = -0.32, Kurtosis = 0.67, MValue = 2

// ** Remained 30 (66.7%) benchmark(s) to run. Estimated finish 2026-09-22 0:29 (0h 5m from now) **
// ***** BenchmarkRunner: Finish  *****

// * Export *
  BenchmarkDotNet.Artifacts/results/WinForward.Benchmarks.Perf.FrameworkSetupBenchmarks-report.csv
  BenchmarkDotNet.Artifacts/results/WinForward.Benchmarks.Perf.FrameworkSetupBenchmarks-report-github.md
  BenchmarkDotNet.Artifacts/results/WinForward.Benchmarks.Perf.FrameworkSetupBenchmarks-report.html

// * Detailed results *
FrameworkSetupBenchmarks.RealTransport_CreateDisposeAsync: ShortRun(IterationCount=3, LaunchCount=1, WarmupCount=3) [Sessions=1]
Runtime = .NET 10.0.12 (10.0.12, 10.0.1226.42308), X64 RyuJIT x86-64-v4; GC = Concurrent Workstation
Mean = 919.019 us, StdErr = 4.710 us (0.51%), N = 3, StdDev = 8.157 us
Min = 913.825 us, Q1 = 914.318 us, Median = 914.811 us, Q3 = 921.616 us, Max = 928.421 us
IQR = 7.298 us, LowerFence = 903.371 us, UpperFence = 932.563 us
ConfidenceInterval = [770.202 us; 1,067.837 us] (CI 99.9%), Margin = 148.818 us (16.19% of Mean)
Skewness = 0.38, Kurtosis = 0.67, MValue = 2
-------------------- Histogram --------------------
[913.700 us ; 928.546 us) | @@@
---------------------------------------------------

FrameworkSetupBenchmarks.Control_ConnectDisposeAsync: ShortRun(IterationCount=3, LaunchCount=1, WarmupCount=3) [Sessions=1]
Runtime = .NET 10.0.12 (10.0.12, 10.0.1226.42308), X64 RyuJIT x86-64-v4; GC = Concurrent Workstation
Mean = 2.371 ms, StdErr = 0.004 ms (0.19%), N = 3, StdDev = 0.008 ms
Min = 2.365 ms, Q1 = 2.366 ms, Median = 2.368 ms, Q3 = 2.374 ms, Max = 2.380 ms
IQR = 0.007 ms, LowerFence = 2.355 ms, UpperFence = 2.384 ms
ConfidenceInterval = [2.230 ms; 2.512 ms] (CI 99.9%), Margin = 0.141 ms (5.95% of Mean)
Skewness = 0.34, Kurtosis = 0.67, MValue = 2
-------------------- Histogram --------------------
[2.358 ms ; 2.387 ms) | @@@
---------------------------------------------------

FrameworkSetupBenchmarks.Control_ConnectAssociateDisposeAsync: ShortRun(IterationCount=3, LaunchCount=1, WarmupCount=3) [Sessions=1]
Runtime = .NET 10.0.12 (10.0.12, 10.0.1226.42308), X64 RyuJIT x86-64-v4; GC = Concurrent Workstation
Mean = 4.227 ms, StdErr = 0.014 ms (0.33%), N = 3, StdDev = 0.024 ms
Min = 4.210 ms, Q1 = 4.213 ms, Median = 4.217 ms, Q3 = 4.236 ms, Max = 4.254 ms
IQR = 0.022 ms, LowerFence = 4.180 ms, UpperFence = 4.269 ms
ConfidenceInterval = [3.790 ms; 4.664 ms] (CI 99.9%), Margin = 0.437 ms (10.34% of Mean)
Skewness = 0.34, Kurtosis = 0.67, MValue = 2
-------------------- Histogram --------------------
[4.188 ms ; 4.255 ms) | @@@
---------------------------------------------------

FrameworkSetupBenchmarks.RelaySocket_CreateBindClose: ShortRun(IterationCount=3, LaunchCount=1, WarmupCount=3) [Sessions=1]
Runtime = .NET 10.0.12 (10.0.12, 10.0.1226.42308), X64 RyuJIT x86-64-v4; GC = Concurrent Workstation
Mean = 13.227 us, StdErr = 0.076 us (0.57%), N = 3, StdDev = 0.131 us
Min = 13.129 us, Q1 = 13.152 us, Median = 13.175 us, Q3 = 13.275 us, Max = 13.376 us
IQR = 0.123 us, LowerFence = 12.967 us, UpperFence = 13.460 us
ConfidenceInterval = [10.831 us; 15.622 us] (CI 99.9%), Margin = 2.395 us (18.11% of Mean)
Skewness = 0.33, Kurtosis = 0.67, MValue = 2
-------------------- Histogram --------------------
[13.010 us ; 13.496 us) | @@@
---------------------------------------------------

FrameworkSetupBenchmarks.SelfTraffic_RegisterRelease: ShortRun(IterationCount=3, LaunchCount=1, WarmupCount=3) [Sessions=1]
Runtime = .NET 10.0.12 (10.0.12, 10.0.1226.42308), X64 RyuJIT x86-64-v4; GC = Concurrent Workstation
Mean = 369.316 ns, StdErr = 2.922 ns (0.79%), N = 3, StdDev = 5.061 ns
Min = 365.105 ns, Q1 = 366.509 ns, Median = 367.914 ns, Q3 = 371.422 ns, Max = 374.930 ns
IQR = 4.913 ns, LowerFence = 359.140 ns, UpperFence = 378.791 ns
ConfidenceInterval = [276.990 ns; 461.642 ns] (CI 99.9%), Margin = 92.326 ns (25.00% of Mean)
Skewness = 0.26, Kurtosis = 0.67, MValue = 2
-------------------- Histogram --------------------
[361.904 ns ; 371.115 ns) | @@
[371.115 ns ; 379.536 ns) | @
---------------------------------------------------

FrameworkSetupBenchmarks.RealTransport_CreateDisposeAsync: ShortRun(IterationCount=3, LaunchCount=1, WarmupCount=3) [Sessions=100]
Runtime = .NET 10.0.12 (10.0.12, 10.0.1226.42308), X64 RyuJIT x86-64-v4; GC = Concurrent Workstation
Mean = 406.649 ms, StdErr = 1.134 ms (0.28%), N = 3, StdDev = 1.965 ms
Min = 405.086 ms, Q1 = 405.546 ms, Median = 406.007 ms, Q3 = 407.431 ms, Max = 408.855 ms
IQR = 1.884 ms, LowerFence = 402.720 ms, UpperFence = 410.257 ms
ConfidenceInterval = [370.804 ms; 442.495 ms] (CI 99.9%), Margin = 35.845 ms (8.81% of Mean)
Skewness = 0.29, Kurtosis = 0.67, MValue = 2
-------------------- Histogram --------------------
[403.298 ms ; 410.643 ms) | @@@
---------------------------------------------------

FrameworkSetupBenchmarks.Control_ConnectDisposeAsync: ShortRun(IterationCount=3, LaunchCount=1, WarmupCount=3) [Sessions=100]
Runtime = .NET 10.0.12 (10.0.12, 10.0.1226.42308), X64 RyuJIT x86-64-v4; GC = Concurrent Workstation
Mean = 381.490 ms, StdErr = 2.165 ms (0.57%), N = 3, StdDev = 3.750 ms
Min = 377.773 ms, Q1 = 379.599 ms, Median = 381.426 ms, Q3 = 383.349 ms, Max = 385.272 ms
IQR = 3.750 ms, LowerFence = 373.975 ms, UpperFence = 388.974 ms
ConfidenceInterval = [313.074 ms; 449.906 ms] (CI 99.9%), Margin = 68.416 ms (17.93% of Mean)
Skewness = 0.02, Kurtosis = 0.67, MValue = 2
-------------------- Histogram --------------------
[375.803 ms ; 388.685 ms) | @@@
---------------------------------------------------

FrameworkSetupBenchmarks.Control_ConnectAssociateDisposeAsync: ShortRun(IterationCount=3, LaunchCount=1, WarmupCount=3) [Sessions=100]
Runtime = .NET 10.0.12 (10.0.12, 10.0.1226.42308), X64 RyuJIT x86-64-v4; GC = Concurrent Workstation
Mean = 405.874 ms, StdErr = 3.273 ms (0.81%), N = 3, StdDev = 5.668 ms
Min = 401.235 ms, Q1 = 402.714 ms, Median = 404.193 ms, Q3 = 408.193 ms, Max = 412.192 ms
IQR = 5.478 ms, LowerFence = 394.497 ms, UpperFence = 416.410 ms
ConfidenceInterval = [302.461 ms; 509.286 ms] (CI 99.9%), Margin = 103.412 ms (25.48% of Mean)
Skewness = 0.27, Kurtosis = 0.67, MValue = 2
-------------------- Histogram --------------------
[397.556 ms ; 407.873 ms) | @@
[407.873 ms ; 417.351 ms) | @
---------------------------------------------------

FrameworkSetupBenchmarks.RelaySocket_CreateBindClose: ShortRun(IterationCount=3, LaunchCount=1, WarmupCount=3) [Sessions=100]
Runtime = .NET 10.0.12 (10.0.12, 10.0.1226.42308), X64 RyuJIT x86-64-v4; GC = Concurrent Workstation
Mean = 1.331 ms, StdErr = 0.007 ms (0.55%), N = 3, StdDev = 0.013 ms
Min = 1.318 ms, Q1 = 1.324 ms, Median = 1.330 ms, Q3 = 1.337 ms, Max = 1.343 ms
IQR = 0.013 ms, LowerFence = 1.305 ms, UpperFence = 1.356 ms
ConfidenceInterval = [1.101 ms; 1.560 ms] (CI 99.9%), Margin = 0.230 ms (17.25% of Mean)
Skewness = 0.04, Kurtosis = 0.67, MValue = 2
-------------------- Histogram --------------------
[1.311 ms ; 1.355 ms) | @@@
---------------------------------------------------

FrameworkSetupBenchmarks.SelfTraffic_RegisterRelease: ShortRun(IterationCount=3, LaunchCount=1, WarmupCount=3) [Sessions=100]
Runtime = .NET 10.0.12 (10.0.12, 10.0.1226.42308), X64 RyuJIT x86-64-v4; GC = Concurrent Workstation
Mean = 33.308 us, StdErr = 0.478 us (1.44%), N = 3, StdDev = 0.829 us
Min = 32.759 us, Q1 = 32.831 us, Median = 32.903 us, Q3 = 33.582 us, Max = 34.261 us
IQR = 0.751 us, LowerFence = 31.705 us, UpperFence = 34.708 us
ConfidenceInterval = [18.191 us; 48.425 us] (CI 99.9%), Margin = 15.117 us (45.39% of Mean)
Skewness = 0.37, Kurtosis = 0.67, MValue = 2
-------------------- Histogram --------------------
[32.756 us ; 34.264 us) | @@@
---------------------------------------------------

FrameworkSetupBenchmarks.RealTransport_CreateDisposeAsync: ShortRun(IterationCount=3, LaunchCount=1, WarmupCount=3) [Sessions=1000]
Runtime = .NET 10.0.12 (10.0.12, 10.0.1226.42308), X64 RyuJIT x86-64-v4; GC = Concurrent Workstation
Mean = 1.340 s, StdErr = 0.543 s (40.56%), N = 3, StdDev = 0.941 s
Min = 0.781 s, Q1 = 0.796 s, Median = 0.812 s, Q3 = 1.619 s, Max = 2.426 s
IQR = 0.823 s, LowerFence = -0.438 s, UpperFence = 2.853 s
ConfidenceInterval = [-15.832 s; 18.511 s] (CI 99.9%), Margin = 17.172 s (1281.81% of Mean)
Skewness = 0.38, Kurtosis = 0.67, MValue = 2
-------------------- Histogram --------------------
[0.747 s ; 2.460 s) | @@@
---------------------------------------------------

FrameworkSetupBenchmarks.Control_ConnectDisposeAsync: ShortRun(IterationCount=3, LaunchCount=1, WarmupCount=3) [Sessions=1000]
Runtime = .NET 10.0.12 (10.0.12, 10.0.1226.42308), X64 RyuJIT x86-64-v4; GC = Concurrent Workstation
Mean = 3.776 s, StdErr = 0.059 s (1.55%), N = 3, StdDev = 0.101 s
Min = 3.660 s, Q1 = 3.741 s, Median = 3.821 s, Q3 = 3.834 s, Max = 3.848 s
IQR = 0.094 s, LowerFence = 3.600 s, UpperFence = 3.975 s
ConfidenceInterval = [1.925 s; 5.627 s] (CI 99.9%), Margin = 1.851 s (49.01% of Mean)
Skewness = -0.36, Kurtosis = 0.67, MValue = 2
-------------------- Histogram --------------------
[3.568 s ; 3.742 s) | @
[3.742 s ; 3.940 s) | @@
---------------------------------------------------

FrameworkSetupBenchmarks.Control_ConnectAssociateDisposeAsync: ShortRun(IterationCount=3, LaunchCount=1, WarmupCount=3) [Sessions=1000]
Runtime = .NET 10.0.12 (10.0.12, 10.0.1226.42308), X64 RyuJIT x86-64-v4; GC = Concurrent Workstation
Mean = 2.133 s, StdErr = 1.083 s (50.74%), N = 3, StdDev = 1.875 s
Min = 0.766 s, Q1 = 1.065 s, Median = 1.364 s, Q3 = 2.817 s, Max = 4.271 s
IQR = 1.753 s, LowerFence = -1.564 s, UpperFence = 5.446 s
ConfidenceInterval = [-32.075 s; 36.342 s] (CI 99.9%), Margin = 34.208 s (1603.41% of Mean)
Skewness = 0.34, Kurtosis = 0.67, MValue = 2
-------------------- Histogram --------------------
[0.766 s ; 2.771 s) | @@
[2.771 s ; 5.977 s) | @
---------------------------------------------------

FrameworkSetupBenchmarks.RelaySocket_CreateBindClose: ShortRun(IterationCount=3, LaunchCount=1, WarmupCount=3) [Sessions=1000]
Runtime = .NET 10.0.12 (10.0.12, 10.0.1226.42308), X64 RyuJIT x86-64-v4; GC = Concurrent Workstation
Mean = 13.809 ms, StdErr = 0.163 ms (1.18%), N = 3, StdDev = 0.282 ms
Min = 13.517 ms, Q1 = 13.674 ms, Median = 13.830 ms, Q3 = 13.955 ms, Max = 14.080 ms
IQR = 0.281 ms, LowerFence = 13.251 ms, UpperFence = 14.377 ms
ConfidenceInterval = [8.663 ms; 18.955 ms] (CI 99.9%), Margin = 5.146 ms (37.27% of Mean)
Skewness = -0.07, Kurtosis = 0.67, MValue = 2
-------------------- Histogram --------------------
[13.260 ms ; 13.698 ms) | @
[13.698 ms ; 14.212 ms) | @@
---------------------------------------------------

FrameworkSetupBenchmarks.SelfTraffic_RegisterRelease: ShortRun(IterationCount=3, LaunchCount=1, WarmupCount=3) [Sessions=1000]
Runtime = .NET 10.0.12 (10.0.12, 10.0.1226.42308), X64 RyuJIT x86-64-v4; GC = Concurrent Workstation
Mean = 336.555 us, StdErr = 3.256 us (0.97%), N = 3, StdDev = 5.639 us
Min = 330.175 us, Q1 = 334.396 us, Median = 338.616 us, Q3 = 339.745 us, Max = 340.874 us
IQR = 5.349 us, LowerFence = 326.372 us, UpperFence = 347.768 us
ConfidenceInterval = [233.679 us; 439.431 us] (CI 99.9%), Margin = 102.876 us (30.57% of Mean)
Skewness = -0.32, Kurtosis = 0.67, MValue = 2
-------------------- Histogram --------------------
[325.044 us ; 334.613 us) | @
[334.613 us ; 346.006 us) | @@
---------------------------------------------------

// * Summary *

BenchmarkDotNet v0.15.8, Linux NixOS 26.11 (Zokor)
AMD Ryzen 9 9955HX 2.50GHz, 1 CPU, 32 logical and 16 physical cores
.NET SDK 10.0.401
  [Host]   : .NET 10.0.12 (10.0.12, 10.0.1226.42308), X64 RyuJIT x86-64-v4
  ShortRun : .NET 10.0.12 (10.0.12, 10.0.1226.42308), X64 RyuJIT x86-64-v4

Job=ShortRun  IterationCount=3  LaunchCount=1  
WarmupCount=3  

| Method                               | Sessions | Mean               | Error                | StdDev              | Median             | Gen0      | Gen1      | Allocated  |
|------------------------------------- |--------- |-------------------:|---------------------:|--------------------:|-------------------:|----------:|----------:|-----------:|
| RealTransport_CreateDisposeAsync     | 1        |       919,019.0 ns |        148,817.50 ns |         8,157.19 ns |       914,811.2 ns |    3.9063 |    1.9531 |    83674 B |
| Control_ConnectDisposeAsync          | 1        |     2,370,700.0 ns |        141,174.44 ns |         7,738.25 ns |     2,367,573.4 ns |    3.9063 |    2.9297 |    77652 B |
| Control_ConnectAssociateDisposeAsync | 1        |     4,227,012.9 ns |        436,923.03 ns |        23,949.23 ns |     4,217,174.2 ns |         - |         - |    80487 B |
| RelaySocket_CreateBindClose          | 1        |        13,226.7 ns |          2,395.32 ns |           131.30 ns |        13,174.7 ns |    0.0305 |         - |      576 B |
| SelfTraffic_RegisterRelease          | 1        |           369.3 ns |             92.33 ns |             5.06 ns |           367.9 ns |    0.0095 |         - |      160 B |
| RealTransport_CreateDisposeAsync     | 100      |   406,649,097.3 ns |     35,845,460.78 ns |     1,964,810.67 ns |   406,006,807.0 ns |         - |         - |  8343352 B |
| Control_ConnectDisposeAsync          | 100      |   381,490,257.3 ns |     68,415,832.04 ns |     3,750,102.63 ns |   381,426,061.0 ns |         - |         - |  7742760 B |
| Control_ConnectAssociateDisposeAsync | 100      |   405,873,550.7 ns |    103,412,276.39 ns |     5,668,375.84 ns |   404,193,263.0 ns |         - |         - |  8025480 B |
| RelaySocket_CreateBindClose          | 100      |     1,330,640.5 ns |        229,551.71 ns |        12,582.50 ns |     1,330,103.2 ns |    1.9531 |         - |    57600 B |
| SelfTraffic_RegisterRelease          | 100      |        33,307.8 ns |         15,117.06 ns |           828.62 ns |        32,902.9 ns |    0.9155 |         - |    16000 B |
| RealTransport_CreateDisposeAsync     | 1000     | 1,339,630,956.0 ns | 17,171,509,529.32 ns |   941,228,383.77 ns |   811,860,745.0 ns | 5000.0000 | 4000.0000 | 83444096 B |
| Control_ConnectDisposeAsync          | 1000     | 3,776,358,565.7 ns |  1,850,907,660.07 ns |   101,454,494.87 ns | 3,821,142,268.0 ns | 4000.0000 | 3000.0000 | 77444936 B |
| Control_ConnectAssociateDisposeAsync | 1000     | 2,133,462,450.7 ns | 34,208,095,038.48 ns | 1,875,061,126.69 ns | 1,363,711,606.0 ns | 4000.0000 | 3000.0000 | 80323808 B |
| RelaySocket_CreateBindClose          | 1000     |    13,809,140.7 ns |      5,146,127.31 ns |       282,076.60 ns |    13,830,306.1 ns |   31.2500 |         - |   576000 B |
| SelfTraffic_RegisterRelease          | 1000     |       336,555.0 ns |        102,876.17 ns |         5,638.99 ns |       338,615.6 ns |    9.2773 |         - |   160000 B |

// * Legends *
  Sessions  : Value of the 'Sessions' parameter
  Mean      : Arithmetic mean of all measurements
  Error     : Half of 99.9% confidence interval
  StdDev    : Standard deviation of all measurements
  Median    : Value separating the higher half of all measurements (50th percentile)
  Gen0      : GC Generation 0 collects per 1000 operations
  Gen1      : GC Generation 1 collects per 1000 operations
  Allocated : Allocated memory per single operation (managed only, inclusive, 1KB = 1024B)
  1 ns      : 1 Nanosecond (0.000000001 sec)

// * Diagnostic Output - MemoryDiagnoser *


// ***** BenchmarkRunner: End *****
Run time: 00:02:30 (150.86 sec), executed benchmarks: 15

// Found 30 benchmarks:
//   SessionSetupDecompositionBenchmarks.StageS0_CoordinatorOnly: ShortRun(InvocationCount=1, IterationCount=3, LaunchCount=1, UnrollFactor=1, WarmupCount=3) [Sessions=1]
//   SessionSetupDecompositionBenchmarks.StageS1_AdmissionOnlyAsync: ShortRun(InvocationCount=1, IterationCount=3, LaunchCount=1, UnrollFactor=1, WarmupCount=3) [Sessions=1]
//   SessionSetupDecompositionBenchmarks.StageS2_SetupStartedAsync: ShortRun(InvocationCount=1, IterationCount=3, LaunchCount=1, UnrollFactor=1, WarmupCount=3) [Sessions=1]
//   SessionSetupDecompositionBenchmarks.StageS3_PipelineNoPayloadAsync: ShortRun(InvocationCount=1, IterationCount=3, LaunchCount=1, UnrollFactor=1, WarmupCount=3) [Sessions=1]
//   SessionSetupDecompositionBenchmarks.StageS4_ReadinessTeardownOutsideAsync: ShortRun(InvocationCount=1, IterationCount=3, LaunchCount=1, UnrollFactor=1, WarmupCount=3) [Sessions=1]
//   SessionSetupDecompositionBenchmarks.StageS5_ReadinessTeardownInsideAsync: ShortRun(InvocationCount=1, IterationCount=3, LaunchCount=1, UnrollFactor=1, WarmupCount=3) [Sessions=1]
//   SessionSetupDecompositionBenchmarks.BaselineF_FakeTransportCreationAsync: ShortRun(InvocationCount=1, IterationCount=3, LaunchCount=1, UnrollFactor=1, WarmupCount=3) [Sessions=1]
//   SessionSetupDecompositionBenchmarks.BaselineH_FlowKeyConstruction: ShortRun(InvocationCount=1, IterationCount=3, LaunchCount=1, UnrollFactor=1, WarmupCount=3) [Sessions=1]
//   SessionSetupDecompositionBenchmarks.ComponentC1_AssociationClaimRelease: ShortRun(InvocationCount=1, IterationCount=3, LaunchCount=1, UnrollFactor=1, WarmupCount=3) [Sessions=1]
//   SessionSetupDecompositionBenchmarks.ComponentC2_SessionConstructStartAsync: ShortRun(InvocationCount=1, IterationCount=3, LaunchCount=1, UnrollFactor=1, WarmupCount=3) [Sessions=1]
//   SessionSetupDecompositionBenchmarks.StageS0_CoordinatorOnly: ShortRun(InvocationCount=1, IterationCount=3, LaunchCount=1, UnrollFactor=1, WarmupCount=3) [Sessions=100]
//   SessionSetupDecompositionBenchmarks.StageS1_AdmissionOnlyAsync: ShortRun(InvocationCount=1, IterationCount=3, LaunchCount=1, UnrollFactor=1, WarmupCount=3) [Sessions=100]
//   SessionSetupDecompositionBenchmarks.StageS2_SetupStartedAsync: ShortRun(InvocationCount=1, IterationCount=3, LaunchCount=1, UnrollFactor=1, WarmupCount=3) [Sessions=100]
//   SessionSetupDecompositionBenchmarks.StageS3_PipelineNoPayloadAsync: ShortRun(InvocationCount=1, IterationCount=3, LaunchCount=1, UnrollFactor=1, WarmupCount=3) [Sessions=100]
//   SessionSetupDecompositionBenchmarks.StageS4_ReadinessTeardownOutsideAsync: ShortRun(InvocationCount=1, IterationCount=3, LaunchCount=1, UnrollFactor=1, WarmupCount=3) [Sessions=100]
//   SessionSetupDecompositionBenchmarks.StageS5_ReadinessTeardownInsideAsync: ShortRun(InvocationCount=1, IterationCount=3, LaunchCount=1, UnrollFactor=1, WarmupCount=3) [Sessions=100]
//   SessionSetupDecompositionBenchmarks.BaselineF_FakeTransportCreationAsync: ShortRun(InvocationCount=1, IterationCount=3, LaunchCount=1, UnrollFactor=1, WarmupCount=3) [Sessions=100]
//   SessionSetupDecompositionBenchmarks.BaselineH_FlowKeyConstruction: ShortRun(InvocationCount=1, IterationCount=3, LaunchCount=1, UnrollFactor=1, WarmupCount=3) [Sessions=100]
//   SessionSetupDecompositionBenchmarks.ComponentC1_AssociationClaimRelease: ShortRun(InvocationCount=1, IterationCount=3, LaunchCount=1, UnrollFactor=1, WarmupCount=3) [Sessions=100]
//   SessionSetupDecompositionBenchmarks.ComponentC2_SessionConstructStartAsync: ShortRun(InvocationCount=1, IterationCount=3, LaunchCount=1, UnrollFactor=1, WarmupCount=3) [Sessions=100]
//   SessionSetupDecompositionBenchmarks.StageS0_CoordinatorOnly: ShortRun(InvocationCount=1, IterationCount=3, LaunchCount=1, UnrollFactor=1, WarmupCount=3) [Sessions=1000]
//   SessionSetupDecompositionBenchmarks.StageS1_AdmissionOnlyAsync: ShortRun(InvocationCount=1, IterationCount=3, LaunchCount=1, UnrollFactor=1, WarmupCount=3) [Sessions=1000]
//   SessionSetupDecompositionBenchmarks.StageS2_SetupStartedAsync: ShortRun(InvocationCount=1, IterationCount=3, LaunchCount=1, UnrollFactor=1, WarmupCount=3) [Sessions=1000]
//   SessionSetupDecompositionBenchmarks.StageS3_PipelineNoPayloadAsync: ShortRun(InvocationCount=1, IterationCount=3, LaunchCount=1, UnrollFactor=1, WarmupCount=3) [Sessions=1000]
//   SessionSetupDecompositionBenchmarks.StageS4_ReadinessTeardownOutsideAsync: ShortRun(InvocationCount=1, IterationCount=3, LaunchCount=1, UnrollFactor=1, WarmupCount=3) [Sessions=1000]
//   SessionSetupDecompositionBenchmarks.StageS5_ReadinessTeardownInsideAsync: ShortRun(InvocationCount=1, IterationCount=3, LaunchCount=1, UnrollFactor=1, WarmupCount=3) [Sessions=1000]
//   SessionSetupDecompositionBenchmarks.BaselineF_FakeTransportCreationAsync: ShortRun(InvocationCount=1, IterationCount=3, LaunchCount=1, UnrollFactor=1, WarmupCount=3) [Sessions=1000]
//   SessionSetupDecompositionBenchmarks.BaselineH_FlowKeyConstruction: ShortRun(InvocationCount=1, IterationCount=3, LaunchCount=1, UnrollFactor=1, WarmupCount=3) [Sessions=1000]
//   SessionSetupDecompositionBenchmarks.ComponentC1_AssociationClaimRelease: ShortRun(InvocationCount=1, IterationCount=3, LaunchCount=1, UnrollFactor=1, WarmupCount=3) [Sessions=1000]
//   SessionSetupDecompositionBenchmarks.ComponentC2_SessionConstructStartAsync: ShortRun(InvocationCount=1, IterationCount=3, LaunchCount=1, UnrollFactor=1, WarmupCount=3) [Sessions=1000]

// **************************
// Benchmark: SessionSetupDecompositionBenchmarks.StageS0_CoordinatorOnly: ShortRun(InvocationCount=1, IterationCount=3, LaunchCount=1, UnrollFactor=1, WarmupCount=3) [Sessions=1]
// *** Execute ***
// Launch: 1 / 1
// Execute: dotnet WinForward.Benchmarks-ShortRun-1.dll --anonymousPipes 129 130 --benchmarkName "WinForward.Benchmarks.Perf.SessionSetupDecompositionBenchmarks.StageS0_CoordinatorOnly(Sessions: 1)" --job ShortRun --benchmarkId 15 in /home/paff/Projects/WinForward/benchmarks/WinForward.Benchmarks/bin/Release/net10.0/WinForward.Benchmarks-ShortRun-1/bin/Release/net10.0
// Failed to set up high priority (Permission denied). In order to run benchmarks with high priority, make sure you have the right permissions.
// BeforeAnythingElse

// Benchmark Process Environment Information:
// BenchmarkDotNet v0.15.8
// Runtime=.NET 10.0.12 (10.0.12, 10.0.1226.42308), X64 RyuJIT x86-64-v4
// GC=Concurrent Workstation
// HardwareIntrinsics=AVX512 BITALG+VBMI2+VNNI+VPOPCNTDQ,AVX512 IFMA+VBMI,AVX512 F+BW+CD+DQ+VL,AVX2+BMI1+BMI2+F16C+FMA+LZCNT+MOVBE,AVX,SSE3+SSSE3+SSE4.1+SSE4.2+POPCNT,X86Base+SSE+SSE2,AES+PCLMUL,AvxVnni VectorSize=256
// Job: ShortRun(InvocationCount=1, IterationCount=3, LaunchCount=1, UnrollFactor=1, WarmupCount=3)

OverheadJitting  1: 1 op, 315855.00 ns, 315.8550 us/op
WorkloadJitting  1: 1 op, 7455399.00 ns, 7.4554 ms/op

OverheadWarmup   1: 1 op, 410.00 ns, 410.0000 ns/op
OverheadWarmup   2: 1 op, 271.00 ns, 271.0000 ns/op
OverheadWarmup   3: 1 op, 421.00 ns, 421.0000 ns/op
OverheadWarmup   4: 1 op, 421.00 ns, 421.0000 ns/op
OverheadWarmup   5: 1 op, 271.00 ns, 271.0000 ns/op
OverheadWarmup   6: 1 op, 411.00 ns, 411.0000 ns/op

OverheadActual   1: 1 op, 400.00 ns, 400.0000 ns/op
OverheadActual   2: 1 op, 721.00 ns, 721.0000 ns/op
OverheadActual   3: 1 op, 551.00 ns, 551.0000 ns/op
OverheadActual   4: 1 op, 481.00 ns, 481.0000 ns/op
OverheadActual   5: 1 op, 381.00 ns, 381.0000 ns/op
OverheadActual   6: 1 op, 280.00 ns, 280.0000 ns/op
OverheadActual   7: 1 op, 281.00 ns, 281.0000 ns/op
OverheadActual   8: 1 op, 281.00 ns, 281.0000 ns/op
OverheadActual   9: 1 op, 330.00 ns, 330.0000 ns/op
OverheadActual  10: 1 op, 661.00 ns, 661.0000 ns/op
OverheadActual  11: 1 op, 421.00 ns, 421.0000 ns/op
OverheadActual  12: 1 op, 271.00 ns, 271.0000 ns/op
OverheadActual  13: 1 op, 271.00 ns, 271.0000 ns/op
OverheadActual  14: 1 op, 451.00 ns, 451.0000 ns/op
OverheadActual  15: 1 op, 391.00 ns, 391.0000 ns/op
OverheadActual  16: 1 op, 401.00 ns, 401.0000 ns/op
OverheadActual  17: 1 op, 280.00 ns, 280.0000 ns/op
OverheadActual  18: 1 op, 371.00 ns, 371.0000 ns/op
OverheadActual  19: 1 op, 360.00 ns, 360.0000 ns/op
OverheadActual  20: 1 op, 281.00 ns, 281.0000 ns/op

WorkloadWarmup   1: 1 op, 64141.00 ns, 64.1410 us/op
WorkloadWarmup   2: 1 op, 14637.00 ns, 14.6370 us/op
WorkloadWarmup   3: 1 op, 13095.00 ns, 13.0950 us/op

// BeforeActualRun
WorkloadActual   1: 1 op, 53240.00 ns, 53.2400 us/op
WorkloadActual   2: 1 op, 13967.00 ns, 13.9670 us/op
WorkloadActual   3: 1 op, 12554.00 ns, 12.5540 us/op

// AfterActualRun
WorkloadResult   1: 1 op, 52864.00 ns, 52.8640 us/op
WorkloadResult   2: 1 op, 13591.00 ns, 13.5910 us/op
WorkloadResult   3: 1 op, 12178.00 ns, 12.1780 us/op
// GC:  0 0 0 8280 1
// Threading:  0 0 1

// AfterAll
// Benchmark Process 353214 has exited with code 0.

Mean = 26.211 us, StdErr = 13.333 us (50.87%), N = 3, StdDev = 23.093 us
Min = 12.178 us, Q1 = 12.884 us, Median = 13.591 us, Q3 = 33.227 us, Max = 52.864 us
IQR = 20.343 us, LowerFence = -17.630 us, UpperFence = 63.742 us
ConfidenceInterval = [-395.091 us; 447.513 us] (CI 99.9%), Margin = 421.302 us (1607.35% of Mean)
Skewness = 0.38, Kurtosis = 0.67, MValue = 2

// ** Remained 29 (64.4%) benchmark(s) to run. Estimated finish 2026-09-22 0:29 (0h 4m from now) **
// **************************
// Benchmark: SessionSetupDecompositionBenchmarks.StageS1_AdmissionOnlyAsync: ShortRun(InvocationCount=1, IterationCount=3, LaunchCount=1, UnrollFactor=1, WarmupCount=3) [Sessions=1]
// *** Execute ***
// Launch: 1 / 1
// Execute: dotnet WinForward.Benchmarks-ShortRun-1.dll --anonymousPipes 129 130 --benchmarkName "WinForward.Benchmarks.Perf.SessionSetupDecompositionBenchmarks.StageS1_AdmissionOnlyAsync(Sessions: 1)" --job ShortRun --benchmarkId 16 in /home/paff/Projects/WinForward/benchmarks/WinForward.Benchmarks/bin/Release/net10.0/WinForward.Benchmarks-ShortRun-1/bin/Release/net10.0
// Failed to set up high priority (Permission denied). In order to run benchmarks with high priority, make sure you have the right permissions.
// BeforeAnythingElse

// Benchmark Process Environment Information:
// BenchmarkDotNet v0.15.8
// Runtime=.NET 10.0.12 (10.0.12, 10.0.1226.42308), X64 RyuJIT x86-64-v4
// GC=Concurrent Workstation
// HardwareIntrinsics=AVX512 BITALG+VBMI2+VNNI+VPOPCNTDQ,AVX512 IFMA+VBMI,AVX512 F+BW+CD+DQ+VL,AVX2+BMI1+BMI2+F16C+FMA+LZCNT+MOVBE,AVX,SSE3+SSSE3+SSE4.1+SSE4.2+POPCNT,X86Base+SSE+SSE2,AES+PCLMUL,AvxVnni VectorSize=256
// Job: ShortRun(InvocationCount=1, IterationCount=3, LaunchCount=1, UnrollFactor=1, WarmupCount=3)

OverheadJitting  1: 1 op, 245723.00 ns, 245.7230 us/op
WorkloadJitting  1: 1 op, 24546233.00 ns, 24.5462 ms/op

OverheadWarmup   1: 1 op, 451.00 ns, 451.0000 ns/op
OverheadWarmup   2: 1 op, 431.00 ns, 431.0000 ns/op
OverheadWarmup   3: 1 op, 451.00 ns, 451.0000 ns/op
OverheadWarmup   4: 1 op, 601.00 ns, 601.0000 ns/op
OverheadWarmup   5: 1 op, 461.00 ns, 461.0000 ns/op
OverheadWarmup   6: 1 op, 611.00 ns, 611.0000 ns/op
OverheadWarmup   7: 1 op, 440.00 ns, 440.0000 ns/op

OverheadActual   1: 1 op, 451.00 ns, 451.0000 ns/op
OverheadActual   2: 1 op, 481.00 ns, 481.0000 ns/op
OverheadActual   3: 1 op, 500.00 ns, 500.0000 ns/op
OverheadActual   4: 1 op, 400.00 ns, 400.0000 ns/op
OverheadActual   5: 1 op, 410.00 ns, 410.0000 ns/op
OverheadActual   6: 1 op, 441.00 ns, 441.0000 ns/op
OverheadActual   7: 1 op, 371.00 ns, 371.0000 ns/op
OverheadActual   8: 1 op, 831.00 ns, 831.0000 ns/op
OverheadActual   9: 1 op, 391.00 ns, 391.0000 ns/op
OverheadActual  10: 1 op, 391.00 ns, 391.0000 ns/op
OverheadActual  11: 1 op, 902.00 ns, 902.0000 ns/op
OverheadActual  12: 1 op, 271.00 ns, 271.0000 ns/op
OverheadActual  13: 1 op, 571.00 ns, 571.0000 ns/op
OverheadActual  14: 1 op, 431.00 ns, 431.0000 ns/op
OverheadActual  15: 1 op, 411.00 ns, 411.0000 ns/op
OverheadActual  16: 1 op, 692.00 ns, 692.0000 ns/op
OverheadActual  17: 1 op, 390.00 ns, 390.0000 ns/op
OverheadActual  18: 1 op, 421.00 ns, 421.0000 ns/op
OverheadActual  19: 1 op, 331.00 ns, 331.0000 ns/op
OverheadActual  20: 1 op, 441.00 ns, 441.0000 ns/op

WorkloadWarmup   1: 1 op, 153169.00 ns, 153.1690 us/op
WorkloadWarmup   2: 1 op, 37501.00 ns, 37.5010 us/op
WorkloadWarmup   3: 1 op, 35146.00 ns, 35.1460 us/op

// BeforeActualRun
WorkloadActual   1: 1 op, 126078.00 ns, 126.0780 us/op
WorkloadActual   2: 1 op, 67738.00 ns, 67.7380 us/op
WorkloadActual   3: 1 op, 35697.00 ns, 35.6970 us/op

// AfterActualRun
WorkloadResult   1: 1 op, 125652.00 ns, 125.6520 us/op
WorkloadResult   2: 1 op, 67312.00 ns, 67.3120 us/op
WorkloadResult   3: 1 op, 35271.00 ns, 35.2710 us/op
// GC:  0 0 0 7176 1
// Threading:  0 0 1

// AfterAll
// Benchmark Process 353223 has exited with code 0.

Mean = 76.078 us, StdErr = 26.456 us (34.78%), N = 3, StdDev = 45.824 us
Min = 35.271 us, Q1 = 51.291 us, Median = 67.312 us, Q3 = 96.482 us, Max = 125.652 us
IQR = 45.191 us, LowerFence = -16.494 us, UpperFence = 164.268 us
ConfidenceInterval = [-759.918 us; 912.074 us] (CI 99.9%), Margin = 835.996 us (1098.86% of Mean)
Skewness = 0.18, Kurtosis = 0.67, MValue = 2

// ** Remained 28 (62.2%) benchmark(s) to run. Estimated finish 2026-09-22 0:28 (0h 4m from now) **
// **************************
// Benchmark: SessionSetupDecompositionBenchmarks.StageS2_SetupStartedAsync: ShortRun(InvocationCount=1, IterationCount=3, LaunchCount=1, UnrollFactor=1, WarmupCount=3) [Sessions=1]
// *** Execute ***
// Launch: 1 / 1
// Execute: dotnet WinForward.Benchmarks-ShortRun-1.dll --anonymousPipes 129 130 --benchmarkName "WinForward.Benchmarks.Perf.SessionSetupDecompositionBenchmarks.StageS2_SetupStartedAsync(Sessions: 1)" --job ShortRun --benchmarkId 17 in /home/paff/Projects/WinForward/benchmarks/WinForward.Benchmarks/bin/Release/net10.0/WinForward.Benchmarks-ShortRun-1/bin/Release/net10.0
// Failed to set up high priority (Permission denied). In order to run benchmarks with high priority, make sure you have the right permissions.
// BeforeAnythingElse

// Benchmark Process Environment Information:
// BenchmarkDotNet v0.15.8
// Runtime=.NET 10.0.12 (10.0.12, 10.0.1226.42308), X64 RyuJIT x86-64-v4
// GC=Concurrent Workstation
// HardwareIntrinsics=AVX512 BITALG+VBMI2+VNNI+VPOPCNTDQ,AVX512 IFMA+VBMI,AVX512 F+BW+CD+DQ+VL,AVX2+BMI1+BMI2+F16C+FMA+LZCNT+MOVBE,AVX,SSE3+SSSE3+SSE4.1+SSE4.2+POPCNT,X86Base+SSE+SSE2,AES+PCLMUL,AvxVnni VectorSize=256
// Job: ShortRun(InvocationCount=1, IterationCount=3, LaunchCount=1, UnrollFactor=1, WarmupCount=3)

OverheadJitting  1: 1 op, 265230.00 ns, 265.2300 us/op
WorkloadJitting  1: 1 op, 108846816.00 ns, 108.8468 ms/op

OverheadWarmup   1: 1 op, 671.00 ns, 671.0000 ns/op
OverheadWarmup   2: 1 op, 511.00 ns, 511.0000 ns/op
OverheadWarmup   3: 1 op, 531.00 ns, 531.0000 ns/op
OverheadWarmup   4: 1 op, 421.00 ns, 421.0000 ns/op
OverheadWarmup   5: 1 op, 311.00 ns, 311.0000 ns/op
OverheadWarmup   6: 1 op, 290.00 ns, 290.0000 ns/op
OverheadWarmup   7: 1 op, 291.00 ns, 291.0000 ns/op
OverheadWarmup   8: 1 op, 291.00 ns, 291.0000 ns/op

OverheadActual   1: 1 op, 441.00 ns, 441.0000 ns/op
OverheadActual   2: 1 op, 511.00 ns, 511.0000 ns/op
OverheadActual   3: 1 op, 511.00 ns, 511.0000 ns/op
OverheadActual   4: 1 op, 411.00 ns, 411.0000 ns/op
OverheadActual   5: 1 op, 431.00 ns, 431.0000 ns/op
OverheadActual   6: 1 op, 461.00 ns, 461.0000 ns/op
OverheadActual   7: 1 op, 290.00 ns, 290.0000 ns/op
OverheadActual   8: 1 op, 290.00 ns, 290.0000 ns/op
OverheadActual   9: 1 op, 301.00 ns, 301.0000 ns/op
OverheadActual  10: 1 op, 280.00 ns, 280.0000 ns/op
OverheadActual  11: 1 op, 291.00 ns, 291.0000 ns/op
OverheadActual  12: 1 op, 411.00 ns, 411.0000 ns/op
OverheadActual  13: 1 op, 461.00 ns, 461.0000 ns/op
OverheadActual  14: 1 op, 270.00 ns, 270.0000 ns/op
OverheadActual  15: 1 op, 271.00 ns, 271.0000 ns/op
OverheadActual  16: 1 op, 421.00 ns, 421.0000 ns/op
OverheadActual  17: 1 op, 410.00 ns, 410.0000 ns/op
OverheadActual  18: 1 op, 401.00 ns, 401.0000 ns/op
OverheadActual  19: 1 op, 411.00 ns, 411.0000 ns/op
OverheadActual  20: 1 op, 311.00 ns, 311.0000 ns/op

WorkloadWarmup   1: 1 op, 73408310.00 ns, 73.4083 ms/op
WorkloadWarmup   2: 1 op, 76489040.00 ns, 76.4890 ms/op
WorkloadWarmup   3: 1 op, 73618330.00 ns, 73.6183 ms/op

// BeforeActualRun
WorkloadActual   1: 1 op, 73260426.00 ns, 73.2604 ms/op
WorkloadActual   2: 1 op, 71730991.00 ns, 71.7310 ms/op
WorkloadActual   3: 1 op, 72598608.00 ns, 72.5986 ms/op

// AfterActualRun
WorkloadResult   1: 1 op, 73260015.50 ns, 73.2600 ms/op
WorkloadResult   2: 1 op, 71730580.50 ns, 71.7306 ms/op
WorkloadResult   3: 1 op, 72598197.50 ns, 72.5982 ms/op
// GC:  0 0 0 34824 1
// Threading:  4 0 1

// AfterAll
// Benchmark Process 353233 has exited with code 0.

Mean = 72.530 ms, StdErr = 0.443 ms (0.61%), N = 3, StdDev = 0.767 ms
Min = 71.731 ms, Q1 = 72.164 ms, Median = 72.598 ms, Q3 = 72.929 ms, Max = 73.260 ms
IQR = 0.765 ms, LowerFence = 71.017 ms, UpperFence = 74.076 ms
ConfidenceInterval = [58.536 ms; 86.523 ms] (CI 99.9%), Margin = 13.993 ms (19.29% of Mean)
Skewness = -0.09, Kurtosis = 0.67, MValue = 2

// ** Remained 27 (60.0%) benchmark(s) to run. Estimated finish 2026-09-22 0:28 (0h 3m from now) **
// **************************
// Benchmark: SessionSetupDecompositionBenchmarks.StageS3_PipelineNoPayloadAsync: ShortRun(InvocationCount=1, IterationCount=3, LaunchCount=1, UnrollFactor=1, WarmupCount=3) [Sessions=1]
// *** Execute ***
// Launch: 1 / 1
// Execute: dotnet WinForward.Benchmarks-ShortRun-1.dll --anonymousPipes 129 130 --benchmarkName "WinForward.Benchmarks.Perf.SessionSetupDecompositionBenchmarks.StageS3_PipelineNoPayloadAsync(Sessions: 1)" --job ShortRun --benchmarkId 18 in /home/paff/Projects/WinForward/benchmarks/WinForward.Benchmarks/bin/Release/net10.0/WinForward.Benchmarks-ShortRun-1/bin/Release/net10.0
// Failed to set up high priority (Permission denied). In order to run benchmarks with high priority, make sure you have the right permissions.
// BeforeAnythingElse

// Benchmark Process Environment Information:
// BenchmarkDotNet v0.15.8
// Runtime=.NET 10.0.12 (10.0.12, 10.0.1226.42308), X64 RyuJIT x86-64-v4
// GC=Concurrent Workstation
// HardwareIntrinsics=AVX512 BITALG+VBMI2+VNNI+VPOPCNTDQ,AVX512 IFMA+VBMI,AVX512 F+BW+CD+DQ+VL,AVX2+BMI1+BMI2+F16C+FMA+LZCNT+MOVBE,AVX,SSE3+SSSE3+SSE4.1+SSE4.2+POPCNT,X86Base+SSE+SSE2,AES+PCLMUL,AvxVnni VectorSize=256
// Job: ShortRun(InvocationCount=1, IterationCount=3, LaunchCount=1, UnrollFactor=1, WarmupCount=3)

OverheadJitting  1: 1 op, 272914.00 ns, 272.9140 us/op
WorkloadJitting  1: 1 op, 84128093.00 ns, 84.1281 ms/op

OverheadWarmup   1: 1 op, 882.00 ns, 882.0000 ns/op
OverheadWarmup   2: 1 op, 501.00 ns, 501.0000 ns/op
OverheadWarmup   3: 1 op, 420.00 ns, 420.0000 ns/op
OverheadWarmup   4: 1 op, 481.00 ns, 481.0000 ns/op
OverheadWarmup   5: 1 op, 441.00 ns, 441.0000 ns/op
OverheadWarmup   6: 1 op, 721.00 ns, 721.0000 ns/op
OverheadWarmup   7: 1 op, 421.00 ns, 421.0000 ns/op

OverheadActual   1: 1 op, 411.00 ns, 411.0000 ns/op
OverheadActual   2: 1 op, 411.00 ns, 411.0000 ns/op
OverheadActual   3: 1 op, 421.00 ns, 421.0000 ns/op
OverheadActual   4: 1 op, 571.00 ns, 571.0000 ns/op
OverheadActual   5: 1 op, 611.00 ns, 611.0000 ns/op
OverheadActual   6: 1 op, 430.00 ns, 430.0000 ns/op
OverheadActual   7: 1 op, 401.00 ns, 401.0000 ns/op
OverheadActual   8: 1 op, 280.00 ns, 280.0000 ns/op
OverheadActual   9: 1 op, 421.00 ns, 421.0000 ns/op
OverheadActual  10: 1 op, 441.00 ns, 441.0000 ns/op
OverheadActual  11: 1 op, 511.00 ns, 511.0000 ns/op
OverheadActual  12: 1 op, 411.00 ns, 411.0000 ns/op
OverheadActual  13: 1 op, 441.00 ns, 441.0000 ns/op
OverheadActual  14: 1 op, 461.00 ns, 461.0000 ns/op
OverheadActual  15: 1 op, 411.00 ns, 411.0000 ns/op
OverheadActual  16: 1 op, 461.00 ns, 461.0000 ns/op
OverheadActual  17: 1 op, 360.00 ns, 360.0000 ns/op
OverheadActual  18: 1 op, 400.00 ns, 400.0000 ns/op
OverheadActual  19: 1 op, 421.00 ns, 421.0000 ns/op
OverheadActual  20: 1 op, 401.00 ns, 401.0000 ns/op

WorkloadWarmup   1: 1 op, 32313300.00 ns, 32.3133 ms/op
WorkloadWarmup   2: 1 op, 31666861.00 ns, 31.6669 ms/op
WorkloadWarmup   3: 1 op, 31044788.00 ns, 31.0448 ms/op

// BeforeActualRun
WorkloadActual   1: 1 op, 30992369.00 ns, 30.9924 ms/op
WorkloadActual   2: 1 op, 31277396.00 ns, 31.2774 ms/op
WorkloadActual   3: 1 op, 32640616.00 ns, 32.6406 ms/op

// AfterActualRun
WorkloadResult   1: 1 op, 30991948.00 ns, 30.9919 ms/op
WorkloadResult   2: 1 op, 31276975.00 ns, 31.2770 ms/op
WorkloadResult   3: 1 op, 32640195.00 ns, 32.6402 ms/op
// GC:  0 0 0 39184 1
// Threading:  0 0 1

// AfterAll
// Benchmark Process 353788 has exited with code 0.

Mean = 31.636 ms, StdErr = 0.509 ms (1.61%), N = 3, StdDev = 0.881 ms
Min = 30.992 ms, Q1 = 31.134 ms, Median = 31.277 ms, Q3 = 31.959 ms, Max = 32.640 ms
IQR = 0.824 ms, LowerFence = 29.898 ms, UpperFence = 33.195 ms
ConfidenceInterval = [15.565 ms; 47.708 ms] (CI 99.9%), Margin = 16.072 ms (50.80% of Mean)
Skewness = 0.34, Kurtosis = 0.67, MValue = 2

// ** Remained 26 (57.8%) benchmark(s) to run. Estimated finish 2026-09-22 0:28 (0h 3m from now) **
// **************************
// Benchmark: SessionSetupDecompositionBenchmarks.StageS4_ReadinessTeardownOutsideAsync: ShortRun(InvocationCount=1, IterationCount=3, LaunchCount=1, UnrollFactor=1, WarmupCount=3) [Sessions=1]
// *** Execute ***
// Launch: 1 / 1
// Execute: dotnet WinForward.Benchmarks-ShortRun-1.dll --anonymousPipes 129 130 --benchmarkName "WinForward.Benchmarks.Perf.SessionSetupDecompositionBenchmarks.StageS4_ReadinessTeardownOutsideAsync(Sessions: 1)" --job ShortRun --benchmarkId 19 in /home/paff/Projects/WinForward/benchmarks/WinForward.Benchmarks/bin/Release/net10.0/WinForward.Benchmarks-ShortRun-1/bin/Release/net10.0
// Failed to set up high priority (Permission denied). In order to run benchmarks with high priority, make sure you have the right permissions.
// BeforeAnythingElse

// Benchmark Process Environment Information:
// BenchmarkDotNet v0.15.8
// Runtime=.NET 10.0.12 (10.0.12, 10.0.1226.42308), X64 RyuJIT x86-64-v4
// GC=Concurrent Workstation
// HardwareIntrinsics=AVX512 BITALG+VBMI2+VNNI+VPOPCNTDQ,AVX512 IFMA+VBMI,AVX512 F+BW+CD+DQ+VL,AVX2+BMI1+BMI2+F16C+FMA+LZCNT+MOVBE,AVX,SSE3+SSSE3+SSE4.1+SSE4.2+POPCNT,X86Base+SSE+SSE2,AES+PCLMUL,AvxVnni VectorSize=256
// Job: ShortRun(InvocationCount=1, IterationCount=3, LaunchCount=1, UnrollFactor=1, WarmupCount=3)

OverheadJitting  1: 1 op, 276581.00 ns, 276.5810 us/op
WorkloadJitting  1: 1 op, 88371340.00 ns, 88.3713 ms/op

OverheadWarmup   1: 1 op, 872.00 ns, 872.0000 ns/op
OverheadWarmup   2: 1 op, 922.00 ns, 922.0000 ns/op
OverheadWarmup   3: 1 op, 511.00 ns, 511.0000 ns/op
OverheadWarmup   4: 1 op, 280.00 ns, 280.0000 ns/op
OverheadWarmup   5: 1 op, 531.00 ns, 531.0000 ns/op
OverheadWarmup   6: 1 op, 461.00 ns, 461.0000 ns/op

OverheadActual   1: 1 op, 431.00 ns, 431.0000 ns/op
OverheadActual   2: 1 op, 351.00 ns, 351.0000 ns/op
OverheadActual   3: 1 op, 401.00 ns, 401.0000 ns/op
OverheadActual   4: 1 op, 401.00 ns, 401.0000 ns/op
OverheadActual   5: 1 op, 501.00 ns, 501.0000 ns/op
OverheadActual   6: 1 op, 431.00 ns, 431.0000 ns/op
OverheadActual   7: 1 op, 782.00 ns, 782.0000 ns/op
OverheadActual   8: 1 op, 651.00 ns, 651.0000 ns/op
OverheadActual   9: 1 op, 351.00 ns, 351.0000 ns/op
OverheadActual  10: 1 op, 291.00 ns, 291.0000 ns/op
OverheadActual  11: 1 op, 401.00 ns, 401.0000 ns/op
OverheadActual  12: 1 op, 441.00 ns, 441.0000 ns/op
OverheadActual  13: 1 op, 391.00 ns, 391.0000 ns/op
OverheadActual  14: 1 op, 471.00 ns, 471.0000 ns/op
OverheadActual  15: 1 op, 411.00 ns, 411.0000 ns/op
OverheadActual  16: 1 op, 431.00 ns, 431.0000 ns/op
OverheadActual  17: 1 op, 461.00 ns, 461.0000 ns/op
OverheadActual  18: 1 op, 631.00 ns, 631.0000 ns/op
OverheadActual  19: 1 op, 451.00 ns, 451.0000 ns/op
OverheadActual  20: 1 op, 391.00 ns, 391.0000 ns/op

WorkloadWarmup   1: 1 op, 32017822.00 ns, 32.0178 ms/op
WorkloadWarmup   2: 1 op, 30661466.00 ns, 30.6615 ms/op
WorkloadWarmup   3: 1 op, 31071609.00 ns, 31.0716 ms/op

// BeforeActualRun
WorkloadActual   1: 1 op, 30800007.00 ns, 30.8000 ms/op
WorkloadActual   2: 1 op, 30677580.00 ns, 30.6776 ms/op
WorkloadActual   3: 1 op, 30863258.00 ns, 30.8633 ms/op

// AfterActualRun
WorkloadResult   1: 1 op, 30799576.00 ns, 30.7996 ms/op
WorkloadResult   2: 1 op, 30677149.00 ns, 30.6771 ms/op
WorkloadResult   3: 1 op, 30862827.00 ns, 30.8628 ms/op
// GC:  0 0 0 34952 1
// Threading:  0 0 1

// AfterAll
// Benchmark Process 354319 has exited with code 0.

Mean = 30.780 ms, StdErr = 0.055 ms (0.18%), N = 3, StdDev = 0.094 ms
Min = 30.677 ms, Q1 = 30.738 ms, Median = 30.800 ms, Q3 = 30.831 ms, Max = 30.863 ms
IQR = 0.093 ms, LowerFence = 30.599 ms, UpperFence = 30.970 ms
ConfidenceInterval = [29.058 ms; 32.502 ms] (CI 99.9%), Margin = 1.722 ms (5.60% of Mean)
Skewness = -0.2, Kurtosis = 0.67, MValue = 2

// ** Remained 25 (55.6%) benchmark(s) to run. Estimated finish 2026-09-22 0:27 (0h 3m from now) **
// **************************
// Benchmark: SessionSetupDecompositionBenchmarks.StageS5_ReadinessTeardownInsideAsync: ShortRun(InvocationCount=1, IterationCount=3, LaunchCount=1, UnrollFactor=1, WarmupCount=3) [Sessions=1]
// *** Execute ***
// Launch: 1 / 1
// Execute: dotnet WinForward.Benchmarks-ShortRun-1.dll --anonymousPipes 129 130 --benchmarkName "WinForward.Benchmarks.Perf.SessionSetupDecompositionBenchmarks.StageS5_ReadinessTeardownInsideAsync(Sessions: 1)" --job ShortRun --benchmarkId 20 in /home/paff/Projects/WinForward/benchmarks/WinForward.Benchmarks/bin/Release/net10.0/WinForward.Benchmarks-ShortRun-1/bin/Release/net10.0
// Failed to set up high priority (Permission denied). In order to run benchmarks with high priority, make sure you have the right permissions.
// BeforeAnythingElse

// Benchmark Process Environment Information:
// BenchmarkDotNet v0.15.8
// Runtime=.NET 10.0.12 (10.0.12, 10.0.1226.42308), X64 RyuJIT x86-64-v4
// GC=Concurrent Workstation
// HardwareIntrinsics=AVX512 BITALG+VBMI2+VNNI+VPOPCNTDQ,AVX512 IFMA+VBMI,AVX512 F+BW+CD+DQ+VL,AVX2+BMI1+BMI2+F16C+FMA+LZCNT+MOVBE,AVX,SSE3+SSSE3+SSE4.1+SSE4.2+POPCNT,X86Base+SSE+SSE2,AES+PCLMUL,AvxVnni VectorSize=256
// Job: ShortRun(InvocationCount=1, IterationCount=3, LaunchCount=1, UnrollFactor=1, WarmupCount=3)

OverheadJitting  1: 1 op, 259819.00 ns, 259.8190 us/op
WorkloadJitting  1: 1 op, 104813912.00 ns, 104.8139 ms/op

OverheadWarmup   1: 1 op, 561.00 ns, 561.0000 ns/op
OverheadWarmup   2: 1 op, 391.00 ns, 391.0000 ns/op
OverheadWarmup   3: 1 op, 381.00 ns, 381.0000 ns/op
OverheadWarmup   4: 1 op, 450.00 ns, 450.0000 ns/op
OverheadWarmup   5: 1 op, 401.00 ns, 401.0000 ns/op
OverheadWarmup   6: 1 op, 421.00 ns, 421.0000 ns/op
OverheadWarmup   7: 1 op, 431.00 ns, 431.0000 ns/op
OverheadWarmup   8: 1 op, 370.00 ns, 370.0000 ns/op

OverheadActual   1: 1 op, 450.00 ns, 450.0000 ns/op
OverheadActual   2: 1 op, 440.00 ns, 440.0000 ns/op
OverheadActual   3: 1 op, 440.00 ns, 440.0000 ns/op
OverheadActual   4: 1 op, 451.00 ns, 451.0000 ns/op
OverheadActual   5: 1 op, 430.00 ns, 430.0000 ns/op
OverheadActual   6: 1 op, 441.00 ns, 441.0000 ns/op
OverheadActual   7: 1 op, 361.00 ns, 361.0000 ns/op
OverheadActual   8: 1 op, 360.00 ns, 360.0000 ns/op
OverheadActual   9: 1 op, 371.00 ns, 371.0000 ns/op
OverheadActual  10: 1 op, 451.00 ns, 451.0000 ns/op
OverheadActual  11: 1 op, 401.00 ns, 401.0000 ns/op
OverheadActual  12: 1 op, 441.00 ns, 441.0000 ns/op
OverheadActual  13: 1 op, 431.00 ns, 431.0000 ns/op
OverheadActual  14: 1 op, 391.00 ns, 391.0000 ns/op
OverheadActual  15: 1 op, 381.00 ns, 381.0000 ns/op
OverheadActual  16: 1 op, 441.00 ns, 441.0000 ns/op
OverheadActual  17: 1 op, 390.00 ns, 390.0000 ns/op
OverheadActual  18: 1 op, 371.00 ns, 371.0000 ns/op
OverheadActual  19: 1 op, 831.00 ns, 831.0000 ns/op
OverheadActual  20: 1 op, 471.00 ns, 471.0000 ns/op

WorkloadWarmup   1: 1 op, 45741542.00 ns, 45.7415 ms/op
WorkloadWarmup   2: 1 op, 44982010.00 ns, 44.9820 ms/op
WorkloadWarmup   3: 1 op, 45501183.00 ns, 45.5012 ms/op

// BeforeActualRun
WorkloadActual   1: 1 op, 45116141.00 ns, 45.1161 ms/op
WorkloadActual   2: 1 op, 44414841.00 ns, 44.4148 ms/op
WorkloadActual   3: 1 op, 46291751.00 ns, 46.2918 ms/op

// AfterActualRun
WorkloadResult   1: 1 op, 45115705.50 ns, 45.1157 ms/op
WorkloadResult   2: 1 op, 44414405.50 ns, 44.4144 ms/op
WorkloadResult   3: 1 op, 46291315.50 ns, 46.2913 ms/op
// GC:  0 0 0 100472 1
// Threading:  1 64 1
// Exceptions:  130

// AfterAll
// Benchmark Process 354846 has exited with code 0.

Mean = 45.274 ms, StdErr = 0.548 ms (1.21%), N = 3, StdDev = 0.948 ms
Min = 44.414 ms, Q1 = 44.765 ms, Median = 45.116 ms, Q3 = 45.704 ms, Max = 46.291 ms
IQR = 0.938 ms, LowerFence = 43.357 ms, UpperFence = 47.111 ms
ConfidenceInterval = [27.972 ms; 62.576 ms] (CI 99.9%), Margin = 17.302 ms (38.22% of Mean)
Skewness = 0.16, Kurtosis = 0.67, MValue = 2

// ** Remained 24 (53.3%) benchmark(s) to run. Estimated finish 2026-09-22 0:27 (0h 2m from now) **
// **************************
// Benchmark: SessionSetupDecompositionBenchmarks.BaselineF_FakeTransportCreationAsync: ShortRun(InvocationCount=1, IterationCount=3, LaunchCount=1, UnrollFactor=1, WarmupCount=3) [Sessions=1]
// *** Execute ***
// Launch: 1 / 1
// Execute: dotnet WinForward.Benchmarks-ShortRun-1.dll --anonymousPipes 129 130 --benchmarkName "WinForward.Benchmarks.Perf.SessionSetupDecompositionBenchmarks.BaselineF_FakeTransportCreationAsync(Sessions: 1)" --job ShortRun --benchmarkId 21 in /home/paff/Projects/WinForward/benchmarks/WinForward.Benchmarks/bin/Release/net10.0/WinForward.Benchmarks-ShortRun-1/bin/Release/net10.0
// Failed to set up high priority (Permission denied). In order to run benchmarks with high priority, make sure you have the right permissions.
// BeforeAnythingElse

// Benchmark Process Environment Information:
// BenchmarkDotNet v0.15.8
// Runtime=.NET 10.0.12 (10.0.12, 10.0.1226.42308), X64 RyuJIT x86-64-v4
// GC=Concurrent Workstation
// HardwareIntrinsics=AVX512 BITALG+VBMI2+VNNI+VPOPCNTDQ,AVX512 IFMA+VBMI,AVX512 F+BW+CD+DQ+VL,AVX2+BMI1+BMI2+F16C+FMA+LZCNT+MOVBE,AVX,SSE3+SSSE3+SSE4.1+SSE4.2+POPCNT,X86Base+SSE+SSE2,AES+PCLMUL,AvxVnni VectorSize=256
// Job: ShortRun(InvocationCount=1, IterationCount=3, LaunchCount=1, UnrollFactor=1, WarmupCount=3)

OverheadJitting  1: 1 op, 287743.00 ns, 287.7430 us/op
WorkloadJitting  1: 1 op, 6320159.00 ns, 6.3202 ms/op

OverheadWarmup   1: 1 op, 431.00 ns, 431.0000 ns/op
OverheadWarmup   2: 1 op, 411.00 ns, 411.0000 ns/op
OverheadWarmup   3: 1 op, 390.00 ns, 390.0000 ns/op
OverheadWarmup   4: 1 op, 381.00 ns, 381.0000 ns/op
OverheadWarmup   5: 1 op, 421.00 ns, 421.0000 ns/op
OverheadWarmup   6: 1 op, 371.00 ns, 371.0000 ns/op
OverheadWarmup   7: 1 op, 411.00 ns, 411.0000 ns/op
OverheadWarmup   8: 1 op, 280.00 ns, 280.0000 ns/op

OverheadActual   1: 1 op, 421.00 ns, 421.0000 ns/op
OverheadActual   2: 1 op, 891.00 ns, 891.0000 ns/op
OverheadActual   3: 1 op, 481.00 ns, 481.0000 ns/op
OverheadActual   4: 1 op, 351.00 ns, 351.0000 ns/op
OverheadActual   5: 1 op, 450.00 ns, 450.0000 ns/op
OverheadActual   6: 1 op, 421.00 ns, 421.0000 ns/op
OverheadActual   7: 1 op, 371.00 ns, 371.0000 ns/op
OverheadActual   8: 1 op, 421.00 ns, 421.0000 ns/op
OverheadActual   9: 1 op, 411.00 ns, 411.0000 ns/op
OverheadActual  10: 1 op, 421.00 ns, 421.0000 ns/op
OverheadActual  11: 1 op, 351.00 ns, 351.0000 ns/op
OverheadActual  12: 1 op, 330.00 ns, 330.0000 ns/op
OverheadActual  13: 1 op, 361.00 ns, 361.0000 ns/op
OverheadActual  14: 1 op, 380.00 ns, 380.0000 ns/op
OverheadActual  15: 1 op, 370.00 ns, 370.0000 ns/op
OverheadActual  16: 1 op, 391.00 ns, 391.0000 ns/op
OverheadActual  17: 1 op, 370.00 ns, 370.0000 ns/op
OverheadActual  18: 1 op, 811.00 ns, 811.0000 ns/op
OverheadActual  19: 1 op, 371.00 ns, 371.0000 ns/op
OverheadActual  20: 1 op, 380.00 ns, 380.0000 ns/op

WorkloadWarmup   1: 1 op, 115517.00 ns, 115.5170 us/op
WorkloadWarmup   2: 1 op, 9669.00 ns, 9.6690 us/op
WorkloadWarmup   3: 1 op, 8256.00 ns, 8.2560 us/op

// BeforeActualRun
WorkloadActual   1: 1 op, 7775.00 ns, 7.7750 us/op
WorkloadActual   2: 1 op, 6051.00 ns, 6.0510 us/op
WorkloadActual   3: 1 op, 5851.00 ns, 5.8510 us/op

// AfterActualRun
WorkloadResult   1: 1 op, 7389.50 ns, 7.3895 us/op
WorkloadResult   2: 1 op, 5665.50 ns, 5.6655 us/op
WorkloadResult   3: 1 op, 5465.50 ns, 5.4655 us/op
// GC:  0 0 0 136 1
// Threading:  0 0 1

// AfterAll
// Benchmark Process 355372 has exited with code 0.

Mean = 6.173 us, StdErr = 0.611 us (9.89%), N = 3, StdDev = 1.058 us
Min = 5.465 us, Q1 = 5.566 us, Median = 5.665 us, Q3 = 6.527 us, Max = 7.389 us
IQR = 0.962 us, LowerFence = 4.122 us, UpperFence = 7.971 us
ConfidenceInterval = [-13.125 us; 25.472 us] (CI 99.9%), Margin = 19.299 us (312.60% of Mean)
Skewness = 0.37, Kurtosis = 0.67, MValue = 2

// ** Remained 23 (51.1%) benchmark(s) to run. Estimated finish 2026-09-22 0:27 (0h 2m from now) **
// **************************
// Benchmark: SessionSetupDecompositionBenchmarks.BaselineH_FlowKeyConstruction: ShortRun(InvocationCount=1, IterationCount=3, LaunchCount=1, UnrollFactor=1, WarmupCount=3) [Sessions=1]
// *** Execute ***
// Launch: 1 / 1
// Execute: dotnet WinForward.Benchmarks-ShortRun-1.dll --anonymousPipes 129 130 --benchmarkName "WinForward.Benchmarks.Perf.SessionSetupDecompositionBenchmarks.BaselineH_FlowKeyConstruction(Sessions: 1)" --job ShortRun --benchmarkId 22 in /home/paff/Projects/WinForward/benchmarks/WinForward.Benchmarks/bin/Release/net10.0/WinForward.Benchmarks-ShortRun-1/bin/Release/net10.0
// Failed to set up high priority (Permission denied). In order to run benchmarks with high priority, make sure you have the right permissions.
// BeforeAnythingElse

// Benchmark Process Environment Information:
// BenchmarkDotNet v0.15.8
// Runtime=.NET 10.0.12 (10.0.12, 10.0.1226.42308), X64 RyuJIT x86-64-v4
// GC=Concurrent Workstation
// HardwareIntrinsics=AVX512 BITALG+VBMI2+VNNI+VPOPCNTDQ,AVX512 IFMA+VBMI,AVX512 F+BW+CD+DQ+VL,AVX2+BMI1+BMI2+F16C+FMA+LZCNT+MOVBE,AVX,SSE3+SSSE3+SSE4.1+SSE4.2+POPCNT,X86Base+SSE+SSE2,AES+PCLMUL,AvxVnni VectorSize=256
// Job: ShortRun(InvocationCount=1, IterationCount=3, LaunchCount=1, UnrollFactor=1, WarmupCount=3)

OverheadJitting  1: 1 op, 385597.00 ns, 385.5970 us/op
WorkloadJitting  1: 1 op, 7064282.00 ns, 7.0643 ms/op

OverheadWarmup   1: 1 op, 491.00 ns, 491.0000 ns/op
OverheadWarmup   2: 1 op, 231.00 ns, 231.0000 ns/op
OverheadWarmup   3: 1 op, 281.00 ns, 281.0000 ns/op
OverheadWarmup   4: 1 op, 501.00 ns, 501.0000 ns/op
OverheadWarmup   5: 1 op, 481.00 ns, 481.0000 ns/op
OverheadWarmup   6: 1 op, 361.00 ns, 361.0000 ns/op
OverheadWarmup   7: 1 op, 561.00 ns, 561.0000 ns/op
OverheadWarmup   8: 1 op, 381.00 ns, 381.0000 ns/op

OverheadActual   1: 1 op, 411.00 ns, 411.0000 ns/op
OverheadActual   2: 1 op, 411.00 ns, 411.0000 ns/op
OverheadActual   3: 1 op, 661.00 ns, 661.0000 ns/op
OverheadActual   4: 1 op, 621.00 ns, 621.0000 ns/op
OverheadActual   5: 1 op, 1102.00 ns, 1.1020 us/op
OverheadActual   6: 1 op, 270.00 ns, 270.0000 ns/op
OverheadActual   7: 1 op, 451.00 ns, 451.0000 ns/op
OverheadActual   8: 1 op, 471.00 ns, 471.0000 ns/op
OverheadActual   9: 1 op, 391.00 ns, 391.0000 ns/op
OverheadActual  10: 1 op, 271.00 ns, 271.0000 ns/op
OverheadActual  11: 1 op, 411.00 ns, 411.0000 ns/op
OverheadActual  12: 1 op, 421.00 ns, 421.0000 ns/op
OverheadActual  13: 1 op, 420.00 ns, 420.0000 ns/op
OverheadActual  14: 1 op, 410.00 ns, 410.0000 ns/op
OverheadActual  15: 1 op, 431.00 ns, 431.0000 ns/op
OverheadActual  16: 1 op, 410.00 ns, 410.0000 ns/op
OverheadActual  17: 1 op, 481.00 ns, 481.0000 ns/op
OverheadActual  18: 1 op, 401.00 ns, 401.0000 ns/op
OverheadActual  19: 1 op, 381.00 ns, 381.0000 ns/op
OverheadActual  20: 1 op, 391.00 ns, 391.0000 ns/op

WorkloadWarmup   1: 1 op, 23414.00 ns, 23.4140 us/op
WorkloadWarmup   2: 1 op, 15640.00 ns, 15.6400 us/op
WorkloadWarmup   3: 1 op, 24927.00 ns, 24.9270 us/op

// BeforeActualRun
WorkloadActual   1: 1 op, 15029.00 ns, 15.0290 us/op
WorkloadActual   2: 1 op, 11481.00 ns, 11.4810 us/op
WorkloadActual   3: 1 op, 10861.00 ns, 10.8610 us/op

// AfterActualRun
WorkloadResult   1: 1 op, 14618.00 ns, 14.6180 us/op
WorkloadResult   2: 1 op, 11070.00 ns, 11.0700 us/op
WorkloadResult   3: 1 op, 10450.00 ns, 10.4500 us/op
// GC:  0 0 0 352 1
// Threading:  0 0 1

// AfterAll
// Benchmark Process 355381 has exited with code 0.

Mean = 12.046 us, StdErr = 1.298 us (10.78%), N = 3, StdDev = 2.249 us
Min = 10.450 us, Q1 = 10.760 us, Median = 11.070 us, Q3 = 12.844 us, Max = 14.618 us
IQR = 2.084 us, LowerFence = 7.634 us, UpperFence = 15.970 us
ConfidenceInterval = [-28.982 us; 53.074 us] (CI 99.9%), Margin = 41.028 us (340.59% of Mean)
Skewness = 0.35, Kurtosis = 0.67, MValue = 2

// ** Remained 22 (48.9%) benchmark(s) to run. Estimated finish 2026-09-22 0:27 (0h 2m from now) **
// **************************
// Benchmark: SessionSetupDecompositionBenchmarks.ComponentC1_AssociationClaimRelease: ShortRun(InvocationCount=1, IterationCount=3, LaunchCount=1, UnrollFactor=1, WarmupCount=3) [Sessions=1]
// *** Execute ***
// Launch: 1 / 1
// Execute: dotnet WinForward.Benchmarks-ShortRun-1.dll --anonymousPipes 129 130 --benchmarkName "WinForward.Benchmarks.Perf.SessionSetupDecompositionBenchmarks.ComponentC1_AssociationClaimRelease(Sessions: 1)" --job ShortRun --benchmarkId 23 in /home/paff/Projects/WinForward/benchmarks/WinForward.Benchmarks/bin/Release/net10.0/WinForward.Benchmarks-ShortRun-1/bin/Release/net10.0
// Failed to set up high priority (Permission denied). In order to run benchmarks with high priority, make sure you have the right permissions.
// BeforeAnythingElse

// Benchmark Process Environment Information:
// BenchmarkDotNet v0.15.8
// Runtime=.NET 10.0.12 (10.0.12, 10.0.1226.42308), X64 RyuJIT x86-64-v4
// GC=Concurrent Workstation
// HardwareIntrinsics=AVX512 BITALG+VBMI2+VNNI+VPOPCNTDQ,AVX512 IFMA+VBMI,AVX512 F+BW+CD+DQ+VL,AVX2+BMI1+BMI2+F16C+FMA+LZCNT+MOVBE,AVX,SSE3+SSSE3+SSE4.1+SSE4.2+POPCNT,X86Base+SSE+SSE2,AES+PCLMUL,AvxVnni VectorSize=256
// Job: ShortRun(InvocationCount=1, IterationCount=3, LaunchCount=1, UnrollFactor=1, WarmupCount=3)

OverheadJitting  1: 1 op, 272804.00 ns, 272.8040 us/op
WorkloadJitting  1: 1 op, 18650373.00 ns, 18.6504 ms/op

OverheadWarmup   1: 1 op, 441.00 ns, 441.0000 ns/op
OverheadWarmup   2: 1 op, 411.00 ns, 411.0000 ns/op
OverheadWarmup   3: 1 op, 431.00 ns, 431.0000 ns/op
OverheadWarmup   4: 1 op, 401.00 ns, 401.0000 ns/op
OverheadWarmup   5: 1 op, 441.00 ns, 441.0000 ns/op
OverheadWarmup   6: 1 op, 371.00 ns, 371.0000 ns/op

OverheadActual   1: 1 op, 401.00 ns, 401.0000 ns/op
OverheadActual   2: 1 op, 421.00 ns, 421.0000 ns/op
OverheadActual   3: 1 op, 421.00 ns, 421.0000 ns/op
OverheadActual   4: 1 op, 451.00 ns, 451.0000 ns/op
OverheadActual   5: 1 op, 431.00 ns, 431.0000 ns/op
OverheadActual   6: 1 op, 461.00 ns, 461.0000 ns/op
OverheadActual   7: 1 op, 431.00 ns, 431.0000 ns/op
OverheadActual   8: 1 op, 431.00 ns, 431.0000 ns/op
OverheadActual   9: 1 op, 961.00 ns, 961.0000 ns/op
OverheadActual  10: 1 op, 281.00 ns, 281.0000 ns/op
OverheadActual  11: 1 op, 271.00 ns, 271.0000 ns/op
OverheadActual  12: 1 op, 300.00 ns, 300.0000 ns/op
OverheadActual  13: 1 op, 461.00 ns, 461.0000 ns/op
OverheadActual  14: 1 op, 471.00 ns, 471.0000 ns/op
OverheadActual  15: 1 op, 390.00 ns, 390.0000 ns/op
OverheadActual  16: 1 op, 461.00 ns, 461.0000 ns/op
OverheadActual  17: 1 op, 411.00 ns, 411.0000 ns/op
OverheadActual  18: 1 op, 461.00 ns, 461.0000 ns/op
OverheadActual  19: 1 op, 291.00 ns, 291.0000 ns/op
OverheadActual  20: 1 op, 411.00 ns, 411.0000 ns/op

WorkloadWarmup   1: 1 op, 147158.00 ns, 147.1580 us/op
WorkloadWarmup   2: 1 op, 27302.00 ns, 27.3020 us/op
WorkloadWarmup   3: 1 op, 23464.00 ns, 23.4640 us/op

// BeforeActualRun
WorkloadActual   1: 1 op, 29255.00 ns, 29.2550 us/op
WorkloadActual   2: 1 op, 49193.00 ns, 49.1930 us/op
WorkloadActual   3: 1 op, 27952.00 ns, 27.9520 us/op

// AfterActualRun
WorkloadResult   1: 1 op, 28829.00 ns, 28.8290 us/op
WorkloadResult   2: 1 op, 48767.00 ns, 48.7670 us/op
WorkloadResult   3: 1 op, 27526.00 ns, 27.5260 us/op
// GC:  0 0 0 2120 1
// Threading:  0 0 1

// AfterAll
// Benchmark Process 355391 has exited with code 0.

Mean = 35.041 us, StdErr = 6.873 us (19.62%), N = 3, StdDev = 11.905 us
Min = 27.526 us, Q1 = 28.177 us, Median = 28.829 us, Q3 = 38.798 us, Max = 48.767 us
IQR = 10.620 us, LowerFence = 12.247 us, UpperFence = 54.729 us
ConfidenceInterval = [-182.154 us; 252.236 us] (CI 99.9%), Margin = 217.195 us (619.84% of Mean)
Skewness = 0.38, Kurtosis = 0.67, MValue = 2

// ** Remained 21 (46.7%) benchmark(s) to run. Estimated finish 2026-09-22 0:26 (0h 2m from now) **
// **************************
// Benchmark: SessionSetupDecompositionBenchmarks.ComponentC2_SessionConstructStartAsync: ShortRun(InvocationCount=1, IterationCount=3, LaunchCount=1, UnrollFactor=1, WarmupCount=3) [Sessions=1]
// *** Execute ***
// Launch: 1 / 1
// Execute: dotnet WinForward.Benchmarks-ShortRun-1.dll --anonymousPipes 129 130 --benchmarkName "WinForward.Benchmarks.Perf.SessionSetupDecompositionBenchmarks.ComponentC2_SessionConstructStartAsync(Sessions: 1)" --job ShortRun --benchmarkId 24 in /home/paff/Projects/WinForward/benchmarks/WinForward.Benchmarks/bin/Release/net10.0/WinForward.Benchmarks-ShortRun-1/bin/Release/net10.0
// Failed to set up high priority (Permission denied). In order to run benchmarks with high priority, make sure you have the right permissions.
// BeforeAnythingElse

// Benchmark Process Environment Information:
// BenchmarkDotNet v0.15.8
// Runtime=.NET 10.0.12 (10.0.12, 10.0.1226.42308), X64 RyuJIT x86-64-v4
// GC=Concurrent Workstation
// HardwareIntrinsics=AVX512 BITALG+VBMI2+VNNI+VPOPCNTDQ,AVX512 IFMA+VBMI,AVX512 F+BW+CD+DQ+VL,AVX2+BMI1+BMI2+F16C+FMA+LZCNT+MOVBE,AVX,SSE3+SSSE3+SSE4.1+SSE4.2+POPCNT,X86Base+SSE+SSE2,AES+PCLMUL,AvxVnni VectorSize=256
// Job: ShortRun(InvocationCount=1, IterationCount=3, LaunchCount=1, UnrollFactor=1, WarmupCount=3)

OverheadJitting  1: 1 op, 312188.00 ns, 312.1880 us/op
WorkloadJitting  1: 1 op, 33378515.00 ns, 33.3785 ms/op

OverheadWarmup   1: 1 op, 501.00 ns, 501.0000 ns/op
OverheadWarmup   2: 1 op, 361.00 ns, 361.0000 ns/op
OverheadWarmup   3: 1 op, 361.00 ns, 361.0000 ns/op
OverheadWarmup   4: 1 op, 340.00 ns, 340.0000 ns/op
OverheadWarmup   5: 1 op, 340.00 ns, 340.0000 ns/op
OverheadWarmup   6: 1 op, 401.00 ns, 401.0000 ns/op

OverheadActual   1: 1 op, 401.00 ns, 401.0000 ns/op
OverheadActual   2: 1 op, 982.00 ns, 982.0000 ns/op
OverheadActual   3: 1 op, 381.00 ns, 381.0000 ns/op
OverheadActual   4: 1 op, 391.00 ns, 391.0000 ns/op
OverheadActual   5: 1 op, 421.00 ns, 421.0000 ns/op
OverheadActual   6: 1 op, 391.00 ns, 391.0000 ns/op
OverheadActual   7: 1 op, 390.00 ns, 390.0000 ns/op
OverheadActual   8: 1 op, 350.00 ns, 350.0000 ns/op
OverheadActual   9: 1 op, 360.00 ns, 360.0000 ns/op
OverheadActual  10: 1 op, 370.00 ns, 370.0000 ns/op
OverheadActual  11: 1 op, 361.00 ns, 361.0000 ns/op
OverheadActual  12: 1 op, 350.00 ns, 350.0000 ns/op
OverheadActual  13: 1 op, 361.00 ns, 361.0000 ns/op
OverheadActual  14: 1 op, 360.00 ns, 360.0000 ns/op
OverheadActual  15: 1 op, 390.00 ns, 390.0000 ns/op
OverheadActual  16: 1 op, 431.00 ns, 431.0000 ns/op
OverheadActual  17: 1 op, 301.00 ns, 301.0000 ns/op
OverheadActual  18: 1 op, 421.00 ns, 421.0000 ns/op
OverheadActual  19: 1 op, 360.00 ns, 360.0000 ns/op
OverheadActual  20: 1 op, 360.00 ns, 360.0000 ns/op

WorkloadWarmup   1: 1 op, 165071.00 ns, 165.0710 us/op
WorkloadWarmup   2: 1 op, 47600.00 ns, 47.6000 us/op
WorkloadWarmup   3: 1 op, 47139.00 ns, 47.1390 us/op

// BeforeActualRun
WorkloadActual   1: 1 op, 74590.00 ns, 74.5900 us/op
WorkloadActual   2: 1 op, 44214.00 ns, 44.2140 us/op
WorkloadActual   3: 1 op, 43401.00 ns, 43.4010 us/op

// AfterActualRun
WorkloadResult   1: 1 op, 74214.50 ns, 74.2145 us/op
WorkloadResult   2: 1 op, 43838.50 ns, 43.8385 us/op
WorkloadResult   3: 1 op, 43025.50 ns, 43.0255 us/op
// GC:  0 0 0 5832 1
// Threading:  0 0 1

// AfterAll
// Benchmark Process 355400 has exited with code 0.

Mean = 53.693 us, StdErr = 10.264 us (19.12%), N = 3, StdDev = 17.777 us
Min = 43.026 us, Q1 = 43.432 us, Median = 43.839 us, Q3 = 59.026 us, Max = 74.215 us
IQR = 15.595 us, LowerFence = 20.040 us, UpperFence = 82.418 us
ConfidenceInterval = [-270.625 us; 378.010 us] (CI 99.9%), Margin = 324.317 us (604.02% of Mean)
Skewness = 0.38, Kurtosis = 0.67, MValue = 2

// ** Remained 20 (44.4%) benchmark(s) to run. Estimated finish 2026-09-22 0:26 (0h 2m from now) **
// **************************
// Benchmark: SessionSetupDecompositionBenchmarks.StageS0_CoordinatorOnly: ShortRun(InvocationCount=1, IterationCount=3, LaunchCount=1, UnrollFactor=1, WarmupCount=3) [Sessions=100]
// *** Execute ***
// Launch: 1 / 1
// Execute: dotnet WinForward.Benchmarks-ShortRun-1.dll --anonymousPipes 129 130 --benchmarkName "WinForward.Benchmarks.Perf.SessionSetupDecompositionBenchmarks.StageS0_CoordinatorOnly(Sessions: 100)" --job ShortRun --benchmarkId 25 in /home/paff/Projects/WinForward/benchmarks/WinForward.Benchmarks/bin/Release/net10.0/WinForward.Benchmarks-ShortRun-1/bin/Release/net10.0
// Failed to set up high priority (Permission denied). In order to run benchmarks with high priority, make sure you have the right permissions.
// BeforeAnythingElse

// Benchmark Process Environment Information:
// BenchmarkDotNet v0.15.8
// Runtime=.NET 10.0.12 (10.0.12, 10.0.1226.42308), X64 RyuJIT x86-64-v4
// GC=Concurrent Workstation
// HardwareIntrinsics=AVX512 BITALG+VBMI2+VNNI+VPOPCNTDQ,AVX512 IFMA+VBMI,AVX512 F+BW+CD+DQ+VL,AVX2+BMI1+BMI2+F16C+FMA+LZCNT+MOVBE,AVX,SSE3+SSSE3+SSE4.1+SSE4.2+POPCNT,X86Base+SSE+SSE2,AES+PCLMUL,AvxVnni VectorSize=256
// Job: ShortRun(InvocationCount=1, IterationCount=3, LaunchCount=1, UnrollFactor=1, WarmupCount=3)

OverheadJitting  1: 1 op, 579472.00 ns, 579.4720 us/op
WorkloadJitting  1: 1 op, 7661439.00 ns, 7.6614 ms/op

OverheadWarmup   1: 1 op, 581.00 ns, 581.0000 ns/op
OverheadWarmup   2: 1 op, 421.00 ns, 421.0000 ns/op
OverheadWarmup   3: 1 op, 441.00 ns, 441.0000 ns/op
OverheadWarmup   4: 1 op, 471.00 ns, 471.0000 ns/op
OverheadWarmup   5: 1 op, 340.00 ns, 340.0000 ns/op
OverheadWarmup   6: 1 op, 430.00 ns, 430.0000 ns/op
OverheadWarmup   7: 1 op, 450.00 ns, 450.0000 ns/op
OverheadWarmup   8: 1 op, 301.00 ns, 301.0000 ns/op

OverheadActual   1: 1 op, 500.00 ns, 500.0000 ns/op
OverheadActual   2: 1 op, 521.00 ns, 521.0000 ns/op
OverheadActual   3: 1 op, 952.00 ns, 952.0000 ns/op
OverheadActual   4: 1 op, 401.00 ns, 401.0000 ns/op
OverheadActual   5: 1 op, 420.00 ns, 420.0000 ns/op
OverheadActual   6: 1 op, 411.00 ns, 411.0000 ns/op
OverheadActual   7: 1 op, 411.00 ns, 411.0000 ns/op
OverheadActual   8: 1 op, 291.00 ns, 291.0000 ns/op
OverheadActual   9: 1 op, 420.00 ns, 420.0000 ns/op
OverheadActual  10: 1 op, 440.00 ns, 440.0000 ns/op
OverheadActual  11: 1 op, 280.00 ns, 280.0000 ns/op
OverheadActual  12: 1 op, 401.00 ns, 401.0000 ns/op
OverheadActual  13: 1 op, 360.00 ns, 360.0000 ns/op
OverheadActual  14: 1 op, 451.00 ns, 451.0000 ns/op
OverheadActual  15: 1 op, 401.00 ns, 401.0000 ns/op
OverheadActual  16: 1 op, 421.00 ns, 421.0000 ns/op
OverheadActual  17: 1 op, 361.00 ns, 361.0000 ns/op
OverheadActual  18: 1 op, 421.00 ns, 421.0000 ns/op
OverheadActual  19: 1 op, 351.00 ns, 351.0000 ns/op
OverheadActual  20: 1 op, 420.00 ns, 420.0000 ns/op

WorkloadWarmup   1: 1 op, 127640.00 ns, 127.6400 us/op
WorkloadWarmup   2: 1 op, 18444.00 ns, 18.4440 us/op
WorkloadWarmup   3: 1 op, 16040.00 ns, 16.0400 us/op

// BeforeActualRun
WorkloadActual   1: 1 op, 91483.00 ns, 91.4830 us/op
WorkloadActual   2: 1 op, 15319.00 ns, 15.3190 us/op
WorkloadActual   3: 1 op, 15850.00 ns, 15.8500 us/op

// AfterActualRun
WorkloadResult   1: 1 op, 91067.50 ns, 91.0675 us/op
WorkloadResult   2: 1 op, 14903.50 ns, 14.9035 us/op
WorkloadResult   3: 1 op, 15434.50 ns, 15.4345 us/op
// GC:  0 0 0 54456 1
// Threading:  0 0 1

// AfterAll
// Benchmark Process 355414 has exited with code 0.

Mean = 40.468 us, StdErr = 25.300 us (62.52%), N = 3, StdDev = 43.821 us
Min = 14.903 us, Q1 = 15.169 us, Median = 15.434 us, Q3 = 53.251 us, Max = 91.067 us
IQR = 38.082 us, LowerFence = -41.954 us, UpperFence = 110.374 us
ConfidenceInterval = [-758.986 us; 839.923 us] (CI 99.9%), Margin = 799.455 us (1975.50% of Mean)
Skewness = 0.38, Kurtosis = 0.67, MValue = 2

// ** Remained 19 (42.2%) benchmark(s) to run. Estimated finish 2026-09-22 0:26 (0h 1m from now) **
// **************************
// Benchmark: SessionSetupDecompositionBenchmarks.StageS1_AdmissionOnlyAsync: ShortRun(InvocationCount=1, IterationCount=3, LaunchCount=1, UnrollFactor=1, WarmupCount=3) [Sessions=100]
// *** Execute ***
// Launch: 1 / 1
// Execute: dotnet WinForward.Benchmarks-ShortRun-1.dll --anonymousPipes 129 130 --benchmarkName "WinForward.Benchmarks.Perf.SessionSetupDecompositionBenchmarks.StageS1_AdmissionOnlyAsync(Sessions: 100)" --job ShortRun --benchmarkId 26 in /home/paff/Projects/WinForward/benchmarks/WinForward.Benchmarks/bin/Release/net10.0/WinForward.Benchmarks-ShortRun-1/bin/Release/net10.0
// Failed to set up high priority (Permission denied). In order to run benchmarks with high priority, make sure you have the right permissions.
// BeforeAnythingElse

// Benchmark Process Environment Information:
// BenchmarkDotNet v0.15.8
// Runtime=.NET 10.0.12 (10.0.12, 10.0.1226.42308), X64 RyuJIT x86-64-v4
// GC=Concurrent Workstation
// HardwareIntrinsics=AVX512 BITALG+VBMI2+VNNI+VPOPCNTDQ,AVX512 IFMA+VBMI,AVX512 F+BW+CD+DQ+VL,AVX2+BMI1+BMI2+F16C+FMA+LZCNT+MOVBE,AVX,SSE3+SSSE3+SSE4.1+SSE4.2+POPCNT,X86Base+SSE+SSE2,AES+PCLMUL,AvxVnni VectorSize=256
// Job: ShortRun(InvocationCount=1, IterationCount=3, LaunchCount=1, UnrollFactor=1, WarmupCount=3)

OverheadJitting  1: 1 op, 258327.00 ns, 258.3270 us/op
WorkloadJitting  1: 1 op, 24404606.00 ns, 24.4046 ms/op

OverheadWarmup   1: 1 op, 441.00 ns, 441.0000 ns/op
OverheadWarmup   2: 1 op, 471.00 ns, 471.0000 ns/op
OverheadWarmup   3: 1 op, 451.00 ns, 451.0000 ns/op
OverheadWarmup   4: 1 op, 320.00 ns, 320.0000 ns/op
OverheadWarmup   5: 1 op, 321.00 ns, 321.0000 ns/op
OverheadWarmup   6: 1 op, 450.00 ns, 450.0000 ns/op
OverheadWarmup   7: 1 op, 310.00 ns, 310.0000 ns/op

OverheadActual   1: 1 op, 481.00 ns, 481.0000 ns/op
OverheadActual   2: 1 op, 421.00 ns, 421.0000 ns/op
OverheadActual   3: 1 op, 421.00 ns, 421.0000 ns/op
OverheadActual   4: 1 op, 421.00 ns, 421.0000 ns/op
OverheadActual   5: 1 op, 431.00 ns, 431.0000 ns/op
OverheadActual   6: 1 op, 812.00 ns, 812.0000 ns/op
OverheadActual   7: 1 op, 340.00 ns, 340.0000 ns/op
OverheadActual   8: 1 op, 551.00 ns, 551.0000 ns/op
OverheadActual   9: 1 op, 321.00 ns, 321.0000 ns/op
OverheadActual  10: 1 op, 310.00 ns, 310.0000 ns/op
OverheadActual  11: 1 op, 281.00 ns, 281.0000 ns/op
OverheadActual  12: 1 op, 391.00 ns, 391.0000 ns/op
OverheadActual  13: 1 op, 381.00 ns, 381.0000 ns/op
OverheadActual  14: 1 op, 411.00 ns, 411.0000 ns/op
OverheadActual  15: 1 op, 401.00 ns, 401.0000 ns/op
OverheadActual  16: 1 op, 451.00 ns, 451.0000 ns/op
OverheadActual  17: 1 op, 381.00 ns, 381.0000 ns/op
OverheadActual  18: 1 op, 390.00 ns, 390.0000 ns/op
OverheadActual  19: 1 op, 531.00 ns, 531.0000 ns/op
OverheadActual  20: 1 op, 391.00 ns, 391.0000 ns/op

WorkloadWarmup   1: 1 op, 473452.00 ns, 473.4520 us/op
WorkloadWarmup   2: 1 op, 343187.00 ns, 343.1870 us/op
WorkloadWarmup   3: 1 op, 225966.00 ns, 225.9660 us/op

// BeforeActualRun
WorkloadActual   1: 1 op, 259529.00 ns, 259.5290 us/op
WorkloadActual   2: 1 op, 211298.00 ns, 211.2980 us/op
WorkloadActual   3: 1 op, 210867.00 ns, 210.8670 us/op

// AfterActualRun
WorkloadResult   1: 1 op, 259123.00 ns, 259.1230 us/op
WorkloadResult   2: 1 op, 210892.00 ns, 210.8920 us/op
WorkloadResult   3: 1 op, 210461.00 ns, 210.4610 us/op
// GC:  0 0 0 134928 1
// Threading:  0 0 1

// AfterAll
// Benchmark Process 355428 has exited with code 0.

Mean = 226.825 us, StdErr = 16.149 us (7.12%), N = 3, StdDev = 27.971 us
Min = 210.461 us, Q1 = 210.677 us, Median = 210.892 us, Q3 = 235.007 us, Max = 259.123 us
IQR = 24.331 us, LowerFence = 174.180 us, UpperFence = 271.504 us
ConfidenceInterval = [-283.478 us; 737.128 us] (CI 99.9%), Margin = 510.303 us (224.98% of Mean)
Skewness = 0.38, Kurtosis = 0.67, MValue = 2

// ** Remained 18 (40.0%) benchmark(s) to run. Estimated finish 2026-09-22 0:26 (0h 1m from now) **
// **************************
// Benchmark: SessionSetupDecompositionBenchmarks.StageS2_SetupStartedAsync: ShortRun(InvocationCount=1, IterationCount=3, LaunchCount=1, UnrollFactor=1, WarmupCount=3) [Sessions=100]
// *** Execute ***
// Launch: 1 / 1
// Execute: dotnet WinForward.Benchmarks-ShortRun-1.dll --anonymousPipes 129 130 --benchmarkName "WinForward.Benchmarks.Perf.SessionSetupDecompositionBenchmarks.StageS2_SetupStartedAsync(Sessions: 100)" --job ShortRun --benchmarkId 27 in /home/paff/Projects/WinForward/benchmarks/WinForward.Benchmarks/bin/Release/net10.0/WinForward.Benchmarks-ShortRun-1/bin/Release/net10.0
// Failed to set up high priority (Permission denied). In order to run benchmarks with high priority, make sure you have the right permissions.
// BeforeAnythingElse

// Benchmark Process Environment Information:
// BenchmarkDotNet v0.15.8
// Runtime=.NET 10.0.12 (10.0.12, 10.0.1226.42308), X64 RyuJIT x86-64-v4
// GC=Concurrent Workstation
// HardwareIntrinsics=AVX512 BITALG+VBMI2+VNNI+VPOPCNTDQ,AVX512 IFMA+VBMI,AVX512 F+BW+CD+DQ+VL,AVX2+BMI1+BMI2+F16C+FMA+LZCNT+MOVBE,AVX,SSE3+SSSE3+SSE4.1+SSE4.2+POPCNT,X86Base+SSE+SSE2,AES+PCLMUL,AvxVnni VectorSize=256
// Job: ShortRun(InvocationCount=1, IterationCount=3, LaunchCount=1, UnrollFactor=1, WarmupCount=3)

OverheadJitting  1: 1 op, 280008.00 ns, 280.0080 us/op
WorkloadJitting  1: 1 op, 122178837.00 ns, 122.1788 ms/op

OverheadWarmup   1: 1 op, 852.00 ns, 852.0000 ns/op
OverheadWarmup   2: 1 op, 872.00 ns, 872.0000 ns/op
OverheadWarmup   3: 1 op, 942.00 ns, 942.0000 ns/op
OverheadWarmup   4: 1 op, 411.00 ns, 411.0000 ns/op
OverheadWarmup   5: 1 op, 481.00 ns, 481.0000 ns/op
OverheadWarmup   6: 1 op, 521.00 ns, 521.0000 ns/op
OverheadWarmup   7: 1 op, 450.00 ns, 450.0000 ns/op

OverheadActual   1: 1 op, 561.00 ns, 561.0000 ns/op
OverheadActual   2: 1 op, 401.00 ns, 401.0000 ns/op
OverheadActual   3: 1 op, 561.00 ns, 561.0000 ns/op
OverheadActual   4: 1 op, 401.00 ns, 401.0000 ns/op
OverheadActual   5: 1 op, 441.00 ns, 441.0000 ns/op
OverheadActual   6: 1 op, 301.00 ns, 301.0000 ns/op
OverheadActual   7: 1 op, 290.00 ns, 290.0000 ns/op
OverheadActual   8: 1 op, 270.00 ns, 270.0000 ns/op
OverheadActual   9: 1 op, 381.00 ns, 381.0000 ns/op
OverheadActual  10: 1 op, 280.00 ns, 280.0000 ns/op
OverheadActual  11: 1 op, 441.00 ns, 441.0000 ns/op
OverheadActual  12: 1 op, 271.00 ns, 271.0000 ns/op
OverheadActual  13: 1 op, 411.00 ns, 411.0000 ns/op
OverheadActual  14: 1 op, 431.00 ns, 431.0000 ns/op
OverheadActual  15: 1 op, 280.00 ns, 280.0000 ns/op
OverheadActual  16: 1 op, 291.00 ns, 291.0000 ns/op
OverheadActual  17: 1 op, 320.00 ns, 320.0000 ns/op
OverheadActual  18: 1 op, 421.00 ns, 421.0000 ns/op
OverheadActual  19: 1 op, 321.00 ns, 321.0000 ns/op
OverheadActual  20: 1 op, 451.00 ns, 451.0000 ns/op

WorkloadWarmup   1: 1 op, 80499156.00 ns, 80.4992 ms/op
WorkloadWarmup   2: 1 op, 81880248.00 ns, 81.8802 ms/op
WorkloadWarmup   3: 1 op, 84149631.00 ns, 84.1496 ms/op

// BeforeActualRun
WorkloadActual   1: 1 op, 81892738.00 ns, 81.8927 ms/op
WorkloadActual   2: 1 op, 80396004.00 ns, 80.3960 ms/op
WorkloadActual   3: 1 op, 78941714.00 ns, 78.9417 ms/op

// AfterActualRun
WorkloadResult   1: 1 op, 81892347.00 ns, 81.8923 ms/op
WorkloadResult   2: 1 op, 80395613.00 ns, 80.3956 ms/op
WorkloadResult   3: 1 op, 78941323.00 ns, 78.9413 ms/op
// GC:  0 0 0 220936 1
// Threading:  4 10 1

// AfterAll
// Benchmark Process 355437 has exited with code 0.

Mean = 80.410 ms, StdErr = 0.852 ms (1.06%), N = 3, StdDev = 1.476 ms
Min = 78.941 ms, Q1 = 79.668 ms, Median = 80.396 ms, Q3 = 81.144 ms, Max = 81.892 ms
IQR = 1.476 ms, LowerFence = 77.455 ms, UpperFence = 83.357 ms
ConfidenceInterval = [53.490 ms; 107.330 ms] (CI 99.9%), Margin = 26.920 ms (33.48% of Mean)
Skewness = 0.01, Kurtosis = 0.67, MValue = 2

// ** Remained 17 (37.8%) benchmark(s) to run. Estimated finish 2026-09-22 0:26 (0h 1m from now) **
// **************************
// Benchmark: SessionSetupDecompositionBenchmarks.StageS3_PipelineNoPayloadAsync: ShortRun(InvocationCount=1, IterationCount=3, LaunchCount=1, UnrollFactor=1, WarmupCount=3) [Sessions=100]
// *** Execute ***
// Launch: 1 / 1
// Execute: dotnet WinForward.Benchmarks-ShortRun-1.dll --anonymousPipes 129 130 --benchmarkName "WinForward.Benchmarks.Perf.SessionSetupDecompositionBenchmarks.StageS3_PipelineNoPayloadAsync(Sessions: 100)" --job ShortRun --benchmarkId 28 in /home/paff/Projects/WinForward/benchmarks/WinForward.Benchmarks/bin/Release/net10.0/WinForward.Benchmarks-ShortRun-1/bin/Release/net10.0
// Failed to set up high priority (Permission denied). In order to run benchmarks with high priority, make sure you have the right permissions.
// BeforeAnythingElse

// Benchmark Process Environment Information:
// BenchmarkDotNet v0.15.8
// Runtime=.NET 10.0.12 (10.0.12, 10.0.1226.42308), X64 RyuJIT x86-64-v4
// GC=Concurrent Workstation
// HardwareIntrinsics=AVX512 BITALG+VBMI2+VNNI+VPOPCNTDQ,AVX512 IFMA+VBMI,AVX512 F+BW+CD+DQ+VL,AVX2+BMI1+BMI2+F16C+FMA+LZCNT+MOVBE,AVX,SSE3+SSSE3+SSE4.1+SSE4.2+POPCNT,X86Base+SSE+SSE2,AES+PCLMUL,AvxVnni VectorSize=256
// Job: ShortRun(InvocationCount=1, IterationCount=3, LaunchCount=1, UnrollFactor=1, WarmupCount=3)

OverheadJitting  1: 1 op, 274657.00 ns, 274.6570 us/op
WorkloadJitting  1: 1 op, 106291767.00 ns, 106.2918 ms/op

OverheadWarmup   1: 1 op, 1743.00 ns, 1.7430 us/op
OverheadWarmup   2: 1 op, 741.00 ns, 741.0000 ns/op
OverheadWarmup   3: 1 op, 671.00 ns, 671.0000 ns/op
OverheadWarmup   4: 1 op, 642.00 ns, 642.0000 ns/op
OverheadWarmup   5: 1 op, 711.00 ns, 711.0000 ns/op
OverheadWarmup   6: 1 op, 731.00 ns, 731.0000 ns/op
OverheadWarmup   7: 1 op, 1133.00 ns, 1.1330 us/op
OverheadWarmup   8: 1 op, 541.00 ns, 541.0000 ns/op
OverheadWarmup   9: 1 op, 491.00 ns, 491.0000 ns/op
OverheadWarmup  10: 1 op, 581.00 ns, 581.0000 ns/op

OverheadActual   1: 1 op, 401.00 ns, 401.0000 ns/op
OverheadActual   2: 1 op, 501.00 ns, 501.0000 ns/op
OverheadActual   3: 1 op, 471.00 ns, 471.0000 ns/op
OverheadActual   4: 1 op, 491.00 ns, 491.0000 ns/op
OverheadActual   5: 1 op, 290.00 ns, 290.0000 ns/op
OverheadActual   6: 1 op, 520.00 ns, 520.0000 ns/op
OverheadActual   7: 1 op, 872.00 ns, 872.0000 ns/op
OverheadActual   8: 1 op, 420.00 ns, 420.0000 ns/op
OverheadActual   9: 1 op, 471.00 ns, 471.0000 ns/op
OverheadActual  10: 1 op, 271.00 ns, 271.0000 ns/op
OverheadActual  11: 1 op, 431.00 ns, 431.0000 ns/op
OverheadActual  12: 1 op, 270.00 ns, 270.0000 ns/op
OverheadActual  13: 1 op, 471.00 ns, 471.0000 ns/op
OverheadActual  14: 1 op, 481.00 ns, 481.0000 ns/op
OverheadActual  15: 1 op, 271.00 ns, 271.0000 ns/op
OverheadActual  16: 1 op, 300.00 ns, 300.0000 ns/op
OverheadActual  17: 1 op, 280.00 ns, 280.0000 ns/op
OverheadActual  18: 1 op, 300.00 ns, 300.0000 ns/op
OverheadActual  19: 1 op, 291.00 ns, 291.0000 ns/op
OverheadActual  20: 1 op, 280.00 ns, 280.0000 ns/op

WorkloadWarmup   1: 1 op, 39153057.00 ns, 39.1531 ms/op
WorkloadWarmup   2: 1 op, 39663669.00 ns, 39.6637 ms/op
WorkloadWarmup   3: 1 op, 40748409.00 ns, 40.7484 ms/op

// BeforeActualRun
WorkloadActual   1: 1 op, 41012992.00 ns, 41.0130 ms/op
WorkloadActual   2: 1 op, 37375103.00 ns, 37.3751 ms/op
WorkloadActual   3: 1 op, 43412896.00 ns, 43.4129 ms/op

// AfterActualRun
WorkloadResult   1: 1 op, 41012581.50 ns, 41.0126 ms/op
WorkloadResult   2: 1 op, 37374692.50 ns, 37.3747 ms/op
WorkloadResult   3: 1 op, 43412485.50 ns, 43.4125 ms/op
// GC:  0 0 0 439080 1
// Threading:  64 39 1

// AfterAll
// Benchmark Process 356011 has exited with code 0.

Mean = 40.600 ms, StdErr = 1.755 ms (4.32%), N = 3, StdDev = 3.040 ms
Min = 37.375 ms, Q1 = 39.194 ms, Median = 41.013 ms, Q3 = 42.213 ms, Max = 43.412 ms
IQR = 3.019 ms, LowerFence = 34.665 ms, UpperFence = 46.741 ms
ConfidenceInterval = [-14.861 ms; 96.060 ms] (CI 99.9%), Margin = 55.460 ms (136.60% of Mean)
Skewness = -0.13, Kurtosis = 0.67, MValue = 2

// ** Remained 16 (35.6%) benchmark(s) to run. Estimated finish 2026-09-22 0:26 (0h 1m from now) **
// **************************
// Benchmark: SessionSetupDecompositionBenchmarks.StageS4_ReadinessTeardownOutsideAsync: ShortRun(InvocationCount=1, IterationCount=3, LaunchCount=1, UnrollFactor=1, WarmupCount=3) [Sessions=100]
// *** Execute ***
// Launch: 1 / 1
// Execute: dotnet WinForward.Benchmarks-ShortRun-1.dll --anonymousPipes 129 130 --benchmarkName "WinForward.Benchmarks.Perf.SessionSetupDecompositionBenchmarks.StageS4_ReadinessTeardownOutsideAsync(Sessions: 100)" --job ShortRun --benchmarkId 29 in /home/paff/Projects/WinForward/benchmarks/WinForward.Benchmarks/bin/Release/net10.0/WinForward.Benchmarks-ShortRun-1/bin/Release/net10.0
// Failed to set up high priority (Permission denied). In order to run benchmarks with high priority, make sure you have the right permissions.
// BeforeAnythingElse

// Benchmark Process Environment Information:
// BenchmarkDotNet v0.15.8
// Runtime=.NET 10.0.12 (10.0.12, 10.0.1226.42308), X64 RyuJIT x86-64-v4
// GC=Concurrent Workstation
// HardwareIntrinsics=AVX512 BITALG+VBMI2+VNNI+VPOPCNTDQ,AVX512 IFMA+VBMI,AVX512 F+BW+CD+DQ+VL,AVX2+BMI1+BMI2+F16C+FMA+LZCNT+MOVBE,AVX,SSE3+SSSE3+SSE4.1+SSE4.2+POPCNT,X86Base+SSE+SSE2,AES+PCLMUL,AvxVnni VectorSize=256
// Job: ShortRun(InvocationCount=1, IterationCount=3, LaunchCount=1, UnrollFactor=1, WarmupCount=3)

OverheadJitting  1: 1 op, 276912.00 ns, 276.9120 us/op
WorkloadJitting  1: 1 op, 102284267.00 ns, 102.2843 ms/op

OverheadWarmup   1: 1 op, 491.00 ns, 491.0000 ns/op
OverheadWarmup   2: 1 op, 461.00 ns, 461.0000 ns/op
OverheadWarmup   3: 1 op, 440.00 ns, 440.0000 ns/op
OverheadWarmup   4: 1 op, 391.00 ns, 391.0000 ns/op
OverheadWarmup   5: 1 op, 581.00 ns, 581.0000 ns/op
OverheadWarmup   6: 1 op, 481.00 ns, 481.0000 ns/op
OverheadWarmup   7: 1 op, 310.00 ns, 310.0000 ns/op
OverheadWarmup   8: 1 op, 351.00 ns, 351.0000 ns/op
OverheadWarmup   9: 1 op, 411.00 ns, 411.0000 ns/op
OverheadWarmup  10: 1 op, 271.00 ns, 271.0000 ns/op

OverheadActual   1: 1 op, 390.00 ns, 390.0000 ns/op
OverheadActual   2: 1 op, 371.00 ns, 371.0000 ns/op
OverheadActual   3: 1 op, 401.00 ns, 401.0000 ns/op
OverheadActual   4: 1 op, 391.00 ns, 391.0000 ns/op
OverheadActual   5: 1 op, 380.00 ns, 380.0000 ns/op
OverheadActual   6: 1 op, 431.00 ns, 431.0000 ns/op
OverheadActual   7: 1 op, 281.00 ns, 281.0000 ns/op
OverheadActual   8: 1 op, 401.00 ns, 401.0000 ns/op
OverheadActual   9: 1 op, 291.00 ns, 291.0000 ns/op
OverheadActual  10: 1 op, 411.00 ns, 411.0000 ns/op
OverheadActual  11: 1 op, 431.00 ns, 431.0000 ns/op
OverheadActual  12: 1 op, 391.00 ns, 391.0000 ns/op
OverheadActual  13: 1 op, 381.00 ns, 381.0000 ns/op
OverheadActual  14: 1 op, 281.00 ns, 281.0000 ns/op
OverheadActual  15: 1 op, 290.00 ns, 290.0000 ns/op
OverheadActual  16: 1 op, 281.00 ns, 281.0000 ns/op
OverheadActual  17: 1 op, 281.00 ns, 281.0000 ns/op
OverheadActual  18: 1 op, 420.00 ns, 420.0000 ns/op
OverheadActual  19: 1 op, 301.00 ns, 301.0000 ns/op
OverheadActual  20: 1 op, 441.00 ns, 441.0000 ns/op

WorkloadWarmup   1: 1 op, 38331238.00 ns, 38.3312 ms/op
WorkloadWarmup   2: 1 op, 38413824.00 ns, 38.4138 ms/op
WorkloadWarmup   3: 1 op, 40545887.00 ns, 40.5459 ms/op

// BeforeActualRun
WorkloadActual   1: 1 op, 40059044.00 ns, 40.0590 ms/op
WorkloadActual   2: 1 op, 41533773.00 ns, 41.5338 ms/op
WorkloadActual   3: 1 op, 39913179.00 ns, 39.9132 ms/op

// AfterActualRun
WorkloadResult   1: 1 op, 40058658.50 ns, 40.0587 ms/op
WorkloadResult   2: 1 op, 41533387.50 ns, 41.5334 ms/op
WorkloadResult   3: 1 op, 39912793.50 ns, 39.9128 ms/op
// GC:  0 0 0 468560 1
// Threading:  91 54 1

// AfterAll
// Benchmark Process 356566 has exited with code 0.

Mean = 40.502 ms, StdErr = 0.518 ms (1.28%), N = 3, StdDev = 0.897 ms
Min = 39.913 ms, Q1 = 39.986 ms, Median = 40.059 ms, Q3 = 40.796 ms, Max = 41.533 ms
IQR = 0.810 ms, LowerFence = 38.770 ms, UpperFence = 42.011 ms
ConfidenceInterval = [24.146 ms; 56.857 ms] (CI 99.9%), Margin = 16.356 ms (40.38% of Mean)
Skewness = 0.37, Kurtosis = 0.67, MValue = 2

// ** Remained 15 (33.3%) benchmark(s) to run. Estimated finish 2026-09-22 0:26 (0h 1m from now) **
// **************************
// Benchmark: SessionSetupDecompositionBenchmarks.StageS5_ReadinessTeardownInsideAsync: ShortRun(InvocationCount=1, IterationCount=3, LaunchCount=1, UnrollFactor=1, WarmupCount=3) [Sessions=100]
// *** Execute ***
// Launch: 1 / 1
// Execute: dotnet WinForward.Benchmarks-ShortRun-1.dll --anonymousPipes 129 130 --benchmarkName "WinForward.Benchmarks.Perf.SessionSetupDecompositionBenchmarks.StageS5_ReadinessTeardownInsideAsync(Sessions: 100)" --job ShortRun --benchmarkId 30 in /home/paff/Projects/WinForward/benchmarks/WinForward.Benchmarks/bin/Release/net10.0/WinForward.Benchmarks-ShortRun-1/bin/Release/net10.0
// Failed to set up high priority (Permission denied). In order to run benchmarks with high priority, make sure you have the right permissions.
// BeforeAnythingElse

// Benchmark Process Environment Information:
// BenchmarkDotNet v0.15.8
// Runtime=.NET 10.0.12 (10.0.12, 10.0.1226.42308), X64 RyuJIT x86-64-v4
// GC=Concurrent Workstation
// HardwareIntrinsics=AVX512 BITALG+VBMI2+VNNI+VPOPCNTDQ,AVX512 IFMA+VBMI,AVX512 F+BW+CD+DQ+VL,AVX2+BMI1+BMI2+F16C+FMA+LZCNT+MOVBE,AVX,SSE3+SSSE3+SSE4.1+SSE4.2+POPCNT,X86Base+SSE+SSE2,AES+PCLMUL,AvxVnni VectorSize=256
// Job: ShortRun(InvocationCount=1, IterationCount=3, LaunchCount=1, UnrollFactor=1, WarmupCount=3)

OverheadJitting  1: 1 op, 261874.00 ns, 261.8740 us/op
WorkloadJitting  1: 1 op, 131806786.00 ns, 131.8068 ms/op

OverheadWarmup   1: 1 op, 571.00 ns, 571.0000 ns/op
OverheadWarmup   2: 1 op, 440.00 ns, 440.0000 ns/op
OverheadWarmup   3: 1 op, 501.00 ns, 501.0000 ns/op
OverheadWarmup   4: 1 op, 461.00 ns, 461.0000 ns/op
OverheadWarmup   5: 1 op, 441.00 ns, 441.0000 ns/op
OverheadWarmup   6: 1 op, 420.00 ns, 420.0000 ns/op
OverheadWarmup   7: 1 op, 431.00 ns, 431.0000 ns/op
OverheadWarmup   8: 1 op, 702.00 ns, 702.0000 ns/op
OverheadWarmup   9: 1 op, 441.00 ns, 441.0000 ns/op

OverheadActual   1: 1 op, 431.00 ns, 431.0000 ns/op
OverheadActual   2: 1 op, 411.00 ns, 411.0000 ns/op
OverheadActual   3: 1 op, 421.00 ns, 421.0000 ns/op
OverheadActual   4: 1 op, 411.00 ns, 411.0000 ns/op
OverheadActual   5: 1 op, 411.00 ns, 411.0000 ns/op
OverheadActual   6: 1 op, 300.00 ns, 300.0000 ns/op
OverheadActual   7: 1 op, 431.00 ns, 431.0000 ns/op
OverheadActual   8: 1 op, 431.00 ns, 431.0000 ns/op
OverheadActual   9: 1 op, 321.00 ns, 321.0000 ns/op
OverheadActual  10: 1 op, 311.00 ns, 311.0000 ns/op
OverheadActual  11: 1 op, 441.00 ns, 441.0000 ns/op
OverheadActual  12: 1 op, 280.00 ns, 280.0000 ns/op
OverheadActual  13: 1 op, 481.00 ns, 481.0000 ns/op
OverheadActual  14: 1 op, 480.00 ns, 480.0000 ns/op
OverheadActual  15: 1 op, 291.00 ns, 291.0000 ns/op
OverheadActual  16: 1 op, 320.00 ns, 320.0000 ns/op
OverheadActual  17: 1 op, 311.00 ns, 311.0000 ns/op
OverheadActual  18: 1 op, 420.00 ns, 420.0000 ns/op
OverheadActual  19: 1 op, 290.00 ns, 290.0000 ns/op
OverheadActual  20: 1 op, 300.00 ns, 300.0000 ns/op

WorkloadWarmup   1: 1 op, 54233753.00 ns, 54.2338 ms/op
WorkloadWarmup   2: 1 op, 52418493.00 ns, 52.4185 ms/op
WorkloadWarmup   3: 1 op, 51403791.00 ns, 51.4038 ms/op

// BeforeActualRun
WorkloadActual   1: 1 op, 55957212.00 ns, 55.9572 ms/op
WorkloadActual   2: 1 op, 53769097.00 ns, 53.7691 ms/op
WorkloadActual   3: 1 op, 54740494.00 ns, 54.7405 ms/op

// AfterActualRun
WorkloadResult   1: 1 op, 55956801.00 ns, 55.9568 ms/op
WorkloadResult   2: 1 op, 53768686.00 ns, 53.7687 ms/op
WorkloadResult   3: 1 op, 54740083.00 ns, 54.7401 ms/op
// GC:  0 0 0 724968 1
// Threading:  186 160 1
// Exceptions:  328

// AfterAll
// Benchmark Process 357114 has exited with code 0.

Mean = 54.822 ms, StdErr = 0.633 ms (1.15%), N = 3, StdDev = 1.096 ms
Min = 53.769 ms, Q1 = 54.254 ms, Median = 54.740 ms, Q3 = 55.348 ms, Max = 55.957 ms
IQR = 1.094 ms, LowerFence = 52.613 ms, UpperFence = 56.990 ms
ConfidenceInterval = [34.820 ms; 74.823 ms] (CI 99.9%), Margin = 20.001 ms (36.48% of Mean)
Skewness = 0.07, Kurtosis = 0.67, MValue = 2

// ** Remained 14 (31.1%) benchmark(s) to run. Estimated finish 2026-09-22 0:25 (0h 1m from now) **
// **************************
// Benchmark: SessionSetupDecompositionBenchmarks.BaselineF_FakeTransportCreationAsync: ShortRun(InvocationCount=1, IterationCount=3, LaunchCount=1, UnrollFactor=1, WarmupCount=3) [Sessions=100]
// *** Execute ***
// Launch: 1 / 1
// Execute: dotnet WinForward.Benchmarks-ShortRun-1.dll --anonymousPipes 129 130 --benchmarkName "WinForward.Benchmarks.Perf.SessionSetupDecompositionBenchmarks.BaselineF_FakeTransportCreationAsync(Sessions: 100)" --job ShortRun --benchmarkId 31 in /home/paff/Projects/WinForward/benchmarks/WinForward.Benchmarks/bin/Release/net10.0/WinForward.Benchmarks-ShortRun-1/bin/Release/net10.0
// Failed to set up high priority (Permission denied). In order to run benchmarks with high priority, make sure you have the right permissions.
// BeforeAnythingElse

// Benchmark Process Environment Information:
// BenchmarkDotNet v0.15.8
// Runtime=.NET 10.0.12 (10.0.12, 10.0.1226.42308), X64 RyuJIT x86-64-v4
// GC=Concurrent Workstation
// HardwareIntrinsics=AVX512 BITALG+VBMI2+VNNI+VPOPCNTDQ,AVX512 IFMA+VBMI,AVX512 F+BW+CD+DQ+VL,AVX2+BMI1+BMI2+F16C+FMA+LZCNT+MOVBE,AVX,SSE3+SSSE3+SSE4.1+SSE4.2+POPCNT,X86Base+SSE+SSE2,AES+PCLMUL,AvxVnni VectorSize=256
// Job: ShortRun(InvocationCount=1, IterationCount=3, LaunchCount=1, UnrollFactor=1, WarmupCount=3)

OverheadJitting  1: 1 op, 371571.00 ns, 371.5710 us/op
WorkloadJitting  1: 1 op, 6186628.00 ns, 6.1866 ms/op

OverheadWarmup   1: 1 op, 390.00 ns, 390.0000 ns/op
OverheadWarmup   2: 1 op, 381.00 ns, 381.0000 ns/op
OverheadWarmup   3: 1 op, 401.00 ns, 401.0000 ns/op
OverheadWarmup   4: 1 op, 350.00 ns, 350.0000 ns/op
OverheadWarmup   5: 1 op, 381.00 ns, 381.0000 ns/op
OverheadWarmup   6: 1 op, 941.00 ns, 941.0000 ns/op
OverheadWarmup   7: 1 op, 450.00 ns, 450.0000 ns/op

OverheadActual   1: 1 op, 391.00 ns, 391.0000 ns/op
OverheadActual   2: 1 op, 381.00 ns, 381.0000 ns/op
OverheadActual   3: 1 op, 391.00 ns, 391.0000 ns/op
OverheadActual   4: 1 op, 692.00 ns, 692.0000 ns/op
OverheadActual   5: 1 op, 661.00 ns, 661.0000 ns/op
OverheadActual   6: 1 op, 380.00 ns, 380.0000 ns/op
OverheadActual   7: 1 op, 391.00 ns, 391.0000 ns/op
OverheadActual   8: 1 op, 391.00 ns, 391.0000 ns/op
OverheadActual   9: 1 op, 391.00 ns, 391.0000 ns/op
OverheadActual  10: 1 op, 361.00 ns, 361.0000 ns/op
OverheadActual  11: 1 op, 391.00 ns, 391.0000 ns/op
OverheadActual  12: 1 op, 350.00 ns, 350.0000 ns/op
OverheadActual  13: 1 op, 551.00 ns, 551.0000 ns/op
OverheadActual  14: 1 op, 481.00 ns, 481.0000 ns/op
OverheadActual  15: 1 op, 371.00 ns, 371.0000 ns/op
OverheadActual  16: 1 op, 401.00 ns, 401.0000 ns/op
OverheadActual  17: 1 op, 371.00 ns, 371.0000 ns/op

WorkloadWarmup   1: 1 op, 50055.00 ns, 50.0550 us/op
WorkloadWarmup   2: 1 op, 17753.00 ns, 17.7530 us/op
WorkloadWarmup   3: 1 op, 17483.00 ns, 17.4830 us/op

// BeforeActualRun
WorkloadActual   1: 1 op, 92665.00 ns, 92.6650 us/op
WorkloadActual   2: 1 op, 17593.00 ns, 17.5930 us/op
WorkloadActual   3: 1 op, 19748.00 ns, 19.7480 us/op

// AfterActualRun
WorkloadResult   1: 1 op, 92274.00 ns, 92.2740 us/op
WorkloadResult   2: 1 op, 17202.00 ns, 17.2020 us/op
WorkloadResult   3: 1 op, 19357.00 ns, 19.3570 us/op
// GC:  0 0 0 10432 1
// Threading:  0 0 1

// AfterAll
// Benchmark Process 357672 has exited with code 0.

Mean = 42.944 us, StdErr = 24.673 us (57.45%), N = 3, StdDev = 42.734 us
Min = 17.202 us, Q1 = 18.279 us, Median = 19.357 us, Q3 = 55.816 us, Max = 92.274 us
IQR = 37.536 us, LowerFence = -38.025 us, UpperFence = 112.120 us
ConfidenceInterval = [-736.689 us; 822.578 us] (CI 99.9%), Margin = 779.633 us (1815.45% of Mean)
Skewness = 0.38, Kurtosis = 0.67, MValue = 2

// ** Remained 13 (28.9%) benchmark(s) to run. Estimated finish 2026-09-22 0:25 (0h 1m from now) **
// **************************
// Benchmark: SessionSetupDecompositionBenchmarks.BaselineH_FlowKeyConstruction: ShortRun(InvocationCount=1, IterationCount=3, LaunchCount=1, UnrollFactor=1, WarmupCount=3) [Sessions=100]
// *** Execute ***
// Launch: 1 / 1
// Execute: dotnet WinForward.Benchmarks-ShortRun-1.dll --anonymousPipes 129 130 --benchmarkName "WinForward.Benchmarks.Perf.SessionSetupDecompositionBenchmarks.BaselineH_FlowKeyConstruction(Sessions: 100)" --job ShortRun --benchmarkId 32 in /home/paff/Projects/WinForward/benchmarks/WinForward.Benchmarks/bin/Release/net10.0/WinForward.Benchmarks-ShortRun-1/bin/Release/net10.0
// Failed to set up high priority (Permission denied). In order to run benchmarks with high priority, make sure you have the right permissions.
// BeforeAnythingElse

// Benchmark Process Environment Information:
// BenchmarkDotNet v0.15.8
// Runtime=.NET 10.0.12 (10.0.12, 10.0.1226.42308), X64 RyuJIT x86-64-v4
// GC=Concurrent Workstation
// HardwareIntrinsics=AVX512 BITALG+VBMI2+VNNI+VPOPCNTDQ,AVX512 IFMA+VBMI,AVX512 F+BW+CD+DQ+VL,AVX2+BMI1+BMI2+F16C+FMA+LZCNT+MOVBE,AVX,SSE3+SSSE3+SSE4.1+SSE4.2+POPCNT,X86Base+SSE+SSE2,AES+PCLMUL,AvxVnni VectorSize=256
// Job: ShortRun(InvocationCount=1, IterationCount=3, LaunchCount=1, UnrollFactor=1, WarmupCount=3)

OverheadJitting  1: 1 op, 264899.00 ns, 264.8990 us/op
WorkloadJitting  1: 1 op, 6870907.00 ns, 6.8709 ms/op

OverheadWarmup   1: 1 op, 391.00 ns, 391.0000 ns/op
OverheadWarmup   2: 1 op, 281.00 ns, 281.0000 ns/op
OverheadWarmup   3: 1 op, 271.00 ns, 271.0000 ns/op
OverheadWarmup   4: 1 op, 491.00 ns, 491.0000 ns/op
OverheadWarmup   5: 1 op, 291.00 ns, 291.0000 ns/op
OverheadWarmup   6: 1 op, 431.00 ns, 431.0000 ns/op
OverheadWarmup   7: 1 op, 340.00 ns, 340.0000 ns/op

OverheadActual   1: 1 op, 882.00 ns, 882.0000 ns/op
OverheadActual   2: 1 op, 390.00 ns, 390.0000 ns/op
OverheadActual   3: 1 op, 311.00 ns, 311.0000 ns/op
OverheadActual   4: 1 op, 401.00 ns, 401.0000 ns/op
OverheadActual   5: 1 op, 430.00 ns, 430.0000 ns/op
OverheadActual   6: 1 op, 421.00 ns, 421.0000 ns/op
OverheadActual   7: 1 op, 391.00 ns, 391.0000 ns/op
OverheadActual   8: 1 op, 271.00 ns, 271.0000 ns/op
OverheadActual   9: 1 op, 380.00 ns, 380.0000 ns/op
OverheadActual  10: 1 op, 421.00 ns, 421.0000 ns/op
OverheadActual  11: 1 op, 310.00 ns, 310.0000 ns/op
OverheadActual  12: 1 op, 281.00 ns, 281.0000 ns/op
OverheadActual  13: 1 op, 441.00 ns, 441.0000 ns/op
OverheadActual  14: 1 op, 281.00 ns, 281.0000 ns/op
OverheadActual  15: 1 op, 391.00 ns, 391.0000 ns/op
OverheadActual  16: 1 op, 230.00 ns, 230.0000 ns/op
OverheadActual  17: 1 op, 390.00 ns, 390.0000 ns/op
OverheadActual  18: 1 op, 271.00 ns, 271.0000 ns/op
OverheadActual  19: 1 op, 351.00 ns, 351.0000 ns/op
OverheadActual  20: 1 op, 411.00 ns, 411.0000 ns/op

WorkloadWarmup   1: 1 op, 156785.00 ns, 156.7850 us/op
WorkloadWarmup   2: 1 op, 83697.00 ns, 83.6970 us/op
WorkloadWarmup   3: 1 op, 108114.00 ns, 108.1140 us/op

// BeforeActualRun
WorkloadActual   1: 1 op, 128893.00 ns, 128.8930 us/op
WorkloadActual   2: 1 op, 81113.00 ns, 81.1130 us/op
WorkloadActual   3: 1 op, 70433.00 ns, 70.4330 us/op

// AfterActualRun
WorkloadResult   1: 1 op, 128503.00 ns, 128.5030 us/op
WorkloadResult   2: 1 op, 80723.00 ns, 80.7230 us/op
WorkloadResult   3: 1 op, 70043.00 ns, 70.0430 us/op
// GC:  0 0 0 35200 1
// Threading:  0 0 1

// AfterAll
// Benchmark Process 357681 has exited with code 0.

Mean = 93.090 us, StdErr = 17.973 us (19.31%), N = 3, StdDev = 31.130 us
Min = 70.043 us, Q1 = 75.383 us, Median = 80.723 us, Q3 = 104.613 us, Max = 128.503 us
IQR = 29.230 us, LowerFence = 31.538 us, UpperFence = 148.458 us
ConfidenceInterval = [-474.842 us; 661.022 us] (CI 99.9%), Margin = 567.932 us (610.09% of Mean)
Skewness = 0.33, Kurtosis = 0.67, MValue = 2

// ** Remained 12 (26.7%) benchmark(s) to run. Estimated finish 2026-09-22 0:25 (0h 0m from now) **
// **************************
// Benchmark: SessionSetupDecompositionBenchmarks.ComponentC1_AssociationClaimRelease: ShortRun(InvocationCount=1, IterationCount=3, LaunchCount=1, UnrollFactor=1, WarmupCount=3) [Sessions=100]
// *** Execute ***
// Launch: 1 / 1
// Execute: dotnet WinForward.Benchmarks-ShortRun-1.dll --anonymousPipes 129 130 --benchmarkName "WinForward.Benchmarks.Perf.SessionSetupDecompositionBenchmarks.ComponentC1_AssociationClaimRelease(Sessions: 100)" --job ShortRun --benchmarkId 33 in /home/paff/Projects/WinForward/benchmarks/WinForward.Benchmarks/bin/Release/net10.0/WinForward.Benchmarks-ShortRun-1/bin/Release/net10.0
// Failed to set up high priority (Permission denied). In order to run benchmarks with high priority, make sure you have the right permissions.
// BeforeAnythingElse

// Benchmark Process Environment Information:
// BenchmarkDotNet v0.15.8
// Runtime=.NET 10.0.12 (10.0.12, 10.0.1226.42308), X64 RyuJIT x86-64-v4
// GC=Concurrent Workstation
// HardwareIntrinsics=AVX512 BITALG+VBMI2+VNNI+VPOPCNTDQ,AVX512 IFMA+VBMI,AVX512 F+BW+CD+DQ+VL,AVX2+BMI1+BMI2+F16C+FMA+LZCNT+MOVBE,AVX,SSE3+SSSE3+SSE4.1+SSE4.2+POPCNT,X86Base+SSE+SSE2,AES+PCLMUL,AvxVnni VectorSize=256
// Job: ShortRun(InvocationCount=1, IterationCount=3, LaunchCount=1, UnrollFactor=1, WarmupCount=3)

OverheadJitting  1: 1 op, 433286.00 ns, 433.2860 us/op
WorkloadJitting  1: 1 op, 20593905.00 ns, 20.5939 ms/op

OverheadWarmup   1: 1 op, 592.00 ns, 592.0000 ns/op
OverheadWarmup   2: 1 op, 711.00 ns, 711.0000 ns/op
OverheadWarmup   3: 1 op, 371.00 ns, 371.0000 ns/op
OverheadWarmup   4: 1 op, 461.00 ns, 461.0000 ns/op
OverheadWarmup   5: 1 op, 330.00 ns, 330.0000 ns/op

OverheadActual   1: 1 op, 491.00 ns, 491.0000 ns/op
OverheadActual   2: 1 op, 1002.00 ns, 1.0020 us/op
OverheadActual   3: 1 op, 481.00 ns, 481.0000 ns/op
OverheadActual   4: 1 op, 421.00 ns, 421.0000 ns/op
OverheadActual   5: 1 op, 431.00 ns, 431.0000 ns/op
OverheadActual   6: 1 op, 421.00 ns, 421.0000 ns/op
OverheadActual   7: 1 op, 270.00 ns, 270.0000 ns/op
OverheadActual   8: 1 op, 421.00 ns, 421.0000 ns/op
OverheadActual   9: 1 op, 271.00 ns, 271.0000 ns/op
OverheadActual  10: 1 op, 270.00 ns, 270.0000 ns/op
OverheadActual  11: 1 op, 381.00 ns, 381.0000 ns/op
OverheadActual  12: 1 op, 380.00 ns, 380.0000 ns/op
OverheadActual  13: 1 op, 360.00 ns, 360.0000 ns/op
OverheadActual  14: 1 op, 261.00 ns, 261.0000 ns/op
OverheadActual  15: 1 op, 270.00 ns, 270.0000 ns/op
OverheadActual  16: 1 op, 421.00 ns, 421.0000 ns/op
OverheadActual  17: 1 op, 381.00 ns, 381.0000 ns/op
OverheadActual  18: 1 op, 411.00 ns, 411.0000 ns/op
OverheadActual  19: 1 op, 341.00 ns, 341.0000 ns/op
OverheadActual  20: 1 op, 390.00 ns, 390.0000 ns/op

WorkloadWarmup   1: 1 op, 502968.00 ns, 502.9680 us/op
WorkloadWarmup   2: 1 op, 321576.00 ns, 321.5760 us/op
WorkloadWarmup   3: 1 op, 319882.00 ns, 319.8820 us/op

// BeforeActualRun
WorkloadActual   1: 1 op, 406415.00 ns, 406.4150 us/op
WorkloadActual   2: 1 op, 330944.00 ns, 330.9440 us/op
WorkloadActual   3: 1 op, 378243.00 ns, 378.2430 us/op

// AfterActualRun
WorkloadResult   1: 1 op, 406029.50 ns, 406.0295 us/op
WorkloadResult   2: 1 op, 330558.50 ns, 330.5585 us/op
WorkloadResult   3: 1 op, 377857.50 ns, 377.8575 us/op
// GC:  0 0 0 82800 1
// Threading:  0 0 1

// AfterAll
// Benchmark Process 357694 has exited with code 0.

Mean = 371.482 us, StdErr = 22.019 us (5.93%), N = 3, StdDev = 38.137 us
Min = 330.558 us, Q1 = 354.208 us, Median = 377.858 us, Q3 = 391.943 us, Max = 406.029 us
IQR = 37.736 us, LowerFence = 297.605 us, UpperFence = 448.547 us
ConfidenceInterval = [-324.285 us; 1,067.248 us] (CI 99.9%), Margin = 695.767 us (187.29% of Mean)
Skewness = -0.16, Kurtosis = 0.67, MValue = 2

// ** Remained 11 (24.4%) benchmark(s) to run. Estimated finish 2026-09-22 0:25 (0h 0m from now) **
// **************************
// Benchmark: SessionSetupDecompositionBenchmarks.ComponentC2_SessionConstructStartAsync: ShortRun(InvocationCount=1, IterationCount=3, LaunchCount=1, UnrollFactor=1, WarmupCount=3) [Sessions=100]
// *** Execute ***
// Launch: 1 / 1
// Execute: dotnet WinForward.Benchmarks-ShortRun-1.dll --anonymousPipes 129 130 --benchmarkName "WinForward.Benchmarks.Perf.SessionSetupDecompositionBenchmarks.ComponentC2_SessionConstructStartAsync(Sessions: 100)" --job ShortRun --benchmarkId 34 in /home/paff/Projects/WinForward/benchmarks/WinForward.Benchmarks/bin/Release/net10.0/WinForward.Benchmarks-ShortRun-1/bin/Release/net10.0
// Failed to set up high priority (Permission denied). In order to run benchmarks with high priority, make sure you have the right permissions.
// BeforeAnythingElse

// Benchmark Process Environment Information:
// BenchmarkDotNet v0.15.8
// Runtime=.NET 10.0.12 (10.0.12, 10.0.1226.42308), X64 RyuJIT x86-64-v4
// GC=Concurrent Workstation
// HardwareIntrinsics=AVX512 BITALG+VBMI2+VNNI+VPOPCNTDQ,AVX512 IFMA+VBMI,AVX512 F+BW+CD+DQ+VL,AVX2+BMI1+BMI2+F16C+FMA+LZCNT+MOVBE,AVX,SSE3+SSSE3+SSE4.1+SSE4.2+POPCNT,X86Base+SSE+SSE2,AES+PCLMUL,AvxVnni VectorSize=256
// Job: ShortRun(InvocationCount=1, IterationCount=3, LaunchCount=1, UnrollFactor=1, WarmupCount=3)

OverheadJitting  1: 1 op, 290949.00 ns, 290.9490 us/op
WorkloadJitting  1: 1 op, 31497020.00 ns, 31.4970 ms/op

OverheadWarmup   1: 1 op, 490.00 ns, 490.0000 ns/op
OverheadWarmup   2: 1 op, 301.00 ns, 301.0000 ns/op
OverheadWarmup   3: 1 op, 371.00 ns, 371.0000 ns/op
OverheadWarmup   4: 1 op, 280.00 ns, 280.0000 ns/op
OverheadWarmup   5: 1 op, 300.00 ns, 300.0000 ns/op
OverheadWarmup   6: 1 op, 291.00 ns, 291.0000 ns/op

OverheadActual   1: 1 op, 400.00 ns, 400.0000 ns/op
OverheadActual   2: 1 op, 451.00 ns, 451.0000 ns/op
OverheadActual   3: 1 op, 511.00 ns, 511.0000 ns/op
OverheadActual   4: 1 op, 461.00 ns, 461.0000 ns/op
OverheadActual   5: 1 op, 440.00 ns, 440.0000 ns/op
OverheadActual   6: 1 op, 541.00 ns, 541.0000 ns/op
OverheadActual   7: 1 op, 481.00 ns, 481.0000 ns/op
OverheadActual   8: 1 op, 400.00 ns, 400.0000 ns/op
OverheadActual   9: 1 op, 371.00 ns, 371.0000 ns/op
OverheadActual  10: 1 op, 370.00 ns, 370.0000 ns/op
OverheadActual  11: 1 op, 551.00 ns, 551.0000 ns/op
OverheadActual  12: 1 op, 511.00 ns, 511.0000 ns/op
OverheadActual  13: 1 op, 441.00 ns, 441.0000 ns/op
OverheadActual  14: 1 op, 521.00 ns, 521.0000 ns/op
OverheadActual  15: 1 op, 431.00 ns, 431.0000 ns/op
OverheadActual  16: 1 op, 421.00 ns, 421.0000 ns/op
OverheadActual  17: 1 op, 521.00 ns, 521.0000 ns/op
OverheadActual  18: 1 op, 430.00 ns, 430.0000 ns/op
OverheadActual  19: 1 op, 451.00 ns, 451.0000 ns/op
OverheadActual  20: 1 op, 451.00 ns, 451.0000 ns/op

WorkloadWarmup   1: 1 op, 670293.00 ns, 670.2930 us/op
WorkloadWarmup   2: 1 op, 380888.00 ns, 380.8880 us/op
WorkloadWarmup   3: 1 op, 447954.00 ns, 447.9540 us/op

// BeforeActualRun
WorkloadActual   1: 1 op, 773884.00 ns, 773.8840 us/op
WorkloadActual   2: 1 op, 359417.00 ns, 359.4170 us/op
WorkloadActual   3: 1 op, 377641.00 ns, 377.6410 us/op

// AfterActualRun
WorkloadResult   1: 1 op, 773433.00 ns, 773.4330 us/op
WorkloadResult   2: 1 op, 358966.00 ns, 358.9660 us/op
WorkloadResult   3: 1 op, 377190.00 ns, 377.1900 us/op
// GC:  0 0 0 271048 1
// Threading:  0 0 1

// AfterAll
// Benchmark Process 357706 has exited with code 0.

Mean = 503.196 us, StdErr = 135.221 us (26.87%), N = 3, StdDev = 234.209 us
Min = 358.966 us, Q1 = 368.078 us, Median = 377.190 us, Q3 = 575.312 us, Max = 773.433 us
IQR = 207.233 us, LowerFence = 57.228 us, UpperFence = 886.162 us
ConfidenceInterval = [-3,769.650 us; 4,776.043 us] (CI 99.9%), Margin = 4,272.847 us (849.14% of Mean)
Skewness = 0.38, Kurtosis = 0.67, MValue = 2

// ** Remained 10 (22.2%) benchmark(s) to run. Estimated finish 2026-09-22 0:25 (0h 0m from now) **
// **************************
// Benchmark: SessionSetupDecompositionBenchmarks.StageS0_CoordinatorOnly: ShortRun(InvocationCount=1, IterationCount=3, LaunchCount=1, UnrollFactor=1, WarmupCount=3) [Sessions=1000]
// *** Execute ***
// Launch: 1 / 1
// Execute: dotnet WinForward.Benchmarks-ShortRun-1.dll --anonymousPipes 129 130 --benchmarkName "WinForward.Benchmarks.Perf.SessionSetupDecompositionBenchmarks.StageS0_CoordinatorOnly(Sessions: 1000)" --job ShortRun --benchmarkId 35 in /home/paff/Projects/WinForward/benchmarks/WinForward.Benchmarks/bin/Release/net10.0/WinForward.Benchmarks-ShortRun-1/bin/Release/net10.0
// Failed to set up high priority (Permission denied). In order to run benchmarks with high priority, make sure you have the right permissions.
// BeforeAnythingElse

// Benchmark Process Environment Information:
// BenchmarkDotNet v0.15.8
// Runtime=.NET 10.0.12 (10.0.12, 10.0.1226.42308), X64 RyuJIT x86-64-v4
// GC=Concurrent Workstation
// HardwareIntrinsics=AVX512 BITALG+VBMI2+VNNI+VPOPCNTDQ,AVX512 IFMA+VBMI,AVX512 F+BW+CD+DQ+VL,AVX2+BMI1+BMI2+F16C+FMA+LZCNT+MOVBE,AVX,SSE3+SSSE3+SSE4.1+SSE4.2+POPCNT,X86Base+SSE+SSE2,AES+PCLMUL,AvxVnni VectorSize=256
// Job: ShortRun(InvocationCount=1, IterationCount=3, LaunchCount=1, UnrollFactor=1, WarmupCount=3)

OverheadJitting  1: 1 op, 298914.00 ns, 298.9140 us/op
WorkloadJitting  1: 1 op, 7337065.00 ns, 7.3371 ms/op

OverheadWarmup   1: 1 op, 471.00 ns, 471.0000 ns/op
OverheadWarmup   2: 1 op, 270.00 ns, 270.0000 ns/op
OverheadWarmup   3: 1 op, 271.00 ns, 271.0000 ns/op
OverheadWarmup   4: 1 op, 270.00 ns, 270.0000 ns/op
OverheadWarmup   5: 1 op, 270.00 ns, 270.0000 ns/op
OverheadWarmup   6: 1 op, 280.00 ns, 280.0000 ns/op

OverheadActual   1: 1 op, 371.00 ns, 371.0000 ns/op
OverheadActual   2: 1 op, 371.00 ns, 371.0000 ns/op
OverheadActual   3: 1 op, 381.00 ns, 381.0000 ns/op
OverheadActual   4: 1 op, 410.00 ns, 410.0000 ns/op
OverheadActual   5: 1 op, 390.00 ns, 390.0000 ns/op
OverheadActual   6: 1 op, 390.00 ns, 390.0000 ns/op
OverheadActual   7: 1 op, 731.00 ns, 731.0000 ns/op
OverheadActual   8: 1 op, 290.00 ns, 290.0000 ns/op
OverheadActual   9: 1 op, 371.00 ns, 371.0000 ns/op
OverheadActual  10: 1 op, 371.00 ns, 371.0000 ns/op
OverheadActual  11: 1 op, 361.00 ns, 361.0000 ns/op
OverheadActual  12: 1 op, 401.00 ns, 401.0000 ns/op
OverheadActual  13: 1 op, 431.00 ns, 431.0000 ns/op
OverheadActual  14: 1 op, 361.00 ns, 361.0000 ns/op
OverheadActual  15: 1 op, 381.00 ns, 381.0000 ns/op
OverheadActual  16: 1 op, 381.00 ns, 381.0000 ns/op
OverheadActual  17: 1 op, 351.00 ns, 351.0000 ns/op
OverheadActual  18: 1 op, 390.00 ns, 390.0000 ns/op
OverheadActual  19: 1 op, 270.00 ns, 270.0000 ns/op
OverheadActual  20: 1 op, 280.00 ns, 280.0000 ns/op

WorkloadWarmup   1: 1 op, 180661.00 ns, 180.6610 us/op
WorkloadWarmup   2: 1 op, 60034.00 ns, 60.0340 us/op
WorkloadWarmup   3: 1 op, 56496.00 ns, 56.4960 us/op

// BeforeActualRun
WorkloadActual   1: 1 op, 88938.00 ns, 88.9380 us/op
WorkloadActual   2: 1 op, 117191.00 ns, 117.1910 us/op
WorkloadActual   3: 1 op, 57979.00 ns, 57.9790 us/op

// AfterActualRun
WorkloadResult   1: 1 op, 88562.00 ns, 88.5620 us/op
WorkloadResult   2: 1 op, 116815.00 ns, 116.8150 us/op
WorkloadResult   3: 1 op, 57603.00 ns, 57.6030 us/op
// GC:  0 0 0 496680 1
// Threading:  0 0 1

// AfterAll
// Benchmark Process 357720 has exited with code 0.

Mean = 87.660 us, StdErr = 17.099 us (19.51%), N = 3, StdDev = 29.616 us
Min = 57.603 us, Q1 = 73.082 us, Median = 88.562 us, Q3 = 102.689 us, Max = 116.815 us
IQR = 29.606 us, LowerFence = 28.674 us, UpperFence = 147.097 us
ConfidenceInterval = [-452.652 us; 627.972 us] (CI 99.9%), Margin = 540.312 us (616.37% of Mean)
Skewness = -0.03, Kurtosis = 0.67, MValue = 2

// ** Remained 9 (20.0%) benchmark(s) to run. Estimated finish 2026-09-22 0:25 (0h 0m from now) **
// **************************
// Benchmark: SessionSetupDecompositionBenchmarks.StageS1_AdmissionOnlyAsync: ShortRun(InvocationCount=1, IterationCount=3, LaunchCount=1, UnrollFactor=1, WarmupCount=3) [Sessions=1000]
// *** Execute ***
// Launch: 1 / 1
// Execute: dotnet WinForward.Benchmarks-ShortRun-1.dll --anonymousPipes 129 130 --benchmarkName "WinForward.Benchmarks.Perf.SessionSetupDecompositionBenchmarks.StageS1_AdmissionOnlyAsync(Sessions: 1000)" --job ShortRun --benchmarkId 36 in /home/paff/Projects/WinForward/benchmarks/WinForward.Benchmarks/bin/Release/net10.0/WinForward.Benchmarks-ShortRun-1/bin/Release/net10.0
// Failed to set up high priority (Permission denied). In order to run benchmarks with high priority, make sure you have the right permissions.
// BeforeAnythingElse

// Benchmark Process Environment Information:
// BenchmarkDotNet v0.15.8
// Runtime=.NET 10.0.12 (10.0.12, 10.0.1226.42308), X64 RyuJIT x86-64-v4
// GC=Concurrent Workstation
// HardwareIntrinsics=AVX512 BITALG+VBMI2+VNNI+VPOPCNTDQ,AVX512 IFMA+VBMI,AVX512 F+BW+CD+DQ+VL,AVX2+BMI1+BMI2+F16C+FMA+LZCNT+MOVBE,AVX,SSE3+SSSE3+SSE4.1+SSE4.2+POPCNT,X86Base+SSE+SSE2,AES+PCLMUL,AvxVnni VectorSize=256
// Job: ShortRun(InvocationCount=1, IterationCount=3, LaunchCount=1, UnrollFactor=1, WarmupCount=3)

OverheadJitting  1: 1 op, 261773.00 ns, 261.7730 us/op
WorkloadJitting  1: 1 op, 27211896.00 ns, 27.2119 ms/op

OverheadWarmup   1: 1 op, 722.00 ns, 722.0000 ns/op
OverheadWarmup   2: 1 op, 350.00 ns, 350.0000 ns/op
OverheadWarmup   3: 1 op, 411.00 ns, 411.0000 ns/op
OverheadWarmup   4: 1 op, 411.00 ns, 411.0000 ns/op
OverheadWarmup   5: 1 op, 401.00 ns, 401.0000 ns/op
OverheadWarmup   6: 1 op, 281.00 ns, 281.0000 ns/op
OverheadWarmup   7: 1 op, 371.00 ns, 371.0000 ns/op

OverheadActual   1: 1 op, 401.00 ns, 401.0000 ns/op
OverheadActual   2: 1 op, 431.00 ns, 431.0000 ns/op
OverheadActual   3: 1 op, 391.00 ns, 391.0000 ns/op
OverheadActual   4: 1 op, 401.00 ns, 401.0000 ns/op
OverheadActual   5: 1 op, 270.00 ns, 270.0000 ns/op
OverheadActual   6: 1 op, 922.00 ns, 922.0000 ns/op
OverheadActual   7: 1 op, 421.00 ns, 421.0000 ns/op
OverheadActual   8: 1 op, 471.00 ns, 471.0000 ns/op
OverheadActual   9: 1 op, 411.00 ns, 411.0000 ns/op
OverheadActual  10: 1 op, 431.00 ns, 431.0000 ns/op
OverheadActual  11: 1 op, 421.00 ns, 421.0000 ns/op
OverheadActual  12: 1 op, 581.00 ns, 581.0000 ns/op
OverheadActual  13: 1 op, 451.00 ns, 451.0000 ns/op
OverheadActual  14: 1 op, 401.00 ns, 401.0000 ns/op
OverheadActual  15: 1 op, 270.00 ns, 270.0000 ns/op
OverheadActual  16: 1 op, 271.00 ns, 271.0000 ns/op
OverheadActual  17: 1 op, 431.00 ns, 431.0000 ns/op
OverheadActual  18: 1 op, 411.00 ns, 411.0000 ns/op
OverheadActual  19: 1 op, 270.00 ns, 270.0000 ns/op
OverheadActual  20: 1 op, 291.00 ns, 291.0000 ns/op

WorkloadWarmup   1: 1 op, 3135438.00 ns, 3.1354 ms/op
WorkloadWarmup   2: 1 op, 2383441.00 ns, 2.3834 ms/op
WorkloadWarmup   3: 1 op, 2181010.00 ns, 2.1810 ms/op

// BeforeActualRun
WorkloadActual   1: 1 op, 2886429.00 ns, 2.8864 ms/op
WorkloadActual   2: 1 op, 2998780.00 ns, 2.9988 ms/op
WorkloadActual   3: 1 op, 2187442.00 ns, 2.1874 ms/op

// AfterActualRun
WorkloadResult   1: 1 op, 2886018.00 ns, 2.8860 ms/op
WorkloadResult   2: 1 op, 2998369.00 ns, 2.9984 ms/op
WorkloadResult   3: 1 op, 2187031.00 ns, 2.1870 ms/op
// GC:  0 0 0 1323552 1
// Threading:  0 0 1

// AfterAll
// Benchmark Process 357729 has exited with code 0.

Mean = 2.690 ms, StdErr = 0.254 ms (9.43%), N = 3, StdDev = 0.440 ms
Min = 2.187 ms, Q1 = 2.537 ms, Median = 2.886 ms, Q3 = 2.942 ms, Max = 2.998 ms
IQR = 0.406 ms, LowerFence = 1.928 ms, UpperFence = 3.551 ms
ConfidenceInterval = [-5.329 ms; 10.710 ms] (CI 99.9%), Margin = 8.020 ms (298.08% of Mean)
Skewness = -0.36, Kurtosis = 0.67, MValue = 2

// ** Remained 8 (17.8%) benchmark(s) to run. Estimated finish 2026-09-22 0:25 (0h 0m from now) **
// **************************
// Benchmark: SessionSetupDecompositionBenchmarks.StageS2_SetupStartedAsync: ShortRun(InvocationCount=1, IterationCount=3, LaunchCount=1, UnrollFactor=1, WarmupCount=3) [Sessions=1000]
// *** Execute ***
// Launch: 1 / 1
// Execute: dotnet WinForward.Benchmarks-ShortRun-1.dll --anonymousPipes 129 130 --benchmarkName "WinForward.Benchmarks.Perf.SessionSetupDecompositionBenchmarks.StageS2_SetupStartedAsync(Sessions: 1000)" --job ShortRun --benchmarkId 37 in /home/paff/Projects/WinForward/benchmarks/WinForward.Benchmarks/bin/Release/net10.0/WinForward.Benchmarks-ShortRun-1/bin/Release/net10.0
// Failed to set up high priority (Permission denied). In order to run benchmarks with high priority, make sure you have the right permissions.
// BeforeAnythingElse

// Benchmark Process Environment Information:
// BenchmarkDotNet v0.15.8
// Runtime=.NET 10.0.12 (10.0.12, 10.0.1226.42308), X64 RyuJIT x86-64-v4
// GC=Concurrent Workstation
// HardwareIntrinsics=AVX512 BITALG+VBMI2+VNNI+VPOPCNTDQ,AVX512 IFMA+VBMI,AVX512 F+BW+CD+DQ+VL,AVX2+BMI1+BMI2+F16C+FMA+LZCNT+MOVBE,AVX,SSE3+SSSE3+SSE4.1+SSE4.2+POPCNT,X86Base+SSE+SSE2,AES+PCLMUL,AvxVnni VectorSize=256
// Job: ShortRun(InvocationCount=1, IterationCount=3, LaunchCount=1, UnrollFactor=1, WarmupCount=3)

OverheadJitting  1: 1 op, 259809.00 ns, 259.8090 us/op
WorkloadJitting  1: 1 op, 117545218.00 ns, 117.5452 ms/op

OverheadWarmup   1: 1 op, 772.00 ns, 772.0000 ns/op
OverheadWarmup   2: 1 op, 622.00 ns, 622.0000 ns/op
OverheadWarmup   3: 1 op, 430.00 ns, 430.0000 ns/op
OverheadWarmup   4: 1 op, 431.00 ns, 431.0000 ns/op
OverheadWarmup   5: 1 op, 962.00 ns, 962.0000 ns/op
OverheadWarmup   6: 1 op, 431.00 ns, 431.0000 ns/op
OverheadWarmup   7: 1 op, 411.00 ns, 411.0000 ns/op
OverheadWarmup   8: 1 op, 421.00 ns, 421.0000 ns/op
OverheadWarmup   9: 1 op, 280.00 ns, 280.0000 ns/op

OverheadActual   1: 1 op, 421.00 ns, 421.0000 ns/op
OverheadActual   2: 1 op, 341.00 ns, 341.0000 ns/op
OverheadActual   3: 1 op, 391.00 ns, 391.0000 ns/op
OverheadActual   4: 1 op, 421.00 ns, 421.0000 ns/op
OverheadActual   5: 1 op, 441.00 ns, 441.0000 ns/op
OverheadActual   6: 1 op, 281.00 ns, 281.0000 ns/op
OverheadActual   7: 1 op, 271.00 ns, 271.0000 ns/op
OverheadActual   8: 1 op, 271.00 ns, 271.0000 ns/op
OverheadActual   9: 1 op, 421.00 ns, 421.0000 ns/op
OverheadActual  10: 1 op, 391.00 ns, 391.0000 ns/op
OverheadActual  11: 1 op, 350.00 ns, 350.0000 ns/op
OverheadActual  12: 1 op, 431.00 ns, 431.0000 ns/op
OverheadActual  13: 1 op, 361.00 ns, 361.0000 ns/op
OverheadActual  14: 1 op, 271.00 ns, 271.0000 ns/op
OverheadActual  15: 1 op, 280.00 ns, 280.0000 ns/op
OverheadActual  16: 1 op, 271.00 ns, 271.0000 ns/op
OverheadActual  17: 1 op, 270.00 ns, 270.0000 ns/op
OverheadActual  18: 1 op, 421.00 ns, 421.0000 ns/op
OverheadActual  19: 1 op, 822.00 ns, 822.0000 ns/op
OverheadActual  20: 1 op, 420.00 ns, 420.0000 ns/op

WorkloadWarmup   1: 1 op, 81453323.00 ns, 81.4533 ms/op
WorkloadWarmup   2: 1 op, 82550472.00 ns, 82.5505 ms/op
WorkloadWarmup   3: 1 op, 84154621.00 ns, 84.1546 ms/op

// BeforeActualRun
WorkloadActual   1: 1 op, 83611148.00 ns, 83.6111 ms/op
WorkloadActual   2: 1 op, 82281933.00 ns, 82.2819 ms/op
WorkloadActual   3: 1 op, 81994431.00 ns, 81.9944 ms/op

// AfterActualRun
WorkloadResult   1: 1 op, 83610772.00 ns, 83.6108 ms/op
WorkloadResult   2: 1 op, 82281557.00 ns, 82.2816 ms/op
WorkloadResult   3: 1 op, 81994055.00 ns, 81.9941 ms/op
// GC:  0 0 0 1352664 1
// Threading:  4 14 1

// AfterAll
// Benchmark Process 357740 has exited with code 0.

Mean = 82.629 ms, StdErr = 0.498 ms (0.60%), N = 3, StdDev = 0.862 ms
Min = 81.994 ms, Q1 = 82.138 ms, Median = 82.282 ms, Q3 = 82.946 ms, Max = 83.611 ms
IQR = 0.808 ms, LowerFence = 80.925 ms, UpperFence = 84.159 ms
ConfidenceInterval = [66.894 ms; 98.364 ms] (CI 99.9%), Margin = 15.735 ms (19.04% of Mean)
Skewness = 0.34, Kurtosis = 0.67, MValue = 2

// ** Remained 7 (15.6%) benchmark(s) to run. Estimated finish 2026-09-22 0:25 (0h 0m from now) **
// **************************
// Benchmark: SessionSetupDecompositionBenchmarks.StageS3_PipelineNoPayloadAsync: ShortRun(InvocationCount=1, IterationCount=3, LaunchCount=1, UnrollFactor=1, WarmupCount=3) [Sessions=1000]
// *** Execute ***
// Launch: 1 / 1
// Execute: dotnet WinForward.Benchmarks-ShortRun-1.dll --anonymousPipes 129 130 --benchmarkName "WinForward.Benchmarks.Perf.SessionSetupDecompositionBenchmarks.StageS3_PipelineNoPayloadAsync(Sessions: 1000)" --job ShortRun --benchmarkId 38 in /home/paff/Projects/WinForward/benchmarks/WinForward.Benchmarks/bin/Release/net10.0/WinForward.Benchmarks-ShortRun-1/bin/Release/net10.0
// Failed to set up high priority (Permission denied). In order to run benchmarks with high priority, make sure you have the right permissions.
// BeforeAnythingElse

// Benchmark Process Environment Information:
// BenchmarkDotNet v0.15.8
// Runtime=.NET 10.0.12 (10.0.12, 10.0.1226.42308), X64 RyuJIT x86-64-v4
// GC=Concurrent Workstation
// HardwareIntrinsics=AVX512 BITALG+VBMI2+VNNI+VPOPCNTDQ,AVX512 IFMA+VBMI,AVX512 F+BW+CD+DQ+VL,AVX2+BMI1+BMI2+F16C+FMA+LZCNT+MOVBE,AVX,SSE3+SSSE3+SSE4.1+SSE4.2+POPCNT,X86Base+SSE+SSE2,AES+PCLMUL,AvxVnni VectorSize=256
// Job: ShortRun(InvocationCount=1, IterationCount=3, LaunchCount=1, UnrollFactor=1, WarmupCount=3)

OverheadJitting  1: 1 op, 324742.00 ns, 324.7420 us/op
WorkloadJitting  1: 1 op, 114870394.00 ns, 114.8704 ms/op

OverheadWarmup   1: 1 op, 672.00 ns, 672.0000 ns/op
OverheadWarmup   2: 1 op, 551.00 ns, 551.0000 ns/op
OverheadWarmup   3: 1 op, 571.00 ns, 571.0000 ns/op
OverheadWarmup   4: 1 op, 572.00 ns, 572.0000 ns/op
OverheadWarmup   5: 1 op, 541.00 ns, 541.0000 ns/op
OverheadWarmup   6: 1 op, 531.00 ns, 531.0000 ns/op
OverheadWarmup   7: 1 op, 571.00 ns, 571.0000 ns/op
OverheadWarmup   8: 1 op, 291.00 ns, 291.0000 ns/op

OverheadActual   1: 1 op, 411.00 ns, 411.0000 ns/op
OverheadActual   2: 1 op, 400.00 ns, 400.0000 ns/op
OverheadActual   3: 1 op, 431.00 ns, 431.0000 ns/op
OverheadActual   4: 1 op, 431.00 ns, 431.0000 ns/op
OverheadActual   5: 1 op, 641.00 ns, 641.0000 ns/op
OverheadActual   6: 1 op, 451.00 ns, 451.0000 ns/op
OverheadActual   7: 1 op, 300.00 ns, 300.0000 ns/op
OverheadActual   8: 1 op, 441.00 ns, 441.0000 ns/op
OverheadActual   9: 1 op, 301.00 ns, 301.0000 ns/op
OverheadActual  10: 1 op, 461.00 ns, 461.0000 ns/op
OverheadActual  11: 1 op, 491.00 ns, 491.0000 ns/op
OverheadActual  12: 1 op, 280.00 ns, 280.0000 ns/op
OverheadActual  13: 1 op, 291.00 ns, 291.0000 ns/op
OverheadActual  14: 1 op, 281.00 ns, 281.0000 ns/op
OverheadActual  15: 1 op, 461.00 ns, 461.0000 ns/op
OverheadActual  16: 1 op, 281.00 ns, 281.0000 ns/op
OverheadActual  17: 1 op, 411.00 ns, 411.0000 ns/op
OverheadActual  18: 1 op, 400.00 ns, 400.0000 ns/op
OverheadActual  19: 1 op, 441.00 ns, 441.0000 ns/op
OverheadActual  20: 1 op, 451.00 ns, 451.0000 ns/op

WorkloadWarmup   1: 1 op, 56314344.00 ns, 56.3143 ms/op
WorkloadWarmup   2: 1 op, 57108359.00 ns, 57.1084 ms/op
WorkloadWarmup   3: 1 op, 63846687.00 ns, 63.8467 ms/op

// BeforeActualRun
WorkloadActual   1: 1 op, 67543544.00 ns, 67.5435 ms/op
WorkloadActual   2: 1 op, 64592884.00 ns, 64.5929 ms/op
WorkloadActual   3: 1 op, 62641837.00 ns, 62.6418 ms/op

// AfterActualRun
WorkloadResult   1: 1 op, 67543123.00 ns, 67.5431 ms/op
WorkloadResult   2: 1 op, 64592463.00 ns, 64.5925 ms/op
WorkloadResult   3: 1 op, 62641416.00 ns, 62.6414 ms/op
// GC:  0 0 0 4405784 1
// Threading:  992 423 1

// AfterAll
// Benchmark Process 358293 has exited with code 0.

Mean = 64.926 ms, StdErr = 1.425 ms (2.19%), N = 3, StdDev = 2.468 ms
Min = 62.641 ms, Q1 = 63.617 ms, Median = 64.592 ms, Q3 = 66.068 ms, Max = 67.543 ms
IQR = 2.451 ms, LowerFence = 59.941 ms, UpperFence = 69.744 ms
ConfidenceInterval = [19.904 ms; 109.947 ms] (CI 99.9%), Margin = 45.022 ms (69.34% of Mean)
Skewness = 0.13, Kurtosis = 0.67, MValue = 2

// ** Remained 6 (13.3%) benchmark(s) to run. Estimated finish 2026-09-22 0:25 (0h 0m from now) **
// **************************
// Benchmark: SessionSetupDecompositionBenchmarks.StageS4_ReadinessTeardownOutsideAsync: ShortRun(InvocationCount=1, IterationCount=3, LaunchCount=1, UnrollFactor=1, WarmupCount=3) [Sessions=1000]
// *** Execute ***
// Launch: 1 / 1
// Execute: dotnet WinForward.Benchmarks-ShortRun-1.dll --anonymousPipes 129 130 --benchmarkName "WinForward.Benchmarks.Perf.SessionSetupDecompositionBenchmarks.StageS4_ReadinessTeardownOutsideAsync(Sessions: 1000)" --job ShortRun --benchmarkId 39 in /home/paff/Projects/WinForward/benchmarks/WinForward.Benchmarks/bin/Release/net10.0/WinForward.Benchmarks-ShortRun-1/bin/Release/net10.0
// Failed to set up high priority (Permission denied). In order to run benchmarks with high priority, make sure you have the right permissions.
// BeforeAnythingElse

// Benchmark Process Environment Information:
// BenchmarkDotNet v0.15.8
// Runtime=.NET 10.0.12 (10.0.12, 10.0.1226.42308), X64 RyuJIT x86-64-v4
// GC=Concurrent Workstation
// HardwareIntrinsics=AVX512 BITALG+VBMI2+VNNI+VPOPCNTDQ,AVX512 IFMA+VBMI,AVX512 F+BW+CD+DQ+VL,AVX2+BMI1+BMI2+F16C+FMA+LZCNT+MOVBE,AVX,SSE3+SSSE3+SSE4.1+SSE4.2+POPCNT,X86Base+SSE+SSE2,AES+PCLMUL,AvxVnni VectorSize=256
// Job: ShortRun(InvocationCount=1, IterationCount=3, LaunchCount=1, UnrollFactor=1, WarmupCount=3)

OverheadJitting  1: 1 op, 408389.00 ns, 408.3890 us/op
WorkloadJitting  1: 1 op, 129295103.00 ns, 129.2951 ms/op

OverheadWarmup   1: 1 op, 591.00 ns, 591.0000 ns/op
OverheadWarmup   2: 1 op, 450.00 ns, 450.0000 ns/op
OverheadWarmup   3: 1 op, 431.00 ns, 431.0000 ns/op
OverheadWarmup   4: 1 op, 451.00 ns, 451.0000 ns/op
OverheadWarmup   5: 1 op, 491.00 ns, 491.0000 ns/op
OverheadWarmup   6: 1 op, 290.00 ns, 290.0000 ns/op
OverheadWarmup   7: 1 op, 321.00 ns, 321.0000 ns/op
OverheadWarmup   8: 1 op, 300.00 ns, 300.0000 ns/op

OverheadActual   1: 1 op, 401.00 ns, 401.0000 ns/op
OverheadActual   2: 1 op, 451.00 ns, 451.0000 ns/op
OverheadActual   3: 1 op, 431.00 ns, 431.0000 ns/op
OverheadActual   4: 1 op, 421.00 ns, 421.0000 ns/op
OverheadActual   5: 1 op, 291.00 ns, 291.0000 ns/op
OverheadActual   6: 1 op, 451.00 ns, 451.0000 ns/op
OverheadActual   7: 1 op, 281.00 ns, 281.0000 ns/op
OverheadActual   8: 1 op, 430.00 ns, 430.0000 ns/op
OverheadActual   9: 1 op, 310.00 ns, 310.0000 ns/op
OverheadActual  10: 1 op, 370.00 ns, 370.0000 ns/op
OverheadActual  11: 1 op, 301.00 ns, 301.0000 ns/op
OverheadActual  12: 1 op, 361.00 ns, 361.0000 ns/op
OverheadActual  13: 1 op, 290.00 ns, 290.0000 ns/op
OverheadActual  14: 1 op, 310.00 ns, 310.0000 ns/op
OverheadActual  15: 1 op, 301.00 ns, 301.0000 ns/op
OverheadActual  16: 1 op, 310.00 ns, 310.0000 ns/op
OverheadActual  17: 1 op, 431.00 ns, 431.0000 ns/op
OverheadActual  18: 1 op, 401.00 ns, 401.0000 ns/op
OverheadActual  19: 1 op, 280.00 ns, 280.0000 ns/op
OverheadActual  20: 1 op, 451.00 ns, 451.0000 ns/op

WorkloadWarmup   1: 1 op, 72383571.00 ns, 72.3836 ms/op
WorkloadWarmup   2: 1 op, 62522259.00 ns, 62.5223 ms/op
WorkloadWarmup   3: 1 op, 61816702.00 ns, 61.8167 ms/op

// BeforeActualRun
WorkloadActual   1: 1 op, 66974441.00 ns, 66.9744 ms/op
WorkloadActual   2: 1 op, 63702385.00 ns, 63.7024 ms/op
WorkloadActual   3: 1 op, 66031635.00 ns, 66.0316 ms/op

// AfterActualRun
WorkloadResult   1: 1 op, 66974075.50 ns, 66.9741 ms/op
WorkloadResult   2: 1 op, 63702019.50 ns, 63.7020 ms/op
WorkloadResult   3: 1 op, 66031269.50 ns, 66.0313 ms/op
// GC:  0 0 0 4415616 1
// Threading:  997 392 1

// AfterAll
// Benchmark Process 358853 has exited with code 0.

Mean = 65.569 ms, StdErr = 0.972 ms (1.48%), N = 3, StdDev = 1.684 ms
Min = 63.702 ms, Q1 = 64.867 ms, Median = 66.031 ms, Q3 = 66.503 ms, Max = 66.974 ms
IQR = 1.636 ms, LowerFence = 62.413 ms, UpperFence = 68.957 ms
ConfidenceInterval = [34.842 ms; 96.297 ms] (CI 99.9%), Margin = 30.727 ms (46.86% of Mean)
Skewness = -0.25, Kurtosis = 0.67, MValue = 2

// ** Remained 5 (11.1%) benchmark(s) to run. Estimated finish 2026-09-22 0:25 (0h 0m from now) **
// **************************
// Benchmark: SessionSetupDecompositionBenchmarks.StageS5_ReadinessTeardownInsideAsync: ShortRun(InvocationCount=1, IterationCount=3, LaunchCount=1, UnrollFactor=1, WarmupCount=3) [Sessions=1000]
// *** Execute ***
// Launch: 1 / 1
// Execute: dotnet WinForward.Benchmarks-ShortRun-1.dll --anonymousPipes 129 130 --benchmarkName "WinForward.Benchmarks.Perf.SessionSetupDecompositionBenchmarks.StageS5_ReadinessTeardownInsideAsync(Sessions: 1000)" --job ShortRun --benchmarkId 40 in /home/paff/Projects/WinForward/benchmarks/WinForward.Benchmarks/bin/Release/net10.0/WinForward.Benchmarks-ShortRun-1/bin/Release/net10.0
// Failed to set up high priority (Permission denied). In order to run benchmarks with high priority, make sure you have the right permissions.
// BeforeAnythingElse

// Benchmark Process Environment Information:
// BenchmarkDotNet v0.15.8
// Runtime=.NET 10.0.12 (10.0.12, 10.0.1226.42308), X64 RyuJIT x86-64-v4
// GC=Concurrent Workstation
// HardwareIntrinsics=AVX512 BITALG+VBMI2+VNNI+VPOPCNTDQ,AVX512 IFMA+VBMI,AVX512 F+BW+CD+DQ+VL,AVX2+BMI1+BMI2+F16C+FMA+LZCNT+MOVBE,AVX,SSE3+SSSE3+SSE4.1+SSE4.2+POPCNT,X86Base+SSE+SSE2,AES+PCLMUL,AvxVnni VectorSize=256
// Job: ShortRun(InvocationCount=1, IterationCount=3, LaunchCount=1, UnrollFactor=1, WarmupCount=3)

OverheadJitting  1: 1 op, 386178.00 ns, 386.1780 us/op
WorkloadJitting  1: 1 op, 158978015.00 ns, 158.9780 ms/op

OverheadWarmup   1: 1 op, 501.00 ns, 501.0000 ns/op
OverheadWarmup   2: 1 op, 300.00 ns, 300.0000 ns/op
OverheadWarmup   3: 1 op, 401.00 ns, 401.0000 ns/op
OverheadWarmup   4: 1 op, 281.00 ns, 281.0000 ns/op
OverheadWarmup   5: 1 op, 451.00 ns, 451.0000 ns/op
OverheadWarmup   6: 1 op, 441.00 ns, 441.0000 ns/op

OverheadActual   1: 1 op, 411.00 ns, 411.0000 ns/op
OverheadActual   2: 1 op, 421.00 ns, 421.0000 ns/op
OverheadActual   3: 1 op, 421.00 ns, 421.0000 ns/op
OverheadActual   4: 1 op, 421.00 ns, 421.0000 ns/op
OverheadActual   5: 1 op, 431.00 ns, 431.0000 ns/op
OverheadActual   6: 1 op, 300.00 ns, 300.0000 ns/op
OverheadActual   7: 1 op, 280.00 ns, 280.0000 ns/op
OverheadActual   8: 1 op, 301.00 ns, 301.0000 ns/op
OverheadActual   9: 1 op, 431.00 ns, 431.0000 ns/op
OverheadActual  10: 1 op, 421.00 ns, 421.0000 ns/op
OverheadActual  11: 1 op, 461.00 ns, 461.0000 ns/op
OverheadActual  12: 1 op, 291.00 ns, 291.0000 ns/op
OverheadActual  13: 1 op, 300.00 ns, 300.0000 ns/op
OverheadActual  14: 1 op, 411.00 ns, 411.0000 ns/op
OverheadActual  15: 1 op, 421.00 ns, 421.0000 ns/op
OverheadActual  16: 1 op, 451.00 ns, 451.0000 ns/op
OverheadActual  17: 1 op, 912.00 ns, 912.0000 ns/op
OverheadActual  18: 1 op, 421.00 ns, 421.0000 ns/op
OverheadActual  19: 1 op, 381.00 ns, 381.0000 ns/op
OverheadActual  20: 1 op, 391.00 ns, 391.0000 ns/op

WorkloadWarmup   1: 1 op, 90570143.00 ns, 90.5701 ms/op
WorkloadWarmup   2: 1 op, 82969877.00 ns, 82.9699 ms/op
WorkloadWarmup   3: 1 op, 93462673.00 ns, 93.4627 ms/op

// BeforeActualRun
WorkloadActual   1: 1 op, 90680490.00 ns, 90.6805 ms/op
WorkloadActual   2: 1 op, 80497348.00 ns, 80.4973 ms/op
WorkloadActual   3: 1 op, 81465587.00 ns, 81.4656 ms/op

// AfterActualRun
WorkloadResult   1: 1 op, 90680069.00 ns, 90.6801 ms/op
WorkloadResult   2: 1 op, 80496927.00 ns, 80.4969 ms/op
WorkloadResult   3: 1 op, 81465166.00 ns, 81.4652 ms/op
// GC:  0 0 0 6510208 1
// Threading:  2002 503 1
// Exceptions:  2128

// AfterAll
// Benchmark Process 359416 has exited with code 0.

Mean = 84.214 ms, StdErr = 3.245 ms (3.85%), N = 3, StdDev = 5.621 ms
Min = 80.497 ms, Q1 = 80.981 ms, Median = 81.465 ms, Q3 = 86.073 ms, Max = 90.680 ms
IQR = 5.092 ms, LowerFence = 73.344 ms, UpperFence = 93.710 ms
ConfidenceInterval = [-18.327 ms; 186.755 ms] (CI 99.9%), Margin = 102.541 ms (121.76% of Mean)
Skewness = 0.37, Kurtosis = 0.67, MValue = 2

// ** Remained 4 (8.9%) benchmark(s) to run. Estimated finish 2026-09-22 0:25 (0h 0m from now) **
// **************************
// Benchmark: SessionSetupDecompositionBenchmarks.BaselineF_FakeTransportCreationAsync: ShortRun(InvocationCount=1, IterationCount=3, LaunchCount=1, UnrollFactor=1, WarmupCount=3) [Sessions=1000]
// *** Execute ***
// Launch: 1 / 1
// Execute: dotnet WinForward.Benchmarks-ShortRun-1.dll --anonymousPipes 129 130 --benchmarkName "WinForward.Benchmarks.Perf.SessionSetupDecompositionBenchmarks.BaselineF_FakeTransportCreationAsync(Sessions: 1000)" --job ShortRun --benchmarkId 41 in /home/paff/Projects/WinForward/benchmarks/WinForward.Benchmarks/bin/Release/net10.0/WinForward.Benchmarks-ShortRun-1/bin/Release/net10.0
// Failed to set up high priority (Permission denied). In order to run benchmarks with high priority, make sure you have the right permissions.
// BeforeAnythingElse

// Benchmark Process Environment Information:
// BenchmarkDotNet v0.15.8
// Runtime=.NET 10.0.12 (10.0.12, 10.0.1226.42308), X64 RyuJIT x86-64-v4
// GC=Concurrent Workstation
// HardwareIntrinsics=AVX512 BITALG+VBMI2+VNNI+VPOPCNTDQ,AVX512 IFMA+VBMI,AVX512 F+BW+CD+DQ+VL,AVX2+BMI1+BMI2+F16C+FMA+LZCNT+MOVBE,AVX,SSE3+SSSE3+SSE4.1+SSE4.2+POPCNT,X86Base+SSE+SSE2,AES+PCLMUL,AvxVnni VectorSize=256
// Job: ShortRun(InvocationCount=1, IterationCount=3, LaunchCount=1, UnrollFactor=1, WarmupCount=3)

OverheadJitting  1: 1 op, 325763.00 ns, 325.7630 us/op
WorkloadJitting  1: 1 op, 6120403.00 ns, 6.1204 ms/op

OverheadWarmup   1: 1 op, 401.00 ns, 401.0000 ns/op
OverheadWarmup   2: 1 op, 271.00 ns, 271.0000 ns/op
OverheadWarmup   3: 1 op, 391.00 ns, 391.0000 ns/op
OverheadWarmup   4: 1 op, 421.00 ns, 421.0000 ns/op
OverheadWarmup   5: 1 op, 400.00 ns, 400.0000 ns/op
OverheadWarmup   6: 1 op, 441.00 ns, 441.0000 ns/op
OverheadWarmup   7: 1 op, 431.00 ns, 431.0000 ns/op

OverheadActual   1: 1 op, 410.00 ns, 410.0000 ns/op
OverheadActual   2: 1 op, 420.00 ns, 420.0000 ns/op
OverheadActual   3: 1 op, 391.00 ns, 391.0000 ns/op
OverheadActual   4: 1 op, 431.00 ns, 431.0000 ns/op
OverheadActual   5: 1 op, 421.00 ns, 421.0000 ns/op
OverheadActual   6: 1 op, 381.00 ns, 381.0000 ns/op
OverheadActual   7: 1 op, 290.00 ns, 290.0000 ns/op
OverheadActual   8: 1 op, 220.00 ns, 220.0000 ns/op
OverheadActual   9: 1 op, 281.00 ns, 281.0000 ns/op
OverheadActual  10: 1 op, 280.00 ns, 280.0000 ns/op
OverheadActual  11: 1 op, 871.00 ns, 871.0000 ns/op
OverheadActual  12: 1 op, 481.00 ns, 481.0000 ns/op
OverheadActual  13: 1 op, 391.00 ns, 391.0000 ns/op
OverheadActual  14: 1 op, 461.00 ns, 461.0000 ns/op
OverheadActual  15: 1 op, 271.00 ns, 271.0000 ns/op
OverheadActual  16: 1 op, 271.00 ns, 271.0000 ns/op
OverheadActual  17: 1 op, 281.00 ns, 281.0000 ns/op
OverheadActual  18: 1 op, 280.00 ns, 280.0000 ns/op
OverheadActual  19: 1 op, 280.00 ns, 280.0000 ns/op
OverheadActual  20: 1 op, 431.00 ns, 431.0000 ns/op

WorkloadWarmup   1: 1 op, 225465.00 ns, 225.4650 us/op
WorkloadWarmup   2: 1 op, 157106.00 ns, 157.1060 us/op
WorkloadWarmup   3: 1 op, 121018.00 ns, 121.0180 us/op

// BeforeActualRun
WorkloadActual   1: 1 op, 248277.00 ns, 248.2770 us/op
WorkloadActual   2: 1 op, 122000.00 ns, 122.0000 us/op
WorkloadActual   3: 1 op, 123893.00 ns, 123.8930 us/op

// AfterActualRun
WorkloadResult   1: 1 op, 247891.00 ns, 247.8910 us/op
WorkloadResult   2: 1 op, 121614.00 ns, 121.6140 us/op
WorkloadResult   3: 1 op, 123507.00 ns, 123.5070 us/op
// GC:  0 0 0 104032 1
// Threading:  0 0 1

// AfterAll
// Benchmark Process 359974 has exited with code 0.

Mean = 164.337 us, StdErr = 41.780 us (25.42%), N = 3, StdDev = 72.366 us
Min = 121.614 us, Q1 = 122.561 us, Median = 123.507 us, Q3 = 185.699 us, Max = 247.891 us
IQR = 63.139 us, LowerFence = 27.853 us, UpperFence = 280.407 us
ConfidenceInterval = [-1,155.884 us; 1,484.559 us] (CI 99.9%), Margin = 1,320.221 us (803.36% of Mean)
Skewness = 0.38, Kurtosis = 0.67, MValue = 2

// ** Remained 3 (6.7%) benchmark(s) to run. Estimated finish 2026-09-22 0:25 (0h 0m from now) **
// **************************
// Benchmark: SessionSetupDecompositionBenchmarks.BaselineH_FlowKeyConstruction: ShortRun(InvocationCount=1, IterationCount=3, LaunchCount=1, UnrollFactor=1, WarmupCount=3) [Sessions=1000]
// *** Execute ***
// Launch: 1 / 1
// Execute: dotnet WinForward.Benchmarks-ShortRun-1.dll --anonymousPipes 129 130 --benchmarkName "WinForward.Benchmarks.Perf.SessionSetupDecompositionBenchmarks.BaselineH_FlowKeyConstruction(Sessions: 1000)" --job ShortRun --benchmarkId 42 in /home/paff/Projects/WinForward/benchmarks/WinForward.Benchmarks/bin/Release/net10.0/WinForward.Benchmarks-ShortRun-1/bin/Release/net10.0
// Failed to set up high priority (Permission denied). In order to run benchmarks with high priority, make sure you have the right permissions.
// BeforeAnythingElse

// Benchmark Process Environment Information:
// BenchmarkDotNet v0.15.8
// Runtime=.NET 10.0.12 (10.0.12, 10.0.1226.42308), X64 RyuJIT x86-64-v4
// GC=Concurrent Workstation
// HardwareIntrinsics=AVX512 BITALG+VBMI2+VNNI+VPOPCNTDQ,AVX512 IFMA+VBMI,AVX512 F+BW+CD+DQ+VL,AVX2+BMI1+BMI2+F16C+FMA+LZCNT+MOVBE,AVX,SSE3+SSSE3+SSE4.1+SSE4.2+POPCNT,X86Base+SSE+SSE2,AES+PCLMUL,AvxVnni VectorSize=256
// Job: ShortRun(InvocationCount=1, IterationCount=3, LaunchCount=1, UnrollFactor=1, WarmupCount=3)

OverheadJitting  1: 1 op, 278185.00 ns, 278.1850 us/op
WorkloadJitting  1: 1 op, 7357063.00 ns, 7.3571 ms/op

OverheadWarmup   1: 1 op, 471.00 ns, 471.0000 ns/op
OverheadWarmup   2: 1 op, 291.00 ns, 291.0000 ns/op
OverheadWarmup   3: 1 op, 270.00 ns, 270.0000 ns/op
OverheadWarmup   4: 1 op, 281.00 ns, 281.0000 ns/op
OverheadWarmup   5: 1 op, 431.00 ns, 431.0000 ns/op
OverheadWarmup   6: 1 op, 401.00 ns, 401.0000 ns/op
OverheadWarmup   7: 1 op, 301.00 ns, 301.0000 ns/op
OverheadWarmup   8: 1 op, 270.00 ns, 270.0000 ns/op
OverheadWarmup   9: 1 op, 401.00 ns, 401.0000 ns/op
OverheadWarmup  10: 1 op, 271.00 ns, 271.0000 ns/op

OverheadActual   1: 1 op, 391.00 ns, 391.0000 ns/op
OverheadActual   2: 1 op, 391.00 ns, 391.0000 ns/op
OverheadActual   3: 1 op, 391.00 ns, 391.0000 ns/op
OverheadActual   4: 1 op, 381.00 ns, 381.0000 ns/op
OverheadActual   5: 1 op, 371.00 ns, 371.0000 ns/op
OverheadActual   6: 1 op, 381.00 ns, 381.0000 ns/op
OverheadActual   7: 1 op, 271.00 ns, 271.0000 ns/op
OverheadActual   8: 1 op, 401.00 ns, 401.0000 ns/op
OverheadActual   9: 1 op, 360.00 ns, 360.0000 ns/op
OverheadActual  10: 1 op, 441.00 ns, 441.0000 ns/op
OverheadActual  11: 1 op, 421.00 ns, 421.0000 ns/op
OverheadActual  12: 1 op, 661.00 ns, 661.0000 ns/op
OverheadActual  13: 1 op, 401.00 ns, 401.0000 ns/op
OverheadActual  14: 1 op, 401.00 ns, 401.0000 ns/op
OverheadActual  15: 1 op, 271.00 ns, 271.0000 ns/op
OverheadActual  16: 1 op, 271.00 ns, 271.0000 ns/op
OverheadActual  17: 1 op, 291.00 ns, 291.0000 ns/op
OverheadActual  18: 1 op, 281.00 ns, 281.0000 ns/op
OverheadActual  19: 1 op, 271.00 ns, 271.0000 ns/op
OverheadActual  20: 1 op, 261.00 ns, 261.0000 ns/op

WorkloadWarmup   1: 1 op, 1104511.00 ns, 1.1045 ms/op
WorkloadWarmup   2: 1 op, 627542.00 ns, 627.5420 us/op
WorkloadWarmup   3: 1 op, 620629.00 ns, 620.6290 us/op

// BeforeActualRun
WorkloadActual   1: 1 op, 599329.00 ns, 599.3290 us/op
WorkloadActual   2: 1 op, 617002.00 ns, 617.0020 us/op
WorkloadActual   3: 1 op, 593479.00 ns, 593.4790 us/op

// AfterActualRun
WorkloadResult   1: 1 op, 598948.00 ns, 598.9480 us/op
WorkloadResult   2: 1 op, 616621.00 ns, 616.6210 us/op
WorkloadResult   3: 1 op, 593098.00 ns, 593.0980 us/op
// GC:  0 0 0 356800 1
// Threading:  0 0 1

// AfterAll
// Benchmark Process 359984 has exited with code 0.

Mean = 602.889 us, StdErr = 7.071 us (1.17%), N = 3, StdDev = 12.247 us
Min = 593.098 us, Q1 = 596.023 us, Median = 598.948 us, Q3 = 607.784 us, Max = 616.621 us
IQR = 11.761 us, LowerFence = 578.381 us, UpperFence = 625.427 us
ConfidenceInterval = [379.464 us; 826.314 us] (CI 99.9%), Margin = 223.425 us (37.06% of Mean)
Skewness = 0.29, Kurtosis = 0.67, MValue = 2

// ** Remained 2 (4.4%) benchmark(s) to run. Estimated finish 2026-09-22 0:25 (0h 0m from now) **
// **************************
// Benchmark: SessionSetupDecompositionBenchmarks.ComponentC1_AssociationClaimRelease: ShortRun(InvocationCount=1, IterationCount=3, LaunchCount=1, UnrollFactor=1, WarmupCount=3) [Sessions=1000]
// *** Execute ***
// Launch: 1 / 1
// Execute: dotnet WinForward.Benchmarks-ShortRun-1.dll --anonymousPipes 129 130 --benchmarkName "WinForward.Benchmarks.Perf.SessionSetupDecompositionBenchmarks.ComponentC1_AssociationClaimRelease(Sessions: 1000)" --job ShortRun --benchmarkId 43 in /home/paff/Projects/WinForward/benchmarks/WinForward.Benchmarks/bin/Release/net10.0/WinForward.Benchmarks-ShortRun-1/bin/Release/net10.0
// Failed to set up high priority (Permission denied). In order to run benchmarks with high priority, make sure you have the right permissions.
// BeforeAnythingElse

// Benchmark Process Environment Information:
// BenchmarkDotNet v0.15.8
// Runtime=.NET 10.0.12 (10.0.12, 10.0.1226.42308), X64 RyuJIT x86-64-v4
// GC=Concurrent Workstation
// HardwareIntrinsics=AVX512 BITALG+VBMI2+VNNI+VPOPCNTDQ,AVX512 IFMA+VBMI,AVX512 F+BW+CD+DQ+VL,AVX2+BMI1+BMI2+F16C+FMA+LZCNT+MOVBE,AVX,SSE3+SSSE3+SSE4.1+SSE4.2+POPCNT,X86Base+SSE+SSE2,AES+PCLMUL,AvxVnni VectorSize=256
// Job: ShortRun(InvocationCount=1, IterationCount=3, LaunchCount=1, UnrollFactor=1, WarmupCount=3)

OverheadJitting  1: 1 op, 264989.00 ns, 264.9890 us/op
WorkloadJitting  1: 1 op, 23881029.00 ns, 23.8810 ms/op

OverheadWarmup   1: 1 op, 431.00 ns, 431.0000 ns/op
OverheadWarmup   2: 1 op, 290.00 ns, 290.0000 ns/op
OverheadWarmup   3: 1 op, 320.00 ns, 320.0000 ns/op
OverheadWarmup   4: 1 op, 310.00 ns, 310.0000 ns/op
OverheadWarmup   5: 1 op, 300.00 ns, 300.0000 ns/op
OverheadWarmup   6: 1 op, 451.00 ns, 451.0000 ns/op
OverheadWarmup   7: 1 op, 431.00 ns, 431.0000 ns/op

OverheadActual   1: 1 op, 430.00 ns, 430.0000 ns/op
OverheadActual   2: 1 op, 420.00 ns, 420.0000 ns/op
OverheadActual   3: 1 op, 411.00 ns, 411.0000 ns/op
OverheadActual   4: 1 op, 451.00 ns, 451.0000 ns/op
OverheadActual   5: 1 op, 431.00 ns, 431.0000 ns/op
OverheadActual   6: 1 op, 461.00 ns, 461.0000 ns/op
OverheadActual   7: 1 op, 380.00 ns, 380.0000 ns/op
OverheadActual   8: 1 op, 401.00 ns, 401.0000 ns/op
OverheadActual   9: 1 op, 381.00 ns, 381.0000 ns/op
OverheadActual  10: 1 op, 371.00 ns, 371.0000 ns/op
OverheadActual  11: 1 op, 400.00 ns, 400.0000 ns/op
OverheadActual  12: 1 op, 401.00 ns, 401.0000 ns/op
OverheadActual  13: 1 op, 451.00 ns, 451.0000 ns/op
OverheadActual  14: 1 op, 471.00 ns, 471.0000 ns/op
OverheadActual  15: 1 op, 451.00 ns, 451.0000 ns/op
OverheadActual  16: 1 op, 321.00 ns, 321.0000 ns/op
OverheadActual  17: 1 op, 330.00 ns, 330.0000 ns/op
OverheadActual  18: 1 op, 441.00 ns, 441.0000 ns/op
OverheadActual  19: 1 op, 371.00 ns, 371.0000 ns/op
OverheadActual  20: 1 op, 411.00 ns, 411.0000 ns/op

WorkloadWarmup   1: 1 op, 4333917.00 ns, 4.3339 ms/op
WorkloadWarmup   2: 1 op, 3061579.00 ns, 3.0616 ms/op
WorkloadWarmup   3: 1 op, 3114278.00 ns, 3.1143 ms/op

// BeforeActualRun
WorkloadActual   1: 1 op, 3335966.00 ns, 3.3360 ms/op
WorkloadActual   2: 1 op, 3164433.00 ns, 3.1644 ms/op
WorkloadActual   3: 1 op, 3310618.00 ns, 3.3106 ms/op

// AfterActualRun
WorkloadResult   1: 1 op, 3335555.00 ns, 3.3356 ms/op
WorkloadResult   2: 1 op, 3164022.00 ns, 3.1640 ms/op
WorkloadResult   3: 1 op, 3310207.00 ns, 3.3102 ms/op
// GC:  0 0 0 836016 1
// Threading:  0 0 1

// AfterAll
// Benchmark Process 359993 has exited with code 0.

Mean = 3.270 ms, StdErr = 0.053 ms (1.63%), N = 3, StdDev = 0.093 ms
Min = 3.164 ms, Q1 = 3.237 ms, Median = 3.310 ms, Q3 = 3.323 ms, Max = 3.336 ms
IQR = 0.086 ms, LowerFence = 3.108 ms, UpperFence = 3.452 ms
ConfidenceInterval = [1.581 ms; 4.959 ms] (CI 99.9%), Margin = 1.689 ms (51.66% of Mean)
Skewness = -0.35, Kurtosis = 0.67, MValue = 2

// ** Remained 1 (2.2%) benchmark(s) to run. Estimated finish 2026-09-22 0:24 (0h 0m from now) **
// **************************
// Benchmark: SessionSetupDecompositionBenchmarks.ComponentC2_SessionConstructStartAsync: ShortRun(InvocationCount=1, IterationCount=3, LaunchCount=1, UnrollFactor=1, WarmupCount=3) [Sessions=1000]
// *** Execute ***
// Launch: 1 / 1
// Execute: dotnet WinForward.Benchmarks-ShortRun-1.dll --anonymousPipes 129 130 --benchmarkName "WinForward.Benchmarks.Perf.SessionSetupDecompositionBenchmarks.ComponentC2_SessionConstructStartAsync(Sessions: 1000)" --job ShortRun --benchmarkId 44 in /home/paff/Projects/WinForward/benchmarks/WinForward.Benchmarks/bin/Release/net10.0/WinForward.Benchmarks-ShortRun-1/bin/Release/net10.0
// Failed to set up high priority (Permission denied). In order to run benchmarks with high priority, make sure you have the right permissions.
// BeforeAnythingElse

// Benchmark Process Environment Information:
// BenchmarkDotNet v0.15.8
// Runtime=.NET 10.0.12 (10.0.12, 10.0.1226.42308), X64 RyuJIT x86-64-v4
// GC=Concurrent Workstation
// HardwareIntrinsics=AVX512 BITALG+VBMI2+VNNI+VPOPCNTDQ,AVX512 IFMA+VBMI,AVX512 F+BW+CD+DQ+VL,AVX2+BMI1+BMI2+F16C+FMA+LZCNT+MOVBE,AVX,SSE3+SSSE3+SSE4.1+SSE4.2+POPCNT,X86Base+SSE+SSE2,AES+PCLMUL,AvxVnni VectorSize=256
// Job: ShortRun(InvocationCount=1, IterationCount=3, LaunchCount=1, UnrollFactor=1, WarmupCount=3)

OverheadJitting  1: 1 op, 255341.00 ns, 255.3410 us/op
WorkloadJitting  1: 1 op, 38360543.00 ns, 38.3605 ms/op

OverheadWarmup   1: 1 op, 761.00 ns, 761.0000 ns/op
OverheadWarmup   2: 1 op, 431.00 ns, 431.0000 ns/op
OverheadWarmup   3: 1 op, 441.00 ns, 441.0000 ns/op
OverheadWarmup   4: 1 op, 301.00 ns, 301.0000 ns/op
OverheadWarmup   5: 1 op, 621.00 ns, 621.0000 ns/op
OverheadWarmup   6: 1 op, 420.00 ns, 420.0000 ns/op

OverheadActual   1: 1 op, 430.00 ns, 430.0000 ns/op
OverheadActual   2: 1 op, 460.00 ns, 460.0000 ns/op
OverheadActual   3: 1 op, 441.00 ns, 441.0000 ns/op
OverheadActual   4: 1 op, 391.00 ns, 391.0000 ns/op
OverheadActual   5: 1 op, 311.00 ns, 311.0000 ns/op
OverheadActual   6: 1 op, 301.00 ns, 301.0000 ns/op
OverheadActual   7: 1 op, 301.00 ns, 301.0000 ns/op
OverheadActual   8: 1 op, 270.00 ns, 270.0000 ns/op
OverheadActual   9: 1 op, 471.00 ns, 471.0000 ns/op
OverheadActual  10: 1 op, 310.00 ns, 310.0000 ns/op
OverheadActual  11: 1 op, 281.00 ns, 281.0000 ns/op
OverheadActual  12: 1 op, 310.00 ns, 310.0000 ns/op
OverheadActual  13: 1 op, 451.00 ns, 451.0000 ns/op
OverheadActual  14: 1 op, 290.00 ns, 290.0000 ns/op
OverheadActual  15: 1 op, 381.00 ns, 381.0000 ns/op
OverheadActual  16: 1 op, 291.00 ns, 291.0000 ns/op
OverheadActual  17: 1 op, 271.00 ns, 271.0000 ns/op
OverheadActual  18: 1 op, 291.00 ns, 291.0000 ns/op
OverheadActual  19: 1 op, 301.00 ns, 301.0000 ns/op
OverheadActual  20: 1 op, 290.00 ns, 290.0000 ns/op

WorkloadWarmup   1: 1 op, 5732903.00 ns, 5.7329 ms/op
WorkloadWarmup   2: 1 op, 3681868.00 ns, 3.6819 ms/op
WorkloadWarmup   3: 1 op, 4011278.00 ns, 4.0113 ms/op

// BeforeActualRun
WorkloadActual   1: 1 op, 6172942.00 ns, 6.1729 ms/op
WorkloadActual   2: 1 op, 4330019.00 ns, 4.3300 ms/op
WorkloadActual   3: 1 op, 4308539.00 ns, 4.3085 ms/op

// AfterActualRun
WorkloadResult   1: 1 op, 6172636.50 ns, 6.1726 ms/op
WorkloadResult   2: 1 op, 4329713.50 ns, 4.3297 ms/op
WorkloadResult   3: 1 op, 4308233.50 ns, 4.3082 ms/op
// GC:  0 0 0 2701864 1
// Threading:  0 0 1

// AfterAll
// Benchmark Process 360002 has exited with code 0.

Mean = 4.937 ms, StdErr = 0.618 ms (12.52%), N = 3, StdDev = 1.070 ms
Min = 4.308 ms, Q1 = 4.319 ms, Median = 4.330 ms, Q3 = 5.251 ms, Max = 6.173 ms
IQR = 0.932 ms, LowerFence = 2.921 ms, UpperFence = 6.649 ms
ConfidenceInterval = [-14.589 ms; 24.463 ms] (CI 99.9%), Margin = 19.526 ms (395.51% of Mean)
Skewness = 0.38, Kurtosis = 0.67, MValue = 2

// ** Remained 0 (0.0%) benchmark(s) to run. Estimated finish 2026-09-22 0:24 (0h 0m from now) **
// ***** BenchmarkRunner: Finish  *****

// * Export *
  BenchmarkDotNet.Artifacts/results/WinForward.Benchmarks.Perf.SessionSetupDecompositionBenchmarks-report.csv
  BenchmarkDotNet.Artifacts/results/WinForward.Benchmarks.Perf.SessionSetupDecompositionBenchmarks-report-github.md
  BenchmarkDotNet.Artifacts/results/WinForward.Benchmarks.Perf.SessionSetupDecompositionBenchmarks-report.html

// * Detailed results *
SessionSetupDecompositionBenchmarks.StageS0_CoordinatorOnly: ShortRun(InvocationCount=1, IterationCount=3, LaunchCount=1, UnrollFactor=1, WarmupCount=3) [Sessions=1]
Runtime = .NET 10.0.12 (10.0.12, 10.0.1226.42308), X64 RyuJIT x86-64-v4; GC = Concurrent Workstation
Mean = 26.211 us, StdErr = 13.333 us (50.87%), N = 3, StdDev = 23.093 us
Min = 12.178 us, Q1 = 12.884 us, Median = 13.591 us, Q3 = 33.227 us, Max = 52.864 us
IQR = 20.343 us, LowerFence = -17.630 us, UpperFence = 63.742 us
ConfidenceInterval = [-395.091 us; 447.513 us] (CI 99.9%), Margin = 421.302 us (1607.35% of Mean)
Skewness = 0.38, Kurtosis = 0.67, MValue = 2
-------------------- Histogram --------------------
[11.506 us ; 53.536 us) | @@@
---------------------------------------------------

SessionSetupDecompositionBenchmarks.StageS1_AdmissionOnlyAsync: ShortRun(InvocationCount=1, IterationCount=3, LaunchCount=1, UnrollFactor=1, WarmupCount=3) [Sessions=1]
Runtime = .NET 10.0.12 (10.0.12, 10.0.1226.42308), X64 RyuJIT x86-64-v4; GC = Concurrent Workstation
Mean = 76.078 us, StdErr = 26.456 us (34.78%), N = 3, StdDev = 45.824 us
Min = 35.271 us, Q1 = 51.291 us, Median = 67.312 us, Q3 = 96.482 us, Max = 125.652 us
IQR = 45.191 us, LowerFence = -16.494 us, UpperFence = 164.268 us
ConfidenceInterval = [-759.918 us; 912.074 us] (CI 99.9%), Margin = 835.996 us (1098.86% of Mean)
Skewness = 0.18, Kurtosis = 0.67, MValue = 2
-------------------- Histogram --------------------
[ 9.590 us ;  92.993 us) | @@
[92.993 us ; 167.353 us) | @
---------------------------------------------------

SessionSetupDecompositionBenchmarks.StageS2_SetupStartedAsync: ShortRun(InvocationCount=1, IterationCount=3, LaunchCount=1, UnrollFactor=1, WarmupCount=3) [Sessions=1]
Runtime = .NET 10.0.12 (10.0.12, 10.0.1226.42308), X64 RyuJIT x86-64-v4; GC = Concurrent Workstation
Mean = 72.530 ms, StdErr = 0.443 ms (0.61%), N = 3, StdDev = 0.767 ms
Min = 71.731 ms, Q1 = 72.164 ms, Median = 72.598 ms, Q3 = 72.929 ms, Max = 73.260 ms
IQR = 0.765 ms, LowerFence = 71.017 ms, UpperFence = 74.076 ms
ConfidenceInterval = [58.536 ms; 86.523 ms] (CI 99.9%), Margin = 13.993 ms (19.29% of Mean)
Skewness = -0.09, Kurtosis = 0.67, MValue = 2
-------------------- Histogram --------------------
[71.033 ms ; 73.658 ms) | @@@
---------------------------------------------------

SessionSetupDecompositionBenchmarks.StageS3_PipelineNoPayloadAsync: ShortRun(InvocationCount=1, IterationCount=3, LaunchCount=1, UnrollFactor=1, WarmupCount=3) [Sessions=1]
Runtime = .NET 10.0.12 (10.0.12, 10.0.1226.42308), X64 RyuJIT x86-64-v4; GC = Concurrent Workstation
Mean = 31.636 ms, StdErr = 0.509 ms (1.61%), N = 3, StdDev = 0.881 ms
Min = 30.992 ms, Q1 = 31.134 ms, Median = 31.277 ms, Q3 = 31.959 ms, Max = 32.640 ms
IQR = 0.824 ms, LowerFence = 29.898 ms, UpperFence = 33.195 ms
ConfidenceInterval = [15.565 ms; 47.708 ms] (CI 99.9%), Margin = 16.072 ms (50.80% of Mean)
Skewness = 0.34, Kurtosis = 0.67, MValue = 2
-------------------- Histogram --------------------
[30.190 ms ; 31.936 ms) | @@
[31.936 ms ; 33.442 ms) | @
---------------------------------------------------

SessionSetupDecompositionBenchmarks.StageS4_ReadinessTeardownOutsideAsync: ShortRun(InvocationCount=1, IterationCount=3, LaunchCount=1, UnrollFactor=1, WarmupCount=3) [Sessions=1]
Runtime = .NET 10.0.12 (10.0.12, 10.0.1226.42308), X64 RyuJIT x86-64-v4; GC = Concurrent Workstation
Mean = 30.780 ms, StdErr = 0.055 ms (0.18%), N = 3, StdDev = 0.094 ms
Min = 30.677 ms, Q1 = 30.738 ms, Median = 30.800 ms, Q3 = 30.831 ms, Max = 30.863 ms
IQR = 0.093 ms, LowerFence = 30.599 ms, UpperFence = 30.970 ms
ConfidenceInterval = [29.058 ms; 32.502 ms] (CI 99.9%), Margin = 1.722 ms (5.60% of Mean)
Skewness = -0.2, Kurtosis = 0.67, MValue = 2
-------------------- Histogram --------------------
[30.591 ms ; 30.949 ms) | @@@
---------------------------------------------------

SessionSetupDecompositionBenchmarks.StageS5_ReadinessTeardownInsideAsync: ShortRun(InvocationCount=1, IterationCount=3, LaunchCount=1, UnrollFactor=1, WarmupCount=3) [Sessions=1]
Runtime = .NET 10.0.12 (10.0.12, 10.0.1226.42308), X64 RyuJIT x86-64-v4; GC = Concurrent Workstation
Mean = 45.274 ms, StdErr = 0.548 ms (1.21%), N = 3, StdDev = 0.948 ms
Min = 44.414 ms, Q1 = 44.765 ms, Median = 45.116 ms, Q3 = 45.704 ms, Max = 46.291 ms
IQR = 0.938 ms, LowerFence = 43.357 ms, UpperFence = 47.111 ms
ConfidenceInterval = [27.972 ms; 62.576 ms] (CI 99.9%), Margin = 17.302 ms (38.22% of Mean)
Skewness = 0.16, Kurtosis = 0.67, MValue = 2
-------------------- Histogram --------------------
[43.902 ms ; 45.628 ms) | @@
[45.628 ms ; 47.154 ms) | @
---------------------------------------------------

SessionSetupDecompositionBenchmarks.BaselineF_FakeTransportCreationAsync: ShortRun(InvocationCount=1, IterationCount=3, LaunchCount=1, UnrollFactor=1, WarmupCount=3) [Sessions=1]
Runtime = .NET 10.0.12 (10.0.12, 10.0.1226.42308), X64 RyuJIT x86-64-v4; GC = Concurrent Workstation
Mean = 6.173 us, StdErr = 0.611 us (9.89%), N = 3, StdDev = 1.058 us
Min = 5.465 us, Q1 = 5.566 us, Median = 5.665 us, Q3 = 6.527 us, Max = 7.389 us
IQR = 0.962 us, LowerFence = 4.122 us, UpperFence = 7.971 us
ConfidenceInterval = [-13.125 us; 25.472 us] (CI 99.9%), Margin = 19.299 us (312.60% of Mean)
Skewness = 0.37, Kurtosis = 0.67, MValue = 2
-------------------- Histogram --------------------
[5.465 us ; 7.390 us) | @@@
---------------------------------------------------

SessionSetupDecompositionBenchmarks.BaselineH_FlowKeyConstruction: ShortRun(InvocationCount=1, IterationCount=3, LaunchCount=1, UnrollFactor=1, WarmupCount=3) [Sessions=1]
Runtime = .NET 10.0.12 (10.0.12, 10.0.1226.42308), X64 RyuJIT x86-64-v4; GC = Concurrent Workstation
Mean = 12.046 us, StdErr = 1.298 us (10.78%), N = 3, StdDev = 2.249 us
Min = 10.450 us, Q1 = 10.760 us, Median = 11.070 us, Q3 = 12.844 us, Max = 14.618 us
IQR = 2.084 us, LowerFence = 7.634 us, UpperFence = 15.970 us
ConfidenceInterval = [-28.982 us; 53.074 us] (CI 99.9%), Margin = 41.028 us (340.59% of Mean)
Skewness = 0.35, Kurtosis = 0.67, MValue = 2
-------------------- Histogram --------------------
[ 8.403 us ; 12.807 us) | @@
[12.807 us ; 16.665 us) | @
---------------------------------------------------

SessionSetupDecompositionBenchmarks.ComponentC1_AssociationClaimRelease: ShortRun(InvocationCount=1, IterationCount=3, LaunchCount=1, UnrollFactor=1, WarmupCount=3) [Sessions=1]
Runtime = .NET 10.0.12 (10.0.12, 10.0.1226.42308), X64 RyuJIT x86-64-v4; GC = Concurrent Workstation
Mean = 35.041 us, StdErr = 6.873 us (19.62%), N = 3, StdDev = 11.905 us
Min = 27.526 us, Q1 = 28.177 us, Median = 28.829 us, Q3 = 38.798 us, Max = 48.767 us
IQR = 10.620 us, LowerFence = 12.247 us, UpperFence = 54.729 us
ConfidenceInterval = [-182.154 us; 252.236 us] (CI 99.9%), Margin = 217.195 us (619.84% of Mean)
Skewness = 0.38, Kurtosis = 0.67, MValue = 2
-------------------- Histogram --------------------
[27.312 us ; 48.981 us) | @@@
---------------------------------------------------

SessionSetupDecompositionBenchmarks.ComponentC2_SessionConstructStartAsync: ShortRun(InvocationCount=1, IterationCount=3, LaunchCount=1, UnrollFactor=1, WarmupCount=3) [Sessions=1]
Runtime = .NET 10.0.12 (10.0.12, 10.0.1226.42308), X64 RyuJIT x86-64-v4; GC = Concurrent Workstation
Mean = 53.693 us, StdErr = 10.264 us (19.12%), N = 3, StdDev = 17.777 us
Min = 43.026 us, Q1 = 43.432 us, Median = 43.839 us, Q3 = 59.026 us, Max = 74.215 us
IQR = 15.595 us, LowerFence = 20.040 us, UpperFence = 82.418 us
ConfidenceInterval = [-270.625 us; 378.010 us] (CI 99.9%), Margin = 324.317 us (604.02% of Mean)
Skewness = 0.38, Kurtosis = 0.67, MValue = 2
-------------------- Histogram --------------------
[42.442 us ; 74.798 us) | @@@
---------------------------------------------------

SessionSetupDecompositionBenchmarks.StageS0_CoordinatorOnly: ShortRun(InvocationCount=1, IterationCount=3, LaunchCount=1, UnrollFactor=1, WarmupCount=3) [Sessions=100]
Runtime = .NET 10.0.12 (10.0.12, 10.0.1226.42308), X64 RyuJIT x86-64-v4; GC = Concurrent Workstation
Mean = 40.468 us, StdErr = 25.300 us (62.52%), N = 3, StdDev = 43.821 us
Min = 14.903 us, Q1 = 15.169 us, Median = 15.434 us, Q3 = 53.251 us, Max = 91.067 us
IQR = 38.082 us, LowerFence = -41.954 us, UpperFence = 110.374 us
ConfidenceInterval = [-758.986 us; 839.923 us] (CI 99.9%), Margin = 799.455 us (1975.50% of Mean)
Skewness = 0.38, Kurtosis = 0.67, MValue = 2
-------------------- Histogram --------------------
[13.107 us ; 92.864 us) | @@@
---------------------------------------------------

SessionSetupDecompositionBenchmarks.StageS1_AdmissionOnlyAsync: ShortRun(InvocationCount=1, IterationCount=3, LaunchCount=1, UnrollFactor=1, WarmupCount=3) [Sessions=100]
Runtime = .NET 10.0.12 (10.0.12, 10.0.1226.42308), X64 RyuJIT x86-64-v4; GC = Concurrent Workstation
Mean = 226.825 us, StdErr = 16.149 us (7.12%), N = 3, StdDev = 27.971 us
Min = 210.461 us, Q1 = 210.677 us, Median = 210.892 us, Q3 = 235.007 us, Max = 259.123 us
IQR = 24.331 us, LowerFence = 174.180 us, UpperFence = 271.504 us
ConfidenceInterval = [-283.478 us; 737.128 us] (CI 99.9%), Margin = 510.303 us (224.98% of Mean)
Skewness = 0.38, Kurtosis = 0.67, MValue = 2
-------------------- Histogram --------------------
[209.337 us ; 260.247 us) | @@@
---------------------------------------------------

SessionSetupDecompositionBenchmarks.StageS2_SetupStartedAsync: ShortRun(InvocationCount=1, IterationCount=3, LaunchCount=1, UnrollFactor=1, WarmupCount=3) [Sessions=100]
Runtime = .NET 10.0.12 (10.0.12, 10.0.1226.42308), X64 RyuJIT x86-64-v4; GC = Concurrent Workstation
Mean = 80.410 ms, StdErr = 0.852 ms (1.06%), N = 3, StdDev = 1.476 ms
Min = 78.941 ms, Q1 = 79.668 ms, Median = 80.396 ms, Q3 = 81.144 ms, Max = 81.892 ms
IQR = 1.476 ms, LowerFence = 77.455 ms, UpperFence = 83.357 ms
ConfidenceInterval = [53.490 ms; 107.330 ms] (CI 99.9%), Margin = 26.920 ms (33.48% of Mean)
Skewness = 0.01, Kurtosis = 0.67, MValue = 2
-------------------- Histogram --------------------
[78.326 ms ; 81.011 ms) | @@
[81.011 ms ; 83.235 ms) | @
---------------------------------------------------

SessionSetupDecompositionBenchmarks.StageS3_PipelineNoPayloadAsync: ShortRun(InvocationCount=1, IterationCount=3, LaunchCount=1, UnrollFactor=1, WarmupCount=3) [Sessions=100]
Runtime = .NET 10.0.12 (10.0.12, 10.0.1226.42308), X64 RyuJIT x86-64-v4; GC = Concurrent Workstation
Mean = 40.600 ms, StdErr = 1.755 ms (4.32%), N = 3, StdDev = 3.040 ms
Min = 37.375 ms, Q1 = 39.194 ms, Median = 41.013 ms, Q3 = 42.213 ms, Max = 43.412 ms
IQR = 3.019 ms, LowerFence = 34.665 ms, UpperFence = 46.741 ms
ConfidenceInterval = [-14.861 ms; 96.060 ms] (CI 99.9%), Margin = 55.460 ms (136.60% of Mean)
Skewness = -0.13, Kurtosis = 0.67, MValue = 2
-------------------- Histogram --------------------
[34.608 ms ; 39.446 ms) | @
[39.446 ms ; 44.979 ms) | @@
---------------------------------------------------

SessionSetupDecompositionBenchmarks.StageS4_ReadinessTeardownOutsideAsync: ShortRun(InvocationCount=1, IterationCount=3, LaunchCount=1, UnrollFactor=1, WarmupCount=3) [Sessions=100]
Runtime = .NET 10.0.12 (10.0.12, 10.0.1226.42308), X64 RyuJIT x86-64-v4; GC = Concurrent Workstation
Mean = 40.502 ms, StdErr = 0.518 ms (1.28%), N = 3, StdDev = 0.897 ms
Min = 39.913 ms, Q1 = 39.986 ms, Median = 40.059 ms, Q3 = 40.796 ms, Max = 41.533 ms
IQR = 0.810 ms, LowerFence = 38.770 ms, UpperFence = 42.011 ms
ConfidenceInterval = [24.146 ms; 56.857 ms] (CI 99.9%), Margin = 16.356 ms (40.38% of Mean)
Skewness = 0.37, Kurtosis = 0.67, MValue = 2
-------------------- Histogram --------------------
[39.907 ms ; 41.539 ms) | @@@
---------------------------------------------------

SessionSetupDecompositionBenchmarks.StageS5_ReadinessTeardownInsideAsync: ShortRun(InvocationCount=1, IterationCount=3, LaunchCount=1, UnrollFactor=1, WarmupCount=3) [Sessions=100]
Runtime = .NET 10.0.12 (10.0.12, 10.0.1226.42308), X64 RyuJIT x86-64-v4; GC = Concurrent Workstation
Mean = 54.822 ms, StdErr = 0.633 ms (1.15%), N = 3, StdDev = 1.096 ms
Min = 53.769 ms, Q1 = 54.254 ms, Median = 54.740 ms, Q3 = 55.348 ms, Max = 55.957 ms
IQR = 1.094 ms, LowerFence = 52.613 ms, UpperFence = 56.990 ms
ConfidenceInterval = [34.820 ms; 74.823 ms] (CI 99.9%), Margin = 20.001 ms (36.48% of Mean)
Skewness = 0.07, Kurtosis = 0.67, MValue = 2
-------------------- Histogram --------------------
[53.257 ms ; 55.252 ms) | @@
[55.252 ms ; 56.955 ms) | @
---------------------------------------------------

SessionSetupDecompositionBenchmarks.BaselineF_FakeTransportCreationAsync: ShortRun(InvocationCount=1, IterationCount=3, LaunchCount=1, UnrollFactor=1, WarmupCount=3) [Sessions=100]
Runtime = .NET 10.0.12 (10.0.12, 10.0.1226.42308), X64 RyuJIT x86-64-v4; GC = Concurrent Workstation
Mean = 42.944 us, StdErr = 24.673 us (57.45%), N = 3, StdDev = 42.734 us
Min = 17.202 us, Q1 = 18.279 us, Median = 19.357 us, Q3 = 55.816 us, Max = 92.274 us
IQR = 37.536 us, LowerFence = -38.025 us, UpperFence = 112.120 us
ConfidenceInterval = [-736.689 us; 822.578 us] (CI 99.9%), Margin = 779.633 us (1815.45% of Mean)
Skewness = 0.38, Kurtosis = 0.67, MValue = 2
-------------------- Histogram --------------------
[15.848 us ; 93.628 us) | @@@
---------------------------------------------------

SessionSetupDecompositionBenchmarks.BaselineH_FlowKeyConstruction: ShortRun(InvocationCount=1, IterationCount=3, LaunchCount=1, UnrollFactor=1, WarmupCount=3) [Sessions=100]
Runtime = .NET 10.0.12 (10.0.12, 10.0.1226.42308), X64 RyuJIT x86-64-v4; GC = Concurrent Workstation
Mean = 93.090 us, StdErr = 17.973 us (19.31%), N = 3, StdDev = 31.130 us
Min = 70.043 us, Q1 = 75.383 us, Median = 80.723 us, Q3 = 104.613 us, Max = 128.503 us
IQR = 29.230 us, LowerFence = 31.538 us, UpperFence = 148.458 us
ConfidenceInterval = [-474.842 us; 661.022 us] (CI 99.9%), Margin = 567.932 us (610.09% of Mean)
Skewness = 0.33, Kurtosis = 0.67, MValue = 2
-------------------- Histogram --------------------
[ 41.713 us ; 103.713 us) | @@
[103.713 us ; 156.833 us) | @
---------------------------------------------------

SessionSetupDecompositionBenchmarks.ComponentC1_AssociationClaimRelease: ShortRun(InvocationCount=1, IterationCount=3, LaunchCount=1, UnrollFactor=1, WarmupCount=3) [Sessions=100]
Runtime = .NET 10.0.12 (10.0.12, 10.0.1226.42308), X64 RyuJIT x86-64-v4; GC = Concurrent Workstation
Mean = 371.482 us, StdErr = 22.019 us (5.93%), N = 3, StdDev = 38.137 us
Min = 330.558 us, Q1 = 354.208 us, Median = 377.858 us, Q3 = 391.943 us, Max = 406.029 us
IQR = 37.736 us, LowerFence = 297.605 us, UpperFence = 448.547 us
ConfidenceInterval = [-324.285 us; 1,067.248 us] (CI 99.9%), Margin = 695.767 us (187.29% of Mean)
Skewness = -0.16, Kurtosis = 0.67, MValue = 2
-------------------- Histogram --------------------
[295.852 us ; 357.237 us) | @
[357.237 us ; 426.650 us) | @@
---------------------------------------------------

SessionSetupDecompositionBenchmarks.ComponentC2_SessionConstructStartAsync: ShortRun(InvocationCount=1, IterationCount=3, LaunchCount=1, UnrollFactor=1, WarmupCount=3) [Sessions=100]
Runtime = .NET 10.0.12 (10.0.12, 10.0.1226.42308), X64 RyuJIT x86-64-v4; GC = Concurrent Workstation
Mean = 503.196 us, StdErr = 135.221 us (26.87%), N = 3, StdDev = 234.209 us
Min = 358.966 us, Q1 = 368.078 us, Median = 377.190 us, Q3 = 575.312 us, Max = 773.433 us
IQR = 207.233 us, LowerFence = 57.228 us, UpperFence = 886.162 us
ConfidenceInterval = [-3,769.650 us; 4,776.043 us] (CI 99.9%), Margin = 4,272.847 us (849.14% of Mean)
Skewness = 0.38, Kurtosis = 0.67, MValue = 2
-------------------- Histogram --------------------
[353.061 us ; 779.338 us) | @@@
---------------------------------------------------

SessionSetupDecompositionBenchmarks.StageS0_CoordinatorOnly: ShortRun(InvocationCount=1, IterationCount=3, LaunchCount=1, UnrollFactor=1, WarmupCount=3) [Sessions=1000]
Runtime = .NET 10.0.12 (10.0.12, 10.0.1226.42308), X64 RyuJIT x86-64-v4; GC = Concurrent Workstation
Mean = 87.660 us, StdErr = 17.099 us (19.51%), N = 3, StdDev = 29.616 us
Min = 57.603 us, Q1 = 73.082 us, Median = 88.562 us, Q3 = 102.689 us, Max = 116.815 us
IQR = 29.606 us, LowerFence = 28.674 us, UpperFence = 147.097 us
ConfidenceInterval = [-452.652 us; 627.972 us] (CI 99.9%), Margin = 540.312 us (616.37% of Mean)
Skewness = -0.03, Kurtosis = 0.67, MValue = 2
-------------------- Histogram --------------------
[30.651 us ;  75.737 us) | @
[75.737 us ; 129.640 us) | @@
---------------------------------------------------

SessionSetupDecompositionBenchmarks.StageS1_AdmissionOnlyAsync: ShortRun(InvocationCount=1, IterationCount=3, LaunchCount=1, UnrollFactor=1, WarmupCount=3) [Sessions=1000]
Runtime = .NET 10.0.12 (10.0.12, 10.0.1226.42308), X64 RyuJIT x86-64-v4; GC = Concurrent Workstation
Mean = 2.690 ms, StdErr = 0.254 ms (9.43%), N = 3, StdDev = 0.440 ms
Min = 2.187 ms, Q1 = 2.537 ms, Median = 2.886 ms, Q3 = 2.942 ms, Max = 2.998 ms
IQR = 0.406 ms, LowerFence = 1.928 ms, UpperFence = 3.551 ms
ConfidenceInterval = [-5.329 ms; 10.710 ms] (CI 99.9%), Margin = 8.020 ms (298.08% of Mean)
Skewness = -0.36, Kurtosis = 0.67, MValue = 2
-------------------- Histogram --------------------
[1.787 ms ; 2.542 ms) | @
[2.542 ms ; 3.398 ms) | @@
---------------------------------------------------

SessionSetupDecompositionBenchmarks.StageS2_SetupStartedAsync: ShortRun(InvocationCount=1, IterationCount=3, LaunchCount=1, UnrollFactor=1, WarmupCount=3) [Sessions=1000]
Runtime = .NET 10.0.12 (10.0.12, 10.0.1226.42308), X64 RyuJIT x86-64-v4; GC = Concurrent Workstation
Mean = 82.629 ms, StdErr = 0.498 ms (0.60%), N = 3, StdDev = 0.862 ms
Min = 81.994 ms, Q1 = 82.138 ms, Median = 82.282 ms, Q3 = 82.946 ms, Max = 83.611 ms
IQR = 0.808 ms, LowerFence = 80.925 ms, UpperFence = 84.159 ms
ConfidenceInterval = [66.894 ms; 98.364 ms] (CI 99.9%), Margin = 15.735 ms (19.04% of Mean)
Skewness = 0.34, Kurtosis = 0.67, MValue = 2
-------------------- Histogram --------------------
[81.209 ms ; 84.396 ms) | @@@
---------------------------------------------------

SessionSetupDecompositionBenchmarks.StageS3_PipelineNoPayloadAsync: ShortRun(InvocationCount=1, IterationCount=3, LaunchCount=1, UnrollFactor=1, WarmupCount=3) [Sessions=1000]
Runtime = .NET 10.0.12 (10.0.12, 10.0.1226.42308), X64 RyuJIT x86-64-v4; GC = Concurrent Workstation
Mean = 64.926 ms, StdErr = 1.425 ms (2.19%), N = 3, StdDev = 2.468 ms
Min = 62.641 ms, Q1 = 63.617 ms, Median = 64.592 ms, Q3 = 66.068 ms, Max = 67.543 ms
IQR = 2.451 ms, LowerFence = 59.941 ms, UpperFence = 69.744 ms
ConfidenceInterval = [19.904 ms; 109.947 ms] (CI 99.9%), Margin = 45.022 ms (69.34% of Mean)
Skewness = 0.13, Kurtosis = 0.67, MValue = 2
-------------------- Histogram --------------------
[61.371 ms ; 65.863 ms) | @@
[65.863 ms ; 69.789 ms) | @
---------------------------------------------------

SessionSetupDecompositionBenchmarks.StageS4_ReadinessTeardownOutsideAsync: ShortRun(InvocationCount=1, IterationCount=3, LaunchCount=1, UnrollFactor=1, WarmupCount=3) [Sessions=1000]
Runtime = .NET 10.0.12 (10.0.12, 10.0.1226.42308), X64 RyuJIT x86-64-v4; GC = Concurrent Workstation
Mean = 65.569 ms, StdErr = 0.972 ms (1.48%), N = 3, StdDev = 1.684 ms
Min = 63.702 ms, Q1 = 64.867 ms, Median = 66.031 ms, Q3 = 66.503 ms, Max = 66.974 ms
IQR = 1.636 ms, LowerFence = 62.413 ms, UpperFence = 68.957 ms
ConfidenceInterval = [34.842 ms; 96.297 ms] (CI 99.9%), Margin = 30.727 ms (46.86% of Mean)
Skewness = -0.25, Kurtosis = 0.67, MValue = 2
-------------------- Histogram --------------------
[62.169 ms ; 64.970 ms) | @
[64.970 ms ; 68.507 ms) | @@
---------------------------------------------------

SessionSetupDecompositionBenchmarks.StageS5_ReadinessTeardownInsideAsync: ShortRun(InvocationCount=1, IterationCount=3, LaunchCount=1, UnrollFactor=1, WarmupCount=3) [Sessions=1000]
Runtime = .NET 10.0.12 (10.0.12, 10.0.1226.42308), X64 RyuJIT x86-64-v4; GC = Concurrent Workstation
Mean = 84.214 ms, StdErr = 3.245 ms (3.85%), N = 3, StdDev = 5.621 ms
Min = 80.497 ms, Q1 = 80.981 ms, Median = 81.465 ms, Q3 = 86.073 ms, Max = 90.680 ms
IQR = 5.092 ms, LowerFence = 73.344 ms, UpperFence = 93.710 ms
ConfidenceInterval = [-18.327 ms; 186.755 ms] (CI 99.9%), Margin = 102.541 ms (121.76% of Mean)
Skewness = 0.37, Kurtosis = 0.67, MValue = 2
-------------------- Histogram --------------------
[80.474 ms ; 90.703 ms) | @@@
---------------------------------------------------

SessionSetupDecompositionBenchmarks.BaselineF_FakeTransportCreationAsync: ShortRun(InvocationCount=1, IterationCount=3, LaunchCount=1, UnrollFactor=1, WarmupCount=3) [Sessions=1000]
Runtime = .NET 10.0.12 (10.0.12, 10.0.1226.42308), X64 RyuJIT x86-64-v4; GC = Concurrent Workstation
Mean = 164.337 us, StdErr = 41.780 us (25.42%), N = 3, StdDev = 72.366 us
Min = 121.614 us, Q1 = 122.561 us, Median = 123.507 us, Q3 = 185.699 us, Max = 247.891 us
IQR = 63.139 us, LowerFence = 27.853 us, UpperFence = 280.407 us
ConfidenceInterval = [-1,155.884 us; 1,484.559 us] (CI 99.9%), Margin = 1,320.221 us (803.36% of Mean)
Skewness = 0.38, Kurtosis = 0.67, MValue = 2
-------------------- Histogram --------------------
[118.897 us ; 250.608 us) | @@@
---------------------------------------------------

SessionSetupDecompositionBenchmarks.BaselineH_FlowKeyConstruction: ShortRun(InvocationCount=1, IterationCount=3, LaunchCount=1, UnrollFactor=1, WarmupCount=3) [Sessions=1000]
Runtime = .NET 10.0.12 (10.0.12, 10.0.1226.42308), X64 RyuJIT x86-64-v4; GC = Concurrent Workstation
Mean = 602.889 us, StdErr = 7.071 us (1.17%), N = 3, StdDev = 12.247 us
Min = 593.098 us, Q1 = 596.023 us, Median = 598.948 us, Q3 = 607.784 us, Max = 616.621 us
IQR = 11.761 us, LowerFence = 578.381 us, UpperFence = 625.427 us
ConfidenceInterval = [379.464 us; 826.314 us] (CI 99.9%), Margin = 223.425 us (37.06% of Mean)
Skewness = 0.29, Kurtosis = 0.67, MValue = 2
-------------------- Histogram --------------------
[584.878 us ; 607.168 us) | @@
[607.168 us ; 627.766 us) | @
---------------------------------------------------

SessionSetupDecompositionBenchmarks.ComponentC1_AssociationClaimRelease: ShortRun(InvocationCount=1, IterationCount=3, LaunchCount=1, UnrollFactor=1, WarmupCount=3) [Sessions=1000]
Runtime = .NET 10.0.12 (10.0.12, 10.0.1226.42308), X64 RyuJIT x86-64-v4; GC = Concurrent Workstation
Mean = 3.270 ms, StdErr = 0.053 ms (1.63%), N = 3, StdDev = 0.093 ms
Min = 3.164 ms, Q1 = 3.237 ms, Median = 3.310 ms, Q3 = 3.323 ms, Max = 3.336 ms
IQR = 0.086 ms, LowerFence = 3.108 ms, UpperFence = 3.452 ms
ConfidenceInterval = [1.581 ms; 4.959 ms] (CI 99.9%), Margin = 1.689 ms (51.66% of Mean)
Skewness = -0.35, Kurtosis = 0.67, MValue = 2
-------------------- Histogram --------------------
[3.080 ms ; 3.239 ms) | @
[3.239 ms ; 3.420 ms) | @@
---------------------------------------------------

SessionSetupDecompositionBenchmarks.ComponentC2_SessionConstructStartAsync: ShortRun(InvocationCount=1, IterationCount=3, LaunchCount=1, UnrollFactor=1, WarmupCount=3) [Sessions=1000]
Runtime = .NET 10.0.12 (10.0.12, 10.0.1226.42308), X64 RyuJIT x86-64-v4; GC = Concurrent Workstation
Mean = 4.937 ms, StdErr = 0.618 ms (12.52%), N = 3, StdDev = 1.070 ms
Min = 4.308 ms, Q1 = 4.319 ms, Median = 4.330 ms, Q3 = 5.251 ms, Max = 6.173 ms
IQR = 0.932 ms, LowerFence = 2.921 ms, UpperFence = 6.649 ms
ConfidenceInterval = [-14.589 ms; 24.463 ms] (CI 99.9%), Margin = 19.526 ms (395.51% of Mean)
Skewness = 0.38, Kurtosis = 0.67, MValue = 2
-------------------- Histogram --------------------
[4.266 ms ; 6.214 ms) | @@@
---------------------------------------------------

// * Summary *

BenchmarkDotNet v0.15.8, Linux NixOS 26.11 (Zokor)
AMD Ryzen 9 9955HX 2.50GHz, 1 CPU, 32 logical and 16 physical cores
.NET SDK 10.0.401
  [Host]   : .NET 10.0.12 (10.0.12, 10.0.1226.42308), X64 RyuJIT x86-64-v4
  ShortRun : .NET 10.0.12 (10.0.12, 10.0.1226.42308), X64 RyuJIT x86-64-v4

Job=ShortRun  InvocationCount=1  IterationCount=3  
LaunchCount=1  UnrollFactor=1  WarmupCount=3  

| Method                                 | Sessions | Mean          | Error          | StdDev       | Median        | Allocated |
|--------------------------------------- |--------- |--------------:|---------------:|-------------:|--------------:|----------:|
| StageS0_CoordinatorOnly                | 1        |     26.211 us |     421.302 us |    23.093 us |     13.591 us |    8280 B |
| StageS1_AdmissionOnlyAsync             | 1        |     76.078 us |     835.996 us |    45.824 us |     67.312 us |    7176 B |
| StageS2_SetupStartedAsync              | 1        | 72,529.598 us |  13,993.331 us |   767.022 us | 72,598.197 us |   34824 B |
| StageS3_PipelineNoPayloadAsync         | 1        | 31,636.373 us |  16,071.617 us |   880.940 us | 31,276.975 us |   39184 B |
| StageS4_ReadinessTeardownOutsideAsync  | 1        | 30,779.851 us |   1,722.163 us |    94.398 us | 30,799.576 us |   34952 B |
| StageS5_ReadinessTeardownInsideAsync   | 1        | 45,273.809 us |  17,302.180 us |   948.391 us | 45,115.705 us |  100472 B |
| BaselineF_FakeTransportCreationAsync   | 1        |      6.173 us |      19.299 us |     1.058 us |      5.665 us |     136 B |
| BaselineH_FlowKeyConstruction          | 1        |     12.046 us |      41.028 us |     2.249 us |     11.070 us |     352 B |
| ComponentC1_AssociationClaimRelease    | 1        |     35.041 us |     217.195 us |    11.905 us |     28.829 us |    2120 B |
| ComponentC2_SessionConstructStartAsync | 1        |     53.693 us |     324.317 us |    17.777 us |     43.839 us |    5832 B |
| StageS0_CoordinatorOnly                | 100      |     40.468 us |     799.455 us |    43.821 us |     15.434 us |   54456 B |
| StageS1_AdmissionOnlyAsync             | 100      |    226.825 us |     510.303 us |    27.971 us |    210.892 us |  134928 B |
| StageS2_SetupStartedAsync              | 100      | 80,409.761 us |  26,919.760 us | 1,475.563 us | 80,395.613 us |  220936 B |
| StageS3_PipelineNoPayloadAsync         | 100      | 40,599.920 us |  55,460.477 us | 3,039.976 us | 41,012.582 us |  439080 B |
| StageS4_ReadinessTeardownOutsideAsync  | 100      | 40,501.613 us |  16,355.758 us |   896.514 us | 40,058.658 us |  468560 B |
| StageS5_ReadinessTeardownInsideAsync   | 100      | 54,821.857 us |  20,001.453 us | 1,096.347 us | 54,740.083 us |  724968 B |
| BaselineF_FakeTransportCreationAsync   | 100      |     42.944 us |     779.633 us |    42.734 us |     19.357 us |   10432 B |
| BaselineH_FlowKeyConstruction          | 100      |     93.090 us |     567.932 us |    31.130 us |     80.723 us |   35200 B |
| ComponentC1_AssociationClaimRelease    | 100      |    371.482 us |     695.767 us |    38.137 us |    377.858 us |   82800 B |
| ComponentC2_SessionConstructStartAsync | 100      |    503.196 us |   4,272.847 us |   234.209 us |    377.190 us |  271048 B |
| StageS0_CoordinatorOnly                | 1000     |     87.660 us |     540.312 us |    29.616 us |     88.562 us |  496680 B |
| StageS1_AdmissionOnlyAsync             | 1000     |  2,690.473 us |   8,019.892 us |   439.597 us |  2,886.018 us | 1323552 B |
| StageS2_SetupStartedAsync              | 1000     | 82,628.795 us |  15,734.869 us |   862.481 us | 82,281.557 us | 1352664 B |
| StageS3_PipelineNoPayloadAsync         | 1000     | 64,925.667 us |  45,021.544 us | 2,467.783 us | 64,592.463 us | 4405784 B |
| StageS4_ReadinessTeardownOutsideAsync  | 1000     | 65,569.121 us |  30,727.397 us | 1,684.272 us | 66,031.269 us | 4415616 B |
| StageS5_ReadinessTeardownInsideAsync   | 1000     | 84,214.054 us | 102,541.056 us | 5,620.621 us | 81,465.166 us | 6510208 B |
| BaselineF_FakeTransportCreationAsync   | 1000     |    164.337 us |   1,320.221 us |    72.366 us |    123.507 us |  104032 B |
| BaselineH_FlowKeyConstruction          | 1000     |    602.889 us |     223.425 us |    12.247 us |    598.948 us |  356800 B |
| ComponentC1_AssociationClaimRelease    | 1000     |  3,269.928 us |   1,689.165 us |    92.589 us |  3,310.207 us |  836016 B |
| ComponentC2_SessionConstructStartAsync | 1000     |  4,936.861 us |  19,525.649 us | 1,070.267 us |  4,329.713 us | 2701864 B |

// * Warnings *
MinIterationTime
  SessionSetupDecompositionBenchmarks.StageS0_CoordinatorOnly: ShortRun                -> The minimum observed iteration time is 12.554us which is very small. It's recommended to increase it to at least 100ms using more operations.
  SessionSetupDecompositionBenchmarks.StageS1_AdmissionOnlyAsync: ShortRun             -> The minimum observed iteration time is 35.697us which is very small. It's recommended to increase it to at least 100ms using more operations.
  SessionSetupDecompositionBenchmarks.StageS2_SetupStartedAsync: ShortRun              -> The minimum observed iteration time is 71.731ms which is very small. It's recommended to increase it to at least 100ms using more operations.
  SessionSetupDecompositionBenchmarks.StageS3_PipelineNoPayloadAsync: ShortRun         -> The minimum observed iteration time is 30.992ms which is very small. It's recommended to increase it to at least 100ms using more operations.
  SessionSetupDecompositionBenchmarks.StageS4_ReadinessTeardownOutsideAsync: ShortRun  -> The minimum observed iteration time is 30.678ms which is very small. It's recommended to increase it to at least 100ms using more operations.
  SessionSetupDecompositionBenchmarks.StageS5_ReadinessTeardownInsideAsync: ShortRun   -> The minimum observed iteration time is 44.415ms which is very small. It's recommended to increase it to at least 100ms using more operations.
  SessionSetupDecompositionBenchmarks.BaselineF_FakeTransportCreationAsync: ShortRun   -> The minimum observed iteration time is 5.851us which is very small. It's recommended to increase it to at least 100ms using more operations.
  SessionSetupDecompositionBenchmarks.BaselineH_FlowKeyConstruction: ShortRun          -> The minimum observed iteration time is 10.861us which is very small. It's recommended to increase it to at least 100ms using more operations.
  SessionSetupDecompositionBenchmarks.ComponentC1_AssociationClaimRelease: ShortRun    -> The minimum observed iteration time is 27.952us which is very small. It's recommended to increase it to at least 100ms using more operations.
  SessionSetupDecompositionBenchmarks.ComponentC2_SessionConstructStartAsync: ShortRun -> The minimum observed iteration time is 43.401us which is very small. It's recommended to increase it to at least 100ms using more operations.
  SessionSetupDecompositionBenchmarks.StageS0_CoordinatorOnly: ShortRun                -> The minimum observed iteration time is 15.319us which is very small. It's recommended to increase it to at least 100ms using more operations.
  SessionSetupDecompositionBenchmarks.StageS1_AdmissionOnlyAsync: ShortRun             -> The minimum observed iteration time is 210.867us which is very small. It's recommended to increase it to at least 100ms using more operations.
  SessionSetupDecompositionBenchmarks.StageS2_SetupStartedAsync: ShortRun              -> The minimum observed iteration time is 78.942ms which is very small. It's recommended to increase it to at least 100ms using more operations.
  SessionSetupDecompositionBenchmarks.StageS3_PipelineNoPayloadAsync: ShortRun         -> The minimum observed iteration time is 37.375ms which is very small. It's recommended to increase it to at least 100ms using more operations.
  SessionSetupDecompositionBenchmarks.StageS4_ReadinessTeardownOutsideAsync: ShortRun  -> The minimum observed iteration time is 39.913ms which is very small. It's recommended to increase it to at least 100ms using more operations.
  SessionSetupDecompositionBenchmarks.StageS5_ReadinessTeardownInsideAsync: ShortRun   -> The minimum observed iteration time is 53.769ms which is very small. It's recommended to increase it to at least 100ms using more operations.
  SessionSetupDecompositionBenchmarks.BaselineF_FakeTransportCreationAsync: ShortRun   -> The minimum observed iteration time is 17.593us which is very small. It's recommended to increase it to at least 100ms using more operations.
  SessionSetupDecompositionBenchmarks.BaselineH_FlowKeyConstruction: ShortRun          -> The minimum observed iteration time is 70.433us which is very small. It's recommended to increase it to at least 100ms using more operations.
  SessionSetupDecompositionBenchmarks.ComponentC1_AssociationClaimRelease: ShortRun    -> The minimum observed iteration time is 330.944us which is very small. It's recommended to increase it to at least 100ms using more operations.
  SessionSetupDecompositionBenchmarks.ComponentC2_SessionConstructStartAsync: ShortRun -> The minimum observed iteration time is 359.417us which is very small. It's recommended to increase it to at least 100ms using more operations.
  SessionSetupDecompositionBenchmarks.StageS0_CoordinatorOnly: ShortRun                -> The minimum observed iteration time is 57.979us which is very small. It's recommended to increase it to at least 100ms using more operations.
  SessionSetupDecompositionBenchmarks.StageS1_AdmissionOnlyAsync: ShortRun             -> The minimum observed iteration time is 2.187ms which is very small. It's recommended to increase it to at least 100ms using more operations.
  SessionSetupDecompositionBenchmarks.StageS2_SetupStartedAsync: ShortRun              -> The minimum observed iteration time is 81.994ms which is very small. It's recommended to increase it to at least 100ms using more operations.
  SessionSetupDecompositionBenchmarks.StageS3_PipelineNoPayloadAsync: ShortRun         -> The minimum observed iteration time is 62.642ms which is very small. It's recommended to increase it to at least 100ms using more operations.
  SessionSetupDecompositionBenchmarks.StageS4_ReadinessTeardownOutsideAsync: ShortRun  -> The minimum observed iteration time is 63.702ms which is very small. It's recommended to increase it to at least 100ms using more operations.
  SessionSetupDecompositionBenchmarks.StageS5_ReadinessTeardownInsideAsync: ShortRun   -> The minimum observed iteration time is 80.497ms which is very small. It's recommended to increase it to at least 100ms using more operations.
  SessionSetupDecompositionBenchmarks.BaselineF_FakeTransportCreationAsync: ShortRun   -> The minimum observed iteration time is 122us which is very small. It's recommended to increase it to at least 100ms using more operations.
  SessionSetupDecompositionBenchmarks.BaselineH_FlowKeyConstruction: ShortRun          -> The minimum observed iteration time is 593.479us which is very small. It's recommended to increase it to at least 100ms using more operations.
  SessionSetupDecompositionBenchmarks.ComponentC1_AssociationClaimRelease: ShortRun    -> The minimum observed iteration time is 3.164ms which is very small. It's recommended to increase it to at least 100ms using more operations.
  SessionSetupDecompositionBenchmarks.ComponentC2_SessionConstructStartAsync: ShortRun -> The minimum observed iteration time is 4.309ms which is very small. It's recommended to increase it to at least 100ms using more operations.

// * Legends *
  Sessions  : Value of the 'Sessions' parameter
  Mean      : Arithmetic mean of all measurements
  Error     : Half of 99.9% confidence interval
  StdDev    : Standard deviation of all measurements
  Median    : Value separating the higher half of all measurements (50th percentile)
  Allocated : Allocated memory per single operation (managed only, inclusive, 1KB = 1024B)
  1 us      : 1 Microsecond (0.000001 sec)

// * Diagnostic Output - MemoryDiagnoser *


// ***** BenchmarkRunner: End *****
Run time: 00:00:17 (17.91 sec), executed benchmarks: 30

Global total time: 00:03:25 (205.55 sec), executed benchmarks: 45
// * Artifacts cleanup *
Artifacts cleanup is finished
