// Validating benchmarks:
// ***** BenchmarkRunner: Start   *****
// ***** Found 45 benchmark(s) in total *****
// ***** Building 1 exe(s) in Parallel: Start   *****
// start dotnet  restore --nodeReuse:false /p:UseSharedCompilation=false /p:Deterministic=true /p:Optimize=true /p:ArtifactsPath="/home/paff/Projects/WinForward/benchmarks/WinForward.Benchmarks/bin/Release/net10.0/WinForward.Benchmarks-ShortRun-1/" /p:OutDir="/home/paff/Projects/WinForward/benchmarks/WinForward.Benchmarks/bin/Release/net10.0/WinForward.Benchmarks-ShortRun-1/bin/Release/net10.0/" /p:OutputPath="/home/paff/Projects/WinForward/benchmarks/WinForward.Benchmarks/bin/Release/net10.0/WinForward.Benchmarks-ShortRun-1/bin/Release/net10.0/" /p:PublishDir="/home/paff/Projects/WinForward/benchmarks/WinForward.Benchmarks/bin/Release/net10.0/WinForward.Benchmarks-ShortRun-1/publish/" in /home/paff/Projects/WinForward/benchmarks/WinForward.Benchmarks/bin/Release/net10.0/WinForward.Benchmarks-ShortRun-1
// command took 3.05 sec and exited with 0
// start dotnet  build -c Release --no-restore --nodeReuse:false /p:UseSharedCompilation=false /p:Deterministic=true /p:Optimize=true /p:ArtifactsPath="/home/paff/Projects/WinForward/benchmarks/WinForward.Benchmarks/bin/Release/net10.0/WinForward.Benchmarks-ShortRun-1/" /p:OutDir="/home/paff/Projects/WinForward/benchmarks/WinForward.Benchmarks/bin/Release/net10.0/WinForward.Benchmarks-ShortRun-1/bin/Release/net10.0/" /p:OutputPath="/home/paff/Projects/WinForward/benchmarks/WinForward.Benchmarks/bin/Release/net10.0/WinForward.Benchmarks-ShortRun-1/bin/Release/net10.0/" /p:PublishDir="/home/paff/Projects/WinForward/benchmarks/WinForward.Benchmarks/bin/Release/net10.0/WinForward.Benchmarks-ShortRun-1/publish/" --output "/home/paff/Projects/WinForward/benchmarks/WinForward.Benchmarks/bin/Release/net10.0/WinForward.Benchmarks-ShortRun-1/bin/Release/net10.0/" in /home/paff/Projects/WinForward/benchmarks/WinForward.Benchmarks/bin/Release/net10.0/WinForward.Benchmarks-ShortRun-1
// command took 35.06 sec and exited with 0
// ***** Done, took 00:00:38 (38.28 sec)   *****
// Found 15 benchmarks:
//   FrameworkSetupBenchmarks.RealTransport_CreateDisposeAsync: ShortRun(IterationCount=3, LaunchCount=1, WarmupCount=3) [Sessions=1]
//   FrameworkSetupBenchmarks.Control_ConnectDisposeAsync: ShortRun(IterationCount=3, LaunchCount=1, WarmupCount=3) [Sessions=1]
//   FrameworkSetupBenchmarks.Control_ConnectAssociateDisposeAsync: ShortRun(IterationCount=3, LaunchCount=1, WarmupCount=3) [Sessions=1]
//   FrameworkSetupBenchmarks.RelaySocket_CreateBindClose: ShortRun(IterationCount=3, LaunchCount=1, WarmupCount=3) [Sessions=1]
//   FrameworkSetupBenchmarks.SelfTraffic_RegisterRelease: ShortRun(IterationCount=3, LaunchCount=1, WarmupCount=3) [Sessions=1]
//   FrameworkSetupBenchmarks.RealTransport_CreateDisposeAsync: ShortRun(IterationCount=3, LaunchCount=1, WarmupCount=3) [Sessions=100]
//   FrameworkSetupBenchmarks.Control_ConnectDisposeAsync: ShortRun(IterationCount=3, LaunchCount=1, WarmupCount=3) [Sessions=100]
//   FrameworkSetupBenchmarks.Control_ConnectAssociateDisposeAsync: ShortRun(IterationCount=3, LaunchCount=1, WarmupCount=3) [Sessions=100]
//   FrameworkSetupBenchmarks.RelaySocket_CreateBindClose: ShortRun(IterationCount=3, LaunchCount=1, WarmupCount=3) [Sessions=100]
//   FrameworkSetupBenchmarks.SelfTraffic_RegisterRelease: ShortRun(IterationCount=3, LaunchCount=1, WarmupCount=3) [Sessions=100]
//   FrameworkSetupBenchmarks.RealTransport_CreateDisposeAsync: ShortRun(IterationCount=3, LaunchCount=1, WarmupCount=3) [Sessions=1000]
//   FrameworkSetupBenchmarks.Control_ConnectDisposeAsync: ShortRun(IterationCount=3, LaunchCount=1, WarmupCount=3) [Sessions=1000]
//   FrameworkSetupBenchmarks.Control_ConnectAssociateDisposeAsync: ShortRun(IterationCount=3, LaunchCount=1, WarmupCount=3) [Sessions=1000]
//   FrameworkSetupBenchmarks.RelaySocket_CreateBindClose: ShortRun(IterationCount=3, LaunchCount=1, WarmupCount=3) [Sessions=1000]
//   FrameworkSetupBenchmarks.SelfTraffic_RegisterRelease: ShortRun(IterationCount=3, LaunchCount=1, WarmupCount=3) [Sessions=1000]

// **************************
// Benchmark: FrameworkSetupBenchmarks.RealTransport_CreateDisposeAsync: ShortRun(IterationCount=3, LaunchCount=1, WarmupCount=3) [Sessions=1]
// *** Execute ***
// Launch: 1 / 1
// Execute: dotnet WinForward.Benchmarks-ShortRun-1.dll --anonymousPipes 123 125 --benchmarkName "WinForward.Benchmarks.Perf.FrameworkSetupBenchmarks.RealTransport_CreateDisposeAsync(Sessions: 1)" --job ShortRun --benchmarkId 0 in /home/paff/Projects/WinForward/benchmarks/WinForward.Benchmarks/bin/Release/net10.0/WinForward.Benchmarks-ShortRun-1/bin/Release/net10.0
// Failed to set up high priority (Permission denied). In order to run benchmarks with high priority, make sure you have the right permissions.
// BeforeAnythingElse

// Benchmark Process Environment Information:
// BenchmarkDotNet v0.15.8
// Runtime=.NET 10.0.12 (10.0.12, 10.0.1226.42308), X64 RyuJIT x86-64-v4
// GC=Concurrent Workstation
// HardwareIntrinsics=AVX512 BITALG+VBMI2+VNNI+VPOPCNTDQ,AVX512 IFMA+VBMI,AVX512 F+BW+CD+DQ+VL,AVX2+BMI1+BMI2+F16C+FMA+LZCNT+MOVBE,AVX,SSE3+SSSE3+SSE4.1+SSE4.2+POPCNT,X86Base+SSE+SSE2,AES+PCLMUL,AvxVnni VectorSize=256
// Job: ShortRun(IterationCount=3, LaunchCount=1, WarmupCount=3)

OverheadJitting  1: 1 op, 410223.00 ns, 410.2230 us/op
WorkloadJitting  1: 1 op, 59030986.00 ns, 59.0310 ms/op

WorkloadPilot    1: 2 op, 3398614.00 ns, 1.6993 ms/op
WorkloadPilot    2: 3 op, 3757982.00 ns, 1.2527 ms/op
WorkloadPilot    3: 4 op, 4549505.00 ns, 1.1374 ms/op
WorkloadPilot    4: 5 op, 5310348.00 ns, 1.0621 ms/op
WorkloadPilot    5: 6 op, 7858525.00 ns, 1.3098 ms/op
WorkloadPilot    6: 7 op, 7939305.00 ns, 1.1342 ms/op
WorkloadPilot    7: 8 op, 9438546.00 ns, 1.1798 ms/op
WorkloadPilot    8: 9 op, 10620873.00 ns, 1.1801 ms/op
WorkloadPilot    9: 10 op, 11204663.00 ns, 1.1205 ms/op
WorkloadPilot   10: 11 op, 12686706.00 ns, 1.1533 ms/op
WorkloadPilot   11: 12 op, 12534316.00 ns, 1.0445 ms/op
WorkloadPilot   12: 13 op, 15260676.00 ns, 1.1739 ms/op
WorkloadPilot   13: 14 op, 19840856.00 ns, 1.4172 ms/op
WorkloadPilot   14: 15 op, 17127205.00 ns, 1.1418 ms/op
WorkloadPilot   15: 16 op, 18826045.00 ns, 1.1766 ms/op
WorkloadPilot   16: 32 op, 34904131.00 ns, 1.0908 ms/op
WorkloadPilot   17: 64 op, 69335580.00 ns, 1.0834 ms/op
WorkloadPilot   18: 128 op, 140153320.00 ns, 1.0949 ms/op
WorkloadPilot   19: 256 op, 266832481.00 ns, 1.0423 ms/op
WorkloadPilot   20: 512 op, 521823349.00 ns, 1.0192 ms/op

WorkloadWarmup   1: 512 op, 512090940.00 ns, 1.0002 ms/op
WorkloadWarmup   2: 512 op, 478982142.00 ns, 935.5120 us/op
WorkloadWarmup   3: 512 op, 462865493.00 ns, 904.0342 us/op

// BeforeActualRun
WorkloadActual   1: 512 op, 465289661.00 ns, 908.7689 us/op
WorkloadActual   2: 512 op, 466935913.00 ns, 911.9842 us/op
WorkloadActual   3: 512 op, 469607915.00 ns, 917.2030 us/op

// AfterActualRun
WorkloadResult   1: 512 op, 465289661.00 ns, 908.7689 us/op
WorkloadResult   2: 512 op, 466935913.00 ns, 911.9842 us/op
WorkloadResult   3: 512 op, 469607915.00 ns, 917.2030 us/op
// GC:  2 1 0 42839440 512
// Threading:  4201 0 512
// Exceptions:  3

// AfterAll
// Benchmark Process 341521 has exited with code 0.

Mean = 912.652 us, StdErr = 2.458 us (0.27%), N = 3, StdDev = 4.257 us
Min = 908.769 us, Q1 = 910.377 us, Median = 911.984 us, Q3 = 914.594 us, Max = 917.203 us
IQR = 4.217 us, LowerFence = 904.051 us, UpperFence = 920.919 us
ConfidenceInterval = [834.997 us; 990.307 us] (CI 99.9%), Margin = 77.655 us (8.51% of Mean)
Skewness = 0.15, Kurtosis = 0.67, MValue = 2

// ** Remained 44 (97.8%) benchmark(s) to run. Estimated finish 2026-09-22 0:22 (0h 3m from now) **
// **************************
// Benchmark: FrameworkSetupBenchmarks.Control_ConnectDisposeAsync: ShortRun(IterationCount=3, LaunchCount=1, WarmupCount=3) [Sessions=1]
// *** Execute ***
// Launch: 1 / 1
// Execute: dotnet WinForward.Benchmarks-ShortRun-1.dll --anonymousPipes 123 125 --benchmarkName "WinForward.Benchmarks.Perf.FrameworkSetupBenchmarks.Control_ConnectDisposeAsync(Sessions: 1)" --job ShortRun --benchmarkId 1 in /home/paff/Projects/WinForward/benchmarks/WinForward.Benchmarks/bin/Release/net10.0/WinForward.Benchmarks-ShortRun-1/bin/Release/net10.0
// Failed to set up high priority (Permission denied). In order to run benchmarks with high priority, make sure you have the right permissions.
// BeforeAnythingElse

// Benchmark Process Environment Information:
// BenchmarkDotNet v0.15.8
// Runtime=.NET 10.0.12 (10.0.12, 10.0.1226.42308), X64 RyuJIT x86-64-v4
// GC=Concurrent Workstation
// HardwareIntrinsics=AVX512 BITALG+VBMI2+VNNI+VPOPCNTDQ,AVX512 IFMA+VBMI,AVX512 F+BW+CD+DQ+VL,AVX2+BMI1+BMI2+F16C+FMA+LZCNT+MOVBE,AVX,SSE3+SSSE3+SSE4.1+SSE4.2+POPCNT,X86Base+SSE+SSE2,AES+PCLMUL,AvxVnni VectorSize=256
// Job: ShortRun(IterationCount=3, LaunchCount=1, WarmupCount=3)

OverheadJitting  1: 1 op, 252465.00 ns, 252.4650 us/op
WorkloadJitting  1: 1 op, 39893462.00 ns, 39.8935 ms/op

WorkloadPilot    1: 2 op, 2048238.00 ns, 1.0241 ms/op
WorkloadPilot    2: 3 op, 2040765.00 ns, 680.2550 us/op
WorkloadPilot    3: 4 op, 2871831.00 ns, 717.9578 us/op
WorkloadPilot    4: 5 op, 3695433.00 ns, 739.0866 us/op
WorkloadPilot    5: 6 op, 4672965.00 ns, 778.8275 us/op
WorkloadPilot    6: 7 op, 5694410.00 ns, 813.4871 us/op
WorkloadPilot    7: 8 op, 5842829.00 ns, 730.3536 us/op
WorkloadPilot    8: 9 op, 7014428.00 ns, 779.3809 us/op
WorkloadPilot    9: 10 op, 7834161.00 ns, 783.4161 us/op
WorkloadPilot   10: 11 op, 8592809.00 ns, 781.1645 us/op
WorkloadPilot   11: 12 op, 9094196.00 ns, 757.8497 us/op
WorkloadPilot   12: 13 op, 9742408.00 ns, 749.4160 us/op
WorkloadPilot   13: 14 op, 10708444.00 ns, 764.8889 us/op
WorkloadPilot   14: 15 op, 11427263.00 ns, 761.8175 us/op
WorkloadPilot   15: 16 op, 12328260.00 ns, 770.5163 us/op
WorkloadPilot   16: 32 op, 22941900.00 ns, 716.9344 us/op
WorkloadPilot   17: 64 op, 51889337.00 ns, 810.7709 us/op
WorkloadPilot   18: 128 op, 98664035.00 ns, 770.8128 us/op
WorkloadPilot   19: 256 op, 190002989.00 ns, 742.1992 us/op
WorkloadPilot   20: 512 op, 376290488.00 ns, 734.9424 us/op
WorkloadPilot   21: 1024 op, 740937490.00 ns, 723.5718 us/op

WorkloadWarmup   1: 1024 op, 2190364797.00 ns, 2.1390 ms/op
WorkloadWarmup   2: 1024 op, 2419195891.00 ns, 2.3625 ms/op
WorkloadWarmup   3: 1024 op, 2421484883.00 ns, 2.3647 ms/op

// BeforeActualRun
WorkloadActual   1: 1024 op, 2451240010.00 ns, 2.3938 ms/op
WorkloadActual   2: 1024 op, 2438421666.00 ns, 2.3813 ms/op
WorkloadActual   3: 1024 op, 2432313636.00 ns, 2.3753 ms/op

// AfterActualRun
WorkloadResult   1: 1024 op, 2451240010.00 ns, 2.3938 ms/op
WorkloadResult   2: 1024 op, 2438421666.00 ns, 2.3813 ms/op
WorkloadResult   3: 1024 op, 2432313636.00 ns, 2.3753 ms/op
// GC:  4 3 0 79516712 1024
// Threading:  6379 2 1024
// Exceptions:  7

// AfterAll
// Benchmark Process 341590 has exited with code 0.

Mean = 2.383 ms, StdErr = 0.005 ms (0.23%), N = 3, StdDev = 0.009 ms
Min = 2.375 ms, Q1 = 2.378 ms, Median = 2.381 ms, Q3 = 2.388 ms, Max = 2.394 ms
IQR = 0.009 ms, LowerFence = 2.364 ms, UpperFence = 2.401 ms
ConfidenceInterval = [2.211 ms; 2.556 ms] (CI 99.9%), Margin = 0.172 ms (7.22% of Mean)
Skewness = 0.22, Kurtosis = 0.67, MValue = 2

// ** Remained 43 (95.6%) benchmark(s) to run. Estimated finish 2026-09-22 0:27 (0h 8m from now) **
// **************************
// Benchmark: FrameworkSetupBenchmarks.Control_ConnectAssociateDisposeAsync: ShortRun(IterationCount=3, LaunchCount=1, WarmupCount=3) [Sessions=1]
// *** Execute ***
// Launch: 1 / 1
// Execute: dotnet WinForward.Benchmarks-ShortRun-1.dll --anonymousPipes 123 125 --benchmarkName "WinForward.Benchmarks.Perf.FrameworkSetupBenchmarks.Control_ConnectAssociateDisposeAsync(Sessions: 1)" --job ShortRun --benchmarkId 2 in /home/paff/Projects/WinForward/benchmarks/WinForward.Benchmarks/bin/Release/net10.0/WinForward.Benchmarks-ShortRun-1/bin/Release/net10.0
// Failed to set up high priority (Permission denied). In order to run benchmarks with high priority, make sure you have the right permissions.
// BeforeAnythingElse

// Benchmark Process Environment Information:
// BenchmarkDotNet v0.15.8
// Runtime=.NET 10.0.12 (10.0.12, 10.0.1226.42308), X64 RyuJIT x86-64-v4
// GC=Concurrent Workstation
// HardwareIntrinsics=AVX512 BITALG+VBMI2+VNNI+VPOPCNTDQ,AVX512 IFMA+VBMI,AVX512 F+BW+CD+DQ+VL,AVX2+BMI1+BMI2+F16C+FMA+LZCNT+MOVBE,AVX,SSE3+SSSE3+SSE4.1+SSE4.2+POPCNT,X86Base+SSE+SSE2,AES+PCLMUL,AvxVnni VectorSize=256
// Job: ShortRun(IterationCount=3, LaunchCount=1, WarmupCount=3)

OverheadJitting  1: 1 op, 365238.00 ns, 365.2380 us/op
WorkloadJitting  1: 1 op, 56089701.00 ns, 56.0897 ms/op

WorkloadPilot    1: 2 op, 8909005.00 ns, 4.4545 ms/op
WorkloadPilot    2: 3 op, 10367866.00 ns, 3.4560 ms/op
WorkloadPilot    3: 4 op, 13240102.00 ns, 3.3100 ms/op
WorkloadPilot    4: 5 op, 14308056.00 ns, 2.8616 ms/op
WorkloadPilot    5: 6 op, 19910216.00 ns, 3.3184 ms/op
WorkloadPilot    6: 7 op, 22361186.00 ns, 3.1945 ms/op
WorkloadPilot    7: 8 op, 27406826.00 ns, 3.4259 ms/op
WorkloadPilot    8: 9 op, 36054529.00 ns, 4.0061 ms/op
WorkloadPilot    9: 10 op, 34665466.00 ns, 3.4665 ms/op
WorkloadPilot   10: 11 op, 39027506.00 ns, 3.5480 ms/op
WorkloadPilot   11: 12 op, 44035438.00 ns, 3.6696 ms/op
WorkloadPilot   12: 13 op, 61589936.00 ns, 4.7377 ms/op
WorkloadPilot   13: 14 op, 69849945.00 ns, 4.9893 ms/op
WorkloadPilot   14: 15 op, 65967625.00 ns, 4.3978 ms/op
WorkloadPilot   15: 16 op, 71330871.00 ns, 4.4582 ms/op
WorkloadPilot   16: 32 op, 141523247.00 ns, 4.4226 ms/op
WorkloadPilot   17: 64 op, 280633624.00 ns, 4.3849 ms/op
WorkloadPilot   18: 128 op, 569513342.00 ns, 4.4493 ms/op

WorkloadWarmup   1: 128 op, 567277920.00 ns, 4.4319 ms/op
WorkloadWarmup   2: 128 op, 544690547.00 ns, 4.2554 ms/op
WorkloadWarmup   3: 128 op, 568143069.00 ns, 4.4386 ms/op

// BeforeActualRun
WorkloadActual   1: 128 op, 561651939.00 ns, 4.3879 ms/op
WorkloadActual   2: 128 op, 566721218.00 ns, 4.4275 ms/op
WorkloadActual   3: 128 op, 549667663.00 ns, 4.2943 ms/op

// AfterActualRun
WorkloadResult   1: 128 op, 561651939.00 ns, 4.3879 ms/op
WorkloadResult   2: 128 op, 566721218.00 ns, 4.4275 ms/op
WorkloadResult   3: 128 op, 549667663.00 ns, 4.2943 ms/op
// GC:  0 0 0 10303456 128
// Threading:  1049 0 128
// Exceptions:  3

// AfterAll
// Benchmark Process 341729 has exited with code 0.

Mean = 4.370 ms, StdErr = 0.040 ms (0.90%), N = 3, StdDev = 0.068 ms
Min = 4.294 ms, Q1 = 4.341 ms, Median = 4.388 ms, Q3 = 4.408 ms, Max = 4.428 ms
IQR = 0.067 ms, LowerFence = 4.241 ms, UpperFence = 4.508 ms
ConfidenceInterval = [3.122 ms; 5.618 ms] (CI 99.9%), Margin = 1.248 ms (28.56% of Mean)
Skewness = -0.24, Kurtosis = 0.67, MValue = 2

// ** Remained 42 (93.3%) benchmark(s) to run. Estimated finish 2026-09-22 0:26 (0h 6m from now) **
// **************************
// Benchmark: FrameworkSetupBenchmarks.RelaySocket_CreateBindClose: ShortRun(IterationCount=3, LaunchCount=1, WarmupCount=3) [Sessions=1]
// *** Execute ***
// Launch: 1 / 1
// Execute: dotnet WinForward.Benchmarks-ShortRun-1.dll --anonymousPipes 123 125 --benchmarkName "WinForward.Benchmarks.Perf.FrameworkSetupBenchmarks.RelaySocket_CreateBindClose(Sessions: 1)" --job ShortRun --benchmarkId 3 in /home/paff/Projects/WinForward/benchmarks/WinForward.Benchmarks/bin/Release/net10.0/WinForward.Benchmarks-ShortRun-1/bin/Release/net10.0
// Failed to set up high priority (Permission denied). In order to run benchmarks with high priority, make sure you have the right permissions.
// BeforeAnythingElse

// Benchmark Process Environment Information:
// BenchmarkDotNet v0.15.8
// Runtime=.NET 10.0.12 (10.0.12, 10.0.1226.42308), X64 RyuJIT x86-64-v4
// GC=Concurrent Workstation
// HardwareIntrinsics=AVX512 BITALG+VBMI2+VNNI+VPOPCNTDQ,AVX512 IFMA+VBMI,AVX512 F+BW+CD+DQ+VL,AVX2+BMI1+BMI2+F16C+FMA+LZCNT+MOVBE,AVX,SSE3+SSSE3+SSE4.1+SSE4.2+POPCNT,X86Base+SSE+SSE2,AES+PCLMUL,AvxVnni VectorSize=256
// Job: ShortRun(IterationCount=3, LaunchCount=1, WarmupCount=3)

OverheadJitting  1: 1 op, 408129.00 ns, 408.1290 us/op
WorkloadJitting  1: 1 op, 4894974.00 ns, 4.8950 ms/op

OverheadJitting  2: 16 op, 426523.00 ns, 26.6577 us/op
WorkloadJitting  2: 16 op, 729534.00 ns, 45.5959 us/op

WorkloadPilot    1: 16 op, 365929.00 ns, 22.8706 us/op
WorkloadPilot    2: 32 op, 1412231.00 ns, 44.1322 us/op
WorkloadPilot    3: 64 op, 958266.00 ns, 14.9729 us/op
WorkloadPilot    4: 128 op, 2223339.00 ns, 17.3698 us/op
WorkloadPilot    5: 256 op, 3978597.00 ns, 15.5414 us/op
WorkloadPilot    6: 512 op, 7538736.00 ns, 14.7241 us/op
WorkloadPilot    7: 1024 op, 16825633.00 ns, 16.4313 us/op
WorkloadPilot    8: 2048 op, 31434042.00 ns, 15.3487 us/op
WorkloadPilot    9: 4096 op, 70287637.00 ns, 17.1601 us/op
WorkloadPilot   10: 8192 op, 119758454.00 ns, 14.6190 us/op
WorkloadPilot   11: 16384 op, 236705461.00 ns, 14.4474 us/op
WorkloadPilot   12: 32768 op, 455155154.00 ns, 13.8902 us/op
WorkloadPilot   13: 65536 op, 885728666.00 ns, 13.5151 us/op

OverheadWarmup   1: 65536 op, 190298.00 ns, 2.9037 ns/op
OverheadWarmup   2: 65536 op, 401537.00 ns, 6.1270 ns/op
OverheadWarmup   3: 65536 op, 215175.00 ns, 3.2833 ns/op
OverheadWarmup   4: 65536 op, 272293.00 ns, 4.1549 ns/op
OverheadWarmup   5: 65536 op, 185059.00 ns, 2.8238 ns/op

OverheadActual   1: 65536 op, 265881.00 ns, 4.0570 ns/op
OverheadActual   2: 65536 op, 213793.00 ns, 3.2622 ns/op
OverheadActual   3: 65536 op, 184598.00 ns, 2.8167 ns/op
OverheadActual   4: 65536 op, 184718.00 ns, 2.8186 ns/op
OverheadActual   5: 65536 op, 185019.00 ns, 2.8232 ns/op
OverheadActual   6: 65536 op, 187884.00 ns, 2.8669 ns/op
OverheadActual   7: 65536 op, 187924.00 ns, 2.8675 ns/op
OverheadActual   8: 65536 op, 228250.00 ns, 3.4828 ns/op
OverheadActual   9: 65536 op, 184428.00 ns, 2.8141 ns/op
OverheadActual  10: 65536 op, 185820.00 ns, 2.8354 ns/op
OverheadActual  11: 65536 op, 188055.00 ns, 2.8695 ns/op
OverheadActual  12: 65536 op, 208343.00 ns, 3.1791 ns/op
OverheadActual  13: 65536 op, 257275.00 ns, 3.9257 ns/op
OverheadActual  14: 65536 op, 187162.00 ns, 2.8559 ns/op
OverheadActual  15: 65536 op, 212090.00 ns, 3.2362 ns/op
OverheadActual  16: 65536 op, 186511.00 ns, 2.8459 ns/op
OverheadActual  17: 65536 op, 212170.00 ns, 3.2375 ns/op
OverheadActual  18: 65536 op, 219974.00 ns, 3.3565 ns/op
OverheadActual  19: 65536 op, 227710.00 ns, 3.4746 ns/op
OverheadActual  20: 65536 op, 184537.00 ns, 2.8158 ns/op

WorkloadWarmup   1: 65536 op, 902336340.00 ns, 13.7686 us/op
WorkloadWarmup   2: 65536 op, 896978254.00 ns, 13.6868 us/op
WorkloadWarmup   3: 65536 op, 887489765.00 ns, 13.5420 us/op

// BeforeActualRun
WorkloadActual   1: 65536 op, 869133606.00 ns, 13.2619 us/op
WorkloadActual   2: 65536 op, 849999100.00 ns, 12.9700 us/op
WorkloadActual   3: 65536 op, 885355283.00 ns, 13.5094 us/op

// AfterActualRun
WorkloadResult   1: 65536 op, 868945616.50 ns, 13.2591 us/op
WorkloadResult   2: 65536 op, 849811110.50 ns, 12.9671 us/op
WorkloadResult   3: 65536 op, 885167293.50 ns, 13.5066 us/op
// GC:  2 0 0 37748736 65536
// Threading:  0 0 65536

// AfterAll
// Benchmark Process 341803 has exited with code 0.

Mean = 13.244 us, StdErr = 0.156 us (1.18%), N = 3, StdDev = 0.270 us
Min = 12.967 us, Q1 = 13.113 us, Median = 13.259 us, Q3 = 13.383 us, Max = 13.507 us
IQR = 0.270 us, LowerFence = 12.708 us, UpperFence = 13.787 us
ConfidenceInterval = [8.318 us; 18.171 us] (CI 99.9%), Margin = 4.927 us (37.20% of Mean)
Skewness = -0.05, Kurtosis = 0.67, MValue = 2

// ** Remained 41 (91.1%) benchmark(s) to run. Estimated finish 2026-09-22 0:25 (0h 6m from now) **
// **************************
// Benchmark: FrameworkSetupBenchmarks.SelfTraffic_RegisterRelease: ShortRun(IterationCount=3, LaunchCount=1, WarmupCount=3) [Sessions=1]
// *** Execute ***
// Launch: 1 / 1
// Execute: dotnet WinForward.Benchmarks-ShortRun-1.dll --anonymousPipes 123 125 --benchmarkName "WinForward.Benchmarks.Perf.FrameworkSetupBenchmarks.SelfTraffic_RegisterRelease(Sessions: 1)" --job ShortRun --benchmarkId 4 in /home/paff/Projects/WinForward/benchmarks/WinForward.Benchmarks/bin/Release/net10.0/WinForward.Benchmarks-ShortRun-1/bin/Release/net10.0
// Failed to set up high priority (Permission denied). In order to run benchmarks with high priority, make sure you have the right permissions.
// BeforeAnythingElse

// Benchmark Process Environment Information:
// BenchmarkDotNet v0.15.8
// Runtime=.NET 10.0.12 (10.0.12, 10.0.1226.42308), X64 RyuJIT x86-64-v4
// GC=Concurrent Workstation
// HardwareIntrinsics=AVX512 BITALG+VBMI2+VNNI+VPOPCNTDQ,AVX512 IFMA+VBMI,AVX512 F+BW+CD+DQ+VL,AVX2+BMI1+BMI2+F16C+FMA+LZCNT+MOVBE,AVX,SSE3+SSSE3+SSE4.1+SSE4.2+POPCNT,X86Base+SSE+SSE2,AES+PCLMUL,AvxVnni VectorSize=256
// Job: ShortRun(IterationCount=3, LaunchCount=1, WarmupCount=3)

OverheadJitting  1: 1 op, 450168.00 ns, 450.1680 us/op
WorkloadJitting  1: 1 op, 9699317.00 ns, 9.6993 ms/op

OverheadJitting  2: 16 op, 414200.00 ns, 25.8875 us/op
WorkloadJitting  2: 16 op, 493650.00 ns, 30.8531 us/op

WorkloadPilot    1: 16 op, 51577.00 ns, 3.2236 us/op
WorkloadPilot    2: 32 op, 103946.00 ns, 3.2483 us/op
WorkloadPilot    3: 64 op, 212701.00 ns, 3.3235 us/op
WorkloadPilot    4: 128 op, 351823.00 ns, 2.7486 us/op
WorkloadPilot    5: 256 op, 754401.00 ns, 2.9469 us/op
WorkloadPilot    6: 512 op, 1479257.00 ns, 2.8892 us/op
WorkloadPilot    7: 1024 op, 2895697.00 ns, 2.8278 us/op
WorkloadPilot    8: 2048 op, 5714208.00 ns, 2.7901 us/op
WorkloadPilot    9: 4096 op, 11153537.00 ns, 2.7230 us/op
WorkloadPilot   10: 8192 op, 24282637.00 ns, 2.9642 us/op
WorkloadPilot   11: 16384 op, 45172730.00 ns, 2.7571 us/op
WorkloadPilot   12: 32768 op, 96265676.00 ns, 2.9378 us/op
WorkloadPilot   13: 65536 op, 64011212.00 ns, 976.7336 ns/op
WorkloadPilot   14: 131072 op, 58030258.00 ns, 442.7357 ns/op
WorkloadPilot   15: 262144 op, 101376287.00 ns, 386.7198 ns/op
WorkloadPilot   16: 524288 op, 195674736.00 ns, 373.2199 ns/op
WorkloadPilot   17: 1048576 op, 396786427.00 ns, 378.4050 ns/op
WorkloadPilot   18: 2097152 op, 758798878.00 ns, 361.8235 ns/op

OverheadWarmup   1: 2097152 op, 6866178.00 ns, 3.2740 ns/op
OverheadWarmup   2: 2097152 op, 6512491.00 ns, 3.1054 ns/op
OverheadWarmup   3: 2097152 op, 6186608.00 ns, 2.9500 ns/op
OverheadWarmup   4: 2097152 op, 6387706.00 ns, 3.0459 ns/op
OverheadWarmup   5: 2097152 op, 6355766.00 ns, 3.0307 ns/op
OverheadWarmup   6: 2097152 op, 6357549.00 ns, 3.0315 ns/op
OverheadWarmup   7: 2097152 op, 6208259.00 ns, 2.9603 ns/op

OverheadActual   1: 2097152 op, 6472978.00 ns, 3.0866 ns/op
OverheadActual   2: 2097152 op, 6394880.00 ns, 3.0493 ns/op
OverheadActual   3: 2097152 op, 6630995.00 ns, 3.1619 ns/op
OverheadActual   4: 2097152 op, 6364893.00 ns, 3.0350 ns/op
OverheadActual   5: 2097152 op, 6630985.00 ns, 3.1619 ns/op
OverheadActual   6: 2097152 op, 6241961.00 ns, 2.9764 ns/op
OverheadActual   7: 2097152 op, 6538140.00 ns, 3.1176 ns/op
OverheadActual   8: 2097152 op, 6530806.00 ns, 3.1141 ns/op
OverheadActual   9: 2097152 op, 6211435.00 ns, 2.9618 ns/op
OverheadActual  10: 2097152 op, 6277379.00 ns, 2.9933 ns/op
OverheadActual  11: 2097152 op, 6539894.00 ns, 3.1185 ns/op
OverheadActual  12: 2097152 op, 6307575.00 ns, 3.0077 ns/op
OverheadActual  13: 2097152 op, 6570311.00 ns, 3.1330 ns/op
OverheadActual  14: 2097152 op, 6433464.00 ns, 3.0677 ns/op
OverheadActual  15: 2097152 op, 6568277.00 ns, 3.1320 ns/op

WorkloadWarmup   1: 2097152 op, 770120342.00 ns, 367.2220 ns/op
WorkloadWarmup   2: 2097152 op, 767365821.00 ns, 365.9085 ns/op
WorkloadWarmup   3: 2097152 op, 770147994.00 ns, 367.2352 ns/op

// BeforeActualRun
WorkloadActual   1: 2097152 op, 767198045.00 ns, 365.8285 ns/op
WorkloadActual   2: 2097152 op, 763372335.00 ns, 364.0043 ns/op
WorkloadActual   3: 2097152 op, 763816643.00 ns, 364.2162 ns/op

// AfterActualRun
WorkloadResult   1: 2097152 op, 760725067.00 ns, 362.7420 ns/op
WorkloadResult   2: 2097152 op, 756899357.00 ns, 360.9177 ns/op
WorkloadResult   3: 2097152 op, 757343665.00 ns, 361.1296 ns/op
// GC:  20 0 0 335544320 2097152
// Threading:  0 0 2097152

// AfterAll
// Benchmark Process 341878 has exited with code 0.

Mean = 361.596 ns, StdErr = 0.576 ns (0.16%), N = 3, StdDev = 0.998 ns
Min = 360.918 ns, Q1 = 361.024 ns, Median = 361.130 ns, Q3 = 361.936 ns, Max = 362.742 ns
IQR = 0.912 ns, LowerFence = 359.655 ns, UpperFence = 363.304 ns
ConfidenceInterval = [343.395 ns; 379.798 ns] (CI 99.9%), Margin = 18.202 ns (5.03% of Mean)
Skewness = 0.37, Kurtosis = 0.67, MValue = 2

// ** Remained 40 (88.9%) benchmark(s) to run. Estimated finish 2026-09-22 0:25 (0h 6m from now) **
// **************************
// Benchmark: FrameworkSetupBenchmarks.RealTransport_CreateDisposeAsync: ShortRun(IterationCount=3, LaunchCount=1, WarmupCount=3) [Sessions=100]
// *** Execute ***
// Launch: 1 / 1
// Execute: dotnet WinForward.Benchmarks-ShortRun-1.dll --anonymousPipes 123 125 --benchmarkName "WinForward.Benchmarks.Perf.FrameworkSetupBenchmarks.RealTransport_CreateDisposeAsync(Sessions: 100)" --job ShortRun --benchmarkId 5 in /home/paff/Projects/WinForward/benchmarks/WinForward.Benchmarks/bin/Release/net10.0/WinForward.Benchmarks-ShortRun-1/bin/Release/net10.0
// Failed to set up high priority (Permission denied). In order to run benchmarks with high priority, make sure you have the right permissions.
// BeforeAnythingElse

// Benchmark Process Environment Information:
// BenchmarkDotNet v0.15.8
// Runtime=.NET 10.0.12 (10.0.12, 10.0.1226.42308), X64 RyuJIT x86-64-v4
// GC=Concurrent Workstation
// HardwareIntrinsics=AVX512 BITALG+VBMI2+VNNI+VPOPCNTDQ,AVX512 IFMA+VBMI,AVX512 F+BW+CD+DQ+VL,AVX2+BMI1+BMI2+F16C+FMA+LZCNT+MOVBE,AVX,SSE3+SSSE3+SSE4.1+SSE4.2+POPCNT,X86Base+SSE+SSE2,AES+PCLMUL,AvxVnni VectorSize=256
// Job: ShortRun(IterationCount=3, LaunchCount=1, WarmupCount=3)

OverheadJitting  1: 1 op, 385126.00 ns, 385.1260 us/op
WorkloadJitting  1: 1 op, 486862560.00 ns, 486.8626 ms/op

OverheadJitting  2: 1 op, 951.00 ns, 951.0000 ns/op
WorkloadJitting  2: 1 op, 419531726.00 ns, 419.5317 ms/op

WorkloadWarmup   1: 1 op, 404904933.00 ns, 404.9049 ms/op
WorkloadWarmup   2: 1 op, 408510617.00 ns, 408.5106 ms/op
WorkloadWarmup   3: 1 op, 410828615.00 ns, 410.8286 ms/op

// BeforeActualRun
WorkloadActual   1: 1 op, 414900479.00 ns, 414.9005 ms/op
WorkloadActual   2: 1 op, 405008710.00 ns, 405.0087 ms/op
WorkloadActual   3: 1 op, 401822347.00 ns, 401.8223 ms/op

// AfterActualRun
WorkloadResult   1: 1 op, 414900479.00 ns, 414.9005 ms/op
WorkloadResult   2: 1 op, 405008710.00 ns, 405.0087 ms/op
WorkloadResult   3: 1 op, 401822347.00 ns, 401.8223 ms/op
// GC:  0 0 0 8342568 1
// Threading:  840 0 1
// Exceptions:  300

// AfterAll
// Benchmark Process 341921 has exited with code 0.

Mean = 407.244 ms, StdErr = 3.937 ms (0.97%), N = 3, StdDev = 6.820 ms
Min = 401.822 ms, Q1 = 403.416 ms, Median = 405.009 ms, Q3 = 409.955 ms, Max = 414.900 ms
IQR = 6.539 ms, LowerFence = 393.607 ms, UpperFence = 419.763 ms
ConfidenceInterval = [282.830 ms; 531.658 ms] (CI 99.9%), Margin = 124.414 ms (30.55% of Mean)
Skewness = 0.29, Kurtosis = 0.67, MValue = 2

// ** Remained 39 (86.7%) benchmark(s) to run. Estimated finish 2026-09-22 0:24 (0h 5m from now) **
// **************************
// Benchmark: FrameworkSetupBenchmarks.Control_ConnectDisposeAsync: ShortRun(IterationCount=3, LaunchCount=1, WarmupCount=3) [Sessions=100]
// *** Execute ***
// Launch: 1 / 1
// Execute: dotnet WinForward.Benchmarks-ShortRun-1.dll --anonymousPipes 123 125 --benchmarkName "WinForward.Benchmarks.Perf.FrameworkSetupBenchmarks.Control_ConnectDisposeAsync(Sessions: 100)" --job ShortRun --benchmarkId 6 in /home/paff/Projects/WinForward/benchmarks/WinForward.Benchmarks/bin/Release/net10.0/WinForward.Benchmarks-ShortRun-1/bin/Release/net10.0
// Failed to set up high priority (Permission denied). In order to run benchmarks with high priority, make sure you have the right permissions.
// BeforeAnythingElse

// Benchmark Process Environment Information:
// BenchmarkDotNet v0.15.8
// Runtime=.NET 10.0.12 (10.0.12, 10.0.1226.42308), X64 RyuJIT x86-64-v4
// GC=Concurrent Workstation
// HardwareIntrinsics=AVX512 BITALG+VBMI2+VNNI+VPOPCNTDQ,AVX512 IFMA+VBMI,AVX512 F+BW+CD+DQ+VL,AVX2+BMI1+BMI2+F16C+FMA+LZCNT+MOVBE,AVX,SSE3+SSSE3+SSE4.1+SSE4.2+POPCNT,X86Base+SSE+SSE2,AES+PCLMUL,AvxVnni VectorSize=256
// Job: ShortRun(IterationCount=3, LaunchCount=1, WarmupCount=3)

OverheadJitting  1: 1 op, 320123.00 ns, 320.1230 us/op
WorkloadJitting  1: 1 op, 438302837.00 ns, 438.3028 ms/op

OverheadJitting  2: 1 op, 991.00 ns, 991.0000 ns/op
WorkloadJitting  2: 1 op, 382069685.00 ns, 382.0697 ms/op

WorkloadWarmup   1: 1 op, 379068981.00 ns, 379.0690 ms/op
WorkloadWarmup   2: 1 op, 384756831.00 ns, 384.7568 ms/op
WorkloadWarmup   3: 1 op, 373042453.00 ns, 373.0425 ms/op

// BeforeActualRun
WorkloadActual   1: 1 op, 373855117.00 ns, 373.8551 ms/op
WorkloadActual   2: 1 op, 376892379.00 ns, 376.8924 ms/op
WorkloadActual   3: 1 op, 376158957.00 ns, 376.1590 ms/op

// AfterActualRun
WorkloadResult   1: 1 op, 373855117.00 ns, 373.8551 ms/op
WorkloadResult   2: 1 op, 376892379.00 ns, 376.8924 ms/op
WorkloadResult   3: 1 op, 376158957.00 ns, 376.1590 ms/op
// GC:  0 0 0 7741592 1
// Threading:  614 0 1
// Exceptions:  700

// AfterAll
// Benchmark Process 341981 has exited with code 0.

Mean = 375.635 ms, StdErr = 0.915 ms (0.24%), N = 3, StdDev = 1.585 ms
Min = 373.855 ms, Q1 = 375.007 ms, Median = 376.159 ms, Q3 = 376.526 ms, Max = 376.892 ms
IQR = 1.519 ms, LowerFence = 372.729 ms, UpperFence = 378.804 ms
ConfidenceInterval = [346.722 ms; 404.549 ms] (CI 99.9%), Margin = 28.914 ms (7.70% of Mean)
Skewness = -0.29, Kurtosis = 0.67, MValue = 2

// ** Remained 38 (84.4%) benchmark(s) to run. Estimated finish 2026-09-22 0:24 (0h 4m from now) **
// **************************
// Benchmark: FrameworkSetupBenchmarks.Control_ConnectAssociateDisposeAsync: ShortRun(IterationCount=3, LaunchCount=1, WarmupCount=3) [Sessions=100]
// *** Execute ***
// Launch: 1 / 1
// Execute: dotnet WinForward.Benchmarks-ShortRun-1.dll --anonymousPipes 123 125 --benchmarkName "WinForward.Benchmarks.Perf.FrameworkSetupBenchmarks.Control_ConnectAssociateDisposeAsync(Sessions: 100)" --job ShortRun --benchmarkId 7 in /home/paff/Projects/WinForward/benchmarks/WinForward.Benchmarks/bin/Release/net10.0/WinForward.Benchmarks-ShortRun-1/bin/Release/net10.0
// Failed to set up high priority (Permission denied). In order to run benchmarks with high priority, make sure you have the right permissions.
// BeforeAnythingElse

// Benchmark Process Environment Information:
// BenchmarkDotNet v0.15.8
// Runtime=.NET 10.0.12 (10.0.12, 10.0.1226.42308), X64 RyuJIT x86-64-v4
// GC=Concurrent Workstation
// HardwareIntrinsics=AVX512 BITALG+VBMI2+VNNI+VPOPCNTDQ,AVX512 IFMA+VBMI,AVX512 F+BW+CD+DQ+VL,AVX2+BMI1+BMI2+F16C+FMA+LZCNT+MOVBE,AVX,SSE3+SSSE3+SSE4.1+SSE4.2+POPCNT,X86Base+SSE+SSE2,AES+PCLMUL,AvxVnni VectorSize=256
// Job: ShortRun(IterationCount=3, LaunchCount=1, WarmupCount=3)

OverheadJitting  1: 1 op, 662729.00 ns, 662.7290 us/op
WorkloadJitting  1: 1 op, 471000739.00 ns, 471.0007 ms/op

OverheadJitting  2: 1 op, 701.00 ns, 701.0000 ns/op
WorkloadJitting  2: 1 op, 414850901.00 ns, 414.8509 ms/op

WorkloadWarmup   1: 1 op, 399777928.00 ns, 399.7779 ms/op
WorkloadWarmup   2: 1 op, 395004178.00 ns, 395.0042 ms/op
WorkloadWarmup   3: 1 op, 405980461.00 ns, 405.9805 ms/op

// BeforeActualRun
WorkloadActual   1: 1 op, 395397858.00 ns, 395.3979 ms/op
WorkloadActual   2: 1 op, 397405103.00 ns, 397.4051 ms/op
WorkloadActual   3: 1 op, 397704646.00 ns, 397.7046 ms/op

// AfterActualRun
WorkloadResult   1: 1 op, 395397858.00 ns, 395.3979 ms/op
WorkloadResult   2: 1 op, 397405103.00 ns, 397.4051 ms/op
WorkloadResult   3: 1 op, 397704646.00 ns, 397.7046 ms/op
// GC:  0 0 0 8023832 1
// Threading:  828 0 1
// Exceptions:  300

// AfterAll
// Benchmark Process 342031 has exited with code 0.

Mean = 396.836 ms, StdErr = 0.724 ms (0.18%), N = 3, StdDev = 1.254 ms
Min = 395.398 ms, Q1 = 396.401 ms, Median = 397.405 ms, Q3 = 397.555 ms, Max = 397.705 ms
IQR = 1.153 ms, LowerFence = 394.671 ms, UpperFence = 399.285 ms
ConfidenceInterval = [373.952 ms; 419.719 ms] (CI 99.9%), Margin = 22.884 ms (5.77% of Mean)
Skewness = -0.36, Kurtosis = 0.67, MValue = 2

// ** Remained 37 (82.2%) benchmark(s) to run. Estimated finish 2026-09-22 0:24 (0h 4m from now) **
// **************************
// Benchmark: FrameworkSetupBenchmarks.RelaySocket_CreateBindClose: ShortRun(IterationCount=3, LaunchCount=1, WarmupCount=3) [Sessions=100]
// *** Execute ***
// Launch: 1 / 1
// Execute: dotnet WinForward.Benchmarks-ShortRun-1.dll --anonymousPipes 123 125 --benchmarkName "WinForward.Benchmarks.Perf.FrameworkSetupBenchmarks.RelaySocket_CreateBindClose(Sessions: 100)" --job ShortRun --benchmarkId 8 in /home/paff/Projects/WinForward/benchmarks/WinForward.Benchmarks/bin/Release/net10.0/WinForward.Benchmarks-ShortRun-1/bin/Release/net10.0
// Failed to set up high priority (Permission denied). In order to run benchmarks with high priority, make sure you have the right permissions.
// BeforeAnythingElse

// Benchmark Process Environment Information:
// BenchmarkDotNet v0.15.8
// Runtime=.NET 10.0.12 (10.0.12, 10.0.1226.42308), X64 RyuJIT x86-64-v4
// GC=Concurrent Workstation
// HardwareIntrinsics=AVX512 BITALG+VBMI2+VNNI+VPOPCNTDQ,AVX512 IFMA+VBMI,AVX512 F+BW+CD+DQ+VL,AVX2+BMI1+BMI2+F16C+FMA+LZCNT+MOVBE,AVX,SSE3+SSSE3+SSE4.1+SSE4.2+POPCNT,X86Base+SSE+SSE2,AES+PCLMUL,AvxVnni VectorSize=256
// Job: ShortRun(IterationCount=3, LaunchCount=1, WarmupCount=3)

OverheadJitting  1: 1 op, 296048.00 ns, 296.0480 us/op
WorkloadJitting  1: 1 op, 6114382.00 ns, 6.1144 ms/op

OverheadJitting  2: 16 op, 421605.00 ns, 26.3503 us/op
WorkloadJitting  2: 16 op, 23820025.00 ns, 1.4888 ms/op

WorkloadPilot    1: 16 op, 22797277.00 ns, 1.4248 ms/op
WorkloadPilot    2: 32 op, 47589684.00 ns, 1.4872 ms/op
WorkloadPilot    3: 64 op, 96605296.00 ns, 1.5095 ms/op
WorkloadPilot    4: 128 op, 185919294.00 ns, 1.4525 ms/op
WorkloadPilot    5: 256 op, 347486018.00 ns, 1.3574 ms/op
WorkloadPilot    6: 512 op, 677403364.00 ns, 1.3231 ms/op

OverheadWarmup   1: 512 op, 5741.00 ns, 11.2129 ns/op
OverheadWarmup   2: 512 op, 3637.00 ns, 7.1035 ns/op
OverheadWarmup   3: 512 op, 2625.00 ns, 5.1270 ns/op
OverheadWarmup   4: 512 op, 2405.00 ns, 4.6973 ns/op
OverheadWarmup   5: 512 op, 2445.00 ns, 4.7754 ns/op
OverheadWarmup   6: 512 op, 2424.00 ns, 4.7344 ns/op
OverheadWarmup   7: 512 op, 2415.00 ns, 4.7168 ns/op
OverheadWarmup   8: 512 op, 2435.00 ns, 4.7559 ns/op
OverheadWarmup   9: 512 op, 2796.00 ns, 5.4609 ns/op
OverheadWarmup  10: 512 op, 2234.00 ns, 4.3633 ns/op

OverheadActual   1: 512 op, 2475.00 ns, 4.8340 ns/op
OverheadActual   2: 512 op, 2385.00 ns, 4.6582 ns/op
OverheadActual   3: 512 op, 2345.00 ns, 4.5801 ns/op
OverheadActual   4: 512 op, 2375.00 ns, 4.6387 ns/op
OverheadActual   5: 512 op, 2384.00 ns, 4.6563 ns/op
OverheadActual   6: 512 op, 2424.00 ns, 4.7344 ns/op
OverheadActual   7: 512 op, 2114.00 ns, 4.1289 ns/op
OverheadActual   8: 512 op, 2394.00 ns, 4.6758 ns/op
OverheadActual   9: 512 op, 2415.00 ns, 4.7168 ns/op
OverheadActual  10: 512 op, 2214.00 ns, 4.3242 ns/op
OverheadActual  11: 512 op, 2424.00 ns, 4.7344 ns/op
OverheadActual  12: 512 op, 2455.00 ns, 4.7949 ns/op
OverheadActual  13: 512 op, 2244.00 ns, 4.3828 ns/op
OverheadActual  14: 512 op, 2124.00 ns, 4.1484 ns/op
OverheadActual  15: 512 op, 2404.00 ns, 4.6953 ns/op
OverheadActual  16: 512 op, 2124.00 ns, 4.1484 ns/op
OverheadActual  17: 512 op, 2104.00 ns, 4.1094 ns/op
OverheadActual  18: 512 op, 2114.00 ns, 4.1289 ns/op
OverheadActual  19: 512 op, 2395.00 ns, 4.6777 ns/op
OverheadActual  20: 512 op, 2424.00 ns, 4.7344 ns/op

WorkloadWarmup   1: 512 op, 689037354.00 ns, 1.3458 ms/op
WorkloadWarmup   2: 512 op, 685085106.00 ns, 1.3381 ms/op
WorkloadWarmup   3: 512 op, 681520359.00 ns, 1.3311 ms/op

// BeforeActualRun
WorkloadActual   1: 512 op, 684851196.00 ns, 1.3376 ms/op
WorkloadActual   2: 512 op, 663898905.00 ns, 1.2967 ms/op
WorkloadActual   3: 512 op, 673872277.00 ns, 1.3162 ms/op

// AfterActualRun
WorkloadResult   1: 512 op, 684848811.50 ns, 1.3376 ms/op
WorkloadResult   2: 512 op, 663896520.50 ns, 1.2967 ms/op
WorkloadResult   3: 512 op, 673869892.50 ns, 1.3162 ms/op
// GC:  1 0 0 29491200 512
// Threading:  0 0 512

// AfterAll
// Benchmark Process 342069 has exited with code 0.

Mean = 1.317 ms, StdErr = 0.012 ms (0.90%), N = 3, StdDev = 0.020 ms
Min = 1.297 ms, Q1 = 1.306 ms, Median = 1.316 ms, Q3 = 1.327 ms, Max = 1.338 ms
IQR = 0.020 ms, LowerFence = 1.276 ms, UpperFence = 1.358 ms
ConfidenceInterval = [0.943 ms; 1.690 ms] (CI 99.9%), Margin = 0.373 ms (28.36% of Mean)
Skewness = 0.03, Kurtosis = 0.67, MValue = 2

// ** Remained 36 (80.0%) benchmark(s) to run. Estimated finish 2026-09-22 0:23 (0h 4m from now) **
// **************************
// Benchmark: FrameworkSetupBenchmarks.SelfTraffic_RegisterRelease: ShortRun(IterationCount=3, LaunchCount=1, WarmupCount=3) [Sessions=100]
// *** Execute ***
// Launch: 1 / 1
// Execute: dotnet WinForward.Benchmarks-ShortRun-1.dll --anonymousPipes 123 125 --benchmarkName "WinForward.Benchmarks.Perf.FrameworkSetupBenchmarks.SelfTraffic_RegisterRelease(Sessions: 100)" --job ShortRun --benchmarkId 9 in /home/paff/Projects/WinForward/benchmarks/WinForward.Benchmarks/bin/Release/net10.0/WinForward.Benchmarks-ShortRun-1/bin/Release/net10.0
// Failed to set up high priority (Permission denied). In order to run benchmarks with high priority, make sure you have the right permissions.
// BeforeAnythingElse

// Benchmark Process Environment Information:
// BenchmarkDotNet v0.15.8
// Runtime=.NET 10.0.12 (10.0.12, 10.0.1226.42308), X64 RyuJIT x86-64-v4
// GC=Concurrent Workstation
// HardwareIntrinsics=AVX512 BITALG+VBMI2+VNNI+VPOPCNTDQ,AVX512 IFMA+VBMI,AVX512 F+BW+CD+DQ+VL,AVX2+BMI1+BMI2+F16C+FMA+LZCNT+MOVBE,AVX,SSE3+SSSE3+SSE4.1+SSE4.2+POPCNT,X86Base+SSE+SSE2,AES+PCLMUL,AvxVnni VectorSize=256
// Job: ShortRun(IterationCount=3, LaunchCount=1, WarmupCount=3)

OverheadJitting  1: 1 op, 651889.00 ns, 651.8890 us/op
WorkloadJitting  1: 1 op, 13766514.00 ns, 13.7665 ms/op

OverheadJitting  2: 16 op, 468713.00 ns, 29.2946 us/op
WorkloadJitting  2: 16 op, 5143162.00 ns, 321.4476 us/op

WorkloadPilot    1: 16 op, 5503548.00 ns, 343.9718 us/op
WorkloadPilot    2: 32 op, 8743906.00 ns, 273.2471 us/op
WorkloadPilot    3: 64 op, 20876140.00 ns, 326.1897 us/op
WorkloadPilot    4: 128 op, 34326833.00 ns, 268.1784 us/op
WorkloadPilot    5: 256 op, 68076940.00 ns, 265.9255 us/op
WorkloadPilot    6: 512 op, 98611443.00 ns, 192.6005 us/op
WorkloadPilot    7: 1024 op, 51314720.00 ns, 50.1120 us/op
WorkloadPilot    8: 2048 op, 69040186.00 ns, 33.7110 us/op
WorkloadPilot    9: 4096 op, 134909644.00 ns, 32.9369 us/op
WorkloadPilot   10: 8192 op, 269400930.00 ns, 32.8859 us/op
WorkloadPilot   11: 16384 op, 536527515.00 ns, 32.7470 us/op

OverheadWarmup   1: 16384 op, 55625.00 ns, 3.3951 ns/op
OverheadWarmup   2: 16384 op, 46798.00 ns, 2.8563 ns/op
OverheadWarmup   3: 16384 op, 46407.00 ns, 2.8325 ns/op
OverheadWarmup   4: 16384 op, 46407.00 ns, 2.8325 ns/op
OverheadWarmup   5: 16384 op, 47720.00 ns, 2.9126 ns/op
OverheadWarmup   6: 16384 op, 89879.00 ns, 5.4858 ns/op
OverheadWarmup   7: 16384 op, 46397.00 ns, 2.8318 ns/op
OverheadWarmup   8: 16384 op, 46447.00 ns, 2.8349 ns/op

OverheadActual   1: 16384 op, 48451.00 ns, 2.9572 ns/op
OverheadActual   2: 16384 op, 46397.00 ns, 2.8318 ns/op
OverheadActual   3: 16384 op, 46517.00 ns, 2.8392 ns/op
OverheadActual   4: 16384 op, 46448.00 ns, 2.8350 ns/op
OverheadActual   5: 16384 op, 50966.00 ns, 3.1107 ns/op
OverheadActual   6: 16384 op, 46126.00 ns, 2.8153 ns/op
OverheadActual   7: 16384 op, 46438.00 ns, 2.8344 ns/op
OverheadActual   8: 16384 op, 46577.00 ns, 2.8428 ns/op
OverheadActual   9: 16384 op, 48462.00 ns, 2.9579 ns/op
OverheadActual  10: 16384 op, 46137.00 ns, 2.8160 ns/op
OverheadActual  11: 16384 op, 46568.00 ns, 2.8423 ns/op
OverheadActual  12: 16384 op, 46437.00 ns, 2.8343 ns/op
OverheadActual  13: 16384 op, 48531.00 ns, 2.9621 ns/op
OverheadActual  14: 16384 op, 46117.00 ns, 2.8148 ns/op
OverheadActual  15: 16384 op, 46438.00 ns, 2.8344 ns/op

WorkloadWarmup   1: 16384 op, 552168317.00 ns, 33.7017 us/op
WorkloadWarmup   2: 16384 op, 557104679.00 ns, 34.0030 us/op
WorkloadWarmup   3: 16384 op, 552492436.00 ns, 33.7215 us/op

// BeforeActualRun
WorkloadActual   1: 16384 op, 568536410.00 ns, 34.7007 us/op
WorkloadActual   2: 16384 op, 537336720.00 ns, 32.7964 us/op
WorkloadActual   3: 16384 op, 538588328.00 ns, 32.8728 us/op

// AfterActualRun
WorkloadResult   1: 16384 op, 568489962.00 ns, 34.6979 us/op
WorkloadResult   2: 16384 op, 537290272.00 ns, 32.7936 us/op
WorkloadResult   3: 16384 op, 538541880.00 ns, 32.8700 us/op
// GC:  15 0 0 262144000 16384
// Threading:  0 0 16384

// AfterAll
// Benchmark Process 342138 has exited with code 0.

Mean = 33.454 us, StdErr = 0.622 us (1.86%), N = 3, StdDev = 1.078 us
Min = 32.794 us, Q1 = 32.832 us, Median = 32.870 us, Q3 = 33.784 us, Max = 34.698 us
IQR = 0.952 us, LowerFence = 31.404 us, UpperFence = 35.212 us
ConfidenceInterval = [13.786 us; 53.122 us] (CI 99.9%), Margin = 19.668 us (58.79% of Mean)
Skewness = 0.38, Kurtosis = 0.67, MValue = 2

// ** Remained 35 (77.8%) benchmark(s) to run. Estimated finish 2026-09-22 0:23 (0h 4m from now) **
// **************************
// Benchmark: FrameworkSetupBenchmarks.RealTransport_CreateDisposeAsync: ShortRun(IterationCount=3, LaunchCount=1, WarmupCount=3) [Sessions=1000]
// *** Execute ***
// Launch: 1 / 1
// Execute: dotnet WinForward.Benchmarks-ShortRun-1.dll --anonymousPipes 123 125 --benchmarkName "WinForward.Benchmarks.Perf.FrameworkSetupBenchmarks.RealTransport_CreateDisposeAsync(Sessions: 1000)" --job ShortRun --benchmarkId 10 in /home/paff/Projects/WinForward/benchmarks/WinForward.Benchmarks/bin/Release/net10.0/WinForward.Benchmarks-ShortRun-1/bin/Release/net10.0
// Failed to set up high priority (Permission denied). In order to run benchmarks with high priority, make sure you have the right permissions.
// BeforeAnythingElse

// Benchmark Process Environment Information:
// BenchmarkDotNet v0.15.8
// Runtime=.NET 10.0.12 (10.0.12, 10.0.1226.42308), X64 RyuJIT x86-64-v4
// GC=Concurrent Workstation
// HardwareIntrinsics=AVX512 BITALG+VBMI2+VNNI+VPOPCNTDQ,AVX512 IFMA+VBMI,AVX512 F+BW+CD+DQ+VL,AVX2+BMI1+BMI2+F16C+FMA+LZCNT+MOVBE,AVX,SSE3+SSSE3+SSE4.1+SSE4.2+POPCNT,X86Base+SSE+SSE2,AES+PCLMUL,AvxVnni VectorSize=256
// Job: ShortRun(IterationCount=3, LaunchCount=1, WarmupCount=3)

OverheadJitting  1: 1 op, 324854.00 ns, 324.8540 us/op
WorkloadJitting  1: 1 op, 1018787110.00 ns, 1.0188 s/op

OverheadJitting  2: 1 op, 851.00 ns, 851.0000 ns/op
WorkloadJitting  2: 1 op, 857302811.00 ns, 857.3028 ms/op

WorkloadWarmup   1: 1 op, 835880030.00 ns, 835.8800 ms/op
WorkloadWarmup   2: 1 op, 778371448.00 ns, 778.3714 ms/op
WorkloadWarmup   3: 1 op, 770371794.00 ns, 770.3718 ms/op

// BeforeActualRun
WorkloadActual   1: 1 op, 783328749.00 ns, 783.3287 ms/op
WorkloadActual   2: 1 op, 830297814.00 ns, 830.2978 ms/op
WorkloadActual   3: 1 op, 2485444691.00 ns, 2.4854 s/op

// AfterActualRun
WorkloadResult   1: 1 op, 783328749.00 ns, 783.3287 ms/op
WorkloadResult   2: 1 op, 830297814.00 ns, 830.2978 ms/op
WorkloadResult   3: 1 op, 2485444691.00 ns, 2.4854 s/op
// GC:  5 4 0 83440600 1
// Threading:  8458 0 1
// Exceptions:  3000

// AfterAll
// Benchmark Process 342172 has exited with code 0.

Mean = 1.366 s, StdErr = 0.560 s (40.96%), N = 3, StdDev = 0.969 s
Min = 0.783 s, Q1 = 0.807 s, Median = 0.830 s, Q3 = 1.658 s, Max = 2.485 s
IQR = 0.851 s, LowerFence = -0.470 s, UpperFence = 2.934 s
ConfidenceInterval = [-16.320 s; 19.053 s] (CI 99.9%), Margin = 17.686 s (1294.41% of Mean)
Skewness = 0.38, Kurtosis = 0.67, MValue = 2

// ** Remained 34 (75.6%) benchmark(s) to run. Estimated finish 2026-09-22 0:24 (0h 4m from now) **
// **************************
// Benchmark: FrameworkSetupBenchmarks.Control_ConnectDisposeAsync: ShortRun(IterationCount=3, LaunchCount=1, WarmupCount=3) [Sessions=1000]
// *** Execute ***
// Launch: 1 / 1
// Execute: dotnet WinForward.Benchmarks-ShortRun-1.dll --anonymousPipes 123 125 --benchmarkName "WinForward.Benchmarks.Perf.FrameworkSetupBenchmarks.Control_ConnectDisposeAsync(Sessions: 1000)" --job ShortRun --benchmarkId 11 in /home/paff/Projects/WinForward/benchmarks/WinForward.Benchmarks/bin/Release/net10.0/WinForward.Benchmarks-ShortRun-1/bin/Release/net10.0
// Failed to set up high priority (Permission denied). In order to run benchmarks with high priority, make sure you have the right permissions.
// BeforeAnythingElse

// Benchmark Process Environment Information:
// BenchmarkDotNet v0.15.8
// Runtime=.NET 10.0.12 (10.0.12, 10.0.1226.42308), X64 RyuJIT x86-64-v4
// GC=Concurrent Workstation
// HardwareIntrinsics=AVX512 BITALG+VBMI2+VNNI+VPOPCNTDQ,AVX512 IFMA+VBMI,AVX512 F+BW+CD+DQ+VL,AVX2+BMI1+BMI2+F16C+FMA+LZCNT+MOVBE,AVX,SSE3+SSSE3+SSE4.1+SSE4.2+POPCNT,X86Base+SSE+SSE2,AES+PCLMUL,AvxVnni VectorSize=256
// Job: ShortRun(IterationCount=3, LaunchCount=1, WarmupCount=3)

OverheadJitting  1: 1 op, 371700.00 ns, 371.7000 us/op
WorkloadJitting  1: 1 op, 2336674472.00 ns, 2.3367 s/op

OverheadJitting  2: 1 op, 451.00 ns, 451.0000 ns/op
WorkloadJitting  2: 1 op, 2195105009.00 ns, 2.1951 s/op

WorkloadWarmup   1: 1 op, 2189986173.00 ns, 2.1900 s/op
WorkloadWarmup   2: 1 op, 2190865719.00 ns, 2.1909 s/op
WorkloadWarmup   3: 1 op, 2242497871.00 ns, 2.2425 s/op

// BeforeActualRun
WorkloadActual   1: 1 op, 3711233179.00 ns, 3.7112 s/op
WorkloadActual   2: 1 op, 3879572836.00 ns, 3.8796 s/op
WorkloadActual   3: 1 op, 3804923054.00 ns, 3.8049 s/op

// AfterActualRun
WorkloadResult   1: 1 op, 3711233179.00 ns, 3.7112 s/op
WorkloadResult   2: 1 op, 3879572836.00 ns, 3.8796 s/op
WorkloadResult   3: 1 op, 3804923054.00 ns, 3.8049 s/op
// GC:  4 3 0 77450104 1
// Threading:  6320 0 1
// Exceptions:  7000

// AfterAll
// Benchmark Process 342291 has exited with code 0.

Mean = 3.799 s, StdErr = 0.049 s (1.28%), N = 3, StdDev = 0.084 s
Min = 3.711 s, Q1 = 3.758 s, Median = 3.805 s, Q3 = 3.842 s, Max = 3.880 s
IQR = 0.084 s, LowerFence = 3.632 s, UpperFence = 3.969 s
ConfidenceInterval = [2.260 s; 5.337 s] (CI 99.9%), Margin = 1.539 s (40.51% of Mean)
Skewness = -0.07, Kurtosis = 0.67, MValue = 2

// ** Remained 33 (73.3%) benchmark(s) to run. Estimated finish 2026-09-22 0:25 (0h 4m from now) **
// **************************
// Benchmark: FrameworkSetupBenchmarks.Control_ConnectAssociateDisposeAsync: ShortRun(IterationCount=3, LaunchCount=1, WarmupCount=3) [Sessions=1000]
// *** Execute ***
// Launch: 1 / 1
// Execute: dotnet WinForward.Benchmarks-ShortRun-1.dll --anonymousPipes 123 125 --benchmarkName "WinForward.Benchmarks.Perf.FrameworkSetupBenchmarks.Control_ConnectAssociateDisposeAsync(Sessions: 1000)" --job ShortRun --benchmarkId 12 in /home/paff/Projects/WinForward/benchmarks/WinForward.Benchmarks/bin/Release/net10.0/WinForward.Benchmarks-ShortRun-1/bin/Release/net10.0
// Failed to set up high priority (Permission denied). In order to run benchmarks with high priority, make sure you have the right permissions.
// BeforeAnythingElse

// Benchmark Process Environment Information:
// BenchmarkDotNet v0.15.8
// Runtime=.NET 10.0.12 (10.0.12, 10.0.1226.42308), X64 RyuJIT x86-64-v4
// GC=Concurrent Workstation
// HardwareIntrinsics=AVX512 BITALG+VBMI2+VNNI+VPOPCNTDQ,AVX512 IFMA+VBMI,AVX512 F+BW+CD+DQ+VL,AVX2+BMI1+BMI2+F16C+FMA+LZCNT+MOVBE,AVX,SSE3+SSSE3+SSE4.1+SSE4.2+POPCNT,X86Base+SSE+SSE2,AES+PCLMUL,AvxVnni VectorSize=256
// Job: ShortRun(IterationCount=3, LaunchCount=1, WarmupCount=3)

OverheadJitting  1: 1 op, 398360.00 ns, 398.3600 us/op
WorkloadJitting  1: 1 op, 4084679161.00 ns, 4.0847 s/op

OverheadJitting  2: 1 op, 1062.00 ns, 1.0620 us/op
WorkloadJitting  2: 1 op, 3972380993.00 ns, 3.9724 s/op

WorkloadWarmup   1: 1 op, 3991790717.00 ns, 3.9918 s/op
WorkloadWarmup   2: 1 op, 3984228567.00 ns, 3.9842 s/op
WorkloadWarmup   3: 1 op, 3986405721.00 ns, 3.9864 s/op

// BeforeActualRun
WorkloadActual   1: 1 op, 3966070600.00 ns, 3.9661 s/op
WorkloadActual   2: 1 op, 1796466347.00 ns, 1.7965 s/op
WorkloadActual   3: 1 op, 715397306.00 ns, 715.3973 ms/op

// AfterActualRun
WorkloadResult   1: 1 op, 3966070600.00 ns, 3.9661 s/op
WorkloadResult   2: 1 op, 1796466347.00 ns, 1.7965 s/op
WorkloadResult   3: 1 op, 715397306.00 ns, 715.3973 ms/op
// GC:  4 3 0 80315440 1
// Threading:  7954 0 1
// Exceptions:  3000

// AfterAll
// Benchmark Process 342497 has exited with code 0.

Mean = 2.159 s, StdErr = 0.956 s (44.26%), N = 3, StdDev = 1.655 s
Min = 0.715 s, Q1 = 1.256 s, Median = 1.796 s, Q3 = 2.881 s, Max = 3.966 s
IQR = 1.625 s, LowerFence = -1.182 s, UpperFence = 5.319 s
ConfidenceInterval = [-28.042 s; 32.361 s] (CI 99.9%), Margin = 30.201 s (1398.65% of Mean)
Skewness = 0.21, Kurtosis = 0.67, MValue = 2

// ** Remained 32 (71.1%) benchmark(s) to run. Estimated finish 2026-09-22 0:26 (0h 5m from now) **
// **************************
// Benchmark: FrameworkSetupBenchmarks.RelaySocket_CreateBindClose: ShortRun(IterationCount=3, LaunchCount=1, WarmupCount=3) [Sessions=1000]
// *** Execute ***
// Launch: 1 / 1
// Execute: dotnet WinForward.Benchmarks-ShortRun-1.dll --anonymousPipes 123 125 --benchmarkName "WinForward.Benchmarks.Perf.FrameworkSetupBenchmarks.RelaySocket_CreateBindClose(Sessions: 1000)" --job ShortRun --benchmarkId 13 in /home/paff/Projects/WinForward/benchmarks/WinForward.Benchmarks/bin/Release/net10.0/WinForward.Benchmarks-ShortRun-1/bin/Release/net10.0
// Failed to set up high priority (Permission denied). In order to run benchmarks with high priority, make sure you have the right permissions.
// BeforeAnythingElse

// Benchmark Process Environment Information:
// BenchmarkDotNet v0.15.8
// Runtime=.NET 10.0.12 (10.0.12, 10.0.1226.42308), X64 RyuJIT x86-64-v4
// GC=Concurrent Workstation
// HardwareIntrinsics=AVX512 BITALG+VBMI2+VNNI+VPOPCNTDQ,AVX512 IFMA+VBMI,AVX512 F+BW+CD+DQ+VL,AVX2+BMI1+BMI2+F16C+FMA+LZCNT+MOVBE,AVX,SSE3+SSSE3+SSE4.1+SSE4.2+POPCNT,X86Base+SSE+SSE2,AES+PCLMUL,AvxVnni VectorSize=256
// Job: ShortRun(IterationCount=3, LaunchCount=1, WarmupCount=3)

OverheadJitting  1: 1 op, 365790.00 ns, 365.7900 us/op
WorkloadJitting  1: 1 op, 19506533.00 ns, 19.5065 ms/op

OverheadJitting  2: 16 op, 833524.00 ns, 52.0953 us/op
WorkloadJitting  2: 16 op, 251338474.00 ns, 15.7087 ms/op

WorkloadPilot    1: 16 op, 215595072.00 ns, 13.4747 ms/op
WorkloadPilot    2: 32 op, 451466911.00 ns, 14.1083 ms/op
WorkloadPilot    3: 64 op, 844554238.00 ns, 13.1962 ms/op

OverheadWarmup   1: 64 op, 4469.00 ns, 69.8281 ns/op
OverheadWarmup   2: 64 op, 1072.00 ns, 16.7500 ns/op
OverheadWarmup   3: 64 op, 1272.00 ns, 19.8750 ns/op
OverheadWarmup   4: 64 op, 1333.00 ns, 20.8281 ns/op
OverheadWarmup   5: 64 op, 2485.00 ns, 38.8281 ns/op
OverheadWarmup   6: 64 op, 1303.00 ns, 20.3594 ns/op
OverheadWarmup   7: 64 op, 1062.00 ns, 16.5938 ns/op
OverheadWarmup   8: 64 op, 1262.00 ns, 19.7188 ns/op
OverheadWarmup   9: 64 op, 1263.00 ns, 19.7344 ns/op
OverheadWarmup  10: 64 op, 1032.00 ns, 16.1250 ns/op

OverheadActual   1: 64 op, 1142.00 ns, 17.8438 ns/op
OverheadActual   2: 64 op, 1142.00 ns, 17.8438 ns/op
OverheadActual   3: 64 op, 1192.00 ns, 18.6250 ns/op
OverheadActual   4: 64 op, 1122.00 ns, 17.5313 ns/op
OverheadActual   5: 64 op, 1152.00 ns, 18.0000 ns/op
OverheadActual   6: 64 op, 851.00 ns, 13.2969 ns/op
OverheadActual   7: 64 op, 1193.00 ns, 18.6406 ns/op
OverheadActual   8: 64 op, 1193.00 ns, 18.6406 ns/op
OverheadActual   9: 64 op, 1202.00 ns, 18.7813 ns/op
OverheadActual  10: 64 op, 872.00 ns, 13.6250 ns/op
OverheadActual  11: 64 op, 852.00 ns, 13.3125 ns/op
OverheadActual  12: 64 op, 851.00 ns, 13.2969 ns/op
OverheadActual  13: 64 op, 852.00 ns, 13.3125 ns/op
OverheadActual  14: 64 op, 851.00 ns, 13.2969 ns/op
OverheadActual  15: 64 op, 871.00 ns, 13.6094 ns/op
OverheadActual  16: 64 op, 1143.00 ns, 17.8594 ns/op
OverheadActual  17: 64 op, 1192.00 ns, 18.6250 ns/op
OverheadActual  18: 64 op, 1132.00 ns, 17.6875 ns/op
OverheadActual  19: 64 op, 862.00 ns, 13.4688 ns/op
OverheadActual  20: 64 op, 842.00 ns, 13.1563 ns/op

WorkloadWarmup   1: 64 op, 858597116.00 ns, 13.4156 ms/op
WorkloadWarmup   2: 64 op, 860225175.00 ns, 13.4410 ms/op
WorkloadWarmup   3: 64 op, 837858210.00 ns, 13.0915 ms/op

// BeforeActualRun
WorkloadActual   1: 64 op, 846623624.00 ns, 13.2285 ms/op
WorkloadActual   2: 64 op, 833824178.00 ns, 13.0285 ms/op
WorkloadActual   3: 64 op, 829438772.00 ns, 12.9600 ms/op

// AfterActualRun
WorkloadResult   1: 64 op, 846622497.00 ns, 13.2285 ms/op
WorkloadResult   2: 64 op, 833823051.00 ns, 13.0285 ms/op
WorkloadResult   3: 64 op, 829437645.00 ns, 12.9600 ms/op
// GC:  2 0 0 36864000 64
// Threading:  0 0 64

// AfterAll
// Benchmark Process 342705 has exited with code 0.

Mean = 13.072 ms, StdErr = 0.081 ms (0.62%), N = 3, StdDev = 0.140 ms
Min = 12.960 ms, Q1 = 12.994 ms, Median = 13.028 ms, Q3 = 13.128 ms, Max = 13.228 ms
IQR = 0.134 ms, LowerFence = 12.793 ms, UpperFence = 13.330 ms
ConfidenceInterval = [10.527 ms; 15.618 ms] (CI 99.9%), Margin = 2.545 ms (19.47% of Mean)
Skewness = 0.28, Kurtosis = 0.67, MValue = 2

// ** Remained 31 (68.9%) benchmark(s) to run. Estimated finish 2026-09-22 0:26 (0h 5m from now) **
// **************************
// Benchmark: FrameworkSetupBenchmarks.SelfTraffic_RegisterRelease: ShortRun(IterationCount=3, LaunchCount=1, WarmupCount=3) [Sessions=1000]
// *** Execute ***
// Launch: 1 / 1
// Execute: dotnet WinForward.Benchmarks-ShortRun-1.dll --anonymousPipes 123 125 --benchmarkName "WinForward.Benchmarks.Perf.FrameworkSetupBenchmarks.SelfTraffic_RegisterRelease(Sessions: 1000)" --job ShortRun --benchmarkId 14 in /home/paff/Projects/WinForward/benchmarks/WinForward.Benchmarks/bin/Release/net10.0/WinForward.Benchmarks-ShortRun-1/bin/Release/net10.0
// Failed to set up high priority (Permission denied). In order to run benchmarks with high priority, make sure you have the right permissions.
// BeforeAnythingElse

// Benchmark Process Environment Information:
// BenchmarkDotNet v0.15.8
// Runtime=.NET 10.0.12 (10.0.12, 10.0.1226.42308), X64 RyuJIT x86-64-v4
// GC=Concurrent Workstation
// HardwareIntrinsics=AVX512 BITALG+VBMI2+VNNI+VPOPCNTDQ,AVX512 IFMA+VBMI,AVX512 F+BW+CD+DQ+VL,AVX2+BMI1+BMI2+F16C+FMA+LZCNT+MOVBE,AVX,SSE3+SSSE3+SSE4.1+SSE4.2+POPCNT,X86Base+SSE+SSE2,AES+PCLMUL,AvxVnni VectorSize=256
// Job: ShortRun(IterationCount=3, LaunchCount=1, WarmupCount=3)

OverheadJitting  1: 1 op, 362964.00 ns, 362.9640 us/op
WorkloadJitting  1: 1 op, 11009235.00 ns, 11.0092 ms/op

OverheadJitting  2: 16 op, 354448.00 ns, 22.1530 us/op
WorkloadJitting  2: 16 op, 68697811.00 ns, 4.2936 ms/op

WorkloadPilot    1: 16 op, 42513374.00 ns, 2.6571 ms/op
WorkloadPilot    2: 32 op, 81662288.00 ns, 2.5519 ms/op
WorkloadPilot    3: 64 op, 153208795.00 ns, 2.3939 ms/op
WorkloadPilot    4: 128 op, 83402738.00 ns, 651.5839 us/op
WorkloadPilot    5: 256 op, 85030587.00 ns, 332.1507 us/op
WorkloadPilot    6: 512 op, 167636542.00 ns, 327.4151 us/op
WorkloadPilot    7: 1024 op, 341209660.00 ns, 333.2126 us/op
WorkloadPilot    8: 2048 op, 675467801.00 ns, 329.8183 us/op

OverheadWarmup   1: 2048 op, 10089.00 ns, 4.9263 ns/op
OverheadWarmup   2: 2048 op, 6803.00 ns, 3.3218 ns/op
OverheadWarmup   3: 2048 op, 6412.00 ns, 3.1309 ns/op
OverheadWarmup   4: 2048 op, 6432.00 ns, 3.1406 ns/op
OverheadWarmup   5: 2048 op, 6412.00 ns, 3.1309 ns/op
OverheadWarmup   6: 2048 op, 7013.00 ns, 3.4243 ns/op
OverheadWarmup   7: 2048 op, 6542.00 ns, 3.1943 ns/op

OverheadActual   1: 2048 op, 6863.00 ns, 3.3511 ns/op
OverheadActual   2: 2048 op, 6793.00 ns, 3.3169 ns/op
OverheadActual   3: 2048 op, 6772.00 ns, 3.3066 ns/op
OverheadActual   4: 2048 op, 6653.00 ns, 3.2485 ns/op
OverheadActual   5: 2048 op, 6662.00 ns, 3.2529 ns/op
OverheadActual   6: 2048 op, 6462.00 ns, 3.1553 ns/op
OverheadActual   7: 2048 op, 6442.00 ns, 3.1455 ns/op
OverheadActual   8: 2048 op, 6432.00 ns, 3.1406 ns/op
OverheadActual   9: 2048 op, 6683.00 ns, 3.2632 ns/op
OverheadActual  10: 2048 op, 6583.00 ns, 3.2144 ns/op
OverheadActual  11: 2048 op, 7905.00 ns, 3.8599 ns/op
OverheadActual  12: 2048 op, 6692.00 ns, 3.2676 ns/op
OverheadActual  13: 2048 op, 6412.00 ns, 3.1309 ns/op
OverheadActual  14: 2048 op, 8406.00 ns, 4.1045 ns/op
OverheadActual  15: 2048 op, 6733.00 ns, 3.2876 ns/op

WorkloadWarmup   1: 2048 op, 690611176.00 ns, 337.2125 us/op
WorkloadWarmup   2: 2048 op, 684050874.00 ns, 334.0092 us/op
WorkloadWarmup   3: 2048 op, 682158819.00 ns, 333.0854 us/op

// BeforeActualRun
WorkloadActual   1: 2048 op, 675944780.00 ns, 330.0512 us/op
WorkloadActual   2: 2048 op, 678099370.00 ns, 331.1032 us/op
WorkloadActual   3: 2048 op, 674193910.00 ns, 329.1962 us/op

// AfterActualRun
WorkloadResult   1: 2048 op, 675938097.00 ns, 330.0479 us/op
WorkloadResult   2: 2048 op, 678092687.00 ns, 331.0999 us/op
WorkloadResult   3: 2048 op, 674187227.00 ns, 329.1930 us/op
// GC:  19 0 0 327680000 2048
// Threading:  0 0 2048

// AfterAll
// Benchmark Process 342779 has exited with code 0.

Mean = 330.114 us, StdErr = 0.551 us (0.17%), N = 3, StdDev = 0.955 us
Min = 329.193 us, Q1 = 329.620 us, Median = 330.048 us, Q3 = 330.574 us, Max = 331.100 us
IQR = 0.953 us, LowerFence = 328.190 us, UpperFence = 332.004 us
ConfidenceInterval = [312.688 us; 347.540 us] (CI 99.9%), Margin = 17.426 us (5.28% of Mean)
Skewness = 0.07, Kurtosis = 0.67, MValue = 2

// ** Remained 30 (66.7%) benchmark(s) to run. Estimated finish 2026-09-22 0:26 (0h 5m from now) **
// ***** BenchmarkRunner: Finish  *****

// * Export *
  BenchmarkDotNet.Artifacts/results/WinForward.Benchmarks.Perf.FrameworkSetupBenchmarks-report.csv
  BenchmarkDotNet.Artifacts/results/WinForward.Benchmarks.Perf.FrameworkSetupBenchmarks-report-github.md
  BenchmarkDotNet.Artifacts/results/WinForward.Benchmarks.Perf.FrameworkSetupBenchmarks-report.html

// * Detailed results *
FrameworkSetupBenchmarks.RealTransport_CreateDisposeAsync: ShortRun(IterationCount=3, LaunchCount=1, WarmupCount=3) [Sessions=1]
Runtime = .NET 10.0.12 (10.0.12, 10.0.1226.42308), X64 RyuJIT x86-64-v4; GC = Concurrent Workstation
Mean = 912.652 us, StdErr = 2.458 us (0.27%), N = 3, StdDev = 4.257 us
Min = 908.769 us, Q1 = 910.377 us, Median = 911.984 us, Q3 = 914.594 us, Max = 917.203 us
IQR = 4.217 us, LowerFence = 904.051 us, UpperFence = 920.919 us
ConfidenceInterval = [834.997 us; 990.307 us] (CI 99.9%), Margin = 77.655 us (8.51% of Mean)
Skewness = 0.15, Kurtosis = 0.67, MValue = 2
-------------------- Histogram --------------------
[904.895 us ; 921.077 us) | @@@
---------------------------------------------------

FrameworkSetupBenchmarks.Control_ConnectDisposeAsync: ShortRun(IterationCount=3, LaunchCount=1, WarmupCount=3) [Sessions=1]
Runtime = .NET 10.0.12 (10.0.12, 10.0.1226.42308), X64 RyuJIT x86-64-v4; GC = Concurrent Workstation
Mean = 2.383 ms, StdErr = 0.005 ms (0.23%), N = 3, StdDev = 0.009 ms
Min = 2.375 ms, Q1 = 2.378 ms, Median = 2.381 ms, Q3 = 2.388 ms, Max = 2.394 ms
IQR = 0.009 ms, LowerFence = 2.364 ms, UpperFence = 2.401 ms
ConfidenceInterval = [2.211 ms; 2.556 ms] (CI 99.9%), Margin = 0.172 ms (7.22% of Mean)
Skewness = 0.22, Kurtosis = 0.67, MValue = 2
-------------------- Histogram --------------------
[2.367 ms ; 2.402 ms) | @@@
---------------------------------------------------

FrameworkSetupBenchmarks.Control_ConnectAssociateDisposeAsync: ShortRun(IterationCount=3, LaunchCount=1, WarmupCount=3) [Sessions=1]
Runtime = .NET 10.0.12 (10.0.12, 10.0.1226.42308), X64 RyuJIT x86-64-v4; GC = Concurrent Workstation
Mean = 4.370 ms, StdErr = 0.040 ms (0.90%), N = 3, StdDev = 0.068 ms
Min = 4.294 ms, Q1 = 4.341 ms, Median = 4.388 ms, Q3 = 4.408 ms, Max = 4.428 ms
IQR = 0.067 ms, LowerFence = 4.241 ms, UpperFence = 4.508 ms
ConfidenceInterval = [3.122 ms; 5.618 ms] (CI 99.9%), Margin = 1.248 ms (28.56% of Mean)
Skewness = -0.24, Kurtosis = 0.67, MValue = 2
-------------------- Histogram --------------------
[4.232 ms ; 4.345 ms) | @
[4.345 ms ; 4.490 ms) | @@
---------------------------------------------------

FrameworkSetupBenchmarks.RelaySocket_CreateBindClose: ShortRun(IterationCount=3, LaunchCount=1, WarmupCount=3) [Sessions=1]
Runtime = .NET 10.0.12 (10.0.12, 10.0.1226.42308), X64 RyuJIT x86-64-v4; GC = Concurrent Workstation
Mean = 13.244 us, StdErr = 0.156 us (1.18%), N = 3, StdDev = 0.270 us
Min = 12.967 us, Q1 = 13.113 us, Median = 13.259 us, Q3 = 13.383 us, Max = 13.507 us
IQR = 0.270 us, LowerFence = 12.708 us, UpperFence = 13.787 us
ConfidenceInterval = [8.318 us; 18.171 us] (CI 99.9%), Margin = 4.927 us (37.20% of Mean)
Skewness = -0.05, Kurtosis = 0.67, MValue = 2
-------------------- Histogram --------------------
[12.721 us ; 13.137 us) | @
[13.137 us ; 13.629 us) | @@
---------------------------------------------------

FrameworkSetupBenchmarks.SelfTraffic_RegisterRelease: ShortRun(IterationCount=3, LaunchCount=1, WarmupCount=3) [Sessions=1]
Runtime = .NET 10.0.12 (10.0.12, 10.0.1226.42308), X64 RyuJIT x86-64-v4; GC = Concurrent Workstation
Mean = 361.596 ns, StdErr = 0.576 ns (0.16%), N = 3, StdDev = 0.998 ns
Min = 360.918 ns, Q1 = 361.024 ns, Median = 361.130 ns, Q3 = 361.936 ns, Max = 362.742 ns
IQR = 0.912 ns, LowerFence = 359.655 ns, UpperFence = 363.304 ns
ConfidenceInterval = [343.395 ns; 379.798 ns] (CI 99.9%), Margin = 18.202 ns (5.03% of Mean)
Skewness = 0.37, Kurtosis = 0.67, MValue = 2
-------------------- Histogram --------------------
[360.010 ns ; 363.650 ns) | @@@
---------------------------------------------------

FrameworkSetupBenchmarks.RealTransport_CreateDisposeAsync: ShortRun(IterationCount=3, LaunchCount=1, WarmupCount=3) [Sessions=100]
Runtime = .NET 10.0.12 (10.0.12, 10.0.1226.42308), X64 RyuJIT x86-64-v4; GC = Concurrent Workstation
Mean = 407.244 ms, StdErr = 3.937 ms (0.97%), N = 3, StdDev = 6.820 ms
Min = 401.822 ms, Q1 = 403.416 ms, Median = 405.009 ms, Q3 = 409.955 ms, Max = 414.900 ms
IQR = 6.539 ms, LowerFence = 393.607 ms, UpperFence = 419.763 ms
ConfidenceInterval = [282.830 ms; 531.658 ms] (CI 99.9%), Margin = 124.414 ms (30.55% of Mean)
Skewness = 0.29, Kurtosis = 0.67, MValue = 2
-------------------- Histogram --------------------
[397.209 ms ; 409.622 ms) | @@
[409.622 ms ; 421.107 ms) | @
---------------------------------------------------

FrameworkSetupBenchmarks.Control_ConnectDisposeAsync: ShortRun(IterationCount=3, LaunchCount=1, WarmupCount=3) [Sessions=100]
Runtime = .NET 10.0.12 (10.0.12, 10.0.1226.42308), X64 RyuJIT x86-64-v4; GC = Concurrent Workstation
Mean = 375.635 ms, StdErr = 0.915 ms (0.24%), N = 3, StdDev = 1.585 ms
Min = 373.855 ms, Q1 = 375.007 ms, Median = 376.159 ms, Q3 = 376.526 ms, Max = 376.892 ms
IQR = 1.519 ms, LowerFence = 372.729 ms, UpperFence = 378.804 ms
ConfidenceInterval = [346.722 ms; 404.549 ms] (CI 99.9%), Margin = 28.914 ms (7.70% of Mean)
Skewness = -0.29, Kurtosis = 0.67, MValue = 2
-------------------- Histogram --------------------
[372.413 ms ; 378.335 ms) | @@@
---------------------------------------------------

FrameworkSetupBenchmarks.Control_ConnectAssociateDisposeAsync: ShortRun(IterationCount=3, LaunchCount=1, WarmupCount=3) [Sessions=100]
Runtime = .NET 10.0.12 (10.0.12, 10.0.1226.42308), X64 RyuJIT x86-64-v4; GC = Concurrent Workstation
Mean = 396.836 ms, StdErr = 0.724 ms (0.18%), N = 3, StdDev = 1.254 ms
Min = 395.398 ms, Q1 = 396.401 ms, Median = 397.405 ms, Q3 = 397.555 ms, Max = 397.705 ms
IQR = 1.153 ms, LowerFence = 394.671 ms, UpperFence = 399.285 ms
ConfidenceInterval = [373.952 ms; 419.719 ms] (CI 99.9%), Margin = 22.884 ms (5.77% of Mean)
Skewness = -0.36, Kurtosis = 0.67, MValue = 2
-------------------- Histogram --------------------
[394.256 ms ; 398.846 ms) | @@@
---------------------------------------------------

FrameworkSetupBenchmarks.RelaySocket_CreateBindClose: ShortRun(IterationCount=3, LaunchCount=1, WarmupCount=3) [Sessions=100]
Runtime = .NET 10.0.12 (10.0.12, 10.0.1226.42308), X64 RyuJIT x86-64-v4; GC = Concurrent Workstation
Mean = 1.317 ms, StdErr = 0.012 ms (0.90%), N = 3, StdDev = 0.020 ms
Min = 1.297 ms, Q1 = 1.306 ms, Median = 1.316 ms, Q3 = 1.327 ms, Max = 1.338 ms
IQR = 0.020 ms, LowerFence = 1.276 ms, UpperFence = 1.358 ms
ConfidenceInterval = [0.943 ms; 1.690 ms] (CI 99.9%), Margin = 0.373 ms (28.36% of Mean)
Skewness = 0.03, Kurtosis = 0.67, MValue = 2
-------------------- Histogram --------------------
[1.288 ms ; 1.325 ms) | @@
[1.325 ms ; 1.356 ms) | @
---------------------------------------------------

FrameworkSetupBenchmarks.SelfTraffic_RegisterRelease: ShortRun(IterationCount=3, LaunchCount=1, WarmupCount=3) [Sessions=100]
Runtime = .NET 10.0.12 (10.0.12, 10.0.1226.42308), X64 RyuJIT x86-64-v4; GC = Concurrent Workstation
Mean = 33.454 us, StdErr = 0.622 us (1.86%), N = 3, StdDev = 1.078 us
Min = 32.794 us, Q1 = 32.832 us, Median = 32.870 us, Q3 = 33.784 us, Max = 34.698 us
IQR = 0.952 us, LowerFence = 31.404 us, UpperFence = 35.212 us
ConfidenceInterval = [13.786 us; 53.122 us] (CI 99.9%), Margin = 19.668 us (58.79% of Mean)
Skewness = 0.38, Kurtosis = 0.67, MValue = 2
-------------------- Histogram --------------------
[32.765 us ; 34.727 us) | @@@
---------------------------------------------------

FrameworkSetupBenchmarks.RealTransport_CreateDisposeAsync: ShortRun(IterationCount=3, LaunchCount=1, WarmupCount=3) [Sessions=1000]
Runtime = .NET 10.0.12 (10.0.12, 10.0.1226.42308), X64 RyuJIT x86-64-v4; GC = Concurrent Workstation
Mean = 1.366 s, StdErr = 0.560 s (40.96%), N = 3, StdDev = 0.969 s
Min = 0.783 s, Q1 = 0.807 s, Median = 0.830 s, Q3 = 1.658 s, Max = 2.485 s
IQR = 0.851 s, LowerFence = -0.470 s, UpperFence = 2.934 s
ConfidenceInterval = [-16.320 s; 19.053 s] (CI 99.9%), Margin = 17.686 s (1294.41% of Mean)
Skewness = 0.38, Kurtosis = 0.67, MValue = 2
-------------------- Histogram --------------------
[0.752 s ; 2.517 s) | @@@
---------------------------------------------------

FrameworkSetupBenchmarks.Control_ConnectDisposeAsync: ShortRun(IterationCount=3, LaunchCount=1, WarmupCount=3) [Sessions=1000]
Runtime = .NET 10.0.12 (10.0.12, 10.0.1226.42308), X64 RyuJIT x86-64-v4; GC = Concurrent Workstation
Mean = 3.799 s, StdErr = 0.049 s (1.28%), N = 3, StdDev = 0.084 s
Min = 3.711 s, Q1 = 3.758 s, Median = 3.805 s, Q3 = 3.842 s, Max = 3.880 s
IQR = 0.084 s, LowerFence = 3.632 s, UpperFence = 3.969 s
ConfidenceInterval = [2.260 s; 5.337 s] (CI 99.9%), Margin = 1.539 s (40.51% of Mean)
Skewness = -0.07, Kurtosis = 0.67, MValue = 2
-------------------- Histogram --------------------
[3.634 s ; 3.765 s) | @
[3.765 s ; 3.919 s) | @@
---------------------------------------------------

FrameworkSetupBenchmarks.Control_ConnectAssociateDisposeAsync: ShortRun(IterationCount=3, LaunchCount=1, WarmupCount=3) [Sessions=1000]
Runtime = .NET 10.0.12 (10.0.12, 10.0.1226.42308), X64 RyuJIT x86-64-v4; GC = Concurrent Workstation
Mean = 2.159 s, StdErr = 0.956 s (44.26%), N = 3, StdDev = 1.655 s
Min = 0.715 s, Q1 = 1.256 s, Median = 1.796 s, Q3 = 2.881 s, Max = 3.966 s
IQR = 1.625 s, LowerFence = -1.182 s, UpperFence = 5.319 s
ConfidenceInterval = [-28.042 s; 32.361 s] (CI 99.9%), Margin = 30.201 s (1398.65% of Mean)
Skewness = 0.21, Kurtosis = 0.67, MValue = 2
-------------------- Histogram --------------------
[0.715 s ; 2.762 s) | @@
[2.762 s ; 5.473 s) | @
---------------------------------------------------

FrameworkSetupBenchmarks.RelaySocket_CreateBindClose: ShortRun(IterationCount=3, LaunchCount=1, WarmupCount=3) [Sessions=1000]
Runtime = .NET 10.0.12 (10.0.12, 10.0.1226.42308), X64 RyuJIT x86-64-v4; GC = Concurrent Workstation
Mean = 13.072 ms, StdErr = 0.081 ms (0.62%), N = 3, StdDev = 0.140 ms
Min = 12.960 ms, Q1 = 12.994 ms, Median = 13.028 ms, Q3 = 13.128 ms, Max = 13.228 ms
IQR = 0.134 ms, LowerFence = 12.793 ms, UpperFence = 13.330 ms
ConfidenceInterval = [10.527 ms; 15.618 ms] (CI 99.9%), Margin = 2.545 ms (19.47% of Mean)
Skewness = 0.28, Kurtosis = 0.67, MValue = 2
-------------------- Histogram --------------------
[12.864 ms ; 13.355 ms) | @@@
---------------------------------------------------

FrameworkSetupBenchmarks.SelfTraffic_RegisterRelease: ShortRun(IterationCount=3, LaunchCount=1, WarmupCount=3) [Sessions=1000]
Runtime = .NET 10.0.12 (10.0.12, 10.0.1226.42308), X64 RyuJIT x86-64-v4; GC = Concurrent Workstation
Mean = 330.114 us, StdErr = 0.551 us (0.17%), N = 3, StdDev = 0.955 us
Min = 329.193 us, Q1 = 329.620 us, Median = 330.048 us, Q3 = 330.574 us, Max = 331.100 us
IQR = 0.953 us, LowerFence = 328.190 us, UpperFence = 332.004 us
ConfidenceInterval = [312.688 us; 347.540 us] (CI 99.9%), Margin = 17.426 us (5.28% of Mean)
Skewness = 0.07, Kurtosis = 0.67, MValue = 2
-------------------- Histogram --------------------
[328.324 us ; 331.969 us) | @@@
---------------------------------------------------

// * Summary *

BenchmarkDotNet v0.15.8, Linux NixOS 26.11 (Zokor)
AMD Ryzen 9 9955HX 2.50GHz, 1 CPU, 32 logical and 16 physical cores
.NET SDK 10.0.401
  [Host]   : .NET 10.0.12 (10.0.12, 10.0.1226.42308), X64 RyuJIT x86-64-v4
  ShortRun : .NET 10.0.12 (10.0.12, 10.0.1226.42308), X64 RyuJIT x86-64-v4

Job=ShortRun  IterationCount=3  LaunchCount=1  
WarmupCount=3  

| Method                               | Sessions | Mean               | Error                | StdDev              | Median             | Gen0      | Gen1      | Allocated  |
|------------------------------------- |--------- |-------------------:|---------------------:|--------------------:|-------------------:|----------:|----------:|-----------:|
| RealTransport_CreateDisposeAsync     | 1        |       912,652.0 ns |         77,654.73 ns |         4,256.52 ns |       911,984.2 ns |    3.9063 |    1.9531 |    83671 B |
| Control_ConnectDisposeAsync          | 1        |     2,383,455.5 ns |        172,093.42 ns |         9,433.02 ns |     2,381,271.2 ns |    3.9063 |    2.9297 |    77653 B |
| Control_ConnectAssociateDisposeAsync | 1        |     4,369,898.0 ns |      1,248,173.16 ns |        68,416.58 ns |     4,387,905.8 ns |         - |         - |    80496 B |
| RelaySocket_CreateBindClose          | 1        |        13,244.2 ns |          4,926.74 ns |           270.05 ns |        13,259.1 ns |    0.0305 |         - |      576 B |
| SelfTraffic_RegisterRelease          | 1        |           361.6 ns |             18.20 ns |             1.00 ns |           361.1 ns |    0.0095 |         - |      160 B |
| RealTransport_CreateDisposeAsync     | 100      |   407,243,845.3 ns |    124,413,970.94 ns |     6,819,549.59 ns |   405,008,710.0 ns |         - |         - |  8342568 B |
| Control_ConnectDisposeAsync          | 100      |   375,635,484.3 ns |     28,913,611.62 ns |     1,584,852.62 ns |   376,158,957.0 ns |         - |         - |  7741592 B |
| Control_ConnectAssociateDisposeAsync | 100      |   396,835,869.0 ns |     22,883,608.42 ns |     1,254,327.80 ns |   397,405,103.0 ns |         - |         - |  8023832 B |
| RelaySocket_CreateBindClose          | 100      |     1,316,806.8 ns |        373,432.12 ns |        20,469.07 ns |     1,316,152.1 ns |    1.9531 |         - |    57600 B |
| SelfTraffic_RegisterRelease          | 100      |        33,453.8 ns |         19,667.82 ns |         1,078.06 ns |        32,870.0 ns |    0.9155 |         - |    16000 B |
| RealTransport_CreateDisposeAsync     | 1000     | 1,366,357,084.7 ns | 17,686,245,359.43 ns |   969,442,791.64 ns |   830,297,814.0 ns | 5000.0000 | 4000.0000 | 83440600 B |
| Control_ConnectDisposeAsync          | 1000     | 3,798,576,356.3 ns |  1,538,841,558.29 ns |    84,349,098.74 ns | 3,804,923,054.0 ns | 4000.0000 | 3000.0000 | 77450104 B |
| Control_ConnectAssociateDisposeAsync | 1000     | 2,159,311,417.7 ns | 30,201,278,096.22 ns | 1,655,433,968.80 ns | 1,796,466,347.0 ns | 4000.0000 | 3000.0000 | 80315440 B |
| RelaySocket_CreateBindClose          | 1000     |    13,072,308.3 ns |      2,545,322.92 ns |       139,517.74 ns |    13,028,485.2 ns |   31.2500 |         - |   576000 B |
| SelfTraffic_RegisterRelease          | 1000     |       330,113.6 ns |         17,426.00 ns |           955.18 ns |       330,047.9 ns |    9.2773 |         - |   160000 B |

// * Legends *
  Sessions  : Value of the 'Sessions' parameter
  Mean      : Arithmetic mean of all measurements
  Error     : Half of 99.9% confidence interval
  StdDev    : Standard deviation of all measurements
  Median    : Value separating the higher half of all measurements (50th percentile)
  Gen0      : GC Generation 0 collects per 1000 operations
  Gen1      : GC Generation 1 collects per 1000 operations
  Allocated : Allocated memory per single operation (managed only, inclusive, 1KB = 1024B)
  1 ns      : 1 Nanosecond (0.000000001 sec)

// * Diagnostic Output - MemoryDiagnoser *


// ***** BenchmarkRunner: End *****
Run time: 00:02:30 (150.16 sec), executed benchmarks: 15

// Found 30 benchmarks:
//   SessionSetupDecompositionBenchmarks.StageS0_CoordinatorOnly: ShortRun(InvocationCount=1, IterationCount=3, LaunchCount=1, UnrollFactor=1, WarmupCount=3) [Sessions=1]
//   SessionSetupDecompositionBenchmarks.StageS1_AdmissionOnlyAsync: ShortRun(InvocationCount=1, IterationCount=3, LaunchCount=1, UnrollFactor=1, WarmupCount=3) [Sessions=1]
//   SessionSetupDecompositionBenchmarks.StageS2_SetupStartedAsync: ShortRun(InvocationCount=1, IterationCount=3, LaunchCount=1, UnrollFactor=1, WarmupCount=3) [Sessions=1]
//   SessionSetupDecompositionBenchmarks.StageS3_PipelineNoPayloadAsync: ShortRun(InvocationCount=1, IterationCount=3, LaunchCount=1, UnrollFactor=1, WarmupCount=3) [Sessions=1]
//   SessionSetupDecompositionBenchmarks.StageS4_ReadinessTeardownOutsideAsync: ShortRun(InvocationCount=1, IterationCount=3, LaunchCount=1, UnrollFactor=1, WarmupCount=3) [Sessions=1]
//   SessionSetupDecompositionBenchmarks.StageS5_ReadinessTeardownInsideAsync: ShortRun(InvocationCount=1, IterationCount=3, LaunchCount=1, UnrollFactor=1, WarmupCount=3) [Sessions=1]
//   SessionSetupDecompositionBenchmarks.BaselineF_FakeTransportCreationAsync: ShortRun(InvocationCount=1, IterationCount=3, LaunchCount=1, UnrollFactor=1, WarmupCount=3) [Sessions=1]
//   SessionSetupDecompositionBenchmarks.BaselineH_FlowKeyConstruction: ShortRun(InvocationCount=1, IterationCount=3, LaunchCount=1, UnrollFactor=1, WarmupCount=3) [Sessions=1]
//   SessionSetupDecompositionBenchmarks.ComponentC1_AssociationClaimRelease: ShortRun(InvocationCount=1, IterationCount=3, LaunchCount=1, UnrollFactor=1, WarmupCount=3) [Sessions=1]
//   SessionSetupDecompositionBenchmarks.ComponentC2_SessionConstructStartAsync: ShortRun(InvocationCount=1, IterationCount=3, LaunchCount=1, UnrollFactor=1, WarmupCount=3) [Sessions=1]
//   SessionSetupDecompositionBenchmarks.StageS0_CoordinatorOnly: ShortRun(InvocationCount=1, IterationCount=3, LaunchCount=1, UnrollFactor=1, WarmupCount=3) [Sessions=100]
//   SessionSetupDecompositionBenchmarks.StageS1_AdmissionOnlyAsync: ShortRun(InvocationCount=1, IterationCount=3, LaunchCount=1, UnrollFactor=1, WarmupCount=3) [Sessions=100]
//   SessionSetupDecompositionBenchmarks.StageS2_SetupStartedAsync: ShortRun(InvocationCount=1, IterationCount=3, LaunchCount=1, UnrollFactor=1, WarmupCount=3) [Sessions=100]
//   SessionSetupDecompositionBenchmarks.StageS3_PipelineNoPayloadAsync: ShortRun(InvocationCount=1, IterationCount=3, LaunchCount=1, UnrollFactor=1, WarmupCount=3) [Sessions=100]
//   SessionSetupDecompositionBenchmarks.StageS4_ReadinessTeardownOutsideAsync: ShortRun(InvocationCount=1, IterationCount=3, LaunchCount=1, UnrollFactor=1, WarmupCount=3) [Sessions=100]
//   SessionSetupDecompositionBenchmarks.StageS5_ReadinessTeardownInsideAsync: ShortRun(InvocationCount=1, IterationCount=3, LaunchCount=1, UnrollFactor=1, WarmupCount=3) [Sessions=100]
//   SessionSetupDecompositionBenchmarks.BaselineF_FakeTransportCreationAsync: ShortRun(InvocationCount=1, IterationCount=3, LaunchCount=1, UnrollFactor=1, WarmupCount=3) [Sessions=100]
//   SessionSetupDecompositionBenchmarks.BaselineH_FlowKeyConstruction: ShortRun(InvocationCount=1, IterationCount=3, LaunchCount=1, UnrollFactor=1, WarmupCount=3) [Sessions=100]
//   SessionSetupDecompositionBenchmarks.ComponentC1_AssociationClaimRelease: ShortRun(InvocationCount=1, IterationCount=3, LaunchCount=1, UnrollFactor=1, WarmupCount=3) [Sessions=100]
//   SessionSetupDecompositionBenchmarks.ComponentC2_SessionConstructStartAsync: ShortRun(InvocationCount=1, IterationCount=3, LaunchCount=1, UnrollFactor=1, WarmupCount=3) [Sessions=100]
//   SessionSetupDecompositionBenchmarks.StageS0_CoordinatorOnly: ShortRun(InvocationCount=1, IterationCount=3, LaunchCount=1, UnrollFactor=1, WarmupCount=3) [Sessions=1000]
//   SessionSetupDecompositionBenchmarks.StageS1_AdmissionOnlyAsync: ShortRun(InvocationCount=1, IterationCount=3, LaunchCount=1, UnrollFactor=1, WarmupCount=3) [Sessions=1000]
//   SessionSetupDecompositionBenchmarks.StageS2_SetupStartedAsync: ShortRun(InvocationCount=1, IterationCount=3, LaunchCount=1, UnrollFactor=1, WarmupCount=3) [Sessions=1000]
//   SessionSetupDecompositionBenchmarks.StageS3_PipelineNoPayloadAsync: ShortRun(InvocationCount=1, IterationCount=3, LaunchCount=1, UnrollFactor=1, WarmupCount=3) [Sessions=1000]
//   SessionSetupDecompositionBenchmarks.StageS4_ReadinessTeardownOutsideAsync: ShortRun(InvocationCount=1, IterationCount=3, LaunchCount=1, UnrollFactor=1, WarmupCount=3) [Sessions=1000]
//   SessionSetupDecompositionBenchmarks.StageS5_ReadinessTeardownInsideAsync: ShortRun(InvocationCount=1, IterationCount=3, LaunchCount=1, UnrollFactor=1, WarmupCount=3) [Sessions=1000]
//   SessionSetupDecompositionBenchmarks.BaselineF_FakeTransportCreationAsync: ShortRun(InvocationCount=1, IterationCount=3, LaunchCount=1, UnrollFactor=1, WarmupCount=3) [Sessions=1000]
//   SessionSetupDecompositionBenchmarks.BaselineH_FlowKeyConstruction: ShortRun(InvocationCount=1, IterationCount=3, LaunchCount=1, UnrollFactor=1, WarmupCount=3) [Sessions=1000]
//   SessionSetupDecompositionBenchmarks.ComponentC1_AssociationClaimRelease: ShortRun(InvocationCount=1, IterationCount=3, LaunchCount=1, UnrollFactor=1, WarmupCount=3) [Sessions=1000]
//   SessionSetupDecompositionBenchmarks.ComponentC2_SessionConstructStartAsync: ShortRun(InvocationCount=1, IterationCount=3, LaunchCount=1, UnrollFactor=1, WarmupCount=3) [Sessions=1000]

// **************************
// Benchmark: SessionSetupDecompositionBenchmarks.StageS0_CoordinatorOnly: ShortRun(InvocationCount=1, IterationCount=3, LaunchCount=1, UnrollFactor=1, WarmupCount=3) [Sessions=1]
// *** Execute ***
// Launch: 1 / 1
// Execute: dotnet WinForward.Benchmarks-ShortRun-1.dll --anonymousPipes 129 130 --benchmarkName "WinForward.Benchmarks.Perf.SessionSetupDecompositionBenchmarks.StageS0_CoordinatorOnly(Sessions: 1)" --job ShortRun --benchmarkId 15 in /home/paff/Projects/WinForward/benchmarks/WinForward.Benchmarks/bin/Release/net10.0/WinForward.Benchmarks-ShortRun-1/bin/Release/net10.0
// Failed to set up high priority (Permission denied). In order to run benchmarks with high priority, make sure you have the right permissions.
// BeforeAnythingElse

// Benchmark Process Environment Information:
// BenchmarkDotNet v0.15.8
// Runtime=.NET 10.0.12 (10.0.12, 10.0.1226.42308), X64 RyuJIT x86-64-v4
// GC=Concurrent Workstation
// HardwareIntrinsics=AVX512 BITALG+VBMI2+VNNI+VPOPCNTDQ,AVX512 IFMA+VBMI,AVX512 F+BW+CD+DQ+VL,AVX2+BMI1+BMI2+F16C+FMA+LZCNT+MOVBE,AVX,SSE3+SSSE3+SSE4.1+SSE4.2+POPCNT,X86Base+SSE+SSE2,AES+PCLMUL,AvxVnni VectorSize=256
// Job: ShortRun(InvocationCount=1, IterationCount=3, LaunchCount=1, UnrollFactor=1, WarmupCount=3)

OverheadJitting  1: 1 op, 321175.00 ns, 321.1750 us/op
WorkloadJitting  1: 1 op, 7952596.00 ns, 7.9526 ms/op

OverheadWarmup   1: 1 op, 391.00 ns, 391.0000 ns/op
OverheadWarmup   2: 1 op, 431.00 ns, 431.0000 ns/op
OverheadWarmup   3: 1 op, 391.00 ns, 391.0000 ns/op
OverheadWarmup   4: 1 op, 411.00 ns, 411.0000 ns/op
OverheadWarmup   5: 1 op, 440.00 ns, 440.0000 ns/op
OverheadWarmup   6: 1 op, 411.00 ns, 411.0000 ns/op

OverheadActual   1: 1 op, 411.00 ns, 411.0000 ns/op
OverheadActual   2: 1 op, 391.00 ns, 391.0000 ns/op
OverheadActual   3: 1 op, 461.00 ns, 461.0000 ns/op
OverheadActual   4: 1 op, 501.00 ns, 501.0000 ns/op
OverheadActual   5: 1 op, 421.00 ns, 421.0000 ns/op
OverheadActual   6: 1 op, 411.00 ns, 411.0000 ns/op
OverheadActual   7: 1 op, 450.00 ns, 450.0000 ns/op
OverheadActual   8: 1 op, 440.00 ns, 440.0000 ns/op
OverheadActual   9: 1 op, 411.00 ns, 411.0000 ns/op
OverheadActual  10: 1 op, 431.00 ns, 431.0000 ns/op
OverheadActual  11: 1 op, 270.00 ns, 270.0000 ns/op
OverheadActual  12: 1 op, 300.00 ns, 300.0000 ns/op
OverheadActual  13: 1 op, 451.00 ns, 451.0000 ns/op
OverheadActual  14: 1 op, 421.00 ns, 421.0000 ns/op
OverheadActual  15: 1 op, 361.00 ns, 361.0000 ns/op
OverheadActual  16: 1 op, 270.00 ns, 270.0000 ns/op
OverheadActual  17: 1 op, 311.00 ns, 311.0000 ns/op
OverheadActual  18: 1 op, 441.00 ns, 441.0000 ns/op
OverheadActual  19: 1 op, 401.00 ns, 401.0000 ns/op
OverheadActual  20: 1 op, 270.00 ns, 270.0000 ns/op

WorkloadWarmup   1: 1 op, 60544.00 ns, 60.5440 us/op
WorkloadWarmup   2: 1 op, 14146.00 ns, 14.1460 us/op
WorkloadWarmup   3: 1 op, 11953.00 ns, 11.9530 us/op

// BeforeActualRun
WorkloadActual   1: 1 op, 47449.00 ns, 47.4490 us/op
WorkloadActual   2: 1 op, 11943.00 ns, 11.9430 us/op
WorkloadActual   3: 1 op, 11902.00 ns, 11.9020 us/op

// AfterActualRun
WorkloadResult   1: 1 op, 47038.00 ns, 47.0380 us/op
WorkloadResult   2: 1 op, 11532.00 ns, 11.5320 us/op
WorkloadResult   3: 1 op, 11491.00 ns, 11.4910 us/op
// GC:  0 0 0 8280 1
// Threading:  0 0 1

// AfterAll
// Benchmark Process 342878 has exited with code 0.

Mean = 23.354 us, StdErr = 11.842 us (50.71%), N = 3, StdDev = 20.511 us
Min = 11.491 us, Q1 = 11.511 us, Median = 11.532 us, Q3 = 29.285 us, Max = 47.038 us
IQR = 17.773 us, LowerFence = -15.149 us, UpperFence = 55.945 us
ConfidenceInterval = [-350.848 us; 397.555 us] (CI 99.9%), Margin = 374.201 us (1602.32% of Mean)
Skewness = 0.38, Kurtosis = 0.67, MValue = 2

// ** Remained 29 (64.4%) benchmark(s) to run. Estimated finish 2026-09-22 0:25 (0h 4m from now) **
// **************************
// Benchmark: SessionSetupDecompositionBenchmarks.StageS1_AdmissionOnlyAsync: ShortRun(InvocationCount=1, IterationCount=3, LaunchCount=1, UnrollFactor=1, WarmupCount=3) [Sessions=1]
// *** Execute ***
// Launch: 1 / 1
// Execute: dotnet WinForward.Benchmarks-ShortRun-1.dll --anonymousPipes 129 130 --benchmarkName "WinForward.Benchmarks.Perf.SessionSetupDecompositionBenchmarks.StageS1_AdmissionOnlyAsync(Sessions: 1)" --job ShortRun --benchmarkId 16 in /home/paff/Projects/WinForward/benchmarks/WinForward.Benchmarks/bin/Release/net10.0/WinForward.Benchmarks-ShortRun-1/bin/Release/net10.0
// Failed to set up high priority (Permission denied). In order to run benchmarks with high priority, make sure you have the right permissions.
// BeforeAnythingElse

// Benchmark Process Environment Information:
// BenchmarkDotNet v0.15.8
// Runtime=.NET 10.0.12 (10.0.12, 10.0.1226.42308), X64 RyuJIT x86-64-v4
// GC=Concurrent Workstation
// HardwareIntrinsics=AVX512 BITALG+VBMI2+VNNI+VPOPCNTDQ,AVX512 IFMA+VBMI,AVX512 F+BW+CD+DQ+VL,AVX2+BMI1+BMI2+F16C+FMA+LZCNT+MOVBE,AVX,SSE3+SSSE3+SSE4.1+SSE4.2+POPCNT,X86Base+SSE+SSE2,AES+PCLMUL,AvxVnni VectorSize=256
// Job: ShortRun(InvocationCount=1, IterationCount=3, LaunchCount=1, UnrollFactor=1, WarmupCount=3)

OverheadJitting  1: 1 op, 279176.00 ns, 279.1760 us/op
WorkloadJitting  1: 1 op, 22680838.00 ns, 22.6808 ms/op

OverheadWarmup   1: 1 op, 421.00 ns, 421.0000 ns/op
OverheadWarmup   2: 1 op, 411.00 ns, 411.0000 ns/op
OverheadWarmup   3: 1 op, 420.00 ns, 420.0000 ns/op
OverheadWarmup   4: 1 op, 411.00 ns, 411.0000 ns/op
OverheadWarmup   5: 1 op, 491.00 ns, 491.0000 ns/op
OverheadWarmup   6: 1 op, 481.00 ns, 481.0000 ns/op

OverheadActual   1: 1 op, 391.00 ns, 391.0000 ns/op
OverheadActual   2: 1 op, 421.00 ns, 421.0000 ns/op
OverheadActual   3: 1 op, 421.00 ns, 421.0000 ns/op
OverheadActual   4: 1 op, 391.00 ns, 391.0000 ns/op
OverheadActual   5: 1 op, 421.00 ns, 421.0000 ns/op
OverheadActual   6: 1 op, 421.00 ns, 421.0000 ns/op
OverheadActual   7: 1 op, 301.00 ns, 301.0000 ns/op
OverheadActual   8: 1 op, 381.00 ns, 381.0000 ns/op
OverheadActual   9: 1 op, 430.00 ns, 430.0000 ns/op
OverheadActual  10: 1 op, 421.00 ns, 421.0000 ns/op
OverheadActual  11: 1 op, 271.00 ns, 271.0000 ns/op
OverheadActual  12: 1 op, 491.00 ns, 491.0000 ns/op
OverheadActual  13: 1 op, 391.00 ns, 391.0000 ns/op
OverheadActual  14: 1 op, 411.00 ns, 411.0000 ns/op
OverheadActual  15: 1 op, 281.00 ns, 281.0000 ns/op
OverheadActual  16: 1 op, 280.00 ns, 280.0000 ns/op
OverheadActual  17: 1 op, 280.00 ns, 280.0000 ns/op
OverheadActual  18: 1 op, 361.00 ns, 361.0000 ns/op
OverheadActual  19: 1 op, 421.00 ns, 421.0000 ns/op
OverheadActual  20: 1 op, 471.00 ns, 471.0000 ns/op

WorkloadWarmup   1: 1 op, 169770.00 ns, 169.7700 us/op
WorkloadWarmup   2: 1 op, 34705.00 ns, 34.7050 us/op
WorkloadWarmup   3: 1 op, 33353.00 ns, 33.3530 us/op

// BeforeActualRun
WorkloadActual   1: 1 op, 71034.00 ns, 71.0340 us/op
WorkloadActual   2: 1 op, 35206.00 ns, 35.2060 us/op
WorkloadActual   3: 1 op, 34465.00 ns, 34.4650 us/op

// AfterActualRun
WorkloadResult   1: 1 op, 70633.00 ns, 70.6330 us/op
WorkloadResult   2: 1 op, 34805.00 ns, 34.8050 us/op
WorkloadResult   3: 1 op, 34064.00 ns, 34.0640 us/op
// GC:  0 0 0 7176 1
// Threading:  0 0 1

// AfterAll
// Benchmark Process 342887 has exited with code 0.

Mean = 46.501 us, StdErr = 12.068 us (25.95%), N = 3, StdDev = 20.902 us
Min = 34.064 us, Q1 = 34.434 us, Median = 34.805 us, Q3 = 52.719 us, Max = 70.633 us
IQR = 18.285 us, LowerFence = 7.008 us, UpperFence = 80.146 us
ConfidenceInterval = [-334.839 us; 427.840 us] (CI 99.9%), Margin = 381.339 us (820.07% of Mean)
Skewness = 0.38, Kurtosis = 0.67, MValue = 2

// ** Remained 28 (62.2%) benchmark(s) to run. Estimated finish 2026-09-22 0:25 (0h 4m from now) **
// **************************
// Benchmark: SessionSetupDecompositionBenchmarks.StageS2_SetupStartedAsync: ShortRun(InvocationCount=1, IterationCount=3, LaunchCount=1, UnrollFactor=1, WarmupCount=3) [Sessions=1]
// *** Execute ***
// Launch: 1 / 1
// Execute: dotnet WinForward.Benchmarks-ShortRun-1.dll --anonymousPipes 129 130 --benchmarkName "WinForward.Benchmarks.Perf.SessionSetupDecompositionBenchmarks.StageS2_SetupStartedAsync(Sessions: 1)" --job ShortRun --benchmarkId 17 in /home/paff/Projects/WinForward/benchmarks/WinForward.Benchmarks/bin/Release/net10.0/WinForward.Benchmarks-ShortRun-1/bin/Release/net10.0
// Failed to set up high priority (Permission denied). In order to run benchmarks with high priority, make sure you have the right permissions.
// BeforeAnythingElse

// Benchmark Process Environment Information:
// BenchmarkDotNet v0.15.8
// Runtime=.NET 10.0.12 (10.0.12, 10.0.1226.42308), X64 RyuJIT x86-64-v4
// GC=Concurrent Workstation
// HardwareIntrinsics=AVX512 BITALG+VBMI2+VNNI+VPOPCNTDQ,AVX512 IFMA+VBMI,AVX512 F+BW+CD+DQ+VL,AVX2+BMI1+BMI2+F16C+FMA+LZCNT+MOVBE,AVX,SSE3+SSSE3+SSE4.1+SSE4.2+POPCNT,X86Base+SSE+SSE2,AES+PCLMUL,AvxVnni VectorSize=256
// Job: ShortRun(InvocationCount=1, IterationCount=3, LaunchCount=1, UnrollFactor=1, WarmupCount=3)

OverheadJitting  1: 1 op, 256674.00 ns, 256.6740 us/op
WorkloadJitting  1: 1 op, 108839960.00 ns, 108.8400 ms/op

OverheadWarmup   1: 1 op, 501.00 ns, 501.0000 ns/op
OverheadWarmup   2: 1 op, 290.00 ns, 290.0000 ns/op
OverheadWarmup   3: 1 op, 430.00 ns, 430.0000 ns/op
OverheadWarmup   4: 1 op, 401.00 ns, 401.0000 ns/op
OverheadWarmup   5: 1 op, 290.00 ns, 290.0000 ns/op
OverheadWarmup   6: 1 op, 511.00 ns, 511.0000 ns/op
OverheadWarmup   7: 1 op, 451.00 ns, 451.0000 ns/op

OverheadActual   1: 1 op, 441.00 ns, 441.0000 ns/op
OverheadActual   2: 1 op, 391.00 ns, 391.0000 ns/op
OverheadActual   3: 1 op, 450.00 ns, 450.0000 ns/op
OverheadActual   4: 1 op, 421.00 ns, 421.0000 ns/op
OverheadActual   5: 1 op, 561.00 ns, 561.0000 ns/op
OverheadActual   6: 1 op, 421.00 ns, 421.0000 ns/op
OverheadActual   7: 1 op, 431.00 ns, 431.0000 ns/op
OverheadActual   8: 1 op, 541.00 ns, 541.0000 ns/op
OverheadActual   9: 1 op, 371.00 ns, 371.0000 ns/op
OverheadActual  10: 1 op, 401.00 ns, 401.0000 ns/op
OverheadActual  11: 1 op, 350.00 ns, 350.0000 ns/op
OverheadActual  12: 1 op, 270.00 ns, 270.0000 ns/op
OverheadActual  13: 1 op, 290.00 ns, 290.0000 ns/op
OverheadActual  14: 1 op, 291.00 ns, 291.0000 ns/op
OverheadActual  15: 1 op, 441.00 ns, 441.0000 ns/op
OverheadActual  16: 1 op, 441.00 ns, 441.0000 ns/op
OverheadActual  17: 1 op, 280.00 ns, 280.0000 ns/op
OverheadActual  18: 1 op, 280.00 ns, 280.0000 ns/op
OverheadActual  19: 1 op, 280.00 ns, 280.0000 ns/op
OverheadActual  20: 1 op, 902.00 ns, 902.0000 ns/op

WorkloadWarmup   1: 1 op, 72219084.00 ns, 72.2191 ms/op
WorkloadWarmup   2: 1 op, 72227310.00 ns, 72.2273 ms/op
WorkloadWarmup   3: 1 op, 71695227.00 ns, 71.6952 ms/op

// BeforeActualRun
WorkloadActual   1: 1 op, 71702531.00 ns, 71.7025 ms/op
WorkloadActual   2: 1 op, 72396529.00 ns, 72.3965 ms/op
WorkloadActual   3: 1 op, 72160684.00 ns, 72.1607 ms/op

// AfterActualRun
WorkloadResult   1: 1 op, 71702120.00 ns, 71.7021 ms/op
WorkloadResult   2: 1 op, 72396118.00 ns, 72.3961 ms/op
WorkloadResult   3: 1 op, 72160273.00 ns, 72.1603 ms/op
// GC:  0 0 0 34824 1
// Threading:  4 0 1

// AfterAll
// Benchmark Process 342900 has exited with code 0.

Mean = 72.086 ms, StdErr = 0.204 ms (0.28%), N = 3, StdDev = 0.353 ms
Min = 71.702 ms, Q1 = 71.931 ms, Median = 72.160 ms, Q3 = 72.278 ms, Max = 72.396 ms
IQR = 0.347 ms, LowerFence = 71.411 ms, UpperFence = 72.799 ms
ConfidenceInterval = [65.648 ms; 78.524 ms] (CI 99.9%), Margin = 6.438 ms (8.93% of Mean)
Skewness = -0.2, Kurtosis = 0.67, MValue = 2

// ** Remained 27 (60.0%) benchmark(s) to run. Estimated finish 2026-09-22 0:24 (0h 3m from now) **
// **************************
// Benchmark: SessionSetupDecompositionBenchmarks.StageS3_PipelineNoPayloadAsync: ShortRun(InvocationCount=1, IterationCount=3, LaunchCount=1, UnrollFactor=1, WarmupCount=3) [Sessions=1]
// *** Execute ***
// Launch: 1 / 1
// Execute: dotnet WinForward.Benchmarks-ShortRun-1.dll --anonymousPipes 129 130 --benchmarkName "WinForward.Benchmarks.Perf.SessionSetupDecompositionBenchmarks.StageS3_PipelineNoPayloadAsync(Sessions: 1)" --job ShortRun --benchmarkId 18 in /home/paff/Projects/WinForward/benchmarks/WinForward.Benchmarks/bin/Release/net10.0/WinForward.Benchmarks-ShortRun-1/bin/Release/net10.0
// Failed to set up high priority (Permission denied). In order to run benchmarks with high priority, make sure you have the right permissions.
// BeforeAnythingElse

// Benchmark Process Environment Information:
// BenchmarkDotNet v0.15.8
// Runtime=.NET 10.0.12 (10.0.12, 10.0.1226.42308), X64 RyuJIT x86-64-v4
// GC=Concurrent Workstation
// HardwareIntrinsics=AVX512 BITALG+VBMI2+VNNI+VPOPCNTDQ,AVX512 IFMA+VBMI,AVX512 F+BW+CD+DQ+VL,AVX2+BMI1+BMI2+F16C+FMA+LZCNT+MOVBE,AVX,SSE3+SSSE3+SSE4.1+SSE4.2+POPCNT,X86Base+SSE+SSE2,AES+PCLMUL,AvxVnni VectorSize=256
// Job: ShortRun(InvocationCount=1, IterationCount=3, LaunchCount=1, UnrollFactor=1, WarmupCount=3)

OverheadJitting  1: 1 op, 261443.00 ns, 261.4430 us/op
WorkloadJitting  1: 1 op, 82523821.00 ns, 82.5238 ms/op

OverheadWarmup   1: 1 op, 851.00 ns, 851.0000 ns/op
OverheadWarmup   2: 1 op, 290.00 ns, 290.0000 ns/op
OverheadWarmup   3: 1 op, 310.00 ns, 310.0000 ns/op
OverheadWarmup   4: 1 op, 271.00 ns, 271.0000 ns/op
OverheadWarmup   5: 1 op, 291.00 ns, 291.0000 ns/op
OverheadWarmup   6: 1 op, 410.00 ns, 410.0000 ns/op
OverheadWarmup   7: 1 op, 440.00 ns, 440.0000 ns/op
OverheadWarmup   8: 1 op, 301.00 ns, 301.0000 ns/op

OverheadActual   1: 1 op, 441.00 ns, 441.0000 ns/op
OverheadActual   2: 1 op, 381.00 ns, 381.0000 ns/op
OverheadActual   3: 1 op, 431.00 ns, 431.0000 ns/op
OverheadActual   4: 1 op, 381.00 ns, 381.0000 ns/op
OverheadActual   5: 1 op, 371.00 ns, 371.0000 ns/op
OverheadActual   6: 1 op, 291.00 ns, 291.0000 ns/op
OverheadActual   7: 1 op, 431.00 ns, 431.0000 ns/op
OverheadActual   8: 1 op, 361.00 ns, 361.0000 ns/op
OverheadActual   9: 1 op, 410.00 ns, 410.0000 ns/op
OverheadActual  10: 1 op, 541.00 ns, 541.0000 ns/op
OverheadActual  11: 1 op, 351.00 ns, 351.0000 ns/op
OverheadActual  12: 1 op, 290.00 ns, 290.0000 ns/op
OverheadActual  13: 1 op, 441.00 ns, 441.0000 ns/op
OverheadActual  14: 1 op, 290.00 ns, 290.0000 ns/op
OverheadActual  15: 1 op, 451.00 ns, 451.0000 ns/op
OverheadActual  16: 1 op, 291.00 ns, 291.0000 ns/op
OverheadActual  17: 1 op, 270.00 ns, 270.0000 ns/op
OverheadActual  18: 1 op, 381.00 ns, 381.0000 ns/op
OverheadActual  19: 1 op, 271.00 ns, 271.0000 ns/op
OverheadActual  20: 1 op, 440.00 ns, 440.0000 ns/op

WorkloadWarmup   1: 1 op, 30878786.00 ns, 30.8788 ms/op
WorkloadWarmup   2: 1 op, 30566678.00 ns, 30.5667 ms/op
WorkloadWarmup   3: 1 op, 29862521.00 ns, 29.8625 ms/op

// BeforeActualRun
WorkloadActual   1: 1 op, 29228056.00 ns, 29.2281 ms/op
WorkloadActual   2: 1 op, 30390507.00 ns, 30.3905 ms/op
WorkloadActual   3: 1 op, 30909504.00 ns, 30.9095 ms/op

// AfterActualRun
WorkloadResult   1: 1 op, 29227675.00 ns, 29.2277 ms/op
WorkloadResult   2: 1 op, 30390126.00 ns, 30.3901 ms/op
WorkloadResult   3: 1 op, 30909123.00 ns, 30.9091 ms/op
// GC:  0 0 0 36672 1
// Threading:  0 0 1

// AfterAll
// Benchmark Process 343425 has exited with code 0.

Mean = 30.176 ms, StdErr = 0.497 ms (1.65%), N = 3, StdDev = 0.861 ms
Min = 29.228 ms, Q1 = 29.809 ms, Median = 30.390 ms, Q3 = 30.650 ms, Max = 30.909 ms
IQR = 0.841 ms, LowerFence = 28.548 ms, UpperFence = 31.911 ms
ConfidenceInterval = [14.468 ms; 45.883 ms] (CI 99.9%), Margin = 15.708 ms (52.05% of Mean)
Skewness = -0.23, Kurtosis = 0.67, MValue = 2

// ** Remained 26 (57.8%) benchmark(s) to run. Estimated finish 2026-09-22 0:24 (0h 3m from now) **
// **************************
// Benchmark: SessionSetupDecompositionBenchmarks.StageS4_ReadinessTeardownOutsideAsync: ShortRun(InvocationCount=1, IterationCount=3, LaunchCount=1, UnrollFactor=1, WarmupCount=3) [Sessions=1]
// *** Execute ***
// Launch: 1 / 1
// Execute: dotnet WinForward.Benchmarks-ShortRun-1.dll --anonymousPipes 129 130 --benchmarkName "WinForward.Benchmarks.Perf.SessionSetupDecompositionBenchmarks.StageS4_ReadinessTeardownOutsideAsync(Sessions: 1)" --job ShortRun --benchmarkId 19 in /home/paff/Projects/WinForward/benchmarks/WinForward.Benchmarks/bin/Release/net10.0/WinForward.Benchmarks-ShortRun-1/bin/Release/net10.0
// Failed to set up high priority (Permission denied). In order to run benchmarks with high priority, make sure you have the right permissions.
// BeforeAnythingElse

// Benchmark Process Environment Information:
// BenchmarkDotNet v0.15.8
// Runtime=.NET 10.0.12 (10.0.12, 10.0.1226.42308), X64 RyuJIT x86-64-v4
// GC=Concurrent Workstation
// HardwareIntrinsics=AVX512 BITALG+VBMI2+VNNI+VPOPCNTDQ,AVX512 IFMA+VBMI,AVX512 F+BW+CD+DQ+VL,AVX2+BMI1+BMI2+F16C+FMA+LZCNT+MOVBE,AVX,SSE3+SSSE3+SSE4.1+SSE4.2+POPCNT,X86Base+SSE+SSE2,AES+PCLMUL,AvxVnni VectorSize=256
// Job: ShortRun(InvocationCount=1, IterationCount=3, LaunchCount=1, UnrollFactor=1, WarmupCount=3)

OverheadJitting  1: 1 op, 300657.00 ns, 300.6570 us/op
WorkloadJitting  1: 1 op, 77886223.00 ns, 77.8862 ms/op

OverheadWarmup   1: 1 op, 481.00 ns, 481.0000 ns/op
OverheadWarmup   2: 1 op, 281.00 ns, 281.0000 ns/op
OverheadWarmup   3: 1 op, 421.00 ns, 421.0000 ns/op
OverheadWarmup   4: 1 op, 420.00 ns, 420.0000 ns/op
OverheadWarmup   5: 1 op, 390.00 ns, 390.0000 ns/op
OverheadWarmup   6: 1 op, 401.00 ns, 401.0000 ns/op
OverheadWarmup   7: 1 op, 421.00 ns, 421.0000 ns/op
OverheadWarmup   8: 1 op, 421.00 ns, 421.0000 ns/op

OverheadActual   1: 1 op, 981.00 ns, 981.0000 ns/op
OverheadActual   2: 1 op, 401.00 ns, 401.0000 ns/op
OverheadActual   3: 1 op, 430.00 ns, 430.0000 ns/op
OverheadActual   4: 1 op, 411.00 ns, 411.0000 ns/op
OverheadActual   5: 1 op, 411.00 ns, 411.0000 ns/op
OverheadActual   6: 1 op, 360.00 ns, 360.0000 ns/op
OverheadActual   7: 1 op, 371.00 ns, 371.0000 ns/op
OverheadActual   8: 1 op, 431.00 ns, 431.0000 ns/op
OverheadActual   9: 1 op, 270.00 ns, 270.0000 ns/op
OverheadActual  10: 1 op, 280.00 ns, 280.0000 ns/op
OverheadActual  11: 1 op, 451.00 ns, 451.0000 ns/op
OverheadActual  12: 1 op, 371.00 ns, 371.0000 ns/op
OverheadActual  13: 1 op, 380.00 ns, 380.0000 ns/op
OverheadActual  14: 1 op, 411.00 ns, 411.0000 ns/op
OverheadActual  15: 1 op, 631.00 ns, 631.0000 ns/op
OverheadActual  16: 1 op, 381.00 ns, 381.0000 ns/op
OverheadActual  17: 1 op, 381.00 ns, 381.0000 ns/op
OverheadActual  18: 1 op, 381.00 ns, 381.0000 ns/op
OverheadActual  19: 1 op, 401.00 ns, 401.0000 ns/op
OverheadActual  20: 1 op, 391.00 ns, 391.0000 ns/op

WorkloadWarmup   1: 1 op, 30946873.00 ns, 30.9469 ms/op
WorkloadWarmup   2: 1 op, 30646097.00 ns, 30.6461 ms/op
WorkloadWarmup   3: 1 op, 29918777.00 ns, 29.9188 ms/op

// BeforeActualRun
WorkloadActual   1: 1 op, 29782817.00 ns, 29.7828 ms/op
WorkloadActual   2: 1 op, 30125446.00 ns, 30.1254 ms/op
WorkloadActual   3: 1 op, 30438926.00 ns, 30.4389 ms/op

// AfterActualRun
WorkloadResult   1: 1 op, 29782421.00 ns, 29.7824 ms/op
WorkloadResult   2: 1 op, 30125050.00 ns, 30.1251 ms/op
WorkloadResult   3: 1 op, 30438530.00 ns, 30.4385 ms/op
// GC:  0 0 0 33248 1
// Threading:  0 0 1

// AfterAll
// Benchmark Process 343959 has exited with code 0.

Mean = 30.115 ms, StdErr = 0.189 ms (0.63%), N = 3, StdDev = 0.328 ms
Min = 29.782 ms, Q1 = 29.954 ms, Median = 30.125 ms, Q3 = 30.282 ms, Max = 30.439 ms
IQR = 0.328 ms, LowerFence = 29.462 ms, UpperFence = 30.774 ms
ConfidenceInterval = [24.128 ms; 36.102 ms] (CI 99.9%), Margin = 5.987 ms (19.88% of Mean)
Skewness = -0.03, Kurtosis = 0.67, MValue = 2

// ** Remained 25 (55.6%) benchmark(s) to run. Estimated finish 2026-09-22 0:24 (0h 3m from now) **
// **************************
// Benchmark: SessionSetupDecompositionBenchmarks.StageS5_ReadinessTeardownInsideAsync: ShortRun(InvocationCount=1, IterationCount=3, LaunchCount=1, UnrollFactor=1, WarmupCount=3) [Sessions=1]
// *** Execute ***
// Launch: 1 / 1
// Execute: dotnet WinForward.Benchmarks-ShortRun-1.dll --anonymousPipes 129 130 --benchmarkName "WinForward.Benchmarks.Perf.SessionSetupDecompositionBenchmarks.StageS5_ReadinessTeardownInsideAsync(Sessions: 1)" --job ShortRun --benchmarkId 20 in /home/paff/Projects/WinForward/benchmarks/WinForward.Benchmarks/bin/Release/net10.0/WinForward.Benchmarks-ShortRun-1/bin/Release/net10.0
// Failed to set up high priority (Permission denied). In order to run benchmarks with high priority, make sure you have the right permissions.
// BeforeAnythingElse

// Benchmark Process Environment Information:
// BenchmarkDotNet v0.15.8
// Runtime=.NET 10.0.12 (10.0.12, 10.0.1226.42308), X64 RyuJIT x86-64-v4
// GC=Concurrent Workstation
// HardwareIntrinsics=AVX512 BITALG+VBMI2+VNNI+VPOPCNTDQ,AVX512 IFMA+VBMI,AVX512 F+BW+CD+DQ+VL,AVX2+BMI1+BMI2+F16C+FMA+LZCNT+MOVBE,AVX,SSE3+SSSE3+SSE4.1+SSE4.2+POPCNT,X86Base+SSE+SSE2,AES+PCLMUL,AvxVnni VectorSize=256
// Job: ShortRun(InvocationCount=1, IterationCount=3, LaunchCount=1, UnrollFactor=1, WarmupCount=3)

OverheadJitting  1: 1 op, 334179.00 ns, 334.1790 us/op
WorkloadJitting  1: 1 op, 104356773.00 ns, 104.3568 ms/op

OverheadWarmup   1: 1 op, 390.00 ns, 390.0000 ns/op
OverheadWarmup   2: 1 op, 361.00 ns, 361.0000 ns/op
OverheadWarmup   3: 1 op, 351.00 ns, 351.0000 ns/op
OverheadWarmup   4: 1 op, 401.00 ns, 401.0000 ns/op
OverheadWarmup   5: 1 op, 391.00 ns, 391.0000 ns/op
OverheadWarmup   6: 1 op, 401.00 ns, 401.0000 ns/op
OverheadWarmup   7: 1 op, 371.00 ns, 371.0000 ns/op

OverheadActual   1: 1 op, 400.00 ns, 400.0000 ns/op
OverheadActual   2: 1 op, 421.00 ns, 421.0000 ns/op
OverheadActual   3: 1 op, 400.00 ns, 400.0000 ns/op
OverheadActual   4: 1 op, 411.00 ns, 411.0000 ns/op
OverheadActual   5: 1 op, 451.00 ns, 451.0000 ns/op
OverheadActual   6: 1 op, 461.00 ns, 461.0000 ns/op
OverheadActual   7: 1 op, 351.00 ns, 351.0000 ns/op
OverheadActual   8: 1 op, 371.00 ns, 371.0000 ns/op
OverheadActual   9: 1 op, 430.00 ns, 430.0000 ns/op
OverheadActual  10: 1 op, 401.00 ns, 401.0000 ns/op
OverheadActual  11: 1 op, 281.00 ns, 281.0000 ns/op
OverheadActual  12: 1 op, 271.00 ns, 271.0000 ns/op
OverheadActual  13: 1 op, 391.00 ns, 391.0000 ns/op
OverheadActual  14: 1 op, 340.00 ns, 340.0000 ns/op
OverheadActual  15: 1 op, 431.00 ns, 431.0000 ns/op
OverheadActual  16: 1 op, 360.00 ns, 360.0000 ns/op
OverheadActual  17: 1 op, 331.00 ns, 331.0000 ns/op
OverheadActual  18: 1 op, 380.00 ns, 380.0000 ns/op
OverheadActual  19: 1 op, 390.00 ns, 390.0000 ns/op
OverheadActual  20: 1 op, 441.00 ns, 441.0000 ns/op

WorkloadWarmup   1: 1 op, 45044127.00 ns, 45.0441 ms/op
WorkloadWarmup   2: 1 op, 43147854.00 ns, 43.1479 ms/op
WorkloadWarmup   3: 1 op, 42805842.00 ns, 42.8058 ms/op

// BeforeActualRun
WorkloadActual   1: 1 op, 43151281.00 ns, 43.1513 ms/op
WorkloadActual   2: 1 op, 43050050.00 ns, 43.0501 ms/op
WorkloadActual   3: 1 op, 43429285.00 ns, 43.4293 ms/op

// AfterActualRun
WorkloadResult   1: 1 op, 43150885.50 ns, 43.1509 ms/op
WorkloadResult   2: 1 op, 43049654.50 ns, 43.0497 ms/op
WorkloadResult   3: 1 op, 43428889.50 ns, 43.4289 ms/op
// GC:  0 0 0 100472 1
// Threading:  1 64 1
// Exceptions:  130

// AfterAll
// Benchmark Process 344488 has exited with code 0.

Mean = 43.210 ms, StdErr = 0.113 ms (0.26%), N = 3, StdDev = 0.196 ms
Min = 43.050 ms, Q1 = 43.100 ms, Median = 43.151 ms, Q3 = 43.290 ms, Max = 43.429 ms
IQR = 0.190 ms, LowerFence = 42.816 ms, UpperFence = 43.574 ms
ConfidenceInterval = [39.627 ms; 46.792 ms] (CI 99.9%), Margin = 3.582 ms (8.29% of Mean)
Skewness = 0.27, Kurtosis = 0.67, MValue = 2

// ** Remained 24 (53.3%) benchmark(s) to run. Estimated finish 2026-09-22 0:24 (0h 2m from now) **
// **************************
// Benchmark: SessionSetupDecompositionBenchmarks.BaselineF_FakeTransportCreationAsync: ShortRun(InvocationCount=1, IterationCount=3, LaunchCount=1, UnrollFactor=1, WarmupCount=3) [Sessions=1]
// *** Execute ***
// Launch: 1 / 1
// Execute: dotnet WinForward.Benchmarks-ShortRun-1.dll --anonymousPipes 129 130 --benchmarkName "WinForward.Benchmarks.Perf.SessionSetupDecompositionBenchmarks.BaselineF_FakeTransportCreationAsync(Sessions: 1)" --job ShortRun --benchmarkId 21 in /home/paff/Projects/WinForward/benchmarks/WinForward.Benchmarks/bin/Release/net10.0/WinForward.Benchmarks-ShortRun-1/bin/Release/net10.0
// Failed to set up high priority (Permission denied). In order to run benchmarks with high priority, make sure you have the right permissions.
// BeforeAnythingElse

// Benchmark Process Environment Information:
// BenchmarkDotNet v0.15.8
// Runtime=.NET 10.0.12 (10.0.12, 10.0.1226.42308), X64 RyuJIT x86-64-v4
// GC=Concurrent Workstation
// HardwareIntrinsics=AVX512 BITALG+VBMI2+VNNI+VPOPCNTDQ,AVX512 IFMA+VBMI,AVX512 F+BW+CD+DQ+VL,AVX2+BMI1+BMI2+F16C+FMA+LZCNT+MOVBE,AVX,SSE3+SSSE3+SSE4.1+SSE4.2+POPCNT,X86Base+SSE+SSE2,AES+PCLMUL,AvxVnni VectorSize=256
// Job: ShortRun(InvocationCount=1, IterationCount=3, LaunchCount=1, UnrollFactor=1, WarmupCount=3)

OverheadJitting  1: 1 op, 263988.00 ns, 263.9880 us/op
WorkloadJitting  1: 1 op, 5838742.00 ns, 5.8387 ms/op

OverheadWarmup   1: 1 op, 400.00 ns, 400.0000 ns/op
OverheadWarmup   2: 1 op, 271.00 ns, 271.0000 ns/op
OverheadWarmup   3: 1 op, 271.00 ns, 271.0000 ns/op
OverheadWarmup   4: 1 op, 461.00 ns, 461.0000 ns/op
OverheadWarmup   5: 1 op, 451.00 ns, 451.0000 ns/op
OverheadWarmup   6: 1 op, 371.00 ns, 371.0000 ns/op
OverheadWarmup   7: 1 op, 381.00 ns, 381.0000 ns/op

OverheadActual   1: 1 op, 411.00 ns, 411.0000 ns/op
OverheadActual   2: 1 op, 391.00 ns, 391.0000 ns/op
OverheadActual   3: 1 op, 400.00 ns, 400.0000 ns/op
OverheadActual   4: 1 op, 391.00 ns, 391.0000 ns/op
OverheadActual   5: 1 op, 360.00 ns, 360.0000 ns/op
OverheadActual   6: 1 op, 290.00 ns, 290.0000 ns/op
OverheadActual   7: 1 op, 410.00 ns, 410.0000 ns/op
OverheadActual   8: 1 op, 421.00 ns, 421.0000 ns/op
OverheadActual   9: 1 op, 290.00 ns, 290.0000 ns/op
OverheadActual  10: 1 op, 280.00 ns, 280.0000 ns/op
OverheadActual  11: 1 op, 271.00 ns, 271.0000 ns/op
OverheadActual  12: 1 op, 371.00 ns, 371.0000 ns/op
OverheadActual  13: 1 op, 281.00 ns, 281.0000 ns/op
OverheadActual  14: 1 op, 662.00 ns, 662.0000 ns/op
OverheadActual  15: 1 op, 280.00 ns, 280.0000 ns/op
OverheadActual  16: 1 op, 281.00 ns, 281.0000 ns/op
OverheadActual  17: 1 op, 280.00 ns, 280.0000 ns/op
OverheadActual  18: 1 op, 421.00 ns, 421.0000 ns/op
OverheadActual  19: 1 op, 370.00 ns, 370.0000 ns/op
OverheadActual  20: 1 op, 370.00 ns, 370.0000 ns/op

WorkloadWarmup   1: 1 op, 79269.00 ns, 79.2690 us/op
WorkloadWarmup   2: 1 op, 7604.00 ns, 7.6040 us/op
WorkloadWarmup   3: 1 op, 5741.00 ns, 5.7410 us/op

// BeforeActualRun
WorkloadActual   1: 1 op, 7705.00 ns, 7.7050 us/op
WorkloadActual   2: 1 op, 5641.00 ns, 5.6410 us/op
WorkloadActual   3: 1 op, 5591.00 ns, 5.5910 us/op

// AfterActualRun
WorkloadResult   1: 1 op, 7335.00 ns, 7.3350 us/op
WorkloadResult   2: 1 op, 5271.00 ns, 5.2710 us/op
WorkloadResult   3: 1 op, 5221.00 ns, 5.2210 us/op
// GC:  0 0 0 136 1
// Threading:  0 0 1

// AfterAll
// Benchmark Process 345014 has exited with code 0.

Mean = 5.942 us, StdErr = 0.696 us (11.72%), N = 3, StdDev = 1.206 us
Min = 5.221 us, Q1 = 5.246 us, Median = 5.271 us, Q3 = 6.303 us, Max = 7.335 us
IQR = 1.057 us, LowerFence = 3.660 us, UpperFence = 7.888 us
ConfidenceInterval = [-16.066 us; 27.951 us] (CI 99.9%), Margin = 22.008 us (370.36% of Mean)
Skewness = 0.38, Kurtosis = 0.67, MValue = 2

// ** Remained 23 (51.1%) benchmark(s) to run. Estimated finish 2026-09-22 0:23 (0h 2m from now) **
// **************************
// Benchmark: SessionSetupDecompositionBenchmarks.BaselineH_FlowKeyConstruction: ShortRun(InvocationCount=1, IterationCount=3, LaunchCount=1, UnrollFactor=1, WarmupCount=3) [Sessions=1]
// *** Execute ***
// Launch: 1 / 1
// Execute: dotnet WinForward.Benchmarks-ShortRun-1.dll --anonymousPipes 129 130 --benchmarkName "WinForward.Benchmarks.Perf.SessionSetupDecompositionBenchmarks.BaselineH_FlowKeyConstruction(Sessions: 1)" --job ShortRun --benchmarkId 22 in /home/paff/Projects/WinForward/benchmarks/WinForward.Benchmarks/bin/Release/net10.0/WinForward.Benchmarks-ShortRun-1/bin/Release/net10.0
// Failed to set up high priority (Permission denied). In order to run benchmarks with high priority, make sure you have the right permissions.
// BeforeAnythingElse

// Benchmark Process Environment Information:
// BenchmarkDotNet v0.15.8
// Runtime=.NET 10.0.12 (10.0.12, 10.0.1226.42308), X64 RyuJIT x86-64-v4
// GC=Concurrent Workstation
// HardwareIntrinsics=AVX512 BITALG+VBMI2+VNNI+VPOPCNTDQ,AVX512 IFMA+VBMI,AVX512 F+BW+CD+DQ+VL,AVX2+BMI1+BMI2+F16C+FMA+LZCNT+MOVBE,AVX,SSE3+SSSE3+SSE4.1+SSE4.2+POPCNT,X86Base+SSE+SSE2,AES+PCLMUL,AvxVnni VectorSize=256
// Job: ShortRun(InvocationCount=1, IterationCount=3, LaunchCount=1, UnrollFactor=1, WarmupCount=3)

OverheadJitting  1: 1 op, 314863.00 ns, 314.8630 us/op
WorkloadJitting  1: 1 op, 6716356.00 ns, 6.7164 ms/op

OverheadWarmup   1: 1 op, 591.00 ns, 591.0000 ns/op
OverheadWarmup   2: 1 op, 330.00 ns, 330.0000 ns/op
OverheadWarmup   3: 1 op, 470.00 ns, 470.0000 ns/op
OverheadWarmup   4: 1 op, 451.00 ns, 451.0000 ns/op
OverheadWarmup   5: 1 op, 271.00 ns, 271.0000 ns/op
OverheadWarmup   6: 1 op, 270.00 ns, 270.0000 ns/op
OverheadWarmup   7: 1 op, 271.00 ns, 271.0000 ns/op
OverheadWarmup   8: 1 op, 291.00 ns, 291.0000 ns/op
OverheadWarmup   9: 1 op, 451.00 ns, 451.0000 ns/op
OverheadWarmup  10: 1 op, 270.00 ns, 270.0000 ns/op

OverheadActual   1: 1 op, 391.00 ns, 391.0000 ns/op
OverheadActual   2: 1 op, 691.00 ns, 691.0000 ns/op
OverheadActual   3: 1 op, 701.00 ns, 701.0000 ns/op
OverheadActual   4: 1 op, 531.00 ns, 531.0000 ns/op
OverheadActual   5: 1 op, 551.00 ns, 551.0000 ns/op
OverheadActual   6: 1 op, 331.00 ns, 331.0000 ns/op
OverheadActual   7: 1 op, 481.00 ns, 481.0000 ns/op
OverheadActual   8: 1 op, 421.00 ns, 421.0000 ns/op
OverheadActual   9: 1 op, 301.00 ns, 301.0000 ns/op
OverheadActual  10: 1 op, 260.00 ns, 260.0000 ns/op
OverheadActual  11: 1 op, 270.00 ns, 270.0000 ns/op
OverheadActual  12: 1 op, 271.00 ns, 271.0000 ns/op
OverheadActual  13: 1 op, 270.00 ns, 270.0000 ns/op
OverheadActual  14: 1 op, 271.00 ns, 271.0000 ns/op
OverheadActual  15: 1 op, 271.00 ns, 271.0000 ns/op
OverheadActual  16: 1 op, 270.00 ns, 270.0000 ns/op
OverheadActual  17: 1 op, 451.00 ns, 451.0000 ns/op
OverheadActual  18: 1 op, 270.00 ns, 270.0000 ns/op
OverheadActual  19: 1 op, 271.00 ns, 271.0000 ns/op
OverheadActual  20: 1 op, 481.00 ns, 481.0000 ns/op

WorkloadWarmup   1: 1 op, 21451.00 ns, 21.4510 us/op
WorkloadWarmup   2: 1 op, 15930.00 ns, 15.9300 us/op
WorkloadWarmup   3: 1 op, 13415.00 ns, 13.4150 us/op

// BeforeActualRun
WorkloadActual   1: 1 op, 12854.00 ns, 12.8540 us/op
WorkloadActual   2: 1 op, 14848.00 ns, 14.8480 us/op
WorkloadActual   3: 1 op, 13976.00 ns, 13.9760 us/op

// AfterActualRun
WorkloadResult   1: 1 op, 12538.00 ns, 12.5380 us/op
WorkloadResult   2: 1 op, 14532.00 ns, 14.5320 us/op
WorkloadResult   3: 1 op, 13660.00 ns, 13.6600 us/op
// GC:  0 0 0 352 1
// Threading:  0 0 1

// AfterAll
// Benchmark Process 345023 has exited with code 0.

Mean = 13.577 us, StdErr = 0.577 us (4.25%), N = 3, StdDev = 1.000 us
Min = 12.538 us, Q1 = 13.099 us, Median = 13.660 us, Q3 = 14.096 us, Max = 14.532 us
IQR = 0.997 us, LowerFence = 11.604 us, UpperFence = 15.591 us
ConfidenceInterval = [-4.660 us; 31.813 us] (CI 99.9%), Margin = 18.237 us (134.32% of Mean)
Skewness = -0.08, Kurtosis = 0.67, MValue = 2

// ** Remained 22 (48.9%) benchmark(s) to run. Estimated finish 2026-09-22 0:23 (0h 2m from now) **
// **************************
// Benchmark: SessionSetupDecompositionBenchmarks.ComponentC1_AssociationClaimRelease: ShortRun(InvocationCount=1, IterationCount=3, LaunchCount=1, UnrollFactor=1, WarmupCount=3) [Sessions=1]
// *** Execute ***
// Launch: 1 / 1
// Execute: dotnet WinForward.Benchmarks-ShortRun-1.dll --anonymousPipes 129 130 --benchmarkName "WinForward.Benchmarks.Perf.SessionSetupDecompositionBenchmarks.ComponentC1_AssociationClaimRelease(Sessions: 1)" --job ShortRun --benchmarkId 23 in /home/paff/Projects/WinForward/benchmarks/WinForward.Benchmarks/bin/Release/net10.0/WinForward.Benchmarks-ShortRun-1/bin/Release/net10.0
// Failed to set up high priority (Permission denied). In order to run benchmarks with high priority, make sure you have the right permissions.
// BeforeAnythingElse

// Benchmark Process Environment Information:
// BenchmarkDotNet v0.15.8
// Runtime=.NET 10.0.12 (10.0.12, 10.0.1226.42308), X64 RyuJIT x86-64-v4
// GC=Concurrent Workstation
// HardwareIntrinsics=AVX512 BITALG+VBMI2+VNNI+VPOPCNTDQ,AVX512 IFMA+VBMI,AVX512 F+BW+CD+DQ+VL,AVX2+BMI1+BMI2+F16C+FMA+LZCNT+MOVBE,AVX,SSE3+SSSE3+SSE4.1+SSE4.2+POPCNT,X86Base+SSE+SSE2,AES+PCLMUL,AvxVnni VectorSize=256
// Job: ShortRun(InvocationCount=1, IterationCount=3, LaunchCount=1, UnrollFactor=1, WarmupCount=3)

OverheadJitting  1: 1 op, 323079.00 ns, 323.0790 us/op
WorkloadJitting  1: 1 op, 18231945.00 ns, 18.2319 ms/op

OverheadWarmup   1: 1 op, 411.00 ns, 411.0000 ns/op
OverheadWarmup   2: 1 op, 270.00 ns, 270.0000 ns/op
OverheadWarmup   3: 1 op, 812.00 ns, 812.0000 ns/op
OverheadWarmup   4: 1 op, 381.00 ns, 381.0000 ns/op
OverheadWarmup   5: 1 op, 281.00 ns, 281.0000 ns/op
OverheadWarmup   6: 1 op, 270.00 ns, 270.0000 ns/op
OverheadWarmup   7: 1 op, 230.00 ns, 230.0000 ns/op
OverheadWarmup   8: 1 op, 280.00 ns, 280.0000 ns/op
OverheadWarmup   9: 1 op, 271.00 ns, 271.0000 ns/op

OverheadActual   1: 1 op, 391.00 ns, 391.0000 ns/op
OverheadActual   2: 1 op, 381.00 ns, 381.0000 ns/op
OverheadActual   3: 1 op, 371.00 ns, 371.0000 ns/op
OverheadActual   4: 1 op, 401.00 ns, 401.0000 ns/op
OverheadActual   5: 1 op, 391.00 ns, 391.0000 ns/op
OverheadActual   6: 1 op, 271.00 ns, 271.0000 ns/op
OverheadActual   7: 1 op, 411.00 ns, 411.0000 ns/op
OverheadActual   8: 1 op, 421.00 ns, 421.0000 ns/op
OverheadActual   9: 1 op, 491.00 ns, 491.0000 ns/op
OverheadActual  10: 1 op, 521.00 ns, 521.0000 ns/op
OverheadActual  11: 1 op, 271.00 ns, 271.0000 ns/op
OverheadActual  12: 1 op, 271.00 ns, 271.0000 ns/op
OverheadActual  13: 1 op, 441.00 ns, 441.0000 ns/op
OverheadActual  14: 1 op, 380.00 ns, 380.0000 ns/op
OverheadActual  15: 1 op, 391.00 ns, 391.0000 ns/op
OverheadActual  16: 1 op, 461.00 ns, 461.0000 ns/op
OverheadActual  17: 1 op, 351.00 ns, 351.0000 ns/op
OverheadActual  18: 1 op, 340.00 ns, 340.0000 ns/op
OverheadActual  19: 1 op, 380.00 ns, 380.0000 ns/op
OverheadActual  20: 1 op, 431.00 ns, 431.0000 ns/op

WorkloadWarmup   1: 1 op, 37621.00 ns, 37.6210 us/op
WorkloadWarmup   2: 1 op, 22292.00 ns, 22.2920 us/op
WorkloadWarmup   3: 1 op, 21921.00 ns, 21.9210 us/op

// BeforeActualRun
WorkloadActual   1: 1 op, 26830.00 ns, 26.8300 us/op
WorkloadActual   2: 1 op, 25007.00 ns, 25.0070 us/op
WorkloadActual   3: 1 op, 22513.00 ns, 22.5130 us/op

// AfterActualRun
WorkloadResult   1: 1 op, 26439.00 ns, 26.4390 us/op
WorkloadResult   2: 1 op, 24616.00 ns, 24.6160 us/op
WorkloadResult   3: 1 op, 22122.00 ns, 22.1220 us/op
// GC:  0 0 0 2120 1
// Threading:  0 0 1

// AfterAll
// Benchmark Process 345033 has exited with code 0.

Mean = 24.392 us, StdErr = 1.251 us (5.13%), N = 3, StdDev = 2.167 us
Min = 22.122 us, Q1 = 23.369 us, Median = 24.616 us, Q3 = 25.527 us, Max = 26.439 us
IQR = 2.159 us, LowerFence = 20.131 us, UpperFence = 28.765 us
ConfidenceInterval = [-15.145 us; 63.930 us] (CI 99.9%), Margin = 39.537 us (162.09% of Mean)
Skewness = -0.1, Kurtosis = 0.67, MValue = 2

// ** Remained 21 (46.7%) benchmark(s) to run. Estimated finish 2026-09-22 0:23 (0h 2m from now) **
// **************************
// Benchmark: SessionSetupDecompositionBenchmarks.ComponentC2_SessionConstructStartAsync: ShortRun(InvocationCount=1, IterationCount=3, LaunchCount=1, UnrollFactor=1, WarmupCount=3) [Sessions=1]
// *** Execute ***
// Launch: 1 / 1
// Execute: dotnet WinForward.Benchmarks-ShortRun-1.dll --anonymousPipes 129 130 --benchmarkName "WinForward.Benchmarks.Perf.SessionSetupDecompositionBenchmarks.ComponentC2_SessionConstructStartAsync(Sessions: 1)" --job ShortRun --benchmarkId 24 in /home/paff/Projects/WinForward/benchmarks/WinForward.Benchmarks/bin/Release/net10.0/WinForward.Benchmarks-ShortRun-1/bin/Release/net10.0
// Failed to set up high priority (Permission denied). In order to run benchmarks with high priority, make sure you have the right permissions.
// BeforeAnythingElse

// Benchmark Process Environment Information:
// BenchmarkDotNet v0.15.8
// Runtime=.NET 10.0.12 (10.0.12, 10.0.1226.42308), X64 RyuJIT x86-64-v4
// GC=Concurrent Workstation
// HardwareIntrinsics=AVX512 BITALG+VBMI2+VNNI+VPOPCNTDQ,AVX512 IFMA+VBMI,AVX512 F+BW+CD+DQ+VL,AVX2+BMI1+BMI2+F16C+FMA+LZCNT+MOVBE,AVX,SSE3+SSSE3+SSE4.1+SSE4.2+POPCNT,X86Base+SSE+SSE2,AES+PCLMUL,AvxVnni VectorSize=256
// Job: ShortRun(InvocationCount=1, IterationCount=3, LaunchCount=1, UnrollFactor=1, WarmupCount=3)

OverheadJitting  1: 1 op, 260581.00 ns, 260.5810 us/op
WorkloadJitting  1: 1 op, 32305945.00 ns, 32.3059 ms/op

OverheadWarmup   1: 1 op, 661.00 ns, 661.0000 ns/op
OverheadWarmup   2: 1 op, 421.00 ns, 421.0000 ns/op
OverheadWarmup   3: 1 op, 420.00 ns, 420.0000 ns/op
OverheadWarmup   4: 1 op, 481.00 ns, 481.0000 ns/op
OverheadWarmup   5: 1 op, 231.00 ns, 231.0000 ns/op
OverheadWarmup   6: 1 op, 291.00 ns, 291.0000 ns/op
OverheadWarmup   7: 1 op, 301.00 ns, 301.0000 ns/op
OverheadWarmup   8: 1 op, 641.00 ns, 641.0000 ns/op
OverheadWarmup   9: 1 op, 430.00 ns, 430.0000 ns/op

OverheadActual   1: 1 op, 471.00 ns, 471.0000 ns/op
OverheadActual   2: 1 op, 430.00 ns, 430.0000 ns/op
OverheadActual   3: 1 op, 471.00 ns, 471.0000 ns/op
OverheadActual   4: 1 op, 411.00 ns, 411.0000 ns/op
OverheadActual   5: 1 op, 441.00 ns, 441.0000 ns/op
OverheadActual   6: 1 op, 351.00 ns, 351.0000 ns/op
OverheadActual   7: 1 op, 390.00 ns, 390.0000 ns/op
OverheadActual   8: 1 op, 291.00 ns, 291.0000 ns/op
OverheadActual   9: 1 op, 401.00 ns, 401.0000 ns/op
OverheadActual  10: 1 op, 371.00 ns, 371.0000 ns/op
OverheadActual  11: 1 op, 330.00 ns, 330.0000 ns/op
OverheadActual  12: 1 op, 381.00 ns, 381.0000 ns/op
OverheadActual  13: 1 op, 370.00 ns, 370.0000 ns/op
OverheadActual  14: 1 op, 470.00 ns, 470.0000 ns/op
OverheadActual  15: 1 op, 361.00 ns, 361.0000 ns/op
OverheadActual  16: 1 op, 431.00 ns, 431.0000 ns/op
OverheadActual  17: 1 op, 371.00 ns, 371.0000 ns/op
OverheadActual  18: 1 op, 431.00 ns, 431.0000 ns/op
OverheadActual  19: 1 op, 441.00 ns, 441.0000 ns/op
OverheadActual  20: 1 op, 370.00 ns, 370.0000 ns/op

WorkloadWarmup   1: 1 op, 147838.00 ns, 147.8380 us/op
WorkloadWarmup   2: 1 op, 44394.00 ns, 44.3940 us/op
WorkloadWarmup   3: 1 op, 42420.00 ns, 42.4200 us/op

// BeforeActualRun
WorkloadActual   1: 1 op, 73057.00 ns, 73.0570 us/op
WorkloadActual   2: 1 op, 39294.00 ns, 39.2940 us/op
WorkloadActual   3: 1 op, 43302.00 ns, 43.3020 us/op

// AfterActualRun
WorkloadResult   1: 1 op, 72661.50 ns, 72.6615 us/op
WorkloadResult   2: 1 op, 38898.50 ns, 38.8985 us/op
WorkloadResult   3: 1 op, 42906.50 ns, 42.9065 us/op
// GC:  0 0 0 5832 1
// Threading:  0 0 1

// AfterAll
// Benchmark Process 345042 has exited with code 0.

Mean = 51.489 us, StdErr = 10.649 us (20.68%), N = 3, StdDev = 18.445 us
Min = 38.898 us, Q1 = 40.903 us, Median = 42.907 us, Q3 = 57.784 us, Max = 72.662 us
IQR = 16.881 us, LowerFence = 15.580 us, UpperFence = 83.106 us
ConfidenceInterval = [-285.021 us; 387.999 us] (CI 99.9%), Margin = 336.510 us (653.56% of Mean)
Skewness = 0.36, Kurtosis = 0.67, MValue = 2

// ** Remained 20 (44.4%) benchmark(s) to run. Estimated finish 2026-09-22 0:23 (0h 2m from now) **
// **************************
// Benchmark: SessionSetupDecompositionBenchmarks.StageS0_CoordinatorOnly: ShortRun(InvocationCount=1, IterationCount=3, LaunchCount=1, UnrollFactor=1, WarmupCount=3) [Sessions=100]
// *** Execute ***
// Launch: 1 / 1
// Execute: dotnet WinForward.Benchmarks-ShortRun-1.dll --anonymousPipes 129 130 --benchmarkName "WinForward.Benchmarks.Perf.SessionSetupDecompositionBenchmarks.StageS0_CoordinatorOnly(Sessions: 100)" --job ShortRun --benchmarkId 25 in /home/paff/Projects/WinForward/benchmarks/WinForward.Benchmarks/bin/Release/net10.0/WinForward.Benchmarks-ShortRun-1/bin/Release/net10.0
// Failed to set up high priority (Permission denied). In order to run benchmarks with high priority, make sure you have the right permissions.
// BeforeAnythingElse

// Benchmark Process Environment Information:
// BenchmarkDotNet v0.15.8
// Runtime=.NET 10.0.12 (10.0.12, 10.0.1226.42308), X64 RyuJIT x86-64-v4
// GC=Concurrent Workstation
// HardwareIntrinsics=AVX512 BITALG+VBMI2+VNNI+VPOPCNTDQ,AVX512 IFMA+VBMI,AVX512 F+BW+CD+DQ+VL,AVX2+BMI1+BMI2+F16C+FMA+LZCNT+MOVBE,AVX,SSE3+SSSE3+SSE4.1+SSE4.2+POPCNT,X86Base+SSE+SSE2,AES+PCLMUL,AvxVnni VectorSize=256
// Job: ShortRun(InvocationCount=1, IterationCount=3, LaunchCount=1, UnrollFactor=1, WarmupCount=3)

OverheadJitting  1: 1 op, 334571.00 ns, 334.5710 us/op
WorkloadJitting  1: 1 op, 6936461.00 ns, 6.9365 ms/op

OverheadWarmup   1: 1 op, 541.00 ns, 541.0000 ns/op
OverheadWarmup   2: 1 op, 491.00 ns, 491.0000 ns/op
OverheadWarmup   3: 1 op, 1082.00 ns, 1.0820 us/op
OverheadWarmup   4: 1 op, 341.00 ns, 341.0000 ns/op
OverheadWarmup   5: 1 op, 441.00 ns, 441.0000 ns/op
OverheadWarmup   6: 1 op, 330.00 ns, 330.0000 ns/op

OverheadActual   1: 1 op, 451.00 ns, 451.0000 ns/op
OverheadActual   2: 1 op, 391.00 ns, 391.0000 ns/op
OverheadActual   3: 1 op, 511.00 ns, 511.0000 ns/op
OverheadActual   4: 1 op, 451.00 ns, 451.0000 ns/op
OverheadActual   5: 1 op, 451.00 ns, 451.0000 ns/op
OverheadActual   6: 1 op, 651.00 ns, 651.0000 ns/op
OverheadActual   7: 1 op, 461.00 ns, 461.0000 ns/op
OverheadActual   8: 1 op, 391.00 ns, 391.0000 ns/op
OverheadActual   9: 1 op, 471.00 ns, 471.0000 ns/op
OverheadActual  10: 1 op, 370.00 ns, 370.0000 ns/op
OverheadActual  11: 1 op, 450.00 ns, 450.0000 ns/op
OverheadActual  12: 1 op, 451.00 ns, 451.0000 ns/op
OverheadActual  13: 1 op, 451.00 ns, 451.0000 ns/op
OverheadActual  14: 1 op, 371.00 ns, 371.0000 ns/op
OverheadActual  15: 1 op, 360.00 ns, 360.0000 ns/op
OverheadActual  16: 1 op, 351.00 ns, 351.0000 ns/op
OverheadActual  17: 1 op, 340.00 ns, 340.0000 ns/op
OverheadActual  18: 1 op, 421.00 ns, 421.0000 ns/op
OverheadActual  19: 1 op, 471.00 ns, 471.0000 ns/op
OverheadActual  20: 1 op, 301.00 ns, 301.0000 ns/op

WorkloadWarmup   1: 1 op, 109075.00 ns, 109.0750 us/op
WorkloadWarmup   2: 1 op, 20750.00 ns, 20.7500 us/op
WorkloadWarmup   3: 1 op, 16952.00 ns, 16.9520 us/op

// BeforeActualRun
WorkloadActual   1: 1 op, 84069.00 ns, 84.0690 us/op
WorkloadActual   2: 1 op, 13225.00 ns, 13.2250 us/op
WorkloadActual   3: 1 op, 16201.00 ns, 16.2010 us/op

// AfterActualRun
WorkloadResult   1: 1 op, 83618.50 ns, 83.6185 us/op
WorkloadResult   2: 1 op, 12774.50 ns, 12.7745 us/op
WorkloadResult   3: 1 op, 15750.50 ns, 15.7505 us/op
// GC:  0 0 0 54456 1
// Threading:  0 0 1

// AfterAll
// Benchmark Process 345056 has exited with code 0.

Mean = 37.381 us, StdErr = 23.135 us (61.89%), N = 3, StdDev = 40.070 us
Min = 12.774 us, Q1 = 14.262 us, Median = 15.751 us, Q3 = 49.684 us, Max = 83.618 us
IQR = 35.422 us, LowerFence = -38.870 us, UpperFence = 102.817 us
ConfidenceInterval = [-693.651 us; 768.413 us] (CI 99.9%), Margin = 731.032 us (1955.62% of Mean)
Skewness = 0.38, Kurtosis = 0.67, MValue = 2

// ** Remained 19 (42.2%) benchmark(s) to run. Estimated finish 2026-09-22 0:23 (0h 1m from now) **
// **************************
// Benchmark: SessionSetupDecompositionBenchmarks.StageS1_AdmissionOnlyAsync: ShortRun(InvocationCount=1, IterationCount=3, LaunchCount=1, UnrollFactor=1, WarmupCount=3) [Sessions=100]
// *** Execute ***
// Launch: 1 / 1
// Execute: dotnet WinForward.Benchmarks-ShortRun-1.dll --anonymousPipes 129 130 --benchmarkName "WinForward.Benchmarks.Perf.SessionSetupDecompositionBenchmarks.StageS1_AdmissionOnlyAsync(Sessions: 100)" --job ShortRun --benchmarkId 26 in /home/paff/Projects/WinForward/benchmarks/WinForward.Benchmarks/bin/Release/net10.0/WinForward.Benchmarks-ShortRun-1/bin/Release/net10.0
// Failed to set up high priority (Permission denied). In order to run benchmarks with high priority, make sure you have the right permissions.
// BeforeAnythingElse

// Benchmark Process Environment Information:
// BenchmarkDotNet v0.15.8
// Runtime=.NET 10.0.12 (10.0.12, 10.0.1226.42308), X64 RyuJIT x86-64-v4
// GC=Concurrent Workstation
// HardwareIntrinsics=AVX512 BITALG+VBMI2+VNNI+VPOPCNTDQ,AVX512 IFMA+VBMI,AVX512 F+BW+CD+DQ+VL,AVX2+BMI1+BMI2+F16C+FMA+LZCNT+MOVBE,AVX,SSE3+SSSE3+SSE4.1+SSE4.2+POPCNT,X86Base+SSE+SSE2,AES+PCLMUL,AvxVnni VectorSize=256
// Job: ShortRun(InvocationCount=1, IterationCount=3, LaunchCount=1, UnrollFactor=1, WarmupCount=3)

OverheadJitting  1: 1 op, 262044.00 ns, 262.0440 us/op
WorkloadJitting  1: 1 op, 23088967.00 ns, 23.0890 ms/op

OverheadWarmup   1: 1 op, 401.00 ns, 401.0000 ns/op
OverheadWarmup   2: 1 op, 371.00 ns, 371.0000 ns/op
OverheadWarmup   3: 1 op, 431.00 ns, 431.0000 ns/op
OverheadWarmup   4: 1 op, 430.00 ns, 430.0000 ns/op
OverheadWarmup   5: 1 op, 370.00 ns, 370.0000 ns/op
OverheadWarmup   6: 1 op, 410.00 ns, 410.0000 ns/op
OverheadWarmup   7: 1 op, 391.00 ns, 391.0000 ns/op

OverheadActual   1: 1 op, 391.00 ns, 391.0000 ns/op
OverheadActual   2: 1 op, 420.00 ns, 420.0000 ns/op
OverheadActual   3: 1 op, 421.00 ns, 421.0000 ns/op
OverheadActual   4: 1 op, 401.00 ns, 401.0000 ns/op
OverheadActual   5: 1 op, 421.00 ns, 421.0000 ns/op
OverheadActual   6: 1 op, 400.00 ns, 400.0000 ns/op
OverheadActual   7: 1 op, 411.00 ns, 411.0000 ns/op
OverheadActual   8: 1 op, 431.00 ns, 431.0000 ns/op
OverheadActual   9: 1 op, 411.00 ns, 411.0000 ns/op
OverheadActual  10: 1 op, 631.00 ns, 631.0000 ns/op
OverheadActual  11: 1 op, 360.00 ns, 360.0000 ns/op
OverheadActual  12: 1 op, 411.00 ns, 411.0000 ns/op
OverheadActual  13: 1 op, 411.00 ns, 411.0000 ns/op
OverheadActual  14: 1 op, 290.00 ns, 290.0000 ns/op
OverheadActual  15: 1 op, 290.00 ns, 290.0000 ns/op
OverheadActual  16: 1 op, 280.00 ns, 280.0000 ns/op
OverheadActual  17: 1 op, 290.00 ns, 290.0000 ns/op
OverheadActual  18: 1 op, 440.00 ns, 440.0000 ns/op
OverheadActual  19: 1 op, 421.00 ns, 421.0000 ns/op
OverheadActual  20: 1 op, 551.00 ns, 551.0000 ns/op

WorkloadWarmup   1: 1 op, 390726.00 ns, 390.7260 us/op
WorkloadWarmup   2: 1 op, 404943.00 ns, 404.9430 us/op
WorkloadWarmup   3: 1 op, 212971.00 ns, 212.9710 us/op

// BeforeActualRun
WorkloadActual   1: 1 op, 214314.00 ns, 214.3140 us/op
WorkloadActual   2: 1 op, 213011.00 ns, 213.0110 us/op
WorkloadActual   3: 1 op, 217630.00 ns, 217.6300 us/op

// AfterActualRun
WorkloadResult   1: 1 op, 213903.00 ns, 213.9030 us/op
WorkloadResult   2: 1 op, 212600.00 ns, 212.6000 us/op
WorkloadResult   3: 1 op, 217219.00 ns, 217.2190 us/op
// GC:  0 0 0 134928 1
// Threading:  0 0 1

// AfterAll
// Benchmark Process 345065 has exited with code 0.

Mean = 214.574 us, StdErr = 1.375 us (0.64%), N = 3, StdDev = 2.381 us
Min = 212.600 us, Q1 = 213.251 us, Median = 213.903 us, Q3 = 215.561 us, Max = 217.219 us
IQR = 2.309 us, LowerFence = 209.787 us, UpperFence = 219.025 us
ConfidenceInterval = [171.127 us; 258.021 us] (CI 99.9%), Margin = 43.447 us (20.25% of Mean)
Skewness = 0.26, Kurtosis = 0.67, MValue = 2

// ** Remained 18 (40.0%) benchmark(s) to run. Estimated finish 2026-09-22 0:22 (0h 1m from now) **
// **************************
// Benchmark: SessionSetupDecompositionBenchmarks.StageS2_SetupStartedAsync: ShortRun(InvocationCount=1, IterationCount=3, LaunchCount=1, UnrollFactor=1, WarmupCount=3) [Sessions=100]
// *** Execute ***
// Launch: 1 / 1
// Execute: dotnet WinForward.Benchmarks-ShortRun-1.dll --anonymousPipes 129 130 --benchmarkName "WinForward.Benchmarks.Perf.SessionSetupDecompositionBenchmarks.StageS2_SetupStartedAsync(Sessions: 100)" --job ShortRun --benchmarkId 27 in /home/paff/Projects/WinForward/benchmarks/WinForward.Benchmarks/bin/Release/net10.0/WinForward.Benchmarks-ShortRun-1/bin/Release/net10.0
// Failed to set up high priority (Permission denied). In order to run benchmarks with high priority, make sure you have the right permissions.
// BeforeAnythingElse

// Benchmark Process Environment Information:
// BenchmarkDotNet v0.15.8
// Runtime=.NET 10.0.12 (10.0.12, 10.0.1226.42308), X64 RyuJIT x86-64-v4
// GC=Concurrent Workstation
// HardwareIntrinsics=AVX512 BITALG+VBMI2+VNNI+VPOPCNTDQ,AVX512 IFMA+VBMI,AVX512 F+BW+CD+DQ+VL,AVX2+BMI1+BMI2+F16C+FMA+LZCNT+MOVBE,AVX,SSE3+SSSE3+SSE4.1+SSE4.2+POPCNT,X86Base+SSE+SSE2,AES+PCLMUL,AvxVnni VectorSize=256
// Job: ShortRun(InvocationCount=1, IterationCount=3, LaunchCount=1, UnrollFactor=1, WarmupCount=3)

OverheadJitting  1: 1 op, 354137.00 ns, 354.1370 us/op
WorkloadJitting  1: 1 op, 117022229.00 ns, 117.0222 ms/op

OverheadWarmup   1: 1 op, 571.00 ns, 571.0000 ns/op
OverheadWarmup   2: 1 op, 531.00 ns, 531.0000 ns/op
OverheadWarmup   3: 1 op, 451.00 ns, 451.0000 ns/op
OverheadWarmup   4: 1 op, 461.00 ns, 461.0000 ns/op
OverheadWarmup   5: 1 op, 441.00 ns, 441.0000 ns/op
OverheadWarmup   6: 1 op, 481.00 ns, 481.0000 ns/op
OverheadWarmup   7: 1 op, 371.00 ns, 371.0000 ns/op

OverheadActual   1: 1 op, 411.00 ns, 411.0000 ns/op
OverheadActual   2: 1 op, 451.00 ns, 451.0000 ns/op
OverheadActual   3: 1 op, 400.00 ns, 400.0000 ns/op
OverheadActual   4: 1 op, 431.00 ns, 431.0000 ns/op
OverheadActual   5: 1 op, 430.00 ns, 430.0000 ns/op
OverheadActual   6: 1 op, 291.00 ns, 291.0000 ns/op
OverheadActual   7: 1 op, 281.00 ns, 281.0000 ns/op
OverheadActual   8: 1 op, 441.00 ns, 441.0000 ns/op
OverheadActual   9: 1 op, 451.00 ns, 451.0000 ns/op
OverheadActual  10: 1 op, 401.00 ns, 401.0000 ns/op
OverheadActual  11: 1 op, 411.00 ns, 411.0000 ns/op
OverheadActual  12: 1 op, 411.00 ns, 411.0000 ns/op
OverheadActual  13: 1 op, 320.00 ns, 320.0000 ns/op
OverheadActual  14: 1 op, 420.00 ns, 420.0000 ns/op
OverheadActual  15: 1 op, 481.00 ns, 481.0000 ns/op
OverheadActual  16: 1 op, 420.00 ns, 420.0000 ns/op
OverheadActual  17: 1 op, 371.00 ns, 371.0000 ns/op
OverheadActual  18: 1 op, 511.00 ns, 511.0000 ns/op
OverheadActual  19: 1 op, 461.00 ns, 461.0000 ns/op
OverheadActual  20: 1 op, 401.00 ns, 401.0000 ns/op

WorkloadWarmup   1: 1 op, 79862126.00 ns, 79.8621 ms/op
WorkloadWarmup   2: 1 op, 77650759.00 ns, 77.6508 ms/op
WorkloadWarmup   3: 1 op, 78898530.00 ns, 78.8985 ms/op

// BeforeActualRun
WorkloadActual   1: 1 op, 77694271.00 ns, 77.6943 ms/op
WorkloadActual   2: 1 op, 79319544.00 ns, 79.3195 ms/op
WorkloadActual   3: 1 op, 88489904.00 ns, 88.4899 ms/op

// AfterActualRun
WorkloadResult   1: 1 op, 77693855.50 ns, 77.6939 ms/op
WorkloadResult   2: 1 op, 79319128.50 ns, 79.3191 ms/op
WorkloadResult   3: 1 op, 88489488.50 ns, 88.4895 ms/op
// GC:  0 0 0 221104 1
// Threading:  5 22 1

// AfterAll
// Benchmark Process 345074 has exited with code 0.

Mean = 81.834 ms, StdErr = 3.361 ms (4.11%), N = 3, StdDev = 5.821 ms
Min = 77.694 ms, Q1 = 78.506 ms, Median = 79.319 ms, Q3 = 83.904 ms, Max = 88.489 ms
IQR = 5.398 ms, LowerFence = 70.410 ms, UpperFence = 92.001 ms
ConfidenceInterval = [-24.357 ms; 188.025 ms] (CI 99.9%), Margin = 106.191 ms (129.76% of Mean)
Skewness = 0.35, Kurtosis = 0.67, MValue = 2

// ** Remained 17 (37.8%) benchmark(s) to run. Estimated finish 2026-09-22 0:22 (0h 1m from now) **
// **************************
// Benchmark: SessionSetupDecompositionBenchmarks.StageS3_PipelineNoPayloadAsync: ShortRun(InvocationCount=1, IterationCount=3, LaunchCount=1, UnrollFactor=1, WarmupCount=3) [Sessions=100]
// *** Execute ***
// Launch: 1 / 1
// Execute: dotnet WinForward.Benchmarks-ShortRun-1.dll --anonymousPipes 129 130 --benchmarkName "WinForward.Benchmarks.Perf.SessionSetupDecompositionBenchmarks.StageS3_PipelineNoPayloadAsync(Sessions: 100)" --job ShortRun --benchmarkId 28 in /home/paff/Projects/WinForward/benchmarks/WinForward.Benchmarks/bin/Release/net10.0/WinForward.Benchmarks-ShortRun-1/bin/Release/net10.0
// Failed to set up high priority (Permission denied). In order to run benchmarks with high priority, make sure you have the right permissions.
// BeforeAnythingElse

// Benchmark Process Environment Information:
// BenchmarkDotNet v0.15.8
// Runtime=.NET 10.0.12 (10.0.12, 10.0.1226.42308), X64 RyuJIT x86-64-v4
// GC=Concurrent Workstation
// HardwareIntrinsics=AVX512 BITALG+VBMI2+VNNI+VPOPCNTDQ,AVX512 IFMA+VBMI,AVX512 F+BW+CD+DQ+VL,AVX2+BMI1+BMI2+F16C+FMA+LZCNT+MOVBE,AVX,SSE3+SSSE3+SSE4.1+SSE4.2+POPCNT,X86Base+SSE+SSE2,AES+PCLMUL,AvxVnni VectorSize=256
// Job: ShortRun(InvocationCount=1, IterationCount=3, LaunchCount=1, UnrollFactor=1, WarmupCount=3)

OverheadJitting  1: 1 op, 282392.00 ns, 282.3920 us/op
WorkloadJitting  1: 1 op, 102793312.00 ns, 102.7933 ms/op

OverheadWarmup   1: 1 op, 772.00 ns, 772.0000 ns/op
OverheadWarmup   2: 1 op, 861.00 ns, 861.0000 ns/op
OverheadWarmup   3: 1 op, 431.00 ns, 431.0000 ns/op
OverheadWarmup   4: 1 op, 421.00 ns, 421.0000 ns/op
OverheadWarmup   5: 1 op, 361.00 ns, 361.0000 ns/op
OverheadWarmup   6: 1 op, 441.00 ns, 441.0000 ns/op
OverheadWarmup   7: 1 op, 431.00 ns, 431.0000 ns/op

OverheadActual   1: 1 op, 451.00 ns, 451.0000 ns/op
OverheadActual   2: 1 op, 441.00 ns, 441.0000 ns/op
OverheadActual   3: 1 op, 441.00 ns, 441.0000 ns/op
OverheadActual   4: 1 op, 461.00 ns, 461.0000 ns/op
OverheadActual   5: 1 op, 401.00 ns, 401.0000 ns/op
OverheadActual   6: 1 op, 451.00 ns, 451.0000 ns/op
OverheadActual   7: 1 op, 431.00 ns, 431.0000 ns/op
OverheadActual   8: 1 op, 461.00 ns, 461.0000 ns/op
OverheadActual   9: 1 op, 441.00 ns, 441.0000 ns/op
OverheadActual  10: 1 op, 441.00 ns, 441.0000 ns/op
OverheadActual  11: 1 op, 461.00 ns, 461.0000 ns/op
OverheadActual  12: 1 op, 431.00 ns, 431.0000 ns/op
OverheadActual  13: 1 op, 451.00 ns, 451.0000 ns/op
OverheadActual  14: 1 op, 401.00 ns, 401.0000 ns/op
OverheadActual  15: 1 op, 431.00 ns, 431.0000 ns/op

WorkloadWarmup   1: 1 op, 43356368.00 ns, 43.3564 ms/op
WorkloadWarmup   2: 1 op, 39691488.00 ns, 39.6915 ms/op
WorkloadWarmup   3: 1 op, 41217181.00 ns, 41.2172 ms/op

// BeforeActualRun
WorkloadActual   1: 1 op, 41658986.00 ns, 41.6590 ms/op
WorkloadActual   2: 1 op, 43783278.00 ns, 43.7833 ms/op
WorkloadActual   3: 1 op, 39906296.00 ns, 39.9063 ms/op

// AfterActualRun
WorkloadResult   1: 1 op, 41658545.00 ns, 41.6585 ms/op
WorkloadResult   2: 1 op, 43782837.00 ns, 43.7828 ms/op
WorkloadResult   3: 1 op, 39905855.00 ns, 39.9059 ms/op
// GC:  0 0 0 557056 1
// Threading:  92 63 1

// AfterAll
// Benchmark Process 345628 has exited with code 0.

Mean = 41.782 ms, StdErr = 1.121 ms (2.68%), N = 3, StdDev = 1.941 ms
Min = 39.906 ms, Q1 = 40.782 ms, Median = 41.659 ms, Q3 = 42.721 ms, Max = 43.783 ms
IQR = 1.938 ms, LowerFence = 37.874 ms, UpperFence = 45.628 ms
ConfidenceInterval = [6.363 ms; 77.202 ms] (CI 99.9%), Margin = 35.419 ms (84.77% of Mean)
Skewness = 0.06, Kurtosis = 0.67, MValue = 2

// ** Remained 16 (35.6%) benchmark(s) to run. Estimated finish 2026-09-22 0:22 (0h 1m from now) **
// **************************
// Benchmark: SessionSetupDecompositionBenchmarks.StageS4_ReadinessTeardownOutsideAsync: ShortRun(InvocationCount=1, IterationCount=3, LaunchCount=1, UnrollFactor=1, WarmupCount=3) [Sessions=100]
// *** Execute ***
// Launch: 1 / 1
// Execute: dotnet WinForward.Benchmarks-ShortRun-1.dll --anonymousPipes 129 130 --benchmarkName "WinForward.Benchmarks.Perf.SessionSetupDecompositionBenchmarks.StageS4_ReadinessTeardownOutsideAsync(Sessions: 100)" --job ShortRun --benchmarkId 29 in /home/paff/Projects/WinForward/benchmarks/WinForward.Benchmarks/bin/Release/net10.0/WinForward.Benchmarks-ShortRun-1/bin/Release/net10.0
// Failed to set up high priority (Permission denied). In order to run benchmarks with high priority, make sure you have the right permissions.
// BeforeAnythingElse

// Benchmark Process Environment Information:
// BenchmarkDotNet v0.15.8
// Runtime=.NET 10.0.12 (10.0.12, 10.0.1226.42308), X64 RyuJIT x86-64-v4
// GC=Concurrent Workstation
// HardwareIntrinsics=AVX512 BITALG+VBMI2+VNNI+VPOPCNTDQ,AVX512 IFMA+VBMI,AVX512 F+BW+CD+DQ+VL,AVX2+BMI1+BMI2+F16C+FMA+LZCNT+MOVBE,AVX,SSE3+SSSE3+SSE4.1+SSE4.2+POPCNT,X86Base+SSE+SSE2,AES+PCLMUL,AvxVnni VectorSize=256
// Job: ShortRun(InvocationCount=1, IterationCount=3, LaunchCount=1, UnrollFactor=1, WarmupCount=3)

OverheadJitting  1: 1 op, 265420.00 ns, 265.4200 us/op
WorkloadJitting  1: 1 op, 103027718.00 ns, 103.0277 ms/op

OverheadWarmup   1: 1 op, 822.00 ns, 822.0000 ns/op
OverheadWarmup   2: 1 op, 601.00 ns, 601.0000 ns/op
OverheadWarmup   3: 1 op, 531.00 ns, 531.0000 ns/op
OverheadWarmup   4: 1 op, 481.00 ns, 481.0000 ns/op
OverheadWarmup   5: 1 op, 450.00 ns, 450.0000 ns/op
OverheadWarmup   6: 1 op, 421.00 ns, 421.0000 ns/op
OverheadWarmup   7: 1 op, 431.00 ns, 431.0000 ns/op
OverheadWarmup   8: 1 op, 691.00 ns, 691.0000 ns/op
OverheadWarmup   9: 1 op, 521.00 ns, 521.0000 ns/op
OverheadWarmup  10: 1 op, 441.00 ns, 441.0000 ns/op

OverheadActual   1: 1 op, 431.00 ns, 431.0000 ns/op
OverheadActual   2: 1 op, 481.00 ns, 481.0000 ns/op
OverheadActual   3: 1 op, 391.00 ns, 391.0000 ns/op
OverheadActual   4: 1 op, 331.00 ns, 331.0000 ns/op
OverheadActual   5: 1 op, 351.00 ns, 351.0000 ns/op
OverheadActual   6: 1 op, 421.00 ns, 421.0000 ns/op
OverheadActual   7: 1 op, 411.00 ns, 411.0000 ns/op
OverheadActual   8: 1 op, 571.00 ns, 571.0000 ns/op
OverheadActual   9: 1 op, 291.00 ns, 291.0000 ns/op
OverheadActual  10: 1 op, 360.00 ns, 360.0000 ns/op
OverheadActual  11: 1 op, 511.00 ns, 511.0000 ns/op
OverheadActual  12: 1 op, 451.00 ns, 451.0000 ns/op
OverheadActual  13: 1 op, 421.00 ns, 421.0000 ns/op
OverheadActual  14: 1 op, 381.00 ns, 381.0000 ns/op
OverheadActual  15: 1 op, 401.00 ns, 401.0000 ns/op
OverheadActual  16: 1 op, 381.00 ns, 381.0000 ns/op
OverheadActual  17: 1 op, 411.00 ns, 411.0000 ns/op
OverheadActual  18: 1 op, 431.00 ns, 431.0000 ns/op
OverheadActual  19: 1 op, 360.00 ns, 360.0000 ns/op
OverheadActual  20: 1 op, 411.00 ns, 411.0000 ns/op

WorkloadWarmup   1: 1 op, 40161577.00 ns, 40.1616 ms/op
WorkloadWarmup   2: 1 op, 39835794.00 ns, 39.8358 ms/op
WorkloadWarmup   3: 1 op, 43865666.00 ns, 43.8657 ms/op

// BeforeActualRun
WorkloadActual   1: 1 op, 38564627.00 ns, 38.5646 ms/op
WorkloadActual   2: 1 op, 42122290.00 ns, 42.1223 ms/op
WorkloadActual   3: 1 op, 38345035.00 ns, 38.3450 ms/op

// AfterActualRun
WorkloadResult   1: 1 op, 38564216.00 ns, 38.5642 ms/op
WorkloadResult   2: 1 op, 42121879.00 ns, 42.1219 ms/op
WorkloadResult   3: 1 op, 38344624.00 ns, 38.3446 ms/op
// GC:  0 0 0 467128 1
// Threading:  89 70 1

// AfterAll
// Benchmark Process 346182 has exited with code 0.

Mean = 39.677 ms, StdErr = 1.224 ms (3.09%), N = 3, StdDev = 2.120 ms
Min = 38.345 ms, Q1 = 38.454 ms, Median = 38.564 ms, Q3 = 40.343 ms, Max = 42.122 ms
IQR = 1.889 ms, LowerFence = 35.621 ms, UpperFence = 43.176 ms
ConfidenceInterval = [0.996 ms; 78.358 ms] (CI 99.9%), Margin = 38.681 ms (97.49% of Mean)
Skewness = 0.38, Kurtosis = 0.67, MValue = 2

// ** Remained 15 (33.3%) benchmark(s) to run. Estimated finish 2026-09-22 0:22 (0h 1m from now) **
// **************************
// Benchmark: SessionSetupDecompositionBenchmarks.StageS5_ReadinessTeardownInsideAsync: ShortRun(InvocationCount=1, IterationCount=3, LaunchCount=1, UnrollFactor=1, WarmupCount=3) [Sessions=100]
// *** Execute ***
// Launch: 1 / 1
// Execute: dotnet WinForward.Benchmarks-ShortRun-1.dll --anonymousPipes 129 130 --benchmarkName "WinForward.Benchmarks.Perf.SessionSetupDecompositionBenchmarks.StageS5_ReadinessTeardownInsideAsync(Sessions: 100)" --job ShortRun --benchmarkId 30 in /home/paff/Projects/WinForward/benchmarks/WinForward.Benchmarks/bin/Release/net10.0/WinForward.Benchmarks-ShortRun-1/bin/Release/net10.0
// Failed to set up high priority (Permission denied). In order to run benchmarks with high priority, make sure you have the right permissions.
// BeforeAnythingElse

// Benchmark Process Environment Information:
// BenchmarkDotNet v0.15.8
// Runtime=.NET 10.0.12 (10.0.12, 10.0.1226.42308), X64 RyuJIT x86-64-v4
// GC=Concurrent Workstation
// HardwareIntrinsics=AVX512 BITALG+VBMI2+VNNI+VPOPCNTDQ,AVX512 IFMA+VBMI,AVX512 F+BW+CD+DQ+VL,AVX2+BMI1+BMI2+F16C+FMA+LZCNT+MOVBE,AVX,SSE3+SSSE3+SSE4.1+SSE4.2+POPCNT,X86Base+SSE+SSE2,AES+PCLMUL,AvxVnni VectorSize=256
// Job: ShortRun(InvocationCount=1, IterationCount=3, LaunchCount=1, UnrollFactor=1, WarmupCount=3)

OverheadJitting  1: 1 op, 284145.00 ns, 284.1450 us/op
WorkloadJitting  1: 1 op, 133693662.00 ns, 133.6937 ms/op

OverheadWarmup   1: 1 op, 471.00 ns, 471.0000 ns/op
OverheadWarmup   2: 1 op, 341.00 ns, 341.0000 ns/op
OverheadWarmup   3: 1 op, 421.00 ns, 421.0000 ns/op
OverheadWarmup   4: 1 op, 401.00 ns, 401.0000 ns/op
OverheadWarmup   5: 1 op, 431.00 ns, 431.0000 ns/op
OverheadWarmup   6: 1 op, 421.00 ns, 421.0000 ns/op

OverheadActual   1: 1 op, 411.00 ns, 411.0000 ns/op
OverheadActual   2: 1 op, 381.00 ns, 381.0000 ns/op
OverheadActual   3: 1 op, 420.00 ns, 420.0000 ns/op
OverheadActual   4: 1 op, 371.00 ns, 371.0000 ns/op
OverheadActual   5: 1 op, 411.00 ns, 411.0000 ns/op
OverheadActual   6: 1 op, 371.00 ns, 371.0000 ns/op
OverheadActual   7: 1 op, 391.00 ns, 391.0000 ns/op
OverheadActual   8: 1 op, 380.00 ns, 380.0000 ns/op
OverheadActual   9: 1 op, 361.00 ns, 361.0000 ns/op
OverheadActual  10: 1 op, 391.00 ns, 391.0000 ns/op
OverheadActual  11: 1 op, 400.00 ns, 400.0000 ns/op
OverheadActual  12: 1 op, 350.00 ns, 350.0000 ns/op
OverheadActual  13: 1 op, 340.00 ns, 340.0000 ns/op
OverheadActual  14: 1 op, 350.00 ns, 350.0000 ns/op
OverheadActual  15: 1 op, 351.00 ns, 351.0000 ns/op
OverheadActual  16: 1 op, 732.00 ns, 732.0000 ns/op
OverheadActual  17: 1 op, 391.00 ns, 391.0000 ns/op
OverheadActual  18: 1 op, 380.00 ns, 380.0000 ns/op
OverheadActual  19: 1 op, 431.00 ns, 431.0000 ns/op
OverheadActual  20: 1 op, 341.00 ns, 341.0000 ns/op

WorkloadWarmup   1: 1 op, 53736303.00 ns, 53.7363 ms/op
WorkloadWarmup   2: 1 op, 52834177.00 ns, 52.8342 ms/op
WorkloadWarmup   3: 1 op, 56142030.00 ns, 56.1420 ms/op

// BeforeActualRun
WorkloadActual   1: 1 op, 56530903.00 ns, 56.5309 ms/op
WorkloadActual   2: 1 op, 56276533.00 ns, 56.2765 ms/op
WorkloadActual   3: 1 op, 60031683.00 ns, 60.0317 ms/op

// AfterActualRun
WorkloadResult   1: 1 op, 56530522.50 ns, 56.5305 ms/op
WorkloadResult   2: 1 op, 56276152.50 ns, 56.2762 ms/op
WorkloadResult   3: 1 op, 60031302.50 ns, 60.0313 ms/op
// GC:  0 0 0 745792 1
// Threading:  192 125 1
// Exceptions:  328

// AfterAll
// Benchmark Process 346756 has exited with code 0.

Mean = 57.613 ms, StdErr = 1.212 ms (2.10%), N = 3, StdDev = 2.098 ms
Min = 56.276 ms, Q1 = 56.403 ms, Median = 56.531 ms, Q3 = 58.281 ms, Max = 60.031 ms
IQR = 1.878 ms, LowerFence = 53.587 ms, UpperFence = 61.097 ms
ConfidenceInterval = [19.329 ms; 95.896 ms] (CI 99.9%), Margin = 38.284 ms (66.45% of Mean)
Skewness = 0.38, Kurtosis = 0.67, MValue = 2

// ** Remained 14 (31.1%) benchmark(s) to run. Estimated finish 2026-09-22 0:22 (0h 1m from now) **
// **************************
// Benchmark: SessionSetupDecompositionBenchmarks.BaselineF_FakeTransportCreationAsync: ShortRun(InvocationCount=1, IterationCount=3, LaunchCount=1, UnrollFactor=1, WarmupCount=3) [Sessions=100]
// *** Execute ***
// Launch: 1 / 1
// Execute: dotnet WinForward.Benchmarks-ShortRun-1.dll --anonymousPipes 129 130 --benchmarkName "WinForward.Benchmarks.Perf.SessionSetupDecompositionBenchmarks.BaselineF_FakeTransportCreationAsync(Sessions: 100)" --job ShortRun --benchmarkId 31 in /home/paff/Projects/WinForward/benchmarks/WinForward.Benchmarks/bin/Release/net10.0/WinForward.Benchmarks-ShortRun-1/bin/Release/net10.0
// Failed to set up high priority (Permission denied). In order to run benchmarks with high priority, make sure you have the right permissions.
// BeforeAnythingElse

// Benchmark Process Environment Information:
// BenchmarkDotNet v0.15.8
// Runtime=.NET 10.0.12 (10.0.12, 10.0.1226.42308), X64 RyuJIT x86-64-v4
// GC=Concurrent Workstation
// HardwareIntrinsics=AVX512 BITALG+VBMI2+VNNI+VPOPCNTDQ,AVX512 IFMA+VBMI,AVX512 F+BW+CD+DQ+VL,AVX2+BMI1+BMI2+F16C+FMA+LZCNT+MOVBE,AVX,SSE3+SSSE3+SSE4.1+SSE4.2+POPCNT,X86Base+SSE+SSE2,AES+PCLMUL,AvxVnni VectorSize=256
// Job: ShortRun(InvocationCount=1, IterationCount=3, LaunchCount=1, UnrollFactor=1, WarmupCount=3)

OverheadJitting  1: 1 op, 389594.00 ns, 389.5940 us/op
WorkloadJitting  1: 1 op, 6977067.00 ns, 6.9771 ms/op

OverheadWarmup   1: 1 op, 521.00 ns, 521.0000 ns/op
OverheadWarmup   2: 1 op, 391.00 ns, 391.0000 ns/op
OverheadWarmup   3: 1 op, 421.00 ns, 421.0000 ns/op
OverheadWarmup   4: 1 op, 441.00 ns, 441.0000 ns/op
OverheadWarmup   5: 1 op, 301.00 ns, 301.0000 ns/op
OverheadWarmup   6: 1 op, 411.00 ns, 411.0000 ns/op
OverheadWarmup   7: 1 op, 441.00 ns, 441.0000 ns/op
OverheadWarmup   8: 1 op, 281.00 ns, 281.0000 ns/op

OverheadActual   1: 1 op, 381.00 ns, 381.0000 ns/op
OverheadActual   2: 1 op, 431.00 ns, 431.0000 ns/op
OverheadActual   3: 1 op, 391.00 ns, 391.0000 ns/op
OverheadActual   4: 1 op, 390.00 ns, 390.0000 ns/op
OverheadActual   5: 1 op, 431.00 ns, 431.0000 ns/op
OverheadActual   6: 1 op, 421.00 ns, 421.0000 ns/op
OverheadActual   7: 1 op, 301.00 ns, 301.0000 ns/op
OverheadActual   8: 1 op, 300.00 ns, 300.0000 ns/op
OverheadActual   9: 1 op, 431.00 ns, 431.0000 ns/op
OverheadActual  10: 1 op, 391.00 ns, 391.0000 ns/op
OverheadActual  11: 1 op, 411.00 ns, 411.0000 ns/op
OverheadActual  12: 1 op, 360.00 ns, 360.0000 ns/op
OverheadActual  13: 1 op, 411.00 ns, 411.0000 ns/op
OverheadActual  14: 1 op, 450.00 ns, 450.0000 ns/op
OverheadActual  15: 1 op, 451.00 ns, 451.0000 ns/op
OverheadActual  16: 1 op, 421.00 ns, 421.0000 ns/op
OverheadActual  17: 1 op, 410.00 ns, 410.0000 ns/op
OverheadActual  18: 1 op, 350.00 ns, 350.0000 ns/op
OverheadActual  19: 1 op, 431.00 ns, 431.0000 ns/op
OverheadActual  20: 1 op, 390.00 ns, 390.0000 ns/op

WorkloadWarmup   1: 1 op, 52428.00 ns, 52.4280 us/op
WorkloadWarmup   2: 1 op, 20809.00 ns, 20.8090 us/op
WorkloadWarmup   3: 1 op, 19877.00 ns, 19.8770 us/op

// BeforeActualRun
WorkloadActual   1: 1 op, 110919.00 ns, 110.9190 us/op
WorkloadActual   2: 1 op, 19216.00 ns, 19.2160 us/op
WorkloadActual   3: 1 op, 17763.00 ns, 17.7630 us/op

// AfterActualRun
WorkloadResult   1: 1 op, 110508.50 ns, 110.5085 us/op
WorkloadResult   2: 1 op, 18805.50 ns, 18.8055 us/op
WorkloadResult   3: 1 op, 17352.50 ns, 17.3525 us/op
// GC:  0 0 0 10432 1
// Threading:  0 0 1

// AfterAll
// Benchmark Process 347310 has exited with code 0.

Mean = 48.889 us, StdErr = 30.813 us (63.03%), N = 3, StdDev = 53.369 us
Min = 17.352 us, Q1 = 18.079 us, Median = 18.805 us, Q3 = 64.657 us, Max = 110.508 us
IQR = 46.578 us, LowerFence = -51.788 us, UpperFence = 134.524 us
ConfidenceInterval = [-924.763 us; 1,022.541 us] (CI 99.9%), Margin = 973.652 us (1991.56% of Mean)
Skewness = 0.38, Kurtosis = 0.67, MValue = 2

// ** Remained 13 (28.9%) benchmark(s) to run. Estimated finish 2026-09-22 0:22 (0h 1m from now) **
// **************************
// Benchmark: SessionSetupDecompositionBenchmarks.BaselineH_FlowKeyConstruction: ShortRun(InvocationCount=1, IterationCount=3, LaunchCount=1, UnrollFactor=1, WarmupCount=3) [Sessions=100]
// *** Execute ***
// Launch: 1 / 1
// Execute: dotnet WinForward.Benchmarks-ShortRun-1.dll --anonymousPipes 129 130 --benchmarkName "WinForward.Benchmarks.Perf.SessionSetupDecompositionBenchmarks.BaselineH_FlowKeyConstruction(Sessions: 100)" --job ShortRun --benchmarkId 32 in /home/paff/Projects/WinForward/benchmarks/WinForward.Benchmarks/bin/Release/net10.0/WinForward.Benchmarks-ShortRun-1/bin/Release/net10.0
// Failed to set up high priority (Permission denied). In order to run benchmarks with high priority, make sure you have the right permissions.
// BeforeAnythingElse

// Benchmark Process Environment Information:
// BenchmarkDotNet v0.15.8
// Runtime=.NET 10.0.12 (10.0.12, 10.0.1226.42308), X64 RyuJIT x86-64-v4
// GC=Concurrent Workstation
// HardwareIntrinsics=AVX512 BITALG+VBMI2+VNNI+VPOPCNTDQ,AVX512 IFMA+VBMI,AVX512 F+BW+CD+DQ+VL,AVX2+BMI1+BMI2+F16C+FMA+LZCNT+MOVBE,AVX,SSE3+SSSE3+SSE4.1+SSE4.2+POPCNT,X86Base+SSE+SSE2,AES+PCLMUL,AvxVnni VectorSize=256
// Job: ShortRun(InvocationCount=1, IterationCount=3, LaunchCount=1, UnrollFactor=1, WarmupCount=3)

OverheadJitting  1: 1 op, 299865.00 ns, 299.8650 us/op
WorkloadJitting  1: 1 op, 6855217.00 ns, 6.8552 ms/op

OverheadWarmup   1: 1 op, 400.00 ns, 400.0000 ns/op
OverheadWarmup   2: 1 op, 270.00 ns, 270.0000 ns/op
OverheadWarmup   3: 1 op, 271.00 ns, 271.0000 ns/op
OverheadWarmup   4: 1 op, 270.00 ns, 270.0000 ns/op
OverheadWarmup   5: 1 op, 281.00 ns, 281.0000 ns/op
OverheadWarmup   6: 1 op, 280.00 ns, 280.0000 ns/op

OverheadActual   1: 1 op, 431.00 ns, 431.0000 ns/op
OverheadActual   2: 1 op, 421.00 ns, 421.0000 ns/op
OverheadActual   3: 1 op, 431.00 ns, 431.0000 ns/op
OverheadActual   4: 1 op, 401.00 ns, 401.0000 ns/op
OverheadActual   5: 1 op, 441.00 ns, 441.0000 ns/op
OverheadActual   6: 1 op, 511.00 ns, 511.0000 ns/op
OverheadActual   7: 1 op, 431.00 ns, 431.0000 ns/op
OverheadActual   8: 1 op, 431.00 ns, 431.0000 ns/op
OverheadActual   9: 1 op, 431.00 ns, 431.0000 ns/op
OverheadActual  10: 1 op, 441.00 ns, 441.0000 ns/op
OverheadActual  11: 1 op, 271.00 ns, 271.0000 ns/op
OverheadActual  12: 1 op, 370.00 ns, 370.0000 ns/op
OverheadActual  13: 1 op, 351.00 ns, 351.0000 ns/op
OverheadActual  14: 1 op, 421.00 ns, 421.0000 ns/op
OverheadActual  15: 1 op, 271.00 ns, 271.0000 ns/op
OverheadActual  16: 1 op, 270.00 ns, 270.0000 ns/op
OverheadActual  17: 1 op, 271.00 ns, 271.0000 ns/op
OverheadActual  18: 1 op, 421.00 ns, 421.0000 ns/op
OverheadActual  19: 1 op, 902.00 ns, 902.0000 ns/op
OverheadActual  20: 1 op, 431.00 ns, 431.0000 ns/op

WorkloadWarmup   1: 1 op, 148610.00 ns, 148.6100 us/op
WorkloadWarmup   2: 1 op, 83677.00 ns, 83.6770 us/op
WorkloadWarmup   3: 1 op, 68849.00 ns, 68.8490 us/op

// BeforeActualRun
WorkloadActual   1: 1 op, 127901.00 ns, 127.9010 us/op
WorkloadActual   2: 1 op, 147468.00 ns, 147.4680 us/op
WorkloadActual   3: 1 op, 72536.00 ns, 72.5360 us/op

// AfterActualRun
WorkloadResult   1: 1 op, 127475.00 ns, 127.4750 us/op
WorkloadResult   2: 1 op, 147042.00 ns, 147.0420 us/op
WorkloadResult   3: 1 op, 72110.00 ns, 72.1100 us/op
// GC:  0 0 0 35200 1
// Threading:  0 0 1

// AfterAll
// Benchmark Process 347319 has exited with code 0.

Mean = 115.542 us, StdErr = 22.439 us (19.42%), N = 3, StdDev = 38.865 us
Min = 72.110 us, Q1 = 99.793 us, Median = 127.475 us, Q3 = 137.258 us, Max = 147.042 us
IQR = 37.466 us, LowerFence = 43.593 us, UpperFence = 193.458 us
ConfidenceInterval = [-593.501 us; 824.586 us] (CI 99.9%), Margin = 709.043 us (613.67% of Mean)
Skewness = -0.28, Kurtosis = 0.67, MValue = 2

// ** Remained 12 (26.7%) benchmark(s) to run. Estimated finish 2026-09-22 0:22 (0h 0m from now) **
// **************************
// Benchmark: SessionSetupDecompositionBenchmarks.ComponentC1_AssociationClaimRelease: ShortRun(InvocationCount=1, IterationCount=3, LaunchCount=1, UnrollFactor=1, WarmupCount=3) [Sessions=100]
// *** Execute ***
// Launch: 1 / 1
// Execute: dotnet WinForward.Benchmarks-ShortRun-1.dll --anonymousPipes 129 130 --benchmarkName "WinForward.Benchmarks.Perf.SessionSetupDecompositionBenchmarks.ComponentC1_AssociationClaimRelease(Sessions: 100)" --job ShortRun --benchmarkId 33 in /home/paff/Projects/WinForward/benchmarks/WinForward.Benchmarks/bin/Release/net10.0/WinForward.Benchmarks-ShortRun-1/bin/Release/net10.0
// Failed to set up high priority (Permission denied). In order to run benchmarks with high priority, make sure you have the right permissions.
// BeforeAnythingElse

// Benchmark Process Environment Information:
// BenchmarkDotNet v0.15.8
// Runtime=.NET 10.0.12 (10.0.12, 10.0.1226.42308), X64 RyuJIT x86-64-v4
// GC=Concurrent Workstation
// HardwareIntrinsics=AVX512 BITALG+VBMI2+VNNI+VPOPCNTDQ,AVX512 IFMA+VBMI,AVX512 F+BW+CD+DQ+VL,AVX2+BMI1+BMI2+F16C+FMA+LZCNT+MOVBE,AVX,SSE3+SSSE3+SSE4.1+SSE4.2+POPCNT,X86Base+SSE+SSE2,AES+PCLMUL,AvxVnni VectorSize=256
// Job: ShortRun(InvocationCount=1, IterationCount=3, LaunchCount=1, UnrollFactor=1, WarmupCount=3)

OverheadJitting  1: 1 op, 298352.00 ns, 298.3520 us/op
WorkloadJitting  1: 1 op, 18053233.00 ns, 18.0532 ms/op

OverheadWarmup   1: 1 op, 400.00 ns, 400.0000 ns/op
OverheadWarmup   2: 1 op, 441.00 ns, 441.0000 ns/op
OverheadWarmup   3: 1 op, 441.00 ns, 441.0000 ns/op
OverheadWarmup   4: 1 op, 270.00 ns, 270.0000 ns/op
OverheadWarmup   5: 1 op, 440.00 ns, 440.0000 ns/op

OverheadActual   1: 1 op, 431.00 ns, 431.0000 ns/op
OverheadActual   2: 1 op, 410.00 ns, 410.0000 ns/op
OverheadActual   3: 1 op, 581.00 ns, 581.0000 ns/op
OverheadActual   4: 1 op, 420.00 ns, 420.0000 ns/op
OverheadActual   5: 1 op, 401.00 ns, 401.0000 ns/op
OverheadActual   6: 1 op, 491.00 ns, 491.0000 ns/op
OverheadActual   7: 1 op, 421.00 ns, 421.0000 ns/op
OverheadActual   8: 1 op, 911.00 ns, 911.0000 ns/op
OverheadActual   9: 1 op, 410.00 ns, 410.0000 ns/op
OverheadActual  10: 1 op, 390.00 ns, 390.0000 ns/op
OverheadActual  11: 1 op, 431.00 ns, 431.0000 ns/op
OverheadActual  12: 1 op, 391.00 ns, 391.0000 ns/op
OverheadActual  13: 1 op, 400.00 ns, 400.0000 ns/op
OverheadActual  14: 1 op, 411.00 ns, 411.0000 ns/op
OverheadActual  15: 1 op, 401.00 ns, 401.0000 ns/op

WorkloadWarmup   1: 1 op, 425532.00 ns, 425.5320 us/op
WorkloadWarmup   2: 1 op, 323840.00 ns, 323.8400 us/op
WorkloadWarmup   3: 1 op, 345711.00 ns, 345.7110 us/op

// BeforeActualRun
WorkloadActual   1: 1 op, 427306.00 ns, 427.3060 us/op
WorkloadActual   2: 1 op, 393281.00 ns, 393.2810 us/op
WorkloadActual   3: 1 op, 408269.00 ns, 408.2690 us/op

// AfterActualRun
WorkloadResult   1: 1 op, 426895.00 ns, 426.8950 us/op
WorkloadResult   2: 1 op, 392870.00 ns, 392.8700 us/op
WorkloadResult   3: 1 op, 407858.00 ns, 407.8580 us/op
// GC:  0 0 0 82800 1
// Threading:  0 0 1

// AfterAll
// Benchmark Process 347328 has exited with code 0.

Mean = 409.208 us, StdErr = 9.845 us (2.41%), N = 3, StdDev = 17.053 us
Min = 392.870 us, Q1 = 400.364 us, Median = 407.858 us, Q3 = 417.377 us, Max = 426.895 us
IQR = 17.012 us, LowerFence = 374.845 us, UpperFence = 442.895 us
ConfidenceInterval = [98.105 us; 720.311 us] (CI 99.9%), Margin = 311.103 us (76.03% of Mean)
Skewness = 0.08, Kurtosis = 0.67, MValue = 2

// ** Remained 11 (24.4%) benchmark(s) to run. Estimated finish 2026-09-22 0:22 (0h 0m from now) **
// **************************
// Benchmark: SessionSetupDecompositionBenchmarks.ComponentC2_SessionConstructStartAsync: ShortRun(InvocationCount=1, IterationCount=3, LaunchCount=1, UnrollFactor=1, WarmupCount=3) [Sessions=100]
// *** Execute ***
// Launch: 1 / 1
// Execute: dotnet WinForward.Benchmarks-ShortRun-1.dll --anonymousPipes 129 130 --benchmarkName "WinForward.Benchmarks.Perf.SessionSetupDecompositionBenchmarks.ComponentC2_SessionConstructStartAsync(Sessions: 100)" --job ShortRun --benchmarkId 34 in /home/paff/Projects/WinForward/benchmarks/WinForward.Benchmarks/bin/Release/net10.0/WinForward.Benchmarks-ShortRun-1/bin/Release/net10.0
// Failed to set up high priority (Permission denied). In order to run benchmarks with high priority, make sure you have the right permissions.
// BeforeAnythingElse

// Benchmark Process Environment Information:
// BenchmarkDotNet v0.15.8
// Runtime=.NET 10.0.12 (10.0.12, 10.0.1226.42308), X64 RyuJIT x86-64-v4
// GC=Concurrent Workstation
// HardwareIntrinsics=AVX512 BITALG+VBMI2+VNNI+VPOPCNTDQ,AVX512 IFMA+VBMI,AVX512 F+BW+CD+DQ+VL,AVX2+BMI1+BMI2+F16C+FMA+LZCNT+MOVBE,AVX,SSE3+SSSE3+SSE4.1+SSE4.2+POPCNT,X86Base+SSE+SSE2,AES+PCLMUL,AvxVnni VectorSize=256
// Job: ShortRun(InvocationCount=1, IterationCount=3, LaunchCount=1, UnrollFactor=1, WarmupCount=3)

OverheadJitting  1: 1 op, 279437.00 ns, 279.4370 us/op
WorkloadJitting  1: 1 op, 31997593.00 ns, 31.9976 ms/op

OverheadWarmup   1: 1 op, 561.00 ns, 561.0000 ns/op
OverheadWarmup   2: 1 op, 571.00 ns, 571.0000 ns/op
OverheadWarmup   3: 1 op, 471.00 ns, 471.0000 ns/op
OverheadWarmup   4: 1 op, 410.00 ns, 410.0000 ns/op
OverheadWarmup   5: 1 op, 290.00 ns, 290.0000 ns/op
OverheadWarmup   6: 1 op, 471.00 ns, 471.0000 ns/op
OverheadWarmup   7: 1 op, 942.00 ns, 942.0000 ns/op
OverheadWarmup   8: 1 op, 451.00 ns, 451.0000 ns/op

OverheadActual   1: 1 op, 581.00 ns, 581.0000 ns/op
OverheadActual   2: 1 op, 551.00 ns, 551.0000 ns/op
OverheadActual   3: 1 op, 411.00 ns, 411.0000 ns/op
OverheadActual   4: 1 op, 411.00 ns, 411.0000 ns/op
OverheadActual   5: 1 op, 440.00 ns, 440.0000 ns/op
OverheadActual   6: 1 op, 621.00 ns, 621.0000 ns/op
OverheadActual   7: 1 op, 420.00 ns, 420.0000 ns/op
OverheadActual   8: 1 op, 481.00 ns, 481.0000 ns/op
OverheadActual   9: 1 op, 491.00 ns, 491.0000 ns/op
OverheadActual  10: 1 op, 291.00 ns, 291.0000 ns/op
OverheadActual  11: 1 op, 280.00 ns, 280.0000 ns/op
OverheadActual  12: 1 op, 451.00 ns, 451.0000 ns/op
OverheadActual  13: 1 op, 291.00 ns, 291.0000 ns/op
OverheadActual  14: 1 op, 381.00 ns, 381.0000 ns/op
OverheadActual  15: 1 op, 271.00 ns, 271.0000 ns/op
OverheadActual  16: 1 op, 361.00 ns, 361.0000 ns/op
OverheadActual  17: 1 op, 281.00 ns, 281.0000 ns/op
OverheadActual  18: 1 op, 380.00 ns, 380.0000 ns/op
OverheadActual  19: 1 op, 281.00 ns, 281.0000 ns/op
OverheadActual  20: 1 op, 351.00 ns, 351.0000 ns/op

WorkloadWarmup   1: 1 op, 718865.00 ns, 718.8650 us/op
WorkloadWarmup   2: 1 op, 360469.00 ns, 360.4690 us/op
WorkloadWarmup   3: 1 op, 458424.00 ns, 458.4240 us/op

// BeforeActualRun
WorkloadActual   1: 1 op, 530891.00 ns, 530.8910 us/op
WorkloadActual   2: 1 op, 347334.00 ns, 347.3340 us/op
WorkloadActual   3: 1 op, 350911.00 ns, 350.9110 us/op

// AfterActualRun
WorkloadResult   1: 1 op, 530495.00 ns, 530.4950 us/op
WorkloadResult   2: 1 op, 346938.00 ns, 346.9380 us/op
WorkloadResult   3: 1 op, 350515.00 ns, 350.5150 us/op
// GC:  0 0 0 271048 1
// Threading:  0 0 1

// AfterAll
// Benchmark Process 347347 has exited with code 0.

Mean = 409.316 us, StdErr = 60.598 us (14.80%), N = 3, StdDev = 104.959 us
Min = 346.938 us, Q1 = 348.726 us, Median = 350.515 us, Q3 = 440.505 us, Max = 530.495 us
IQR = 91.778 us, LowerFence = 211.059 us, UpperFence = 578.173 us
ConfidenceInterval = [-1,505.533 us; 2,324.165 us] (CI 99.9%), Margin = 1,914.849 us (467.82% of Mean)
Skewness = 0.38, Kurtosis = 0.67, MValue = 2

// ** Remained 10 (22.2%) benchmark(s) to run. Estimated finish 2026-09-22 0:22 (0h 0m from now) **
// **************************
// Benchmark: SessionSetupDecompositionBenchmarks.StageS0_CoordinatorOnly: ShortRun(InvocationCount=1, IterationCount=3, LaunchCount=1, UnrollFactor=1, WarmupCount=3) [Sessions=1000]
// *** Execute ***
// Launch: 1 / 1
// Execute: dotnet WinForward.Benchmarks-ShortRun-1.dll --anonymousPipes 129 130 --benchmarkName "WinForward.Benchmarks.Perf.SessionSetupDecompositionBenchmarks.StageS0_CoordinatorOnly(Sessions: 1000)" --job ShortRun --benchmarkId 35 in /home/paff/Projects/WinForward/benchmarks/WinForward.Benchmarks/bin/Release/net10.0/WinForward.Benchmarks-ShortRun-1/bin/Release/net10.0
// Failed to set up high priority (Permission denied). In order to run benchmarks with high priority, make sure you have the right permissions.
// BeforeAnythingElse

// Benchmark Process Environment Information:
// BenchmarkDotNet v0.15.8
// Runtime=.NET 10.0.12 (10.0.12, 10.0.1226.42308), X64 RyuJIT x86-64-v4
// GC=Concurrent Workstation
// HardwareIntrinsics=AVX512 BITALG+VBMI2+VNNI+VPOPCNTDQ,AVX512 IFMA+VBMI,AVX512 F+BW+CD+DQ+VL,AVX2+BMI1+BMI2+F16C+FMA+LZCNT+MOVBE,AVX,SSE3+SSSE3+SSE4.1+SSE4.2+POPCNT,X86Base+SSE+SSE2,AES+PCLMUL,AvxVnni VectorSize=256
// Job: ShortRun(InvocationCount=1, IterationCount=3, LaunchCount=1, UnrollFactor=1, WarmupCount=3)

OverheadJitting  1: 1 op, 347405.00 ns, 347.4050 us/op
WorkloadJitting  1: 1 op, 7770983.00 ns, 7.7710 ms/op

OverheadWarmup   1: 1 op, 430.00 ns, 430.0000 ns/op
OverheadWarmup   2: 1 op, 270.00 ns, 270.0000 ns/op
OverheadWarmup   3: 1 op, 381.00 ns, 381.0000 ns/op
OverheadWarmup   4: 1 op, 280.00 ns, 280.0000 ns/op
OverheadWarmup   5: 1 op, 411.00 ns, 411.0000 ns/op
OverheadWarmup   6: 1 op, 280.00 ns, 280.0000 ns/op

OverheadActual   1: 1 op, 421.00 ns, 421.0000 ns/op
OverheadActual   2: 1 op, 641.00 ns, 641.0000 ns/op
OverheadActual   3: 1 op, 421.00 ns, 421.0000 ns/op
OverheadActual   4: 1 op, 391.00 ns, 391.0000 ns/op
OverheadActual   5: 1 op, 391.00 ns, 391.0000 ns/op
OverheadActual   6: 1 op, 531.00 ns, 531.0000 ns/op
OverheadActual   7: 1 op, 381.00 ns, 381.0000 ns/op
OverheadActual   8: 1 op, 541.00 ns, 541.0000 ns/op
OverheadActual   9: 1 op, 411.00 ns, 411.0000 ns/op
OverheadActual  10: 1 op, 391.00 ns, 391.0000 ns/op
OverheadActual  11: 1 op, 400.00 ns, 400.0000 ns/op
OverheadActual  12: 1 op, 351.00 ns, 351.0000 ns/op
OverheadActual  13: 1 op, 371.00 ns, 371.0000 ns/op
OverheadActual  14: 1 op, 451.00 ns, 451.0000 ns/op
OverheadActual  15: 1 op, 440.00 ns, 440.0000 ns/op
OverheadActual  16: 1 op, 1002.00 ns, 1.0020 us/op
OverheadActual  17: 1 op, 331.00 ns, 331.0000 ns/op
OverheadActual  18: 1 op, 391.00 ns, 391.0000 ns/op
OverheadActual  19: 1 op, 450.00 ns, 450.0000 ns/op
OverheadActual  20: 1 op, 400.00 ns, 400.0000 ns/op

WorkloadWarmup   1: 1 op, 163558.00 ns, 163.5580 us/op
WorkloadWarmup   2: 1 op, 57919.00 ns, 57.9190 us/op
WorkloadWarmup   3: 1 op, 56817.00 ns, 56.8170 us/op

// BeforeActualRun
WorkloadActual   1: 1 op, 104106.00 ns, 104.1060 us/op
WorkloadActual   2: 1 op, 60344.00 ns, 60.3440 us/op
WorkloadActual   3: 1 op, 56487.00 ns, 56.4870 us/op

// AfterActualRun
WorkloadResult   1: 1 op, 103700.50 ns, 103.7005 us/op
WorkloadResult   2: 1 op, 59938.50 ns, 59.9385 us/op
WorkloadResult   3: 1 op, 56081.50 ns, 56.0815 us/op
// GC:  0 0 0 496680 1
// Threading:  0 0 1

// AfterAll
// Benchmark Process 347360 has exited with code 0.

Mean = 73.240 us, StdErr = 15.271 us (20.85%), N = 3, StdDev = 26.450 us
Min = 56.081 us, Q1 = 58.010 us, Median = 59.938 us, Q3 = 81.820 us, Max = 103.701 us
IQR = 23.809 us, LowerFence = 22.296 us, UpperFence = 117.534 us
ConfidenceInterval = [-409.303 us; 555.783 us] (CI 99.9%), Margin = 482.543 us (658.85% of Mean)
Skewness = 0.38, Kurtosis = 0.67, MValue = 2

// ** Remained 9 (20.0%) benchmark(s) to run. Estimated finish 2026-09-22 0:21 (0h 0m from now) **
// **************************
// Benchmark: SessionSetupDecompositionBenchmarks.StageS1_AdmissionOnlyAsync: ShortRun(InvocationCount=1, IterationCount=3, LaunchCount=1, UnrollFactor=1, WarmupCount=3) [Sessions=1000]
// *** Execute ***
// Launch: 1 / 1
// Execute: dotnet WinForward.Benchmarks-ShortRun-1.dll --anonymousPipes 129 130 --benchmarkName "WinForward.Benchmarks.Perf.SessionSetupDecompositionBenchmarks.StageS1_AdmissionOnlyAsync(Sessions: 1000)" --job ShortRun --benchmarkId 36 in /home/paff/Projects/WinForward/benchmarks/WinForward.Benchmarks/bin/Release/net10.0/WinForward.Benchmarks-ShortRun-1/bin/Release/net10.0
// Failed to set up high priority (Permission denied). In order to run benchmarks with high priority, make sure you have the right permissions.
// BeforeAnythingElse

// Benchmark Process Environment Information:
// BenchmarkDotNet v0.15.8
// Runtime=.NET 10.0.12 (10.0.12, 10.0.1226.42308), X64 RyuJIT x86-64-v4
// GC=Concurrent Workstation
// HardwareIntrinsics=AVX512 BITALG+VBMI2+VNNI+VPOPCNTDQ,AVX512 IFMA+VBMI,AVX512 F+BW+CD+DQ+VL,AVX2+BMI1+BMI2+F16C+FMA+LZCNT+MOVBE,AVX,SSE3+SSSE3+SSE4.1+SSE4.2+POPCNT,X86Base+SSE+SSE2,AES+PCLMUL,AvxVnni VectorSize=256
// Job: ShortRun(InvocationCount=1, IterationCount=3, LaunchCount=1, UnrollFactor=1, WarmupCount=3)

OverheadJitting  1: 1 op, 284847.00 ns, 284.8470 us/op
WorkloadJitting  1: 1 op, 28852136.00 ns, 28.8521 ms/op

OverheadWarmup   1: 1 op, 1113.00 ns, 1.1130 us/op
OverheadWarmup   2: 1 op, 941.00 ns, 941.0000 ns/op
OverheadWarmup   3: 1 op, 491.00 ns, 491.0000 ns/op
OverheadWarmup   4: 1 op, 551.00 ns, 551.0000 ns/op
OverheadWarmup   5: 1 op, 381.00 ns, 381.0000 ns/op
OverheadWarmup   6: 1 op, 391.00 ns, 391.0000 ns/op
OverheadWarmup   7: 1 op, 270.00 ns, 270.0000 ns/op

OverheadActual   1: 1 op, 440.00 ns, 440.0000 ns/op
OverheadActual   2: 1 op, 401.00 ns, 401.0000 ns/op
OverheadActual   3: 1 op, 411.00 ns, 411.0000 ns/op
OverheadActual   4: 1 op, 410.00 ns, 410.0000 ns/op
OverheadActual   5: 1 op, 420.00 ns, 420.0000 ns/op
OverheadActual   6: 1 op, 331.00 ns, 331.0000 ns/op
OverheadActual   7: 1 op, 391.00 ns, 391.0000 ns/op
OverheadActual   8: 1 op, 420.00 ns, 420.0000 ns/op
OverheadActual   9: 1 op, 280.00 ns, 280.0000 ns/op
OverheadActual  10: 1 op, 461.00 ns, 461.0000 ns/op
OverheadActual  11: 1 op, 281.00 ns, 281.0000 ns/op
OverheadActual  12: 1 op, 280.00 ns, 280.0000 ns/op
OverheadActual  13: 1 op, 692.00 ns, 692.0000 ns/op
OverheadActual  14: 1 op, 311.00 ns, 311.0000 ns/op
OverheadActual  15: 1 op, 420.00 ns, 420.0000 ns/op
OverheadActual  16: 1 op, 441.00 ns, 441.0000 ns/op
OverheadActual  17: 1 op, 281.00 ns, 281.0000 ns/op
OverheadActual  18: 1 op, 280.00 ns, 280.0000 ns/op
OverheadActual  19: 1 op, 280.00 ns, 280.0000 ns/op
OverheadActual  20: 1 op, 351.00 ns, 351.0000 ns/op

WorkloadWarmup   1: 1 op, 3491830.00 ns, 3.4918 ms/op
WorkloadWarmup   2: 1 op, 2436130.00 ns, 2.4361 ms/op
WorkloadWarmup   3: 1 op, 2286368.00 ns, 2.2864 ms/op

// BeforeActualRun
WorkloadActual   1: 1 op, 3007988.00 ns, 3.0080 ms/op
WorkloadActual   2: 1 op, 3083931.00 ns, 3.0839 ms/op
WorkloadActual   3: 1 op, 2245591.00 ns, 2.2456 ms/op

// AfterActualRun
WorkloadResult   1: 1 op, 3007592.00 ns, 3.0076 ms/op
WorkloadResult   2: 1 op, 3083535.00 ns, 3.0835 ms/op
WorkloadResult   3: 1 op, 2245195.00 ns, 2.2452 ms/op
// GC:  0 0 0 1323552 1
// Threading:  0 0 1

// AfterAll
// Benchmark Process 347369 has exited with code 0.

Mean = 2.779 ms, StdErr = 0.268 ms (9.63%), N = 3, StdDev = 0.464 ms
Min = 2.245 ms, Q1 = 2.626 ms, Median = 3.008 ms, Q3 = 3.046 ms, Max = 3.084 ms
IQR = 0.419 ms, LowerFence = 1.998 ms, UpperFence = 3.674 ms
ConfidenceInterval = [-5.680 ms; 11.237 ms] (CI 99.9%), Margin = 8.459 ms (304.40% of Mean)
Skewness = -0.37, Kurtosis = 0.67, MValue = 2

// ** Remained 8 (17.8%) benchmark(s) to run. Estimated finish 2026-09-22 0:21 (0h 0m from now) **
// **************************
// Benchmark: SessionSetupDecompositionBenchmarks.StageS2_SetupStartedAsync: ShortRun(InvocationCount=1, IterationCount=3, LaunchCount=1, UnrollFactor=1, WarmupCount=3) [Sessions=1000]
// *** Execute ***
// Launch: 1 / 1
// Execute: dotnet WinForward.Benchmarks-ShortRun-1.dll --anonymousPipes 129 130 --benchmarkName "WinForward.Benchmarks.Perf.SessionSetupDecompositionBenchmarks.StageS2_SetupStartedAsync(Sessions: 1000)" --job ShortRun --benchmarkId 37 in /home/paff/Projects/WinForward/benchmarks/WinForward.Benchmarks/bin/Release/net10.0/WinForward.Benchmarks-ShortRun-1/bin/Release/net10.0
// Failed to set up high priority (Permission denied). In order to run benchmarks with high priority, make sure you have the right permissions.
// BeforeAnythingElse

// Benchmark Process Environment Information:
// BenchmarkDotNet v0.15.8
// Runtime=.NET 10.0.12 (10.0.12, 10.0.1226.42308), X64 RyuJIT x86-64-v4
// GC=Concurrent Workstation
// HardwareIntrinsics=AVX512 BITALG+VBMI2+VNNI+VPOPCNTDQ,AVX512 IFMA+VBMI,AVX512 F+BW+CD+DQ+VL,AVX2+BMI1+BMI2+F16C+FMA+LZCNT+MOVBE,AVX,SSE3+SSSE3+SSE4.1+SSE4.2+POPCNT,X86Base+SSE+SSE2,AES+PCLMUL,AvxVnni VectorSize=256
// Job: ShortRun(InvocationCount=1, IterationCount=3, LaunchCount=1, UnrollFactor=1, WarmupCount=3)

OverheadJitting  1: 1 op, 298963.00 ns, 298.9630 us/op
WorkloadJitting  1: 1 op, 118743592.00 ns, 118.7436 ms/op

OverheadWarmup   1: 1 op, 832.00 ns, 832.0000 ns/op
OverheadWarmup   2: 1 op, 601.00 ns, 601.0000 ns/op
OverheadWarmup   3: 1 op, 541.00 ns, 541.0000 ns/op
OverheadWarmup   4: 1 op, 491.00 ns, 491.0000 ns/op
OverheadWarmup   5: 1 op, 421.00 ns, 421.0000 ns/op
OverheadWarmup   6: 1 op, 430.00 ns, 430.0000 ns/op
OverheadWarmup   7: 1 op, 441.00 ns, 441.0000 ns/op
OverheadWarmup   8: 1 op, 420.00 ns, 420.0000 ns/op
OverheadWarmup   9: 1 op, 481.00 ns, 481.0000 ns/op
OverheadWarmup  10: 1 op, 501.00 ns, 501.0000 ns/op

OverheadActual   1: 1 op, 461.00 ns, 461.0000 ns/op
OverheadActual   2: 1 op, 551.00 ns, 551.0000 ns/op
OverheadActual   3: 1 op, 461.00 ns, 461.0000 ns/op
OverheadActual   4: 1 op, 441.00 ns, 441.0000 ns/op
OverheadActual   5: 1 op, 431.00 ns, 431.0000 ns/op
OverheadActual   6: 1 op, 440.00 ns, 440.0000 ns/op
OverheadActual   7: 1 op, 411.00 ns, 411.0000 ns/op
OverheadActual   8: 1 op, 411.00 ns, 411.0000 ns/op
OverheadActual   9: 1 op, 361.00 ns, 361.0000 ns/op
OverheadActual  10: 1 op, 351.00 ns, 351.0000 ns/op
OverheadActual  11: 1 op, 421.00 ns, 421.0000 ns/op
OverheadActual  12: 1 op, 420.00 ns, 420.0000 ns/op
OverheadActual  13: 1 op, 401.00 ns, 401.0000 ns/op
OverheadActual  14: 1 op, 421.00 ns, 421.0000 ns/op
OverheadActual  15: 1 op, 410.00 ns, 410.0000 ns/op
OverheadActual  16: 1 op, 501.00 ns, 501.0000 ns/op
OverheadActual  17: 1 op, 391.00 ns, 391.0000 ns/op
OverheadActual  18: 1 op, 440.00 ns, 440.0000 ns/op
OverheadActual  19: 1 op, 481.00 ns, 481.0000 ns/op
OverheadActual  20: 1 op, 451.00 ns, 451.0000 ns/op

WorkloadWarmup   1: 1 op, 83287853.00 ns, 83.2879 ms/op
WorkloadWarmup   2: 1 op, 82276675.00 ns, 82.2767 ms/op
WorkloadWarmup   3: 1 op, 83379111.00 ns, 83.3791 ms/op

// BeforeActualRun
WorkloadActual   1: 1 op, 81509090.00 ns, 81.5091 ms/op
WorkloadActual   2: 1 op, 82878327.00 ns, 82.8783 ms/op
WorkloadActual   3: 1 op, 80565171.00 ns, 80.5652 ms/op

// AfterActualRun
WorkloadResult   1: 1 op, 81508664.00 ns, 81.5087 ms/op
WorkloadResult   2: 1 op, 82877901.00 ns, 82.8779 ms/op
WorkloadResult   3: 1 op, 80564745.00 ns, 80.5647 ms/op
// GC:  0 0 0 1352664 1
// Threading:  4 10 1

// AfterAll
// Benchmark Process 347382 has exited with code 0.

Mean = 81.650 ms, StdErr = 0.672 ms (0.82%), N = 3, StdDev = 1.163 ms
Min = 80.565 ms, Q1 = 81.037 ms, Median = 81.509 ms, Q3 = 82.193 ms, Max = 82.878 ms
IQR = 1.157 ms, LowerFence = 79.302 ms, UpperFence = 83.928 ms
ConfidenceInterval = [60.432 ms; 102.869 ms] (CI 99.9%), Margin = 21.219 ms (25.99% of Mean)
Skewness = 0.12, Kurtosis = 0.67, MValue = 2

// ** Remained 7 (15.6%) benchmark(s) to run. Estimated finish 2026-09-22 0:21 (0h 0m from now) **
// **************************
// Benchmark: SessionSetupDecompositionBenchmarks.StageS3_PipelineNoPayloadAsync: ShortRun(InvocationCount=1, IterationCount=3, LaunchCount=1, UnrollFactor=1, WarmupCount=3) [Sessions=1000]
// *** Execute ***
// Launch: 1 / 1
// Execute: dotnet WinForward.Benchmarks-ShortRun-1.dll --anonymousPipes 129 130 --benchmarkName "WinForward.Benchmarks.Perf.SessionSetupDecompositionBenchmarks.StageS3_PipelineNoPayloadAsync(Sessions: 1000)" --job ShortRun --benchmarkId 38 in /home/paff/Projects/WinForward/benchmarks/WinForward.Benchmarks/bin/Release/net10.0/WinForward.Benchmarks-ShortRun-1/bin/Release/net10.0
// Failed to set up high priority (Permission denied). In order to run benchmarks with high priority, make sure you have the right permissions.
// BeforeAnythingElse

// Benchmark Process Environment Information:
// BenchmarkDotNet v0.15.8
// Runtime=.NET 10.0.12 (10.0.12, 10.0.1226.42308), X64 RyuJIT x86-64-v4
// GC=Concurrent Workstation
// HardwareIntrinsics=AVX512 BITALG+VBMI2+VNNI+VPOPCNTDQ,AVX512 IFMA+VBMI,AVX512 F+BW+CD+DQ+VL,AVX2+BMI1+BMI2+F16C+FMA+LZCNT+MOVBE,AVX,SSE3+SSSE3+SSE4.1+SSE4.2+POPCNT,X86Base+SSE+SSE2,AES+PCLMUL,AvxVnni VectorSize=256
// Job: ShortRun(InvocationCount=1, IterationCount=3, LaunchCount=1, UnrollFactor=1, WarmupCount=3)

OverheadJitting  1: 1 op, 291620.00 ns, 291.6200 us/op
WorkloadJitting  1: 1 op, 116758664.00 ns, 116.7587 ms/op

OverheadWarmup   1: 1 op, 651.00 ns, 651.0000 ns/op
OverheadWarmup   2: 1 op, 380.00 ns, 380.0000 ns/op
OverheadWarmup   3: 1 op, 430.00 ns, 430.0000 ns/op
OverheadWarmup   4: 1 op, 491.00 ns, 491.0000 ns/op
OverheadWarmup   5: 1 op, 280.00 ns, 280.0000 ns/op
OverheadWarmup   6: 1 op, 441.00 ns, 441.0000 ns/op
OverheadWarmup   7: 1 op, 441.00 ns, 441.0000 ns/op

OverheadActual   1: 1 op, 461.00 ns, 461.0000 ns/op
OverheadActual   2: 1 op, 380.00 ns, 380.0000 ns/op
OverheadActual   3: 1 op, 390.00 ns, 390.0000 ns/op
OverheadActual   4: 1 op, 400.00 ns, 400.0000 ns/op
OverheadActual   5: 1 op, 401.00 ns, 401.0000 ns/op
OverheadActual   6: 1 op, 401.00 ns, 401.0000 ns/op
OverheadActual   7: 1 op, 431.00 ns, 431.0000 ns/op
OverheadActual   8: 1 op, 401.00 ns, 401.0000 ns/op
OverheadActual   9: 1 op, 501.00 ns, 501.0000 ns/op
OverheadActual  10: 1 op, 451.00 ns, 451.0000 ns/op
OverheadActual  11: 1 op, 391.00 ns, 391.0000 ns/op
OverheadActual  12: 1 op, 401.00 ns, 401.0000 ns/op
OverheadActual  13: 1 op, 451.00 ns, 451.0000 ns/op
OverheadActual  14: 1 op, 391.00 ns, 391.0000 ns/op
OverheadActual  15: 1 op, 411.00 ns, 411.0000 ns/op
OverheadActual  16: 1 op, 391.00 ns, 391.0000 ns/op
OverheadActual  17: 1 op, 441.00 ns, 441.0000 ns/op
OverheadActual  18: 1 op, 420.00 ns, 420.0000 ns/op
OverheadActual  19: 1 op, 291.00 ns, 291.0000 ns/op
OverheadActual  20: 1 op, 450.00 ns, 450.0000 ns/op

WorkloadWarmup   1: 1 op, 57836984.00 ns, 57.8370 ms/op
WorkloadWarmup   2: 1 op, 55688585.00 ns, 55.6886 ms/op
WorkloadWarmup   3: 1 op, 60401642.00 ns, 60.4016 ms/op

// BeforeActualRun
WorkloadActual   1: 1 op, 59871537.00 ns, 59.8715 ms/op
WorkloadActual   2: 1 op, 56160725.00 ns, 56.1607 ms/op
WorkloadActual   3: 1 op, 55896707.00 ns, 55.8967 ms/op

// AfterActualRun
WorkloadResult   1: 1 op, 59871136.00 ns, 59.8711 ms/op
WorkloadResult   2: 1 op, 56160324.00 ns, 56.1603 ms/op
WorkloadResult   3: 1 op, 55896306.00 ns, 55.8963 ms/op
// GC:  0 0 0 3689008 1
// Threading:  717 266 1

// AfterAll
// Benchmark Process 347938 has exited with code 0.

Mean = 57.309 ms, StdErr = 1.283 ms (2.24%), N = 3, StdDev = 2.223 ms
Min = 55.896 ms, Q1 = 56.028 ms, Median = 56.160 ms, Q3 = 58.016 ms, Max = 59.871 ms
IQR = 1.987 ms, LowerFence = 53.047 ms, UpperFence = 60.997 ms
ConfidenceInterval = [16.761 ms; 97.857 ms] (CI 99.9%), Margin = 40.548 ms (70.75% of Mean)
Skewness = 0.38, Kurtosis = 0.67, MValue = 2

// ** Remained 6 (13.3%) benchmark(s) to run. Estimated finish 2026-09-22 0:21 (0h 0m from now) **
// **************************
// Benchmark: SessionSetupDecompositionBenchmarks.StageS4_ReadinessTeardownOutsideAsync: ShortRun(InvocationCount=1, IterationCount=3, LaunchCount=1, UnrollFactor=1, WarmupCount=3) [Sessions=1000]
// *** Execute ***
// Launch: 1 / 1
// Execute: dotnet WinForward.Benchmarks-ShortRun-1.dll --anonymousPipes 129 130 --benchmarkName "WinForward.Benchmarks.Perf.SessionSetupDecompositionBenchmarks.StageS4_ReadinessTeardownOutsideAsync(Sessions: 1000)" --job ShortRun --benchmarkId 39 in /home/paff/Projects/WinForward/benchmarks/WinForward.Benchmarks/bin/Release/net10.0/WinForward.Benchmarks-ShortRun-1/bin/Release/net10.0
// Failed to set up high priority (Permission denied). In order to run benchmarks with high priority, make sure you have the right permissions.
// BeforeAnythingElse

// Benchmark Process Environment Information:
// BenchmarkDotNet v0.15.8
// Runtime=.NET 10.0.12 (10.0.12, 10.0.1226.42308), X64 RyuJIT x86-64-v4
// GC=Concurrent Workstation
// HardwareIntrinsics=AVX512 BITALG+VBMI2+VNNI+VPOPCNTDQ,AVX512 IFMA+VBMI,AVX512 F+BW+CD+DQ+VL,AVX2+BMI1+BMI2+F16C+FMA+LZCNT+MOVBE,AVX,SSE3+SSSE3+SSE4.1+SSE4.2+POPCNT,X86Base+SSE+SSE2,AES+PCLMUL,AvxVnni VectorSize=256
// Job: ShortRun(InvocationCount=1, IterationCount=3, LaunchCount=1, UnrollFactor=1, WarmupCount=3)

OverheadJitting  1: 1 op, 366942.00 ns, 366.9420 us/op
WorkloadJitting  1: 1 op, 130640228.00 ns, 130.6402 ms/op

OverheadWarmup   1: 1 op, 751.00 ns, 751.0000 ns/op
OverheadWarmup   2: 1 op, 520.00 ns, 520.0000 ns/op
OverheadWarmup   3: 1 op, 431.00 ns, 431.0000 ns/op
OverheadWarmup   4: 1 op, 451.00 ns, 451.0000 ns/op
OverheadWarmup   5: 1 op, 501.00 ns, 501.0000 ns/op
OverheadWarmup   6: 1 op, 531.00 ns, 531.0000 ns/op
OverheadWarmup   7: 1 op, 441.00 ns, 441.0000 ns/op
OverheadWarmup   8: 1 op, 892.00 ns, 892.0000 ns/op
OverheadWarmup   9: 1 op, 611.00 ns, 611.0000 ns/op

OverheadActual   1: 1 op, 521.00 ns, 521.0000 ns/op
OverheadActual   2: 1 op, 561.00 ns, 561.0000 ns/op
OverheadActual   3: 1 op, 431.00 ns, 431.0000 ns/op
OverheadActual   4: 1 op, 441.00 ns, 441.0000 ns/op
OverheadActual   5: 1 op, 371.00 ns, 371.0000 ns/op
OverheadActual   6: 1 op, 361.00 ns, 361.0000 ns/op
OverheadActual   7: 1 op, 480.00 ns, 480.0000 ns/op
OverheadActual   8: 1 op, 461.00 ns, 461.0000 ns/op
OverheadActual   9: 1 op, 461.00 ns, 461.0000 ns/op
OverheadActual  10: 1 op, 451.00 ns, 451.0000 ns/op
OverheadActual  11: 1 op, 461.00 ns, 461.0000 ns/op
OverheadActual  12: 1 op, 401.00 ns, 401.0000 ns/op
OverheadActual  13: 1 op, 431.00 ns, 431.0000 ns/op
OverheadActual  14: 1 op, 451.00 ns, 451.0000 ns/op
OverheadActual  15: 1 op, 391.00 ns, 391.0000 ns/op
OverheadActual  16: 1 op, 431.00 ns, 431.0000 ns/op
OverheadActual  17: 1 op, 471.00 ns, 471.0000 ns/op
OverheadActual  18: 1 op, 421.00 ns, 421.0000 ns/op
OverheadActual  19: 1 op, 421.00 ns, 421.0000 ns/op
OverheadActual  20: 1 op, 481.00 ns, 481.0000 ns/op

WorkloadWarmup   1: 1 op, 69472008.00 ns, 69.4720 ms/op
WorkloadWarmup   2: 1 op, 61024655.00 ns, 61.0247 ms/op
WorkloadWarmup   3: 1 op, 65542213.00 ns, 65.5422 ms/op

// BeforeActualRun
WorkloadActual   1: 1 op, 64649938.00 ns, 64.6499 ms/op
WorkloadActual   2: 1 op, 64622049.00 ns, 64.6220 ms/op
WorkloadActual   3: 1 op, 67031348.00 ns, 67.0313 ms/op

// AfterActualRun
WorkloadResult   1: 1 op, 64649492.00 ns, 64.6495 ms/op
WorkloadResult   2: 1 op, 64621603.00 ns, 64.6216 ms/op
WorkloadResult   3: 1 op, 67030902.00 ns, 67.0309 ms/op
// GC:  0 0 0 4262336 1
// Threading:  1001 383 1

// AfterAll
// Benchmark Process 348493 has exited with code 0.

Mean = 65.434 ms, StdErr = 0.798 ms (1.22%), N = 3, StdDev = 1.383 ms
Min = 64.622 ms, Q1 = 64.636 ms, Median = 64.649 ms, Q3 = 65.840 ms, Max = 67.031 ms
IQR = 1.205 ms, LowerFence = 62.829 ms, UpperFence = 67.647 ms
ConfidenceInterval = [40.202 ms; 90.666 ms] (CI 99.9%), Margin = 25.232 ms (38.56% of Mean)
Skewness = 0.38, Kurtosis = 0.67, MValue = 2

// ** Remained 5 (11.1%) benchmark(s) to run. Estimated finish 2026-09-22 0:21 (0h 0m from now) **
// **************************
// Benchmark: SessionSetupDecompositionBenchmarks.StageS5_ReadinessTeardownInsideAsync: ShortRun(InvocationCount=1, IterationCount=3, LaunchCount=1, UnrollFactor=1, WarmupCount=3) [Sessions=1000]
// *** Execute ***
// Launch: 1 / 1
// Execute: dotnet WinForward.Benchmarks-ShortRun-1.dll --anonymousPipes 129 130 --benchmarkName "WinForward.Benchmarks.Perf.SessionSetupDecompositionBenchmarks.StageS5_ReadinessTeardownInsideAsync(Sessions: 1000)" --job ShortRun --benchmarkId 40 in /home/paff/Projects/WinForward/benchmarks/WinForward.Benchmarks/bin/Release/net10.0/WinForward.Benchmarks-ShortRun-1/bin/Release/net10.0
// Failed to set up high priority (Permission denied). In order to run benchmarks with high priority, make sure you have the right permissions.
// BeforeAnythingElse

// Benchmark Process Environment Information:
// BenchmarkDotNet v0.15.8
// Runtime=.NET 10.0.12 (10.0.12, 10.0.1226.42308), X64 RyuJIT x86-64-v4
// GC=Concurrent Workstation
// HardwareIntrinsics=AVX512 BITALG+VBMI2+VNNI+VPOPCNTDQ,AVX512 IFMA+VBMI,AVX512 F+BW+CD+DQ+VL,AVX2+BMI1+BMI2+F16C+FMA+LZCNT+MOVBE,AVX,SSE3+SSSE3+SSE4.1+SSE4.2+POPCNT,X86Base+SSE+SSE2,AES+PCLMUL,AvxVnni VectorSize=256
// Job: ShortRun(InvocationCount=1, IterationCount=3, LaunchCount=1, UnrollFactor=1, WarmupCount=3)

OverheadJitting  1: 1 op, 360299.00 ns, 360.2990 us/op
WorkloadJitting  1: 1 op, 166237552.00 ns, 166.2376 ms/op

OverheadWarmup   1: 1 op, 781.00 ns, 781.0000 ns/op
OverheadWarmup   2: 1 op, 451.00 ns, 451.0000 ns/op
OverheadWarmup   3: 1 op, 431.00 ns, 431.0000 ns/op
OverheadWarmup   4: 1 op, 411.00 ns, 411.0000 ns/op
OverheadWarmup   5: 1 op, 470.00 ns, 470.0000 ns/op
OverheadWarmup   6: 1 op, 431.00 ns, 431.0000 ns/op
OverheadWarmup   7: 1 op, 400.00 ns, 400.0000 ns/op
OverheadWarmup   8: 1 op, 411.00 ns, 411.0000 ns/op
OverheadWarmup   9: 1 op, 271.00 ns, 271.0000 ns/op

OverheadActual   1: 1 op, 391.00 ns, 391.0000 ns/op
OverheadActual   2: 1 op, 401.00 ns, 401.0000 ns/op
OverheadActual   3: 1 op, 401.00 ns, 401.0000 ns/op
OverheadActual   4: 1 op, 391.00 ns, 391.0000 ns/op
OverheadActual   5: 1 op, 401.00 ns, 401.0000 ns/op
OverheadActual   6: 1 op, 270.00 ns, 270.0000 ns/op
OverheadActual   7: 1 op, 281.00 ns, 281.0000 ns/op
OverheadActual   8: 1 op, 301.00 ns, 301.0000 ns/op
OverheadActual   9: 1 op, 310.00 ns, 310.0000 ns/op
OverheadActual  10: 1 op, 271.00 ns, 271.0000 ns/op
OverheadActual  11: 1 op, 441.00 ns, 441.0000 ns/op
OverheadActual  12: 1 op, 280.00 ns, 280.0000 ns/op
OverheadActual  13: 1 op, 291.00 ns, 291.0000 ns/op
OverheadActual  14: 1 op, 271.00 ns, 271.0000 ns/op
OverheadActual  15: 1 op, 281.00 ns, 281.0000 ns/op
OverheadActual  16: 1 op, 291.00 ns, 291.0000 ns/op
OverheadActual  17: 1 op, 290.00 ns, 290.0000 ns/op
OverheadActual  18: 1 op, 390.00 ns, 390.0000 ns/op
OverheadActual  19: 1 op, 290.00 ns, 290.0000 ns/op
OverheadActual  20: 1 op, 401.00 ns, 401.0000 ns/op

WorkloadWarmup   1: 1 op, 89672520.00 ns, 89.6725 ms/op
WorkloadWarmup   2: 1 op, 80526989.00 ns, 80.5270 ms/op
WorkloadWarmup   3: 1 op, 83036709.00 ns, 83.0367 ms/op

// BeforeActualRun
WorkloadActual   1: 1 op, 89231541.00 ns, 89.2315 ms/op
WorkloadActual   2: 1 op, 78846923.00 ns, 78.8469 ms/op
WorkloadActual   3: 1 op, 86179210.00 ns, 86.1792 ms/op

// AfterActualRun
WorkloadResult   1: 1 op, 89231245.00 ns, 89.2312 ms/op
WorkloadResult   2: 1 op, 78846627.00 ns, 78.8466 ms/op
WorkloadResult   3: 1 op, 86178914.00 ns, 86.1789 ms/op
// GC:  0 0 0 6585640 1
// Threading:  2005 461 1
// Exceptions:  2128

// AfterAll
// Benchmark Process 349059 has exited with code 0.

Mean = 84.752 ms, StdErr = 3.081 ms (3.64%), N = 3, StdDev = 5.337 ms
Min = 78.847 ms, Q1 = 82.513 ms, Median = 86.179 ms, Q3 = 87.705 ms, Max = 89.231 ms
IQR = 5.192 ms, LowerFence = 74.724 ms, UpperFence = 95.494 ms
ConfidenceInterval = [-12.620 ms; 182.124 ms] (CI 99.9%), Margin = 97.372 ms (114.89% of Mean)
Skewness = -0.25, Kurtosis = 0.67, MValue = 2

// ** Remained 4 (8.9%) benchmark(s) to run. Estimated finish 2026-09-22 0:21 (0h 0m from now) **
// **************************
// Benchmark: SessionSetupDecompositionBenchmarks.BaselineF_FakeTransportCreationAsync: ShortRun(InvocationCount=1, IterationCount=3, LaunchCount=1, UnrollFactor=1, WarmupCount=3) [Sessions=1000]
// *** Execute ***
// Launch: 1 / 1
// Execute: dotnet WinForward.Benchmarks-ShortRun-1.dll --anonymousPipes 129 130 --benchmarkName "WinForward.Benchmarks.Perf.SessionSetupDecompositionBenchmarks.BaselineF_FakeTransportCreationAsync(Sessions: 1000)" --job ShortRun --benchmarkId 41 in /home/paff/Projects/WinForward/benchmarks/WinForward.Benchmarks/bin/Release/net10.0/WinForward.Benchmarks-ShortRun-1/bin/Release/net10.0
// Failed to set up high priority (Permission denied). In order to run benchmarks with high priority, make sure you have the right permissions.
// BeforeAnythingElse

// Benchmark Process Environment Information:
// BenchmarkDotNet v0.15.8
// Runtime=.NET 10.0.12 (10.0.12, 10.0.1226.42308), X64 RyuJIT x86-64-v4
// GC=Concurrent Workstation
// HardwareIntrinsics=AVX512 BITALG+VBMI2+VNNI+VPOPCNTDQ,AVX512 IFMA+VBMI,AVX512 F+BW+CD+DQ+VL,AVX2+BMI1+BMI2+F16C+FMA+LZCNT+MOVBE,AVX,SSE3+SSSE3+SSE4.1+SSE4.2+POPCNT,X86Base+SSE+SSE2,AES+PCLMUL,AvxVnni VectorSize=256
// Job: ShortRun(InvocationCount=1, IterationCount=3, LaunchCount=1, UnrollFactor=1, WarmupCount=3)

OverheadJitting  1: 1 op, 361711.00 ns, 361.7110 us/op
WorkloadJitting  1: 1 op, 6324708.00 ns, 6.3247 ms/op

OverheadWarmup   1: 1 op, 430.00 ns, 430.0000 ns/op
OverheadWarmup   2: 1 op, 411.00 ns, 411.0000 ns/op
OverheadWarmup   3: 1 op, 431.00 ns, 431.0000 ns/op
OverheadWarmup   4: 1 op, 471.00 ns, 471.0000 ns/op
OverheadWarmup   5: 1 op, 270.00 ns, 270.0000 ns/op
OverheadWarmup   6: 1 op, 391.00 ns, 391.0000 ns/op
OverheadWarmup   7: 1 op, 441.00 ns, 441.0000 ns/op
OverheadWarmup   8: 1 op, 521.00 ns, 521.0000 ns/op
OverheadWarmup   9: 1 op, 511.00 ns, 511.0000 ns/op

OverheadActual   1: 1 op, 431.00 ns, 431.0000 ns/op
OverheadActual   2: 1 op, 391.00 ns, 391.0000 ns/op
OverheadActual   3: 1 op, 380.00 ns, 380.0000 ns/op
OverheadActual   4: 1 op, 401.00 ns, 401.0000 ns/op
OverheadActual   5: 1 op, 380.00 ns, 380.0000 ns/op
OverheadActual   6: 1 op, 451.00 ns, 451.0000 ns/op
OverheadActual   7: 1 op, 431.00 ns, 431.0000 ns/op
OverheadActual   8: 1 op, 421.00 ns, 421.0000 ns/op
OverheadActual   9: 1 op, 701.00 ns, 701.0000 ns/op
OverheadActual  10: 1 op, 431.00 ns, 431.0000 ns/op
OverheadActual  11: 1 op, 371.00 ns, 371.0000 ns/op
OverheadActual  12: 1 op, 521.00 ns, 521.0000 ns/op
OverheadActual  13: 1 op, 381.00 ns, 381.0000 ns/op
OverheadActual  14: 1 op, 401.00 ns, 401.0000 ns/op
OverheadActual  15: 1 op, 781.00 ns, 781.0000 ns/op
OverheadActual  16: 1 op, 441.00 ns, 441.0000 ns/op
OverheadActual  17: 1 op, 381.00 ns, 381.0000 ns/op
OverheadActual  18: 1 op, 391.00 ns, 391.0000 ns/op
OverheadActual  19: 1 op, 391.00 ns, 391.0000 ns/op
OverheadActual  20: 1 op, 370.00 ns, 370.0000 ns/op

WorkloadWarmup   1: 1 op, 234693.00 ns, 234.6930 us/op
WorkloadWarmup   2: 1 op, 122330.00 ns, 122.3300 us/op
WorkloadWarmup   3: 1 op, 121569.00 ns, 121.5690 us/op

// BeforeActualRun
WorkloadActual   1: 1 op, 279306.00 ns, 279.3060 us/op
WorkloadActual   2: 1 op, 121519.00 ns, 121.5190 us/op
WorkloadActual   3: 1 op, 158368.00 ns, 158.3680 us/op

// AfterActualRun
WorkloadResult   1: 1 op, 278905.00 ns, 278.9050 us/op
WorkloadResult   2: 1 op, 121118.00 ns, 121.1180 us/op
WorkloadResult   3: 1 op, 157967.00 ns, 157.9670 us/op
// GC:  0 0 0 104032 1
// Threading:  0 0 1

// AfterAll
// Benchmark Process 349619 has exited with code 0.

Mean = 185.997 us, StdErr = 47.657 us (25.62%), N = 3, StdDev = 82.544 us
Min = 121.118 us, Q1 = 139.542 us, Median = 157.967 us, Q3 = 218.436 us, Max = 278.905 us
IQR = 78.894 us, LowerFence = 21.202 us, UpperFence = 336.776 us
ConfidenceInterval = [-1,319.904 us; 1,691.898 us] (CI 99.9%), Margin = 1,505.901 us (809.64% of Mean)
Skewness = 0.3, Kurtosis = 0.67, MValue = 2

// ** Remained 3 (6.7%) benchmark(s) to run. Estimated finish 2026-09-22 0:21 (0h 0m from now) **
// **************************
// Benchmark: SessionSetupDecompositionBenchmarks.BaselineH_FlowKeyConstruction: ShortRun(InvocationCount=1, IterationCount=3, LaunchCount=1, UnrollFactor=1, WarmupCount=3) [Sessions=1000]
// *** Execute ***
// Launch: 1 / 1
// Execute: dotnet WinForward.Benchmarks-ShortRun-1.dll --anonymousPipes 129 130 --benchmarkName "WinForward.Benchmarks.Perf.SessionSetupDecompositionBenchmarks.BaselineH_FlowKeyConstruction(Sessions: 1000)" --job ShortRun --benchmarkId 42 in /home/paff/Projects/WinForward/benchmarks/WinForward.Benchmarks/bin/Release/net10.0/WinForward.Benchmarks-ShortRun-1/bin/Release/net10.0
// Failed to set up high priority (Permission denied). In order to run benchmarks with high priority, make sure you have the right permissions.
// BeforeAnythingElse

// Benchmark Process Environment Information:
// BenchmarkDotNet v0.15.8
// Runtime=.NET 10.0.12 (10.0.12, 10.0.1226.42308), X64 RyuJIT x86-64-v4
// GC=Concurrent Workstation
// HardwareIntrinsics=AVX512 BITALG+VBMI2+VNNI+VPOPCNTDQ,AVX512 IFMA+VBMI,AVX512 F+BW+CD+DQ+VL,AVX2+BMI1+BMI2+F16C+FMA+LZCNT+MOVBE,AVX,SSE3+SSSE3+SSE4.1+SSE4.2+POPCNT,X86Base+SSE+SSE2,AES+PCLMUL,AvxVnni VectorSize=256
// Job: ShortRun(InvocationCount=1, IterationCount=3, LaunchCount=1, UnrollFactor=1, WarmupCount=3)

OverheadJitting  1: 1 op, 276271.00 ns, 276.2710 us/op
WorkloadJitting  1: 1 op, 7903112.00 ns, 7.9031 ms/op

OverheadWarmup   1: 1 op, 692.00 ns, 692.0000 ns/op
OverheadWarmup   2: 1 op, 361.00 ns, 361.0000 ns/op
OverheadWarmup   3: 1 op, 360.00 ns, 360.0000 ns/op
OverheadWarmup   4: 1 op, 410.00 ns, 410.0000 ns/op
OverheadWarmup   5: 1 op, 401.00 ns, 401.0000 ns/op
OverheadWarmup   6: 1 op, 481.00 ns, 481.0000 ns/op
OverheadWarmup   7: 1 op, 471.00 ns, 471.0000 ns/op

OverheadActual   1: 1 op, 420.00 ns, 420.0000 ns/op
OverheadActual   2: 1 op, 521.00 ns, 521.0000 ns/op
OverheadActual   3: 1 op, 601.00 ns, 601.0000 ns/op
OverheadActual   4: 1 op, 411.00 ns, 411.0000 ns/op
OverheadActual   5: 1 op, 450.00 ns, 450.0000 ns/op
OverheadActual   6: 1 op, 361.00 ns, 361.0000 ns/op
OverheadActual   7: 1 op, 351.00 ns, 351.0000 ns/op
OverheadActual   8: 1 op, 461.00 ns, 461.0000 ns/op
OverheadActual   9: 1 op, 461.00 ns, 461.0000 ns/op
OverheadActual  10: 1 op, 291.00 ns, 291.0000 ns/op
OverheadActual  11: 1 op, 370.00 ns, 370.0000 ns/op
OverheadActual  12: 1 op, 360.00 ns, 360.0000 ns/op
OverheadActual  13: 1 op, 621.00 ns, 621.0000 ns/op
OverheadActual  14: 1 op, 290.00 ns, 290.0000 ns/op
OverheadActual  15: 1 op, 251.00 ns, 251.0000 ns/op
OverheadActual  16: 1 op, 290.00 ns, 290.0000 ns/op
OverheadActual  17: 1 op, 290.00 ns, 290.0000 ns/op
OverheadActual  18: 1 op, 511.00 ns, 511.0000 ns/op
OverheadActual  19: 1 op, 371.00 ns, 371.0000 ns/op
OverheadActual  20: 1 op, 441.00 ns, 441.0000 ns/op

WorkloadWarmup   1: 1 op, 1009251.00 ns, 1.0093 ms/op
WorkloadWarmup   2: 1 op, 619537.00 ns, 619.5370 us/op
WorkloadWarmup   3: 1 op, 623304.00 ns, 623.3040 us/op

// BeforeActualRun
WorkloadActual   1: 1 op, 705088.00 ns, 705.0880 us/op
WorkloadActual   2: 1 op, 608437.00 ns, 608.4370 us/op
WorkloadActual   3: 1 op, 711671.00 ns, 711.6710 us/op

// AfterActualRun
WorkloadResult   1: 1 op, 704697.00 ns, 704.6970 us/op
WorkloadResult   2: 1 op, 608046.00 ns, 608.0460 us/op
WorkloadResult   3: 1 op, 711280.00 ns, 711.2800 us/op
// GC:  0 0 0 356800 1
// Threading:  0 0 1

// AfterAll
// Benchmark Process 349629 has exited with code 0.

Mean = 674.674 us, StdErr = 33.368 us (4.95%), N = 3, StdDev = 57.796 us
Min = 608.046 us, Q1 = 656.371 us, Median = 704.697 us, Q3 = 707.989 us, Max = 711.280 us
IQR = 51.617 us, LowerFence = 578.946 us, UpperFence = 785.414 us
ConfidenceInterval = [-379.733 us; 1,729.082 us] (CI 99.9%), Margin = 1,054.407 us (156.28% of Mean)
Skewness = -0.38, Kurtosis = 0.67, MValue = 2

// ** Remained 2 (4.4%) benchmark(s) to run. Estimated finish 2026-09-22 0:21 (0h 0m from now) **
// **************************
// Benchmark: SessionSetupDecompositionBenchmarks.ComponentC1_AssociationClaimRelease: ShortRun(InvocationCount=1, IterationCount=3, LaunchCount=1, UnrollFactor=1, WarmupCount=3) [Sessions=1000]
// *** Execute ***
// Launch: 1 / 1
// Execute: dotnet WinForward.Benchmarks-ShortRun-1.dll --anonymousPipes 129 130 --benchmarkName "WinForward.Benchmarks.Perf.SessionSetupDecompositionBenchmarks.ComponentC1_AssociationClaimRelease(Sessions: 1000)" --job ShortRun --benchmarkId 43 in /home/paff/Projects/WinForward/benchmarks/WinForward.Benchmarks/bin/Release/net10.0/WinForward.Benchmarks-ShortRun-1/bin/Release/net10.0
// Failed to set up high priority (Permission denied). In order to run benchmarks with high priority, make sure you have the right permissions.
// BeforeAnythingElse

// Benchmark Process Environment Information:
// BenchmarkDotNet v0.15.8
// Runtime=.NET 10.0.12 (10.0.12, 10.0.1226.42308), X64 RyuJIT x86-64-v4
// GC=Concurrent Workstation
// HardwareIntrinsics=AVX512 BITALG+VBMI2+VNNI+VPOPCNTDQ,AVX512 IFMA+VBMI,AVX512 F+BW+CD+DQ+VL,AVX2+BMI1+BMI2+F16C+FMA+LZCNT+MOVBE,AVX,SSE3+SSSE3+SSE4.1+SSE4.2+POPCNT,X86Base+SSE+SSE2,AES+PCLMUL,AvxVnni VectorSize=256
// Job: ShortRun(InvocationCount=1, IterationCount=3, LaunchCount=1, UnrollFactor=1, WarmupCount=3)

OverheadJitting  1: 1 op, 302069.00 ns, 302.0690 us/op
WorkloadJitting  1: 1 op, 23773678.00 ns, 23.7737 ms/op

OverheadWarmup   1: 1 op, 521.00 ns, 521.0000 ns/op
OverheadWarmup   2: 1 op, 421.00 ns, 421.0000 ns/op
OverheadWarmup   3: 1 op, 391.00 ns, 391.0000 ns/op
OverheadWarmup   4: 1 op, 411.00 ns, 411.0000 ns/op
OverheadWarmup   5: 1 op, 391.00 ns, 391.0000 ns/op
OverheadWarmup   6: 1 op, 421.00 ns, 421.0000 ns/op
OverheadWarmup   7: 1 op, 400.00 ns, 400.0000 ns/op

OverheadActual   1: 1 op, 391.00 ns, 391.0000 ns/op
OverheadActual   2: 1 op, 391.00 ns, 391.0000 ns/op
OverheadActual   3: 1 op, 451.00 ns, 451.0000 ns/op
OverheadActual   4: 1 op, 411.00 ns, 411.0000 ns/op
OverheadActual   5: 1 op, 420.00 ns, 420.0000 ns/op
OverheadActual   6: 1 op, 370.00 ns, 370.0000 ns/op
OverheadActual   7: 1 op, 371.00 ns, 371.0000 ns/op
OverheadActual   8: 1 op, 491.00 ns, 491.0000 ns/op
OverheadActual   9: 1 op, 381.00 ns, 381.0000 ns/op
OverheadActual  10: 1 op, 401.00 ns, 401.0000 ns/op
OverheadActual  11: 1 op, 381.00 ns, 381.0000 ns/op
OverheadActual  12: 1 op, 351.00 ns, 351.0000 ns/op
OverheadActual  13: 1 op, 271.00 ns, 271.0000 ns/op
OverheadActual  14: 1 op, 270.00 ns, 270.0000 ns/op
OverheadActual  15: 1 op, 401.00 ns, 401.0000 ns/op
OverheadActual  16: 1 op, 400.00 ns, 400.0000 ns/op
OverheadActual  17: 1 op, 350.00 ns, 350.0000 ns/op
OverheadActual  18: 1 op, 350.00 ns, 350.0000 ns/op
OverheadActual  19: 1 op, 892.00 ns, 892.0000 ns/op
OverheadActual  20: 1 op, 391.00 ns, 391.0000 ns/op

WorkloadWarmup   1: 1 op, 4030635.00 ns, 4.0306 ms/op
WorkloadWarmup   2: 1 op, 3311941.00 ns, 3.3119 ms/op
WorkloadWarmup   3: 1 op, 3226369.00 ns, 3.2264 ms/op

// BeforeActualRun
WorkloadActual   1: 1 op, 3570197.00 ns, 3.5702 ms/op
WorkloadActual   2: 1 op, 3338140.00 ns, 3.3381 ms/op
WorkloadActual   3: 1 op, 3333111.00 ns, 3.3331 ms/op

// AfterActualRun
WorkloadResult   1: 1 op, 3569806.00 ns, 3.5698 ms/op
WorkloadResult   2: 1 op, 3337749.00 ns, 3.3377 ms/op
WorkloadResult   3: 1 op, 3332720.00 ns, 3.3327 ms/op
// GC:  0 0 0 836016 1
// Threading:  0 0 1

// AfterAll
// Benchmark Process 349638 has exited with code 0.

Mean = 3.413 ms, StdErr = 0.078 ms (2.29%), N = 3, StdDev = 0.135 ms
Min = 3.333 ms, Q1 = 3.335 ms, Median = 3.338 ms, Q3 = 3.454 ms, Max = 3.570 ms
IQR = 0.119 ms, LowerFence = 3.157 ms, UpperFence = 3.632 ms
ConfidenceInterval = [0.942 ms; 5.885 ms] (CI 99.9%), Margin = 2.471 ms (72.40% of Mean)
Skewness = 0.38, Kurtosis = 0.67, MValue = 2

// ** Remained 1 (2.2%) benchmark(s) to run. Estimated finish 2026-09-22 0:21 (0h 0m from now) **
// **************************
// Benchmark: SessionSetupDecompositionBenchmarks.ComponentC2_SessionConstructStartAsync: ShortRun(InvocationCount=1, IterationCount=3, LaunchCount=1, UnrollFactor=1, WarmupCount=3) [Sessions=1000]
// *** Execute ***
// Launch: 1 / 1
// Execute: dotnet WinForward.Benchmarks-ShortRun-1.dll --anonymousPipes 129 130 --benchmarkName "WinForward.Benchmarks.Perf.SessionSetupDecompositionBenchmarks.ComponentC2_SessionConstructStartAsync(Sessions: 1000)" --job ShortRun --benchmarkId 44 in /home/paff/Projects/WinForward/benchmarks/WinForward.Benchmarks/bin/Release/net10.0/WinForward.Benchmarks-ShortRun-1/bin/Release/net10.0
// Failed to set up high priority (Permission denied). In order to run benchmarks with high priority, make sure you have the right permissions.
// BeforeAnythingElse

// Benchmark Process Environment Information:
// BenchmarkDotNet v0.15.8
// Runtime=.NET 10.0.12 (10.0.12, 10.0.1226.42308), X64 RyuJIT x86-64-v4
// GC=Concurrent Workstation
// HardwareIntrinsics=AVX512 BITALG+VBMI2+VNNI+VPOPCNTDQ,AVX512 IFMA+VBMI,AVX512 F+BW+CD+DQ+VL,AVX2+BMI1+BMI2+F16C+FMA+LZCNT+MOVBE,AVX,SSE3+SSSE3+SSE4.1+SSE4.2+POPCNT,X86Base+SSE+SSE2,AES+PCLMUL,AvxVnni VectorSize=256
// Job: ShortRun(InvocationCount=1, IterationCount=3, LaunchCount=1, UnrollFactor=1, WarmupCount=3)

OverheadJitting  1: 1 op, 293162.00 ns, 293.1620 us/op
WorkloadJitting  1: 1 op, 38945957.00 ns, 38.9460 ms/op

OverheadWarmup   1: 1 op, 732.00 ns, 732.0000 ns/op
OverheadWarmup   2: 1 op, 391.00 ns, 391.0000 ns/op
OverheadWarmup   3: 1 op, 400.00 ns, 400.0000 ns/op
OverheadWarmup   4: 1 op, 381.00 ns, 381.0000 ns/op
OverheadWarmup   5: 1 op, 390.00 ns, 390.0000 ns/op
OverheadWarmup   6: 1 op, 301.00 ns, 301.0000 ns/op

OverheadActual   1: 1 op, 932.00 ns, 932.0000 ns/op
OverheadActual   2: 1 op, 441.00 ns, 441.0000 ns/op
OverheadActual   3: 1 op, 441.00 ns, 441.0000 ns/op
OverheadActual   4: 1 op, 451.00 ns, 451.0000 ns/op
OverheadActual   5: 1 op, 471.00 ns, 471.0000 ns/op
OverheadActual   6: 1 op, 381.00 ns, 381.0000 ns/op
OverheadActual   7: 1 op, 431.00 ns, 431.0000 ns/op
OverheadActual   8: 1 op, 400.00 ns, 400.0000 ns/op
OverheadActual   9: 1 op, 450.00 ns, 450.0000 ns/op
OverheadActual  10: 1 op, 451.00 ns, 451.0000 ns/op
OverheadActual  11: 1 op, 391.00 ns, 391.0000 ns/op
OverheadActual  12: 1 op, 290.00 ns, 290.0000 ns/op
OverheadActual  13: 1 op, 290.00 ns, 290.0000 ns/op
OverheadActual  14: 1 op, 300.00 ns, 300.0000 ns/op
OverheadActual  15: 1 op, 461.00 ns, 461.0000 ns/op
OverheadActual  16: 1 op, 742.00 ns, 742.0000 ns/op
OverheadActual  17: 1 op, 301.00 ns, 301.0000 ns/op
OverheadActual  18: 1 op, 421.00 ns, 421.0000 ns/op
OverheadActual  19: 1 op, 301.00 ns, 301.0000 ns/op
OverheadActual  20: 1 op, 311.00 ns, 311.0000 ns/op

WorkloadWarmup   1: 1 op, 5884929.00 ns, 5.8849 ms/op
WorkloadWarmup   2: 1 op, 3806202.00 ns, 3.8062 ms/op
WorkloadWarmup   3: 1 op, 3701916.00 ns, 3.7019 ms/op

// BeforeActualRun
WorkloadActual   1: 1 op, 5670806.00 ns, 5.6708 ms/op
WorkloadActual   2: 1 op, 3641552.00 ns, 3.6416 ms/op
WorkloadActual   3: 1 op, 3650689.00 ns, 3.6507 ms/op

// AfterActualRun
WorkloadResult   1: 1 op, 5670380.00 ns, 5.6704 ms/op
WorkloadResult   2: 1 op, 3641126.00 ns, 3.6411 ms/op
WorkloadResult   3: 1 op, 3650263.00 ns, 3.6503 ms/op
// GC:  0 0 0 2701864 1
// Threading:  0 0 1

// AfterAll
// Benchmark Process 349647 has exited with code 0.

Mean = 4.321 ms, StdErr = 0.675 ms (15.62%), N = 3, StdDev = 1.169 ms
Min = 3.641 ms, Q1 = 3.646 ms, Median = 3.650 ms, Q3 = 4.660 ms, Max = 5.670 ms
IQR = 1.015 ms, LowerFence = 2.124 ms, UpperFence = 6.182 ms
ConfidenceInterval = [-17.006 ms; 25.647 ms] (CI 99.9%), Margin = 21.326 ms (493.59% of Mean)
Skewness = 0.38, Kurtosis = 0.67, MValue = 2

// ** Remained 0 (0.0%) benchmark(s) to run. Estimated finish 2026-09-22 0:21 (0h 0m from now) **
// ***** BenchmarkRunner: Finish  *****

// * Export *
  BenchmarkDotNet.Artifacts/results/WinForward.Benchmarks.Perf.SessionSetupDecompositionBenchmarks-report.csv
  BenchmarkDotNet.Artifacts/results/WinForward.Benchmarks.Perf.SessionSetupDecompositionBenchmarks-report-github.md
  BenchmarkDotNet.Artifacts/results/WinForward.Benchmarks.Perf.SessionSetupDecompositionBenchmarks-report.html

// * Detailed results *
SessionSetupDecompositionBenchmarks.StageS0_CoordinatorOnly: ShortRun(InvocationCount=1, IterationCount=3, LaunchCount=1, UnrollFactor=1, WarmupCount=3) [Sessions=1]
Runtime = .NET 10.0.12 (10.0.12, 10.0.1226.42308), X64 RyuJIT x86-64-v4; GC = Concurrent Workstation
Mean = 23.354 us, StdErr = 11.842 us (50.71%), N = 3, StdDev = 20.511 us
Min = 11.491 us, Q1 = 11.511 us, Median = 11.532 us, Q3 = 29.285 us, Max = 47.038 us
IQR = 17.773 us, LowerFence = -15.149 us, UpperFence = 55.945 us
ConfidenceInterval = [-350.848 us; 397.555 us] (CI 99.9%), Margin = 374.201 us (1602.32% of Mean)
Skewness = 0.38, Kurtosis = 0.67, MValue = 2
-------------------- Histogram --------------------
[10.599 us ; 47.930 us) | @@@
---------------------------------------------------

SessionSetupDecompositionBenchmarks.StageS1_AdmissionOnlyAsync: ShortRun(InvocationCount=1, IterationCount=3, LaunchCount=1, UnrollFactor=1, WarmupCount=3) [Sessions=1]
Runtime = .NET 10.0.12 (10.0.12, 10.0.1226.42308), X64 RyuJIT x86-64-v4; GC = Concurrent Workstation
Mean = 46.501 us, StdErr = 12.068 us (25.95%), N = 3, StdDev = 20.902 us
Min = 34.064 us, Q1 = 34.434 us, Median = 34.805 us, Q3 = 52.719 us, Max = 70.633 us
IQR = 18.285 us, LowerFence = 7.008 us, UpperFence = 80.146 us
ConfidenceInterval = [-334.839 us; 427.840 us] (CI 99.9%), Margin = 381.339 us (820.07% of Mean)
Skewness = 0.38, Kurtosis = 0.67, MValue = 2
-------------------- Histogram --------------------
[33.326 us ; 71.371 us) | @@@
---------------------------------------------------

SessionSetupDecompositionBenchmarks.StageS2_SetupStartedAsync: ShortRun(InvocationCount=1, IterationCount=3, LaunchCount=1, UnrollFactor=1, WarmupCount=3) [Sessions=1]
Runtime = .NET 10.0.12 (10.0.12, 10.0.1226.42308), X64 RyuJIT x86-64-v4; GC = Concurrent Workstation
Mean = 72.086 ms, StdErr = 0.204 ms (0.28%), N = 3, StdDev = 0.353 ms
Min = 71.702 ms, Q1 = 71.931 ms, Median = 72.160 ms, Q3 = 72.278 ms, Max = 72.396 ms
IQR = 0.347 ms, LowerFence = 71.411 ms, UpperFence = 72.799 ms
ConfidenceInterval = [65.648 ms; 78.524 ms] (CI 99.9%), Margin = 6.438 ms (8.93% of Mean)
Skewness = -0.2, Kurtosis = 0.67, MValue = 2
-------------------- Histogram --------------------
[71.381 ms ; 72.717 ms) | @@@
---------------------------------------------------

SessionSetupDecompositionBenchmarks.StageS3_PipelineNoPayloadAsync: ShortRun(InvocationCount=1, IterationCount=3, LaunchCount=1, UnrollFactor=1, WarmupCount=3) [Sessions=1]
Runtime = .NET 10.0.12 (10.0.12, 10.0.1226.42308), X64 RyuJIT x86-64-v4; GC = Concurrent Workstation
Mean = 30.176 ms, StdErr = 0.497 ms (1.65%), N = 3, StdDev = 0.861 ms
Min = 29.228 ms, Q1 = 29.809 ms, Median = 30.390 ms, Q3 = 30.650 ms, Max = 30.909 ms
IQR = 0.841 ms, LowerFence = 28.548 ms, UpperFence = 31.911 ms
ConfidenceInterval = [14.468 ms; 45.883 ms] (CI 99.9%), Margin = 15.708 ms (52.05% of Mean)
Skewness = -0.23, Kurtosis = 0.67, MValue = 2
-------------------- Histogram --------------------
[28.444 ms ; 29.866 ms) | @
[29.866 ms ; 31.693 ms) | @@
---------------------------------------------------

SessionSetupDecompositionBenchmarks.StageS4_ReadinessTeardownOutsideAsync: ShortRun(InvocationCount=1, IterationCount=3, LaunchCount=1, UnrollFactor=1, WarmupCount=3) [Sessions=1]
Runtime = .NET 10.0.12 (10.0.12, 10.0.1226.42308), X64 RyuJIT x86-64-v4; GC = Concurrent Workstation
Mean = 30.115 ms, StdErr = 0.189 ms (0.63%), N = 3, StdDev = 0.328 ms
Min = 29.782 ms, Q1 = 29.954 ms, Median = 30.125 ms, Q3 = 30.282 ms, Max = 30.439 ms
IQR = 0.328 ms, LowerFence = 29.462 ms, UpperFence = 30.774 ms
ConfidenceInterval = [24.128 ms; 36.102 ms] (CI 99.9%), Margin = 5.987 ms (19.88% of Mean)
Skewness = -0.03, Kurtosis = 0.67, MValue = 2
-------------------- Histogram --------------------
[29.484 ms ; 30.585 ms) | @@@
---------------------------------------------------

SessionSetupDecompositionBenchmarks.StageS5_ReadinessTeardownInsideAsync: ShortRun(InvocationCount=1, IterationCount=3, LaunchCount=1, UnrollFactor=1, WarmupCount=3) [Sessions=1]
Runtime = .NET 10.0.12 (10.0.12, 10.0.1226.42308), X64 RyuJIT x86-64-v4; GC = Concurrent Workstation
Mean = 43.210 ms, StdErr = 0.113 ms (0.26%), N = 3, StdDev = 0.196 ms
Min = 43.050 ms, Q1 = 43.100 ms, Median = 43.151 ms, Q3 = 43.290 ms, Max = 43.429 ms
IQR = 0.190 ms, LowerFence = 42.816 ms, UpperFence = 43.574 ms
ConfidenceInterval = [39.627 ms; 46.792 ms] (CI 99.9%), Margin = 3.582 ms (8.29% of Mean)
Skewness = 0.27, Kurtosis = 0.67, MValue = 2
-------------------- Histogram --------------------
[42.871 ms ; 43.608 ms) | @@@
---------------------------------------------------

SessionSetupDecompositionBenchmarks.BaselineF_FakeTransportCreationAsync: ShortRun(InvocationCount=1, IterationCount=3, LaunchCount=1, UnrollFactor=1, WarmupCount=3) [Sessions=1]
Runtime = .NET 10.0.12 (10.0.12, 10.0.1226.42308), X64 RyuJIT x86-64-v4; GC = Concurrent Workstation
Mean = 5.942 us, StdErr = 0.696 us (11.72%), N = 3, StdDev = 1.206 us
Min = 5.221 us, Q1 = 5.246 us, Median = 5.271 us, Q3 = 6.303 us, Max = 7.335 us
IQR = 1.057 us, LowerFence = 3.660 us, UpperFence = 7.888 us
ConfidenceInterval = [-16.066 us; 27.951 us] (CI 99.9%), Margin = 22.008 us (370.36% of Mean)
Skewness = 0.38, Kurtosis = 0.67, MValue = 2
-------------------- Histogram --------------------
[5.180 us ; 7.376 us) | @@@
---------------------------------------------------

SessionSetupDecompositionBenchmarks.BaselineH_FlowKeyConstruction: ShortRun(InvocationCount=1, IterationCount=3, LaunchCount=1, UnrollFactor=1, WarmupCount=3) [Sessions=1]
Runtime = .NET 10.0.12 (10.0.12, 10.0.1226.42308), X64 RyuJIT x86-64-v4; GC = Concurrent Workstation
Mean = 13.577 us, StdErr = 0.577 us (4.25%), N = 3, StdDev = 1.000 us
Min = 12.538 us, Q1 = 13.099 us, Median = 13.660 us, Q3 = 14.096 us, Max = 14.532 us
IQR = 0.997 us, LowerFence = 11.604 us, UpperFence = 15.591 us
ConfidenceInterval = [-4.660 us; 31.813 us] (CI 99.9%), Margin = 18.237 us (134.32% of Mean)
Skewness = -0.08, Kurtosis = 0.67, MValue = 2
-------------------- Histogram --------------------
[11.628 us ; 13.186 us) | @
[13.186 us ; 15.006 us) | @@
---------------------------------------------------

SessionSetupDecompositionBenchmarks.ComponentC1_AssociationClaimRelease: ShortRun(InvocationCount=1, IterationCount=3, LaunchCount=1, UnrollFactor=1, WarmupCount=3) [Sessions=1]
Runtime = .NET 10.0.12 (10.0.12, 10.0.1226.42308), X64 RyuJIT x86-64-v4; GC = Concurrent Workstation
Mean = 24.392 us, StdErr = 1.251 us (5.13%), N = 3, StdDev = 2.167 us
Min = 22.122 us, Q1 = 23.369 us, Median = 24.616 us, Q3 = 25.527 us, Max = 26.439 us
IQR = 2.159 us, LowerFence = 20.131 us, UpperFence = 28.765 us
ConfidenceInterval = [-15.145 us; 63.930 us] (CI 99.9%), Margin = 39.537 us (162.09% of Mean)
Skewness = -0.1, Kurtosis = 0.67, MValue = 2
-------------------- Histogram --------------------
[20.150 us ; 23.555 us) | @
[23.555 us ; 27.500 us) | @@
---------------------------------------------------

SessionSetupDecompositionBenchmarks.ComponentC2_SessionConstructStartAsync: ShortRun(InvocationCount=1, IterationCount=3, LaunchCount=1, UnrollFactor=1, WarmupCount=3) [Sessions=1]
Runtime = .NET 10.0.12 (10.0.12, 10.0.1226.42308), X64 RyuJIT x86-64-v4; GC = Concurrent Workstation
Mean = 51.489 us, StdErr = 10.649 us (20.68%), N = 3, StdDev = 18.445 us
Min = 38.898 us, Q1 = 40.903 us, Median = 42.907 us, Q3 = 57.784 us, Max = 72.662 us
IQR = 16.881 us, LowerFence = 15.580 us, UpperFence = 83.106 us
ConfidenceInterval = [-285.021 us; 387.999 us] (CI 99.9%), Margin = 336.510 us (653.56% of Mean)
Skewness = 0.36, Kurtosis = 0.67, MValue = 2
-------------------- Histogram --------------------
[22.113 us ; 57.688 us) | @@
[57.688 us ; 89.447 us) | @
---------------------------------------------------

SessionSetupDecompositionBenchmarks.StageS0_CoordinatorOnly: ShortRun(InvocationCount=1, IterationCount=3, LaunchCount=1, UnrollFactor=1, WarmupCount=3) [Sessions=100]
Runtime = .NET 10.0.12 (10.0.12, 10.0.1226.42308), X64 RyuJIT x86-64-v4; GC = Concurrent Workstation
Mean = 37.381 us, StdErr = 23.135 us (61.89%), N = 3, StdDev = 40.070 us
Min = 12.774 us, Q1 = 14.262 us, Median = 15.751 us, Q3 = 49.684 us, Max = 83.618 us
IQR = 35.422 us, LowerFence = -38.870 us, UpperFence = 102.817 us
ConfidenceInterval = [-693.651 us; 768.413 us] (CI 99.9%), Margin = 731.032 us (1955.62% of Mean)
Skewness = 0.38, Kurtosis = 0.67, MValue = 2
-------------------- Histogram --------------------
[11.731 us ; 84.662 us) | @@@
---------------------------------------------------

SessionSetupDecompositionBenchmarks.StageS1_AdmissionOnlyAsync: ShortRun(InvocationCount=1, IterationCount=3, LaunchCount=1, UnrollFactor=1, WarmupCount=3) [Sessions=100]
Runtime = .NET 10.0.12 (10.0.12, 10.0.1226.42308), X64 RyuJIT x86-64-v4; GC = Concurrent Workstation
Mean = 214.574 us, StdErr = 1.375 us (0.64%), N = 3, StdDev = 2.381 us
Min = 212.600 us, Q1 = 213.251 us, Median = 213.903 us, Q3 = 215.561 us, Max = 217.219 us
IQR = 2.309 us, LowerFence = 209.787 us, UpperFence = 219.025 us
ConfidenceInterval = [171.127 us; 258.021 us] (CI 99.9%), Margin = 43.447 us (20.25% of Mean)
Skewness = 0.26, Kurtosis = 0.67, MValue = 2
-------------------- Histogram --------------------
[211.084 us ; 219.386 us) | @@@
---------------------------------------------------

SessionSetupDecompositionBenchmarks.StageS2_SetupStartedAsync: ShortRun(InvocationCount=1, IterationCount=3, LaunchCount=1, UnrollFactor=1, WarmupCount=3) [Sessions=100]
Runtime = .NET 10.0.12 (10.0.12, 10.0.1226.42308), X64 RyuJIT x86-64-v4; GC = Concurrent Workstation
Mean = 81.834 ms, StdErr = 3.361 ms (4.11%), N = 3, StdDev = 5.821 ms
Min = 77.694 ms, Q1 = 78.506 ms, Median = 79.319 ms, Q3 = 83.904 ms, Max = 88.489 ms
IQR = 5.398 ms, LowerFence = 70.410 ms, UpperFence = 92.001 ms
ConfidenceInterval = [-24.357 ms; 188.025 ms] (CI 99.9%), Margin = 106.191 ms (129.76% of Mean)
Skewness = 0.35, Kurtosis = 0.67, MValue = 2
-------------------- Histogram --------------------
[72.397 ms ; 83.804 ms) | @@
[83.804 ms ; 93.787 ms) | @
---------------------------------------------------

SessionSetupDecompositionBenchmarks.StageS3_PipelineNoPayloadAsync: ShortRun(InvocationCount=1, IterationCount=3, LaunchCount=1, UnrollFactor=1, WarmupCount=3) [Sessions=100]
Runtime = .NET 10.0.12 (10.0.12, 10.0.1226.42308), X64 RyuJIT x86-64-v4; GC = Concurrent Workstation
Mean = 41.782 ms, StdErr = 1.121 ms (2.68%), N = 3, StdDev = 1.941 ms
Min = 39.906 ms, Q1 = 40.782 ms, Median = 41.659 ms, Q3 = 42.721 ms, Max = 43.783 ms
IQR = 1.938 ms, LowerFence = 37.874 ms, UpperFence = 45.628 ms
ConfidenceInterval = [6.363 ms; 77.202 ms] (CI 99.9%), Margin = 35.419 ms (84.77% of Mean)
Skewness = 0.06, Kurtosis = 0.67, MValue = 2
-------------------- Histogram --------------------
[39.015 ms ; 42.549 ms) | @@
[42.549 ms ; 45.550 ms) | @
---------------------------------------------------

SessionSetupDecompositionBenchmarks.StageS4_ReadinessTeardownOutsideAsync: ShortRun(InvocationCount=1, IterationCount=3, LaunchCount=1, UnrollFactor=1, WarmupCount=3) [Sessions=100]
Runtime = .NET 10.0.12 (10.0.12, 10.0.1226.42308), X64 RyuJIT x86-64-v4; GC = Concurrent Workstation
Mean = 39.677 ms, StdErr = 1.224 ms (3.09%), N = 3, StdDev = 2.120 ms
Min = 38.345 ms, Q1 = 38.454 ms, Median = 38.564 ms, Q3 = 40.343 ms, Max = 42.122 ms
IQR = 1.889 ms, LowerFence = 35.621 ms, UpperFence = 43.176 ms
ConfidenceInterval = [0.996 ms; 78.358 ms] (CI 99.9%), Margin = 38.681 ms (97.49% of Mean)
Skewness = 0.38, Kurtosis = 0.67, MValue = 2
-------------------- Histogram --------------------
[38.304 ms ; 42.163 ms) | @@@
---------------------------------------------------

SessionSetupDecompositionBenchmarks.StageS5_ReadinessTeardownInsideAsync: ShortRun(InvocationCount=1, IterationCount=3, LaunchCount=1, UnrollFactor=1, WarmupCount=3) [Sessions=100]
Runtime = .NET 10.0.12 (10.0.12, 10.0.1226.42308), X64 RyuJIT x86-64-v4; GC = Concurrent Workstation
Mean = 57.613 ms, StdErr = 1.212 ms (2.10%), N = 3, StdDev = 2.098 ms
Min = 56.276 ms, Q1 = 56.403 ms, Median = 56.531 ms, Q3 = 58.281 ms, Max = 60.031 ms
IQR = 1.878 ms, LowerFence = 53.587 ms, UpperFence = 61.097 ms
ConfidenceInterval = [19.329 ms; 95.896 ms] (CI 99.9%), Margin = 38.284 ms (66.45% of Mean)
Skewness = 0.38, Kurtosis = 0.67, MValue = 2
-------------------- Histogram --------------------
[56.244 ms ; 60.063 ms) | @@@
---------------------------------------------------

SessionSetupDecompositionBenchmarks.BaselineF_FakeTransportCreationAsync: ShortRun(InvocationCount=1, IterationCount=3, LaunchCount=1, UnrollFactor=1, WarmupCount=3) [Sessions=100]
Runtime = .NET 10.0.12 (10.0.12, 10.0.1226.42308), X64 RyuJIT x86-64-v4; GC = Concurrent Workstation
Mean = 48.889 us, StdErr = 30.813 us (63.03%), N = 3, StdDev = 53.369 us
Min = 17.352 us, Q1 = 18.079 us, Median = 18.805 us, Q3 = 64.657 us, Max = 110.508 us
IQR = 46.578 us, LowerFence = -51.788 us, UpperFence = 134.524 us
ConfidenceInterval = [-924.763 us; 1,022.541 us] (CI 99.9%), Margin = 973.652 us (1991.56% of Mean)
Skewness = 0.38, Kurtosis = 0.67, MValue = 2
-------------------- Histogram --------------------
[15.363 us ; 112.498 us) | @@@
---------------------------------------------------

SessionSetupDecompositionBenchmarks.BaselineH_FlowKeyConstruction: ShortRun(InvocationCount=1, IterationCount=3, LaunchCount=1, UnrollFactor=1, WarmupCount=3) [Sessions=100]
Runtime = .NET 10.0.12 (10.0.12, 10.0.1226.42308), X64 RyuJIT x86-64-v4; GC = Concurrent Workstation
Mean = 115.542 us, StdErr = 22.439 us (19.42%), N = 3, StdDev = 38.865 us
Min = 72.110 us, Q1 = 99.793 us, Median = 127.475 us, Q3 = 137.258 us, Max = 147.042 us
IQR = 37.466 us, LowerFence = 43.593 us, UpperFence = 193.458 us
ConfidenceInterval = [-593.501 us; 824.586 us] (CI 99.9%), Margin = 709.043 us (613.67% of Mean)
Skewness = -0.28, Kurtosis = 0.67, MValue = 2
-------------------- Histogram --------------------
[ 36.741 us ; 101.890 us) | @
[101.890 us ; 182.411 us) | @@
---------------------------------------------------

SessionSetupDecompositionBenchmarks.ComponentC1_AssociationClaimRelease: ShortRun(InvocationCount=1, IterationCount=3, LaunchCount=1, UnrollFactor=1, WarmupCount=3) [Sessions=100]
Runtime = .NET 10.0.12 (10.0.12, 10.0.1226.42308), X64 RyuJIT x86-64-v4; GC = Concurrent Workstation
Mean = 409.208 us, StdErr = 9.845 us (2.41%), N = 3, StdDev = 17.053 us
Min = 392.870 us, Q1 = 400.364 us, Median = 407.858 us, Q3 = 417.377 us, Max = 426.895 us
IQR = 17.012 us, LowerFence = 374.845 us, UpperFence = 442.895 us
ConfidenceInterval = [98.105 us; 720.311 us] (CI 99.9%), Margin = 311.103 us (76.03% of Mean)
Skewness = 0.08, Kurtosis = 0.67, MValue = 2
-------------------- Histogram --------------------
[384.846 us ; 415.882 us) | @@
[415.882 us ; 442.413 us) | @
---------------------------------------------------

SessionSetupDecompositionBenchmarks.ComponentC2_SessionConstructStartAsync: ShortRun(InvocationCount=1, IterationCount=3, LaunchCount=1, UnrollFactor=1, WarmupCount=3) [Sessions=100]
Runtime = .NET 10.0.12 (10.0.12, 10.0.1226.42308), X64 RyuJIT x86-64-v4; GC = Concurrent Workstation
Mean = 409.316 us, StdErr = 60.598 us (14.80%), N = 3, StdDev = 104.959 us
Min = 346.938 us, Q1 = 348.726 us, Median = 350.515 us, Q3 = 440.505 us, Max = 530.495 us
IQR = 91.778 us, LowerFence = 211.059 us, UpperFence = 578.173 us
ConfidenceInterval = [-1,505.533 us; 2,324.165 us] (CI 99.9%), Margin = 1,914.849 us (467.82% of Mean)
Skewness = 0.38, Kurtosis = 0.67, MValue = 2
-------------------- Histogram --------------------
[343.200 us ; 534.233 us) | @@@
---------------------------------------------------

SessionSetupDecompositionBenchmarks.StageS0_CoordinatorOnly: ShortRun(InvocationCount=1, IterationCount=3, LaunchCount=1, UnrollFactor=1, WarmupCount=3) [Sessions=1000]
Runtime = .NET 10.0.12 (10.0.12, 10.0.1226.42308), X64 RyuJIT x86-64-v4; GC = Concurrent Workstation
Mean = 73.240 us, StdErr = 15.271 us (20.85%), N = 3, StdDev = 26.450 us
Min = 56.081 us, Q1 = 58.010 us, Median = 59.938 us, Q3 = 81.820 us, Max = 103.701 us
IQR = 23.809 us, LowerFence = 22.296 us, UpperFence = 117.534 us
ConfidenceInterval = [-409.303 us; 555.783 us] (CI 99.9%), Margin = 482.543 us (658.85% of Mean)
Skewness = 0.38, Kurtosis = 0.67, MValue = 2
-------------------- Histogram --------------------
[55.821 us ; 103.961 us) | @@@
---------------------------------------------------

SessionSetupDecompositionBenchmarks.StageS1_AdmissionOnlyAsync: ShortRun(InvocationCount=1, IterationCount=3, LaunchCount=1, UnrollFactor=1, WarmupCount=3) [Sessions=1000]
Runtime = .NET 10.0.12 (10.0.12, 10.0.1226.42308), X64 RyuJIT x86-64-v4; GC = Concurrent Workstation
Mean = 2.779 ms, StdErr = 0.268 ms (9.63%), N = 3, StdDev = 0.464 ms
Min = 2.245 ms, Q1 = 2.626 ms, Median = 3.008 ms, Q3 = 3.046 ms, Max = 3.084 ms
IQR = 0.419 ms, LowerFence = 1.998 ms, UpperFence = 3.674 ms
ConfidenceInterval = [-5.680 ms; 11.237 ms] (CI 99.9%), Margin = 8.459 ms (304.40% of Mean)
Skewness = -0.37, Kurtosis = 0.67, MValue = 2
-------------------- Histogram --------------------
[2.242 ms ; 3.086 ms) | @@@
---------------------------------------------------

SessionSetupDecompositionBenchmarks.StageS2_SetupStartedAsync: ShortRun(InvocationCount=1, IterationCount=3, LaunchCount=1, UnrollFactor=1, WarmupCount=3) [Sessions=1000]
Runtime = .NET 10.0.12 (10.0.12, 10.0.1226.42308), X64 RyuJIT x86-64-v4; GC = Concurrent Workstation
Mean = 81.650 ms, StdErr = 0.672 ms (0.82%), N = 3, StdDev = 1.163 ms
Min = 80.565 ms, Q1 = 81.037 ms, Median = 81.509 ms, Q3 = 82.193 ms, Max = 82.878 ms
IQR = 1.157 ms, LowerFence = 79.302 ms, UpperFence = 83.928 ms
ConfidenceInterval = [60.432 ms; 102.869 ms] (CI 99.9%), Margin = 21.219 ms (25.99% of Mean)
Skewness = 0.12, Kurtosis = 0.67, MValue = 2
-------------------- Histogram --------------------
[79.978 ms ; 82.095 ms) | @@
[82.095 ms ; 83.936 ms) | @
---------------------------------------------------

SessionSetupDecompositionBenchmarks.StageS3_PipelineNoPayloadAsync: ShortRun(InvocationCount=1, IterationCount=3, LaunchCount=1, UnrollFactor=1, WarmupCount=3) [Sessions=1000]
Runtime = .NET 10.0.12 (10.0.12, 10.0.1226.42308), X64 RyuJIT x86-64-v4; GC = Concurrent Workstation
Mean = 57.309 ms, StdErr = 1.283 ms (2.24%), N = 3, StdDev = 2.223 ms
Min = 55.896 ms, Q1 = 56.028 ms, Median = 56.160 ms, Q3 = 58.016 ms, Max = 59.871 ms
IQR = 1.987 ms, LowerFence = 53.047 ms, UpperFence = 60.997 ms
ConfidenceInterval = [16.761 ms; 97.857 ms] (CI 99.9%), Margin = 40.548 ms (70.75% of Mean)
Skewness = 0.38, Kurtosis = 0.67, MValue = 2
-------------------- Histogram --------------------
[55.861 ms ; 59.906 ms) | @@@
---------------------------------------------------

SessionSetupDecompositionBenchmarks.StageS4_ReadinessTeardownOutsideAsync: ShortRun(InvocationCount=1, IterationCount=3, LaunchCount=1, UnrollFactor=1, WarmupCount=3) [Sessions=1000]
Runtime = .NET 10.0.12 (10.0.12, 10.0.1226.42308), X64 RyuJIT x86-64-v4; GC = Concurrent Workstation
Mean = 65.434 ms, StdErr = 0.798 ms (1.22%), N = 3, StdDev = 1.383 ms
Min = 64.622 ms, Q1 = 64.636 ms, Median = 64.649 ms, Q3 = 65.840 ms, Max = 67.031 ms
IQR = 1.205 ms, LowerFence = 62.829 ms, UpperFence = 67.647 ms
ConfidenceInterval = [40.202 ms; 90.666 ms] (CI 99.9%), Margin = 25.232 ms (38.56% of Mean)
Skewness = 0.38, Kurtosis = 0.67, MValue = 2
-------------------- Histogram --------------------
[64.568 ms ; 67.085 ms) | @@@
---------------------------------------------------

SessionSetupDecompositionBenchmarks.StageS5_ReadinessTeardownInsideAsync: ShortRun(InvocationCount=1, IterationCount=3, LaunchCount=1, UnrollFactor=1, WarmupCount=3) [Sessions=1000]
Runtime = .NET 10.0.12 (10.0.12, 10.0.1226.42308), X64 RyuJIT x86-64-v4; GC = Concurrent Workstation
Mean = 84.752 ms, StdErr = 3.081 ms (3.64%), N = 3, StdDev = 5.337 ms
Min = 78.847 ms, Q1 = 82.513 ms, Median = 86.179 ms, Q3 = 87.705 ms, Max = 89.231 ms
IQR = 5.192 ms, LowerFence = 74.724 ms, UpperFence = 95.494 ms
ConfidenceInterval = [-12.620 ms; 182.124 ms] (CI 99.9%), Margin = 97.372 ms (114.89% of Mean)
Skewness = -0.25, Kurtosis = 0.67, MValue = 2
-------------------- Histogram --------------------
[73.990 ms ; 82.848 ms) | @
[82.848 ms ; 94.088 ms) | @@
---------------------------------------------------

SessionSetupDecompositionBenchmarks.BaselineF_FakeTransportCreationAsync: ShortRun(InvocationCount=1, IterationCount=3, LaunchCount=1, UnrollFactor=1, WarmupCount=3) [Sessions=1000]
Runtime = .NET 10.0.12 (10.0.12, 10.0.1226.42308), X64 RyuJIT x86-64-v4; GC = Concurrent Workstation
Mean = 185.997 us, StdErr = 47.657 us (25.62%), N = 3, StdDev = 82.544 us
Min = 121.118 us, Q1 = 139.542 us, Median = 157.967 us, Q3 = 218.436 us, Max = 278.905 us
IQR = 78.894 us, LowerFence = 21.202 us, UpperFence = 336.776 us
ConfidenceInterval = [-1,319.904 us; 1,691.898 us] (CI 99.9%), Margin = 1,505.901 us (809.64% of Mean)
Skewness = 0.3, Kurtosis = 0.67, MValue = 2
-------------------- Histogram --------------------
[ 64.425 us ; 214.660 us) | @@
[214.660 us ; 354.023 us) | @
---------------------------------------------------

SessionSetupDecompositionBenchmarks.BaselineH_FlowKeyConstruction: ShortRun(InvocationCount=1, IterationCount=3, LaunchCount=1, UnrollFactor=1, WarmupCount=3) [Sessions=1000]
Runtime = .NET 10.0.12 (10.0.12, 10.0.1226.42308), X64 RyuJIT x86-64-v4; GC = Concurrent Workstation
Mean = 674.674 us, StdErr = 33.368 us (4.95%), N = 3, StdDev = 57.796 us
Min = 608.046 us, Q1 = 656.371 us, Median = 704.697 us, Q3 = 707.989 us, Max = 711.280 us
IQR = 51.617 us, LowerFence = 578.946 us, UpperFence = 785.414 us
ConfidenceInterval = [-379.733 us; 1,729.082 us] (CI 99.9%), Margin = 1,054.407 us (156.28% of Mean)
Skewness = -0.38, Kurtosis = 0.67, MValue = 2
-------------------- Histogram --------------------
[607.067 us ; 712.259 us) | @@@
---------------------------------------------------

SessionSetupDecompositionBenchmarks.ComponentC1_AssociationClaimRelease: ShortRun(InvocationCount=1, IterationCount=3, LaunchCount=1, UnrollFactor=1, WarmupCount=3) [Sessions=1000]
Runtime = .NET 10.0.12 (10.0.12, 10.0.1226.42308), X64 RyuJIT x86-64-v4; GC = Concurrent Workstation
Mean = 3.413 ms, StdErr = 0.078 ms (2.29%), N = 3, StdDev = 0.135 ms
Min = 3.333 ms, Q1 = 3.335 ms, Median = 3.338 ms, Q3 = 3.454 ms, Max = 3.570 ms
IQR = 0.119 ms, LowerFence = 3.157 ms, UpperFence = 3.632 ms
ConfidenceInterval = [0.942 ms; 5.885 ms] (CI 99.9%), Margin = 2.471 ms (72.40% of Mean)
Skewness = 0.38, Kurtosis = 0.67, MValue = 2
-------------------- Histogram --------------------
[3.328 ms ; 3.575 ms) | @@@
---------------------------------------------------

SessionSetupDecompositionBenchmarks.ComponentC2_SessionConstructStartAsync: ShortRun(InvocationCount=1, IterationCount=3, LaunchCount=1, UnrollFactor=1, WarmupCount=3) [Sessions=1000]
Runtime = .NET 10.0.12 (10.0.12, 10.0.1226.42308), X64 RyuJIT x86-64-v4; GC = Concurrent Workstation
Mean = 4.321 ms, StdErr = 0.675 ms (15.62%), N = 3, StdDev = 1.169 ms
Min = 3.641 ms, Q1 = 3.646 ms, Median = 3.650 ms, Q3 = 4.660 ms, Max = 5.670 ms
IQR = 1.015 ms, LowerFence = 2.124 ms, UpperFence = 6.182 ms
ConfidenceInterval = [-17.006 ms; 25.647 ms] (CI 99.9%), Margin = 21.326 ms (493.59% of Mean)
Skewness = 0.38, Kurtosis = 0.67, MValue = 2
-------------------- Histogram --------------------
[3.592 ms ; 5.720 ms) | @@@
---------------------------------------------------

// * Summary *

BenchmarkDotNet v0.15.8, Linux NixOS 26.11 (Zokor)
AMD Ryzen 9 9955HX 2.50GHz, 1 CPU, 32 logical and 16 physical cores
.NET SDK 10.0.401
  [Host]   : .NET 10.0.12 (10.0.12, 10.0.1226.42308), X64 RyuJIT x86-64-v4
  ShortRun : .NET 10.0.12 (10.0.12, 10.0.1226.42308), X64 RyuJIT x86-64-v4

Job=ShortRun  InvocationCount=1  IterationCount=3  
LaunchCount=1  UnrollFactor=1  WarmupCount=3  

| Method                                 | Sessions | Mean          | Error          | StdDev        | Median        | Allocated |
|--------------------------------------- |--------- |--------------:|---------------:|--------------:|--------------:|----------:|
| StageS0_CoordinatorOnly                | 1        |     23.354 us |     374.201 us |    20.5112 us |     11.532 us |    8280 B |
| StageS1_AdmissionOnlyAsync             | 1        |     46.501 us |     381.339 us |    20.9025 us |     34.805 us |    7176 B |
| StageS2_SetupStartedAsync              | 1        | 72,086.170 us |   6,437.907 us |   352.8834 us | 72,160.273 us |   34824 B |
| StageS3_PipelineNoPayloadAsync         | 1        | 30,175.641 us |  15,707.830 us |   860.9992 us | 30,390.126 us |   36672 B |
| StageS4_ReadinessTeardownOutsideAsync  | 1        | 30,115.334 us |   5,986.904 us |   328.1624 us | 30,125.050 us |   33248 B |
| StageS5_ReadinessTeardownInsideAsync   | 1        | 43,209.810 us |   3,582.412 us |   196.3641 us | 43,150.885 us |  100472 B |
| BaselineF_FakeTransportCreationAsync   | 1        |      5.942 us |      22.008 us |     1.2063 us |      5.271 us |     136 B |
| BaselineH_FlowKeyConstruction          | 1        |     13.577 us |      18.237 us |     0.9996 us |     13.660 us |     352 B |
| ComponentC1_AssociationClaimRelease    | 1        |     24.392 us |      39.537 us |     2.1672 us |     24.616 us |    2120 B |
| ComponentC2_SessionConstructStartAsync | 1        |     51.489 us |     336.510 us |    18.4453 us |     42.907 us |    5832 B |
| StageS0_CoordinatorOnly                | 100      |     37.381 us |     731.032 us |    40.0703 us |     15.751 us |   54456 B |
| StageS1_AdmissionOnlyAsync             | 100      |    214.574 us |      43.447 us |     2.3815 us |    213.903 us |  134928 B |
| StageS2_SetupStartedAsync              | 100      | 81,834.158 us | 106,191.083 us | 5,820.6916 us | 79,319.129 us |  221104 B |
| StageS3_PipelineNoPayloadAsync         | 100      | 41,782.412 us |  35,419.400 us | 1,941.4568 us | 41,658.545 us |  557056 B |
| StageS4_ReadinessTeardownOutsideAsync  | 100      | 39,676.906 us |  38,681.311 us | 2,120.2532 us | 38,564.216 us |  467128 B |
| StageS5_ReadinessTeardownInsideAsync   | 100      | 57,612.659 us |  38,283.802 us | 2,098.4644 us | 56,530.522 us |  745792 B |
| BaselineF_FakeTransportCreationAsync   | 100      |     48.889 us |     973.652 us |    53.3691 us |     18.805 us |   10432 B |
| BaselineH_FlowKeyConstruction          | 100      |    115.542 us |     709.043 us |    38.8651 us |    127.475 us |   35200 B |
| ComponentC1_AssociationClaimRelease    | 100      |    409.208 us |     311.103 us |    17.0526 us |    407.858 us |   82800 B |
| ComponentC2_SessionConstructStartAsync | 100      |    409.316 us |   1,914.849 us |   104.9593 us |    350.515 us |  271048 B |
| StageS0_CoordinatorOnly                | 1000     |     73.240 us |     482.543 us |    26.4498 us |     59.938 us |  496680 B |
| StageS1_AdmissionOnlyAsync             | 1000     |  2,778.774 us |   8,458.710 us |   463.6505 us |  3,007.592 us | 1323552 B |
| StageS2_SetupStartedAsync              | 1000     | 81,650.437 us |  21,218.848 us | 1,163.0766 us | 81,508.664 us | 1352664 B |
| StageS3_PipelineNoPayloadAsync         | 1000     | 57,309.255 us |  40,548.088 us | 2,222.5775 us | 56,160.324 us | 3689008 B |
| StageS4_ReadinessTeardownOutsideAsync  | 1000     | 65,433.999 us |  25,231.595 us | 1,383.0289 us | 64,649.492 us | 4262336 B |
| StageS5_ReadinessTeardownInsideAsync   | 1000     | 84,752.262 us |  97,371.885 us | 5,337.2816 us | 86,178.914 us | 6585640 B |
| BaselineF_FakeTransportCreationAsync   | 1000     |    185.997 us |   1,505.901 us |    82.5435 us |    157.967 us |  104032 B |
| BaselineH_FlowKeyConstruction          | 1000     |    674.674 us |   1,054.407 us |    57.7956 us |    704.697 us |  356800 B |
| ComponentC1_AssociationClaimRelease    | 1000     |  3,413.425 us |   2,471.172 us |   135.4533 us |  3,337.749 us |  836016 B |
| ComponentC2_SessionConstructStartAsync | 1000     |  4,320.590 us |  21,326.212 us | 1,168.9616 us |  3,650.263 us | 2701864 B |

// * Warnings *
MinIterationTime
  SessionSetupDecompositionBenchmarks.StageS0_CoordinatorOnly: ShortRun                -> The minimum observed iteration time is 11.902us which is very small. It's recommended to increase it to at least 100ms using more operations.
  SessionSetupDecompositionBenchmarks.StageS1_AdmissionOnlyAsync: ShortRun             -> The minimum observed iteration time is 34.465us which is very small. It's recommended to increase it to at least 100ms using more operations.
  SessionSetupDecompositionBenchmarks.StageS2_SetupStartedAsync: ShortRun              -> The minimum observed iteration time is 71.703ms which is very small. It's recommended to increase it to at least 100ms using more operations.
  SessionSetupDecompositionBenchmarks.StageS3_PipelineNoPayloadAsync: ShortRun         -> The minimum observed iteration time is 29.228ms which is very small. It's recommended to increase it to at least 100ms using more operations.
  SessionSetupDecompositionBenchmarks.StageS4_ReadinessTeardownOutsideAsync: ShortRun  -> The minimum observed iteration time is 29.783ms which is very small. It's recommended to increase it to at least 100ms using more operations.
  SessionSetupDecompositionBenchmarks.StageS5_ReadinessTeardownInsideAsync: ShortRun   -> The minimum observed iteration time is 43.05ms which is very small. It's recommended to increase it to at least 100ms using more operations.
  SessionSetupDecompositionBenchmarks.BaselineF_FakeTransportCreationAsync: ShortRun   -> The minimum observed iteration time is 5.591us which is very small. It's recommended to increase it to at least 100ms using more operations.
  SessionSetupDecompositionBenchmarks.BaselineH_FlowKeyConstruction: ShortRun          -> The minimum observed iteration time is 12.854us which is very small. It's recommended to increase it to at least 100ms using more operations.
  SessionSetupDecompositionBenchmarks.ComponentC1_AssociationClaimRelease: ShortRun    -> The minimum observed iteration time is 22.513us which is very small. It's recommended to increase it to at least 100ms using more operations.
  SessionSetupDecompositionBenchmarks.ComponentC2_SessionConstructStartAsync: ShortRun -> The minimum observed iteration time is 39.294us which is very small. It's recommended to increase it to at least 100ms using more operations.
  SessionSetupDecompositionBenchmarks.StageS0_CoordinatorOnly: ShortRun                -> The minimum observed iteration time is 13.225us which is very small. It's recommended to increase it to at least 100ms using more operations.
  SessionSetupDecompositionBenchmarks.StageS1_AdmissionOnlyAsync: ShortRun             -> The minimum observed iteration time is 213.011us which is very small. It's recommended to increase it to at least 100ms using more operations.
  SessionSetupDecompositionBenchmarks.StageS2_SetupStartedAsync: ShortRun              -> The minimum observed iteration time is 77.694ms which is very small. It's recommended to increase it to at least 100ms using more operations.
  SessionSetupDecompositionBenchmarks.StageS3_PipelineNoPayloadAsync: ShortRun         -> The minimum observed iteration time is 39.906ms which is very small. It's recommended to increase it to at least 100ms using more operations.
  SessionSetupDecompositionBenchmarks.StageS4_ReadinessTeardownOutsideAsync: ShortRun  -> The minimum observed iteration time is 38.345ms which is very small. It's recommended to increase it to at least 100ms using more operations.
  SessionSetupDecompositionBenchmarks.StageS5_ReadinessTeardownInsideAsync: ShortRun   -> The minimum observed iteration time is 56.277ms which is very small. It's recommended to increase it to at least 100ms using more operations.
  SessionSetupDecompositionBenchmarks.BaselineF_FakeTransportCreationAsync: ShortRun   -> The minimum observed iteration time is 17.763us which is very small. It's recommended to increase it to at least 100ms using more operations.
  SessionSetupDecompositionBenchmarks.BaselineH_FlowKeyConstruction: ShortRun          -> The minimum observed iteration time is 72.536us which is very small. It's recommended to increase it to at least 100ms using more operations.
  SessionSetupDecompositionBenchmarks.ComponentC1_AssociationClaimRelease: ShortRun    -> The minimum observed iteration time is 393.281us which is very small. It's recommended to increase it to at least 100ms using more operations.
  SessionSetupDecompositionBenchmarks.ComponentC2_SessionConstructStartAsync: ShortRun -> The minimum observed iteration time is 347.334us which is very small. It's recommended to increase it to at least 100ms using more operations.
  SessionSetupDecompositionBenchmarks.StageS0_CoordinatorOnly: ShortRun                -> The minimum observed iteration time is 56.487us which is very small. It's recommended to increase it to at least 100ms using more operations.
  SessionSetupDecompositionBenchmarks.StageS1_AdmissionOnlyAsync: ShortRun             -> The minimum observed iteration time is 2.246ms which is very small. It's recommended to increase it to at least 100ms using more operations.
  SessionSetupDecompositionBenchmarks.StageS2_SetupStartedAsync: ShortRun              -> The minimum observed iteration time is 80.565ms which is very small. It's recommended to increase it to at least 100ms using more operations.
  SessionSetupDecompositionBenchmarks.StageS3_PipelineNoPayloadAsync: ShortRun         -> The minimum observed iteration time is 55.897ms which is very small. It's recommended to increase it to at least 100ms using more operations.
  SessionSetupDecompositionBenchmarks.StageS4_ReadinessTeardownOutsideAsync: ShortRun  -> The minimum observed iteration time is 64.622ms which is very small. It's recommended to increase it to at least 100ms using more operations.
  SessionSetupDecompositionBenchmarks.StageS5_ReadinessTeardownInsideAsync: ShortRun   -> The minimum observed iteration time is 78.847ms which is very small. It's recommended to increase it to at least 100ms using more operations.
  SessionSetupDecompositionBenchmarks.BaselineF_FakeTransportCreationAsync: ShortRun   -> The minimum observed iteration time is 121.519us which is very small. It's recommended to increase it to at least 100ms using more operations.
  SessionSetupDecompositionBenchmarks.BaselineH_FlowKeyConstruction: ShortRun          -> The minimum observed iteration time is 608.437us which is very small. It's recommended to increase it to at least 100ms using more operations.
  SessionSetupDecompositionBenchmarks.ComponentC1_AssociationClaimRelease: ShortRun    -> The minimum observed iteration time is 3.333ms which is very small. It's recommended to increase it to at least 100ms using more operations.
  SessionSetupDecompositionBenchmarks.ComponentC2_SessionConstructStartAsync: ShortRun -> The minimum observed iteration time is 3.642ms which is very small. It's recommended to increase it to at least 100ms using more operations.

// * Legends *
  Sessions  : Value of the 'Sessions' parameter
  Mean      : Arithmetic mean of all measurements
  Error     : Half of 99.9% confidence interval
  StdDev    : Standard deviation of all measurements
  Median    : Value separating the higher half of all measurements (50th percentile)
  Allocated : Allocated memory per single operation (managed only, inclusive, 1KB = 1024B)
  1 us      : 1 Microsecond (0.000001 sec)

// * Diagnostic Output - MemoryDiagnoser *


// ***** BenchmarkRunner: End *****
Run time: 00:00:17 (17.69 sec), executed benchmarks: 30

Global total time: 00:03:26 (206.3 sec), executed benchmarks: 45
// * Artifacts cleanup *
Artifacts cleanup is finished
